file_path,true_label,coded_true_label,votes_percentage,prediction,query_file_path,top_label_1,top_label_2,top_label_3,top_label_4,top_label_5,top_label_6,top_path_1,top_path_2,top_path_3,top_path_4,top_path_5,top_path_6,top_cosine_1,top_cosine_2,top_cosine_3,top_cosine_4,top_cosine_5,top_cosine_6
data/fer2013/PublicTest/disgust/disgust_PublicTest_28710.png,contempt,7,0.75,neutral,data/fer2013/PublicTest/disgust/disgust_PublicTest_28710.png,neutral,sad,sad,disgust,neutral,neutral,data/fer2013/Training/sad/sad_Training_9066.png,data/fer2013/Training/sad/sad_Training_24606.png,data/fer2013/Training/fear/fear_Training_27712.png,data/fer2013/Training/fear/fear_Training_25530.png,data/fer2013/Training/neutral/neutral_Training_23272.png,data/fer2013/Training/sad/sad_Training_21929.png,0.9557579755783081,0.9432555437088013,0.9357344508171082,0.9323402047157288,0.9317753314971924,0.9278812408447266
data/fer2013/PublicTest/sad/sad_PublicTest_28711.png,neutral,6,0.778,neutral,data/fer2013/PublicTest/sad/sad_PublicTest_28711.png,neutral,neutral,neutral,neutral,neutral,neutral,data/fer2013/Training/angry/angry_Training_19360.png,data/fer2013/Training/neutral/neutral_Training_26154.png,data/fer2013/Training/neutral/neutral_Training_16471.png,data/fer2013/Training/neutral/neutral_Training_10923.png,data/fer2013/Training/sad/sad_Training_20914.png,data/fer2013/Training/sad/sad_Training_24234.png,0.9890401363372803,0.9807814359664917,0.9807814359664917,0.9801575541496277,0.9788490533828735,0.9725284576416016
data/fer2013/PublicTest/happy/happy_PublicTest_28713.png,happy,3,1.0,happy,data/fer2013/PublicTest/happy/happy_PublicTest_28713.png,happy,happy,happy,happy,happy,happy,data/fer2013/Training/happy/happy_Training_21098.png,data/fer2013/Training/happy/happy_Training_6095.png,data/fer2013/Training/happy/happy_Training_14730.png,data/fer2013/Training/happy/happy_Training_167.png,data/fer2013/Training/happy/happy_Training_8940.png,data/fer2013/Training/happy/happy_Training_20889.png,0.9972323775291443,0.9969303011894226,0.9964285492897034,0.996339738368988,0.9963268041610718,0.995898962020874
data/fer2013/PublicTest/happy/happy_PublicTest_28714.png,happy,3,1.0,happy,data/fer2013/PublicTest/happy/happy_PublicTest_28714.png,happy,happy,happy,happy,happy,happy,data/fer2013/Training/happy/happy_Training_18245.png,data/fer2013/Training/happy/happy_Training_27638.png,data/fer2013/Training/happy/happy_Training_21625.png,data/fer2013/Training/happy/happy_Training_3923.png,data/fer2013/Training/happy/happy_Training_7446.png,data/fer2013/Training/happy/happy_Training_4171.png,0.9903971552848816,0.9903971552848816,0.9903971552848816,0.9836090207099915,0.9831089973449707,0.9818506836891174
data/fer2013/PublicTest/fear/fear_PublicTest_28715.png,sad,4,0.667,surprise,data/fer2013/PublicTest/fear/fear_PublicTest_28715.png,sad,surprise,happy,angry,surprise,surprise,data/fer2013/Training/fear/fear_Training_16841.png,data/fer2013/Training/happy/happy_Training_14345.png,data/fer2013/Training/happy/happy_Training_28363.png,data/fer2013/Training/fear/fear_Training_14443.png,data/fer2013/Training/surprise/surprise_Training_25229.png,data/fer2013/Training/surprise/surprise_Training_20515.png,0.9422786831855774,0.9407578110694885,0.9292016625404358,0.9195152521133423,0.9193155765533447,0.9187366962432861
data/fer2013/PublicTest/angry/angry_PublicTest_28716.png,neutral,6,1.0,neutral,data/fer2013/PublicTest/angry/angry_PublicTest_28716.png,neutral,neutral,neutral,neutral,neutral,neutral,data/fer2013/Training/neutral/neutral_Training_4752.png,data/fer2013/Training/sad/sad_Training_13421.png,data/fer2013/Training/sad/sad_Training_14372.png,data/fer2013/Training/neutral/neutral_Training_13132.png,data/fer2013/Training/neutral/neutral_Training_10725.png,data/fer2013/Training/neutral/neutral_Training_18208.png,0.9938832521438599,0.9913389086723328,0.989834725856781,0.9874564409255981,0.9866308569908142,0.9861370921134949
data/fer2013/PublicTest/angry/angry_PublicTest_28718.png,neutral,6,1.0,neutral,data/fer2013/PublicTest/angry/angry_PublicTest_28718.png,neutral,neutral,neutral,neutral,neutral,neutral,data/fer2013/Training/neutral/neutral_Training_21894.png,data/fer2013/Training/fear/fear_Training_27855.png,data/fer2013/Training/angry/angry_Training_10592.png,data/fer2013/Training/neutral/neutral_Training_3677.png,data/fer2013/Training/surprise/surprise_Training_13031.png,data/fer2013/Training/angry/angry_Training_26162.png,0.9589676260948181,0.9553574919700623,0.9399046897888184,0.9380208253860474,0.9329997301101685,0.9196094274520874
data/fer2013/PublicTest/happy/happy_PublicTest_28719.png,happy,3,1.0,happy,data/fer2013/PublicTest/happy/happy_PublicTest_28719.png,happy,happy,happy,happy,happy,happy,data/fer2013/Training/happy/happy_Training_11507.png,data/fer2013/Training/happy/happy_Training_27116.png,data/fer2013/Training/happy/happy_Training_24966.png,data/fer2013/Training/happy/happy_Training_3345.png,data/fer2013/Training/happy/happy_Training_10469.png,data/fer2013/Training/happy/happy_Training_24633.png,0.9938515424728394,0.9909194111824036,0.9906874895095825,0.9895838499069214,0.988460898399353,0.9884167313575745
data/fer2013/PublicTest/angry/angry_PublicTest_28720.png,angry,0,0.778,angry,data/fer2013/PublicTest/angry/angry_PublicTest_28720.png,neutral,angry,angry,angry,angry,angry,data/fer2013/Training/angry/angry_Training_17092.png,data/fer2013/Training/angry/angry_Training_14022.png,data/fer2013/Training/angry/angry_Training_25258.png,data/fer2013/Training/angry/angry_Training_19732.png,data/fer2013/Training/angry/angry_Training_946.png,data/fer2013/Training/angry/angry_Training_2762.png,0.9893151521682739,0.9685381650924683,0.9664601683616638,0.9625940322875977,0.9613332152366638,0.960685133934021
data/fer2013/PublicTest/sad/sad_PublicTest_28721.png,neutral,6,0.75,neutral,data/fer2013/PublicTest/sad/sad_PublicTest_28721.png,neutral,neutral,neutral,neutral,sad,neutral,data/fer2013/Training/angry/angry_Training_3449.png,data/fer2013/Training/surprise/surprise_Training_9646.png,data/fer2013/Training/neutral/neutral_Training_23037.png,data/fer2013/Training/angry/angry_Training_11732.png,data/fer2013/Training/sad/sad_Training_26670.png,data/fer2013/Training/neutral/neutral_Training_8428.png,0.9219275116920471,0.9165688157081604,0.9106873273849487,0.8877190351486206,0.8873398303985596,0.8767478466033936
data/fer2013/PublicTest/fear/fear_PublicTest_28722.png,fear,2,0.625,fear,data/fer2013/PublicTest/fear/fear_PublicTest_28722.png,fear,fear,fear,fear,fear,fear,data/fer2013/Training/fear/fear_Training_6465.png,data/fer2013/Training/fear/fear_Training_14848.png,data/fer2013/Training/fear/fear_Training_9329.png,data/fer2013/Training/fear/fear_Training_1128.png,data/fer2013/Training/fear/fear_Training_9577.png,data/fer2013/Training/fear/fear_Training_17850.png,0.997307538986206,0.9906527996063232,0.9862157106399536,0.9856106042861938,0.9828618764877319,0.9827107787132263
data/fer2013/PublicTest/neutral/neutral_PublicTest_28723.png,neutral,6,1.0,neutral,data/fer2013/PublicTest/neutral/neutral_PublicTest_28723.png,neutral,neutral,neutral,neutral,neutral,neutral,data/fer2013/Training/neutral/neutral_Training_28231.png,data/fer2013/Training/fear/fear_Training_18202.png,data/fer2013/Training/neutral/neutral_Training_14957.png,data/fer2013/Training/fear/fear_Training_1599.png,data/fer2013/Training/sad/sad_Training_79.png,data/fer2013/Training/fear/fear_Training_17178.png,0.9887140393257141,0.976986825466156,0.9769669771194458,0.9746936559677124,0.9743989706039429,0.9724403619766235
data/fer2013/PublicTest/fear/fear_PublicTest_28724.png,surprise,5,0.8,fear,data/fer2013/PublicTest/fear/fear_PublicTest_28724.png,neutral,sad,sad,sad,neutral,fear,data/fer2013/Training/fear/fear_Training_1116.png,data/fer2013/Training/fear/fear_Training_10868.png,data/fer2013/Training/happy/happy_Training_28034.png,data/fer2013/Training/sad/sad_Training_3302.png,data/fer2013/Training/angry/angry_Training_4065.png,data/fer2013/Training/fear/fear_Training_8881.png,0.9478931427001953,0.9475998878479004,0.9250937700271606,0.9085322618484497,0.9012271165847778,0.8991514444351196
data/fer2013/PublicTest/surprise/surprise_PublicTest_28725.png,surprise,5,0.75,surprise,data/fer2013/PublicTest/surprise/surprise_PublicTest_28725.png,surprise,surprise,surprise,surprise,surprise,surprise,data/fer2013/Training/surprise/surprise_Training_9309.png,data/fer2013/Training/surprise/surprise_Training_23065.png,data/fer2013/Training/surprise/surprise_Training_21575.png,data/fer2013/Training/surprise/surprise_Training_1764.png,data/fer2013/Training/surprise/surprise_Training_26874.png,data/fer2013/Training/surprise/surprise_Training_21780.png,0.9943157434463501,0.9932145476341248,0.9927545189857483,0.992530345916748,0.9919114112854004,0.9919114112854004
data/fer2013/PublicTest/angry/angry_PublicTest_28726.png,neutral,6,1.0,neutral,data/fer2013/PublicTest/angry/angry_PublicTest_28726.png,neutral,neutral,neutral,neutral,neutral,neutral,data/fer2013/Training/neutral/neutral_Training_15761.png,data/fer2013/Training/neutral/neutral_Training_11108.png,data/fer2013/Training/neutral/neutral_Training_7954.png,data/fer2013/Training/neutral/neutral_Training_27418.png,data/fer2013/Training/neutral/neutral_Training_19846.png,data/fer2013/Training/happy/happy_Training_8924.png,0.9550572633743286,0.941306471824646,0.927623987197876,0.9241217374801636,0.9164012670516968,0.9155992865562439
data/fer2013/PublicTest/surprise/surprise_PublicTest_28727.png,surprise,5,1.0,surprise,data/fer2013/PublicTest/surprise/surprise_PublicTest_28727.png,surprise,surprise,surprise,surprise,surprise,surprise,data/fer2013/Training/surprise/surprise_Training_27553.png,data/fer2013/Training/surprise/surprise_Training_17992.png,data/fer2013/Training/surprise/surprise_Training_26133.png,data/fer2013/Training/surprise/surprise_Training_304.png,data/fer2013/Training/surprise/surprise_Training_675.png,data/fer2013/Training/surprise/surprise_Training_8088.png,0.9902709722518921,0.9897215962409973,0.9895536303520203,0.9889559149742126,0.9889559149742126,0.987808346748352
data/fer2013/PublicTest/happy/happy_PublicTest_28728.png,happy,3,1.0,happy,data/fer2013/PublicTest/happy/happy_PublicTest_28728.png,happy,happy,happy,happy,happy,happy,data/fer2013/Training/happy/happy_Training_594.png,data/fer2013/Training/happy/happy_Training_15506.png,data/fer2013/Training/happy/happy_Training_24540.png,data/fer2013/Training/happy/happy_Training_21006.png,data/fer2013/Training/happy/happy_Training_17722.png,data/fer2013/Training/happy/happy_Training_12478.png,0.997878909111023,0.9956029057502747,0.9944869875907898,0.9916437268257141,0.9915985465049744,0.989837646484375
data/fer2013/PublicTest/fear/fear_PublicTest_28729.png,surprise,5,0.8,surprise,data/fer2013/PublicTest/fear/fear_PublicTest_28729.png,surprise,surprise,happy,surprise,surprise,surprise,data/fer2013/Training/fear/fear_Training_26428.png,data/fer2013/Training/happy/happy_Training_11835.png,data/fer2013/Training/happy/happy_Training_5968.png,data/fer2013/Training/happy/happy_Training_20380.png,data/fer2013/Training/angry/angry_Training_18478.png,data/fer2013/Training/surprise/surprise_Training_8328.png,0.9575203061103821,0.9451523423194885,0.940891683101654,0.9378224015235901,0.9354734420776367,0.9354730248451233
data/fer2013/PublicTest/surprise/surprise_PublicTest_28730.png,surprise,5,1.0,happy,data/fer2013/PublicTest/surprise/surprise_PublicTest_28730.png,surprise,happy,happy,happy,happy,surprise,data/fer2013/Training/fear/fear_Training_10857.png,data/fer2013/Training/happy/happy_Training_22462.png,data/fer2013/Training/happy/happy_Training_2534.png,data/fer2013/Training/happy/happy_Training_27422.png,data/fer2013/Training/happy/happy_Training_14327.png,data/fer2013/Training/surprise/surprise_Training_27702.png,0.9855976104736328,0.9673974514007568,0.9639861583709717,0.9557633399963379,0.9497956037521362,0.9482288360595703
data/fer2013/PublicTest/angry/angry_PublicTest_28731.png,neutral,6,0.75,neutral,data/fer2013/PublicTest/angry/angry_PublicTest_28731.png,neutral,neutral,neutral,neutral,neutral,neutral,data/fer2013/Training/angry/angry_Training_8286.png,data/fer2013/Training/angry/angry_Training_17270.png,data/fer2013/Training/angry/angry_Training_24549.png,data/fer2013/Training/sad/sad_Training_17293.png,data/fer2013/Training/angry/angry_Training_15002.png,data/fer2013/Training/disgust/disgust_Training_9504.png,0.978574275970459,0.9764868021011353,0.9738234281539917,0.9737733602523804,0.9714851975440979,0.9705067276954651
data/fer2013/PublicTest/sad/sad_PublicTest_28732.png,sad,4,1.0,sad,data/fer2013/PublicTest/sad/sad_PublicTest_28732.png,sad,sad,neutral,sad,sad,sad,data/fer2013/Training/neutral/neutral_Training_10893.png,data/fer2013/Training/sad/sad_Training_27522.png,data/fer2013/Training/sad/sad_Training_17618.png,data/fer2013/Training/neutral/neutral_Training_12436.png,data/fer2013/Training/sad/sad_Training_19716.png,data/fer2013/Training/sad/sad_Training_19523.png,0.9953573942184448,0.9928194880485535,0.99164879322052,0.9904226660728455,0.9893558621406555,0.9889804720878601
data/fer2013/PublicTest/fear/fear_PublicTest_28734.png,neutral,6,0.714,neutral,data/fer2013/PublicTest/fear/fear_PublicTest_28734.png,neutral,neutral,neutral,neutral,neutral,neutral,data/fer2013/Training/neutral/neutral_Training_5170.png,data/fer2013/Training/neutral/neutral_Training_25615.png,data/fer2013/Training/neutral/neutral_Training_21084.png,data/fer2013/Training/neutral/neutral_Training_286.png,data/fer2013/Training/neutral/neutral_Training_9018.png,data/fer2013/Training/sad/sad_Training_19742.png,0.9824243783950806,0.9824243783950806,0.9721757173538208,0.9682016968727112,0.9633914232254028,0.9601538181304932
data/fer2013/PublicTest/sad/sad_PublicTest_28735.png,neutral,6,0.556,sad,data/fer2013/PublicTest/sad/sad_PublicTest_28735.png,sad,sad,neutral,neutral,sad,sad,data/fer2013/Training/sad/sad_Training_17746.png,data/fer2013/Training/sad/sad_Training_1580.png,data/fer2013/Training/fear/fear_Training_11362.png,data/fer2013/Training/sad/sad_Training_6445.png,data/fer2013/Training/sad/sad_Training_882.png,data/fer2013/Training/sad/sad_Training_204.png,0.987905740737915,0.9862877130508423,0.9860909581184387,0.9856647849082947,0.9854267835617065,0.9834264516830444
data/fer2013/PublicTest/sad/sad_PublicTest_28736.png,neutral,6,1.0,sad,data/fer2013/PublicTest/sad/sad_PublicTest_28736.png,sad,sad,sad,sad,sad,sad,data/fer2013/Training/sad/sad_Training_12197.png,data/fer2013/Training/fear/fear_Training_25045.png,data/fer2013/Training/sad/sad_Training_3196.png,data/fer2013/Training/sad/sad_Training_899.png,data/fer2013/Training/sad/sad_Training_13150.png,data/fer2013/Training/sad/sad_Training_3463.png,0.9464649558067322,0.9420276284217834,0.9393450021743774,0.9366209506988525,0.9285342693328857,0.9192711114883423
data/fer2013/PublicTest/angry/angry_PublicTest_28737.png,surprise,5,0.714,angry,data/fer2013/PublicTest/angry/angry_PublicTest_28737.png,angry,angry,angry,neutral,angry,angry,data/fer2013/Training/angry/angry_Training_25000.png,data/fer2013/Training/fear/fear_Training_13822.png,data/fer2013/Training/angry/angry_Training_10371.png,data/fer2013/Training/neutral/neutral_Training_22572.png,data/fer2013/Training/neutral/neutral_Training_17566.png,data/fer2013/Training/angry/angry_Training_22148.png,0.9792413711547852,0.9773247241973877,0.9755862951278687,0.9749894142150879,0.9736584424972534,0.9727360606193542
data/fer2013/PublicTest/fear/fear_PublicTest_28738.png,surprise,5,0.6,surprise,data/fer2013/PublicTest/fear/fear_PublicTest_28738.png,surprise,surprise,surprise,surprise,surprise,surprise,data/fer2013/Training/surprise/surprise_Training_26512.png,data/fer2013/Training/surprise/surprise_Training_28068.png,data/fer2013/Training/surprise/surprise_Training_28441.png,data/fer2013/Training/surprise/surprise_Training_22477.png,data/fer2013/Training/surprise/surprise_Training_24163.png,data/fer2013/Training/surprise/surprise_Training_11670.png,0.9905424118041992,0.9904529452323914,0.9904529452323914,0.9898348450660706,0.9890568256378174,0.9890551567077637
data/fer2013/PublicTest/happy/happy_PublicTest_28739.png,happy,3,1.0,happy,data/fer2013/PublicTest/happy/happy_PublicTest_28739.png,happy,happy,happy,happy,happy,happy,data/fer2013/Training/happy/happy_Training_15270.png,data/fer2013/Training/happy/happy_Training_284.png,data/fer2013/Training/happy/happy_Training_2306.png,data/fer2013/Training/happy/happy_Training_12279.png,data/fer2013/Training/happy/happy_Training_11596.png,data/fer2013/Training/happy/happy_Training_9628.png,0.9818177223205566,0.980322003364563,0.9778374433517456,0.975501298904419,0.9743233919143677,0.9733594655990601
data/fer2013/PublicTest/neutral/neutral_PublicTest_28740.png,neutral,6,1.0,neutral,data/fer2013/PublicTest/neutral/neutral_PublicTest_28740.png,neutral,neutral,neutral,neutral,neutral,neutral,data/fer2013/Training/neutral/neutral_Training_16812.png,data/fer2013/Training/angry/angry_Training_134.png,data/fer2013/Training/neutral/neutral_Training_10294.png,data/fer2013/Training/sad/sad_Training_14191.png,data/fer2013/Training/happy/happy_Training_23020.png,data/fer2013/Training/neutral/neutral_Training_24863.png,0.9634026288986206,0.9598323106765747,0.9555150866508484,0.9549652934074402,0.9540561437606812,0.9443299770355225
data/fer2013/PublicTest/happy/happy_PublicTest_28741.png,happy,3,1.0,happy,data/fer2013/PublicTest/happy/happy_PublicTest_28741.png,happy,happy,happy,happy,happy,happy,data/fer2013/Training/happy/happy_Training_9766.png,data/fer2013/Training/happy/happy_Training_15627.png,data/fer2013/Training/happy/happy_Training_11270.png,data/fer2013/Training/happy/happy_Training_26692.png,data/fer2013/Training/happy/happy_Training_6823.png,data/fer2013/Training/happy/happy_Training_12611.png,0.9971169233322144,0.9968976378440857,0.9962766766548157,0.9957078695297241,0.9954302906990051,0.9952865839004517
data/fer2013/PublicTest/neutral/neutral_PublicTest_28742.png,neutral,6,1.0,neutral,data/fer2013/PublicTest/neutral/neutral_PublicTest_28742.png,neutral,neutral,neutral,neutral,neutral,neutral,data/fer2013/Training/sad/sad_Training_18648.png,data/fer2013/Training/neutral/neutral_Training_4748.png,data/fer2013/Training/angry/angry_Training_1971.png,data/fer2013/Training/sad/sad_Training_23483.png,data/fer2013/Training/sad/sad_Training_9491.png,data/fer2013/Training/sad/sad_Training_23424.png,0.9936071634292603,0.9922840595245361,0.9908592700958252,0.9898762106895447,0.9895341396331787,0.9892668724060059
data/fer2013/PublicTest/angry/angry_PublicTest_28743.png,neutral,6,1.0,angry,data/fer2013/PublicTest/angry/angry_PublicTest_28743.png,neutral,neutral,neutral,surprise,neutral,neutral,data/fer2013/Training/sad/sad_Training_25819.png,data/fer2013/Training/fear/fear_Training_6066.png,data/fer2013/Training/neutral/neutral_Training_16882.png,data/fer2013/Training/neutral/neutral_Training_13825.png,data/fer2013/Training/surprise/surprise_Training_28317.png,data/fer2013/Training/fear/fear_Training_16961.png,0.8961288928985596,0.8607707619667053,0.8531190156936646,0.8515957593917847,0.8512791395187378,0.850776731967926
data/fer2013/PublicTest/sad/sad_PublicTest_28744.png,sad,4,0.778,surprise,data/fer2013/PublicTest/sad/sad_PublicTest_28744.png,neutral,neutral,neutral,surprise,neutral,surprise,data/fer2013/Training/fear/fear_Training_11653.png,data/fer2013/Training/surprise/surprise_Training_15973.png,data/fer2013/Training/sad/sad_Training_26573.png,data/fer2013/Training/fear/fear_Training_20569.png,data/fer2013/Training/fear/fear_Training_12007.png,data/fer2013/Training/angry/angry_Training_16506.png,0.9648332595825195,0.9539107084274292,0.9485061764717102,0.9470394849777222,0.944191575050354,0.9387936592102051
data/fer2013/PublicTest/neutral/neutral_PublicTest_28745.png,neutral,6,1.0,neutral,data/fer2013/PublicTest/neutral/neutral_PublicTest_28745.png,neutral,neutral,neutral,neutral,neutral,neutral,data/fer2013/Training/neutral/neutral_Training_25422.png,data/fer2013/Training/neutral/neutral_Training_6056.png,data/fer2013/Training/neutral/neutral_Training_17973.png,data/fer2013/Training/neutral/neutral_Training_4361.png,data/fer2013/Training/neutral/neutral_Training_5105.png,data/fer2013/Training/neutral/neutral_Training_9936.png,0.9875003099441528,0.9849187135696411,0.9814465641975403,0.9790931344032288,0.9768970608711243,0.976001501083374
data/fer2013/PublicTest/neutral/neutral_PublicTest_28747.png,neutral,6,1.0,neutral,data/fer2013/PublicTest/neutral/neutral_PublicTest_28747.png,neutral,neutral,neutral,neutral,neutral,neutral,data/fer2013/Training/sad/sad_Training_22258.png,data/fer2013/Training/sad/sad_Training_28674.png,data/fer2013/Training/fear/fear_Training_15889.png,data/fer2013/Training/neutral/neutral_Training_10674.png,data/fer2013/Training/sad/sad_Training_8185.png,data/fer2013/Training/fear/fear_Training_13362.png,0.9927883148193359,0.991033136844635,0.9907751083374023,0.9882738590240479,0.986226499080658,0.9851886630058289
data/fer2013/PublicTest/happy/happy_PublicTest_28748.png,happy,3,1.0,happy,data/fer2013/PublicTest/happy/happy_PublicTest_28748.png,happy,happy,happy,happy,happy,happy,data/fer2013/Training/happy/happy_Training_26609.png,data/fer2013/Training/happy/happy_Training_22672.png,data/fer2013/Training/happy/happy_Training_14828.png,data/fer2013/Training/happy/happy_Training_12704.png,data/fer2013/Training/happy/happy_Training_15072.png,data/fer2013/Training/happy/happy_Training_28096.png,0.9943541884422302,0.9923582077026367,0.9857432246208191,0.9854682683944702,0.98484206199646,0.983519434928894
data/fer2013/PublicTest/angry/angry_PublicTest_28749.png,angry,0,1.0,angry,data/fer2013/PublicTest/angry/angry_PublicTest_28749.png,angry,angry,angry,angry,angry,angry,data/fer2013/Training/angry/angry_Training_2103.png,data/fer2013/Training/angry/angry_Training_387.png,data/fer2013/Training/angry/angry_Training_7921.png,data/fer2013/Training/angry/angry_Training_12133.png,data/fer2013/Training/angry/angry_Training_10497.png,data/fer2013/Training/angry/angry_Training_25273.png,0.9710462093353271,0.9710462093353271,0.9708500504493713,0.9688749313354492,0.9685103893280029,0.9677599668502808
data/fer2013/PublicTest/sad/sad_PublicTest_28750.png,sad,4,1.0,sad,data/fer2013/PublicTest/sad/sad_PublicTest_28750.png,sad,sad,sad,sad,sad,sad,data/fer2013/Training/fear/fear_Training_20609.png,data/fer2013/Training/fear/fear_Training_941.png,data/fer2013/Training/sad/sad_Training_14569.png,data/fer2013/Training/sad/sad_Training_26116.png,data/fer2013/Training/sad/sad_Training_2546.png,data/fer2013/Training/fear/fear_Training_20332.png,0.9887436628341675,0.9760618209838867,0.9759575128555298,0.9757533669471741,0.9753654599189758,0.959178626537323
data/fer2013/PublicTest/sad/sad_PublicTest_28751.png,angry,0,1.0,angry,data/fer2013/PublicTest/sad/sad_PublicTest_28751.png,angry,angry,angry,disgust,angry,angry,data/fer2013/Training/disgust/disgust_Training_26857.png,data/fer2013/Training/angry/angry_Training_10286.png,data/fer2013/Training/angry/angry_Training_11206.png,data/fer2013/Training/angry/angry_Training_4731.png,data/fer2013/Training/angry/angry_Training_27698.png,data/fer2013/Training/angry/angry_Training_22464.png,0.9850592017173767,0.9753866195678711,0.9693721532821655,0.9684138894081116,0.9537001848220825,0.953121542930603
data/fer2013/PublicTest/fear/fear_PublicTest_28752.png,neutral,6,1.0,neutral,data/fer2013/PublicTest/fear/fear_PublicTest_28752.png,neutral,neutral,neutral,neutral,neutral,neutral,data/fer2013/Training/neutral/neutral_Training_19868.png,data/fer2013/Training/neutral/neutral_Training_7435.png,data/fer2013/Training/sad/sad_Training_3477.png,data/fer2013/Training/neutral/neutral_Training_4709.png,data/fer2013/Training/neutral/neutral_Training_311.png,data/fer2013/Training/sad/sad_Training_98.png,0.9849309325218201,0.9848840832710266,0.984241247177124,0.9825838804244995,0.9824962615966797,0.9778503179550171
data/fer2013/PublicTest/neutral/neutral_PublicTest_28753.png,neutral,6,0.667,sad,data/fer2013/PublicTest/neutral/neutral_PublicTest_28753.png,neutral,sad,sad,sad,sad,sad,data/fer2013/Training/fear/fear_Training_16915.png,data/fer2013/Training/neutral/neutral_Training_7909.png,data/fer2013/Training/neutral/neutral_Training_15091.png,data/fer2013/Training/angry/angry_Training_26232.png,data/fer2013/Training/sad/sad_Training_15129.png,data/fer2013/Training/sad/sad_Training_26581.png,0.9888817071914673,0.9866238832473755,0.985259473323822,0.9787944555282593,0.9771734476089478,0.9761348962783813
data/fer2013/PublicTest/happy/happy_PublicTest_28754.png,happy,3,1.0,happy,data/fer2013/PublicTest/happy/happy_PublicTest_28754.png,happy,happy,happy,happy,happy,happy,data/fer2013/Training/happy/happy_Training_5730.png,data/fer2013/Training/neutral/neutral_Training_18591.png,data/fer2013/Training/happy/happy_Training_8391.png,data/fer2013/Training/happy/happy_Training_24410.png,data/fer2013/Training/happy/happy_Training_19109.png,data/fer2013/Training/happy/happy_Training_18080.png,0.9912676811218262,0.9883521199226379,0.9801610708236694,0.9774554371833801,0.9765344858169556,0.9754336476325989
data/fer2013/PublicTest/surprise/surprise_PublicTest_28755.png,surprise,5,1.0,surprise,data/fer2013/PublicTest/surprise/surprise_PublicTest_28755.png,surprise,surprise,surprise,surprise,surprise,surprise,data/fer2013/Training/surprise/surprise_Training_11261.png,data/fer2013/Training/surprise/surprise_Training_2956.png,data/fer2013/Training/surprise/surprise_Training_12607.png,data/fer2013/Training/surprise/surprise_Training_28141.png,data/fer2013/Training/surprise/surprise_Training_3675.png,data/fer2013/Training/surprise/surprise_Training_8078.png,0.9952009916305542,0.9898980259895325,0.9898980259895325,0.9897738695144653,0.9838881492614746,0.9838881492614746
data/fer2013/PublicTest/happy/happy_PublicTest_28756.png,happy,3,1.0,happy,data/fer2013/PublicTest/happy/happy_PublicTest_28756.png,happy,happy,happy,happy,happy,happy,data/fer2013/Training/happy/happy_Training_25012.png,data/fer2013/Training/happy/happy_Training_5963.png,data/fer2013/Training/happy/happy_Training_8821.png,data/fer2013/Training/happy/happy_Training_6914.png,data/fer2013/Training/happy/happy_Training_2900.png,data/fer2013/Training/happy/happy_Training_18564.png,0.989574670791626,0.9876633882522583,0.980820894241333,0.9782896041870117,0.9733081459999084,0.9696182012557983
data/fer2013/PublicTest/surprise/surprise_PublicTest_28757.png,surprise,5,1.0,surprise,data/fer2013/PublicTest/surprise/surprise_PublicTest_28757.png,surprise,surprise,surprise,surprise,surprise,surprise,data/fer2013/Training/fear/fear_Training_5686.png,data/fer2013/Training/sad/sad_Training_27799.png,data/fer2013/Training/surprise/surprise_Training_1836.png,data/fer2013/Training/surprise/surprise_Training_21507.png,data/fer2013/Training/surprise/surprise_Training_17404.png,data/fer2013/Training/surprise/surprise_Training_3933.png,0.994003415107727,0.9822074770927429,0.9804736375808716,0.9804736375808716,0.9804736375808716,0.9804736375808716
data/fer2013/PublicTest/neutral/neutral_PublicTest_28758.png,neutral,6,1.0,neutral,data/fer2013/PublicTest/neutral/neutral_PublicTest_28758.png,neutral,neutral,neutral,neutral,neutral,neutral,data/fer2013/Training/neutral/neutral_Training_4745.png,data/fer2013/Training/sad/sad_Training_9327.png,data/fer2013/Training/neutral/neutral_Training_6034.png,data/fer2013/Training/sad/sad_Training_17902.png,data/fer2013/Training/sad/sad_Training_696.png,data/fer2013/Training/fear/fear_Training_27713.png,0.9777028560638428,0.9754581451416016,0.974111795425415,0.972811758518219,0.9726881980895996,0.9724380373954773
data/fer2013/PublicTest/angry/angry_PublicTest_28759.png,neutral,6,1.0,neutral,data/fer2013/PublicTest/angry/angry_PublicTest_28759.png,neutral,neutral,neutral,neutral,neutral,neutral,data/fer2013/Training/angry/angry_Training_6119.png,data/fer2013/Training/sad/sad_Training_14307.png,data/fer2013/Training/neutral/neutral_Training_25235.png,data/fer2013/Training/sad/sad_Training_6492.png,data/fer2013/Training/fear/fear_Training_16634.png,data/fer2013/Training/neutral/neutral_Training_491.png,0.9878572225570679,0.9851605892181396,0.9843329191207886,0.9838823080062866,0.983731210231781,0.9825844168663025
data/fer2013/PublicTest/happy/happy_PublicTest_28760.png,happy,3,1.0,happy,data/fer2013/PublicTest/happy/happy_PublicTest_28760.png,happy,happy,happy,happy,happy,happy,data/fer2013/Training/happy/happy_Training_25476.png,data/fer2013/Training/happy/happy_Training_8434.png,data/fer2013/Training/happy/happy_Training_13867.png,data/fer2013/Training/happy/happy_Training_13012.png,data/fer2013/Training/happy/happy_Training_2065.png,data/fer2013/Training/happy/happy_Training_21602.png,0.9923308491706848,0.9917363524436951,0.9904237985610962,0.9904237985610962,0.9896848201751709,0.9895716309547424
data/fer2013/PublicTest/surprise/surprise_PublicTest_28761.png,surprise,5,1.0,surprise,data/fer2013/PublicTest/surprise/surprise_PublicTest_28761.png,surprise,surprise,surprise,surprise,surprise,surprise,data/fer2013/Training/surprise/surprise_Training_8094.png,data/fer2013/Training/surprise/surprise_Training_17584.png,data/fer2013/Training/surprise/surprise_Training_20953.png,data/fer2013/Training/surprise/surprise_Training_19998.png,data/fer2013/Training/surprise/surprise_Training_28703.png,data/fer2013/Training/surprise/surprise_Training_23072.png,0.9947940111160278,0.9945119023323059,0.9944126009941101,0.9941447377204895,0.99392169713974,0.9937185049057007
data/fer2013/PublicTest/sad/sad_PublicTest_28763.png,neutral,6,0.8,sad,data/fer2013/PublicTest/sad/sad_PublicTest_28763.png,sad,neutral,sad,sad,neutral,neutral,data/fer2013/Training/sad/sad_Training_3339.png,data/fer2013/Training/sad/sad_Training_23259.png,data/fer2013/Training/sad/sad_Training_19736.png,data/fer2013/Training/sad/sad_Training_19249.png,data/fer2013/Training/fear/fear_Training_13518.png,data/fer2013/Training/sad/sad_Training_9226.png,0.9789549112319946,0.9780206084251404,0.9769580960273743,0.9769580960273743,0.9756090641021729,0.9747005701065063
data/fer2013/PublicTest/happy/happy_PublicTest_28764.png,happy,3,1.0,happy,data/fer2013/PublicTest/happy/happy_PublicTest_28764.png,happy,happy,happy,happy,happy,happy,data/fer2013/Training/happy/happy_Training_22302.png,data/fer2013/Training/happy/happy_Training_11819.png,data/fer2013/Training/happy/happy_Training_17319.png,data/fer2013/Training/happy/happy_Training_20958.png,data/fer2013/Training/happy/happy_Training_9326.png,data/fer2013/Training/happy/happy_Training_2869.png,0.9838172197341919,0.9827201962471008,0.9812371730804443,0.981162428855896,0.9758620262145996,0.974993109703064
data/fer2013/PublicTest/sad/sad_PublicTest_28765.png,fear,2,1.0,fear,data/fer2013/PublicTest/sad/sad_PublicTest_28765.png,fear,fear,fear,fear,fear,fear,data/fer2013/Training/fear/fear_Training_16654.png,data/fer2013/Training/fear/fear_Training_9951.png,data/fer2013/Training/fear/fear_Training_7342.png,data/fer2013/Training/sad/sad_Training_9406.png,data/fer2013/Training/fear/fear_Training_18908.png,data/fer2013/Training/fear/fear_Training_24272.png,0.997692346572876,0.9959492087364197,0.9957081079483032,0.9952335953712463,0.9947770833969116,0.992315948009491
data/fer2013/PublicTest/fear/fear_PublicTest_28766.png,neutral,6,0.778,sad,data/fer2013/PublicTest/fear/fear_PublicTest_28766.png,sad,sad,sad,sad,neutral,neutral,data/fer2013/Training/sad/sad_Training_21583.png,data/fer2013/Training/sad/sad_Training_20911.png,data/fer2013/Training/sad/sad_Training_3508.png,data/fer2013/Training/sad/sad_Training_5383.png,data/fer2013/Training/sad/sad_Training_24780.png,data/fer2013/Training/sad/sad_Training_7770.png,0.9857822060585022,0.9698102474212646,0.9635225534439087,0.9624340534210205,0.960358738899231,0.9586024880409241
data/fer2013/PublicTest/surprise/surprise_PublicTest_28767.png,surprise,5,0.8,surprise,data/fer2013/PublicTest/surprise/surprise_PublicTest_28767.png,fear,surprise,surprise,surprise,surprise,surprise,data/fer2013/Training/fear/fear_Training_26732.png,data/fer2013/Training/fear/fear_Training_25940.png,data/fer2013/Training/surprise/surprise_Training_25665.png,data/fer2013/Training/surprise/surprise_Training_17230.png,data/fer2013/Training/surprise/surprise_Training_5481.png,data/fer2013/Training/surprise/surprise_Training_25560.png,0.984623372554779,0.973694920539856,0.9715293049812317,0.9698725342750549,0.9698725342750549,0.9689919948577881
data/fer2013/PublicTest/happy/happy_PublicTest_28768.png,happy,3,1.0,happy,data/fer2013/PublicTest/happy/happy_PublicTest_28768.png,happy,happy,happy,happy,happy,happy,data/fer2013/Training/happy/happy_Training_19604.png,data/fer2013/Training/happy/happy_Training_5681.png,data/fer2013/Training/happy/happy_Training_24161.png,data/fer2013/Training/happy/happy_Training_4050.png,data/fer2013/Training/happy/happy_Training_18849.png,data/fer2013/Training/happy/happy_Training_28313.png,0.9940758347511292,0.9920191168785095,0.9878917336463928,0.9878528714179993,0.9870041012763977,0.9867154359817505
data/fer2013/PublicTest/neutral/neutral_PublicTest_28769.png,neutral,6,1.0,neutral,data/fer2013/PublicTest/neutral/neutral_PublicTest_28769.png,neutral,neutral,neutral,neutral,neutral,neutral,data/fer2013/Training/neutral/neutral_Training_15388.png,data/fer2013/Training/fear/fear_Training_24700.png,data/fer2013/Training/sad/sad_Training_21684.png,data/fer2013/Training/neutral/neutral_Training_2750.png,data/fer2013/Training/neutral/neutral_Training_13989.png,data/fer2013/Training/neutral/neutral_Training_22815.png,0.9901578426361084,0.9858841896057129,0.9830405712127686,0.9826199412345886,0.9816968441009521,0.9769353866577148
data/fer2013/PublicTest/happy/happy_PublicTest_28770.png,happy,3,1.0,happy,data/fer2013/PublicTest/happy/happy_PublicTest_28770.png,happy,happy,happy,happy,happy,happy,data/fer2013/Training/surprise/surprise_Training_17063.png,data/fer2013/Training/happy/happy_Training_22363.png,data/fer2013/Training/surprise/surprise_Training_25397.png,data/fer2013/Training/surprise/surprise_Training_15472.png,data/fer2013/Training/surprise/surprise_Training_3858.png,data/fer2013/Training/surprise/surprise_Training_6239.png,0.9826123714447021,0.9727932214736938,0.965763509273529,0.9632530808448792,0.9632120728492737,0.9632120728492737
data/fer2013/PublicTest/sad/sad_PublicTest_28771.png,neutral,6,0.778,neutral,data/fer2013/PublicTest/sad/sad_PublicTest_28771.png,neutral,neutral,neutral,neutral,neutral,neutral,data/fer2013/Training/neutral/neutral_Training_21424.png,data/fer2013/Training/sad/sad_Training_14674.png,data/fer2013/Training/fear/fear_Training_23225.png,data/fer2013/Training/sad/sad_Training_8717.png,data/fer2013/Training/sad/sad_Training_10389.png,data/fer2013/Training/neutral/neutral_Training_14520.png,0.993346095085144,0.9927874803543091,0.9878365397453308,0.9877555966377258,0.9874619841575623,0.9863824844360352
data/fer2013/PublicTest/happy/happy_PublicTest_28772.png,surprise,5,0.778,surprise,data/fer2013/PublicTest/happy/happy_PublicTest_28772.png,surprise,surprise,surprise,surprise,surprise,surprise,data/fer2013/Training/surprise/surprise_Training_20350.png,data/fer2013/Training/surprise/surprise_Training_2758.png,data/fer2013/Training/happy/happy_Training_23852.png,data/fer2013/Training/happy/happy_Training_18501.png,data/fer2013/Training/surprise/surprise_Training_20512.png,data/fer2013/Training/surprise/surprise_Training_3897.png,0.9931706190109253,0.9931706190109253,0.9883005619049072,0.9757130742073059,0.9740691781044006,0.9740691781044006
data/fer2013/PublicTest/surprise/surprise_PublicTest_28773.png,surprise,5,1.0,surprise,data/fer2013/PublicTest/surprise/surprise_PublicTest_28773.png,surprise,surprise,surprise,surprise,surprise,surprise,data/fer2013/Training/surprise/surprise_Training_14073.png,data/fer2013/Training/surprise/surprise_Training_28141.png,data/fer2013/Training/surprise/surprise_Training_9879.png,data/fer2013/Training/surprise/surprise_Training_21299.png,data/fer2013/Training/surprise/surprise_Training_11459.png,data/fer2013/Training/surprise/surprise_Training_24446.png,0.9885636568069458,0.9833337068557739,0.9817169308662415,0.9721941947937012,0.9721941947937012,0.9721941947937012
data/fer2013/PublicTest/happy/happy_PublicTest_28774.png,happy,3,1.0,happy,data/fer2013/PublicTest/happy/happy_PublicTest_28774.png,happy,happy,happy,happy,happy,happy,data/fer2013/Training/happy/happy_Training_6287.png,data/fer2013/Training/happy/happy_Training_5946.png,data/fer2013/Training/happy/happy_Training_9935.png,data/fer2013/Training/happy/happy_Training_14537.png,data/fer2013/Training/happy/happy_Training_7596.png,data/fer2013/Training/happy/happy_Training_11066.png,0.9985114932060242,0.9974304437637329,0.997399091720581,0.9970733523368835,0.9966074228286743,0.9964316487312317
data/fer2013/PublicTest/surprise/surprise_PublicTest_28775.png,surprise,5,1.0,surprise,data/fer2013/PublicTest/surprise/surprise_PublicTest_28775.png,surprise,surprise,surprise,surprise,surprise,surprise,data/fer2013/Training/surprise/surprise_Training_8342.png,data/fer2013/Training/fear/fear_Training_23117.png,data/fer2013/Training/fear/fear_Training_17941.png,data/fer2013/Training/fear/fear_Training_10342.png,data/fer2013/Training/surprise/surprise_Training_17192.png,data/fer2013/Training/fear/fear_Training_10493.png,0.9638417959213257,0.961220383644104,0.9595574140548706,0.9574810266494751,0.9572041630744934,0.9539501667022705
data/fer2013/PublicTest/sad/sad_PublicTest_28776.png,neutral,6,0.8,neutral,data/fer2013/PublicTest/sad/sad_PublicTest_28776.png,neutral,neutral,neutral,neutral,neutral,neutral,data/fer2013/Training/surprise/surprise_Training_6318.png,data/fer2013/Training/sad/sad_Training_1298.png,data/fer2013/Training/sad/sad_Training_20787.png,data/fer2013/Training/fear/fear_Training_16399.png,data/fer2013/Training/sad/sad_Training_21706.png,data/fer2013/Training/neutral/neutral_Training_21104.png,0.9684963226318359,0.959646463394165,0.9575701951980591,0.9567012786865234,0.9554091095924377,0.9532913565635681
data/fer2013/PublicTest/neutral/neutral_PublicTest_28778.png,neutral,6,1.0,neutral,data/fer2013/PublicTest/neutral/neutral_PublicTest_28778.png,neutral,neutral,neutral,neutral,neutral,neutral,data/fer2013/Training/sad/sad_Training_1511.png,data/fer2013/Training/sad/sad_Training_23239.png,data/fer2013/Training/neutral/neutral_Training_19199.png,data/fer2013/Training/neutral/neutral_Training_23673.png,data/fer2013/Training/fear/fear_Training_9306.png,data/fer2013/Training/fear/fear_Training_25245.png,0.9701403379440308,0.968402624130249,0.9680961966514587,0.9665336012840271,0.9660496115684509,0.9639123678207397
data/fer2013/PublicTest/angry/angry_PublicTest_28779.png,neutral,6,1.0,neutral,data/fer2013/PublicTest/angry/angry_PublicTest_28779.png,neutral,neutral,neutral,neutral,neutral,neutral,data/fer2013/Training/neutral/neutral_Training_4873.png,data/fer2013/Training/neutral/neutral_Training_27405.png,data/fer2013/Training/surprise/surprise_Training_24291.png,data/fer2013/Training/neutral/neutral_Training_4184.png,data/fer2013/Training/sad/sad_Training_13600.png,data/fer2013/Training/sad/sad_Training_9082.png,0.996117889881134,0.9940640926361084,0.988449215888977,0.9845049381256104,0.984099805355072,0.9792430400848389
data/fer2013/PublicTest/surprise/surprise_PublicTest_28780.png,surprise,5,1.0,surprise,data/fer2013/PublicTest/surprise/surprise_PublicTest_28780.png,surprise,surprise,surprise,surprise,surprise,surprise,data/fer2013/Training/surprise/surprise_Training_12330.png,data/fer2013/Training/surprise/surprise_Training_16461.png,data/fer2013/Training/surprise/surprise_Training_2841.png,data/fer2013/Training/surprise/surprise_Training_24594.png,data/fer2013/Training/surprise/surprise_Training_12610.png,data/fer2013/Training/surprise/surprise_Training_13686.png,0.9973394870758057,0.9971840381622314,0.9965778589248657,0.9965661764144897,0.9962896108627319,0.9962896108627319
data/fer2013/PublicTest/neutral/neutral_PublicTest_28781.png,neutral,6,1.0,neutral,data/fer2013/PublicTest/neutral/neutral_PublicTest_28781.png,neutral,neutral,neutral,neutral,neutral,neutral,data/fer2013/Training/fear/fear_Training_20452.png,data/fer2013/Training/sad/sad_Training_10353.png,data/fer2013/Training/fear/fear_Training_1530.png,data/fer2013/Training/neutral/neutral_Training_762.png,data/fer2013/Training/angry/angry_Training_28305.png,data/fer2013/Training/neutral/neutral_Training_4.png,0.9827518463134766,0.981575608253479,0.9798816442489624,0.9794967174530029,0.976805567741394,0.9758827686309814
data/fer2013/PublicTest/neutral/neutral_PublicTest_28782.png,happy,3,0.75,happy,data/fer2013/PublicTest/neutral/neutral_PublicTest_28782.png,happy,happy,happy,happy,happy,happy,data/fer2013/Training/happy/happy_Training_21548.png,data/fer2013/Training/happy/happy_Training_15093.png,data/fer2013/Training/happy/happy_Training_25708.png,data/fer2013/Training/happy/happy_Training_23807.png,data/fer2013/Training/happy/happy_Training_7674.png,data/fer2013/Training/happy/happy_Training_20547.png,0.9954777359962463,0.9941698312759399,0.9936009645462036,0.9929718971252441,0.9887176156044006,0.988700270652771
data/fer2013/PublicTest/fear/fear_PublicTest_28783.png,surprise,5,0.556,angry,data/fer2013/PublicTest/fear/fear_PublicTest_28783.png,angry,angry,angry,angry,angry,angry,data/fer2013/Training/angry/angry_Training_671.png,data/fer2013/Training/angry/angry_Training_3979.png,data/fer2013/Training/fear/fear_Training_18089.png,data/fer2013/Training/fear/fear_Training_3023.png,data/fer2013/Training/surprise/surprise_Training_17227.png,data/fer2013/Training/fear/fear_Training_7721.png,0.9900299310684204,0.9899872541427612,0.9880925416946411,0.98671555519104,0.9847979545593262,0.9802811741828918
data/fer2013/PublicTest/neutral/neutral_PublicTest_28784.png,neutral,6,1.0,neutral,data/fer2013/PublicTest/neutral/neutral_PublicTest_28784.png,neutral,neutral,neutral,neutral,neutral,neutral,data/fer2013/Training/happy/happy_Training_19402.png,data/fer2013/Training/neutral/neutral_Training_18923.png,data/fer2013/Training/happy/happy_Training_25436.png,data/fer2013/Training/sad/sad_Training_20069.png,data/fer2013/Training/neutral/neutral_Training_12184.png,data/fer2013/Training/neutral/neutral_Training_16268.png,0.9897556304931641,0.9822006821632385,0.9724635481834412,0.967963695526123,0.9626396298408508,0.961060643196106
data/fer2013/PublicTest/surprise/surprise_PublicTest_28785.png,surprise,5,1.0,surprise,data/fer2013/PublicTest/surprise/surprise_PublicTest_28785.png,surprise,surprise,surprise,surprise,surprise,surprise,data/fer2013/Training/surprise/surprise_Training_18528.png,data/fer2013/Training/surprise/surprise_Training_15671.png,data/fer2013/Training/surprise/surprise_Training_19745.png,data/fer2013/Training/surprise/surprise_Training_26450.png,data/fer2013/Training/surprise/surprise_Training_19453.png,data/fer2013/Training/surprise/surprise_Training_21140.png,0.9963788390159607,0.9947761297225952,0.9936584830284119,0.9931384325027466,0.9928795695304871,0.9928795695304871
data/fer2013/PublicTest/neutral/neutral_PublicTest_28786.png,neutral,6,1.0,neutral,data/fer2013/PublicTest/neutral/neutral_PublicTest_28786.png,neutral,neutral,neutral,neutral,neutral,neutral,data/fer2013/Training/fear/fear_Training_14707.png,data/fer2013/Training/neutral/neutral_Training_6836.png,data/fer2013/Training/happy/happy_Training_681.png,data/fer2013/Training/sad/sad_Training_9517.png,data/fer2013/Training/angry/angry_Training_2095.png,data/fer2013/Training/neutral/neutral_Training_21190.png,0.9882820844650269,0.9851375818252563,0.9849177598953247,0.982757031917572,0.9810561537742615,0.9802842736244202
data/fer2013/PublicTest/sad/sad_PublicTest_28787.png,sad,4,1.0,sad,data/fer2013/PublicTest/sad/sad_PublicTest_28787.png,sad,sad,neutral,sad,sad,sad,data/fer2013/Training/sad/sad_Training_21261.png,data/fer2013/Training/sad/sad_Training_15823.png,data/fer2013/Training/sad/sad_Training_27506.png,data/fer2013/Training/sad/sad_Training_12324.png,data/fer2013/Training/sad/sad_Training_63.png,data/fer2013/Training/sad/sad_Training_8046.png,0.9978426098823547,0.9955639243125916,0.9949837923049927,0.9945134520530701,0.9928277730941772,0.9923985004425049
data/fer2013/PublicTest/sad/sad_PublicTest_28788.png,sad,4,0.8,sad,data/fer2013/PublicTest/sad/sad_PublicTest_28788.png,sad,sad,sad,sad,sad,sad,data/fer2013/Training/sad/sad_Training_23602.png,data/fer2013/Training/disgust/disgust_Training_21851.png,data/fer2013/Training/sad/sad_Training_10985.png,data/fer2013/Training/sad/sad_Training_15940.png,data/fer2013/Training/fear/fear_Training_5283.png,data/fer2013/Training/sad/sad_Training_27035.png,0.9919866919517517,0.9910911321640015,0.9910839200019836,0.9904041886329651,0.9903596639633179,0.9898238182067871
data/fer2013/PublicTest/angry/angry_PublicTest_28790.png,angry,0,1.0,angry,data/fer2013/PublicTest/angry/angry_PublicTest_28790.png,angry,angry,angry,angry,angry,angry,data/fer2013/Training/fear/fear_Training_16763.png,data/fer2013/Training/angry/angry_Training_1340.png,data/fer2013/Training/angry/angry_Training_2100.png,data/fer2013/Training/angry/angry_Training_18122.png,data/fer2013/Training/angry/angry_Training_4154.png,data/fer2013/Training/angry/angry_Training_28534.png,0.996537983417511,0.996519923210144,0.9961240291595459,0.9958531856536865,0.9954793453216553,0.9951562285423279
data/fer2013/PublicTest/happy/happy_PublicTest_28792.png,happy,3,0.8,happy,data/fer2013/PublicTest/happy/happy_PublicTest_28792.png,happy,happy,happy,happy,happy,happy,data/fer2013/Training/neutral/neutral_Training_6974.png,data/fer2013/Training/happy/happy_Training_12216.png,data/fer2013/Training/happy/happy_Training_5913.png,data/fer2013/Training/happy/happy_Training_22500.png,data/fer2013/Training/happy/happy_Training_25385.png,data/fer2013/Training/happy/happy_Training_17670.png,0.9877695441246033,0.9842791557312012,0.9823896884918213,0.9817287921905518,0.9798095226287842,0.9797695279121399
data/fer2013/PublicTest/surprise/surprise_PublicTest_28793.png,surprise,5,0.8,surprise,data/fer2013/PublicTest/surprise/surprise_PublicTest_28793.png,surprise,surprise,surprise,surprise,surprise,surprise,data/fer2013/Training/surprise/surprise_Training_21868.png,data/fer2013/Training/surprise/surprise_Training_4097.png,data/fer2013/Training/fear/fear_Training_4033.png,data/fer2013/Training/surprise/surprise_Training_14844.png,data/fer2013/Training/surprise/surprise_Training_24083.png,data/fer2013/Training/surprise/surprise_Training_22360.png,0.9930663108825684,0.9930416345596313,0.9915878772735596,0.9912311434745789,0.9912311434745789,0.9911763072013855
data/fer2013/PublicTest/sad/sad_PublicTest_28794.png,neutral,6,1.0,neutral,data/fer2013/PublicTest/sad/sad_PublicTest_28794.png,neutral,neutral,neutral,neutral,neutral,neutral,data/fer2013/Training/fear/fear_Training_7140.png,data/fer2013/Training/sad/sad_Training_20589.png,data/fer2013/Training/sad/sad_Training_4544.png,data/fer2013/Training/neutral/neutral_Training_12015.png,data/fer2013/Training/sad/sad_Training_16003.png,data/fer2013/Training/neutral/neutral_Training_25878.png,0.983112633228302,0.9691787958145142,0.9686943888664246,0.9678078293800354,0.9677797555923462,0.9674811363220215
data/fer2013/PublicTest/happy/happy_PublicTest_28795.png,happy,3,1.0,happy,data/fer2013/PublicTest/happy/happy_PublicTest_28795.png,happy,happy,happy,happy,happy,happy,data/fer2013/Training/happy/happy_Training_4881.png,data/fer2013/Training/happy/happy_Training_18308.png,data/fer2013/Training/happy/happy_Training_24561.png,data/fer2013/Training/happy/happy_Training_16952.png,data/fer2013/Training/happy/happy_Training_6829.png,data/fer2013/Training/happy/happy_Training_623.png,0.9984844326972961,0.9980197548866272,0.9976974725723267,0.9966012835502625,0.9962502717971802,0.9961008429527283
data/fer2013/PublicTest/happy/happy_PublicTest_28796.png,happy,3,1.0,happy,data/fer2013/PublicTest/happy/happy_PublicTest_28796.png,happy,happy,happy,happy,happy,happy,data/fer2013/Training/happy/happy_Training_5124.png,data/fer2013/Training/happy/happy_Training_4893.png,data/fer2013/Training/happy/happy_Training_7123.png,data/fer2013/Training/happy/happy_Training_4639.png,data/fer2013/Training/happy/happy_Training_20829.png,data/fer2013/Training/happy/happy_Training_4362.png,0.9955691695213318,0.9942635297775269,0.9913268685340881,0.9885244965553284,0.9850915670394897,0.9845312833786011
data/fer2013/PublicTest/happy/happy_PublicTest_28797.png,happy,3,0.7,surprise,data/fer2013/PublicTest/happy/happy_PublicTest_28797.png,happy,happy,happy,happy,happy,happy,data/fer2013/Training/happy/happy_Training_7511.png,data/fer2013/Training/happy/happy_Training_1869.png,data/fer2013/Training/surprise/surprise_Training_11366.png,data/fer2013/Training/happy/happy_Training_14684.png,data/fer2013/Training/happy/happy_Training_981.png,data/fer2013/Training/surprise/surprise_Training_26626.png,0.9736144542694092,0.9729622602462769,0.9584448337554932,0.954169750213623,0.9538746476173401,0.9525299668312073
data/fer2013/PublicTest/happy/happy_PublicTest_28798.png,happy,3,1.0,happy,data/fer2013/PublicTest/happy/happy_PublicTest_28798.png,happy,happy,happy,happy,happy,happy,data/fer2013/Training/happy/happy_Training_21614.png,data/fer2013/Training/happy/happy_Training_15117.png,data/fer2013/Training/happy/happy_Training_9416.png,data/fer2013/Training/happy/happy_Training_21612.png,data/fer2013/Training/happy/happy_Training_21039.png,data/fer2013/Training/happy/happy_Training_1853.png,0.9923128485679626,0.9883232712745667,0.9875207543373108,0.9861308336257935,0.9858874678611755,0.98578280210495
data/fer2013/PublicTest/neutral/neutral_PublicTest_28799.png,sad,4,0.75,sad,data/fer2013/PublicTest/neutral/neutral_PublicTest_28799.png,sad,neutral,sad,sad,sad,sad,data/fer2013/Training/sad/sad_Training_7690.png,data/fer2013/Training/sad/sad_Training_11198.png,data/fer2013/Training/sad/sad_Training_20696.png,data/fer2013/Training/angry/angry_Training_4196.png,data/fer2013/Training/sad/sad_Training_20700.png,data/fer2013/Training/neutral/neutral_Training_2183.png,0.9772610068321228,0.9708304405212402,0.9700440168380737,0.9686813950538635,0.9680434465408325,0.9643133282661438
data/fer2013/PublicTest/angry/angry_PublicTest_28800.png,angry,0,1.0,surprise,data/fer2013/PublicTest/angry/angry_PublicTest_28800.png,angry,angry,angry,angry,angry,angry,data/fer2013/Training/happy/happy_Training_5758.png,data/fer2013/Training/angry/angry_Training_8840.png,data/fer2013/Training/fear/fear_Training_12088.png,data/fer2013/Training/angry/angry_Training_11965.png,data/fer2013/Training/fear/fear_Training_17668.png,data/fer2013/Training/angry/angry_Training_3979.png,0.9778857231140137,0.976179301738739,0.9656144976615906,0.9635138511657715,0.9589666724205017,0.9585309624671936
data/fer2013/PublicTest/neutral/neutral_PublicTest_28801.png,happy,3,1.0,happy,data/fer2013/PublicTest/neutral/neutral_PublicTest_28801.png,angry,happy,happy,happy,happy,happy,data/fer2013/Training/angry/angry_Training_7418.png,data/fer2013/Training/happy/happy_Training_111.png,data/fer2013/Training/happy/happy_Training_21886.png,data/fer2013/Training/happy/happy_Training_7307.png,data/fer2013/Training/happy/happy_Training_7753.png,data/fer2013/Training/happy/happy_Training_15384.png,0.9686067700386047,0.9660849571228027,0.9656646251678467,0.9652085900306702,0.9478787183761597,0.9475078582763672
data/fer2013/PublicTest/sad/sad_PublicTest_28802.png,neutral,6,1.0,neutral,data/fer2013/PublicTest/sad/sad_PublicTest_28802.png,neutral,neutral,neutral,neutral,neutral,neutral,data/fer2013/Training/neutral/neutral_Training_6920.png,data/fer2013/Training/neutral/neutral_Training_7611.png,data/fer2013/Training/angry/angry_Training_2128.png,data/fer2013/Training/neutral/neutral_Training_26614.png,data/fer2013/Training/neutral/neutral_Training_3718.png,data/fer2013/Training/sad/sad_Training_14884.png,0.9958857297897339,0.9894040822982788,0.9868291616439819,0.9856137037277222,0.9845446944236755,0.9840043783187866
data/fer2013/PublicTest/surprise/surprise_PublicTest_28803.png,angry,0,0.7,angry,data/fer2013/PublicTest/surprise/surprise_PublicTest_28803.png,angry,angry,angry,angry,angry,angry,data/fer2013/Training/angry/angry_Training_1392.png,data/fer2013/Training/angry/angry_Training_9619.png,data/fer2013/Training/angry/angry_Training_26221.png,data/fer2013/Training/happy/happy_Training_12826.png,data/fer2013/Training/angry/angry_Training_17647.png,data/fer2013/Training/angry/angry_Training_6576.png,0.9876623153686523,0.9868700504302979,0.9854892492294312,0.9851667284965515,0.9844257831573486,0.9843949675559998
data/fer2013/PublicTest/happy/happy_PublicTest_28805.png,happy,3,1.0,happy,data/fer2013/PublicTest/happy/happy_PublicTest_28805.png,happy,happy,happy,surprise,happy,happy,data/fer2013/Training/happy/happy_Training_15791.png,data/fer2013/Training/surprise/surprise_Training_24685.png,data/fer2013/Training/surprise/surprise_Training_7625.png,data/fer2013/Training/surprise/surprise_Training_23717.png,data/fer2013/Training/happy/happy_Training_3411.png,data/fer2013/Training/happy/happy_Training_27839.png,0.9742414951324463,0.9620665311813354,0.9583293795585632,0.951179027557373,0.9472882747650146,0.9456650018692017
data/fer2013/PublicTest/happy/happy_PublicTest_28806.png,happy,3,1.0,happy,data/fer2013/PublicTest/happy/happy_PublicTest_28806.png,happy,happy,happy,happy,happy,happy,data/fer2013/Training/happy/happy_Training_27526.png,data/fer2013/Training/happy/happy_Training_21152.png,data/fer2013/Training/happy/happy_Training_14024.png,data/fer2013/Training/happy/happy_Training_17673.png,data/fer2013/Training/happy/happy_Training_2807.png,data/fer2013/Training/happy/happy_Training_18097.png,0.9954110383987427,0.9920248985290527,0.9917882680892944,0.9911883473396301,0.9910573959350586,0.9906561374664307
data/fer2013/PublicTest/happy/happy_PublicTest_28807.png,happy,3,1.0,happy,data/fer2013/PublicTest/happy/happy_PublicTest_28807.png,happy,happy,happy,happy,happy,happy,data/fer2013/Training/happy/happy_Training_20566.png,data/fer2013/Training/happy/happy_Training_24670.png,data/fer2013/Training/angry/angry_Training_16746.png,data/fer2013/Training/angry/angry_Training_5720.png,data/fer2013/Training/happy/happy_Training_21085.png,data/fer2013/Training/happy/happy_Training_12528.png,0.9721217155456543,0.9685302376747131,0.9461613297462463,0.9403823018074036,0.9324305653572083,0.9299162030220032
data/fer2013/PublicTest/angry/angry_PublicTest_28808.png,angry,0,1.0,angry,data/fer2013/PublicTest/angry/angry_PublicTest_28808.png,angry,angry,angry,disgust,angry,angry,data/fer2013/Training/angry/angry_Training_464.png,data/fer2013/Training/angry/angry_Training_24542.png,data/fer2013/Training/angry/angry_Training_27023.png,data/fer2013/Training/angry/angry_Training_4731.png,data/fer2013/Training/angry/angry_Training_24980.png,data/fer2013/Training/angry/angry_Training_21865.png,0.9850996732711792,0.9816259145736694,0.9807400107383728,0.9803751707077026,0.9794505834579468,0.9787594079971313
data/fer2013/PublicTest/happy/happy_PublicTest_28809.png,happy,3,1.0,happy,data/fer2013/PublicTest/happy/happy_PublicTest_28809.png,happy,happy,happy,happy,happy,happy,data/fer2013/Training/happy/happy_Training_23252.png,data/fer2013/Training/happy/happy_Training_5946.png,data/fer2013/Training/happy/happy_Training_17698.png,data/fer2013/Training/happy/happy_Training_22405.png,data/fer2013/Training/happy/happy_Training_24496.png,data/fer2013/Training/happy/happy_Training_9085.png,0.9983683824539185,0.9979181289672852,0.997606098651886,0.9975590705871582,0.9975277781486511,0.9973961114883423
data/fer2013/PublicTest/neutral/neutral_PublicTest_28810.png,neutral,6,1.0,neutral,data/fer2013/PublicTest/neutral/neutral_PublicTest_28810.png,neutral,neutral,neutral,neutral,neutral,neutral,data/fer2013/Training/neutral/neutral_Training_4162.png,data/fer2013/Training/neutral/neutral_Training_28399.png,data/fer2013/Training/neutral/neutral_Training_14641.png,data/fer2013/Training/sad/sad_Training_9517.png,data/fer2013/Training/neutral/neutral_Training_18658.png,data/fer2013/Training/sad/sad_Training_1446.png,0.986948549747467,0.9771972894668579,0.9743931293487549,0.9712658524513245,0.9708540439605713,0.9698097705841064
data/fer2013/PublicTest/angry/angry_PublicTest_28811.png,neutral,6,1.0,neutral,data/fer2013/PublicTest/angry/angry_PublicTest_28811.png,neutral,neutral,neutral,neutral,neutral,neutral,data/fer2013/Training/neutral/neutral_Training_1745.png,data/fer2013/Training/sad/sad_Training_24885.png,data/fer2013/Training/neutral/neutral_Training_23204.png,data/fer2013/Training/fear/fear_Training_4068.png,data/fer2013/Training/neutral/neutral_Training_19629.png,data/fer2013/Training/fear/fear_Training_9232.png,0.9781398773193359,0.9722490310668945,0.9714614748954773,0.9710689783096313,0.967548131942749,0.9671789407730103
data/fer2013/PublicTest/happy/happy_PublicTest_28812.png,happy,3,1.0,happy,data/fer2013/PublicTest/happy/happy_PublicTest_28812.png,happy,happy,happy,happy,happy,happy,data/fer2013/Training/happy/happy_Training_22409.png,data/fer2013/Training/happy/happy_Training_3978.png,data/fer2013/Training/happy/happy_Training_20543.png,data/fer2013/Training/happy/happy_Training_15927.png,data/fer2013/Training/happy/happy_Training_20247.png,data/fer2013/Training/happy/happy_Training_27197.png,0.9908991456031799,0.987341046333313,0.9869234561920166,0.9867029190063477,0.986050546169281,0.9858797788619995
data/fer2013/PublicTest/fear/fear_PublicTest_28813.png,angry,0,0.625,angry,data/fer2013/PublicTest/fear/fear_PublicTest_28813.png,angry,angry,angry,angry,angry,angry,data/fer2013/Training/fear/fear_Training_18569.png,data/fer2013/Training/fear/fear_Training_19740.png,data/fer2013/Training/angry/angry_Training_434.png,data/fer2013/Training/fear/fear_Training_1743.png,data/fer2013/Training/angry/angry_Training_12968.png,data/fer2013/Training/angry/angry_Training_28145.png,0.984643280506134,0.9755780696868896,0.975390613079071,0.9742062091827393,0.9727098941802979,0.968960165977478
data/fer2013/PublicTest/neutral/neutral_PublicTest_28815.png,neutral,6,1.0,neutral,data/fer2013/PublicTest/neutral/neutral_PublicTest_28815.png,neutral,neutral,sad,neutral,neutral,neutral,data/fer2013/Training/neutral/neutral_Training_4354.png,data/fer2013/Training/neutral/neutral_Training_9252.png,data/fer2013/Training/sad/sad_Training_13065.png,data/fer2013/Training/sad/sad_Training_25961.png,data/fer2013/Training/neutral/neutral_Training_12991.png,data/fer2013/Training/neutral/neutral_Training_27958.png,0.9886822700500488,0.9809274673461914,0.9757072925567627,0.9737849235534668,0.9706377983093262,0.9705620408058167
data/fer2013/PublicTest/neutral/neutral_PublicTest_28816.png,neutral,6,1.0,neutral,data/fer2013/PublicTest/neutral/neutral_PublicTest_28816.png,neutral,neutral,neutral,neutral,neutral,neutral,data/fer2013/Training/sad/sad_Training_5217.png,data/fer2013/Training/neutral/neutral_Training_17276.png,data/fer2013/Training/sad/sad_Training_5900.png,data/fer2013/Training/neutral/neutral_Training_2664.png,data/fer2013/Training/neutral/neutral_Training_23824.png,data/fer2013/Training/neutral/neutral_Training_18411.png,0.9853971004486084,0.9853503704071045,0.9848007559776306,0.9841561913490295,0.9813952445983887,0.9787094593048096
data/fer2013/PublicTest/surprise/surprise_PublicTest_28817.png,surprise,5,1.0,surprise,data/fer2013/PublicTest/surprise/surprise_PublicTest_28817.png,surprise,surprise,surprise,surprise,surprise,surprise,data/fer2013/Training/surprise/surprise_Training_1583.png,data/fer2013/Training/surprise/surprise_Training_25665.png,data/fer2013/Training/surprise/surprise_Training_22341.png,data/fer2013/Training/surprise/surprise_Training_8589.png,data/fer2013/Training/surprise/surprise_Training_22497.png,data/fer2013/Training/surprise/surprise_Training_16940.png,0.9889532327651978,0.9833284616470337,0.9819544553756714,0.9818453788757324,0.979555070400238,0.9790595769882202
data/fer2013/PublicTest/happy/happy_PublicTest_28818.png,happy,3,1.0,happy,data/fer2013/PublicTest/happy/happy_PublicTest_28818.png,happy,happy,happy,happy,happy,happy,data/fer2013/Training/happy/happy_Training_6416.png,data/fer2013/Training/happy/happy_Training_4025.png,data/fer2013/Training/happy/happy_Training_21579.png,data/fer2013/Training/happy/happy_Training_18726.png,data/fer2013/Training/happy/happy_Training_14427.png,data/fer2013/Training/happy/happy_Training_23789.png,0.9969125390052795,0.9964697957038879,0.9961457252502441,0.9946761727333069,0.9940811395645142,0.9936352372169495
data/fer2013/PublicTest/happy/happy_PublicTest_28819.png,happy,3,1.0,happy,data/fer2013/PublicTest/happy/happy_PublicTest_28819.png,happy,happy,happy,happy,happy,happy,data/fer2013/Training/happy/happy_Training_16795.png,data/fer2013/Training/happy/happy_Training_20502.png,data/fer2013/Training/happy/happy_Training_16573.png,data/fer2013/Training/happy/happy_Training_27031.png,data/fer2013/Training/happy/happy_Training_26668.png,data/fer2013/Training/happy/happy_Training_11923.png,0.998632550239563,0.9951511025428772,0.994908332824707,0.9943439364433289,0.993004322052002,0.9927200675010681
data/fer2013/PublicTest/angry/angry_PublicTest_28820.png,angry,0,1.0,angry,data/fer2013/PublicTest/angry/angry_PublicTest_28820.png,angry,angry,angry,angry,angry,angry,data/fer2013/Training/angry/angry_Training_25511.png,data/fer2013/Training/angry/angry_Training_17262.png,data/fer2013/Training/fear/fear_Training_6227.png,data/fer2013/Training/fear/fear_Training_20453.png,data/fer2013/Training/fear/fear_Training_12934.png,data/fer2013/Training/angry/angry_Training_12747.png,0.9964349269866943,0.9947318434715271,0.9931163191795349,0.9910039901733398,0.990780770778656,0.9906994104385376
data/fer2013/PublicTest/happy/happy_PublicTest_28823.png,happy,3,1.0,happy,data/fer2013/PublicTest/happy/happy_PublicTest_28823.png,happy,happy,happy,happy,happy,happy,data/fer2013/Training/happy/happy_Training_14673.png,data/fer2013/Training/happy/happy_Training_17346.png,data/fer2013/Training/happy/happy_Training_15058.png,data/fer2013/Training/happy/happy_Training_5718.png,data/fer2013/Training/happy/happy_Training_11903.png,data/fer2013/Training/happy/happy_Training_13473.png,0.9979685544967651,0.9975669980049133,0.9954966306686401,0.9953800439834595,0.9950637221336365,0.9948825240135193
data/fer2013/PublicTest/happy/happy_PublicTest_28825.png,happy,3,1.0,happy,data/fer2013/PublicTest/happy/happy_PublicTest_28825.png,happy,happy,happy,happy,happy,happy,data/fer2013/Training/happy/happy_Training_24817.png,data/fer2013/Training/happy/happy_Training_7907.png,data/fer2013/Training/happy/happy_Training_4741.png,data/fer2013/Training/happy/happy_Training_27563.png,data/fer2013/Training/surprise/surprise_Training_22129.png,data/fer2013/Training/happy/happy_Training_6677.png,0.9643492698669434,0.9584193229675293,0.957539975643158,0.9575020670890808,0.956549882888794,0.9551443457603455
data/fer2013/PublicTest/neutral/neutral_PublicTest_28826.png,neutral,6,1.0,neutral,data/fer2013/PublicTest/neutral/neutral_PublicTest_28826.png,neutral,neutral,neutral,neutral,neutral,neutral,data/fer2013/Training/neutral/neutral_Training_442.png,data/fer2013/Training/neutral/neutral_Training_18277.png,data/fer2013/Training/neutral/neutral_Training_14916.png,data/fer2013/Training/neutral/neutral_Training_4998.png,data/fer2013/Training/neutral/neutral_Training_15989.png,data/fer2013/Training/neutral/neutral_Training_14467.png,0.9860569834709167,0.9839291572570801,0.979902446269989,0.9761562347412109,0.9755129218101501,0.9720382690429688
data/fer2013/PublicTest/fear/fear_PublicTest_28827.png,fear,2,0.75,fear,data/fer2013/PublicTest/fear/fear_PublicTest_28827.png,sad,fear,fear,fear,surprise,sad,data/fer2013/Training/fear/fear_Training_16236.png,data/fer2013/Training/fear/fear_Training_21485.png,data/fer2013/Training/fear/fear_Training_24098.png,data/fer2013/Training/fear/fear_Training_8730.png,data/fer2013/Training/fear/fear_Training_13694.png,data/fer2013/Training/fear/fear_Training_10169.png,0.974698007106781,0.9638787508010864,0.9594576954841614,0.9561651945114136,0.9527983665466309,0.9502748250961304
data/fer2013/PublicTest/neutral/neutral_PublicTest_28828.png,neutral,6,0.75,neutral,data/fer2013/PublicTest/neutral/neutral_PublicTest_28828.png,neutral,neutral,neutral,neutral,neutral,neutral,data/fer2013/Training/angry/angry_Training_13481.png,data/fer2013/Training/neutral/neutral_Training_15641.png,data/fer2013/Training/neutral/neutral_Training_12656.png,data/fer2013/Training/neutral/neutral_Training_672.png,data/fer2013/Training/neutral/neutral_Training_28005.png,data/fer2013/Training/neutral/neutral_Training_13708.png,0.9645624756813049,0.955096960067749,0.952692985534668,0.9522500038146973,0.9518011212348938,0.9517950415611267
data/fer2013/PublicTest/surprise/surprise_PublicTest_28829.png,surprise,5,1.0,surprise,data/fer2013/PublicTest/surprise/surprise_PublicTest_28829.png,surprise,surprise,surprise,surprise,surprise,surprise,data/fer2013/Training/surprise/surprise_Training_24758.png,data/fer2013/Training/surprise/surprise_Training_7372.png,data/fer2013/Training/surprise/surprise_Training_22921.png,data/fer2013/Training/surprise/surprise_Training_960.png,data/fer2013/Training/surprise/surprise_Training_20300.png,data/fer2013/Training/surprise/surprise_Training_10820.png,0.9977265000343323,0.9968423843383789,0.9965322017669678,0.9962238073348999,0.995902955532074,0.9952203035354614
data/fer2013/PublicTest/angry/angry_PublicTest_28831.png,angry,0,0.556,angry,data/fer2013/PublicTest/angry/angry_PublicTest_28831.png,angry,angry,angry,angry,angry,angry,data/fer2013/Training/angry/angry_Training_1160.png,data/fer2013/Training/angry/angry_Training_12254.png,data/fer2013/Training/angry/angry_Training_2070.png,data/fer2013/Training/angry/angry_Training_10959.png,data/fer2013/Training/disgust/disgust_Training_26002.png,data/fer2013/Training/disgust/disgust_Training_22749.png,0.96712726354599,0.9645496606826782,0.9634791016578674,0.9626544117927551,0.9535655975341797,0.9517101645469666
data/fer2013/PublicTest/fear/fear_PublicTest_28832.png,sad,4,0.6,fear,data/fer2013/PublicTest/fear/fear_PublicTest_28832.png,fear,sad,fear,fear,fear,fear,data/fer2013/Training/fear/fear_Training_16788.png,data/fer2013/Training/fear/fear_Training_7557.png,data/fer2013/Training/fear/fear_Training_11782.png,data/fer2013/Training/fear/fear_Training_2132.png,data/fer2013/Training/fear/fear_Training_1367.png,data/fer2013/Training/fear/fear_Training_26788.png,0.9991825819015503,0.9947254657745361,0.990841269493103,0.9901691675186157,0.9869819283485413,0.9869819283485413
data/fer2013/PublicTest/sad/sad_PublicTest_28833.png,sad,4,1.0,sad,data/fer2013/PublicTest/sad/sad_PublicTest_28833.png,sad,sad,sad,sad,sad,sad,data/fer2013/Training/sad/sad_Training_11510.png,data/fer2013/Training/sad/sad_Training_23490.png,data/fer2013/Training/sad/sad_Training_21746.png,data/fer2013/Training/sad/sad_Training_3974.png,data/fer2013/Training/sad/sad_Training_10519.png,data/fer2013/Training/sad/sad_Training_9900.png,0.9880079030990601,0.9827429056167603,0.9821186065673828,0.9821064472198486,0.9817950129508972,0.98133784532547
data/fer2013/PublicTest/neutral/neutral_PublicTest_28834.png,neutral,6,1.0,happy,data/fer2013/PublicTest/neutral/neutral_PublicTest_28834.png,happy,neutral,happy,neutral,happy,happy,data/fer2013/Training/fear/fear_Training_24720.png,data/fer2013/Training/happy/happy_Training_14469.png,data/fer2013/Training/neutral/neutral_Training_14311.png,data/fer2013/Training/neutral/neutral_Training_21121.png,data/fer2013/Training/happy/happy_Training_22711.png,data/fer2013/Training/happy/happy_Training_4246.png,0.9458551406860352,0.9413909316062927,0.9319260716438293,0.9298474788665771,0.9232473969459534,0.9205852746963501
data/fer2013/PublicTest/happy/happy_PublicTest_28835.png,happy,3,0.7,happy,data/fer2013/PublicTest/happy/happy_PublicTest_28835.png,surprise,surprise,happy,happy,happy,happy,data/fer2013/Training/surprise/surprise_Training_15469.png,data/fer2013/Training/surprise/surprise_Training_19795.png,data/fer2013/Training/surprise/surprise_Training_17063.png,data/fer2013/Training/surprise/surprise_Training_13298.png,data/fer2013/Training/surprise/surprise_Training_28643.png,data/fer2013/Training/happy/happy_Training_22363.png,0.9709621667861938,0.9667365550994873,0.9627447128295898,0.95613694190979,0.9438624382019043,0.9415556788444519
data/fer2013/PublicTest/neutral/neutral_PublicTest_28836.png,neutral,6,1.0,neutral,data/fer2013/PublicTest/neutral/neutral_PublicTest_28836.png,neutral,neutral,neutral,neutral,neutral,neutral,data/fer2013/Training/sad/sad_Training_12944.png,data/fer2013/Training/neutral/neutral_Training_19615.png,data/fer2013/Training/neutral/neutral_Training_22100.png,data/fer2013/Training/neutral/neutral_Training_22415.png,data/fer2013/Training/neutral/neutral_Training_15021.png,data/fer2013/Training/neutral/neutral_Training_570.png,0.9947031140327454,0.9910310506820679,0.9893189668655396,0.9857039451599121,0.9846773743629456,0.9822489023208618
data/fer2013/PublicTest/surprise/surprise_PublicTest_28837.png,happy,3,0.625,surprise,data/fer2013/PublicTest/surprise/surprise_PublicTest_28837.png,surprise,happy,happy,surprise,happy,happy,data/fer2013/Training/surprise/surprise_Training_4732.png,data/fer2013/Training/happy/happy_Training_11681.png,data/fer2013/Training/surprise/surprise_Training_23603.png,data/fer2013/Training/surprise/surprise_Training_4116.png,data/fer2013/Training/happy/happy_Training_14327.png,data/fer2013/Training/surprise/surprise_Training_15182.png,0.9960160851478577,0.9575222730636597,0.9502485990524292,0.9480879306793213,0.9368672370910645,0.923025369644165
data/fer2013/PublicTest/surprise/surprise_PublicTest_28838.png,surprise,5,0.556,surprise,data/fer2013/PublicTest/surprise/surprise_PublicTest_28838.png,surprise,surprise,surprise,surprise,surprise,surprise,data/fer2013/Training/surprise/surprise_Training_3008.png,data/fer2013/Training/surprise/surprise_Training_11257.png,data/fer2013/Training/surprise/surprise_Training_15888.png,data/fer2013/Training/fear/fear_Training_13728.png,data/fer2013/Training/fear/fear_Training_21102.png,data/fer2013/Training/surprise/surprise_Training_6834.png,0.9945127964019775,0.9875372052192688,0.9847972393035889,0.9835594296455383,0.9835594296455383,0.9783970713615417
data/fer2013/PublicTest/fear/fear_PublicTest_28839.png,neutral,6,0.778,neutral,data/fer2013/PublicTest/fear/fear_PublicTest_28839.png,neutral,neutral,neutral,neutral,neutral,neutral,data/fer2013/Training/angry/angry_Training_22242.png,data/fer2013/Training/sad/sad_Training_1511.png,data/fer2013/Training/neutral/neutral_Training_17828.png,data/fer2013/Training/neutral/neutral_Training_26134.png,data/fer2013/Training/sad/sad_Training_7742.png,data/fer2013/Training/sad/sad_Training_4734.png,0.9933068752288818,0.9803555011749268,0.9790100455284119,0.9765342473983765,0.9760138988494873,0.9750885367393494
data/fer2013/PublicTest/angry/angry_PublicTest_28840.png,neutral,6,1.0,neutral,data/fer2013/PublicTest/angry/angry_PublicTest_28840.png,neutral,neutral,neutral,neutral,neutral,neutral,data/fer2013/Training/angry/angry_Training_4271.png,data/fer2013/Training/sad/sad_Training_1531.png,data/fer2013/Training/angry/angry_Training_19683.png,data/fer2013/Training/neutral/neutral_Training_22735.png,data/fer2013/Training/sad/sad_Training_10313.png,data/fer2013/Training/angry/angry_Training_3096.png,0.9857754707336426,0.9801112413406372,0.9765591025352478,0.9750778675079346,0.9652872085571289,0.9606466293334961
data/fer2013/PublicTest/neutral/neutral_PublicTest_28842.png,neutral,6,1.0,neutral,data/fer2013/PublicTest/neutral/neutral_PublicTest_28842.png,neutral,neutral,neutral,neutral,neutral,neutral,data/fer2013/Training/neutral/neutral_Training_15324.png,data/fer2013/Training/neutral/neutral_Training_10024.png,data/fer2013/Training/neutral/neutral_Training_23045.png,data/fer2013/Training/neutral/neutral_Training_592.png,data/fer2013/Training/neutral/neutral_Training_19401.png,data/fer2013/Training/happy/happy_Training_27693.png,0.9705851674079895,0.9616715908050537,0.9593955278396606,0.9593955278396606,0.9584763050079346,0.9552182555198669
data/fer2013/PublicTest/surprise/surprise_PublicTest_28843.png,surprise,5,1.0,surprise,data/fer2013/PublicTest/surprise/surprise_PublicTest_28843.png,surprise,surprise,surprise,surprise,surprise,surprise,data/fer2013/Training/happy/happy_Training_4224.png,data/fer2013/Training/surprise/surprise_Training_14324.png,data/fer2013/Training/surprise/surprise_Training_10337.png,data/fer2013/Training/surprise/surprise_Training_9503.png,data/fer2013/Training/surprise/surprise_Training_25679.png,data/fer2013/Training/surprise/surprise_Training_23922.png,0.9884750247001648,0.9849978685379028,0.9844987392425537,0.9836277961730957,0.982553243637085,0.9824012517929077
data/fer2013/PublicTest/surprise/surprise_PublicTest_28844.png,surprise,5,1.0,surprise,data/fer2013/PublicTest/surprise/surprise_PublicTest_28844.png,surprise,surprise,surprise,surprise,surprise,surprise,data/fer2013/Training/surprise/surprise_Training_22311.png,data/fer2013/Training/surprise/surprise_Training_12942.png,data/fer2013/Training/surprise/surprise_Training_13023.png,data/fer2013/Training/surprise/surprise_Training_23796.png,data/fer2013/Training/surprise/surprise_Training_14177.png,data/fer2013/Training/surprise/surprise_Training_11865.png,0.9973555207252502,0.9941871166229248,0.993963360786438,0.993963360786438,0.993963360786438,0.9938814043998718
data/fer2013/PublicTest/surprise/surprise_PublicTest_28845.png,surprise,5,1.0,surprise,data/fer2013/PublicTest/surprise/surprise_PublicTest_28845.png,surprise,surprise,surprise,surprise,surprise,surprise,data/fer2013/Training/fear/fear_Training_11559.png,data/fer2013/Training/fear/fear_Training_5686.png,data/fer2013/Training/surprise/surprise_Training_1369.png,data/fer2013/Training/surprise/surprise_Training_17825.png,data/fer2013/Training/surprise/surprise_Training_2596.png,data/fer2013/Training/surprise/surprise_Training_20015.png,0.9884347915649414,0.9836302399635315,0.9787584543228149,0.9787584543228149,0.9787584543228149,0.9787584543228149
data/fer2013/PublicTest/neutral/neutral_PublicTest_28846.png,happy,3,1.0,happy,data/fer2013/PublicTest/neutral/neutral_PublicTest_28846.png,happy,happy,happy,happy,happy,happy,data/fer2013/Training/happy/happy_Training_18041.png,data/fer2013/Training/happy/happy_Training_25966.png,data/fer2013/Training/happy/happy_Training_19154.png,data/fer2013/Training/happy/happy_Training_5270.png,data/fer2013/Training/happy/happy_Training_10543.png,data/fer2013/Training/happy/happy_Training_196.png,0.9943448305130005,0.9926050305366516,0.9924034476280212,0.9918527603149414,0.9915604591369629,0.991214394569397
data/fer2013/PublicTest/fear/fear_PublicTest_28847.png,neutral,6,0.571,neutral,data/fer2013/PublicTest/fear/fear_PublicTest_28847.png,neutral,neutral,neutral,neutral,neutral,neutral,data/fer2013/Training/angry/angry_Training_4011.png,data/fer2013/Training/sad/sad_Training_6957.png,data/fer2013/Training/neutral/neutral_Training_12992.png,data/fer2013/Training/fear/fear_Training_22597.png,data/fer2013/Training/angry/angry_Training_3274.png,data/fer2013/Training/fear/fear_Training_24700.png,0.9781535863876343,0.9762699604034424,0.9760828614234924,0.96684730052948,0.9654185771942139,0.9653527736663818
data/fer2013/PublicTest/neutral/neutral_PublicTest_28848.png,neutral,6,1.0,neutral,data/fer2013/PublicTest/neutral/neutral_PublicTest_28848.png,neutral,neutral,neutral,neutral,neutral,neutral,data/fer2013/Training/angry/angry_Training_22205.png,data/fer2013/Training/neutral/neutral_Training_10479.png,data/fer2013/Training/neutral/neutral_Training_3140.png,data/fer2013/Training/neutral/neutral_Training_28540.png,data/fer2013/Training/neutral/neutral_Training_16732.png,data/fer2013/Training/neutral/neutral_Training_19024.png,0.9869762063026428,0.9868263006210327,0.984807014465332,0.9845422506332397,0.9811062216758728,0.9805281758308411
data/fer2013/PublicTest/neutral/neutral_PublicTest_28849.png,neutral,6,1.0,neutral,data/fer2013/PublicTest/neutral/neutral_PublicTest_28849.png,neutral,neutral,neutral,neutral,neutral,neutral,data/fer2013/Training/neutral/neutral_Training_13527.png,data/fer2013/Training/fear/fear_Training_19779.png,data/fer2013/Training/neutral/neutral_Training_18717.png,data/fer2013/Training/sad/sad_Training_6252.png,data/fer2013/Training/neutral/neutral_Training_5895.png,data/fer2013/Training/neutral/neutral_Training_3798.png,0.9939345717430115,0.9914149641990662,0.9910647869110107,0.9906445145606995,0.9905872941017151,0.9904652237892151
data/fer2013/PublicTest/happy/happy_PublicTest_28850.png,happy,3,1.0,happy,data/fer2013/PublicTest/happy/happy_PublicTest_28850.png,happy,neutral,happy,happy,happy,happy,data/fer2013/Training/happy/happy_Training_9957.png,data/fer2013/Training/neutral/neutral_Training_16870.png,data/fer2013/Training/happy/happy_Training_14629.png,data/fer2013/Training/neutral/neutral_Training_25625.png,data/fer2013/Training/neutral/neutral_Training_19739.png,data/fer2013/Training/happy/happy_Training_13872.png,0.9794793128967285,0.9315236806869507,0.9277098178863525,0.9257108569145203,0.9255155920982361,0.9160085320472717
data/fer2013/PublicTest/sad/sad_PublicTest_28852.png,neutral,6,1.0,sad,data/fer2013/PublicTest/sad/sad_PublicTest_28852.png,neutral,neutral,neutral,angry,neutral,neutral,data/fer2013/Training/fear/fear_Training_13252.png,data/fer2013/Training/neutral/neutral_Training_8798.png,data/fer2013/Training/sad/sad_Training_19893.png,data/fer2013/Training/angry/angry_Training_10819.png,data/fer2013/Training/neutral/neutral_Training_19325.png,data/fer2013/Training/sad/sad_Training_21052.png,0.9771844148635864,0.9718017578125,0.9706605672836304,0.9701513051986694,0.9699043035507202,0.9680860638618469
data/fer2013/PublicTest/sad/sad_PublicTest_28853.png,sad,4,0.556,neutral,data/fer2013/PublicTest/sad/sad_PublicTest_28853.png,neutral,neutral,neutral,neutral,neutral,neutral,data/fer2013/Training/sad/sad_Training_8981.png,data/fer2013/Training/fear/fear_Training_15347.png,data/fer2013/Training/sad/sad_Training_16985.png,data/fer2013/Training/angry/angry_Training_8593.png,data/fer2013/Training/neutral/neutral_Training_2158.png,data/fer2013/Training/neutral/neutral_Training_4894.png,0.992900013923645,0.991463303565979,0.986282467842102,0.9845008254051208,0.9835971593856812,0.9825356602668762
data/fer2013/PublicTest/neutral/neutral_PublicTest_28854.png,neutral,6,0.7,neutral,data/fer2013/PublicTest/neutral/neutral_PublicTest_28854.png,neutral,neutral,neutral,neutral,neutral,neutral,data/fer2013/Training/neutral/neutral_Training_6636.png,data/fer2013/Training/neutral/neutral_Training_14410.png,data/fer2013/Training/neutral/neutral_Training_22742.png,data/fer2013/Training/sad/sad_Training_9214.png,data/fer2013/Training/neutral/neutral_Training_15895.png,data/fer2013/Training/neutral/neutral_Training_5367.png,0.9883483648300171,0.983318030834198,0.9829778075218201,0.982936680316925,0.9816826581954956,0.9815194606781006
data/fer2013/PublicTest/happy/happy_PublicTest_28855.png,happy,3,1.0,happy,data/fer2013/PublicTest/happy/happy_PublicTest_28855.png,happy,happy,happy,happy,happy,happy,data/fer2013/Training/happy/happy_Training_7975.png,data/fer2013/Training/happy/happy_Training_6367.png,data/fer2013/Training/happy/happy_Training_2141.png,data/fer2013/Training/happy/happy_Training_2774.png,data/fer2013/Training/happy/happy_Training_15135.png,data/fer2013/Training/happy/happy_Training_7971.png,0.9985226988792419,0.9979142546653748,0.9974867105484009,0.9973442554473877,0.9971759915351868,0.9967460632324219
data/fer2013/PublicTest/happy/happy_PublicTest_28856.png,happy,3,1.0,happy,data/fer2013/PublicTest/happy/happy_PublicTest_28856.png,happy,happy,happy,happy,happy,happy,data/fer2013/Training/happy/happy_Training_25533.png,data/fer2013/Training/happy/happy_Training_2917.png,data/fer2013/Training/happy/happy_Training_6432.png,data/fer2013/Training/happy/happy_Training_6001.png,data/fer2013/Training/happy/happy_Training_18796.png,data/fer2013/Training/happy/happy_Training_9144.png,0.9938145875930786,0.9909843802452087,0.9879566431045532,0.9868795871734619,0.9863884449005127,0.9842069745063782
data/fer2013/PublicTest/happy/happy_PublicTest_28857.png,happy,3,1.0,happy,data/fer2013/PublicTest/happy/happy_PublicTest_28857.png,happy,happy,happy,happy,happy,happy,data/fer2013/Training/happy/happy_Training_3345.png,data/fer2013/Training/happy/happy_Training_19812.png,data/fer2013/Training/happy/happy_Training_21940.png,data/fer2013/Training/happy/happy_Training_2310.png,data/fer2013/Training/happy/happy_Training_24966.png,data/fer2013/Training/happy/happy_Training_21228.png,0.9916992783546448,0.9890066981315613,0.9871050715446472,0.9850119352340698,0.9803972840309143,0.9800297617912292
data/fer2013/PublicTest/fear/fear_PublicTest_28858.png,sad,4,0.625,fear,data/fer2013/PublicTest/fear/fear_PublicTest_28858.png,contempt,fear,neutral,surprise,neutral,sad,data/fer2013/Training/fear/fear_Training_23989.png,data/fer2013/Training/angry/angry_Training_6584.png,data/fer2013/Training/angry/angry_Training_6134.png,data/fer2013/Training/angry/angry_Training_5422.png,data/fer2013/Training/fear/fear_Training_12163.png,data/fer2013/Training/sad/sad_Training_3337.png,0.9520939588546753,0.9486788511276245,0.9484409093856812,0.9467333555221558,0.9442766904830933,0.9365460872650146
data/fer2013/PublicTest/angry/angry_PublicTest_28860.png,angry,0,1.0,angry,data/fer2013/PublicTest/angry/angry_PublicTest_28860.png,angry,angry,angry,angry,angry,angry,data/fer2013/Training/angry/angry_Training_1595.png,data/fer2013/Training/angry/angry_Training_1225.png,data/fer2013/Training/angry/angry_Training_9293.png,data/fer2013/Training/angry/angry_Training_1392.png,data/fer2013/Training/angry/angry_Training_21505.png,data/fer2013/Training/angry/angry_Training_12540.png,0.9984042048454285,0.9908363819122314,0.9904906153678894,0.988159716129303,0.9879658818244934,0.9877482652664185
data/fer2013/PublicTest/surprise/surprise_PublicTest_28861.png,surprise,5,0.7,surprise,data/fer2013/PublicTest/surprise/surprise_PublicTest_28861.png,happy,surprise,surprise,surprise,surprise,surprise,data/fer2013/Training/surprise/surprise_Training_5866.png,data/fer2013/Training/happy/happy_Training_18199.png,data/fer2013/Training/happy/happy_Training_17040.png,data/fer2013/Training/surprise/surprise_Training_28023.png,data/fer2013/Training/surprise/surprise_Training_21308.png,data/fer2013/Training/surprise/surprise_Training_25468.png,0.9919605255126953,0.9907371997833252,0.9843694567680359,0.9823963642120361,0.9802768230438232,0.9802768230438232
data/fer2013/PublicTest/happy/happy_PublicTest_28862.png,happy,3,1.0,happy,data/fer2013/PublicTest/happy/happy_PublicTest_28862.png,happy,happy,happy,happy,happy,happy,data/fer2013/Training/happy/happy_Training_23478.png,data/fer2013/Training/happy/happy_Training_3701.png,data/fer2013/Training/happy/happy_Training_21617.png,data/fer2013/Training/happy/happy_Training_15162.png,data/fer2013/Training/happy/happy_Training_24671.png,data/fer2013/Training/happy/happy_Training_14278.png,0.9977207779884338,0.9966120719909668,0.9963048696517944,0.9958112835884094,0.9957414865493774,0.9956672191619873
data/fer2013/PublicTest/surprise/surprise_PublicTest_28863.png,surprise,5,0.714,surprise,data/fer2013/PublicTest/surprise/surprise_PublicTest_28863.png,surprise,surprise,surprise,surprise,surprise,neutral,data/fer2013/Training/surprise/surprise_Training_9488.png,data/fer2013/Training/surprise/surprise_Training_28346.png,data/fer2013/Training/surprise/surprise_Training_194.png,data/fer2013/Training/surprise/surprise_Training_5003.png,data/fer2013/Training/surprise/surprise_Training_21072.png,data/fer2013/Training/surprise/surprise_Training_15766.png,0.9556060433387756,0.943579912185669,0.940237820148468,0.940237820148468,0.9384962320327759,0.9367246627807617
data/fer2013/PublicTest/surprise/surprise_PublicTest_28864.png,surprise,5,1.0,surprise,data/fer2013/PublicTest/surprise/surprise_PublicTest_28864.png,surprise,surprise,surprise,surprise,surprise,surprise,data/fer2013/Training/angry/angry_Training_21009.png,data/fer2013/Training/surprise/surprise_Training_16646.png,data/fer2013/Training/surprise/surprise_Training_24024.png,data/fer2013/Training/surprise/surprise_Training_24730.png,data/fer2013/Training/surprise/surprise_Training_19660.png,data/fer2013/Training/surprise/surprise_Training_27002.png,0.9932334423065186,0.9918007850646973,0.9916048049926758,0.9887534976005554,0.9887534976005554,0.988220751285553
data/fer2013/PublicTest/sad/sad_PublicTest_28865.png,sad,4,1.0,sad,data/fer2013/PublicTest/sad/sad_PublicTest_28865.png,sad,sad,sad,sad,sad,sad,data/fer2013/Training/fear/fear_Training_8819.png,data/fer2013/Training/fear/fear_Training_7349.png,data/fer2013/Training/sad/sad_Training_19627.png,data/fer2013/Training/sad/sad_Training_11940.png,data/fer2013/Training/sad/sad_Training_8026.png,data/fer2013/Training/angry/angry_Training_7559.png,0.9949055314064026,0.9930909276008606,0.992209792137146,0.9916930198669434,0.9908981323242188,0.990343451499939
data/fer2013/PublicTest/surprise/surprise_PublicTest_28866.png,surprise,5,0.8,surprise,data/fer2013/PublicTest/surprise/surprise_PublicTest_28866.png,surprise,surprise,surprise,surprise,surprise,surprise,data/fer2013/Training/surprise/surprise_Training_20464.png,data/fer2013/Training/surprise/surprise_Training_13521.png,data/fer2013/Training/surprise/surprise_Training_751.png,data/fer2013/Training/surprise/surprise_Training_18814.png,data/fer2013/Training/surprise/surprise_Training_160.png,data/fer2013/Training/surprise/surprise_Training_4809.png,0.9968604445457458,0.9968604445457458,0.9968463182449341,0.9968463182449341,0.9968417882919312,0.9961190223693848
data/fer2013/PublicTest/angry/angry_PublicTest_28867.png,angry,0,1.0,angry,data/fer2013/PublicTest/angry/angry_PublicTest_28867.png,angry,angry,angry,angry,angry,angry,data/fer2013/Training/angry/angry_Training_17868.png,data/fer2013/Training/angry/angry_Training_20798.png,data/fer2013/Training/angry/angry_Training_7457.png,data/fer2013/Training/angry/angry_Training_17829.png,data/fer2013/Training/fear/fear_Training_21499.png,data/fer2013/Training/angry/angry_Training_15390.png,0.9888074994087219,0.9844956994056702,0.9826889038085938,0.9820844531059265,0.9808418154716492,0.980744481086731
data/fer2013/PublicTest/happy/happy_PublicTest_28868.png,happy,3,1.0,happy,data/fer2013/PublicTest/happy/happy_PublicTest_28868.png,happy,happy,happy,happy,happy,happy,data/fer2013/Training/happy/happy_Training_2167.png,data/fer2013/Training/happy/happy_Training_8658.png,data/fer2013/Training/happy/happy_Training_26746.png,data/fer2013/Training/happy/happy_Training_19889.png,data/fer2013/Training/happy/happy_Training_12415.png,data/fer2013/Training/happy/happy_Training_17126.png,0.996423065662384,0.9953099489212036,0.9936798810958862,0.9936040043830872,0.9935134649276733,0.9926909804344177
data/fer2013/PublicTest/happy/happy_PublicTest_28870.png,happy,3,1.0,happy,data/fer2013/PublicTest/happy/happy_PublicTest_28870.png,happy,happy,happy,happy,happy,happy,data/fer2013/Training/happy/happy_Training_20506.png,data/fer2013/Training/happy/happy_Training_6271.png,data/fer2013/Training/happy/happy_Training_28071.png,data/fer2013/Training/happy/happy_Training_8740.png,data/fer2013/Training/happy/happy_Training_23135.png,data/fer2013/Training/happy/happy_Training_3496.png,0.9975048899650574,0.9974359273910522,0.9971451163291931,0.9967499375343323,0.9963840842247009,0.9963840842247009
data/fer2013/PublicTest/happy/happy_PublicTest_28871.png,happy,3,1.0,happy,data/fer2013/PublicTest/happy/happy_PublicTest_28871.png,happy,happy,happy,happy,happy,happy,data/fer2013/Training/happy/happy_Training_13496.png,data/fer2013/Training/happy/happy_Training_17250.png,data/fer2013/Training/happy/happy_Training_15494.png,data/fer2013/Training/happy/happy_Training_24235.png,data/fer2013/Training/happy/happy_Training_17487.png,data/fer2013/Training/happy/happy_Training_1202.png,0.9966752529144287,0.9957717061042786,0.9955363869667053,0.9952791929244995,0.9951363801956177,0.9946888089179993
data/fer2013/PublicTest/angry/angry_PublicTest_28872.png,sad,4,0.556,happy,data/fer2013/PublicTest/angry/angry_PublicTest_28872.png,happy,happy,happy,happy,happy,happy,data/fer2013/Training/happy/happy_Training_14756.png,data/fer2013/Training/happy/happy_Training_1355.png,data/fer2013/Training/happy/happy_Training_11349.png,data/fer2013/Training/happy/happy_Training_17224.png,data/fer2013/Training/happy/happy_Training_19370.png,data/fer2013/Training/happy/happy_Training_23101.png,0.9910432696342468,0.9894396662712097,0.9883773922920227,0.9858211278915405,0.9851767420768738,0.9828020334243774
data/fer2013/PublicTest/neutral/neutral_PublicTest_28874.png,neutral,6,1.0,neutral,data/fer2013/PublicTest/neutral/neutral_PublicTest_28874.png,neutral,neutral,neutral,neutral,neutral,neutral,data/fer2013/Training/angry/angry_Training_1242.png,data/fer2013/Training/angry/angry_Training_17223.png,data/fer2013/Training/angry/angry_Training_18139.png,data/fer2013/Training/neutral/neutral_Training_24443.png,data/fer2013/Training/neutral/neutral_Training_4923.png,data/fer2013/Training/sad/sad_Training_24251.png,0.9928329586982727,0.9888327121734619,0.9878013134002686,0.9857125878334045,0.9832874536514282,0.9820190668106079
data/fer2013/PublicTest/happy/happy_PublicTest_28875.png,neutral,6,0.7,neutral,data/fer2013/PublicTest/happy/happy_PublicTest_28875.png,neutral,neutral,neutral,neutral,neutral,neutral,data/fer2013/Training/neutral/neutral_Training_10512.png,data/fer2013/Training/neutral/neutral_Training_26971.png,data/fer2013/Training/sad/sad_Training_11570.png,data/fer2013/Training/sad/sad_Training_28392.png,data/fer2013/Training/neutral/neutral_Training_23343.png,data/fer2013/Training/neutral/neutral_Training_6813.png,0.9921269416809082,0.9921269416809082,0.9842338562011719,0.984084963798523,0.9836350679397583,0.9799052476882935
data/fer2013/PublicTest/sad/sad_PublicTest_28876.png,sad,4,0.556,sad,data/fer2013/PublicTest/sad/sad_PublicTest_28876.png,neutral,neutral,sad,neutral,sad,sad,data/fer2013/Training/fear/fear_Training_10761.png,data/fer2013/Training/fear/fear_Training_1366.png,data/fer2013/Training/sad/sad_Training_25812.png,data/fer2013/Training/sad/sad_Training_12967.png,data/fer2013/Training/neutral/neutral_Training_16987.png,data/fer2013/Training/sad/sad_Training_19864.png,0.9301959276199341,0.9289470314979553,0.9240898489952087,0.9127844572067261,0.907021164894104,0.9067176580429077
data/fer2013/PublicTest/surprise/surprise_PublicTest_28877.png,surprise,5,1.0,surprise,data/fer2013/PublicTest/surprise/surprise_PublicTest_28877.png,surprise,surprise,surprise,surprise,surprise,surprise,data/fer2013/Training/surprise/surprise_Training_6160.png,data/fer2013/Training/surprise/surprise_Training_8382.png,data/fer2013/Training/surprise/surprise_Training_15011.png,data/fer2013/Training/surprise/surprise_Training_16526.png,data/fer2013/Training/surprise/surprise_Training_28306.png,data/fer2013/Training/surprise/surprise_Training_10963.png,0.9938046336174011,0.9885439872741699,0.9881612658500671,0.9879655838012695,0.9876340627670288,0.9876340627670288
data/fer2013/PublicTest/happy/happy_PublicTest_28878.png,neutral,6,0.8,neutral,data/fer2013/PublicTest/happy/happy_PublicTest_28878.png,neutral,happy,neutral,happy,happy,neutral,data/fer2013/Training/neutral/neutral_Training_3805.png,data/fer2013/Training/neutral/neutral_Training_11160.png,data/fer2013/Training/neutral/neutral_Training_26912.png,data/fer2013/Training/happy/happy_Training_6906.png,data/fer2013/Training/neutral/neutral_Training_16030.png,data/fer2013/Training/neutral/neutral_Training_27442.png,0.9873207807540894,0.979022741317749,0.9764243960380554,0.9735384583473206,0.9684286713600159,0.9665151834487915
data/fer2013/PublicTest/neutral/neutral_PublicTest_28879.png,neutral,6,1.0,neutral,data/fer2013/PublicTest/neutral/neutral_PublicTest_28879.png,neutral,neutral,neutral,neutral,neutral,neutral,data/fer2013/Training/fear/fear_Training_11446.png,data/fer2013/Training/neutral/neutral_Training_26464.png,data/fer2013/Training/neutral/neutral_Training_6956.png,data/fer2013/Training/neutral/neutral_Training_1000.png,data/fer2013/Training/neutral/neutral_Training_23620.png,data/fer2013/Training/neutral/neutral_Training_24814.png,0.9928664565086365,0.9872704744338989,0.9829887747764587,0.976472795009613,0.9746273756027222,0.9745460152626038
data/fer2013/PublicTest/sad/sad_PublicTest_28880.png,sad,4,1.0,sad,data/fer2013/PublicTest/sad/sad_PublicTest_28880.png,sad,sad,sad,sad,sad,neutral,data/fer2013/Training/sad/sad_Training_14317.png,data/fer2013/Training/sad/sad_Training_20339.png,data/fer2013/Training/sad/sad_Training_18856.png,data/fer2013/Training/fear/fear_Training_17773.png,data/fer2013/Training/sad/sad_Training_26368.png,data/fer2013/Training/fear/fear_Training_10445.png,0.9974642992019653,0.9956442713737488,0.9936713576316833,0.9930277466773987,0.9919808506965637,0.9919023513793945
data/fer2013/PublicTest/surprise/surprise_PublicTest_28881.png,surprise,5,0.8,surprise,data/fer2013/PublicTest/surprise/surprise_PublicTest_28881.png,surprise,surprise,surprise,surprise,surprise,surprise,data/fer2013/Training/surprise/surprise_Training_22833.png,data/fer2013/Training/surprise/surprise_Training_25894.png,data/fer2013/Training/happy/happy_Training_2894.png,data/fer2013/Training/fear/fear_Training_1437.png,data/fer2013/Training/fear/fear_Training_8712.png,data/fer2013/Training/sad/sad_Training_14122.png,0.976028323173523,0.9717990756034851,0.9604171514511108,0.958509624004364,0.9570494890213013,0.95496666431427
data/fer2013/PublicTest/neutral/neutral_PublicTest_28882.png,neutral,6,1.0,neutral,data/fer2013/PublicTest/neutral/neutral_PublicTest_28882.png,neutral,neutral,neutral,neutral,neutral,neutral,data/fer2013/Training/neutral/neutral_Training_15819.png,data/fer2013/Training/neutral/neutral_Training_21258.png,data/fer2013/Training/angry/angry_Training_9930.png,data/fer2013/Training/neutral/neutral_Training_13.png,data/fer2013/Training/neutral/neutral_Training_17437.png,data/fer2013/Training/neutral/neutral_Training_19922.png,0.9905697107315063,0.9901127219200134,0.9836201667785645,0.9820762872695923,0.9814928770065308,0.98073410987854
data/fer2013/PublicTest/sad/sad_PublicTest_28886.png,neutral,6,1.0,neutral,data/fer2013/PublicTest/sad/sad_PublicTest_28886.png,neutral,neutral,neutral,neutral,neutral,neutral,data/fer2013/Training/neutral/neutral_Training_23200.png,data/fer2013/Training/sad/sad_Training_9966.png,data/fer2013/Training/neutral/neutral_Training_12215.png,data/fer2013/Training/neutral/neutral_Training_25805.png,data/fer2013/Training/neutral/neutral_Training_12670.png,data/fer2013/Training/sad/sad_Training_10642.png,0.986048698425293,0.9834513664245605,0.9831535816192627,0.9812397956848145,0.9812397956848145,0.9794086217880249
data/fer2013/PublicTest/sad/sad_PublicTest_28887.png,neutral,6,0.7,sad,data/fer2013/PublicTest/sad/sad_PublicTest_28887.png,sad,neutral,neutral,sad,sad,sad,data/fer2013/Training/sad/sad_Training_2635.png,data/fer2013/Training/sad/sad_Training_23952.png,data/fer2013/Training/sad/sad_Training_616.png,data/fer2013/Training/sad/sad_Training_7653.png,data/fer2013/Training/angry/angry_Training_25598.png,data/fer2013/Training/sad/sad_Training_27079.png,0.985653817653656,0.9793433547019958,0.9739831686019897,0.973781406879425,0.9713053703308105,0.9712322950363159
data/fer2013/PublicTest/surprise/surprise_PublicTest_28888.png,surprise,5,0.8,surprise,data/fer2013/PublicTest/surprise/surprise_PublicTest_28888.png,surprise,surprise,surprise,surprise,surprise,surprise,data/fer2013/Training/surprise/surprise_Training_22529.png,data/fer2013/Training/surprise/surprise_Training_24502.png,data/fer2013/Training/surprise/surprise_Training_18833.png,data/fer2013/Training/surprise/surprise_Training_12918.png,data/fer2013/Training/surprise/surprise_Training_16070.png,data/fer2013/Training/fear/fear_Training_12441.png,0.9928579926490784,0.9928579926490784,0.9914639592170715,0.9886757731437683,0.9886757731437683,0.9885219931602478
data/fer2013/PublicTest/sad/sad_PublicTest_28889.png,neutral,6,1.0,neutral,data/fer2013/PublicTest/sad/sad_PublicTest_28889.png,neutral,angry,neutral,neutral,sad,sad,data/fer2013/Training/sad/sad_Training_21739.png,data/fer2013/Training/angry/angry_Training_24854.png,data/fer2013/Training/angry/angry_Training_11268.png,data/fer2013/Training/sad/sad_Training_28060.png,data/fer2013/Training/neutral/neutral_Training_3502.png,data/fer2013/Training/sad/sad_Training_21953.png,0.9757001996040344,0.9753899574279785,0.9697722792625427,0.9655265808105469,0.9649295210838318,0.9639005661010742
data/fer2013/PublicTest/happy/happy_PublicTest_28890.png,happy,3,1.0,happy,data/fer2013/PublicTest/happy/happy_PublicTest_28890.png,happy,neutral,neutral,happy,happy,happy,data/fer2013/Training/happy/happy_Training_2813.png,data/fer2013/Training/happy/happy_Training_16157.png,data/fer2013/Training/neutral/neutral_Training_12910.png,data/fer2013/Training/happy/happy_Training_14737.png,data/fer2013/Training/angry/angry_Training_7886.png,data/fer2013/Training/happy/happy_Training_7785.png,0.974901556968689,0.9569616317749023,0.9557305574417114,0.95369952917099,0.9439432621002197,0.9429609775543213
data/fer2013/PublicTest/surprise/surprise_PublicTest_28891.png,fear,2,0.778,fear,data/fer2013/PublicTest/surprise/surprise_PublicTest_28891.png,sad,fear,fear,surprise,surprise,fear,data/fer2013/Training/fear/fear_Training_18015.png,data/fer2013/Training/fear/fear_Training_24763.png,data/fer2013/Training/fear/fear_Training_8812.png,data/fer2013/Training/surprise/surprise_Training_8837.png,data/fer2013/Training/surprise/surprise_Training_22473.png,data/fer2013/Training/fear/fear_Training_18830.png,0.9786089658737183,0.9760600924491882,0.9727866649627686,0.9709497094154358,0.9709497094154358,0.9705430269241333
data/fer2013/PublicTest/happy/happy_PublicTest_28892.png,happy,3,1.0,happy,data/fer2013/PublicTest/happy/happy_PublicTest_28892.png,happy,happy,happy,happy,happy,happy,data/fer2013/Training/happy/happy_Training_5417.png,data/fer2013/Training/happy/happy_Training_26160.png,data/fer2013/Training/happy/happy_Training_1368.png,data/fer2013/Training/happy/happy_Training_17379.png,data/fer2013/Training/happy/happy_Training_8722.png,data/fer2013/Training/happy/happy_Training_16604.png,0.9983092546463013,0.9969820976257324,0.9959168434143066,0.995782732963562,0.9955781698226929,0.9955757856369019
data/fer2013/PublicTest/happy/happy_PublicTest_28893.png,happy,3,1.0,happy,data/fer2013/PublicTest/happy/happy_PublicTest_28893.png,happy,happy,happy,happy,happy,happy,data/fer2013/Training/happy/happy_Training_8960.png,data/fer2013/Training/happy/happy_Training_27722.png,data/fer2013/Training/happy/happy_Training_24823.png,data/fer2013/Training/happy/happy_Training_19592.png,data/fer2013/Training/happy/happy_Training_21223.png,data/fer2013/Training/happy/happy_Training_5047.png,0.9888854026794434,0.9745850563049316,0.9736045598983765,0.972507119178772,0.9719873666763306,0.9705144762992859
data/fer2013/PublicTest/sad/sad_PublicTest_28895.png,neutral,6,0.6,neutral,data/fer2013/PublicTest/sad/sad_PublicTest_28895.png,neutral,neutral,neutral,neutral,neutral,neutral,data/fer2013/Training/sad/sad_Training_10753.png,data/fer2013/Training/sad/sad_Training_17415.png,data/fer2013/Training/neutral/neutral_Training_14135.png,data/fer2013/Training/sad/sad_Training_19544.png,data/fer2013/Training/neutral/neutral_Training_14817.png,data/fer2013/Training/sad/sad_Training_6833.png,0.9950773119926453,0.9950773119926453,0.9920900464057922,0.9906527400016785,0.9861136078834534,0.9842880368232727
data/fer2013/PublicTest/happy/happy_PublicTest_28896.png,happy,3,1.0,happy,data/fer2013/PublicTest/happy/happy_PublicTest_28896.png,happy,happy,happy,happy,happy,happy,data/fer2013/Training/happy/happy_Training_6783.png,data/fer2013/Training/neutral/neutral_Training_19789.png,data/fer2013/Training/happy/happy_Training_15748.png,data/fer2013/Training/happy/happy_Training_12495.png,data/fer2013/Training/happy/happy_Training_14254.png,data/fer2013/Training/happy/happy_Training_27792.png,0.9981261491775513,0.9960927963256836,0.994599461555481,0.9938844442367554,0.9928160905838013,0.9924970865249634
data/fer2013/PublicTest/happy/happy_PublicTest_28897.png,happy,3,1.0,happy,data/fer2013/PublicTest/happy/happy_PublicTest_28897.png,happy,happy,happy,happy,happy,happy,data/fer2013/Training/happy/happy_Training_14757.png,data/fer2013/Training/happy/happy_Training_11869.png,data/fer2013/Training/happy/happy_Training_22824.png,data/fer2013/Training/neutral/neutral_Training_19328.png,data/fer2013/Training/neutral/neutral_Training_2212.png,data/fer2013/Training/neutral/neutral_Training_23785.png,0.9930447340011597,0.9876680374145508,0.9876596927642822,0.9868787527084351,0.9863114356994629,0.9859296679496765
data/fer2013/PublicTest/happy/happy_PublicTest_28898.png,happy,3,1.0,happy,data/fer2013/PublicTest/happy/happy_PublicTest_28898.png,happy,happy,happy,happy,happy,happy,data/fer2013/Training/neutral/neutral_Training_12925.png,data/fer2013/Training/happy/happy_Training_8034.png,data/fer2013/Training/happy/happy_Training_25163.png,data/fer2013/Training/happy/happy_Training_3680.png,data/fer2013/Training/happy/happy_Training_28684.png,data/fer2013/Training/happy/happy_Training_1622.png,0.9983487725257874,0.997165858745575,0.996069610118866,0.9960337281227112,0.9956768751144409,0.995631754398346
data/fer2013/PublicTest/sad/sad_PublicTest_28899.png,sad,4,1.0,sad,data/fer2013/PublicTest/sad/sad_PublicTest_28899.png,sad,happy,sad,sad,sad,sad,data/fer2013/Training/angry/angry_Training_19520.png,data/fer2013/Training/sad/sad_Training_1405.png,data/fer2013/Training/sad/sad_Training_1067.png,data/fer2013/Training/sad/sad_Training_25315.png,data/fer2013/Training/sad/sad_Training_18330.png,data/fer2013/Training/sad/sad_Training_14519.png,0.9802314043045044,0.9547921419143677,0.9455707669258118,0.9426639676094055,0.9426639676094055,0.9412732720375061
data/fer2013/PublicTest/neutral/neutral_PublicTest_28900.png,neutral,6,0.8,neutral,data/fer2013/PublicTest/neutral/neutral_PublicTest_28900.png,neutral,neutral,neutral,neutral,neutral,neutral,data/fer2013/Training/neutral/neutral_Training_27994.png,data/fer2013/Training/neutral/neutral_Training_14150.png,data/fer2013/Training/angry/angry_Training_14870.png,data/fer2013/Training/neutral/neutral_Training_24981.png,data/fer2013/Training/neutral/neutral_Training_7789.png,data/fer2013/Training/neutral/neutral_Training_13808.png,0.9625299572944641,0.944370448589325,0.942487895488739,0.9335545897483826,0.9230009317398071,0.9148978590965271
data/fer2013/PublicTest/surprise/surprise_PublicTest_28901.png,neutral,6,0.667,neutral,data/fer2013/PublicTest/surprise/surprise_PublicTest_28901.png,neutral,neutral,neutral,neutral,neutral,neutral,data/fer2013/Training/neutral/neutral_Training_23929.png,data/fer2013/Training/happy/happy_Training_12705.png,data/fer2013/Training/surprise/surprise_Training_21103.png,data/fer2013/Training/sad/sad_Training_889.png,data/fer2013/Training/sad/sad_Training_12744.png,data/fer2013/Training/sad/sad_Training_21957.png,0.9651802182197571,0.9645994901657104,0.9628502130508423,0.9607428908348083,0.9603549242019653,0.9498189687728882
data/fer2013/PublicTest/surprise/surprise_PublicTest_28902.png,surprise,5,0.8,surprise,data/fer2013/PublicTest/surprise/surprise_PublicTest_28902.png,surprise,surprise,surprise,surprise,surprise,surprise,data/fer2013/Training/angry/angry_Training_23857.png,data/fer2013/Training/surprise/surprise_Training_6269.png,data/fer2013/Training/surprise/surprise_Training_14705.png,data/fer2013/Training/surprise/surprise_Training_7164.png,data/fer2013/Training/surprise/surprise_Training_27002.png,data/fer2013/Training/fear/fear_Training_6938.png,0.9982398748397827,0.9787492752075195,0.977898359298706,0.976284384727478,0.9760561585426331,0.9760561585426331
data/fer2013/PublicTest/happy/happy_PublicTest_28903.png,happy,3,1.0,happy,data/fer2013/PublicTest/happy/happy_PublicTest_28903.png,happy,happy,happy,happy,happy,happy,data/fer2013/Training/happy/happy_Training_9663.png,data/fer2013/Training/happy/happy_Training_1773.png,data/fer2013/Training/happy/happy_Training_25948.png,data/fer2013/Training/happy/happy_Training_25093.png,data/fer2013/Training/happy/happy_Training_5152.png,data/fer2013/Training/happy/happy_Training_21959.png,0.9977648258209229,0.9966074824333191,0.9965057969093323,0.99508136510849,0.994972825050354,0.9941465258598328
data/fer2013/PublicTest/neutral/neutral_PublicTest_28904.png,neutral,6,0.7,neutral,data/fer2013/PublicTest/neutral/neutral_PublicTest_28904.png,neutral,neutral,neutral,neutral,neutral,neutral,data/fer2013/Training/sad/sad_Training_11152.png,data/fer2013/Training/sad/sad_Training_753.png,data/fer2013/Training/neutral/neutral_Training_6664.png,data/fer2013/Training/sad/sad_Training_23761.png,data/fer2013/Training/fear/fear_Training_18587.png,data/fer2013/Training/sad/sad_Training_27231.png,0.9950815439224243,0.9887392520904541,0.9877569675445557,0.982025682926178,0.981526792049408,0.9803425669670105
data/fer2013/PublicTest/surprise/surprise_PublicTest_28905.png,surprise,5,0.778,surprise,data/fer2013/PublicTest/surprise/surprise_PublicTest_28905.png,surprise,surprise,fear,surprise,surprise,surprise,data/fer2013/Training/fear/fear_Training_6828.png,data/fer2013/Training/fear/fear_Training_20651.png,data/fer2013/Training/fear/fear_Training_7451.png,data/fer2013/Training/surprise/surprise_Training_26309.png,data/fer2013/Training/surprise/surprise_Training_3027.png,data/fer2013/Training/fear/fear_Training_24170.png,0.9951959252357483,0.9938836097717285,0.9925243854522705,0.9923836588859558,0.9923731088638306,0.9919530749320984
data/fer2013/PublicTest/neutral/neutral_PublicTest_28906.png,neutral,6,0.778,neutral,data/fer2013/PublicTest/neutral/neutral_PublicTest_28906.png,neutral,neutral,neutral,neutral,neutral,neutral,data/fer2013/Training/neutral/neutral_Training_19611.png,data/fer2013/Training/neutral/neutral_Training_2839.png,data/fer2013/Training/neutral/neutral_Training_27827.png,data/fer2013/Training/neutral/neutral_Training_767.png,data/fer2013/Training/sad/sad_Training_23598.png,data/fer2013/Training/neutral/neutral_Training_14690.png,0.9857776165008545,0.9819545745849609,0.977358877658844,0.9762514233589172,0.9758920669555664,0.9750540852546692
data/fer2013/PublicTest/angry/angry_PublicTest_28907.png,angry,0,1.0,angry,data/fer2013/PublicTest/angry/angry_PublicTest_28907.png,angry,angry,angry,angry,angry,angry,data/fer2013/Training/angry/angry_Training_10475.png,data/fer2013/Training/fear/fear_Training_25616.png,data/fer2013/Training/angry/angry_Training_932.png,data/fer2013/Training/angry/angry_Training_5076.png,data/fer2013/Training/fear/fear_Training_16773.png,data/fer2013/Training/angry/angry_Training_23810.png,0.9948300719261169,0.9944489002227783,0.9941650032997131,0.9924907088279724,0.9921788573265076,0.9918885231018066
data/fer2013/PublicTest/happy/happy_PublicTest_28909.png,happy,3,1.0,happy,data/fer2013/PublicTest/happy/happy_PublicTest_28909.png,happy,happy,happy,happy,happy,happy,data/fer2013/Training/happy/happy_Training_16391.png,data/fer2013/Training/happy/happy_Training_2272.png,data/fer2013/Training/happy/happy_Training_2308.png,data/fer2013/Training/happy/happy_Training_11282.png,data/fer2013/Training/happy/happy_Training_2327.png,data/fer2013/Training/happy/happy_Training_27136.png,0.9983775615692139,0.9980455636978149,0.9976395964622498,0.9950538873672485,0.9948976635932922,0.9945828914642334
data/fer2013/PublicTest/neutral/neutral_PublicTest_28910.png,happy,3,0.556,happy,data/fer2013/PublicTest/neutral/neutral_PublicTest_28910.png,happy,happy,happy,happy,happy,happy,data/fer2013/Training/happy/happy_Training_9594.png,data/fer2013/Training/happy/happy_Training_25673.png,data/fer2013/Training/happy/happy_Training_21039.png,data/fer2013/Training/happy/happy_Training_15775.png,data/fer2013/Training/happy/happy_Training_1853.png,data/fer2013/Training/happy/happy_Training_495.png,0.9918119311332703,0.9910571575164795,0.9869697093963623,0.9866065979003906,0.9832892417907715,0.9814721941947937
data/fer2013/PublicTest/happy/happy_PublicTest_28912.png,happy,3,1.0,happy,data/fer2013/PublicTest/happy/happy_PublicTest_28912.png,happy,happy,happy,happy,happy,happy,data/fer2013/Training/happy/happy_Training_13794.png,data/fer2013/Training/angry/angry_Training_2599.png,data/fer2013/Training/happy/happy_Training_24596.png,data/fer2013/Training/happy/happy_Training_2437.png,data/fer2013/Training/happy/happy_Training_28105.png,data/fer2013/Training/happy/happy_Training_23461.png,0.9922376871109009,0.98880535364151,0.9843642115592957,0.9821242690086365,0.9809717535972595,0.9789483547210693
data/fer2013/PublicTest/neutral/neutral_PublicTest_28913.png,neutral,6,0.7,happy,data/fer2013/PublicTest/neutral/neutral_PublicTest_28913.png,neutral,happy,neutral,neutral,neutral,happy,data/fer2013/Training/neutral/neutral_Training_7324.png,data/fer2013/Training/happy/happy_Training_6253.png,data/fer2013/Training/neutral/neutral_Training_9559.png,data/fer2013/Training/neutral/neutral_Training_28025.png,data/fer2013/Training/happy/happy_Training_14586.png,data/fer2013/Training/neutral/neutral_Training_26758.png,0.9853322505950928,0.9725137948989868,0.9722887277603149,0.9718101024627686,0.9717986583709717,0.9696347117424011
data/fer2013/PublicTest/fear/fear_PublicTest_28914.png,surprise,5,0.8,surprise,data/fer2013/PublicTest/fear/fear_PublicTest_28914.png,surprise,surprise,surprise,surprise,surprise,neutral,data/fer2013/Training/surprise/surprise_Training_6276.png,data/fer2013/Training/surprise/surprise_Training_14770.png,data/fer2013/Training/surprise/surprise_Training_23651.png,data/fer2013/Training/surprise/surprise_Training_19756.png,data/fer2013/Training/surprise/surprise_Training_25480.png,data/fer2013/Training/surprise/surprise_Training_8085.png,0.9837737083435059,0.9816255569458008,0.977289617061615,0.9767202138900757,0.9764162302017212,0.9762131571769714
data/fer2013/PublicTest/angry/angry_PublicTest_28915.png,neutral,6,0.7,neutral,data/fer2013/PublicTest/angry/angry_PublicTest_28915.png,neutral,neutral,neutral,angry,disgust,neutral,data/fer2013/Training/disgust/disgust_Training_10236.png,data/fer2013/Training/disgust/disgust_Training_9343.png,data/fer2013/Training/neutral/neutral_Training_10926.png,data/fer2013/Training/angry/angry_Training_7174.png,data/fer2013/Training/angry/angry_Training_20640.png,data/fer2013/Training/angry/angry_Training_17452.png,0.97967529296875,0.97967529296875,0.9434057474136353,0.9364975094795227,0.9347856044769287,0.9327288269996643
data/fer2013/PublicTest/sad/sad_PublicTest_28916.png,sad,4,1.0,sad,data/fer2013/PublicTest/sad/sad_PublicTest_28916.png,neutral,sad,neutral,sad,neutral,sad,data/fer2013/Training/sad/sad_Training_9665.png,data/fer2013/Training/sad/sad_Training_15355.png,data/fer2013/Training/fear/fear_Training_6814.png,data/fer2013/Training/sad/sad_Training_2176.png,data/fer2013/Training/sad/sad_Training_20742.png,data/fer2013/Training/sad/sad_Training_23261.png,0.9775011539459229,0.9667912125587463,0.966339111328125,0.9660011529922485,0.965707540512085,0.9648476243019104
data/fer2013/PublicTest/fear/fear_PublicTest_28917.png,neutral,6,0.667,neutral,data/fer2013/PublicTest/fear/fear_PublicTest_28917.png,neutral,neutral,neutral,sad,sad,neutral,data/fer2013/Training/fear/fear_Training_3749.png,data/fer2013/Training/fear/fear_Training_15834.png,data/fer2013/Training/fear/fear_Training_13078.png,data/fer2013/Training/fear/fear_Training_21020.png,data/fer2013/Training/disgust/disgust_Training_24955.png,data/fer2013/Training/sad/sad_Training_2317.png,0.9617435932159424,0.9499263763427734,0.9499263763427734,0.9374487400054932,0.936660647392273,0.9318411350250244
data/fer2013/PublicTest/fear/fear_PublicTest_28918.png,surprise,5,0.625,surprise,data/fer2013/PublicTest/fear/fear_PublicTest_28918.png,neutral,surprise,surprise,neutral,neutral,sad,data/fer2013/Training/surprise/surprise_Training_1894.png,data/fer2013/Training/angry/angry_Training_16506.png,data/fer2013/Training/fear/fear_Training_12820.png,data/fer2013/Training/fear/fear_Training_12007.png,data/fer2013/Training/sad/sad_Training_14634.png,data/fer2013/Training/fear/fear_Training_22418.png,0.9598008990287781,0.9274409413337708,0.922267735004425,0.9197719097137451,0.9191738367080688,0.9165703058242798
data/fer2013/PublicTest/neutral/neutral_PublicTest_28919.png,neutral,6,1.0,neutral,data/fer2013/PublicTest/neutral/neutral_PublicTest_28919.png,neutral,neutral,neutral,neutral,angry,neutral,data/fer2013/Training/neutral/neutral_Training_11783.png,data/fer2013/Training/sad/sad_Training_7751.png,data/fer2013/Training/neutral/neutral_Training_10068.png,data/fer2013/Training/neutral/neutral_Training_12214.png,data/fer2013/Training/angry/angry_Training_19584.png,data/fer2013/Training/sad/sad_Training_24087.png,0.9960453510284424,0.9915396571159363,0.9915038347244263,0.9912506341934204,0.9910222291946411,0.9907330274581909
data/fer2013/PublicTest/sad/sad_PublicTest_28921.png,angry,0,1.0,angry,data/fer2013/PublicTest/sad/sad_PublicTest_28921.png,angry,angry,angry,angry,angry,angry,data/fer2013/Training/angry/angry_Training_23773.png,data/fer2013/Training/angry/angry_Training_15620.png,data/fer2013/Training/angry/angry_Training_3021.png,data/fer2013/Training/angry/angry_Training_17354.png,data/fer2013/Training/angry/angry_Training_21728.png,data/fer2013/Training/angry/angry_Training_9168.png,0.9945541024208069,0.9938333630561829,0.9931582808494568,0.9930431842803955,0.990871787071228,0.990668535232544
data/fer2013/PublicTest/sad/sad_PublicTest_28922.png,neutral,6,0.75,neutral,data/fer2013/PublicTest/sad/sad_PublicTest_28922.png,neutral,neutral,neutral,neutral,neutral,neutral,data/fer2013/Training/sad/sad_Training_23076.png,data/fer2013/Training/fear/fear_Training_17399.png,data/fer2013/Training/angry/angry_Training_17633.png,data/fer2013/Training/fear/fear_Training_11810.png,data/fer2013/Training/angry/angry_Training_18581.png,data/fer2013/Training/sad/sad_Training_7018.png,0.975060224533081,0.9659519195556641,0.9646668434143066,0.9634116291999817,0.961631178855896,0.9614925980567932
data/fer2013/PublicTest/sad/sad_PublicTest_28923.png,neutral,6,1.0,neutral,data/fer2013/PublicTest/sad/sad_PublicTest_28923.png,neutral,neutral,neutral,neutral,neutral,neutral,data/fer2013/Training/neutral/neutral_Training_6925.png,data/fer2013/Training/neutral/neutral_Training_6456.png,data/fer2013/Training/sad/sad_Training_27633.png,data/fer2013/Training/neutral/neutral_Training_11938.png,data/fer2013/Training/fear/fear_Training_23428.png,data/fer2013/Training/neutral/neutral_Training_22457.png,0.9941631555557251,0.9937413334846497,0.9893951416015625,0.9889754056930542,0.9885199666023254,0.9860981702804565
data/fer2013/PublicTest/fear/fear_PublicTest_28924.png,surprise,5,1.0,surprise,data/fer2013/PublicTest/fear/fear_PublicTest_28924.png,surprise,surprise,surprise,surprise,surprise,surprise,data/fer2013/Training/surprise/surprise_Training_21299.png,data/fer2013/Training/surprise/surprise_Training_24446.png,data/fer2013/Training/surprise/surprise_Training_11459.png,data/fer2013/Training/surprise/surprise_Training_22615.png,data/fer2013/Training/surprise/surprise_Training_8133.png,data/fer2013/Training/surprise/surprise_Training_11418.png,0.9912848472595215,0.9912848472595215,0.9912848472595215,0.9900234937667847,0.9825645685195923,0.9777220487594604
data/fer2013/PublicTest/surprise/surprise_PublicTest_28925.png,surprise,5,1.0,surprise,data/fer2013/PublicTest/surprise/surprise_PublicTest_28925.png,surprise,surprise,surprise,surprise,surprise,surprise,data/fer2013/Training/surprise/surprise_Training_1043.png,data/fer2013/Training/surprise/surprise_Training_26029.png,data/fer2013/Training/surprise/surprise_Training_10411.png,data/fer2013/Training/surprise/surprise_Training_9818.png,data/fer2013/Training/surprise/surprise_Training_22575.png,data/fer2013/Training/surprise/surprise_Training_11670.png,0.9894706010818481,0.981732964515686,0.981732964515686,0.9788635969161987,0.977591872215271,0.9746583104133606
data/fer2013/PublicTest/angry/angry_PublicTest_28927.png,neutral,6,1.0,neutral,data/fer2013/PublicTest/angry/angry_PublicTest_28927.png,neutral,neutral,neutral,neutral,neutral,neutral,data/fer2013/Training/neutral/neutral_Training_12869.png,data/fer2013/Training/neutral/neutral_Training_4339.png,data/fer2013/Training/sad/sad_Training_13137.png,data/fer2013/Training/sad/sad_Training_11739.png,data/fer2013/Training/fear/fear_Training_4994.png,data/fer2013/Training/neutral/neutral_Training_19843.png,0.987181544303894,0.984394907951355,0.9837232828140259,0.9821722507476807,0.9791283011436462,0.976477324962616
data/fer2013/PublicTest/happy/happy_PublicTest_28928.png,happy,3,1.0,happy,data/fer2013/PublicTest/happy/happy_PublicTest_28928.png,happy,happy,happy,happy,happy,happy,data/fer2013/Training/happy/happy_Training_10317.png,data/fer2013/Training/happy/happy_Training_22778.png,data/fer2013/Training/happy/happy_Training_11254.png,data/fer2013/Training/happy/happy_Training_14736.png,data/fer2013/Training/happy/happy_Training_82.png,data/fer2013/Training/happy/happy_Training_1679.png,0.9987433552742004,0.995346188545227,0.9953045845031738,0.9952793717384338,0.9952373504638672,0.9946894645690918
data/fer2013/PublicTest/happy/happy_PublicTest_28929.png,happy,3,1.0,happy,data/fer2013/PublicTest/happy/happy_PublicTest_28929.png,happy,happy,happy,happy,happy,happy,data/fer2013/Training/happy/happy_Training_23182.png,data/fer2013/Training/happy/happy_Training_28324.png,data/fer2013/Training/happy/happy_Training_26781.png,data/fer2013/Training/happy/happy_Training_4964.png,data/fer2013/Training/happy/happy_Training_24751.png,data/fer2013/Training/happy/happy_Training_9618.png,0.9708746075630188,0.9706555604934692,0.966599702835083,0.963979959487915,0.9601689577102661,0.9599132537841797
data/fer2013/PublicTest/surprise/surprise_PublicTest_28931.png,surprise,5,1.0,surprise,data/fer2013/PublicTest/surprise/surprise_PublicTest_28931.png,surprise,surprise,surprise,surprise,surprise,surprise,data/fer2013/Training/surprise/surprise_Training_13173.png,data/fer2013/Training/surprise/surprise_Training_26787.png,data/fer2013/Training/surprise/surprise_Training_11111.png,data/fer2013/Training/surprise/surprise_Training_6182.png,data/fer2013/Training/surprise/surprise_Training_11631.png,data/fer2013/Training/surprise/surprise_Training_27812.png,0.9973673224449158,0.9967356324195862,0.9951645135879517,0.9951300621032715,0.9950755834579468,0.9950755834579468
data/fer2013/PublicTest/angry/angry_PublicTest_28932.png,neutral,6,0.7,neutral,data/fer2013/PublicTest/angry/angry_PublicTest_28932.png,neutral,neutral,neutral,neutral,neutral,sad,data/fer2013/Training/neutral/neutral_Training_8850.png,data/fer2013/Training/sad/sad_Training_4909.png,data/fer2013/Training/sad/sad_Training_7994.png,data/fer2013/Training/fear/fear_Training_20508.png,data/fer2013/Training/happy/happy_Training_7993.png,data/fer2013/Training/fear/fear_Training_5915.png,0.9792118072509766,0.9727185368537903,0.9680936336517334,0.9610503911972046,0.9594880938529968,0.9592732787132263
data/fer2013/PublicTest/angry/angry_PublicTest_28933.png,angry,0,1.0,angry,data/fer2013/PublicTest/angry/angry_PublicTest_28933.png,angry,angry,angry,angry,fear,angry,data/fer2013/Training/angry/angry_Training_1061.png,data/fer2013/Training/angry/angry_Training_25192.png,data/fer2013/Training/fear/fear_Training_19439.png,data/fer2013/Training/angry/angry_Training_20629.png,data/fer2013/Training/fear/fear_Training_22849.png,data/fer2013/Training/angry/angry_Training_28631.png,0.9912887215614319,0.9894136190414429,0.9775093793869019,0.9753784537315369,0.9716593027114868,0.9658051133155823
data/fer2013/PublicTest/happy/happy_PublicTest_28934.png,happy,3,1.0,happy,data/fer2013/PublicTest/happy/happy_PublicTest_28934.png,happy,happy,happy,happy,happy,happy,data/fer2013/Training/happy/happy_Training_25458.png,data/fer2013/Training/happy/happy_Training_8699.png,data/fer2013/Training/happy/happy_Training_23621.png,data/fer2013/Training/happy/happy_Training_17612.png,data/fer2013/Training/happy/happy_Training_27380.png,data/fer2013/Training/happy/happy_Training_4454.png,0.9960556626319885,0.9950501918792725,0.9930335283279419,0.9929044246673584,0.992350697517395,0.9920405745506287
data/fer2013/PublicTest/surprise/surprise_PublicTest_28935.png,surprise,5,1.0,surprise,data/fer2013/PublicTest/surprise/surprise_PublicTest_28935.png,surprise,surprise,surprise,surprise,surprise,surprise,data/fer2013/Training/surprise/surprise_Training_25107.png,data/fer2013/Training/surprise/surprise_Training_28422.png,data/fer2013/Training/surprise/surprise_Training_28703.png,data/fer2013/Training/surprise/surprise_Training_6182.png,data/fer2013/Training/surprise/surprise_Training_8576.png,data/fer2013/Training/surprise/surprise_Training_2878.png,0.9952036738395691,0.9952036738395691,0.9947508573532104,0.992845356464386,0.9926415681838989,0.9925428628921509
data/fer2013/PublicTest/neutral/neutral_PublicTest_28936.png,neutral,6,0.667,neutral,data/fer2013/PublicTest/neutral/neutral_PublicTest_28936.png,neutral,neutral,neutral,neutral,neutral,neutral,data/fer2013/Training/fear/fear_Training_17213.png,data/fer2013/Training/fear/fear_Training_24332.png,data/fer2013/Training/neutral/neutral_Training_13871.png,data/fer2013/Training/neutral/neutral_Training_3148.png,data/fer2013/Training/sad/sad_Training_13429.png,data/fer2013/Training/sad/sad_Training_4714.png,0.9483120441436768,0.9428771734237671,0.9129331707954407,0.9083600640296936,0.9043099880218506,0.8989726901054382
data/fer2013/PublicTest/sad/sad_PublicTest_28937.png,angry,0,0.667,angry,data/fer2013/PublicTest/sad/sad_PublicTest_28937.png,angry,angry,angry,angry,angry,angry,data/fer2013/Training/angry/angry_Training_20736.png,data/fer2013/Training/angry/angry_Training_4239.png,data/fer2013/Training/fear/fear_Training_25434.png,data/fer2013/Training/angry/angry_Training_20917.png,data/fer2013/Training/angry/angry_Training_2229.png,data/fer2013/Training/angry/angry_Training_9100.png,0.9935740232467651,0.9932226538658142,0.9888118505477905,0.9887306690216064,0.9881418347358704,0.9880253672599792
data/fer2013/PublicTest/happy/happy_PublicTest_28938.png,happy,3,1.0,happy,data/fer2013/PublicTest/happy/happy_PublicTest_28938.png,happy,happy,neutral,happy,happy,happy,data/fer2013/Training/happy/happy_Training_9967.png,data/fer2013/Training/happy/happy_Training_2522.png,data/fer2013/Training/neutral/neutral_Training_16898.png,data/fer2013/Training/neutral/neutral_Training_2458.png,data/fer2013/Training/happy/happy_Training_16148.png,data/fer2013/Training/happy/happy_Training_20002.png,0.9879549741744995,0.987072765827179,0.9845559000968933,0.9829030632972717,0.9822255373001099,0.9821646213531494
data/fer2013/PublicTest/disgust/disgust_PublicTest_28939.png,disgust,1,0.556,disgust,data/fer2013/PublicTest/disgust/disgust_PublicTest_28939.png,sad,disgust,disgust,disgust,disgust,disgust,data/fer2013/Training/disgust/disgust_Training_24634.png,data/fer2013/Training/disgust/disgust_Training_14110.png,data/fer2013/Training/disgust/disgust_Training_21799.png,data/fer2013/Training/disgust/disgust_Training_25538.png,data/fer2013/Training/disgust/disgust_Training_4706.png,data/fer2013/Training/angry/angry_Training_12294.png,0.9903045296669006,0.9829463362693787,0.9813562631607056,0.9813562631607056,0.9807504415512085,0.9787253737449646
data/fer2013/PublicTest/neutral/neutral_PublicTest_28940.png,neutral,6,1.0,neutral,data/fer2013/PublicTest/neutral/neutral_PublicTest_28940.png,neutral,neutral,neutral,neutral,neutral,neutral,data/fer2013/Training/sad/sad_Training_16822.png,data/fer2013/Training/fear/fear_Training_10434.png,data/fer2013/Training/fear/fear_Training_9200.png,data/fer2013/Training/fear/fear_Training_16398.png,data/fer2013/Training/sad/sad_Training_5262.png,data/fer2013/Training/sad/sad_Training_21770.png,0.9590567946434021,0.949171781539917,0.9439010620117188,0.9389719367027283,0.9359657764434814,0.9319682121276855
data/fer2013/PublicTest/surprise/surprise_PublicTest_28941.png,surprise,5,1.0,surprise,data/fer2013/PublicTest/surprise/surprise_PublicTest_28941.png,surprise,surprise,surprise,surprise,surprise,surprise,data/fer2013/Training/surprise/surprise_Training_16243.png,data/fer2013/Training/surprise/surprise_Training_14080.png,data/fer2013/Training/surprise/surprise_Training_7069.png,data/fer2013/Training/fear/fear_Training_904.png,data/fer2013/Training/fear/fear_Training_13549.png,data/fer2013/Training/fear/fear_Training_4033.png,0.9993447661399841,0.9958848357200623,0.9958848357200623,0.9946228861808777,0.994383692741394,0.9938960671424866
data/fer2013/PublicTest/fear/fear_PublicTest_28942.png,angry,0,0.778,angry,data/fer2013/PublicTest/fear/fear_PublicTest_28942.png,angry,angry,angry,angry,angry,angry,data/fer2013/Training/angry/angry_Training_4807.png,data/fer2013/Training/angry/angry_Training_5059.png,data/fer2013/Training/angry/angry_Training_18838.png,data/fer2013/Training/angry/angry_Training_25066.png,data/fer2013/Training/angry/angry_Training_20818.png,data/fer2013/Training/angry/angry_Training_24683.png,0.9730455875396729,0.9699456691741943,0.9596246480941772,0.9596246480941772,0.9596246480941772,0.9596246480941772
data/fer2013/PublicTest/happy/happy_PublicTest_28943.png,sad,4,0.75,happy,data/fer2013/PublicTest/happy/happy_PublicTest_28943.png,angry,sad,happy,neutral,happy,sad,data/fer2013/Training/angry/angry_Training_18176.png,data/fer2013/Training/disgust/disgust_Training_26822.png,data/fer2013/Training/happy/happy_Training_23782.png,data/fer2013/Training/fear/fear_Training_4918.png,data/fer2013/Training/angry/angry_Training_5245.png,data/fer2013/Training/sad/sad_Training_8911.png,0.8888522386550903,0.8427459001541138,0.8256664276123047,0.8116257190704346,0.8048753142356873,0.8025496602058411
data/fer2013/PublicTest/sad/sad_PublicTest_28944.png,sad,4,1.0,sad,data/fer2013/PublicTest/sad/sad_PublicTest_28944.png,sad,sad,sad,sad,sad,sad,data/fer2013/Training/sad/sad_Training_3437.png,data/fer2013/Training/sad/sad_Training_16174.png,data/fer2013/Training/sad/sad_Training_1473.png,data/fer2013/Training/sad/sad_Training_24253.png,data/fer2013/Training/sad/sad_Training_9864.png,data/fer2013/Training/angry/angry_Training_8160.png,0.9934638738632202,0.9891301393508911,0.985711395740509,0.9833387136459351,0.9832463264465332,0.9825040698051453
data/fer2013/PublicTest/happy/happy_PublicTest_28945.png,happy,3,1.0,happy,data/fer2013/PublicTest/happy/happy_PublicTest_28945.png,happy,happy,happy,happy,happy,happy,data/fer2013/Training/neutral/neutral_Training_10499.png,data/fer2013/Training/fear/fear_Training_26603.png,data/fer2013/Training/neutral/neutral_Training_14645.png,data/fer2013/Training/happy/happy_Training_20551.png,data/fer2013/Training/happy/happy_Training_1949.png,data/fer2013/Training/happy/happy_Training_25382.png,0.979123592376709,0.9717227816581726,0.963930606842041,0.9606388807296753,0.9533320665359497,0.9516379833221436
data/fer2013/PublicTest/angry/angry_PublicTest_28946.png,neutral,6,1.0,neutral,data/fer2013/PublicTest/angry/angry_PublicTest_28946.png,neutral,neutral,neutral,neutral,neutral,neutral,data/fer2013/Training/neutral/neutral_Training_19815.png,data/fer2013/Training/neutral/neutral_Training_7515.png,data/fer2013/Training/neutral/neutral_Training_21479.png,data/fer2013/Training/neutral/neutral_Training_17409.png,data/fer2013/Training/sad/sad_Training_13776.png,data/fer2013/Training/sad/sad_Training_5903.png,0.9967752695083618,0.9963182210922241,0.9963182210922241,0.9963182210922241,0.9958351850509644,0.9951085448265076
data/fer2013/PublicTest/angry/angry_PublicTest_28947.png,angry,0,0.75,angry,data/fer2013/PublicTest/angry/angry_PublicTest_28947.png,angry,angry,angry,angry,angry,angry,data/fer2013/Training/fear/fear_Training_21459.png,data/fer2013/Training/angry/angry_Training_15160.png,data/fer2013/Training/angry/angry_Training_9417.png,data/fer2013/Training/angry/angry_Training_17705.png,data/fer2013/Training/angry/angry_Training_932.png,data/fer2013/Training/angry/angry_Training_27617.png,0.997471809387207,0.9964184165000916,0.9939644932746887,0.9933516383171082,0.9921788573265076,0.992141604423523
data/fer2013/PublicTest/neutral/neutral_PublicTest_28948.png,neutral,6,1.0,neutral,data/fer2013/PublicTest/neutral/neutral_PublicTest_28948.png,neutral,neutral,neutral,sad,neutral,neutral,data/fer2013/Training/sad/sad_Training_23642.png,data/fer2013/Training/neutral/neutral_Training_20940.png,data/fer2013/Training/neutral/neutral_Training_20992.png,data/fer2013/Training/neutral/neutral_Training_7624.png,data/fer2013/Training/neutral/neutral_Training_541.png,data/fer2013/Training/neutral/neutral_Training_27479.png,0.9890449047088623,0.9875198602676392,0.9862043857574463,0.9843176603317261,0.9798117876052856,0.9769394397735596
data/fer2013/PublicTest/happy/happy_PublicTest_28949.png,happy,3,1.0,happy,data/fer2013/PublicTest/happy/happy_PublicTest_28949.png,happy,happy,happy,happy,happy,happy,data/fer2013/Training/happy/happy_Training_18858.png,data/fer2013/Training/happy/happy_Training_9255.png,data/fer2013/Training/happy/happy_Training_12539.png,data/fer2013/Training/happy/happy_Training_12402.png,data/fer2013/Training/happy/happy_Training_27661.png,data/fer2013/Training/happy/happy_Training_24786.png,0.9925997853279114,0.9863877296447754,0.9852924942970276,0.9851942658424377,0.9822995066642761,0.981942892074585
data/fer2013/PublicTest/neutral/neutral_PublicTest_28950.png,neutral,6,0.75,neutral,data/fer2013/PublicTest/neutral/neutral_PublicTest_28950.png,neutral,neutral,neutral,neutral,neutral,neutral,data/fer2013/Training/angry/angry_Training_21478.png,data/fer2013/Training/neutral/neutral_Training_8724.png,data/fer2013/Training/sad/sad_Training_28608.png,data/fer2013/Training/neutral/neutral_Training_3001.png,data/fer2013/Training/angry/angry_Training_617.png,data/fer2013/Training/happy/happy_Training_27832.png,0.9701602458953857,0.9643824696540833,0.957751989364624,0.9539037346839905,0.9538549780845642,0.95327228307724
data/fer2013/PublicTest/neutral/neutral_PublicTest_28951.png,neutral,6,1.0,neutral,data/fer2013/PublicTest/neutral/neutral_PublicTest_28951.png,neutral,neutral,neutral,neutral,neutral,neutral,data/fer2013/Training/neutral/neutral_Training_10014.png,data/fer2013/Training/angry/angry_Training_5039.png,data/fer2013/Training/neutral/neutral_Training_25235.png,data/fer2013/Training/fear/fear_Training_19634.png,data/fer2013/Training/fear/fear_Training_25764.png,data/fer2013/Training/neutral/neutral_Training_2254.png,0.9849765300750732,0.9808215498924255,0.9782953262329102,0.9761725664138794,0.9755262732505798,0.9754490256309509
data/fer2013/PublicTest/angry/angry_PublicTest_28952.png,angry,0,1.0,angry,data/fer2013/PublicTest/angry/angry_PublicTest_28952.png,angry,angry,angry,angry,angry,angry,data/fer2013/Training/angry/angry_Training_24277.png,data/fer2013/Training/angry/angry_Training_11694.png,data/fer2013/Training/fear/fear_Training_11908.png,data/fer2013/Training/angry/angry_Training_22362.png,data/fer2013/Training/angry/angry_Training_18445.png,data/fer2013/Training/angry/angry_Training_28418.png,0.9976295828819275,0.9973373413085938,0.996527373790741,0.9965076446533203,0.9956841468811035,0.9955658912658691
data/fer2013/PublicTest/disgust/disgust_PublicTest_28953.png,contempt,7,1.0,contempt,data/fer2013/PublicTest/disgust/disgust_PublicTest_28953.png,contempt,disgust,contempt,contempt,contempt,contempt,data/fer2013/Training/disgust/disgust_Training_2389.png,data/fer2013/Training/disgust/disgust_Training_1661.png,data/fer2013/Training/angry/angry_Training_9539.png,data/fer2013/Training/disgust/disgust_Training_10731.png,data/fer2013/Training/disgust/disgust_Training_28203.png,data/fer2013/Training/disgust/disgust_Training_3626.png,0.9969435930252075,0.9816837310791016,0.9787655472755432,0.9677442312240601,0.9585464000701904,0.9585464000701904
data/fer2013/PublicTest/happy/happy_PublicTest_28954.png,happy,3,1.0,happy,data/fer2013/PublicTest/happy/happy_PublicTest_28954.png,happy,happy,happy,happy,happy,happy,data/fer2013/Training/happy/happy_Training_26871.png,data/fer2013/Training/happy/happy_Training_20975.png,data/fer2013/Training/happy/happy_Training_14944.png,data/fer2013/Training/happy/happy_Training_4108.png,data/fer2013/Training/happy/happy_Training_27845.png,data/fer2013/Training/happy/happy_Training_7757.png,0.996886670589447,0.9943324327468872,0.9933281540870667,0.9925917387008667,0.9921927452087402,0.9921742081642151
data/fer2013/PublicTest/happy/happy_PublicTest_28955.png,happy,3,1.0,happy,data/fer2013/PublicTest/happy/happy_PublicTest_28955.png,happy,happy,happy,happy,happy,happy,data/fer2013/Training/happy/happy_Training_25821.png,data/fer2013/Training/happy/happy_Training_13509.png,data/fer2013/Training/surprise/surprise_Training_23107.png,data/fer2013/Training/happy/happy_Training_23358.png,data/fer2013/Training/happy/happy_Training_20428.png,data/fer2013/Training/happy/happy_Training_15148.png,0.9972607493400574,0.9952638149261475,0.9936543107032776,0.9925391674041748,0.9895977973937988,0.9858027696609497
data/fer2013/PublicTest/happy/happy_PublicTest_28956.png,happy,3,0.778,neutral,data/fer2013/PublicTest/happy/happy_PublicTest_28956.png,neutral,neutral,neutral,neutral,neutral,neutral,data/fer2013/Training/neutral/neutral_Training_16321.png,data/fer2013/Training/neutral/neutral_Training_4845.png,data/fer2013/Training/neutral/neutral_Training_25629.png,data/fer2013/Training/happy/happy_Training_2403.png,data/fer2013/Training/neutral/neutral_Training_8670.png,data/fer2013/Training/neutral/neutral_Training_13531.png,0.98238605260849,0.9794504046440125,0.9766786694526672,0.9754436016082764,0.970198929309845,0.9636806845664978
data/fer2013/PublicTest/angry/angry_PublicTest_28957.png,angry,0,0.8,angry,data/fer2013/PublicTest/angry/angry_PublicTest_28957.png,angry,angry,angry,angry,angry,angry,data/fer2013/Training/angry/angry_Training_10439.png,data/fer2013/Training/angry/angry_Training_20883.png,data/fer2013/Training/angry/angry_Training_17709.png,data/fer2013/Training/angry/angry_Training_22096.png,data/fer2013/Training/angry/angry_Training_7056.png,data/fer2013/Training/fear/fear_Training_16773.png,0.9934879541397095,0.9931749701499939,0.9893865585327148,0.9893865585327148,0.9892928004264832,0.98738032579422
data/fer2013/PublicTest/neutral/neutral_PublicTest_28958.png,neutral,6,1.0,neutral,data/fer2013/PublicTest/neutral/neutral_PublicTest_28958.png,neutral,neutral,neutral,neutral,neutral,neutral,data/fer2013/Training/neutral/neutral_Training_20360.png,data/fer2013/Training/neutral/neutral_Training_25728.png,data/fer2013/Training/neutral/neutral_Training_17790.png,data/fer2013/Training/neutral/neutral_Training_18163.png,data/fer2013/Training/neutral/neutral_Training_7304.png,data/fer2013/Training/sad/sad_Training_2945.png,0.9793263673782349,0.9692589640617371,0.9588685035705566,0.9578133225440979,0.9576958417892456,0.9562362432479858
data/fer2013/PublicTest/fear/fear_PublicTest_28960.png,fear,2,0.556,surprise,data/fer2013/PublicTest/fear/fear_PublicTest_28960.png,surprise,neutral,surprise,surprise,surprise,surprise,data/fer2013/Training/fear/fear_Training_12820.png,data/fer2013/Training/surprise/surprise_Training_1894.png,data/fer2013/Training/fear/fear_Training_17890.png,data/fer2013/Training/fear/fear_Training_1873.png,data/fer2013/Training/fear/fear_Training_25840.png,data/fer2013/Training/fear/fear_Training_26044.png,0.961107611656189,0.9518935680389404,0.9500987529754639,0.9459177255630493,0.9455137848854065,0.9353986382484436
data/fer2013/PublicTest/sad/sad_PublicTest_28961.png,neutral,6,0.778,neutral,data/fer2013/PublicTest/sad/sad_PublicTest_28961.png,neutral,neutral,sad,neutral,neutral,neutral,data/fer2013/Training/angry/angry_Training_169.png,data/fer2013/Training/sad/sad_Training_24693.png,data/fer2013/Training/sad/sad_Training_27717.png,data/fer2013/Training/sad/sad_Training_8804.png,data/fer2013/Training/fear/fear_Training_10086.png,data/fer2013/Training/sad/sad_Training_7724.png,0.9905623197555542,0.9843396544456482,0.9829246401786804,0.9825527667999268,0.9811851382255554,0.9807899594306946
data/fer2013/PublicTest/happy/happy_PublicTest_28962.png,happy,3,1.0,happy,data/fer2013/PublicTest/happy/happy_PublicTest_28962.png,happy,happy,happy,happy,happy,happy,data/fer2013/Training/angry/angry_Training_25770.png,data/fer2013/Training/happy/happy_Training_24459.png,data/fer2013/Training/surprise/surprise_Training_894.png,data/fer2013/Training/happy/happy_Training_4179.png,data/fer2013/Training/happy/happy_Training_15665.png,data/fer2013/Training/angry/angry_Training_16916.png,0.9565171003341675,0.9521061182022095,0.9461601376533508,0.9428718686103821,0.9251594543457031,0.9224972128868103
data/fer2013/PublicTest/happy/happy_PublicTest_28963.png,happy,3,1.0,happy,data/fer2013/PublicTest/happy/happy_PublicTest_28963.png,happy,happy,happy,happy,happy,happy,data/fer2013/Training/happy/happy_Training_28078.png,data/fer2013/Training/happy/happy_Training_18685.png,data/fer2013/Training/happy/happy_Training_14949.png,data/fer2013/Training/happy/happy_Training_24840.png,data/fer2013/Training/happy/happy_Training_26224.png,data/fer2013/Training/happy/happy_Training_11981.png,0.9843059778213501,0.9775975346565247,0.9748716354370117,0.9742534160614014,0.9741371273994446,0.9718390107154846
data/fer2013/PublicTest/neutral/neutral_PublicTest_28964.png,neutral,6,1.0,neutral,data/fer2013/PublicTest/neutral/neutral_PublicTest_28964.png,neutral,neutral,neutral,neutral,neutral,neutral,data/fer2013/Training/neutral/neutral_Training_1306.png,data/fer2013/Training/neutral/neutral_Training_28451.png,data/fer2013/Training/neutral/neutral_Training_21092.png,data/fer2013/Training/angry/angry_Training_24254.png,data/fer2013/Training/sad/sad_Training_16284.png,data/fer2013/Training/neutral/neutral_Training_6661.png,0.9788479804992676,0.9768396019935608,0.976355254650116,0.9748653769493103,0.9721250534057617,0.9714089632034302
data/fer2013/PublicTest/surprise/surprise_PublicTest_28965.png,neutral,6,0.6,neutral,data/fer2013/PublicTest/surprise/surprise_PublicTest_28965.png,neutral,neutral,neutral,neutral,surprise,surprise,data/fer2013/Training/surprise/surprise_Training_24982.png,data/fer2013/Training/sad/sad_Training_3317.png,data/fer2013/Training/neutral/neutral_Training_17321.png,data/fer2013/Training/surprise/surprise_Training_25492.png,data/fer2013/Training/surprise/surprise_Training_23466.png,data/fer2013/Training/fear/fear_Training_23305.png,0.9651322960853577,0.9603707790374756,0.9349178075790405,0.9259952902793884,0.9239304065704346,0.9168294072151184
data/fer2013/PublicTest/sad/sad_PublicTest_28966.png,sad,4,1.0,sad,data/fer2013/PublicTest/sad/sad_PublicTest_28966.png,sad,sad,sad,sad,sad,sad,data/fer2013/Training/fear/fear_Training_6943.png,data/fer2013/Training/sad/sad_Training_3740.png,data/fer2013/Training/sad/sad_Training_5125.png,data/fer2013/Training/sad/sad_Training_24276.png,data/fer2013/Training/sad/sad_Training_22174.png,data/fer2013/Training/sad/sad_Training_2574.png,0.9899135231971741,0.9898149967193604,0.9896547198295593,0.9893483519554138,0.9889528751373291,0.9872527718544006
data/fer2013/PublicTest/fear/fear_PublicTest_28967.png,sad,4,0.778,sad,data/fer2013/PublicTest/fear/fear_PublicTest_28967.png,sad,sad,sad,sad,sad,sad,data/fer2013/Training/sad/sad_Training_4622.png,data/fer2013/Training/sad/sad_Training_22094.png,data/fer2013/Training/sad/sad_Training_11140.png,data/fer2013/Training/sad/sad_Training_19848.png,data/fer2013/Training/sad/sad_Training_10686.png,data/fer2013/Training/sad/sad_Training_4192.png,0.9897781610488892,0.9826234579086304,0.9793382287025452,0.9777706861495972,0.9762641191482544,0.9719673991203308
data/fer2013/PublicTest/neutral/neutral_PublicTest_28968.png,neutral,6,1.0,neutral,data/fer2013/PublicTest/neutral/neutral_PublicTest_28968.png,neutral,neutral,neutral,neutral,neutral,neutral,data/fer2013/Training/neutral/neutral_Training_21045.png,data/fer2013/Training/neutral/neutral_Training_5869.png,data/fer2013/Training/neutral/neutral_Training_9601.png,data/fer2013/Training/neutral/neutral_Training_1830.png,data/fer2013/Training/neutral/neutral_Training_8181.png,data/fer2013/Training/neutral/neutral_Training_27330.png,0.994210958480835,0.9908924698829651,0.9902685880661011,0.9854508638381958,0.9846643805503845,0.9846643805503845
data/fer2013/PublicTest/angry/angry_PublicTest_28969.png,angry,0,0.625,happy,data/fer2013/PublicTest/angry/angry_PublicTest_28969.png,angry,neutral,angry,angry,angry,angry,data/fer2013/Training/sad/sad_Training_3078.png,data/fer2013/Training/angry/angry_Training_18617.png,data/fer2013/Training/angry/angry_Training_17298.png,data/fer2013/Training/angry/angry_Training_14353.png,data/fer2013/Training/angry/angry_Training_23177.png,data/fer2013/Training/angry/angry_Training_11617.png,0.9955213069915771,0.9832039475440979,0.9827966690063477,0.9821078777313232,0.9813369512557983,0.9796210527420044
data/fer2013/PublicTest/disgust/disgust_PublicTest_28970.png,disgust,1,0.75,disgust,data/fer2013/PublicTest/disgust/disgust_PublicTest_28970.png,sad,disgust,disgust,sad,disgust,disgust,data/fer2013/Training/disgust/disgust_Training_24634.png,data/fer2013/Training/disgust/disgust_Training_7143.png,data/fer2013/Training/disgust/disgust_Training_2419.png,data/fer2013/Training/disgust/disgust_Training_28260.png,data/fer2013/Training/disgust/disgust_Training_7597.png,data/fer2013/Training/disgust/disgust_Training_25538.png,0.9869659543037415,0.9868046045303345,0.9866474270820618,0.9797341823577881,0.9790621995925903,0.9783209562301636
data/fer2013/PublicTest/angry/angry_PublicTest_28971.png,angry,0,0.8,angry,data/fer2013/PublicTest/angry/angry_PublicTest_28971.png,angry,angry,angry,angry,angry,angry,data/fer2013/Training/angry/angry_Training_9068.png,data/fer2013/Training/angry/angry_Training_17352.png,data/fer2013/Training/disgust/disgust_Training_17299.png,data/fer2013/Training/fear/fear_Training_2906.png,data/fer2013/Training/sad/sad_Training_2249.png,data/fer2013/Training/angry/angry_Training_1397.png,0.9757066965103149,0.9701002836227417,0.9683369994163513,0.9653431177139282,0.9627748131752014,0.9617518782615662
data/fer2013/PublicTest/neutral/neutral_PublicTest_28972.png,neutral,6,0.778,neutral,data/fer2013/PublicTest/neutral/neutral_PublicTest_28972.png,neutral,neutral,neutral,sad,neutral,neutral,data/fer2013/Training/neutral/neutral_Training_28161.png,data/fer2013/Training/fear/fear_Training_1366.png,data/fer2013/Training/neutral/neutral_Training_20737.png,data/fer2013/Training/sad/sad_Training_8761.png,data/fer2013/Training/neutral/neutral_Training_3127.png,data/fer2013/Training/fear/fear_Training_16961.png,0.9692465662956238,0.9501529932022095,0.948258638381958,0.9456144571304321,0.9444445371627808,0.9429675340652466
data/fer2013/PublicTest/fear/fear_PublicTest_28973.png,neutral,6,1.0,neutral,data/fer2013/PublicTest/fear/fear_PublicTest_28973.png,neutral,neutral,neutral,neutral,neutral,neutral,data/fer2013/Training/fear/fear_Training_10350.png,data/fer2013/Training/sad/sad_Training_16797.png,data/fer2013/Training/sad/sad_Training_9730.png,data/fer2013/Training/neutral/neutral_Training_20833.png,data/fer2013/Training/neutral/neutral_Training_11713.png,data/fer2013/Training/fear/fear_Training_15986.png,0.9893701076507568,0.982491135597229,0.9812198877334595,0.9808566570281982,0.9797788858413696,0.9788469672203064
data/fer2013/PublicTest/angry/angry_PublicTest_28974.png,angry,0,1.0,angry,data/fer2013/PublicTest/angry/angry_PublicTest_28974.png,angry,angry,angry,angry,angry,angry,data/fer2013/Training/angry/angry_Training_20741.png,data/fer2013/Training/angry/angry_Training_16012.png,data/fer2013/Training/angry/angry_Training_28123.png,data/fer2013/Training/angry/angry_Training_18445.png,data/fer2013/Training/angry/angry_Training_9383.png,data/fer2013/Training/angry/angry_Training_23904.png,0.996619701385498,0.996394693851471,0.9962558150291443,0.9961202144622803,0.9958515167236328,0.9956606030464172
data/fer2013/PublicTest/angry/angry_PublicTest_28975.png,angry,0,0.556,angry,data/fer2013/PublicTest/angry/angry_PublicTest_28975.png,angry,angry,angry,angry,angry,angry,data/fer2013/Training/fear/fear_Training_16105.png,data/fer2013/Training/angry/angry_Training_27390.png,data/fer2013/Training/angry/angry_Training_13208.png,data/fer2013/Training/fear/fear_Training_9731.png,data/fer2013/Training/angry/angry_Training_17239.png,data/fer2013/Training/fear/fear_Training_1660.png,0.9850485324859619,0.9760429859161377,0.9732071161270142,0.9676443934440613,0.9669719934463501,0.9637105464935303
data/fer2013/PublicTest/happy/happy_PublicTest_28976.png,happy,3,1.0,happy,data/fer2013/PublicTest/happy/happy_PublicTest_28976.png,happy,happy,happy,happy,happy,happy,data/fer2013/Training/happy/happy_Training_25729.png,data/fer2013/Training/happy/happy_Training_11903.png,data/fer2013/Training/happy/happy_Training_15948.png,data/fer2013/Training/happy/happy_Training_1419.png,data/fer2013/Training/happy/happy_Training_28597.png,data/fer2013/Training/happy/happy_Training_8226.png,0.9976879358291626,0.9975191354751587,0.9965941309928894,0.9950371980667114,0.9943034052848816,0.9941946864128113
data/fer2013/PublicTest/happy/happy_PublicTest_28977.png,happy,3,1.0,happy,data/fer2013/PublicTest/happy/happy_PublicTest_28977.png,happy,happy,happy,happy,happy,happy,data/fer2013/Training/happy/happy_Training_8228.png,data/fer2013/Training/happy/happy_Training_3016.png,data/fer2013/Training/happy/happy_Training_11242.png,data/fer2013/Training/happy/happy_Training_17661.png,data/fer2013/Training/happy/happy_Training_1316.png,data/fer2013/Training/happy/happy_Training_25947.png,0.9985243678092957,0.9981056451797485,0.9974138140678406,0.9974138140678406,0.9974138140678406,0.9969411492347717
data/fer2013/PublicTest/sad/sad_PublicTest_28978.png,sad,4,1.0,sad,data/fer2013/PublicTest/sad/sad_PublicTest_28978.png,sad,sad,sad,sad,sad,sad,data/fer2013/Training/sad/sad_Training_13688.png,data/fer2013/Training/sad/sad_Training_21157.png,data/fer2013/Training/fear/fear_Training_13887.png,data/fer2013/Training/sad/sad_Training_12803.png,data/fer2013/Training/fear/fear_Training_6079.png,data/fer2013/Training/fear/fear_Training_15108.png,0.9800231456756592,0.9776875376701355,0.9774147868156433,0.9674201607704163,0.9619258046150208,0.9611619710922241
data/fer2013/PublicTest/neutral/neutral_PublicTest_28980.png,neutral,6,1.0,neutral,data/fer2013/PublicTest/neutral/neutral_PublicTest_28980.png,neutral,neutral,neutral,neutral,neutral,neutral,data/fer2013/Training/neutral/neutral_Training_14536.png,data/fer2013/Training/neutral/neutral_Training_27614.png,data/fer2013/Training/neutral/neutral_Training_15351.png,data/fer2013/Training/fear/fear_Training_28189.png,data/fer2013/Training/angry/angry_Training_16557.png,data/fer2013/Training/sad/sad_Training_18648.png,0.9953881502151489,0.9915784001350403,0.9902637004852295,0.9884123802185059,0.9880608320236206,0.9875474572181702
data/fer2013/PublicTest/surprise/surprise_PublicTest_28981.png,neutral,6,0.556,surprise,data/fer2013/PublicTest/surprise/surprise_PublicTest_28981.png,neutral,surprise,surprise,neutral,surprise,neutral,data/fer2013/Training/angry/angry_Training_3330.png,data/fer2013/Training/surprise/surprise_Training_10710.png,data/fer2013/Training/fear/fear_Training_21838.png,data/fer2013/Training/sad/sad_Training_23411.png,data/fer2013/Training/fear/fear_Training_11044.png,data/fer2013/Training/surprise/surprise_Training_3512.png,0.9439311027526855,0.9433634877204895,0.9200382232666016,0.9178762435913086,0.9062837958335876,0.8951956033706665
data/fer2013/PublicTest/happy/happy_PublicTest_28982.png,happy,3,1.0,happy,data/fer2013/PublicTest/happy/happy_PublicTest_28982.png,happy,neutral,happy,neutral,happy,happy,data/fer2013/Training/happy/happy_Training_18809.png,data/fer2013/Training/neutral/neutral_Training_24960.png,data/fer2013/Training/happy/happy_Training_6466.png,data/fer2013/Training/neutral/neutral_Training_6769.png,data/fer2013/Training/happy/happy_Training_4993.png,data/fer2013/Training/happy/happy_Training_10990.png,0.9766881465911865,0.9740065336227417,0.9699108600616455,0.964318037033081,0.9621877074241638,0.9595916271209717
data/fer2013/PublicTest/surprise/surprise_PublicTest_28983.png,surprise,5,0.7,surprise,data/fer2013/PublicTest/surprise/surprise_PublicTest_28983.png,surprise,surprise,surprise,surprise,surprise,surprise,data/fer2013/Training/surprise/surprise_Training_22960.png,data/fer2013/Training/happy/happy_Training_192.png,data/fer2013/Training/surprise/surprise_Training_2015.png,data/fer2013/Training/surprise/surprise_Training_20316.png,data/fer2013/Training/surprise/surprise_Training_16507.png,data/fer2013/Training/surprise/surprise_Training_26416.png,0.9239202737808228,0.9163503646850586,0.9139220714569092,0.9099065661430359,0.907253623008728,0.9034241437911987
data/fer2013/PublicTest/happy/happy_PublicTest_28984.png,happy,3,1.0,happy,data/fer2013/PublicTest/happy/happy_PublicTest_28984.png,happy,happy,happy,happy,happy,happy,data/fer2013/Training/happy/happy_Training_5665.png,data/fer2013/Training/neutral/neutral_Training_18339.png,data/fer2013/Training/neutral/neutral_Training_13811.png,data/fer2013/Training/happy/happy_Training_18297.png,data/fer2013/Training/happy/happy_Training_9570.png,data/fer2013/Training/happy/happy_Training_8888.png,0.9874782562255859,0.9833301901817322,0.9812692403793335,0.9811777472496033,0.9792889952659607,0.9784737825393677
data/fer2013/PublicTest/neutral/neutral_PublicTest_28988.png,neutral,6,1.0,neutral,data/fer2013/PublicTest/neutral/neutral_PublicTest_28988.png,neutral,neutral,neutral,neutral,neutral,neutral,data/fer2013/Training/neutral/neutral_Training_4187.png,data/fer2013/Training/sad/sad_Training_8779.png,data/fer2013/Training/sad/sad_Training_13249.png,data/fer2013/Training/neutral/neutral_Training_604.png,data/fer2013/Training/neutral/neutral_Training_1835.png,data/fer2013/Training/neutral/neutral_Training_541.png,0.9918698668479919,0.9880722165107727,0.9856861233711243,0.9853746891021729,0.9835924506187439,0.9807970523834229
data/fer2013/PublicTest/happy/happy_PublicTest_28989.png,happy,3,1.0,happy,data/fer2013/PublicTest/happy/happy_PublicTest_28989.png,happy,happy,happy,happy,happy,happy,data/fer2013/Training/happy/happy_Training_9155.png,data/fer2013/Training/happy/happy_Training_17683.png,data/fer2013/Training/happy/happy_Training_6560.png,data/fer2013/Training/happy/happy_Training_18494.png,data/fer2013/Training/happy/happy_Training_2938.png,data/fer2013/Training/happy/happy_Training_10914.png,0.9877305626869202,0.9791231751441956,0.9791231751441956,0.976742684841156,0.9732502102851868,0.9696192145347595
data/fer2013/PublicTest/happy/happy_PublicTest_28990.png,surprise,5,0.8,surprise,data/fer2013/PublicTest/happy/happy_PublicTest_28990.png,surprise,surprise,surprise,surprise,surprise,surprise,data/fer2013/Training/surprise/surprise_Training_18521.png,data/fer2013/Training/surprise/surprise_Training_23514.png,data/fer2013/Training/surprise/surprise_Training_22087.png,data/fer2013/Training/surprise/surprise_Training_5943.png,data/fer2013/Training/surprise/surprise_Training_13980.png,data/fer2013/Training/surprise/surprise_Training_24215.png,0.9859899282455444,0.9835721254348755,0.9825024604797363,0.9821038246154785,0.9816763401031494,0.9816763401031494
data/fer2013/PublicTest/neutral/neutral_PublicTest_28991.png,neutral,6,0.7,happy,data/fer2013/PublicTest/neutral/neutral_PublicTest_28991.png,happy,neutral,happy,happy,neutral,happy,data/fer2013/Training/happy/happy_Training_16262.png,data/fer2013/Training/happy/happy_Training_12721.png,data/fer2013/Training/happy/happy_Training_1330.png,data/fer2013/Training/angry/angry_Training_21163.png,data/fer2013/Training/angry/angry_Training_28289.png,data/fer2013/Training/happy/happy_Training_13247.png,0.9812051653862,0.9681553840637207,0.966763973236084,0.9660688638687134,0.963676929473877,0.9627114534378052
data/fer2013/PublicTest/fear/fear_PublicTest_28992.png,neutral,6,0.556,neutral,data/fer2013/PublicTest/fear/fear_PublicTest_28992.png,neutral,neutral,neutral,neutral,neutral,neutral,data/fer2013/Training/surprise/surprise_Training_22741.png,data/fer2013/Training/surprise/surprise_Training_10097.png,data/fer2013/Training/sad/sad_Training_11481.png,data/fer2013/Training/fear/fear_Training_12472.png,data/fer2013/Training/neutral/neutral_Training_7968.png,data/fer2013/Training/sad/sad_Training_15528.png,0.9792752265930176,0.9431791305541992,0.9388481974601746,0.9386745691299438,0.9384227991104126,0.9308977723121643
data/fer2013/PublicTest/sad/sad_PublicTest_28993.png,neutral,6,0.625,disgust,data/fer2013/PublicTest/sad/sad_PublicTest_28993.png,neutral,neutral,angry,sad,neutral,sad,data/fer2013/Training/sad/sad_Training_7908.png,data/fer2013/Training/neutral/neutral_Training_24195.png,data/fer2013/Training/angry/angry_Training_12770.png,data/fer2013/Training/sad/sad_Training_21059.png,data/fer2013/Training/sad/sad_Training_14428.png,data/fer2013/Training/fear/fear_Training_6802.png,0.9723373055458069,0.9681624174118042,0.9644975066184998,0.9540457725524902,0.9431769847869873,0.9418359398841858
data/fer2013/PublicTest/angry/angry_PublicTest_28994.png,neutral,6,1.0,neutral,data/fer2013/PublicTest/angry/angry_PublicTest_28994.png,neutral,neutral,neutral,neutral,neutral,sad,data/fer2013/Training/neutral/neutral_Training_24495.png,data/fer2013/Training/fear/fear_Training_18877.png,data/fer2013/Training/angry/angry_Training_4180.png,data/fer2013/Training/neutral/neutral_Training_26223.png,data/fer2013/Training/sad/sad_Training_23562.png,data/fer2013/Training/sad/sad_Training_11074.png,0.9822719693183899,0.9712544679641724,0.9682704210281372,0.9679046869277954,0.9640054702758789,0.9625262022018433
data/fer2013/PublicTest/angry/angry_PublicTest_28995.png,angry,0,0.625,angry,data/fer2013/PublicTest/angry/angry_PublicTest_28995.png,angry,angry,angry,angry,angry,angry,data/fer2013/Training/fear/fear_Training_2906.png,data/fer2013/Training/angry/angry_Training_355.png,data/fer2013/Training/angry/angry_Training_3334.png,data/fer2013/Training/angry/angry_Training_5312.png,data/fer2013/Training/angry/angry_Training_27609.png,data/fer2013/Training/angry/angry_Training_12022.png,0.9542654156684875,0.9500271677970886,0.9451524019241333,0.9416794776916504,0.9411688446998596,0.9390298128128052
data/fer2013/PublicTest/angry/angry_PublicTest_28996.png,neutral,6,0.556,neutral,data/fer2013/PublicTest/angry/angry_PublicTest_28996.png,neutral,sad,neutral,sad,sad,neutral,data/fer2013/Training/sad/sad_Training_9280.png,data/fer2013/Training/fear/fear_Training_5654.png,data/fer2013/Training/sad/sad_Training_10245.png,data/fer2013/Training/sad/sad_Training_4206.png,data/fer2013/Training/sad/sad_Training_20979.png,data/fer2013/Training/sad/sad_Training_11945.png,0.9858829379081726,0.9827075004577637,0.9725712537765503,0.9713976383209229,0.9688643217086792,0.968317985534668
data/fer2013/PublicTest/fear/fear_PublicTest_28998.png,neutral,6,1.0,neutral,data/fer2013/PublicTest/fear/fear_PublicTest_28998.png,neutral,neutral,neutral,neutral,neutral,neutral,data/fer2013/Training/sad/sad_Training_24239.png,data/fer2013/Training/neutral/neutral_Training_12765.png,data/fer2013/Training/neutral/neutral_Training_6679.png,data/fer2013/Training/neutral/neutral_Training_6630.png,data/fer2013/Training/sad/sad_Training_4173.png,data/fer2013/Training/angry/angry_Training_23608.png,0.9834967851638794,0.9683394432067871,0.9663972854614258,0.965427041053772,0.9636439085006714,0.9609898328781128
data/fer2013/PublicTest/surprise/surprise_PublicTest_28999.png,surprise,5,0.667,surprise,data/fer2013/PublicTest/surprise/surprise_PublicTest_28999.png,surprise,surprise,surprise,surprise,surprise,surprise,data/fer2013/Training/surprise/surprise_Training_23065.png,data/fer2013/Training/surprise/surprise_Training_2970.png,data/fer2013/Training/surprise/surprise_Training_9309.png,data/fer2013/Training/surprise/surprise_Training_22369.png,data/fer2013/Training/surprise/surprise_Training_27492.png,data/fer2013/Training/surprise/surprise_Training_25416.png,0.9979099035263062,0.9966725707054138,0.9941235780715942,0.9924038648605347,0.9924038648605347,0.9923307299613953
data/fer2013/PublicTest/happy/happy_PublicTest_29000.png,happy,3,1.0,happy,data/fer2013/PublicTest/happy/happy_PublicTest_29000.png,happy,happy,happy,happy,happy,happy,data/fer2013/Training/happy/happy_Training_22384.png,data/fer2013/Training/happy/happy_Training_4629.png,data/fer2013/Training/happy/happy_Training_23171.png,data/fer2013/Training/happy/happy_Training_14538.png,data/fer2013/Training/happy/happy_Training_19154.png,data/fer2013/Training/happy/happy_Training_8310.png,0.9954270720481873,0.9952062964439392,0.9948891997337341,0.9933489561080933,0.9928843379020691,0.9928221106529236
data/fer2013/PublicTest/neutral/neutral_PublicTest_29001.png,neutral,6,1.0,neutral,data/fer2013/PublicTest/neutral/neutral_PublicTest_29001.png,neutral,neutral,neutral,neutral,neutral,neutral,data/fer2013/Training/neutral/neutral_Training_13003.png,data/fer2013/Training/fear/fear_Training_5944.png,data/fer2013/Training/fear/fear_Training_8841.png,data/fer2013/Training/angry/angry_Training_15080.png,data/fer2013/Training/sad/sad_Training_12599.png,data/fer2013/Training/neutral/neutral_Training_4722.png,0.9967544674873352,0.9907518625259399,0.9875995516777039,0.9862748980522156,0.985575795173645,0.9835991263389587
data/fer2013/PublicTest/sad/sad_PublicTest_29002.png,sad,4,0.625,sad,data/fer2013/PublicTest/sad/sad_PublicTest_29002.png,sad,neutral,neutral,sad,sad,neutral,data/fer2013/Training/sad/sad_Training_26286.png,data/fer2013/Training/sad/sad_Training_12728.png,data/fer2013/Training/neutral/neutral_Training_19990.png,data/fer2013/Training/sad/sad_Training_23853.png,data/fer2013/Training/sad/sad_Training_352.png,data/fer2013/Training/sad/sad_Training_7556.png,0.9793938398361206,0.9737010598182678,0.968315601348877,0.9647623300552368,0.9615777730941772,0.9613730907440186
data/fer2013/PublicTest/happy/happy_PublicTest_29003.png,happy,3,1.0,happy,data/fer2013/PublicTest/happy/happy_PublicTest_29003.png,happy,happy,happy,happy,happy,happy,data/fer2013/Training/happy/happy_Training_5054.png,data/fer2013/Training/happy/happy_Training_25136.png,data/fer2013/Training/happy/happy_Training_13991.png,data/fer2013/Training/happy/happy_Training_26247.png,data/fer2013/Training/happy/happy_Training_7930.png,data/fer2013/Training/happy/happy_Training_13915.png,0.9901319146156311,0.989633321762085,0.9888733625411987,0.9888298511505127,0.9886202216148376,0.9857491850852966
data/fer2013/PublicTest/neutral/neutral_PublicTest_29004.png,neutral,6,1.0,neutral,data/fer2013/PublicTest/neutral/neutral_PublicTest_29004.png,neutral,neutral,neutral,neutral,neutral,neutral,data/fer2013/Training/neutral/neutral_Training_20854.png,data/fer2013/Training/sad/sad_Training_12295.png,data/fer2013/Training/neutral/neutral_Training_21424.png,data/fer2013/Training/sad/sad_Training_14674.png,data/fer2013/Training/sad/sad_Training_11147.png,data/fer2013/Training/sad/sad_Training_10389.png,0.9941103458404541,0.9933642745018005,0.993109941482544,0.9920759797096252,0.9920465350151062,0.989862322807312
data/fer2013/PublicTest/fear/fear_PublicTest_29005.png,neutral,6,1.0,sad,data/fer2013/PublicTest/fear/fear_PublicTest_29005.png,neutral,neutral,neutral,neutral,neutral,sad,data/fer2013/Training/sad/sad_Training_18572.png,data/fer2013/Training/fear/fear_Training_23225.png,data/fer2013/Training/fear/fear_Training_18587.png,data/fer2013/Training/fear/fear_Training_9667.png,data/fer2013/Training/neutral/neutral_Training_5602.png,data/fer2013/Training/sad/sad_Training_23752.png,0.9891504049301147,0.9859930872917175,0.9853049516677856,0.9850630164146423,0.984965443611145,0.9848332405090332
data/fer2013/PublicTest/neutral/neutral_PublicTest_29006.png,neutral,6,1.0,neutral,data/fer2013/PublicTest/neutral/neutral_PublicTest_29006.png,neutral,neutral,contempt,neutral,neutral,sad,data/fer2013/Training/sad/sad_Training_15676.png,data/fer2013/Training/sad/sad_Training_11854.png,data/fer2013/Training/angry/angry_Training_7374.png,data/fer2013/Training/neutral/neutral_Training_26790.png,data/fer2013/Training/angry/angry_Training_13334.png,data/fer2013/Training/fear/fear_Training_26627.png,0.9301279783248901,0.9301279783248901,0.9246054887771606,0.9211897850036621,0.9164794683456421,0.9060070514678955
data/fer2013/PublicTest/neutral/neutral_PublicTest_29007.png,neutral,6,1.0,neutral,data/fer2013/PublicTest/neutral/neutral_PublicTest_29007.png,neutral,neutral,neutral,neutral,neutral,neutral,data/fer2013/Training/neutral/neutral_Training_6596.png,data/fer2013/Training/neutral/neutral_Training_25297.png,data/fer2013/Training/sad/sad_Training_14372.png,data/fer2013/Training/sad/sad_Training_6644.png,data/fer2013/Training/sad/sad_Training_3893.png,data/fer2013/Training/neutral/neutral_Training_26295.png,0.9933258295059204,0.9883059859275818,0.9869804382324219,0.9866189956665039,0.9863806366920471,0.985392153263092
data/fer2013/PublicTest/surprise/surprise_PublicTest_29008.png,happy,3,1.0,happy,data/fer2013/PublicTest/surprise/surprise_PublicTest_29008.png,happy,happy,happy,happy,happy,happy,data/fer2013/Training/happy/happy_Training_12172.png,data/fer2013/Training/happy/happy_Training_456.png,data/fer2013/Training/happy/happy_Training_25766.png,data/fer2013/Training/happy/happy_Training_5954.png,data/fer2013/Training/happy/happy_Training_23990.png,data/fer2013/Training/happy/happy_Training_1525.png,0.9972147941589355,0.997018039226532,0.996510922908783,0.9962900280952454,0.9961519241333008,0.9954759478569031
data/fer2013/PublicTest/neutral/neutral_PublicTest_29009.png,neutral,6,0.8,surprise,data/fer2013/PublicTest/neutral/neutral_PublicTest_29009.png,neutral,sad,sad,neutral,sad,neutral,data/fer2013/Training/fear/fear_Training_26157.png,data/fer2013/Training/sad/sad_Training_2994.png,data/fer2013/Training/neutral/neutral_Training_27802.png,data/fer2013/Training/sad/sad_Training_8157.png,data/fer2013/Training/sad/sad_Training_3126.png,data/fer2013/Training/sad/sad_Training_8866.png,0.9696828126907349,0.9605591893196106,0.9582202434539795,0.952215313911438,0.9501198530197144,0.9418357014656067
data/fer2013/PublicTest/fear/fear_PublicTest_29011.png,happy,3,1.0,happy,data/fer2013/PublicTest/fear/fear_PublicTest_29011.png,happy,happy,happy,happy,happy,happy,data/fer2013/Training/happy/happy_Training_6677.png,data/fer2013/Training/surprise/surprise_Training_7759.png,data/fer2013/Training/fear/fear_Training_8795.png,data/fer2013/Training/surprise/surprise_Training_15313.png,data/fer2013/Training/happy/happy_Training_15205.png,data/fer2013/Training/surprise/surprise_Training_13107.png,0.989051342010498,0.9890100955963135,0.9889147281646729,0.9783825874328613,0.9782859086990356,0.9777055382728577
data/fer2013/PublicTest/happy/happy_PublicTest_29012.png,happy,3,1.0,happy,data/fer2013/PublicTest/happy/happy_PublicTest_29012.png,happy,happy,happy,happy,happy,happy,data/fer2013/Training/happy/happy_Training_25043.png,data/fer2013/Training/happy/happy_Training_3504.png,data/fer2013/Training/happy/happy_Training_15406.png,data/fer2013/Training/happy/happy_Training_23908.png,data/fer2013/Training/happy/happy_Training_17086.png,data/fer2013/Training/happy/happy_Training_8205.png,0.9831548929214478,0.9830184578895569,0.982571542263031,0.9819760322570801,0.9807450771331787,0.9799201488494873
data/fer2013/PublicTest/angry/angry_PublicTest_29013.png,angry,0,0.7,angry,data/fer2013/PublicTest/angry/angry_PublicTest_29013.png,happy,happy,angry,happy,angry,angry,data/fer2013/Training/happy/happy_Training_26564.png,data/fer2013/Training/fear/fear_Training_10326.png,data/fer2013/Training/angry/angry_Training_23408.png,data/fer2013/Training/fear/fear_Training_15970.png,data/fer2013/Training/angry/angry_Training_3835.png,data/fer2013/Training/angry/angry_Training_21038.png,0.9708837270736694,0.9646388292312622,0.9621015787124634,0.9575828313827515,0.9552870392799377,0.9535409808158875
data/fer2013/PublicTest/happy/happy_PublicTest_29014.png,happy,3,1.0,happy,data/fer2013/PublicTest/happy/happy_PublicTest_29014.png,happy,happy,happy,happy,happy,happy,data/fer2013/Training/happy/happy_Training_23501.png,data/fer2013/Training/happy/happy_Training_26018.png,data/fer2013/Training/happy/happy_Training_18843.png,data/fer2013/Training/happy/happy_Training_11553.png,data/fer2013/Training/happy/happy_Training_25199.png,data/fer2013/Training/happy/happy_Training_6095.png,0.9954114556312561,0.9947284460067749,0.9944499135017395,0.9941059350967407,0.9934188723564148,0.9932972192764282
data/fer2013/PublicTest/surprise/surprise_PublicTest_29015.png,surprise,5,0.8,surprise,data/fer2013/PublicTest/surprise/surprise_PublicTest_29015.png,surprise,surprise,surprise,surprise,surprise,surprise,data/fer2013/Training/surprise/surprise_Training_19212.png,data/fer2013/Training/surprise/surprise_Training_14567.png,data/fer2013/Training/surprise/surprise_Training_28250.png,data/fer2013/Training/surprise/surprise_Training_24127.png,data/fer2013/Training/surprise/surprise_Training_22703.png,data/fer2013/Training/surprise/surprise_Training_20614.png,0.9960688352584839,0.9960688352584839,0.9929752349853516,0.9929575324058533,0.9924543499946594,0.9915989637374878
data/fer2013/PublicTest/happy/happy_PublicTest_29016.png,happy,3,1.0,happy,data/fer2013/PublicTest/happy/happy_PublicTest_29016.png,happy,happy,happy,happy,happy,happy,data/fer2013/Training/happy/happy_Training_23972.png,data/fer2013/Training/happy/happy_Training_11806.png,data/fer2013/Training/happy/happy_Training_20296.png,data/fer2013/Training/happy/happy_Training_16878.png,data/fer2013/Training/neutral/neutral_Training_20406.png,data/fer2013/Training/surprise/surprise_Training_19387.png,0.9789518117904663,0.9768637418746948,0.9749742746353149,0.9709311723709106,0.9699932932853699,0.9693666696548462
data/fer2013/PublicTest/happy/happy_PublicTest_29017.png,happy,3,1.0,happy,data/fer2013/PublicTest/happy/happy_PublicTest_29017.png,happy,happy,happy,happy,happy,happy,data/fer2013/Training/happy/happy_Training_20039.png,data/fer2013/Training/happy/happy_Training_10599.png,data/fer2013/Training/happy/happy_Training_9373.png,data/fer2013/Training/happy/happy_Training_16957.png,data/fer2013/Training/happy/happy_Training_21133.png,data/fer2013/Training/happy/happy_Training_10283.png,0.9969094395637512,0.9967926740646362,0.9964686632156372,0.9949306845664978,0.994501531124115,0.9943541288375854
data/fer2013/PublicTest/happy/happy_PublicTest_29018.png,happy,3,1.0,happy,data/fer2013/PublicTest/happy/happy_PublicTest_29018.png,happy,happy,happy,happy,happy,happy,data/fer2013/Training/happy/happy_Training_20821.png,data/fer2013/Training/happy/happy_Training_12415.png,data/fer2013/Training/happy/happy_Training_24889.png,data/fer2013/Training/happy/happy_Training_9978.png,data/fer2013/Training/happy/happy_Training_7739.png,data/fer2013/Training/happy/happy_Training_15058.png,0.9981270432472229,0.996430516242981,0.9960389137268066,0.995722770690918,0.9954515695571899,0.995429277420044
data/fer2013/PublicTest/happy/happy_PublicTest_29019.png,happy,3,1.0,happy,data/fer2013/PublicTest/happy/happy_PublicTest_29019.png,happy,happy,happy,happy,happy,happy,data/fer2013/Training/happy/happy_Training_9442.png,data/fer2013/Training/happy/happy_Training_16220.png,data/fer2013/Training/happy/happy_Training_6917.png,data/fer2013/Training/happy/happy_Training_19352.png,data/fer2013/Training/happy/happy_Training_12273.png,data/fer2013/Training/happy/happy_Training_23770.png,0.9966266751289368,0.9960752129554749,0.9959875345230103,0.9959843754768372,0.994903028011322,0.9946243762969971
data/fer2013/PublicTest/happy/happy_PublicTest_29020.png,neutral,6,1.0,neutral,data/fer2013/PublicTest/happy/happy_PublicTest_29020.png,neutral,neutral,neutral,neutral,neutral,neutral,data/fer2013/Training/neutral/neutral_Training_26189.png,data/fer2013/Training/sad/sad_Training_28437.png,data/fer2013/Training/neutral/neutral_Training_28467.png,data/fer2013/Training/neutral/neutral_Training_28127.png,data/fer2013/Training/neutral/neutral_Training_25089.png,data/fer2013/Training/sad/sad_Training_23165.png,0.9850508570671082,0.9815775752067566,0.9804267883300781,0.9790350198745728,0.9788206815719604,0.9755158424377441
data/fer2013/PublicTest/fear/fear_PublicTest_29021.png,neutral,6,0.7,neutral,data/fer2013/PublicTest/fear/fear_PublicTest_29021.png,neutral,neutral,neutral,neutral,neutral,neutral,data/fer2013/Training/neutral/neutral_Training_8308.png,data/fer2013/Training/neutral/neutral_Training_13161.png,data/fer2013/Training/neutral/neutral_Training_24911.png,data/fer2013/Training/neutral/neutral_Training_5401.png,data/fer2013/Training/sad/sad_Training_24993.png,data/fer2013/Training/neutral/neutral_Training_17409.png,0.9923242330551147,0.9907947778701782,0.9894113540649414,0.9893646240234375,0.9891220331192017,0.9871513843536377
data/fer2013/PublicTest/neutral/neutral_PublicTest_29022.png,neutral,6,0.7,happy,data/fer2013/PublicTest/neutral/neutral_PublicTest_29022.png,happy,happy,happy,happy,happy,happy,data/fer2013/Training/happy/happy_Training_16519.png,data/fer2013/Training/happy/happy_Training_3358.png,data/fer2013/Training/happy/happy_Training_2849.png,data/fer2013/Training/happy/happy_Training_14726.png,data/fer2013/Training/happy/happy_Training_14251.png,data/fer2013/Training/happy/happy_Training_1548.png,0.9929983615875244,0.9916393756866455,0.9913256168365479,0.9907011985778809,0.9902909994125366,0.9902533888816833
data/fer2013/PublicTest/disgust/disgust_PublicTest_29023.png,sad,4,0.778,sad,data/fer2013/PublicTest/disgust/disgust_PublicTest_29023.png,sad,sad,sad,sad,sad,sad,data/fer2013/Training/sad/sad_Training_11140.png,data/fer2013/Training/disgust/disgust_Training_19734.png,data/fer2013/Training/disgust/disgust_Training_3347.png,data/fer2013/Training/sad/sad_Training_12126.png,data/fer2013/Training/sad/sad_Training_17745.png,data/fer2013/Training/sad/sad_Training_20248.png,0.9875169992446899,0.9793203473091125,0.9739246964454651,0.9687213897705078,0.9625905752182007,0.9602674841880798
data/fer2013/PublicTest/sad/sad_PublicTest_29025.png,sad,4,0.7,sad,data/fer2013/PublicTest/sad/sad_PublicTest_29025.png,sad,sad,neutral,sad,neutral,sad,data/fer2013/Training/sad/sad_Training_8806.png,data/fer2013/Training/sad/sad_Training_7321.png,data/fer2013/Training/sad/sad_Training_13562.png,data/fer2013/Training/sad/sad_Training_882.png,data/fer2013/Training/fear/fear_Training_17533.png,data/fer2013/Training/sad/sad_Training_19372.png,0.9799057245254517,0.9798934459686279,0.9736829996109009,0.9708614349365234,0.970596432685852,0.9697903990745544
data/fer2013/PublicTest/fear/fear_PublicTest_29026.png,fear,2,0.714,fear,data/fer2013/PublicTest/fear/fear_PublicTest_29026.png,fear,sad,fear,fear,fear,fear,data/fer2013/Training/fear/fear_Training_20471.png,data/fer2013/Training/fear/fear_Training_16236.png,data/fer2013/Training/fear/fear_Training_21485.png,data/fer2013/Training/fear/fear_Training_24098.png,data/fer2013/Training/fear/fear_Training_21606.png,data/fer2013/Training/fear/fear_Training_10335.png,0.9675701260566711,0.9511383771896362,0.9500489234924316,0.9499526023864746,0.9491853713989258,0.9489961862564087
data/fer2013/PublicTest/happy/happy_PublicTest_29028.png,happy,3,1.0,happy,data/fer2013/PublicTest/happy/happy_PublicTest_29028.png,happy,happy,happy,happy,happy,happy,data/fer2013/Training/happy/happy_Training_1765.png,data/fer2013/Training/happy/happy_Training_21208.png,data/fer2013/Training/happy/happy_Training_20894.png,data/fer2013/Training/happy/happy_Training_3940.png,data/fer2013/Training/happy/happy_Training_27676.png,data/fer2013/Training/happy/happy_Training_24370.png,0.9974097609519958,0.9969003200531006,0.9965517520904541,0.9960971474647522,0.9960862398147583,0.9958575963973999
data/fer2013/PublicTest/sad/sad_PublicTest_29029.png,sad,4,1.0,sad,data/fer2013/PublicTest/sad/sad_PublicTest_29029.png,sad,sad,sad,sad,sad,sad,data/fer2013/Training/sad/sad_Training_8349.png,data/fer2013/Training/sad/sad_Training_18897.png,data/fer2013/Training/sad/sad_Training_7502.png,data/fer2013/Training/sad/sad_Training_18610.png,data/fer2013/Training/sad/sad_Training_14497.png,data/fer2013/Training/sad/sad_Training_1566.png,0.9923380017280579,0.9919693470001221,0.9917016625404358,0.9904394745826721,0.9904369115829468,0.9902426600456238
data/fer2013/PublicTest/fear/fear_PublicTest_29030.png,surprise,5,1.0,surprise,data/fer2013/PublicTest/fear/fear_PublicTest_29030.png,surprise,sad,surprise,surprise,neutral,sad,data/fer2013/Training/sad/sad_Training_646.png,data/fer2013/Training/sad/sad_Training_22955.png,data/fer2013/Training/fear/fear_Training_45.png,data/fer2013/Training/surprise/surprise_Training_24092.png,data/fer2013/Training/surprise/surprise_Training_209.png,data/fer2013/Training/surprise/surprise_Training_11311.png,0.9692033529281616,0.9576914310455322,0.944331169128418,0.933510422706604,0.9022234678268433,0.8941192626953125
data/fer2013/PublicTest/happy/happy_PublicTest_29031.png,neutral,6,0.556,happy,data/fer2013/PublicTest/happy/happy_PublicTest_29031.png,happy,happy,happy,happy,happy,happy,data/fer2013/Training/happy/happy_Training_2073.png,data/fer2013/Training/happy/happy_Training_20131.png,data/fer2013/Training/happy/happy_Training_9344.png,data/fer2013/Training/happy/happy_Training_2904.png,data/fer2013/Training/happy/happy_Training_20341.png,data/fer2013/Training/happy/happy_Training_28257.png,0.9750831723213196,0.9566906690597534,0.9533933401107788,0.9531978368759155,0.9448357224464417,0.9382330179214478
data/fer2013/PublicTest/neutral/neutral_PublicTest_29032.png,neutral,6,0.8,neutral,data/fer2013/PublicTest/neutral/neutral_PublicTest_29032.png,neutral,neutral,neutral,neutral,happy,neutral,data/fer2013/Training/neutral/neutral_Training_23270.png,data/fer2013/Training/surprise/surprise_Training_7124.png,data/fer2013/Training/neutral/neutral_Training_5998.png,data/fer2013/Training/neutral/neutral_Training_27067.png,data/fer2013/Training/neutral/neutral_Training_4953.png,data/fer2013/Training/neutral/neutral_Training_2156.png,0.9748355150222778,0.9547992944717407,0.9402245879173279,0.9285775423049927,0.9263306260108948,0.9251890778541565
data/fer2013/PublicTest/happy/happy_PublicTest_29036.png,happy,3,1.0,happy,data/fer2013/PublicTest/happy/happy_PublicTest_29036.png,happy,happy,happy,happy,happy,happy,data/fer2013/Training/happy/happy_Training_18601.png,data/fer2013/Training/happy/happy_Training_23461.png,data/fer2013/Training/happy/happy_Training_21483.png,data/fer2013/Training/happy/happy_Training_26638.png,data/fer2013/Training/happy/happy_Training_4209.png,data/fer2013/Training/happy/happy_Training_21125.png,0.991404116153717,0.9913800954818726,0.9908026456832886,0.990508496761322,0.99049311876297,0.9892643094062805
data/fer2013/PublicTest/happy/happy_PublicTest_29037.png,happy,3,1.0,happy,data/fer2013/PublicTest/happy/happy_PublicTest_29037.png,happy,happy,happy,happy,happy,happy,data/fer2013/Training/happy/happy_Training_9531.png,data/fer2013/Training/fear/fear_Training_17895.png,data/fer2013/Training/happy/happy_Training_5202.png,data/fer2013/Training/happy/happy_Training_6843.png,data/fer2013/Training/happy/happy_Training_1044.png,data/fer2013/Training/happy/happy_Training_21943.png,0.9921832084655762,0.9903529286384583,0.988279402256012,0.9869664907455444,0.9859960079193115,0.9829258918762207
data/fer2013/PublicTest/surprise/surprise_PublicTest_29038.png,surprise,5,0.6,surprise,data/fer2013/PublicTest/surprise/surprise_PublicTest_29038.png,surprise,surprise,neutral,surprise,surprise,surprise,data/fer2013/Training/surprise/surprise_Training_15301.png,data/fer2013/Training/surprise/surprise_Training_28482.png,data/fer2013/Training/surprise/surprise_Training_18416.png,data/fer2013/Training/surprise/surprise_Training_8382.png,data/fer2013/Training/surprise/surprise_Training_22204.png,data/fer2013/Training/surprise/surprise_Training_8274.png,0.9725021123886108,0.968526303768158,0.963353157043457,0.9627158045768738,0.9581265449523926,0.9514464139938354
data/fer2013/PublicTest/happy/happy_PublicTest_29039.png,happy,3,1.0,happy,data/fer2013/PublicTest/happy/happy_PublicTest_29039.png,happy,happy,happy,happy,happy,happy,data/fer2013/Training/happy/happy_Training_8236.png,data/fer2013/Training/happy/happy_Training_17644.png,data/fer2013/Training/happy/happy_Training_14449.png,data/fer2013/Training/happy/happy_Training_14251.png,data/fer2013/Training/happy/happy_Training_3868.png,data/fer2013/Training/happy/happy_Training_10098.png,0.9948541522026062,0.9919611215591431,0.9911773204803467,0.990105152130127,0.9894305467605591,0.9890843629837036
data/fer2013/PublicTest/happy/happy_PublicTest_29040.png,happy,3,1.0,happy,data/fer2013/PublicTest/happy/happy_PublicTest_29040.png,happy,happy,happy,happy,happy,happy,data/fer2013/Training/surprise/surprise_Training_2961.png,data/fer2013/Training/happy/happy_Training_16951.png,data/fer2013/Training/happy/happy_Training_11122.png,data/fer2013/Training/neutral/neutral_Training_8768.png,data/fer2013/Training/happy/happy_Training_16799.png,data/fer2013/Training/happy/happy_Training_21795.png,0.985418438911438,0.9829206466674805,0.9797987937927246,0.9792762994766235,0.9771764874458313,0.975963294506073
data/fer2013/PublicTest/angry/angry_PublicTest_29041.png,angry,0,0.778,angry,data/fer2013/PublicTest/angry/angry_PublicTest_29041.png,angry,angry,angry,angry,angry,angry,data/fer2013/Training/angry/angry_Training_8289.png,data/fer2013/Training/angry/angry_Training_18707.png,data/fer2013/Training/angry/angry_Training_25294.png,data/fer2013/Training/angry/angry_Training_23375.png,data/fer2013/Training/angry/angry_Training_5566.png,data/fer2013/Training/fear/fear_Training_27145.png,0.9957554340362549,0.9946104288101196,0.9937601685523987,0.9925666451454163,0.992220938205719,0.9911137819290161
data/fer2013/PublicTest/happy/happy_PublicTest_29042.png,happy,3,1.0,happy,data/fer2013/PublicTest/happy/happy_PublicTest_29042.png,happy,happy,happy,happy,happy,happy,data/fer2013/Training/happy/happy_Training_20107.png,data/fer2013/Training/happy/happy_Training_5238.png,data/fer2013/Training/happy/happy_Training_17553.png,data/fer2013/Training/happy/happy_Training_28632.png,data/fer2013/Training/happy/happy_Training_13385.png,data/fer2013/Training/happy/happy_Training_4042.png,0.9937942028045654,0.9905253052711487,0.9890568852424622,0.9875532388687134,0.9874635934829712,0.9845852851867676
data/fer2013/PublicTest/fear/fear_PublicTest_29043.png,angry,0,0.8,angry,data/fer2013/PublicTest/fear/fear_PublicTest_29043.png,angry,angry,angry,angry,angry,angry,data/fer2013/Training/angry/angry_Training_24033.png,data/fer2013/Training/fear/fear_Training_25434.png,data/fer2013/Training/angry/angry_Training_4239.png,data/fer2013/Training/angry/angry_Training_8772.png,data/fer2013/Training/angry/angry_Training_14202.png,data/fer2013/Training/angry/angry_Training_28339.png,0.9961201548576355,0.9892264604568481,0.9874948263168335,0.9866344928741455,0.9820692539215088,0.9820547103881836
data/fer2013/PublicTest/happy/happy_PublicTest_29044.png,happy,3,1.0,happy,data/fer2013/PublicTest/happy/happy_PublicTest_29044.png,happy,happy,happy,happy,happy,happy,data/fer2013/Training/happy/happy_Training_13235.png,data/fer2013/Training/happy/happy_Training_24522.png,data/fer2013/Training/happy/happy_Training_9800.png,data/fer2013/Training/happy/happy_Training_21846.png,data/fer2013/Training/happy/happy_Training_14994.png,data/fer2013/Training/happy/happy_Training_28612.png,0.9926765561103821,0.990434467792511,0.987726628780365,0.9866580367088318,0.9861450791358948,0.9845107793807983
data/fer2013/PublicTest/happy/happy_PublicTest_29048.png,neutral,6,0.556,happy,data/fer2013/PublicTest/happy/happy_PublicTest_29048.png,neutral,neutral,happy,neutral,neutral,neutral,data/fer2013/Training/happy/happy_Training_1925.png,data/fer2013/Training/neutral/neutral_Training_28672.png,data/fer2013/Training/happy/happy_Training_3620.png,data/fer2013/Training/neutral/neutral_Training_24981.png,data/fer2013/Training/angry/angry_Training_11877.png,data/fer2013/Training/neutral/neutral_Training_12731.png,0.9304931163787842,0.9291836023330688,0.9228750467300415,0.9166457653045654,0.9165018796920776,0.9133604168891907
data/fer2013/PublicTest/sad/sad_PublicTest_29049.png,neutral,6,1.0,neutral,data/fer2013/PublicTest/sad/sad_PublicTest_29049.png,angry,neutral,neutral,neutral,neutral,neutral,data/fer2013/Training/angry/angry_Training_9485.png,data/fer2013/Training/neutral/neutral_Training_6180.png,data/fer2013/Training/angry/angry_Training_22810.png,data/fer2013/Training/neutral/neutral_Training_10190.png,data/fer2013/Training/happy/happy_Training_17115.png,data/fer2013/Training/neutral/neutral_Training_18769.png,0.9800466299057007,0.9710673689842224,0.9640488028526306,0.960694432258606,0.9605289697647095,0.9598171710968018
data/fer2013/PublicTest/surprise/surprise_PublicTest_29050.png,surprise,5,0.625,surprise,data/fer2013/PublicTest/surprise/surprise_PublicTest_29050.png,surprise,surprise,surprise,surprise,surprise,surprise,data/fer2013/Training/surprise/surprise_Training_2173.png,data/fer2013/Training/surprise/surprise_Training_12338.png,data/fer2013/Training/surprise/surprise_Training_12911.png,data/fer2013/Training/surprise/surprise_Training_1457.png,data/fer2013/Training/surprise/surprise_Training_21740.png,data/fer2013/Training/surprise/surprise_Training_6240.png,0.9983586072921753,0.9946296215057373,0.9939777255058289,0.9924326539039612,0.9923568367958069,0.992290735244751
data/fer2013/PublicTest/fear/fear_PublicTest_29051.png,neutral,6,1.0,neutral,data/fer2013/PublicTest/fear/fear_PublicTest_29051.png,neutral,neutral,neutral,neutral,neutral,neutral,data/fer2013/Training/sad/sad_Training_6557.png,data/fer2013/Training/neutral/neutral_Training_28530.png,data/fer2013/Training/neutral/neutral_Training_24666.png,data/fer2013/Training/neutral/neutral_Training_3179.png,data/fer2013/Training/angry/angry_Training_16413.png,data/fer2013/Training/surprise/surprise_Training_24022.png,0.9621654748916626,0.9579582214355469,0.9393335580825806,0.9384883642196655,0.9364372491836548,0.9356012344360352
data/fer2013/PublicTest/sad/sad_PublicTest_29052.png,neutral,6,1.0,neutral,data/fer2013/PublicTest/sad/sad_PublicTest_29052.png,neutral,neutral,neutral,neutral,neutral,neutral,data/fer2013/Training/neutral/neutral_Training_4380.png,data/fer2013/Training/sad/sad_Training_4233.png,data/fer2013/Training/neutral/neutral_Training_10496.png,data/fer2013/Training/neutral/neutral_Training_27826.png,data/fer2013/Training/angry/angry_Training_11018.png,data/fer2013/Training/fear/fear_Training_17013.png,0.9972153306007385,0.9891104698181152,0.9871475696563721,0.9829847812652588,0.9811601638793945,0.9810613989830017
data/fer2013/PublicTest/angry/angry_PublicTest_29053.png,neutral,6,0.6,surprise,data/fer2013/PublicTest/angry/angry_PublicTest_29053.png,surprise,surprise,surprise,neutral,surprise,surprise,data/fer2013/Training/fear/fear_Training_1273.png,data/fer2013/Training/fear/fear_Training_21838.png,data/fer2013/Training/angry/angry_Training_1250.png,data/fer2013/Training/surprise/surprise_Training_7089.png,data/fer2013/Training/surprise/surprise_Training_20587.png,data/fer2013/Training/surprise/surprise_Training_14181.png,0.9405019879341125,0.9394949078559875,0.9387708306312561,0.9211194515228271,0.9180312752723694,0.9170225262641907
data/fer2013/PublicTest/neutral/neutral_PublicTest_29054.png,neutral,6,1.0,neutral,data/fer2013/PublicTest/neutral/neutral_PublicTest_29054.png,neutral,neutral,neutral,neutral,neutral,neutral,data/fer2013/Training/angry/angry_Training_28573.png,data/fer2013/Training/neutral/neutral_Training_17739.png,data/fer2013/Training/neutral/neutral_Training_27455.png,data/fer2013/Training/neutral/neutral_Training_4361.png,data/fer2013/Training/neutral/neutral_Training_15896.png,data/fer2013/Training/neutral/neutral_Training_17973.png,0.9831638336181641,0.9715976715087891,0.9702327847480774,0.9654617309570312,0.9628677368164062,0.9613566398620605
data/fer2013/PublicTest/neutral/neutral_PublicTest_29055.png,happy,3,0.556,happy,data/fer2013/PublicTest/neutral/neutral_PublicTest_29055.png,happy,happy,happy,neutral,happy,happy,data/fer2013/Training/happy/happy_Training_19330.png,data/fer2013/Training/happy/happy_Training_11508.png,data/fer2013/Training/happy/happy_Training_8372.png,data/fer2013/Training/happy/happy_Training_15855.png,data/fer2013/Training/happy/happy_Training_5573.png,data/fer2013/Training/happy/happy_Training_3754.png,0.9375096559524536,0.9374949932098389,0.9319075345993042,0.9172053933143616,0.9150129556655884,0.9147639274597168
data/fer2013/PublicTest/happy/happy_PublicTest_29056.png,happy,3,1.0,happy,data/fer2013/PublicTest/happy/happy_PublicTest_29056.png,happy,happy,happy,happy,happy,happy,data/fer2013/Training/surprise/surprise_Training_26626.png,data/fer2013/Training/surprise/surprise_Training_20562.png,data/fer2013/Training/happy/happy_Training_27563.png,data/fer2013/Training/happy/happy_Training_9599.png,data/fer2013/Training/happy/happy_Training_1696.png,data/fer2013/Training/surprise/surprise_Training_3925.png,0.9827314019203186,0.9797528982162476,0.975197434425354,0.9734088778495789,0.9733185768127441,0.9703397154808044
data/fer2013/PublicTest/sad/sad_PublicTest_29058.png,sad,4,0.75,sad,data/fer2013/PublicTest/sad/sad_PublicTest_29058.png,sad,sad,sad,sad,sad,sad,data/fer2013/Training/neutral/neutral_Training_11124.png,data/fer2013/Training/sad/sad_Training_2879.png,data/fer2013/Training/sad/sad_Training_18673.png,data/fer2013/Training/disgust/disgust_Training_10022.png,data/fer2013/Training/disgust/disgust_Training_10606.png,data/fer2013/Training/sad/sad_Training_5762.png,0.9593351483345032,0.9543764591217041,0.9542682766914368,0.9454009532928467,0.9427391290664673,0.9425041675567627
data/fer2013/PublicTest/neutral/neutral_PublicTest_29059.png,neutral,6,0.6,neutral,data/fer2013/PublicTest/neutral/neutral_PublicTest_29059.png,neutral,neutral,neutral,neutral,neutral,neutral,data/fer2013/Training/fear/fear_Training_954.png,data/fer2013/Training/sad/sad_Training_16060.png,data/fer2013/Training/sad/sad_Training_22802.png,data/fer2013/Training/sad/sad_Training_26615.png,data/fer2013/Training/sad/sad_Training_28680.png,data/fer2013/Training/sad/sad_Training_10034.png,0.9832600355148315,0.973572850227356,0.9702637195587158,0.9685351848602295,0.9681491851806641,0.9674190878868103
data/fer2013/PublicTest/angry/angry_PublicTest_29060.png,neutral,6,0.556,angry,data/fer2013/PublicTest/angry/angry_PublicTest_29060.png,angry,neutral,angry,angry,angry,neutral,data/fer2013/Training/angry/angry_Training_7998.png,data/fer2013/Training/angry/angry_Training_18652.png,data/fer2013/Training/angry/angry_Training_20936.png,data/fer2013/Training/angry/angry_Training_15725.png,data/fer2013/Training/fear/fear_Training_27734.png,data/fer2013/Training/angry/angry_Training_1299.png,0.9755395650863647,0.9648555517196655,0.9611120820045471,0.9570626020431519,0.9530082941055298,0.9422961473464966
data/fer2013/PublicTest/neutral/neutral_PublicTest_29061.png,neutral,6,1.0,neutral,data/fer2013/PublicTest/neutral/neutral_PublicTest_29061.png,neutral,neutral,neutral,neutral,neutral,neutral,data/fer2013/Training/neutral/neutral_Training_1683.png,data/fer2013/Training/neutral/neutral_Training_18798.png,data/fer2013/Training/neutral/neutral_Training_27438.png,data/fer2013/Training/neutral/neutral_Training_9843.png,data/fer2013/Training/neutral/neutral_Training_25016.png,data/fer2013/Training/fear/fear_Training_8163.png,0.9917577505111694,0.99080890417099,0.9907797574996948,0.9905689358711243,0.9893481135368347,0.9888291358947754
data/fer2013/PublicTest/happy/happy_PublicTest_29062.png,happy,3,1.0,happy,data/fer2013/PublicTest/happy/happy_PublicTest_29062.png,happy,neutral,sad,happy,happy,happy,data/fer2013/Training/happy/happy_Training_10066.png,data/fer2013/Training/neutral/neutral_Training_20105.png,data/fer2013/Training/sad/sad_Training_19273.png,data/fer2013/Training/happy/happy_Training_25012.png,data/fer2013/Training/happy/happy_Training_18867.png,data/fer2013/Training/happy/happy_Training_7045.png,0.9687569737434387,0.9648964405059814,0.9627699255943298,0.9455393552780151,0.9374929070472717,0.9337993860244751
data/fer2013/PublicTest/sad/sad_PublicTest_29063.png,neutral,6,1.0,neutral,data/fer2013/PublicTest/sad/sad_PublicTest_29063.png,neutral,neutral,neutral,neutral,neutral,neutral,data/fer2013/Training/fear/fear_Training_15588.png,data/fer2013/Training/neutral/neutral_Training_7660.png,data/fer2013/Training/neutral/neutral_Training_3948.png,data/fer2013/Training/neutral/neutral_Training_25895.png,data/fer2013/Training/neutral/neutral_Training_18971.png,data/fer2013/Training/fear/fear_Training_5612.png,0.9955613613128662,0.990945041179657,0.9902617931365967,0.9885315895080566,0.9861493110656738,0.9847410917282104
data/fer2013/PublicTest/sad/sad_PublicTest_29064.png,sad,4,1.0,sad,data/fer2013/PublicTest/sad/sad_PublicTest_29064.png,sad,sad,sad,sad,sad,sad,data/fer2013/Training/sad/sad_Training_17717.png,data/fer2013/Training/fear/fear_Training_3238.png,data/fer2013/Training/fear/fear_Training_17214.png,data/fer2013/Training/sad/sad_Training_26791.png,data/fer2013/Training/sad/sad_Training_7502.png,data/fer2013/Training/sad/sad_Training_4855.png,0.9914569854736328,0.9906919598579407,0.9906919598579407,0.9894550442695618,0.9888079166412354,0.9886347055435181
data/fer2013/PublicTest/happy/happy_PublicTest_29065.png,happy,3,1.0,happy,data/fer2013/PublicTest/happy/happy_PublicTest_29065.png,happy,happy,happy,happy,happy,happy,data/fer2013/Training/angry/angry_Training_17476.png,data/fer2013/Training/happy/happy_Training_7869.png,data/fer2013/Training/happy/happy_Training_24559.png,data/fer2013/Training/happy/happy_Training_7573.png,data/fer2013/Training/happy/happy_Training_4861.png,data/fer2013/Training/happy/happy_Training_23088.png,0.9941815137863159,0.9918807744979858,0.9909869432449341,0.9854635000228882,0.9854635000228882,0.985236406326294
data/fer2013/PublicTest/happy/happy_PublicTest_29067.png,happy,3,1.0,happy,data/fer2013/PublicTest/happy/happy_PublicTest_29067.png,happy,happy,happy,happy,happy,happy,data/fer2013/Training/happy/happy_Training_24041.png,data/fer2013/Training/happy/happy_Training_16432.png,data/fer2013/Training/happy/happy_Training_18332.png,data/fer2013/Training/happy/happy_Training_18173.png,data/fer2013/Training/happy/happy_Training_1065.png,data/fer2013/Training/happy/happy_Training_14589.png,0.9970483183860779,0.9958733320236206,0.9948391914367676,0.9945495128631592,0.9928323030471802,0.9928193688392639
data/fer2013/PublicTest/fear/fear_PublicTest_29069.png,sad,4,0.556,sad,data/fer2013/PublicTest/fear/fear_PublicTest_29069.png,sad,sad,sad,sad,sad,sad,data/fer2013/Training/fear/fear_Training_9836.png,data/fer2013/Training/sad/sad_Training_23868.png,data/fer2013/Training/sad/sad_Training_15940.png,data/fer2013/Training/fear/fear_Training_20191.png,data/fer2013/Training/fear/fear_Training_27358.png,data/fer2013/Training/sad/sad_Training_14273.png,0.9968084692955017,0.9964579939842224,0.9950773119926453,0.9950539469718933,0.9947954416275024,0.9943445324897766
data/fer2013/PublicTest/fear/fear_PublicTest_29070.png,neutral,6,1.0,neutral,data/fer2013/PublicTest/fear/fear_PublicTest_29070.png,neutral,neutral,neutral,neutral,neutral,neutral,data/fer2013/Training/neutral/neutral_Training_13784.png,data/fer2013/Training/neutral/neutral_Training_18397.png,data/fer2013/Training/sad/sad_Training_3059.png,data/fer2013/Training/neutral/neutral_Training_6585.png,data/fer2013/Training/sad/sad_Training_20787.png,data/fer2013/Training/neutral/neutral_Training_21169.png,0.9915391802787781,0.9865995049476624,0.9837631583213806,0.9812312126159668,0.9806550741195679,0.9804796576499939
data/fer2013/PublicTest/happy/happy_PublicTest_29071.png,happy,3,1.0,happy,data/fer2013/PublicTest/happy/happy_PublicTest_29071.png,happy,happy,happy,happy,happy,happy,data/fer2013/Training/happy/happy_Training_24692.png,data/fer2013/Training/happy/happy_Training_26849.png,data/fer2013/Training/happy/happy_Training_25414.png,data/fer2013/Training/happy/happy_Training_26856.png,data/fer2013/Training/happy/happy_Training_14254.png,data/fer2013/Training/happy/happy_Training_3261.png,0.9961615800857544,0.9957995414733887,0.9952546954154968,0.9949071407318115,0.994769811630249,0.9945797324180603
data/fer2013/PublicTest/neutral/neutral_PublicTest_29072.png,neutral,6,1.0,neutral,data/fer2013/PublicTest/neutral/neutral_PublicTest_29072.png,neutral,neutral,neutral,neutral,neutral,sad,data/fer2013/Training/fear/fear_Training_22908.png,data/fer2013/Training/sad/sad_Training_5070.png,data/fer2013/Training/neutral/neutral_Training_25200.png,data/fer2013/Training/sad/sad_Training_18842.png,data/fer2013/Training/neutral/neutral_Training_14415.png,data/fer2013/Training/neutral/neutral_Training_21199.png,0.9889086484909058,0.9848940968513489,0.967018723487854,0.9633113741874695,0.9630224704742432,0.9629951119422913
data/fer2013/PublicTest/surprise/surprise_PublicTest_29073.png,surprise,5,1.0,surprise,data/fer2013/PublicTest/surprise/surprise_PublicTest_29073.png,surprise,surprise,surprise,surprise,surprise,surprise,data/fer2013/Training/surprise/surprise_Training_2475.png,data/fer2013/Training/surprise/surprise_Training_9672.png,data/fer2013/Training/surprise/surprise_Training_3675.png,data/fer2013/Training/surprise/surprise_Training_8078.png,data/fer2013/Training/surprise/surprise_Training_14732.png,data/fer2013/Training/surprise/surprise_Training_26787.png,0.9977272152900696,0.9977272152900696,0.995861291885376,0.995861291885376,0.995392382144928,0.9952569007873535
data/fer2013/PublicTest/happy/happy_PublicTest_29074.png,happy,3,1.0,happy,data/fer2013/PublicTest/happy/happy_PublicTest_29074.png,happy,happy,happy,happy,happy,happy,data/fer2013/Training/happy/happy_Training_12983.png,data/fer2013/Training/happy/happy_Training_721.png,data/fer2013/Training/happy/happy_Training_20519.png,data/fer2013/Training/happy/happy_Training_9775.png,data/fer2013/Training/happy/happy_Training_18729.png,data/fer2013/Training/happy/happy_Training_1380.png,0.9969757199287415,0.9967914819717407,0.9953570365905762,0.9949946403503418,0.993285596370697,0.9932488799095154
data/fer2013/PublicTest/happy/happy_PublicTest_29075.png,happy,3,1.0,happy,data/fer2013/PublicTest/happy/happy_PublicTest_29075.png,happy,happy,happy,happy,happy,happy,data/fer2013/Training/happy/happy_Training_436.png,data/fer2013/Training/happy/happy_Training_15232.png,data/fer2013/Training/happy/happy_Training_4629.png,data/fer2013/Training/happy/happy_Training_22384.png,data/fer2013/Training/happy/happy_Training_23171.png,data/fer2013/Training/happy/happy_Training_25037.png,0.9935455322265625,0.9933827519416809,0.993169367313385,0.9931663870811462,0.9931276440620422,0.9929230213165283
data/fer2013/PublicTest/happy/happy_PublicTest_29076.png,happy,3,1.0,happy,data/fer2013/PublicTest/happy/happy_PublicTest_29076.png,happy,happy,happy,happy,happy,happy,data/fer2013/Training/happy/happy_Training_1568.png,data/fer2013/Training/happy/happy_Training_9531.png,data/fer2013/Training/fear/fear_Training_17895.png,data/fer2013/Training/happy/happy_Training_7817.png,data/fer2013/Training/happy/happy_Training_15883.png,data/fer2013/Training/happy/happy_Training_21659.png,0.9879188537597656,0.9858888983726501,0.9836492538452148,0.9834858179092407,0.9833933711051941,0.9817214012145996
data/fer2013/PublicTest/sad/sad_PublicTest_29078.png,neutral,6,0.667,sad,data/fer2013/PublicTest/sad/sad_PublicTest_29078.png,sad,sad,sad,sad,sad,sad,data/fer2013/Training/angry/angry_Training_1108.png,data/fer2013/Training/fear/fear_Training_14435.png,data/fer2013/Training/fear/fear_Training_15736.png,data/fer2013/Training/angry/angry_Training_4934.png,data/fer2013/Training/angry/angry_Training_11083.png,data/fer2013/Training/neutral/neutral_Training_24086.png,0.9611790180206299,0.9567704796791077,0.9516798257827759,0.944107174873352,0.9370046257972717,0.9281196594238281
data/fer2013/PublicTest/happy/happy_PublicTest_29079.png,happy,3,1.0,happy,data/fer2013/PublicTest/happy/happy_PublicTest_29079.png,happy,happy,happy,happy,happy,happy,data/fer2013/Training/happy/happy_Training_13385.png,data/fer2013/Training/happy/happy_Training_626.png,data/fer2013/Training/happy/happy_Training_13015.png,data/fer2013/Training/happy/happy_Training_14031.png,data/fer2013/Training/happy/happy_Training_16434.png,data/fer2013/Training/happy/happy_Training_19817.png,0.9889528155326843,0.9885708093643188,0.9875648021697998,0.9868801236152649,0.9865618348121643,0.9861371517181396
data/fer2013/PublicTest/neutral/neutral_PublicTest_29080.png,neutral,6,1.0,neutral,data/fer2013/PublicTest/neutral/neutral_PublicTest_29080.png,neutral,neutral,neutral,neutral,neutral,neutral,data/fer2013/Training/neutral/neutral_Training_18696.png,data/fer2013/Training/neutral/neutral_Training_24722.png,data/fer2013/Training/sad/sad_Training_16607.png,data/fer2013/Training/neutral/neutral_Training_24855.png,data/fer2013/Training/sad/sad_Training_19084.png,data/fer2013/Training/fear/fear_Training_16392.png,0.9873349666595459,0.9873349666595459,0.9816576242446899,0.9813057780265808,0.9803372621536255,0.9801932573318481
data/fer2013/PublicTest/sad/sad_PublicTest_29082.png,neutral,6,0.667,sad,data/fer2013/PublicTest/sad/sad_PublicTest_29082.png,neutral,neutral,neutral,neutral,angry,neutral,data/fer2013/Training/sad/sad_Training_12959.png,data/fer2013/Training/neutral/neutral_Training_2452.png,data/fer2013/Training/sad/sad_Training_24968.png,data/fer2013/Training/fear/fear_Training_15584.png,data/fer2013/Training/angry/angry_Training_10819.png,data/fer2013/Training/sad/sad_Training_18067.png,0.9909831285476685,0.9898396134376526,0.9754634499549866,0.9730691313743591,0.9658653140068054,0.9651913642883301
data/fer2013/PublicTest/sad/sad_PublicTest_29083.png,neutral,6,0.667,neutral,data/fer2013/PublicTest/sad/sad_PublicTest_29083.png,neutral,neutral,neutral,neutral,neutral,contempt,data/fer2013/Training/angry/angry_Training_4835.png,data/fer2013/Training/angry/angry_Training_4205.png,data/fer2013/Training/sad/sad_Training_10073.png,data/fer2013/Training/fear/fear_Training_8281.png,data/fer2013/Training/neutral/neutral_Training_20408.png,data/fer2013/Training/angry/angry_Training_16186.png,0.9864606857299805,0.9853870868682861,0.9839746356010437,0.9821043014526367,0.9775727987289429,0.9766896367073059
data/fer2013/PublicTest/fear/fear_PublicTest_29084.png,sad,4,1.0,sad,data/fer2013/PublicTest/fear/fear_PublicTest_29084.png,sad,sad,sad,sad,sad,sad,data/fer2013/Training/fear/fear_Training_3238.png,data/fer2013/Training/fear/fear_Training_17214.png,data/fer2013/Training/angry/angry_Training_21415.png,data/fer2013/Training/sad/sad_Training_5910.png,data/fer2013/Training/sad/sad_Training_14497.png,data/fer2013/Training/sad/sad_Training_18610.png,0.9969683885574341,0.9969683885574341,0.9965811967849731,0.9962477087974548,0.9956616759300232,0.9947836399078369
data/fer2013/PublicTest/angry/angry_PublicTest_29085.png,neutral,6,0.778,neutral,data/fer2013/PublicTest/angry/angry_PublicTest_29085.png,neutral,neutral,neutral,neutral,neutral,neutral,data/fer2013/Training/angry/angry_Training_13559.png,data/fer2013/Training/neutral/neutral_Training_26536.png,data/fer2013/Training/neutral/neutral_Training_17739.png,data/fer2013/Training/neutral/neutral_Training_10195.png,data/fer2013/Training/neutral/neutral_Training_27455.png,data/fer2013/Training/neutral/neutral_Training_12477.png,0.9877132773399353,0.9824397563934326,0.9781602025032043,0.977730929851532,0.975054144859314,0.9661875367164612
data/fer2013/PublicTest/surprise/surprise_PublicTest_29086.png,surprise,5,1.0,surprise,data/fer2013/PublicTest/surprise/surprise_PublicTest_29086.png,surprise,surprise,surprise,surprise,surprise,surprise,data/fer2013/Training/surprise/surprise_Training_5914.png,data/fer2013/Training/surprise/surprise_Training_17309.png,data/fer2013/Training/surprise/surprise_Training_10734.png,data/fer2013/Training/surprise/surprise_Training_26120.png,data/fer2013/Training/surprise/surprise_Training_5037.png,data/fer2013/Training/surprise/surprise_Training_6046.png,0.9890233278274536,0.9821955561637878,0.980888307094574,0.9800096750259399,0.9800096750259399,0.9767609238624573
data/fer2013/PublicTest/sad/sad_PublicTest_29087.png,neutral,6,0.778,sad,data/fer2013/PublicTest/sad/sad_PublicTest_29087.png,sad,sad,neutral,neutral,neutral,neutral,data/fer2013/Training/sad/sad_Training_26329.png,data/fer2013/Training/sad/sad_Training_7249.png,data/fer2013/Training/sad/sad_Training_24494.png,data/fer2013/Training/angry/angry_Training_28543.png,data/fer2013/Training/fear/fear_Training_6035.png,data/fer2013/Training/sad/sad_Training_10865.png,0.9942489862442017,0.9587936401367188,0.9422413110733032,0.9194027185440063,0.9163872599601746,0.904288113117218
data/fer2013/PublicTest/sad/sad_PublicTest_29088.png,neutral,6,1.0,sad,data/fer2013/PublicTest/sad/sad_PublicTest_29088.png,neutral,neutral,sad,neutral,neutral,neutral,data/fer2013/Training/neutral/neutral_Training_17923.png,data/fer2013/Training/sad/sad_Training_17645.png,data/fer2013/Training/sad/sad_Training_8093.png,data/fer2013/Training/neutral/neutral_Training_18129.png,data/fer2013/Training/sad/sad_Training_15024.png,data/fer2013/Training/fear/fear_Training_731.png,0.9900432825088501,0.9703978300094604,0.965589165687561,0.9563285112380981,0.9468123912811279,0.9452934265136719
data/fer2013/PublicTest/angry/angry_PublicTest_29089.png,angry,0,0.556,neutral,data/fer2013/PublicTest/angry/angry_PublicTest_29089.png,neutral,neutral,neutral,neutral,neutral,neutral,data/fer2013/Training/neutral/neutral_Training_22718.png,data/fer2013/Training/neutral/neutral_Training_15785.png,data/fer2013/Training/neutral/neutral_Training_13710.png,data/fer2013/Training/neutral/neutral_Training_15141.png,data/fer2013/Training/neutral/neutral_Training_2600.png,data/fer2013/Training/neutral/neutral_Training_2334.png,0.9889016151428223,0.9888951778411865,0.9888498783111572,0.9888300895690918,0.9886307716369629,0.9884881973266602
data/fer2013/PublicTest/surprise/surprise_PublicTest_29090.png,surprise,5,0.8,surprise,data/fer2013/PublicTest/surprise/surprise_PublicTest_29090.png,surprise,surprise,surprise,surprise,surprise,surprise,data/fer2013/Training/fear/fear_Training_16234.png,data/fer2013/Training/surprise/surprise_Training_3291.png,data/fer2013/Training/surprise/surprise_Training_1162.png,data/fer2013/Training/fear/fear_Training_11765.png,data/fer2013/Training/fear/fear_Training_15811.png,data/fer2013/Training/fear/fear_Training_19235.png,0.987221896648407,0.984531044960022,0.982069730758667,0.9814667701721191,0.9781614542007446,0.9761278033256531
data/fer2013/PublicTest/happy/happy_PublicTest_29091.png,happy,3,1.0,happy,data/fer2013/PublicTest/happy/happy_PublicTest_29091.png,happy,happy,happy,happy,happy,happy,data/fer2013/Training/happy/happy_Training_15748.png,data/fer2013/Training/happy/happy_Training_10035.png,data/fer2013/Training/happy/happy_Training_9944.png,data/fer2013/Training/happy/happy_Training_21083.png,data/fer2013/Training/neutral/neutral_Training_19789.png,data/fer2013/Training/happy/happy_Training_12495.png,0.9951666593551636,0.9937064051628113,0.9914265275001526,0.9910938143730164,0.990307629108429,0.9900997281074524
data/fer2013/PublicTest/fear/fear_PublicTest_29092.png,sad,4,0.667,happy,data/fer2013/PublicTest/fear/fear_PublicTest_29092.png,sad,sad,sad,sad,sad,neutral,data/fer2013/Training/sad/sad_Training_514.png,data/fer2013/Training/sad/sad_Training_6330.png,data/fer2013/Training/fear/fear_Training_18713.png,data/fer2013/Training/sad/sad_Training_7943.png,data/fer2013/Training/sad/sad_Training_3660.png,data/fer2013/Training/sad/sad_Training_1573.png,0.9246488213539124,0.9069452881813049,0.9036579728126526,0.8702939748764038,0.8701117634773254,0.8682377934455872
data/fer2013/PublicTest/happy/happy_PublicTest_29093.png,happy,3,1.0,happy,data/fer2013/PublicTest/happy/happy_PublicTest_29093.png,happy,happy,happy,happy,happy,happy,data/fer2013/Training/happy/happy_Training_9407.png,data/fer2013/Training/happy/happy_Training_12120.png,data/fer2013/Training/happy/happy_Training_2861.png,data/fer2013/Training/happy/happy_Training_2272.png,data/fer2013/Training/happy/happy_Training_26478.png,data/fer2013/Training/happy/happy_Training_687.png,0.9912988543510437,0.9908643960952759,0.9905909299850464,0.9905567765235901,0.9903103113174438,0.9902993440628052
data/fer2013/PublicTest/neutral/neutral_PublicTest_29094.png,neutral,6,1.0,neutral,data/fer2013/PublicTest/neutral/neutral_PublicTest_29094.png,neutral,neutral,happy,neutral,neutral,neutral,data/fer2013/Training/angry/angry_Training_9241.png,data/fer2013/Training/neutral/neutral_Training_27814.png,data/fer2013/Training/neutral/neutral_Training_21138.png,data/fer2013/Training/neutral/neutral_Training_1675.png,data/fer2013/Training/neutral/neutral_Training_25862.png,data/fer2013/Training/neutral/neutral_Training_20705.png,0.980926513671875,0.9806284308433533,0.9739015698432922,0.9622454643249512,0.9611420631408691,0.9609572887420654
data/fer2013/PublicTest/happy/happy_PublicTest_29095.png,happy,3,1.0,happy,data/fer2013/PublicTest/happy/happy_PublicTest_29095.png,happy,happy,happy,happy,happy,happy,data/fer2013/Training/happy/happy_Training_18444.png,data/fer2013/Training/happy/happy_Training_10555.png,data/fer2013/Training/happy/happy_Training_24390.png,data/fer2013/Training/happy/happy_Training_8305.png,data/fer2013/Training/happy/happy_Training_20296.png,data/fer2013/Training/happy/happy_Training_14086.png,0.9881315231323242,0.9877271056175232,0.9863094091415405,0.9856535196304321,0.9851453304290771,0.9851058721542358
data/fer2013/PublicTest/surprise/surprise_PublicTest_29096.png,surprise,5,1.0,surprise,data/fer2013/PublicTest/surprise/surprise_PublicTest_29096.png,surprise,surprise,surprise,surprise,surprise,surprise,data/fer2013/Training/surprise/surprise_Training_7419.png,data/fer2013/Training/surprise/surprise_Training_22968.png,data/fer2013/Training/surprise/surprise_Training_17327.png,data/fer2013/Training/surprise/surprise_Training_21366.png,data/fer2013/Training/surprise/surprise_Training_9394.png,data/fer2013/Training/surprise/surprise_Training_27593.png,0.9972588419914246,0.9958651065826416,0.9956368207931519,0.9956368207931519,0.9953944683074951,0.9946507215499878
data/fer2013/PublicTest/sad/sad_PublicTest_29097.png,neutral,6,1.0,neutral,data/fer2013/PublicTest/sad/sad_PublicTest_29097.png,neutral,neutral,neutral,neutral,neutral,neutral,data/fer2013/Training/neutral/neutral_Training_838.png,data/fer2013/Training/neutral/neutral_Training_442.png,data/fer2013/Training/neutral/neutral_Training_102.png,data/fer2013/Training/neutral/neutral_Training_15989.png,data/fer2013/Training/angry/angry_Training_5737.png,data/fer2013/Training/neutral/neutral_Training_23057.png,0.9936537742614746,0.9905657172203064,0.9821457862854004,0.9819284081459045,0.9812086224555969,0.9789972901344299
data/fer2013/PublicTest/neutral/neutral_PublicTest_29099.png,neutral,6,1.0,neutral,data/fer2013/PublicTest/neutral/neutral_PublicTest_29099.png,sad,sad,neutral,neutral,sad,neutral,data/fer2013/Training/sad/sad_Training_11817.png,data/fer2013/Training/sad/sad_Training_5348.png,data/fer2013/Training/sad/sad_Training_22855.png,data/fer2013/Training/fear/fear_Training_28001.png,data/fer2013/Training/angry/angry_Training_17411.png,data/fer2013/Training/sad/sad_Training_23844.png,0.9661421179771423,0.9661421179771423,0.9542694091796875,0.9504904747009277,0.947441816329956,0.9411116242408752
data/fer2013/PublicTest/neutral/neutral_PublicTest_29100.png,neutral,6,1.0,neutral,data/fer2013/PublicTest/neutral/neutral_PublicTest_29100.png,neutral,neutral,happy,neutral,neutral,neutral,data/fer2013/Training/neutral/neutral_Training_25584.png,data/fer2013/Training/neutral/neutral_Training_22962.png,data/fer2013/Training/neutral/neutral_Training_23224.png,data/fer2013/Training/sad/sad_Training_27389.png,data/fer2013/Training/surprise/surprise_Training_12756.png,data/fer2013/Training/sad/sad_Training_15909.png,0.970508337020874,0.9357982277870178,0.9121896624565125,0.9068326950073242,0.896020233631134,0.893509566783905
data/fer2013/PublicTest/happy/happy_PublicTest_29101.png,happy,3,1.0,happy,data/fer2013/PublicTest/happy/happy_PublicTest_29101.png,happy,happy,happy,happy,happy,happy,data/fer2013/Training/happy/happy_Training_23699.png,data/fer2013/Training/happy/happy_Training_25472.png,data/fer2013/Training/happy/happy_Training_25086.png,data/fer2013/Training/happy/happy_Training_27142.png,data/fer2013/Training/happy/happy_Training_15304.png,data/fer2013/Training/happy/happy_Training_6401.png,0.9985641837120056,0.9980950355529785,0.9977971315383911,0.9977971315383911,0.9968991875648499,0.9968991875648499
data/fer2013/PublicTest/angry/angry_PublicTest_29103.png,angry,0,0.667,angry,data/fer2013/PublicTest/angry/angry_PublicTest_29103.png,neutral,angry,angry,neutral,angry,angry,data/fer2013/Training/fear/fear_Training_2057.png,data/fer2013/Training/angry/angry_Training_12432.png,data/fer2013/Training/angry/angry_Training_8535.png,data/fer2013/Training/surprise/surprise_Training_24858.png,data/fer2013/Training/angry/angry_Training_26881.png,data/fer2013/Training/angry/angry_Training_17218.png,0.9690812826156616,0.9675189256668091,0.9630641341209412,0.9619443416595459,0.961875319480896,0.9568557143211365
data/fer2013/PublicTest/surprise/surprise_PublicTest_29104.png,surprise,5,0.8,surprise,data/fer2013/PublicTest/surprise/surprise_PublicTest_29104.png,surprise,surprise,surprise,surprise,surprise,surprise,data/fer2013/Training/surprise/surprise_Training_14844.png,data/fer2013/Training/surprise/surprise_Training_24083.png,data/fer2013/Training/fear/fear_Training_16296.png,data/fer2013/Training/surprise/surprise_Training_17173.png,data/fer2013/Training/surprise/surprise_Training_20262.png,data/fer2013/Training/surprise/surprise_Training_8625.png,0.99908047914505,0.99908047914505,0.9986945390701294,0.9952275156974792,0.9949304461479187,0.994398832321167
data/fer2013/PublicTest/fear/fear_PublicTest_29105.png,neutral,6,0.667,neutral,data/fer2013/PublicTest/fear/fear_PublicTest_29105.png,neutral,neutral,neutral,neutral,neutral,neutral,data/fer2013/Training/fear/fear_Training_20844.png,data/fer2013/Training/angry/angry_Training_15217.png,data/fer2013/Training/sad/sad_Training_5183.png,data/fer2013/Training/angry/angry_Training_24676.png,data/fer2013/Training/sad/sad_Training_10073.png,data/fer2013/Training/neutral/neutral_Training_13221.png,0.9973649978637695,0.9947241544723511,0.9876959323883057,0.986186146736145,0.9833608865737915,0.9824005961418152
data/fer2013/PublicTest/fear/fear_PublicTest_29106.png,fear,2,0.556,surprise,data/fer2013/PublicTest/fear/fear_PublicTest_29106.png,surprise,surprise,surprise,surprise,fear,surprise,data/fer2013/Training/surprise/surprise_Training_78.png,data/fer2013/Training/fear/fear_Training_11704.png,data/fer2013/Training/surprise/surprise_Training_3108.png,data/fer2013/Training/surprise/surprise_Training_322.png,data/fer2013/Training/surprise/surprise_Training_23747.png,data/fer2013/Training/surprise/surprise_Training_13227.png,0.9862696528434753,0.98264080286026,0.9800341725349426,0.9797885417938232,0.9797655940055847,0.9797579646110535
data/fer2013/PublicTest/fear/fear_PublicTest_29107.png,neutral,6,1.0,angry,data/fer2013/PublicTest/fear/fear_PublicTest_29107.png,angry,neutral,neutral,neutral,neutral,angry,data/fer2013/Training/angry/angry_Training_27139.png,data/fer2013/Training/angry/angry_Training_18001.png,data/fer2013/Training/angry/angry_Training_23793.png,data/fer2013/Training/angry/angry_Training_5888.png,data/fer2013/Training/angry/angry_Training_1641.png,data/fer2013/Training/angry/angry_Training_10265.png,0.9894490242004395,0.9796808958053589,0.972004771232605,0.9699916839599609,0.9688918590545654,0.9672238230705261
data/fer2013/PublicTest/angry/angry_PublicTest_29108.png,angry,0,1.0,angry,data/fer2013/PublicTest/angry/angry_PublicTest_29108.png,angry,angry,angry,angry,angry,angry,data/fer2013/Training/angry/angry_Training_28614.png,data/fer2013/Training/angry/angry_Training_20200.png,data/fer2013/Training/angry/angry_Training_10430.png,data/fer2013/Training/angry/angry_Training_7688.png,data/fer2013/Training/angry/angry_Training_965.png,data/fer2013/Training/angry/angry_Training_15000.png,0.9982501268386841,0.9969109892845154,0.9952912926673889,0.9923790693283081,0.992344081401825,0.9917667508125305
data/fer2013/PublicTest/surprise/surprise_PublicTest_29110.png,surprise,5,0.7,surprise,data/fer2013/PublicTest/surprise/surprise_PublicTest_29110.png,surprise,surprise,surprise,surprise,surprise,surprise,data/fer2013/Training/surprise/surprise_Training_6359.png,data/fer2013/Training/surprise/surprise_Training_26130.png,data/fer2013/Training/surprise/surprise_Training_21517.png,data/fer2013/Training/surprise/surprise_Training_3135.png,data/fer2013/Training/surprise/surprise_Training_819.png,data/fer2013/Training/surprise/surprise_Training_25403.png,0.9968808889389038,0.996848464012146,0.9958399534225464,0.9957637190818787,0.9953295588493347,0.9951950907707214
data/fer2013/PublicTest/happy/happy_PublicTest_29111.png,happy,3,1.0,happy,data/fer2013/PublicTest/happy/happy_PublicTest_29111.png,happy,happy,happy,happy,happy,happy,data/fer2013/Training/surprise/surprise_Training_19387.png,data/fer2013/Training/happy/happy_Training_12000.png,data/fer2013/Training/happy/happy_Training_13829.png,data/fer2013/Training/happy/happy_Training_8097.png,data/fer2013/Training/happy/happy_Training_6999.png,data/fer2013/Training/happy/happy_Training_21449.png,0.9949024319648743,0.9946681261062622,0.9945463538169861,0.9929594397544861,0.9918407201766968,0.9916309714317322
data/fer2013/PublicTest/sad/sad_PublicTest_29112.png,neutral,6,1.0,neutral,data/fer2013/PublicTest/sad/sad_PublicTest_29112.png,happy,neutral,happy,neutral,neutral,happy,data/fer2013/Training/happy/happy_Training_11230.png,data/fer2013/Training/happy/happy_Training_26893.png,data/fer2013/Training/happy/happy_Training_1698.png,data/fer2013/Training/fear/fear_Training_15174.png,data/fer2013/Training/neutral/neutral_Training_8141.png,data/fer2013/Training/happy/happy_Training_28258.png,0.9688655138015747,0.9684972763061523,0.9658278226852417,0.9634498357772827,0.9627941250801086,0.9575797319412231
data/fer2013/PublicTest/fear/fear_PublicTest_29113.png,sad,4,0.571,fear,data/fer2013/PublicTest/fear/fear_PublicTest_29113.png,sad,sad,sad,sad,surprise,fear,data/fer2013/Training/fear/fear_Training_25596.png,data/fer2013/Training/fear/fear_Training_22274.png,data/fer2013/Training/sad/sad_Training_5435.png,data/fer2013/Training/fear/fear_Training_18637.png,data/fer2013/Training/fear/fear_Training_24963.png,data/fer2013/Training/sad/sad_Training_5055.png,0.9607782363891602,0.9504772424697876,0.9343594312667847,0.9341470003128052,0.9315929412841797,0.9191376566886902
data/fer2013/PublicTest/sad/sad_PublicTest_29114.png,neutral,6,0.778,neutral,data/fer2013/PublicTest/sad/sad_PublicTest_29114.png,neutral,neutral,neutral,neutral,neutral,neutral,data/fer2013/Training/fear/fear_Training_15986.png,data/fer2013/Training/sad/sad_Training_16797.png,data/fer2013/Training/sad/sad_Training_15254.png,data/fer2013/Training/sad/sad_Training_22036.png,data/fer2013/Training/sad/sad_Training_26145.png,data/fer2013/Training/sad/sad_Training_3893.png,0.9934473633766174,0.990058958530426,0.983563244342804,0.9833360314369202,0.9805147647857666,0.9791815876960754
data/fer2013/PublicTest/surprise/surprise_PublicTest_29115.png,fear,2,0.778,surprise,data/fer2013/PublicTest/surprise/surprise_PublicTest_29115.png,surprise,surprise,fear,fear,fear,surprise,data/fer2013/Training/happy/happy_Training_21859.png,data/fer2013/Training/fear/fear_Training_1657.png,data/fer2013/Training/angry/angry_Training_14752.png,data/fer2013/Training/surprise/surprise_Training_17258.png,data/fer2013/Training/happy/happy_Training_17455.png,data/fer2013/Training/surprise/surprise_Training_9947.png,0.9806676506996155,0.9780972599983215,0.9759130477905273,0.9755090475082397,0.9740058183670044,0.9735288619995117
data/fer2013/PublicTest/surprise/surprise_PublicTest_29116.png,surprise,5,1.0,surprise,data/fer2013/PublicTest/surprise/surprise_PublicTest_29116.png,surprise,surprise,surprise,surprise,surprise,surprise,data/fer2013/Training/surprise/surprise_Training_9742.png,data/fer2013/Training/surprise/surprise_Training_27164.png,data/fer2013/Training/surprise/surprise_Training_21924.png,data/fer2013/Training/surprise/surprise_Training_26936.png,data/fer2013/Training/surprise/surprise_Training_1735.png,data/fer2013/Training/surprise/surprise_Training_12538.png,0.9891936779022217,0.9886760115623474,0.9886760115623474,0.9884313941001892,0.9884313941001892,0.9875310659408569
data/fer2013/PublicTest/surprise/surprise_PublicTest_29117.png,fear,2,0.571,surprise,data/fer2013/PublicTest/surprise/surprise_PublicTest_29117.png,surprise,surprise,surprise,surprise,surprise,surprise,data/fer2013/Training/fear/fear_Training_1193.png,data/fer2013/Training/surprise/surprise_Training_24852.png,data/fer2013/Training/fear/fear_Training_2269.png,data/fer2013/Training/fear/fear_Training_10209.png,data/fer2013/Training/surprise/surprise_Training_4895.png,data/fer2013/Training/fear/fear_Training_21454.png,0.9844908118247986,0.9833272695541382,0.9832824468612671,0.9831097722053528,0.9814014434814453,0.9813505411148071
data/fer2013/PublicTest/surprise/surprise_PublicTest_29118.png,surprise,5,1.0,surprise,data/fer2013/PublicTest/surprise/surprise_PublicTest_29118.png,surprise,surprise,surprise,surprise,surprise,surprise,data/fer2013/Training/surprise/surprise_Training_8576.png,data/fer2013/Training/surprise/surprise_Training_7830.png,data/fer2013/Training/surprise/surprise_Training_22881.png,data/fer2013/Training/surprise/surprise_Training_2878.png,data/fer2013/Training/surprise/surprise_Training_28703.png,data/fer2013/Training/surprise/surprise_Training_5751.png,0.9963428974151611,0.9961782693862915,0.9960132241249084,0.9954948425292969,0.995357096195221,0.9953299760818481
data/fer2013/PublicTest/angry/angry_PublicTest_29119.png,angry,0,0.556,angry,data/fer2013/PublicTest/angry/angry_PublicTest_29119.png,happy,angry,angry,angry,angry,angry,data/fer2013/Training/fear/fear_Training_7338.png,data/fer2013/Training/angry/angry_Training_8513.png,data/fer2013/Training/angry/angry_Training_21038.png,data/fer2013/Training/angry/angry_Training_28405.png,data/fer2013/Training/angry/angry_Training_3802.png,data/fer2013/Training/fear/fear_Training_13266.png,0.9924635291099548,0.9859510660171509,0.9858284592628479,0.9849897027015686,0.9849897027015686,0.9810299277305603
data/fer2013/PublicTest/surprise/surprise_PublicTest_29120.png,surprise,5,1.0,surprise,data/fer2013/PublicTest/surprise/surprise_PublicTest_29120.png,surprise,surprise,surprise,surprise,surprise,surprise,data/fer2013/Training/surprise/surprise_Training_28703.png,data/fer2013/Training/surprise/surprise_Training_8576.png,data/fer2013/Training/surprise/surprise_Training_7830.png,data/fer2013/Training/surprise/surprise_Training_17586.png,data/fer2013/Training/surprise/surprise_Training_1157.png,data/fer2013/Training/surprise/surprise_Training_22399.png,0.9978881478309631,0.996239960193634,0.9947607517242432,0.9938420653343201,0.9938420653343201,0.9936974048614502
data/fer2013/PublicTest/sad/sad_PublicTest_29121.png,neutral,6,0.8,neutral,data/fer2013/PublicTest/sad/sad_PublicTest_29121.png,neutral,neutral,neutral,neutral,neutral,neutral,data/fer2013/Training/neutral/neutral_Training_11087.png,data/fer2013/Training/neutral/neutral_Training_16032.png,data/fer2013/Training/fear/fear_Training_16313.png,data/fer2013/Training/neutral/neutral_Training_10084.png,data/fer2013/Training/neutral/neutral_Training_26862.png,data/fer2013/Training/neutral/neutral_Training_3980.png,0.9879949688911438,0.9831821322441101,0.9813311696052551,0.9803951978683472,0.9800100922584534,0.9791254997253418
data/fer2013/PublicTest/happy/happy_PublicTest_29122.png,happy,3,1.0,happy,data/fer2013/PublicTest/happy/happy_PublicTest_29122.png,happy,happy,happy,happy,happy,happy,data/fer2013/Training/happy/happy_Training_6553.png,data/fer2013/Training/neutral/neutral_Training_3064.png,data/fer2013/Training/happy/happy_Training_13502.png,data/fer2013/Training/happy/happy_Training_14417.png,data/fer2013/Training/happy/happy_Training_20679.png,data/fer2013/Training/happy/happy_Training_28439.png,0.9941118955612183,0.9939447045326233,0.9936307072639465,0.9914870262145996,0.9913501739501953,0.9909440279006958
data/fer2013/PublicTest/happy/happy_PublicTest_29123.png,happy,3,0.778,surprise,data/fer2013/PublicTest/happy/happy_PublicTest_29123.png,happy,happy,angry,surprise,angry,surprise,data/fer2013/Training/happy/happy_Training_1760.png,data/fer2013/Training/happy/happy_Training_562.png,data/fer2013/Training/angry/angry_Training_14168.png,data/fer2013/Training/happy/happy_Training_20013.png,data/fer2013/Training/fear/fear_Training_9788.png,data/fer2013/Training/surprise/surprise_Training_16145.png,0.9508455991744995,0.945523202419281,0.9346622228622437,0.9324244856834412,0.9314812421798706,0.9314483404159546
data/fer2013/PublicTest/happy/happy_PublicTest_29124.png,neutral,6,1.0,neutral,data/fer2013/PublicTest/happy/happy_PublicTest_29124.png,neutral,neutral,neutral,neutral,neutral,neutral,data/fer2013/Training/neutral/neutral_Training_15360.png,data/fer2013/Training/sad/sad_Training_27495.png,data/fer2013/Training/sad/sad_Training_24698.png,data/fer2013/Training/sad/sad_Training_14161.png,data/fer2013/Training/neutral/neutral_Training_14165.png,data/fer2013/Training/sad/sad_Training_25241.png,0.9977408051490784,0.9919260740280151,0.9919260740280151,0.9916064739227295,0.9915570020675659,0.9909152388572693
data/fer2013/PublicTest/neutral/neutral_PublicTest_29125.png,sad,4,1.0,angry,data/fer2013/PublicTest/neutral/neutral_PublicTest_29125.png,angry,angry,angry,neutral,angry,angry,data/fer2013/Training/sad/sad_Training_12648.png,data/fer2013/Training/fear/fear_Training_28417.png,data/fer2013/Training/angry/angry_Training_11289.png,data/fer2013/Training/fear/fear_Training_7236.png,data/fer2013/Training/angry/angry_Training_6286.png,data/fer2013/Training/angry/angry_Training_16169.png,0.9557531476020813,0.9468371272087097,0.9393541812896729,0.9378694891929626,0.9345213770866394,0.9305840134620667
data/fer2013/PublicTest/surprise/surprise_PublicTest_29127.png,surprise,5,1.0,surprise,data/fer2013/PublicTest/surprise/surprise_PublicTest_29127.png,surprise,surprise,surprise,surprise,surprise,surprise,data/fer2013/Training/fear/fear_Training_8929.png,data/fer2013/Training/surprise/surprise_Training_12131.png,data/fer2013/Training/fear/fear_Training_18911.png,data/fer2013/Training/surprise/surprise_Training_7459.png,data/fer2013/Training/surprise/surprise_Training_25995.png,data/fer2013/Training/surprise/surprise_Training_10966.png,0.9941916465759277,0.9921355247497559,0.9919840693473816,0.9911552667617798,0.9909950494766235,0.9906905293464661
data/fer2013/PublicTest/sad/sad_PublicTest_29128.png,sad,4,0.75,sad,data/fer2013/PublicTest/sad/sad_PublicTest_29128.png,sad,sad,sad,neutral,sad,neutral,data/fer2013/Training/sad/sad_Training_6162.png,data/fer2013/Training/sad/sad_Training_2176.png,data/fer2013/Training/sad/sad_Training_27003.png,data/fer2013/Training/sad/sad_Training_20830.png,data/fer2013/Training/sad/sad_Training_11040.png,data/fer2013/Training/sad/sad_Training_11710.png,0.9917739629745483,0.9862992763519287,0.9824156165122986,0.9805935025215149,0.9803969860076904,0.9800800085067749
data/fer2013/PublicTest/neutral/neutral_PublicTest_29129.png,neutral,6,1.0,neutral,data/fer2013/PublicTest/neutral/neutral_PublicTest_29129.png,neutral,neutral,neutral,neutral,neutral,neutral,data/fer2013/Training/neutral/neutral_Training_6195.png,data/fer2013/Training/angry/angry_Training_11607.png,data/fer2013/Training/sad/sad_Training_266.png,data/fer2013/Training/sad/sad_Training_13277.png,data/fer2013/Training/angry/angry_Training_16560.png,data/fer2013/Training/neutral/neutral_Training_6869.png,0.9934195280075073,0.9883193969726562,0.9876134991645813,0.9872780442237854,0.9865326881408691,0.9854234457015991
data/fer2013/PublicTest/happy/happy_PublicTest_29130.png,happy,3,1.0,happy,data/fer2013/PublicTest/happy/happy_PublicTest_29130.png,happy,happy,happy,happy,happy,happy,data/fer2013/Training/happy/happy_Training_11833.png,data/fer2013/Training/happy/happy_Training_4014.png,data/fer2013/Training/happy/happy_Training_2629.png,data/fer2013/Training/happy/happy_Training_18601.png,data/fer2013/Training/happy/happy_Training_14063.png,data/fer2013/Training/happy/happy_Training_14595.png,0.9955576062202454,0.9935677647590637,0.9907788634300232,0.989826500415802,0.989738941192627,0.9886888861656189
data/fer2013/PublicTest/surprise/surprise_PublicTest_29131.png,surprise,5,1.0,surprise,data/fer2013/PublicTest/surprise/surprise_PublicTest_29131.png,surprise,surprise,happy,surprise,surprise,happy,data/fer2013/Training/surprise/surprise_Training_208.png,data/fer2013/Training/surprise/surprise_Training_26483.png,data/fer2013/Training/surprise/surprise_Training_19570.png,data/fer2013/Training/surprise/surprise_Training_15175.png,data/fer2013/Training/happy/happy_Training_25002.png,data/fer2013/Training/happy/happy_Training_370.png,0.9887743592262268,0.9887743592262268,0.979185938835144,0.9784203171730042,0.9778898358345032,0.9775030612945557
data/fer2013/PublicTest/angry/angry_PublicTest_29132.png,neutral,6,0.571,neutral,data/fer2013/PublicTest/angry/angry_PublicTest_29132.png,neutral,neutral,neutral,neutral,neutral,neutral,data/fer2013/Training/happy/happy_Training_5386.png,data/fer2013/Training/neutral/neutral_Training_19429.png,data/fer2013/Training/neutral/neutral_Training_11455.png,data/fer2013/Training/neutral/neutral_Training_18426.png,data/fer2013/Training/neutral/neutral_Training_22767.png,data/fer2013/Training/neutral/neutral_Training_16268.png,0.9900442361831665,0.9856182336807251,0.9718561172485352,0.9713919758796692,0.9702268242835999,0.9655037522315979
data/fer2013/PublicTest/angry/angry_PublicTest_29134.png,angry,0,1.0,angry,data/fer2013/PublicTest/angry/angry_PublicTest_29134.png,happy,surprise,angry,angry,angry,angry,data/fer2013/Training/angry/angry_Training_489.png,data/fer2013/Training/angry/angry_Training_21723.png,data/fer2013/Training/angry/angry_Training_21622.png,data/fer2013/Training/angry/angry_Training_22920.png,data/fer2013/Training/fear/fear_Training_17668.png,data/fer2013/Training/angry/angry_Training_25950.png,0.9825636744499207,0.9752202033996582,0.9735731482505798,0.9711565971374512,0.9688452482223511,0.9675432443618774
data/fer2013/PublicTest/sad/sad_PublicTest_29135.png,neutral,6,0.778,neutral,data/fer2013/PublicTest/sad/sad_PublicTest_29135.png,neutral,neutral,neutral,neutral,neutral,neutral,data/fer2013/Training/neutral/neutral_Training_14915.png,data/fer2013/Training/neutral/neutral_Training_25806.png,data/fer2013/Training/neutral/neutral_Training_6255.png,data/fer2013/Training/neutral/neutral_Training_10827.png,data/fer2013/Training/neutral/neutral_Training_13784.png,data/fer2013/Training/sad/sad_Training_1298.png,0.990347146987915,0.9892366528511047,0.9865326881408691,0.9805301427841187,0.9787200689315796,0.9784557819366455
data/fer2013/PublicTest/happy/happy_PublicTest_29136.png,happy,3,1.0,happy,data/fer2013/PublicTest/happy/happy_PublicTest_29136.png,happy,happy,happy,happy,happy,happy,data/fer2013/Training/neutral/neutral_Training_4388.png,data/fer2013/Training/happy/happy_Training_23770.png,data/fer2013/Training/neutral/neutral_Training_5267.png,data/fer2013/Training/happy/happy_Training_10690.png,data/fer2013/Training/happy/happy_Training_18373.png,data/fer2013/Training/happy/happy_Training_28307.png,0.9954642057418823,0.9946871995925903,0.9942527413368225,0.9938026666641235,0.9934287667274475,0.9931262731552124
data/fer2013/PublicTest/happy/happy_PublicTest_29137.png,happy,3,1.0,happy,data/fer2013/PublicTest/happy/happy_PublicTest_29137.png,happy,happy,happy,happy,happy,happy,data/fer2013/Training/happy/happy_Training_539.png,data/fer2013/Training/happy/happy_Training_27949.png,data/fer2013/Training/happy/happy_Training_921.png,data/fer2013/Training/happy/happy_Training_21750.png,data/fer2013/Training/happy/happy_Training_15104.png,data/fer2013/Training/happy/happy_Training_19965.png,0.9985570907592773,0.998354434967041,0.9980727434158325,0.9979758262634277,0.9977486729621887,0.9976930618286133
data/fer2013/PublicTest/sad/sad_PublicTest_29138.png,neutral,6,1.0,neutral,data/fer2013/PublicTest/sad/sad_PublicTest_29138.png,sad,neutral,neutral,neutral,neutral,neutral,data/fer2013/Training/sad/sad_Training_8146.png,data/fer2013/Training/sad/sad_Training_10494.png,data/fer2013/Training/sad/sad_Training_15757.png,data/fer2013/Training/sad/sad_Training_7375.png,data/fer2013/Training/sad/sad_Training_17415.png,data/fer2013/Training/sad/sad_Training_10753.png,0.9951647520065308,0.993083119392395,0.9877708554267883,0.9818018078804016,0.9815613627433777,0.9815613627433777
data/fer2013/PublicTest/sad/sad_PublicTest_29140.png,neutral,6,0.667,neutral,data/fer2013/PublicTest/sad/sad_PublicTest_29140.png,neutral,neutral,neutral,neutral,neutral,neutral,data/fer2013/Training/angry/angry_Training_2160.png,data/fer2013/Training/neutral/neutral_Training_6326.png,data/fer2013/Training/sad/sad_Training_8461.png,data/fer2013/Training/fear/fear_Training_17301.png,data/fer2013/Training/sad/sad_Training_10859.png,data/fer2013/Training/sad/sad_Training_12333.png,0.9938120245933533,0.9880211353302002,0.9844391345977783,0.9791313409805298,0.9772384762763977,0.976864218711853
data/fer2013/PublicTest/sad/sad_PublicTest_29141.png,sad,4,0.556,sad,data/fer2013/PublicTest/sad/sad_PublicTest_29141.png,sad,sad,sad,sad,sad,sad,data/fer2013/Training/fear/fear_Training_1231.png,data/fer2013/Training/fear/fear_Training_9291.png,data/fer2013/Training/fear/fear_Training_18336.png,data/fer2013/Training/fear/fear_Training_24674.png,data/fer2013/Training/fear/fear_Training_25621.png,data/fer2013/Training/fear/fear_Training_2943.png,0.9875549077987671,0.9802224040031433,0.9802224040031433,0.9787610769271851,0.9787610769271851,0.9665672779083252
data/fer2013/PublicTest/neutral/neutral_PublicTest_29142.png,neutral,6,1.0,neutral,data/fer2013/PublicTest/neutral/neutral_PublicTest_29142.png,neutral,neutral,neutral,neutral,neutral,neutral,data/fer2013/Training/neutral/neutral_Training_25297.png,data/fer2013/Training/neutral/neutral_Training_14622.png,data/fer2013/Training/neutral/neutral_Training_4346.png,data/fer2013/Training/neutral/neutral_Training_18749.png,data/fer2013/Training/sad/sad_Training_6644.png,data/fer2013/Training/angry/angry_Training_1610.png,0.9892894625663757,0.9868934750556946,0.9868011474609375,0.9864238500595093,0.9854181408882141,0.9848790168762207
data/fer2013/PublicTest/happy/happy_PublicTest_29143.png,happy,3,0.7,happy,data/fer2013/PublicTest/happy/happy_PublicTest_29143.png,happy,happy,happy,neutral,happy,happy,data/fer2013/Training/neutral/neutral_Training_15756.png,data/fer2013/Training/neutral/neutral_Training_12577.png,data/fer2013/Training/happy/happy_Training_11862.png,data/fer2013/Training/angry/angry_Training_25343.png,data/fer2013/Training/happy/happy_Training_23444.png,data/fer2013/Training/happy/happy_Training_17142.png,0.9898322820663452,0.9798144698143005,0.9735589623451233,0.9733596444129944,0.9695876240730286,0.9684819579124451
data/fer2013/PublicTest/neutral/neutral_PublicTest_29144.png,angry,0,0.556,angry,data/fer2013/PublicTest/neutral/neutral_PublicTest_29144.png,angry,sad,sad,sad,angry,angry,data/fer2013/Training/disgust/disgust_Training_2695.png,data/fer2013/Training/disgust/disgust_Training_26325.png,data/fer2013/Training/angry/angry_Training_9237.png,data/fer2013/Training/disgust/disgust_Training_473.png,data/fer2013/Training/disgust/disgust_Training_20475.png,data/fer2013/Training/fear/fear_Training_23614.png,0.9746618866920471,0.9604312181472778,0.9582934379577637,0.9547160267829895,0.9485913515090942,0.9448342323303223
data/fer2013/PublicTest/neutral/neutral_PublicTest_29145.png,neutral,6,1.0,neutral,data/fer2013/PublicTest/neutral/neutral_PublicTest_29145.png,neutral,neutral,neutral,neutral,neutral,neutral,data/fer2013/Training/sad/sad_Training_21920.png,data/fer2013/Training/neutral/neutral_Training_18579.png,data/fer2013/Training/angry/angry_Training_908.png,data/fer2013/Training/neutral/neutral_Training_18017.png,data/fer2013/Training/neutral/neutral_Training_13441.png,data/fer2013/Training/neutral/neutral_Training_5002.png,0.9917385578155518,0.9886932373046875,0.9885149002075195,0.9826961755752563,0.9823904037475586,0.9811348915100098
data/fer2013/PublicTest/fear/fear_PublicTest_29146.png,fear,2,0.556,fear,data/fer2013/PublicTest/fear/fear_PublicTest_29146.png,fear,fear,fear,fear,fear,fear,data/fer2013/Training/fear/fear_Training_22519.png,data/fer2013/Training/fear/fear_Training_9316.png,data/fer2013/Training/fear/fear_Training_23588.png,data/fer2013/Training/fear/fear_Training_1240.png,data/fer2013/Training/fear/fear_Training_4453.png,data/fer2013/Training/fear/fear_Training_13096.png,0.9924006462097168,0.9922795295715332,0.9914493560791016,0.9914493560791016,0.9900326728820801,0.9894976019859314
data/fer2013/PublicTest/angry/angry_PublicTest_29148.png,neutral,6,0.6,neutral,data/fer2013/PublicTest/angry/angry_PublicTest_29148.png,neutral,neutral,neutral,neutral,neutral,neutral,data/fer2013/Training/neutral/neutral_Training_20405.png,data/fer2013/Training/neutral/neutral_Training_37.png,data/fer2013/Training/fear/fear_Training_17842.png,data/fer2013/Training/neutral/neutral_Training_21962.png,data/fer2013/Training/sad/sad_Training_25702.png,data/fer2013/Training/neutral/neutral_Training_2406.png,0.9942394495010376,0.9832566380500793,0.9811756014823914,0.9793922305107117,0.9744542241096497,0.9732653498649597
data/fer2013/PublicTest/sad/sad_PublicTest_29150.png,angry,0,1.0,angry,data/fer2013/PublicTest/sad/sad_PublicTest_29150.png,angry,angry,angry,angry,angry,angry,data/fer2013/Training/angry/angry_Training_25876.png,data/fer2013/Training/angry/angry_Training_6208.png,data/fer2013/Training/angry/angry_Training_5682.png,data/fer2013/Training/angry/angry_Training_14338.png,data/fer2013/Training/angry/angry_Training_20926.png,data/fer2013/Training/angry/angry_Training_12667.png,0.999816358089447,0.9992572665214539,0.9992572665214539,0.9992572665214539,0.9992572665214539,0.9983188509941101
data/fer2013/PublicTest/neutral/neutral_PublicTest_29151.png,neutral,6,1.0,neutral,data/fer2013/PublicTest/neutral/neutral_PublicTest_29151.png,neutral,surprise,neutral,neutral,neutral,neutral,data/fer2013/Training/surprise/surprise_Training_19692.png,data/fer2013/Training/angry/angry_Training_17721.png,data/fer2013/Training/neutral/neutral_Training_22876.png,data/fer2013/Training/angry/angry_Training_18832.png,data/fer2013/Training/neutral/neutral_Training_19687.png,data/fer2013/Training/fear/fear_Training_6496.png,0.9889593124389648,0.985896646976471,0.9790055155754089,0.9787479639053345,0.9765901565551758,0.9765870571136475
data/fer2013/PublicTest/fear/fear_PublicTest_29152.png,sad,4,0.6,sad,data/fer2013/PublicTest/fear/fear_PublicTest_29152.png,sad,sad,sad,sad,sad,sad,data/fer2013/Training/fear/fear_Training_7063.png,data/fer2013/Training/sad/sad_Training_10985.png,data/fer2013/Training/sad/sad_Training_17681.png,data/fer2013/Training/fear/fear_Training_10882.png,data/fer2013/Training/fear/fear_Training_4819.png,data/fer2013/Training/sad/sad_Training_580.png,0.9960442781448364,0.9896854162216187,0.9892745614051819,0.9883214831352234,0.9878754615783691,0.9871540069580078
data/fer2013/PublicTest/fear/fear_PublicTest_29154.png,neutral,6,0.571,happy,data/fer2013/PublicTest/fear/fear_PublicTest_29154.png,neutral,sad,sad,neutral,angry,angry,data/fer2013/Training/fear/fear_Training_15998.png,data/fer2013/Training/angry/angry_Training_4341.png,data/fer2013/Training/sad/sad_Training_12615.png,data/fer2013/Training/sad/sad_Training_28622.png,data/fer2013/Training/fear/fear_Training_19599.png,data/fer2013/Training/neutral/neutral_Training_18130.png,0.9625781178474426,0.9583021998405457,0.9558159708976746,0.9453812837600708,0.9278234839439392,0.9001771211624146
data/fer2013/PublicTest/angry/angry_PublicTest_29155.png,angry,0,1.0,angry,data/fer2013/PublicTest/angry/angry_PublicTest_29155.png,angry,angry,angry,angry,angry,angry,data/fer2013/Training/angry/angry_Training_1586.png,data/fer2013/Training/angry/angry_Training_9012.png,data/fer2013/Training/angry/angry_Training_928.png,data/fer2013/Training/angry/angry_Training_26075.png,data/fer2013/Training/angry/angry_Training_17865.png,data/fer2013/Training/angry/angry_Training_21168.png,0.986091136932373,0.9853809475898743,0.9841576814651489,0.981393575668335,0.9813287854194641,0.9767001867294312
data/fer2013/PublicTest/surprise/surprise_PublicTest_29156.png,neutral,6,0.6,surprise,data/fer2013/PublicTest/surprise/surprise_PublicTest_29156.png,happy,happy,happy,happy,happy,happy,data/fer2013/Training/happy/happy_Training_11573.png,data/fer2013/Training/happy/happy_Training_1014.png,data/fer2013/Training/happy/happy_Training_16621.png,data/fer2013/Training/happy/happy_Training_5153.png,data/fer2013/Training/surprise/surprise_Training_3888.png,data/fer2013/Training/happy/happy_Training_7880.png,0.9674230813980103,0.9616754651069641,0.9584149122238159,0.9572385549545288,0.9536755681037903,0.9516518115997314
data/fer2013/PublicTest/fear/fear_PublicTest_29157.png,angry,0,0.778,angry,data/fer2013/PublicTest/fear/fear_PublicTest_29157.png,angry,angry,angry,angry,angry,angry,data/fer2013/Training/angry/angry_Training_3442.png,data/fer2013/Training/angry/angry_Training_11113.png,data/fer2013/Training/angry/angry_Training_19833.png,data/fer2013/Training/angry/angry_Training_21168.png,data/fer2013/Training/angry/angry_Training_28111.png,data/fer2013/Training/fear/fear_Training_1795.png,0.9953168034553528,0.9949102997779846,0.9926294088363647,0.9923233985900879,0.9923233985900879,0.9918763637542725
data/fer2013/PublicTest/angry/angry_PublicTest_29159.png,neutral,6,1.0,neutral,data/fer2013/PublicTest/angry/angry_PublicTest_29159.png,neutral,neutral,neutral,neutral,neutral,neutral,data/fer2013/Training/sad/sad_Training_11391.png,data/fer2013/Training/fear/fear_Training_15986.png,data/fer2013/Training/sad/sad_Training_16797.png,data/fer2013/Training/sad/sad_Training_22036.png,data/fer2013/Training/sad/sad_Training_3893.png,data/fer2013/Training/sad/sad_Training_15254.png,0.9860226511955261,0.9810116291046143,0.9797990918159485,0.9792338013648987,0.9784777164459229,0.9776351451873779
data/fer2013/PublicTest/happy/happy_PublicTest_29160.png,happy,3,1.0,happy,data/fer2013/PublicTest/happy/happy_PublicTest_29160.png,happy,happy,happy,happy,happy,happy,data/fer2013/Training/happy/happy_Training_23175.png,data/fer2013/Training/happy/happy_Training_1404.png,data/fer2013/Training/happy/happy_Training_4454.png,data/fer2013/Training/happy/happy_Training_8699.png,data/fer2013/Training/happy/happy_Training_7997.png,data/fer2013/Training/happy/happy_Training_7183.png,0.9885624647140503,0.9880871176719666,0.9876141548156738,0.9867480993270874,0.9852555990219116,0.9848735332489014
data/fer2013/PublicTest/neutral/neutral_PublicTest_29161.png,neutral,6,1.0,neutral,data/fer2013/PublicTest/neutral/neutral_PublicTest_29161.png,neutral,neutral,neutral,neutral,neutral,neutral,data/fer2013/Training/sad/sad_Training_15243.png,data/fer2013/Training/fear/fear_Training_21326.png,data/fer2013/Training/neutral/neutral_Training_8680.png,data/fer2013/Training/neutral/neutral_Training_1336.png,data/fer2013/Training/angry/angry_Training_7323.png,data/fer2013/Training/angry/angry_Training_16047.png,0.9883251786231995,0.9826621413230896,0.9751209616661072,0.9713435173034668,0.9703478813171387,0.9695265889167786
data/fer2013/PublicTest/sad/sad_PublicTest_29162.png,sad,4,0.556,neutral,data/fer2013/PublicTest/sad/sad_PublicTest_29162.png,neutral,sad,neutral,neutral,neutral,neutral,data/fer2013/Training/neutral/neutral_Training_23869.png,data/fer2013/Training/fear/fear_Training_25373.png,data/fer2013/Training/fear/fear_Training_14797.png,data/fer2013/Training/neutral/neutral_Training_27126.png,data/fer2013/Training/sad/sad_Training_14950.png,data/fer2013/Training/fear/fear_Training_407.png,0.9874390959739685,0.98516446352005,0.9792447090148926,0.9787254333496094,0.9772404432296753,0.9688024520874023
data/fer2013/PublicTest/sad/sad_PublicTest_29163.png,neutral,6,1.0,neutral,data/fer2013/PublicTest/sad/sad_PublicTest_29163.png,neutral,neutral,neutral,neutral,neutral,neutral,data/fer2013/Training/sad/sad_Training_9966.png,data/fer2013/Training/neutral/neutral_Training_23200.png,data/fer2013/Training/fear/fear_Training_4393.png,data/fer2013/Training/neutral/neutral_Training_19868.png,data/fer2013/Training/neutral/neutral_Training_24157.png,data/fer2013/Training/sad/sad_Training_20511.png,0.9975569248199463,0.9873764514923096,0.9854900240898132,0.9852885007858276,0.9790025353431702,0.9781548380851746
data/fer2013/PublicTest/surprise/surprise_PublicTest_29164.png,surprise,5,1.0,surprise,data/fer2013/PublicTest/surprise/surprise_PublicTest_29164.png,surprise,surprise,surprise,surprise,surprise,surprise,data/fer2013/Training/surprise/surprise_Training_24758.png,data/fer2013/Training/surprise/surprise_Training_819.png,data/fer2013/Training/surprise/surprise_Training_20300.png,data/fer2013/Training/surprise/surprise_Training_19650.png,data/fer2013/Training/surprise/surprise_Training_1911.png,data/fer2013/Training/surprise/surprise_Training_13684.png,0.9965559244155884,0.9958094954490662,0.995765209197998,0.9949765801429749,0.9948574900627136,0.9947127103805542
data/fer2013/PublicTest/fear/fear_PublicTest_29165.png,sad,4,1.0,sad,data/fer2013/PublicTest/fear/fear_PublicTest_29165.png,sad,sad,sad,sad,sad,sad,data/fer2013/Training/sad/sad_Training_1935.png,data/fer2013/Training/angry/angry_Training_19873.png,data/fer2013/Training/sad/sad_Training_26769.png,data/fer2013/Training/sad/sad_Training_21322.png,data/fer2013/Training/sad/sad_Training_11978.png,data/fer2013/Training/fear/fear_Training_22069.png,0.9682536125183105,0.9678299427032471,0.965152382850647,0.9647384285926819,0.9647325873374939,0.9625781178474426
data/fer2013/PublicTest/sad/sad_PublicTest_29166.png,neutral,6,0.7,neutral,data/fer2013/PublicTest/sad/sad_PublicTest_29166.png,neutral,neutral,neutral,neutral,neutral,neutral,data/fer2013/Training/neutral/neutral_Training_28609.png,data/fer2013/Training/neutral/neutral_Training_11106.png,data/fer2013/Training/neutral/neutral_Training_25148.png,data/fer2013/Training/angry/angry_Training_26462.png,data/fer2013/Training/sad/sad_Training_18525.png,data/fer2013/Training/sad/sad_Training_58.png,0.9884372353553772,0.9862845540046692,0.9787329435348511,0.9754515886306763,0.9726943373680115,0.9667516350746155
data/fer2013/PublicTest/angry/angry_PublicTest_29167.png,angry,0,0.75,angry,data/fer2013/PublicTest/angry/angry_PublicTest_29167.png,angry,angry,angry,angry,angry,angry,data/fer2013/Training/angry/angry_Training_22175.png,data/fer2013/Training/fear/fear_Training_25616.png,data/fer2013/Training/angry/angry_Training_18632.png,data/fer2013/Training/angry/angry_Training_27137.png,data/fer2013/Training/angry/angry_Training_10947.png,data/fer2013/Training/fear/fear_Training_20634.png,0.9990163445472717,0.9977781176567078,0.997664213180542,0.9974347949028015,0.9964737296104431,0.9955992102622986
data/fer2013/PublicTest/neutral/neutral_PublicTest_29168.png,neutral,6,1.0,,,,,,,,,,,,,,,,,,,,
data/fer2013/PublicTest/surprise/surprise_PublicTest_29169.png,surprise,5,1.0,,,,,,,,,,,,,,,,,,,,
data/fer2013/PublicTest/surprise/surprise_PublicTest_29170.png,surprise,5,1.0,,,,,,,,,,,,,,,,,,,,
data/fer2013/PublicTest/angry/angry_PublicTest_29171.png,angry,0,0.625,,,,,,,,,,,,,,,,,,,,
data/fer2013/PublicTest/happy/happy_PublicTest_29172.png,happy,3,1.0,,,,,,,,,,,,,,,,,,,,
data/fer2013/PublicTest/neutral/neutral_PublicTest_29173.png,neutral,6,1.0,,,,,,,,,,,,,,,,,,,,
data/fer2013/PublicTest/sad/sad_PublicTest_29174.png,neutral,6,1.0,,,,,,,,,,,,,,,,,,,,
data/fer2013/PublicTest/fear/fear_PublicTest_29175.png,neutral,6,0.556,,,,,,,,,,,,,,,,,,,,
data/fer2013/PublicTest/neutral/neutral_PublicTest_29176.png,happy,3,0.625,,,,,,,,,,,,,,,,,,,,
data/fer2013/PublicTest/happy/happy_PublicTest_29177.png,happy,3,1.0,,,,,,,,,,,,,,,,,,,,
data/fer2013/PublicTest/fear/fear_PublicTest_29178.png,sad,4,1.0,,,,,,,,,,,,,,,,,,,,
data/fer2013/PublicTest/happy/happy_PublicTest_29179.png,surprise,5,1.0,,,,,,,,,,,,,,,,,,,,
data/fer2013/PublicTest/surprise/surprise_PublicTest_29180.png,surprise,5,1.0,,,,,,,,,,,,,,,,,,,,
data/fer2013/PublicTest/neutral/neutral_PublicTest_29181.png,sad,4,1.0,,,,,,,,,,,,,,,,,,,,
data/fer2013/PublicTest/neutral/neutral_PublicTest_29182.png,neutral,6,0.778,,,,,,,,,,,,,,,,,,,,
data/fer2013/PublicTest/neutral/neutral_PublicTest_29183.png,neutral,6,1.0,,,,,,,,,,,,,,,,,,,,
data/fer2013/PublicTest/happy/happy_PublicTest_29185.png,happy,3,0.7,,,,,,,,,,,,,,,,,,,,
data/fer2013/PublicTest/neutral/neutral_PublicTest_29186.png,neutral,6,1.0,,,,,,,,,,,,,,,,,,,,
data/fer2013/PublicTest/sad/sad_PublicTest_29188.png,sad,4,1.0,,,,,,,,,,,,,,,,,,,,
data/fer2013/PublicTest/angry/angry_PublicTest_29189.png,neutral,6,0.778,,,,,,,,,,,,,,,,,,,,
data/fer2013/PublicTest/neutral/neutral_PublicTest_29190.png,neutral,6,1.0,,,,,,,,,,,,,,,,,,,,
data/fer2013/PublicTest/happy/happy_PublicTest_29191.png,neutral,6,1.0,,,,,,,,,,,,,,,,,,,,
data/fer2013/PublicTest/angry/angry_PublicTest_29192.png,sad,4,1.0,,,,,,,,,,,,,,,,,,,,
data/fer2013/PublicTest/neutral/neutral_PublicTest_29193.png,neutral,6,0.778,,,,,,,,,,,,,,,,,,,,
data/fer2013/PublicTest/neutral/neutral_PublicTest_29195.png,neutral,6,1.0,,,,,,,,,,,,,,,,,,,,
data/fer2013/PublicTest/surprise/surprise_PublicTest_29196.png,surprise,5,0.556,,,,,,,,,,,,,,,,,,,,
data/fer2013/PublicTest/happy/happy_PublicTest_29197.png,happy,3,1.0,,,,,,,,,,,,,,,,,,,,
data/fer2013/PublicTest/neutral/neutral_PublicTest_29198.png,neutral,6,1.0,,,,,,,,,,,,,,,,,,,,
data/fer2013/PublicTest/fear/fear_PublicTest_29200.png,sad,4,0.7,,,,,,,,,,,,,,,,,,,,
data/fer2013/PublicTest/happy/happy_PublicTest_29201.png,happy,3,1.0,,,,,,,,,,,,,,,,,,,,
data/fer2013/PublicTest/angry/angry_PublicTest_29202.png,fear,2,0.625,,,,,,,,,,,,,,,,,,,,
data/fer2013/PublicTest/sad/sad_PublicTest_29203.png,neutral,6,0.667,,,,,,,,,,,,,,,,,,,,
data/fer2013/PublicTest/sad/sad_PublicTest_29204.png,neutral,6,0.7,,,,,,,,,,,,,,,,,,,,
data/fer2013/PublicTest/surprise/surprise_PublicTest_29205.png,surprise,5,1.0,,,,,,,,,,,,,,,,,,,,
data/fer2013/PublicTest/sad/sad_PublicTest_29206.png,neutral,6,0.556,,,,,,,,,,,,,,,,,,,,
data/fer2013/PublicTest/sad/sad_PublicTest_29207.png,sad,4,1.0,,,,,,,,,,,,,,,,,,,,
data/fer2013/PublicTest/fear/fear_PublicTest_29208.png,surprise,5,0.778,,,,,,,,,,,,,,,,,,,,
data/fer2013/PublicTest/neutral/neutral_PublicTest_29209.png,neutral,6,0.8,,,,,,,,,,,,,,,,,,,,
data/fer2013/PublicTest/fear/fear_PublicTest_29210.png,neutral,6,0.6,,,,,,,,,,,,,,,,,,,,
data/fer2013/PublicTest/happy/happy_PublicTest_29211.png,happy,3,1.0,,,,,,,,,,,,,,,,,,,,
data/fer2013/PublicTest/surprise/surprise_PublicTest_29212.png,surprise,5,1.0,,,,,,,,,,,,,,,,,,,,
data/fer2013/PublicTest/angry/angry_PublicTest_29213.png,neutral,6,0.7,,,,,,,,,,,,,,,,,,,,
data/fer2013/PublicTest/happy/happy_PublicTest_29215.png,neutral,6,0.7,,,,,,,,,,,,,,,,,,,,
data/fer2013/PublicTest/neutral/neutral_PublicTest_29216.png,neutral,6,1.0,,,,,,,,,,,,,,,,,,,,
data/fer2013/PublicTest/angry/angry_PublicTest_29217.png,neutral,6,0.571,,,,,,,,,,,,,,,,,,,,
data/fer2013/PublicTest/sad/sad_PublicTest_29218.png,sad,4,0.7,,,,,,,,,,,,,,,,,,,,
data/fer2013/PublicTest/fear/fear_PublicTest_29219.png,sad,4,0.556,,,,,,,,,,,,,,,,,,,,
data/fer2013/PublicTest/happy/happy_PublicTest_29220.png,happy,3,1.0,,,,,,,,,,,,,,,,,,,,
data/fer2013/PublicTest/angry/angry_PublicTest_29221.png,contempt,7,1.0,,,,,,,,,,,,,,,,,,,,
data/fer2013/PublicTest/fear/fear_PublicTest_29223.png,neutral,6,0.6,,,,,,,,,,,,,,,,,,,,
data/fer2013/PublicTest/happy/happy_PublicTest_29224.png,happy,3,1.0,,,,,,,,,,,,,,,,,,,,
data/fer2013/PublicTest/surprise/surprise_PublicTest_29225.png,surprise,5,1.0,,,,,,,,,,,,,,,,,,,,
data/fer2013/PublicTest/sad/sad_PublicTest_29226.png,sad,4,1.0,,,,,,,,,,,,,,,,,,,,
data/fer2013/PublicTest/angry/angry_PublicTest_29227.png,angry,0,1.0,,,,,,,,,,,,,,,,,,,,
data/fer2013/PublicTest/sad/sad_PublicTest_29228.png,neutral,6,1.0,,,,,,,,,,,,,,,,,,,,
data/fer2013/PublicTest/happy/happy_PublicTest_29229.png,happy,3,1.0,,,,,,,,,,,,,,,,,,,,
data/fer2013/PublicTest/neutral/neutral_PublicTest_29230.png,neutral,6,1.0,,,,,,,,,,,,,,,,,,,,
data/fer2013/PublicTest/sad/sad_PublicTest_29231.png,neutral,6,1.0,,,,,,,,,,,,,,,,,,,,
data/fer2013/PublicTest/neutral/neutral_PublicTest_29232.png,neutral,6,1.0,,,,,,,,,,,,,,,,,,,,
data/fer2013/PublicTest/happy/happy_PublicTest_29233.png,happy,3,1.0,,,,,,,,,,,,,,,,,,,,
data/fer2013/PublicTest/happy/happy_PublicTest_29234.png,happy,3,1.0,,,,,,,,,,,,,,,,,,,,
data/fer2013/PublicTest/happy/happy_PublicTest_29235.png,happy,3,1.0,,,,,,,,,,,,,,,,,,,,
data/fer2013/PublicTest/sad/sad_PublicTest_29237.png,neutral,6,0.6,,,,,,,,,,,,,,,,,,,,
data/fer2013/PublicTest/angry/angry_PublicTest_29239.png,angry,0,1.0,,,,,,,,,,,,,,,,,,,,
data/fer2013/PublicTest/happy/happy_PublicTest_29240.png,happy,3,1.0,,,,,,,,,,,,,,,,,,,,
data/fer2013/PublicTest/surprise/surprise_PublicTest_29241.png,surprise,5,1.0,,,,,,,,,,,,,,,,,,,,
data/fer2013/PublicTest/surprise/surprise_PublicTest_29242.png,surprise,5,1.0,,,,,,,,,,,,,,,,,,,,
data/fer2013/PublicTest/sad/sad_PublicTest_29243.png,angry,0,0.571,,,,,,,,,,,,,,,,,,,,
data/fer2013/PublicTest/neutral/neutral_PublicTest_29244.png,neutral,6,1.0,,,,,,,,,,,,,,,,,,,,
data/fer2013/PublicTest/neutral/neutral_PublicTest_29245.png,neutral,6,1.0,,,,,,,,,,,,,,,,,,,,
data/fer2013/PublicTest/neutral/neutral_PublicTest_29246.png,neutral,6,1.0,,,,,,,,,,,,,,,,,,,,
data/fer2013/PublicTest/surprise/surprise_PublicTest_29247.png,surprise,5,0.8,,,,,,,,,,,,,,,,,,,,
data/fer2013/PublicTest/happy/happy_PublicTest_29248.png,happy,3,0.667,,,,,,,,,,,,,,,,,,,,
data/fer2013/PublicTest/fear/fear_PublicTest_29249.png,neutral,6,0.625,,,,,,,,,,,,,,,,,,,,
data/fer2013/PublicTest/neutral/neutral_PublicTest_29250.png,neutral,6,1.0,,,,,,,,,,,,,,,,,,,,
data/fer2013/PublicTest/sad/sad_PublicTest_29251.png,neutral,6,1.0,,,,,,,,,,,,,,,,,,,,
data/fer2013/PublicTest/surprise/surprise_PublicTest_29253.png,neutral,6,0.667,,,,,,,,,,,,,,,,,,,,
data/fer2013/PublicTest/angry/angry_PublicTest_29254.png,surprise,5,0.6,,,,,,,,,,,,,,,,,,,,
data/fer2013/PublicTest/fear/fear_PublicTest_29255.png,neutral,6,0.778,,,,,,,,,,,,,,,,,,,,
data/fer2013/PublicTest/neutral/neutral_PublicTest_29256.png,neutral,6,1.0,,,,,,,,,,,,,,,,,,,,
data/fer2013/PublicTest/happy/happy_PublicTest_29257.png,happy,3,1.0,,,,,,,,,,,,,,,,,,,,
data/fer2013/PublicTest/happy/happy_PublicTest_29258.png,happy,3,1.0,,,,,,,,,,,,,,,,,,,,
data/fer2013/PublicTest/angry/angry_PublicTest_29259.png,neutral,6,0.556,,,,,,,,,,,,,,,,,,,,
data/fer2013/PublicTest/sad/sad_PublicTest_29261.png,sad,4,0.556,,,,,,,,,,,,,,,,,,,,
data/fer2013/PublicTest/fear/fear_PublicTest_29262.png,sad,4,0.6,,,,,,,,,,,,,,,,,,,,
data/fer2013/PublicTest/angry/angry_PublicTest_29263.png,happy,3,0.778,,,,,,,,,,,,,,,,,,,,
data/fer2013/PublicTest/sad/sad_PublicTest_29264.png,neutral,6,0.556,,,,,,,,,,,,,,,,,,,,
data/fer2013/PublicTest/fear/fear_PublicTest_29265.png,neutral,6,1.0,,,,,,,,,,,,,,,,,,,,
data/fer2013/PublicTest/angry/angry_PublicTest_29266.png,angry,0,1.0,,,,,,,,,,,,,,,,,,,,
data/fer2013/PublicTest/angry/angry_PublicTest_29267.png,angry,0,0.6,,,,,,,,,,,,,,,,,,,,
data/fer2013/PublicTest/neutral/neutral_PublicTest_29268.png,sad,4,1.0,,,,,,,,,,,,,,,,,,,,
data/fer2013/PublicTest/sad/sad_PublicTest_29270.png,neutral,6,0.714,,,,,,,,,,,,,,,,,,,,
data/fer2013/PublicTest/surprise/surprise_PublicTest_29271.png,surprise,5,1.0,,,,,,,,,,,,,,,,,,,,
data/fer2013/PublicTest/angry/angry_PublicTest_29272.png,angry,0,0.625,,,,,,,,,,,,,,,,,,,,
data/fer2013/PublicTest/fear/fear_PublicTest_29273.png,surprise,5,0.8,,,,,,,,,,,,,,,,,,,,
data/fer2013/PublicTest/surprise/surprise_PublicTest_29274.png,surprise,5,1.0,,,,,,,,,,,,,,,,,,,,
data/fer2013/PublicTest/neutral/neutral_PublicTest_29275.png,neutral,6,1.0,,,,,,,,,,,,,,,,,,,,
data/fer2013/PublicTest/surprise/surprise_PublicTest_29276.png,surprise,5,0.8,,,,,,,,,,,,,,,,,,,,
data/fer2013/PublicTest/fear/fear_PublicTest_29277.png,neutral,6,0.8,,,,,,,,,,,,,,,,,,,,
data/fer2013/PublicTest/angry/angry_PublicTest_29278.png,neutral,6,1.0,,,,,,,,,,,,,,,,,,,,
data/fer2013/PublicTest/angry/angry_PublicTest_29279.png,neutral,6,0.6,,,,,,,,,,,,,,,,,,,,
data/fer2013/PublicTest/happy/happy_PublicTest_29280.png,happy,3,1.0,,,,,,,,,,,,,,,,,,,,
data/fer2013/PublicTest/neutral/neutral_PublicTest_29281.png,neutral,6,1.0,,,,,,,,,,,,,,,,,,,,
data/fer2013/PublicTest/angry/angry_PublicTest_29282.png,neutral,6,0.8,,,,,,,,,,,,,,,,,,,,
data/fer2013/PublicTest/fear/fear_PublicTest_29284.png,happy,3,1.0,,,,,,,,,,,,,,,,,,,,
data/fer2013/PublicTest/happy/happy_PublicTest_29286.png,happy,3,1.0,,,,,,,,,,,,,,,,,,,,
data/fer2013/PublicTest/fear/fear_PublicTest_29287.png,neutral,6,1.0,,,,,,,,,,,,,,,,,,,,
data/fer2013/PublicTest/surprise/surprise_PublicTest_29288.png,neutral,6,1.0,,,,,,,,,,,,,,,,,,,,
data/fer2013/PublicTest/fear/fear_PublicTest_29289.png,neutral,6,0.556,,,,,,,,,,,,,,,,,,,,
data/fer2013/PublicTest/happy/happy_PublicTest_29290.png,happy,3,1.0,,,,,,,,,,,,,,,,,,,,
data/fer2013/PublicTest/happy/happy_PublicTest_29292.png,happy,3,1.0,,,,,,,,,,,,,,,,,,,,
data/fer2013/PublicTest/surprise/surprise_PublicTest_29293.png,surprise,5,0.556,,,,,,,,,,,,,,,,,,,,
data/fer2013/PublicTest/fear/fear_PublicTest_29294.png,sad,4,0.7,,,,,,,,,,,,,,,,,,,,
data/fer2013/PublicTest/sad/sad_PublicTest_29295.png,sad,4,0.625,,,,,,,,,,,,,,,,,,,,
data/fer2013/PublicTest/surprise/surprise_PublicTest_29296.png,surprise,5,1.0,,,,,,,,,,,,,,,,,,,,
data/fer2013/PublicTest/neutral/neutral_PublicTest_29297.png,sad,4,0.625,,,,,,,,,,,,,,,,,,,,
data/fer2013/PublicTest/sad/sad_PublicTest_29298.png,neutral,6,0.7,,,,,,,,,,,,,,,,,,,,
data/fer2013/PublicTest/neutral/neutral_PublicTest_29299.png,neutral,6,1.0,,,,,,,,,,,,,,,,,,,,
data/fer2013/PublicTest/happy/happy_PublicTest_29300.png,happy,3,1.0,,,,,,,,,,,,,,,,,,,,
data/fer2013/PublicTest/sad/sad_PublicTest_29301.png,neutral,6,1.0,,,,,,,,,,,,,,,,,,,,
data/fer2013/PublicTest/neutral/neutral_PublicTest_29302.png,neutral,6,1.0,,,,,,,,,,,,,,,,,,,,
data/fer2013/PublicTest/happy/happy_PublicTest_29303.png,happy,3,0.667,,,,,,,,,,,,,,,,,,,,
data/fer2013/PublicTest/neutral/neutral_PublicTest_29304.png,neutral,6,1.0,,,,,,,,,,,,,,,,,,,,
data/fer2013/PublicTest/sad/sad_PublicTest_29305.png,neutral,6,0.556,,,,,,,,,,,,,,,,,,,,
data/fer2013/PublicTest/sad/sad_PublicTest_29306.png,neutral,6,0.8,,,,,,,,,,,,,,,,,,,,
data/fer2013/PublicTest/sad/sad_PublicTest_29309.png,sad,4,0.556,,,,,,,,,,,,,,,,,,,,
data/fer2013/PublicTest/neutral/neutral_PublicTest_29311.png,neutral,6,1.0,,,,,,,,,,,,,,,,,,,,
data/fer2013/PublicTest/neutral/neutral_PublicTest_29312.png,neutral,6,1.0,,,,,,,,,,,,,,,,,,,,
data/fer2013/PublicTest/happy/happy_PublicTest_29313.png,happy,3,0.778,,,,,,,,,,,,,,,,,,,,
data/fer2013/PublicTest/sad/sad_PublicTest_29314.png,sad,4,0.714,,,,,,,,,,,,,,,,,,,,
data/fer2013/PublicTest/fear/fear_PublicTest_29315.png,sad,4,0.714,,,,,,,,,,,,,,,,,,,,
data/fer2013/PublicTest/sad/sad_PublicTest_29317.png,neutral,6,1.0,,,,,,,,,,,,,,,,,,,,
data/fer2013/PublicTest/sad/sad_PublicTest_29318.png,sad,4,0.8,,,,,,,,,,,,,,,,,,,,
data/fer2013/PublicTest/angry/angry_PublicTest_29319.png,angry,0,0.75,,,,,,,,,,,,,,,,,,,,
data/fer2013/PublicTest/surprise/surprise_PublicTest_29320.png,surprise,5,1.0,,,,,,,,,,,,,,,,,,,,
data/fer2013/PublicTest/happy/happy_PublicTest_29321.png,happy,3,1.0,,,,,,,,,,,,,,,,,,,,
data/fer2013/PublicTest/surprise/surprise_PublicTest_29323.png,surprise,5,0.6,,,,,,,,,,,,,,,,,,,,
data/fer2013/PublicTest/neutral/neutral_PublicTest_29324.png,neutral,6,0.8,,,,,,,,,,,,,,,,,,,,
data/fer2013/PublicTest/angry/angry_PublicTest_29325.png,angry,0,0.778,,,,,,,,,,,,,,,,,,,,
data/fer2013/PublicTest/neutral/neutral_PublicTest_29326.png,neutral,6,0.625,,,,,,,,,,,,,,,,,,,,
data/fer2013/PublicTest/fear/fear_PublicTest_29327.png,neutral,6,0.556,,,,,,,,,,,,,,,,,,,,
data/fer2013/PublicTest/fear/fear_PublicTest_29328.png,neutral,6,0.714,,,,,,,,,,,,,,,,,,,,
data/fer2013/PublicTest/happy/happy_PublicTest_29329.png,happy,3,1.0,,,,,,,,,,,,,,,,,,,,
data/fer2013/PublicTest/fear/fear_PublicTest_29330.png,neutral,6,1.0,,,,,,,,,,,,,,,,,,,,
data/fer2013/PublicTest/sad/sad_PublicTest_29331.png,sad,4,0.556,,,,,,,,,,,,,,,,,,,,
data/fer2013/PublicTest/happy/happy_PublicTest_29332.png,happy,3,1.0,,,,,,,,,,,,,,,,,,,,
data/fer2013/PublicTest/happy/happy_PublicTest_29333.png,happy,3,1.0,,,,,,,,,,,,,,,,,,,,
data/fer2013/PublicTest/happy/happy_PublicTest_29334.png,happy,3,1.0,,,,,,,,,,,,,,,,,,,,
data/fer2013/PublicTest/fear/fear_PublicTest_29336.png,neutral,6,0.6,,,,,,,,,,,,,,,,,,,,
data/fer2013/PublicTest/happy/happy_PublicTest_29337.png,neutral,6,0.7,,,,,,,,,,,,,,,,,,,,
data/fer2013/PublicTest/happy/happy_PublicTest_29338.png,happy,3,1.0,,,,,,,,,,,,,,,,,,,,
data/fer2013/PublicTest/neutral/neutral_PublicTest_29339.png,neutral,6,0.75,,,,,,,,,,,,,,,,,,,,
data/fer2013/PublicTest/happy/happy_PublicTest_29340.png,happy,3,1.0,,,,,,,,,,,,,,,,,,,,
data/fer2013/PublicTest/angry/angry_PublicTest_29341.png,angry,0,1.0,,,,,,,,,,,,,,,,,,,,
data/fer2013/PublicTest/sad/sad_PublicTest_29342.png,neutral,6,1.0,,,,,,,,,,,,,,,,,,,,
data/fer2013/PublicTest/happy/happy_PublicTest_29343.png,surprise,5,0.75,,,,,,,,,,,,,,,,,,,,
data/fer2013/PublicTest/angry/angry_PublicTest_29344.png,neutral,6,0.8,,,,,,,,,,,,,,,,,,,,
data/fer2013/PublicTest/surprise/surprise_PublicTest_29345.png,surprise,5,1.0,,,,,,,,,,,,,,,,,,,,
data/fer2013/PublicTest/angry/angry_PublicTest_29347.png,angry,0,1.0,,,,,,,,,,,,,,,,,,,,
data/fer2013/PublicTest/angry/angry_PublicTest_29348.png,sad,4,1.0,,,,,,,,,,,,,,,,,,,,
data/fer2013/PublicTest/fear/fear_PublicTest_29349.png,surprise,5,1.0,,,,,,,,,,,,,,,,,,,,
data/fer2013/PublicTest/sad/sad_PublicTest_29350.png,sad,4,1.0,,,,,,,,,,,,,,,,,,,,
data/fer2013/PublicTest/happy/happy_PublicTest_29351.png,happy,3,1.0,,,,,,,,,,,,,,,,,,,,
data/fer2013/PublicTest/neutral/neutral_PublicTest_29352.png,neutral,6,0.778,,,,,,,,,,,,,,,,,,,,
data/fer2013/PublicTest/happy/happy_PublicTest_29353.png,happy,3,1.0,,,,,,,,,,,,,,,,,,,,
data/fer2013/PublicTest/surprise/surprise_PublicTest_29354.png,surprise,5,1.0,,,,,,,,,,,,,,,,,,,,
data/fer2013/PublicTest/happy/happy_PublicTest_29355.png,neutral,6,0.6,,,,,,,,,,,,,,,,,,,,
data/fer2013/PublicTest/surprise/surprise_PublicTest_29356.png,neutral,6,1.0,,,,,,,,,,,,,,,,,,,,
data/fer2013/PublicTest/surprise/surprise_PublicTest_29357.png,surprise,5,1.0,,,,,,,,,,,,,,,,,,,,
data/fer2013/PublicTest/happy/happy_PublicTest_29358.png,happy,3,1.0,,,,,,,,,,,,,,,,,,,,
data/fer2013/PublicTest/fear/fear_PublicTest_29360.png,sad,4,0.6,,,,,,,,,,,,,,,,,,,,
data/fer2013/PublicTest/happy/happy_PublicTest_29362.png,happy,3,1.0,,,,,,,,,,,,,,,,,,,,
data/fer2013/PublicTest/fear/fear_PublicTest_29363.png,sad,4,0.7,,,,,,,,,,,,,,,,,,,,
data/fer2013/PublicTest/fear/fear_PublicTest_29364.png,surprise,5,0.556,,,,,,,,,,,,,,,,,,,,
data/fer2013/PublicTest/happy/happy_PublicTest_29365.png,happy,3,1.0,,,,,,,,,,,,,,,,,,,,
data/fer2013/PublicTest/sad/sad_PublicTest_29367.png,neutral,6,1.0,,,,,,,,,,,,,,,,,,,,
data/fer2013/PublicTest/surprise/surprise_PublicTest_29368.png,surprise,5,1.0,,,,,,,,,,,,,,,,,,,,
data/fer2013/PublicTest/happy/happy_PublicTest_29370.png,happy,3,1.0,,,,,,,,,,,,,,,,,,,,
data/fer2013/PublicTest/happy/happy_PublicTest_29371.png,happy,3,1.0,,,,,,,,,,,,,,,,,,,,
data/fer2013/PublicTest/happy/happy_PublicTest_29372.png,happy,3,1.0,,,,,,,,,,,,,,,,,,,,
data/fer2013/PublicTest/happy/happy_PublicTest_29373.png,happy,3,1.0,,,,,,,,,,,,,,,,,,,,
data/fer2013/PublicTest/surprise/surprise_PublicTest_29374.png,surprise,5,1.0,,,,,,,,,,,,,,,,,,,,
data/fer2013/PublicTest/neutral/neutral_PublicTest_29375.png,sad,4,0.556,,,,,,,,,,,,,,,,,,,,
data/fer2013/PublicTest/fear/fear_PublicTest_29376.png,neutral,6,1.0,,,,,,,,,,,,,,,,,,,,
data/fer2013/PublicTest/sad/sad_PublicTest_29377.png,sad,4,0.8,,,,,,,,,,,,,,,,,,,,
data/fer2013/PublicTest/angry/angry_PublicTest_29378.png,happy,3,0.778,,,,,,,,,,,,,,,,,,,,
data/fer2013/PublicTest/sad/sad_PublicTest_29379.png,neutral,6,1.0,,,,,,,,,,,,,,,,,,,,
data/fer2013/PublicTest/neutral/neutral_PublicTest_29380.png,neutral,6,0.778,,,,,,,,,,,,,,,,,,,,
data/fer2013/PublicTest/sad/sad_PublicTest_29381.png,neutral,6,1.0,,,,,,,,,,,,,,,,,,,,
data/fer2013/PublicTest/fear/fear_PublicTest_29382.png,angry,0,0.667,,,,,,,,,,,,,,,,,,,,
data/fer2013/PublicTest/sad/sad_PublicTest_29383.png,neutral,6,1.0,,,,,,,,,,,,,,,,,,,,
data/fer2013/PublicTest/neutral/neutral_PublicTest_29384.png,neutral,6,1.0,,,,,,,,,,,,,,,,,,,,
data/fer2013/PublicTest/sad/sad_PublicTest_29386.png,sad,4,1.0,,,,,,,,,,,,,,,,,,,,
data/fer2013/PublicTest/sad/sad_PublicTest_29387.png,neutral,6,0.778,,,,,,,,,,,,,,,,,,,,
data/fer2013/PublicTest/neutral/neutral_PublicTest_29388.png,neutral,6,1.0,,,,,,,,,,,,,,,,,,,,
data/fer2013/PublicTest/fear/fear_PublicTest_29389.png,angry,0,1.0,,,,,,,,,,,,,,,,,,,,
data/fer2013/PublicTest/neutral/neutral_PublicTest_29392.png,neutral,6,0.556,,,,,,,,,,,,,,,,,,,,
data/fer2013/PublicTest/sad/sad_PublicTest_29393.png,sad,4,0.625,,,,,,,,,,,,,,,,,,,,
data/fer2013/PublicTest/neutral/neutral_PublicTest_29394.png,neutral,6,1.0,,,,,,,,,,,,,,,,,,,,
data/fer2013/PublicTest/neutral/neutral_PublicTest_29395.png,neutral,6,0.6,,,,,,,,,,,,,,,,,,,,
data/fer2013/PublicTest/happy/happy_PublicTest_29396.png,happy,3,0.667,,,,,,,,,,,,,,,,,,,,
data/fer2013/PublicTest/neutral/neutral_PublicTest_29397.png,neutral,6,0.778,,,,,,,,,,,,,,,,,,,,
data/fer2013/PublicTest/happy/happy_PublicTest_29398.png,happy,3,1.0,,,,,,,,,,,,,,,,,,,,
data/fer2013/PublicTest/happy/happy_PublicTest_29399.png,happy,3,1.0,,,,,,,,,,,,,,,,,,,,
data/fer2013/PublicTest/surprise/surprise_PublicTest_29400.png,fear,2,0.6,,,,,,,,,,,,,,,,,,,,
data/fer2013/PublicTest/sad/sad_PublicTest_29401.png,sad,4,0.8,,,,,,,,,,,,,,,,,,,,
data/fer2013/PublicTest/surprise/surprise_PublicTest_29402.png,neutral,6,0.778,,,,,,,,,,,,,,,,,,,,
data/fer2013/PublicTest/neutral/neutral_PublicTest_29403.png,neutral,6,1.0,,,,,,,,,,,,,,,,,,,,
data/fer2013/PublicTest/happy/happy_PublicTest_29404.png,happy,3,0.778,,,,,,,,,,,,,,,,,,,,
data/fer2013/PublicTest/fear/fear_PublicTest_29405.png,fear,2,0.556,,,,,,,,,,,,,,,,,,,,
data/fer2013/PublicTest/happy/happy_PublicTest_29406.png,happy,3,1.0,,,,,,,,,,,,,,,,,,,,
data/fer2013/PublicTest/angry/angry_PublicTest_29408.png,angry,0,1.0,,,,,,,,,,,,,,,,,,,,
data/fer2013/PublicTest/fear/fear_PublicTest_29409.png,fear,2,0.714,,,,,,,,,,,,,,,,,,,,
data/fer2013/PublicTest/happy/happy_PublicTest_29410.png,happy,3,1.0,,,,,,,,,,,,,,,,,,,,
data/fer2013/PublicTest/fear/fear_PublicTest_29411.png,angry,0,0.778,,,,,,,,,,,,,,,,,,,,
data/fer2013/PublicTest/sad/sad_PublicTest_29412.png,neutral,6,0.778,,,,,,,,,,,,,,,,,,,,
data/fer2013/PublicTest/surprise/surprise_PublicTest_29413.png,surprise,5,1.0,,,,,,,,,,,,,,,,,,,,
data/fer2013/PublicTest/happy/happy_PublicTest_29415.png,happy,3,1.0,,,,,,,,,,,,,,,,,,,,
data/fer2013/PublicTest/angry/angry_PublicTest_29416.png,surprise,5,1.0,,,,,,,,,,,,,,,,,,,,
data/fer2013/PublicTest/happy/happy_PublicTest_29417.png,happy,3,1.0,,,,,,,,,,,,,,,,,,,,
data/fer2013/PublicTest/happy/happy_PublicTest_29418.png,happy,3,1.0,,,,,,,,,,,,,,,,,,,,
data/fer2013/PublicTest/angry/angry_PublicTest_29419.png,angry,0,0.778,,,,,,,,,,,,,,,,,,,,
data/fer2013/PublicTest/sad/sad_PublicTest_29420.png,neutral,6,0.8,,,,,,,,,,,,,,,,,,,,
data/fer2013/PublicTest/fear/fear_PublicTest_29421.png,fear,2,1.0,,,,,,,,,,,,,,,,,,,,
data/fer2013/PublicTest/happy/happy_PublicTest_29422.png,happy,3,1.0,,,,,,,,,,,,,,,,,,,,
data/fer2013/PublicTest/happy/happy_PublicTest_29424.png,happy,3,1.0,,,,,,,,,,,,,,,,,,,,
data/fer2013/PublicTest/sad/sad_PublicTest_29425.png,neutral,6,0.778,,,,,,,,,,,,,,,,,,,,
data/fer2013/PublicTest/fear/fear_PublicTest_29426.png,neutral,6,0.6,,,,,,,,,,,,,,,,,,,,
data/fer2013/PublicTest/happy/happy_PublicTest_29427.png,happy,3,1.0,,,,,,,,,,,,,,,,,,,,
data/fer2013/PublicTest/neutral/neutral_PublicTest_29428.png,neutral,6,1.0,,,,,,,,,,,,,,,,,,,,
data/fer2013/PublicTest/fear/fear_PublicTest_29429.png,neutral,6,0.667,,,,,,,,,,,,,,,,,,,,
data/fer2013/PublicTest/happy/happy_PublicTest_29430.png,happy,3,1.0,,,,,,,,,,,,,,,,,,,,
data/fer2013/PublicTest/happy/happy_PublicTest_29431.png,happy,3,1.0,,,,,,,,,,,,,,,,,,,,
data/fer2013/PublicTest/angry/angry_PublicTest_29434.png,angry,0,0.667,,,,,,,,,,,,,,,,,,,,
data/fer2013/PublicTest/angry/angry_PublicTest_29435.png,angry,0,1.0,,,,,,,,,,,,,,,,,,,,
data/fer2013/PublicTest/fear/fear_PublicTest_29436.png,fear,2,0.6,,,,,,,,,,,,,,,,,,,,
data/fer2013/PublicTest/neutral/neutral_PublicTest_29437.png,neutral,6,0.8,,,,,,,,,,,,,,,,,,,,
data/fer2013/PublicTest/neutral/neutral_PublicTest_29438.png,neutral,6,0.6,,,,,,,,,,,,,,,,,,,,
data/fer2013/PublicTest/happy/happy_PublicTest_29439.png,happy,3,1.0,,,,,,,,,,,,,,,,,,,,
data/fer2013/PublicTest/fear/fear_PublicTest_29440.png,neutral,6,0.667,,,,,,,,,,,,,,,,,,,,
data/fer2013/PublicTest/neutral/neutral_PublicTest_29441.png,neutral,6,0.8,,,,,,,,,,,,,,,,,,,,
data/fer2013/PublicTest/neutral/neutral_PublicTest_29442.png,neutral,6,1.0,,,,,,,,,,,,,,,,,,,,
data/fer2013/PublicTest/neutral/neutral_PublicTest_29445.png,neutral,6,1.0,,,,,,,,,,,,,,,,,,,,
data/fer2013/PublicTest/sad/sad_PublicTest_29446.png,neutral,6,1.0,,,,,,,,,,,,,,,,,,,,
data/fer2013/PublicTest/happy/happy_PublicTest_29448.png,happy,3,1.0,,,,,,,,,,,,,,,,,,,,
data/fer2013/PublicTest/neutral/neutral_PublicTest_29449.png,neutral,6,1.0,,,,,,,,,,,,,,,,,,,,
data/fer2013/PublicTest/angry/angry_PublicTest_29450.png,neutral,6,1.0,,,,,,,,,,,,,,,,,,,,
data/fer2013/PublicTest/angry/angry_PublicTest_29451.png,angry,0,1.0,,,,,,,,,,,,,,,,,,,,
data/fer2013/PublicTest/neutral/neutral_PublicTest_29452.png,neutral,6,0.667,,,,,,,,,,,,,,,,,,,,
data/fer2013/PublicTest/happy/happy_PublicTest_29453.png,happy,3,1.0,,,,,,,,,,,,,,,,,,,,
data/fer2013/PublicTest/happy/happy_PublicTest_29456.png,happy,3,1.0,,,,,,,,,,,,,,,,,,,,
data/fer2013/PublicTest/surprise/surprise_PublicTest_29457.png,surprise,5,1.0,,,,,,,,,,,,,,,,,,,,
data/fer2013/PublicTest/happy/happy_PublicTest_29458.png,happy,3,1.0,,,,,,,,,,,,,,,,,,,,
data/fer2013/PublicTest/happy/happy_PublicTest_29459.png,happy,3,1.0,,,,,,,,,,,,,,,,,,,,
data/fer2013/PublicTest/happy/happy_PublicTest_29460.png,happy,3,1.0,,,,,,,,,,,,,,,,,,,,
data/fer2013/PublicTest/angry/angry_PublicTest_29461.png,angry,0,0.7,,,,,,,,,,,,,,,,,,,,
data/fer2013/PublicTest/neutral/neutral_PublicTest_29463.png,neutral,6,1.0,,,,,,,,,,,,,,,,,,,,
data/fer2013/PublicTest/happy/happy_PublicTest_29464.png,happy,3,0.778,,,,,,,,,,,,,,,,,,,,
data/fer2013/PublicTest/angry/angry_PublicTest_29465.png,angry,0,0.625,,,,,,,,,,,,,,,,,,,,
data/fer2013/PublicTest/happy/happy_PublicTest_29467.png,happy,3,1.0,,,,,,,,,,,,,,,,,,,,
data/fer2013/PublicTest/sad/sad_PublicTest_29468.png,sad,4,1.0,,,,,,,,,,,,,,,,,,,,
data/fer2013/PublicTest/happy/happy_PublicTest_29469.png,happy,3,1.0,,,,,,,,,,,,,,,,,,,,
data/fer2013/PublicTest/angry/angry_PublicTest_29470.png,angry,0,1.0,,,,,,,,,,,,,,,,,,,,
data/fer2013/PublicTest/angry/angry_PublicTest_29471.png,surprise,5,0.556,,,,,,,,,,,,,,,,,,,,
data/fer2013/PublicTest/happy/happy_PublicTest_29472.png,happy,3,1.0,,,,,,,,,,,,,,,,,,,,
data/fer2013/PublicTest/fear/fear_PublicTest_29473.png,happy,3,0.778,,,,,,,,,,,,,,,,,,,,
data/fer2013/PublicTest/happy/happy_PublicTest_29474.png,happy,3,1.0,,,,,,,,,,,,,,,,,,,,
data/fer2013/PublicTest/happy/happy_PublicTest_29475.png,happy,3,1.0,,,,,,,,,,,,,,,,,,,,
data/fer2013/PublicTest/neutral/neutral_PublicTest_29476.png,neutral,6,0.6,,,,,,,,,,,,,,,,,,,,
data/fer2013/PublicTest/angry/angry_PublicTest_29477.png,neutral,6,1.0,,,,,,,,,,,,,,,,,,,,
data/fer2013/PublicTest/fear/fear_PublicTest_29478.png,neutral,6,1.0,,,,,,,,,,,,,,,,,,,,
data/fer2013/PublicTest/happy/happy_PublicTest_29479.png,happy,3,1.0,,,,,,,,,,,,,,,,,,,,
data/fer2013/PublicTest/angry/angry_PublicTest_29480.png,angry,0,1.0,,,,,,,,,,,,,,,,,,,,
data/fer2013/PublicTest/sad/sad_PublicTest_29481.png,sad,4,0.556,,,,,,,,,,,,,,,,,,,,
data/fer2013/PublicTest/fear/fear_PublicTest_29482.png,sad,4,0.556,,,,,,,,,,,,,,,,,,,,
data/fer2013/PublicTest/happy/happy_PublicTest_29483.png,neutral,6,0.571,,,,,,,,,,,,,,,,,,,,
data/fer2013/PublicTest/neutral/neutral_PublicTest_29484.png,neutral,6,0.778,,,,,,,,,,,,,,,,,,,,
data/fer2013/PublicTest/happy/happy_PublicTest_29485.png,happy,3,1.0,,,,,,,,,,,,,,,,,,,,
data/fer2013/PublicTest/neutral/neutral_PublicTest_29486.png,neutral,6,1.0,,,,,,,,,,,,,,,,,,,,
data/fer2013/PublicTest/neutral/neutral_PublicTest_29487.png,neutral,6,0.7,,,,,,,,,,,,,,,,,,,,
data/fer2013/PublicTest/fear/fear_PublicTest_29488.png,surprise,5,1.0,,,,,,,,,,,,,,,,,,,,
data/fer2013/PublicTest/sad/sad_PublicTest_29489.png,sad,4,0.75,,,,,,,,,,,,,,,,,,,,
data/fer2013/PublicTest/neutral/neutral_PublicTest_29490.png,neutral,6,1.0,,,,,,,,,,,,,,,,,,,,
data/fer2013/PublicTest/fear/fear_PublicTest_29491.png,neutral,6,1.0,,,,,,,,,,,,,,,,,,,,
data/fer2013/PublicTest/angry/angry_PublicTest_29493.png,angry,0,1.0,,,,,,,,,,,,,,,,,,,,
data/fer2013/PublicTest/neutral/neutral_PublicTest_29494.png,neutral,6,1.0,,,,,,,,,,,,,,,,,,,,
data/fer2013/PublicTest/happy/happy_PublicTest_29495.png,happy,3,0.778,,,,,,,,,,,,,,,,,,,,
data/fer2013/PublicTest/fear/fear_PublicTest_29497.png,sad,4,0.6,,,,,,,,,,,,,,,,,,,,
data/fer2013/PublicTest/fear/fear_PublicTest_29498.png,neutral,6,1.0,,,,,,,,,,,,,,,,,,,,
data/fer2013/PublicTest/angry/angry_PublicTest_29499.png,happy,3,1.0,,,,,,,,,,,,,,,,,,,,
data/fer2013/PublicTest/neutral/neutral_PublicTest_29500.png,happy,3,0.6,,,,,,,,,,,,,,,,,,,,
data/fer2013/PublicTest/happy/happy_PublicTest_29501.png,happy,3,1.0,,,,,,,,,,,,,,,,,,,,
data/fer2013/PublicTest/sad/sad_PublicTest_29502.png,neutral,6,1.0,,,,,,,,,,,,,,,,,,,,
data/fer2013/PublicTest/angry/angry_PublicTest_29503.png,sad,4,0.667,,,,,,,,,,,,,,,,,,,,
data/fer2013/PublicTest/happy/happy_PublicTest_29504.png,happy,3,1.0,,,,,,,,,,,,,,,,,,,,
data/fer2013/PublicTest/neutral/neutral_PublicTest_29505.png,neutral,6,1.0,,,,,,,,,,,,,,,,,,,,
data/fer2013/PublicTest/surprise/surprise_PublicTest_29506.png,surprise,5,1.0,,,,,,,,,,,,,,,,,,,,
data/fer2013/PublicTest/angry/angry_PublicTest_29507.png,angry,0,1.0,,,,,,,,,,,,,,,,,,,,
data/fer2013/PublicTest/surprise/surprise_PublicTest_29508.png,surprise,5,0.7,,,,,,,,,,,,,,,,,,,,
data/fer2013/PublicTest/happy/happy_PublicTest_29509.png,happy,3,1.0,,,,,,,,,,,,,,,,,,,,
data/fer2013/PublicTest/sad/sad_PublicTest_29510.png,neutral,6,1.0,,,,,,,,,,,,,,,,,,,,
data/fer2013/PublicTest/surprise/surprise_PublicTest_29511.png,surprise,5,0.667,,,,,,,,,,,,,,,,,,,,
data/fer2013/PublicTest/disgust/disgust_PublicTest_29512.png,sad,4,1.0,,,,,,,,,,,,,,,,,,,,
data/fer2013/PublicTest/fear/fear_PublicTest_29513.png,surprise,5,0.556,,,,,,,,,,,,,,,,,,,,
data/fer2013/PublicTest/happy/happy_PublicTest_29514.png,happy,3,1.0,,,,,,,,,,,,,,,,,,,,
data/fer2013/PublicTest/surprise/surprise_PublicTest_29515.png,surprise,5,1.0,,,,,,,,,,,,,,,,,,,,
data/fer2013/PublicTest/surprise/surprise_PublicTest_29516.png,neutral,6,1.0,,,,,,,,,,,,,,,,,,,,
data/fer2013/PublicTest/neutral/neutral_PublicTest_29517.png,sad,4,1.0,,,,,,,,,,,,,,,,,,,,
data/fer2013/PublicTest/sad/sad_PublicTest_29518.png,neutral,6,0.556,,,,,,,,,,,,,,,,,,,,
data/fer2013/PublicTest/happy/happy_PublicTest_29519.png,happy,3,0.8,,,,,,,,,,,,,,,,,,,,
data/fer2013/PublicTest/angry/angry_PublicTest_29520.png,angry,0,0.556,,,,,,,,,,,,,,,,,,,,
data/fer2013/PublicTest/sad/sad_PublicTest_29521.png,sad,4,1.0,,,,,,,,,,,,,,,,,,,,
data/fer2013/PublicTest/neutral/neutral_PublicTest_29522.png,sad,4,0.778,,,,,,,,,,,,,,,,,,,,
data/fer2013/PublicTest/angry/angry_PublicTest_29523.png,angry,0,0.778,,,,,,,,,,,,,,,,,,,,
data/fer2013/PublicTest/sad/sad_PublicTest_29524.png,sad,4,0.667,,,,,,,,,,,,,,,,,,,,
data/fer2013/PublicTest/neutral/neutral_PublicTest_29525.png,neutral,6,1.0,,,,,,,,,,,,,,,,,,,,
data/fer2013/PublicTest/happy/happy_PublicTest_29526.png,happy,3,0.8,,,,,,,,,,,,,,,,,,,,
data/fer2013/PublicTest/angry/angry_PublicTest_29527.png,angry,0,1.0,,,,,,,,,,,,,,,,,,,,
data/fer2013/PublicTest/fear/fear_PublicTest_29528.png,surprise,5,0.625,,,,,,,,,,,,,,,,,,,,
data/fer2013/PublicTest/sad/sad_PublicTest_29529.png,sad,4,1.0,,,,,,,,,,,,,,,,,,,,
data/fer2013/PublicTest/fear/fear_PublicTest_29530.png,surprise,5,0.8,,,,,,,,,,,,,,,,,,,,
data/fer2013/PublicTest/sad/sad_PublicTest_29531.png,fear,2,0.778,,,,,,,,,,,,,,,,,,,,
data/fer2013/PublicTest/fear/fear_PublicTest_29532.png,angry,0,1.0,,,,,,,,,,,,,,,,,,,,
data/fer2013/PublicTest/surprise/surprise_PublicTest_29533.png,surprise,5,1.0,,,,,,,,,,,,,,,,,,,,
data/fer2013/PublicTest/neutral/neutral_PublicTest_29534.png,neutral,6,1.0,,,,,,,,,,,,,,,,,,,,
data/fer2013/PublicTest/surprise/surprise_PublicTest_29535.png,surprise,5,0.8,,,,,,,,,,,,,,,,,,,,
data/fer2013/PublicTest/fear/fear_PublicTest_29536.png,neutral,6,0.667,,,,,,,,,,,,,,,,,,,,
data/fer2013/PublicTest/surprise/surprise_PublicTest_29537.png,surprise,5,1.0,,,,,,,,,,,,,,,,,,,,
data/fer2013/PublicTest/sad/sad_PublicTest_29538.png,neutral,6,1.0,,,,,,,,,,,,,,,,,,,,
data/fer2013/PublicTest/surprise/surprise_PublicTest_29540.png,surprise,5,0.8,,,,,,,,,,,,,,,,,,,,
data/fer2013/PublicTest/fear/fear_PublicTest_29541.png,surprise,5,0.625,,,,,,,,,,,,,,,,,,,,
data/fer2013/PublicTest/fear/fear_PublicTest_29543.png,surprise,5,0.778,,,,,,,,,,,,,,,,,,,,
data/fer2013/PublicTest/angry/angry_PublicTest_29544.png,angry,0,1.0,,,,,,,,,,,,,,,,,,,,
data/fer2013/PublicTest/neutral/neutral_PublicTest_29545.png,neutral,6,1.0,,,,,,,,,,,,,,,,,,,,
data/fer2013/PublicTest/sad/sad_PublicTest_29546.png,neutral,6,0.778,,,,,,,,,,,,,,,,,,,,
data/fer2013/PublicTest/angry/angry_PublicTest_29548.png,angry,0,1.0,,,,,,,,,,,,,,,,,,,,
data/fer2013/PublicTest/neutral/neutral_PublicTest_29549.png,neutral,6,0.667,,,,,,,,,,,,,,,,,,,,
data/fer2013/PublicTest/sad/sad_PublicTest_29550.png,sad,4,1.0,,,,,,,,,,,,,,,,,,,,
data/fer2013/PublicTest/surprise/surprise_PublicTest_29551.png,surprise,5,0.8,,,,,,,,,,,,,,,,,,,,
data/fer2013/PublicTest/sad/sad_PublicTest_29553.png,neutral,6,1.0,,,,,,,,,,,,,,,,,,,,
data/fer2013/PublicTest/angry/angry_PublicTest_29554.png,angry,0,1.0,,,,,,,,,,,,,,,,,,,,
data/fer2013/PublicTest/happy/happy_PublicTest_29555.png,happy,3,1.0,,,,,,,,,,,,,,,,,,,,
data/fer2013/PublicTest/neutral/neutral_PublicTest_29556.png,neutral,6,1.0,,,,,,,,,,,,,,,,,,,,
data/fer2013/PublicTest/surprise/surprise_PublicTest_29558.png,happy,3,0.7,,,,,,,,,,,,,,,,,,,,
data/fer2013/PublicTest/neutral/neutral_PublicTest_29559.png,neutral,6,1.0,,,,,,,,,,,,,,,,,,,,
data/fer2013/PublicTest/sad/sad_PublicTest_29560.png,sad,4,1.0,,,,,,,,,,,,,,,,,,,,
data/fer2013/PublicTest/sad/sad_PublicTest_29561.png,neutral,6,0.714,,,,,,,,,,,,,,,,,,,,
data/fer2013/PublicTest/neutral/neutral_PublicTest_29562.png,neutral,6,1.0,,,,,,,,,,,,,,,,,,,,
data/fer2013/PublicTest/fear/fear_PublicTest_29563.png,neutral,6,0.625,,,,,,,,,,,,,,,,,,,,
data/fer2013/PublicTest/fear/fear_PublicTest_29564.png,fear,2,0.667,,,,,,,,,,,,,,,,,,,,
data/fer2013/PublicTest/sad/sad_PublicTest_29565.png,sad,4,1.0,,,,,,,,,,,,,,,,,,,,
data/fer2013/PublicTest/happy/happy_PublicTest_29566.png,happy,3,1.0,,,,,,,,,,,,,,,,,,,,
data/fer2013/PublicTest/sad/sad_PublicTest_29569.png,sad,4,1.0,,,,,,,,,,,,,,,,,,,,
data/fer2013/PublicTest/surprise/surprise_PublicTest_29570.png,surprise,5,1.0,,,,,,,,,,,,,,,,,,,,
data/fer2013/PublicTest/angry/angry_PublicTest_29572.png,neutral,6,1.0,,,,,,,,,,,,,,,,,,,,
data/fer2013/PublicTest/sad/sad_PublicTest_29573.png,neutral,6,0.75,,,,,,,,,,,,,,,,,,,,
data/fer2013/PublicTest/angry/angry_PublicTest_29574.png,angry,0,1.0,,,,,,,,,,,,,,,,,,,,
data/fer2013/PublicTest/sad/sad_PublicTest_29576.png,sad,4,0.6,,,,,,,,,,,,,,,,,,,,
data/fer2013/PublicTest/happy/happy_PublicTest_29577.png,happy,3,1.0,,,,,,,,,,,,,,,,,,,,
data/fer2013/PublicTest/happy/happy_PublicTest_29578.png,happy,3,1.0,,,,,,,,,,,,,,,,,,,,
data/fer2013/PublicTest/happy/happy_PublicTest_29579.png,happy,3,1.0,,,,,,,,,,,,,,,,,,,,
data/fer2013/PublicTest/sad/sad_PublicTest_29580.png,happy,3,1.0,,,,,,,,,,,,,,,,,,,,
data/fer2013/PublicTest/angry/angry_PublicTest_29581.png,angry,0,0.778,,,,,,,,,,,,,,,,,,,,
data/fer2013/PublicTest/sad/sad_PublicTest_29583.png,neutral,6,0.8,,,,,,,,,,,,,,,,,,,,
data/fer2013/PublicTest/sad/sad_PublicTest_29584.png,sad,4,0.667,,,,,,,,,,,,,,,,,,,,
data/fer2013/PublicTest/sad/sad_PublicTest_29585.png,neutral,6,0.778,,,,,,,,,,,,,,,,,,,,
data/fer2013/PublicTest/surprise/surprise_PublicTest_29586.png,surprise,5,1.0,,,,,,,,,,,,,,,,,,,,
data/fer2013/PublicTest/happy/happy_PublicTest_29587.png,happy,3,1.0,,,,,,,,,,,,,,,,,,,,
data/fer2013/PublicTest/angry/angry_PublicTest_29588.png,angry,0,0.667,,,,,,,,,,,,,,,,,,,,
data/fer2013/PublicTest/happy/happy_PublicTest_29589.png,happy,3,1.0,,,,,,,,,,,,,,,,,,,,
data/fer2013/PublicTest/neutral/neutral_PublicTest_29590.png,neutral,6,1.0,,,,,,,,,,,,,,,,,,,,
data/fer2013/PublicTest/neutral/neutral_PublicTest_29591.png,neutral,6,1.0,,,,,,,,,,,,,,,,,,,,
data/fer2013/PublicTest/neutral/neutral_PublicTest_29592.png,neutral,6,1.0,,,,,,,,,,,,,,,,,,,,
data/fer2013/PublicTest/surprise/surprise_PublicTest_29593.png,surprise,5,1.0,,,,,,,,,,,,,,,,,,,,
data/fer2013/PublicTest/sad/sad_PublicTest_29594.png,sad,4,1.0,,,,,,,,,,,,,,,,,,,,
data/fer2013/PublicTest/fear/fear_PublicTest_29595.png,angry,0,0.778,,,,,,,,,,,,,,,,,,,,
data/fer2013/PublicTest/sad/sad_PublicTest_29597.png,neutral,6,0.667,,,,,,,,,,,,,,,,,,,,
data/fer2013/PublicTest/surprise/surprise_PublicTest_29598.png,surprise,5,0.6,,,,,,,,,,,,,,,,,,,,
data/fer2013/PublicTest/surprise/surprise_PublicTest_29600.png,surprise,5,1.0,,,,,,,,,,,,,,,,,,,,
data/fer2013/PublicTest/neutral/neutral_PublicTest_29601.png,neutral,6,1.0,,,,,,,,,,,,,,,,,,,,
data/fer2013/PublicTest/sad/sad_PublicTest_29602.png,sad,4,1.0,,,,,,,,,,,,,,,,,,,,
data/fer2013/PublicTest/fear/fear_PublicTest_29603.png,fear,2,0.75,,,,,,,,,,,,,,,,,,,,
data/fer2013/PublicTest/angry/angry_PublicTest_29604.png,neutral,6,1.0,,,,,,,,,,,,,,,,,,,,
data/fer2013/PublicTest/angry/angry_PublicTest_29605.png,angry,0,1.0,,,,,,,,,,,,,,,,,,,,
data/fer2013/PublicTest/happy/happy_PublicTest_29606.png,happy,3,1.0,,,,,,,,,,,,,,,,,,,,
data/fer2013/PublicTest/neutral/neutral_PublicTest_29607.png,neutral,6,1.0,,,,,,,,,,,,,,,,,,,,
data/fer2013/PublicTest/neutral/neutral_PublicTest_29608.png,neutral,6,0.667,,,,,,,,,,,,,,,,,,,,
data/fer2013/PublicTest/neutral/neutral_PublicTest_29609.png,neutral,6,1.0,,,,,,,,,,,,,,,,,,,,
data/fer2013/PublicTest/happy/happy_PublicTest_29612.png,neutral,6,1.0,,,,,,,,,,,,,,,,,,,,
data/fer2013/PublicTest/surprise/surprise_PublicTest_29613.png,surprise,5,1.0,,,,,,,,,,,,,,,,,,,,
data/fer2013/PublicTest/angry/angry_PublicTest_29614.png,sad,4,0.714,,,,,,,,,,,,,,,,,,,,
data/fer2013/PublicTest/happy/happy_PublicTest_29615.png,happy,3,1.0,,,,,,,,,,,,,,,,,,,,
data/fer2013/PublicTest/surprise/surprise_PublicTest_29616.png,surprise,5,1.0,,,,,,,,,,,,,,,,,,,,
data/fer2013/PublicTest/sad/sad_PublicTest_29617.png,sad,4,0.8,,,,,,,,,,,,,,,,,,,,
data/fer2013/PublicTest/surprise/surprise_PublicTest_29618.png,surprise,5,1.0,,,,,,,,,,,,,,,,,,,,
data/fer2013/PublicTest/surprise/surprise_PublicTest_29619.png,surprise,5,0.778,,,,,,,,,,,,,,,,,,,,
data/fer2013/PublicTest/sad/sad_PublicTest_29620.png,neutral,6,0.714,,,,,,,,,,,,,,,,,,,,
data/fer2013/PublicTest/neutral/neutral_PublicTest_29621.png,neutral,6,1.0,,,,,,,,,,,,,,,,,,,,
data/fer2013/PublicTest/sad/sad_PublicTest_29623.png,sad,4,0.556,,,,,,,,,,,,,,,,,,,,
data/fer2013/PublicTest/neutral/neutral_PublicTest_29624.png,neutral,6,1.0,,,,,,,,,,,,,,,,,,,,
data/fer2013/PublicTest/sad/sad_PublicTest_29625.png,sad,4,0.75,,,,,,,,,,,,,,,,,,,,
data/fer2013/PublicTest/neutral/neutral_PublicTest_29626.png,neutral,6,1.0,,,,,,,,,,,,,,,,,,,,
data/fer2013/PublicTest/sad/sad_PublicTest_29627.png,neutral,6,1.0,,,,,,,,,,,,,,,,,,,,
data/fer2013/PublicTest/sad/sad_PublicTest_29628.png,neutral,6,1.0,,,,,,,,,,,,,,,,,,,,
data/fer2013/PublicTest/fear/fear_PublicTest_29629.png,neutral,6,1.0,,,,,,,,,,,,,,,,,,,,
data/fer2013/PublicTest/disgust/disgust_PublicTest_29630.png,disgust,1,1.0,,,,,,,,,,,,,,,,,,,,
data/fer2013/PublicTest/happy/happy_PublicTest_29631.png,happy,3,1.0,,,,,,,,,,,,,,,,,,,,
data/fer2013/PublicTest/sad/sad_PublicTest_29632.png,sad,4,1.0,,,,,,,,,,,,,,,,,,,,
data/fer2013/PublicTest/sad/sad_PublicTest_29633.png,neutral,6,1.0,,,,,,,,,,,,,,,,,,,,
data/fer2013/PublicTest/happy/happy_PublicTest_29634.png,happy,3,1.0,,,,,,,,,,,,,,,,,,,,
data/fer2013/PublicTest/sad/sad_PublicTest_29635.png,fear,2,1.0,,,,,,,,,,,,,,,,,,,,
data/fer2013/PublicTest/neutral/neutral_PublicTest_29636.png,neutral,6,1.0,,,,,,,,,,,,,,,,,,,,
data/fer2013/PublicTest/neutral/neutral_PublicTest_29637.png,neutral,6,1.0,,,,,,,,,,,,,,,,,,,,
data/fer2013/PublicTest/sad/sad_PublicTest_29638.png,neutral,6,1.0,,,,,,,,,,,,,,,,,,,,
data/fer2013/PublicTest/neutral/neutral_PublicTest_29639.png,neutral,6,1.0,,,,,,,,,,,,,,,,,,,,
data/fer2013/PublicTest/angry/angry_PublicTest_29640.png,angry,0,1.0,,,,,,,,,,,,,,,,,,,,
data/fer2013/PublicTest/sad/sad_PublicTest_29642.png,sad,4,0.7,,,,,,,,,,,,,,,,,,,,
data/fer2013/PublicTest/sad/sad_PublicTest_29644.png,sad,4,0.75,,,,,,,,,,,,,,,,,,,,
data/fer2013/PublicTest/happy/happy_PublicTest_29645.png,happy,3,1.0,,,,,,,,,,,,,,,,,,,,
data/fer2013/PublicTest/surprise/surprise_PublicTest_29646.png,surprise,5,0.667,,,,,,,,,,,,,,,,,,,,
data/fer2013/PublicTest/happy/happy_PublicTest_29647.png,happy,3,1.0,,,,,,,,,,,,,,,,,,,,
data/fer2013/PublicTest/happy/happy_PublicTest_29648.png,happy,3,1.0,,,,,,,,,,,,,,,,,,,,
data/fer2013/PublicTest/happy/happy_PublicTest_29649.png,happy,3,1.0,,,,,,,,,,,,,,,,,,,,
data/fer2013/PublicTest/neutral/neutral_PublicTest_29651.png,neutral,6,0.625,,,,,,,,,,,,,,,,,,,,
data/fer2013/PublicTest/angry/angry_PublicTest_29653.png,neutral,6,0.8,,,,,,,,,,,,,,,,,,,,
data/fer2013/PublicTest/sad/sad_PublicTest_29654.png,neutral,6,1.0,,,,,,,,,,,,,,,,,,,,
data/fer2013/PublicTest/fear/fear_PublicTest_29655.png,sad,4,1.0,,,,,,,,,,,,,,,,,,,,
data/fer2013/PublicTest/neutral/neutral_PublicTest_29656.png,neutral,6,1.0,,,,,,,,,,,,,,,,,,,,
data/fer2013/PublicTest/happy/happy_PublicTest_29657.png,happy,3,1.0,,,,,,,,,,,,,,,,,,,,
data/fer2013/PublicTest/happy/happy_PublicTest_29658.png,happy,3,1.0,,,,,,,,,,,,,,,,,,,,
data/fer2013/PublicTest/fear/fear_PublicTest_29659.png,surprise,5,0.8,,,,,,,,,,,,,,,,,,,,
data/fer2013/PublicTest/fear/fear_PublicTest_29660.png,sad,4,0.667,,,,,,,,,,,,,,,,,,,,
data/fer2013/PublicTest/angry/angry_PublicTest_29661.png,neutral,6,0.625,,,,,,,,,,,,,,,,,,,,
data/fer2013/PublicTest/fear/fear_PublicTest_29662.png,fear,2,1.0,,,,,,,,,,,,,,,,,,,,
data/fer2013/PublicTest/fear/fear_PublicTest_29663.png,neutral,6,0.667,,,,,,,,,,,,,,,,,,,,
data/fer2013/PublicTest/neutral/neutral_PublicTest_29664.png,sad,4,1.0,,,,,,,,,,,,,,,,,,,,
data/fer2013/PublicTest/sad/sad_PublicTest_29665.png,neutral,6,0.778,,,,,,,,,,,,,,,,,,,,
data/fer2013/PublicTest/neutral/neutral_PublicTest_29666.png,neutral,6,1.0,,,,,,,,,,,,,,,,,,,,
data/fer2013/PublicTest/neutral/neutral_PublicTest_29667.png,neutral,6,1.0,,,,,,,,,,,,,,,,,,,,
data/fer2013/PublicTest/happy/happy_PublicTest_29668.png,surprise,5,0.6,,,,,,,,,,,,,,,,,,,,
data/fer2013/PublicTest/angry/angry_PublicTest_29669.png,sad,4,0.571,,,,,,,,,,,,,,,,,,,,
data/fer2013/PublicTest/fear/fear_PublicTest_29670.png,neutral,6,1.0,,,,,,,,,,,,,,,,,,,,
data/fer2013/PublicTest/angry/angry_PublicTest_29671.png,neutral,6,0.778,,,,,,,,,,,,,,,,,,,,
data/fer2013/PublicTest/surprise/surprise_PublicTest_29672.png,happy,3,1.0,,,,,,,,,,,,,,,,,,,,
data/fer2013/PublicTest/fear/fear_PublicTest_29674.png,angry,0,1.0,,,,,,,,,,,,,,,,,,,,
data/fer2013/PublicTest/angry/angry_PublicTest_29675.png,angry,0,0.714,,,,,,,,,,,,,,,,,,,,
data/fer2013/PublicTest/fear/fear_PublicTest_29676.png,surprise,5,1.0,,,,,,,,,,,,,,,,,,,,
data/fer2013/PublicTest/surprise/surprise_PublicTest_29677.png,happy,3,1.0,,,,,,,,,,,,,,,,,,,,
data/fer2013/PublicTest/happy/happy_PublicTest_29678.png,happy,3,1.0,,,,,,,,,,,,,,,,,,,,
data/fer2013/PublicTest/happy/happy_PublicTest_29679.png,happy,3,1.0,,,,,,,,,,,,,,,,,,,,
data/fer2013/PublicTest/happy/happy_PublicTest_29680.png,happy,3,1.0,,,,,,,,,,,,,,,,,,,,
data/fer2013/PublicTest/happy/happy_PublicTest_29681.png,neutral,6,1.0,,,,,,,,,,,,,,,,,,,,
data/fer2013/PublicTest/angry/angry_PublicTest_29682.png,angry,0,1.0,,,,,,,,,,,,,,,,,,,,
data/fer2013/PublicTest/neutral/neutral_PublicTest_29683.png,neutral,6,1.0,,,,,,,,,,,,,,,,,,,,
data/fer2013/PublicTest/fear/fear_PublicTest_29684.png,neutral,6,0.556,,,,,,,,,,,,,,,,,,,,
data/fer2013/PublicTest/angry/angry_PublicTest_29685.png,neutral,6,0.625,,,,,,,,,,,,,,,,,,,,
data/fer2013/PublicTest/neutral/neutral_PublicTest_29686.png,neutral,6,1.0,,,,,,,,,,,,,,,,,,,,
data/fer2013/PublicTest/sad/sad_PublicTest_29687.png,sad,4,1.0,,,,,,,,,,,,,,,,,,,,
data/fer2013/PublicTest/fear/fear_PublicTest_29688.png,neutral,6,1.0,,,,,,,,,,,,,,,,,,,,
data/fer2013/PublicTest/sad/sad_PublicTest_29689.png,sad,4,0.667,,,,,,,,,,,,,,,,,,,,
data/fer2013/PublicTest/surprise/surprise_PublicTest_29690.png,surprise,5,1.0,,,,,,,,,,,,,,,,,,,,
data/fer2013/PublicTest/sad/sad_PublicTest_29692.png,neutral,6,1.0,,,,,,,,,,,,,,,,,,,,
data/fer2013/PublicTest/sad/sad_PublicTest_29693.png,contempt,7,0.625,,,,,,,,,,,,,,,,,,,,
data/fer2013/PublicTest/neutral/neutral_PublicTest_29694.png,neutral,6,1.0,,,,,,,,,,,,,,,,,,,,
data/fer2013/PublicTest/happy/happy_PublicTest_29695.png,happy,3,0.8,,,,,,,,,,,,,,,,,,,,
data/fer2013/PublicTest/happy/happy_PublicTest_29696.png,happy,3,1.0,,,,,,,,,,,,,,,,,,,,
data/fer2013/PublicTest/happy/happy_PublicTest_29697.png,happy,3,1.0,,,,,,,,,,,,,,,,,,,,
data/fer2013/PublicTest/fear/fear_PublicTest_29698.png,happy,3,0.714,,,,,,,,,,,,,,,,,,,,
data/fer2013/PublicTest/happy/happy_PublicTest_29699.png,happy,3,0.556,,,,,,,,,,,,,,,,,,,,
data/fer2013/PublicTest/neutral/neutral_PublicTest_29700.png,neutral,6,1.0,,,,,,,,,,,,,,,,,,,,
data/fer2013/PublicTest/fear/fear_PublicTest_29701.png,neutral,6,0.556,,,,,,,,,,,,,,,,,,,,
data/fer2013/PublicTest/neutral/neutral_PublicTest_29702.png,neutral,6,1.0,,,,,,,,,,,,,,,,,,,,
data/fer2013/PublicTest/sad/sad_PublicTest_29703.png,sad,4,1.0,,,,,,,,,,,,,,,,,,,,
data/fer2013/PublicTest/neutral/neutral_PublicTest_29704.png,neutral,6,1.0,,,,,,,,,,,,,,,,,,,,
data/fer2013/PublicTest/fear/fear_PublicTest_29705.png,neutral,6,0.8,,,,,,,,,,,,,,,,,,,,
data/fer2013/PublicTest/angry/angry_PublicTest_29706.png,neutral,6,0.556,,,,,,,,,,,,,,,,,,,,
data/fer2013/PublicTest/happy/happy_PublicTest_29707.png,happy,3,1.0,,,,,,,,,,,,,,,,,,,,
data/fer2013/PublicTest/happy/happy_PublicTest_29708.png,happy,3,1.0,,,,,,,,,,,,,,,,,,,,
data/fer2013/PublicTest/fear/fear_PublicTest_29709.png,fear,2,0.556,,,,,,,,,,,,,,,,,,,,
data/fer2013/PublicTest/sad/sad_PublicTest_29710.png,neutral,6,0.778,,,,,,,,,,,,,,,,,,,,
data/fer2013/PublicTest/neutral/neutral_PublicTest_29711.png,neutral,6,1.0,,,,,,,,,,,,,,,,,,,,
data/fer2013/PublicTest/fear/fear_PublicTest_29712.png,sad,4,0.556,,,,,,,,,,,,,,,,,,,,
data/fer2013/PublicTest/neutral/neutral_PublicTest_29714.png,neutral,6,1.0,,,,,,,,,,,,,,,,,,,,
data/fer2013/PublicTest/sad/sad_PublicTest_29715.png,neutral,6,0.75,,,,,,,,,,,,,,,,,,,,
data/fer2013/PublicTest/fear/fear_PublicTest_29716.png,neutral,6,0.556,,,,,,,,,,,,,,,,,,,,
data/fer2013/PublicTest/happy/happy_PublicTest_29717.png,surprise,5,0.778,,,,,,,,,,,,,,,,,,,,
data/fer2013/PublicTest/fear/fear_PublicTest_29718.png,angry,0,0.625,,,,,,,,,,,,,,,,,,,,
data/fer2013/PublicTest/angry/angry_PublicTest_29719.png,neutral,6,1.0,,,,,,,,,,,,,,,,,,,,
data/fer2013/PublicTest/fear/fear_PublicTest_29720.png,neutral,6,0.75,,,,,,,,,,,,,,,,,,,,
data/fer2013/PublicTest/neutral/neutral_PublicTest_29721.png,neutral,6,0.75,,,,,,,,,,,,,,,,,,,,
data/fer2013/PublicTest/happy/happy_PublicTest_29722.png,happy,3,1.0,,,,,,,,,,,,,,,,,,,,
data/fer2013/PublicTest/fear/fear_PublicTest_29723.png,sad,4,1.0,,,,,,,,,,,,,,,,,,,,
data/fer2013/PublicTest/happy/happy_PublicTest_29724.png,happy,3,1.0,,,,,,,,,,,,,,,,,,,,
data/fer2013/PublicTest/neutral/neutral_PublicTest_29725.png,neutral,6,1.0,,,,,,,,,,,,,,,,,,,,
data/fer2013/PublicTest/fear/fear_PublicTest_29726.png,angry,0,1.0,,,,,,,,,,,,,,,,,,,,
data/fer2013/PublicTest/happy/happy_PublicTest_29727.png,happy,3,1.0,,,,,,,,,,,,,,,,,,,,
data/fer2013/PublicTest/sad/sad_PublicTest_29728.png,sad,4,1.0,,,,,,,,,,,,,,,,,,,,
data/fer2013/PublicTest/neutral/neutral_PublicTest_29729.png,neutral,6,1.0,,,,,,,,,,,,,,,,,,,,
data/fer2013/PublicTest/angry/angry_PublicTest_29730.png,angry,0,1.0,,,,,,,,,,,,,,,,,,,,
data/fer2013/PublicTest/fear/fear_PublicTest_29731.png,neutral,6,0.625,,,,,,,,,,,,,,,,,,,,
data/fer2013/PublicTest/disgust/disgust_PublicTest_29732.png,contempt,7,0.6,,,,,,,,,,,,,,,,,,,,
data/fer2013/PublicTest/fear/fear_PublicTest_29733.png,fear,2,1.0,,,,,,,,,,,,,,,,,,,,
data/fer2013/PublicTest/angry/angry_PublicTest_29734.png,neutral,6,0.667,,,,,,,,,,,,,,,,,,,,
data/fer2013/PublicTest/fear/fear_PublicTest_29735.png,sad,4,0.556,,,,,,,,,,,,,,,,,,,,
data/fer2013/PublicTest/fear/fear_PublicTest_29736.png,sad,4,0.667,,,,,,,,,,,,,,,,,,,,
data/fer2013/PublicTest/sad/sad_PublicTest_29737.png,neutral,6,1.0,,,,,,,,,,,,,,,,,,,,
data/fer2013/PublicTest/fear/fear_PublicTest_29738.png,neutral,6,1.0,,,,,,,,,,,,,,,,,,,,
data/fer2013/PublicTest/surprise/surprise_PublicTest_29739.png,surprise,5,0.7,,,,,,,,,,,,,,,,,,,,
data/fer2013/PublicTest/happy/happy_PublicTest_29740.png,happy,3,1.0,,,,,,,,,,,,,,,,,,,,
data/fer2013/PublicTest/happy/happy_PublicTest_29741.png,happy,3,1.0,,,,,,,,,,,,,,,,,,,,
data/fer2013/PublicTest/happy/happy_PublicTest_29742.png,happy,3,1.0,,,,,,,,,,,,,,,,,,,,
data/fer2013/PublicTest/sad/sad_PublicTest_29743.png,angry,0,0.778,,,,,,,,,,,,,,,,,,,,
data/fer2013/PublicTest/happy/happy_PublicTest_29744.png,happy,3,1.0,,,,,,,,,,,,,,,,,,,,
data/fer2013/PublicTest/happy/happy_PublicTest_29745.png,happy,3,1.0,,,,,,,,,,,,,,,,,,,,
data/fer2013/PublicTest/angry/angry_PublicTest_29746.png,angry,0,1.0,,,,,,,,,,,,,,,,,,,,
data/fer2013/PublicTest/surprise/surprise_PublicTest_29747.png,surprise,5,1.0,,,,,,,,,,,,,,,,,,,,
data/fer2013/PublicTest/happy/happy_PublicTest_29748.png,happy,3,1.0,,,,,,,,,,,,,,,,,,,,
data/fer2013/PublicTest/sad/sad_PublicTest_29749.png,sad,4,0.667,,,,,,,,,,,,,,,,,,,,
data/fer2013/PublicTest/neutral/neutral_PublicTest_29750.png,neutral,6,1.0,,,,,,,,,,,,,,,,,,,,
data/fer2013/PublicTest/happy/happy_PublicTest_29751.png,happy,3,1.0,,,,,,,,,,,,,,,,,,,,
data/fer2013/PublicTest/neutral/neutral_PublicTest_29752.png,neutral,6,1.0,,,,,,,,,,,,,,,,,,,,
data/fer2013/PublicTest/fear/fear_PublicTest_29753.png,neutral,6,1.0,,,,,,,,,,,,,,,,,,,,
data/fer2013/PublicTest/neutral/neutral_PublicTest_29754.png,neutral,6,0.571,,,,,,,,,,,,,,,,,,,,
data/fer2013/PublicTest/sad/sad_PublicTest_29755.png,angry,0,0.556,,,,,,,,,,,,,,,,,,,,
data/fer2013/PublicTest/sad/sad_PublicTest_29756.png,sad,4,1.0,,,,,,,,,,,,,,,,,,,,
data/fer2013/PublicTest/sad/sad_PublicTest_29757.png,neutral,6,1.0,,,,,,,,,,,,,,,,,,,,
data/fer2013/PublicTest/neutral/neutral_PublicTest_29758.png,neutral,6,1.0,,,,,,,,,,,,,,,,,,,,
data/fer2013/PublicTest/happy/happy_PublicTest_29759.png,happy,3,1.0,,,,,,,,,,,,,,,,,,,,
data/fer2013/PublicTest/neutral/neutral_PublicTest_29760.png,neutral,6,1.0,,,,,,,,,,,,,,,,,,,,
data/fer2013/PublicTest/fear/fear_PublicTest_29762.png,neutral,6,0.7,,,,,,,,,,,,,,,,,,,,
data/fer2013/PublicTest/surprise/surprise_PublicTest_29763.png,surprise,5,0.7,,,,,,,,,,,,,,,,,,,,
data/fer2013/PublicTest/happy/happy_PublicTest_29764.png,happy,3,1.0,,,,,,,,,,,,,,,,,,,,
data/fer2013/PublicTest/sad/sad_PublicTest_29765.png,sad,4,1.0,,,,,,,,,,,,,,,,,,,,
data/fer2013/PublicTest/happy/happy_PublicTest_29766.png,happy,3,1.0,,,,,,,,,,,,,,,,,,,,
data/fer2013/PublicTest/happy/happy_PublicTest_29767.png,happy,3,1.0,,,,,,,,,,,,,,,,,,,,
data/fer2013/PublicTest/happy/happy_PublicTest_29769.png,happy,3,1.0,,,,,,,,,,,,,,,,,,,,
data/fer2013/PublicTest/happy/happy_PublicTest_29770.png,happy,3,1.0,,,,,,,,,,,,,,,,,,,,
data/fer2013/PublicTest/surprise/surprise_PublicTest_29771.png,happy,3,1.0,,,,,,,,,,,,,,,,,,,,
data/fer2013/PublicTest/happy/happy_PublicTest_29772.png,happy,3,0.6,,,,,,,,,,,,,,,,,,,,
data/fer2013/PublicTest/neutral/neutral_PublicTest_29774.png,neutral,6,1.0,,,,,,,,,,,,,,,,,,,,
data/fer2013/PublicTest/neutral/neutral_PublicTest_29775.png,happy,3,1.0,,,,,,,,,,,,,,,,,,,,
data/fer2013/PublicTest/happy/happy_PublicTest_29776.png,happy,3,1.0,,,,,,,,,,,,,,,,,,,,
data/fer2013/PublicTest/fear/fear_PublicTest_29777.png,sad,4,0.667,,,,,,,,,,,,,,,,,,,,
data/fer2013/PublicTest/happy/happy_PublicTest_29778.png,happy,3,1.0,,,,,,,,,,,,,,,,,,,,
data/fer2013/PublicTest/sad/sad_PublicTest_29779.png,sad,4,0.6,,,,,,,,,,,,,,,,,,,,
data/fer2013/PublicTest/sad/sad_PublicTest_29780.png,neutral,6,0.75,,,,,,,,,,,,,,,,,,,,
data/fer2013/PublicTest/sad/sad_PublicTest_29781.png,sad,4,1.0,,,,,,,,,,,,,,,,,,,,
data/fer2013/PublicTest/happy/happy_PublicTest_29782.png,happy,3,1.0,,,,,,,,,,,,,,,,,,,,
data/fer2013/PublicTest/sad/sad_PublicTest_29783.png,neutral,6,1.0,,,,,,,,,,,,,,,,,,,,
data/fer2013/PublicTest/angry/angry_PublicTest_29785.png,sad,4,0.625,,,,,,,,,,,,,,,,,,,,
data/fer2013/PublicTest/sad/sad_PublicTest_29786.png,sad,4,1.0,,,,,,,,,,,,,,,,,,,,
data/fer2013/PublicTest/neutral/neutral_PublicTest_29787.png,neutral,6,1.0,,,,,,,,,,,,,,,,,,,,
data/fer2013/PublicTest/angry/angry_PublicTest_29788.png,angry,0,1.0,,,,,,,,,,,,,,,,,,,,
data/fer2013/PublicTest/happy/happy_PublicTest_29789.png,happy,3,1.0,,,,,,,,,,,,,,,,,,,,
data/fer2013/PublicTest/happy/happy_PublicTest_29790.png,happy,3,1.0,,,,,,,,,,,,,,,,,,,,
data/fer2013/PublicTest/surprise/surprise_PublicTest_29791.png,surprise,5,0.8,,,,,,,,,,,,,,,,,,,,
data/fer2013/PublicTest/sad/sad_PublicTest_29792.png,sad,4,1.0,,,,,,,,,,,,,,,,,,,,
data/fer2013/PublicTest/fear/fear_PublicTest_29793.png,sad,4,0.556,,,,,,,,,,,,,,,,,,,,
data/fer2013/PublicTest/neutral/neutral_PublicTest_29794.png,neutral,6,1.0,,,,,,,,,,,,,,,,,,,,
data/fer2013/PublicTest/fear/fear_PublicTest_29795.png,surprise,5,0.6,,,,,,,,,,,,,,,,,,,,
data/fer2013/PublicTest/surprise/surprise_PublicTest_29796.png,surprise,5,1.0,,,,,,,,,,,,,,,,,,,,
data/fer2013/PublicTest/surprise/surprise_PublicTest_29797.png,surprise,5,1.0,,,,,,,,,,,,,,,,,,,,
data/fer2013/PublicTest/surprise/surprise_PublicTest_29798.png,happy,3,0.667,,,,,,,,,,,,,,,,,,,,
data/fer2013/PublicTest/angry/angry_PublicTest_29799.png,angry,0,0.75,,,,,,,,,,,,,,,,,,,,
data/fer2013/PublicTest/happy/happy_PublicTest_29800.png,happy,3,1.0,,,,,,,,,,,,,,,,,,,,
data/fer2013/PublicTest/happy/happy_PublicTest_29801.png,happy,3,1.0,,,,,,,,,,,,,,,,,,,,
data/fer2013/PublicTest/happy/happy_PublicTest_29802.png,happy,3,1.0,,,,,,,,,,,,,,,,,,,,
data/fer2013/PublicTest/surprise/surprise_PublicTest_29803.png,surprise,5,0.667,,,,,,,,,,,,,,,,,,,,
data/fer2013/PublicTest/sad/sad_PublicTest_29804.png,sad,4,1.0,,,,,,,,,,,,,,,,,,,,
data/fer2013/PublicTest/neutral/neutral_PublicTest_29805.png,neutral,6,1.0,,,,,,,,,,,,,,,,,,,,
data/fer2013/PublicTest/happy/happy_PublicTest_29806.png,happy,3,1.0,,,,,,,,,,,,,,,,,,,,
data/fer2013/PublicTest/happy/happy_PublicTest_29808.png,neutral,6,1.0,,,,,,,,,,,,,,,,,,,,
data/fer2013/PublicTest/neutral/neutral_PublicTest_29809.png,neutral,6,1.0,,,,,,,,,,,,,,,,,,,,
data/fer2013/PublicTest/happy/happy_PublicTest_29811.png,happy,3,1.0,,,,,,,,,,,,,,,,,,,,
data/fer2013/PublicTest/fear/fear_PublicTest_29812.png,fear,2,1.0,,,,,,,,,,,,,,,,,,,,
data/fer2013/PublicTest/disgust/disgust_PublicTest_29814.png,sad,4,0.75,,,,,,,,,,,,,,,,,,,,
data/fer2013/PublicTest/angry/angry_PublicTest_29815.png,angry,0,0.8,,,,,,,,,,,,,,,,,,,,
data/fer2013/PublicTest/sad/sad_PublicTest_29816.png,sad,4,1.0,,,,,,,,,,,,,,,,,,,,
data/fer2013/PublicTest/angry/angry_PublicTest_29817.png,neutral,6,1.0,,,,,,,,,,,,,,,,,,,,
data/fer2013/PublicTest/angry/angry_PublicTest_29818.png,angry,0,0.7,,,,,,,,,,,,,,,,,,,,
data/fer2013/PublicTest/sad/sad_PublicTest_29819.png,sad,4,1.0,,,,,,,,,,,,,,,,,,,,
data/fer2013/PublicTest/neutral/neutral_PublicTest_29820.png,neutral,6,1.0,,,,,,,,,,,,,,,,,,,,
data/fer2013/PublicTest/happy/happy_PublicTest_29821.png,happy,3,0.6,,,,,,,,,,,,,,,,,,,,
data/fer2013/PublicTest/neutral/neutral_PublicTest_29822.png,neutral,6,0.556,,,,,,,,,,,,,,,,,,,,
data/fer2013/PublicTest/surprise/surprise_PublicTest_29823.png,surprise,5,0.6,,,,,,,,,,,,,,,,,,,,
data/fer2013/PublicTest/surprise/surprise_PublicTest_29824.png,neutral,6,0.6,,,,,,,,,,,,,,,,,,,,
data/fer2013/PublicTest/sad/sad_PublicTest_29825.png,neutral,6,1.0,,,,,,,,,,,,,,,,,,,,
data/fer2013/PublicTest/happy/happy_PublicTest_29826.png,happy,3,0.8,,,,,,,,,,,,,,,,,,,,
data/fer2013/PublicTest/happy/happy_PublicTest_29828.png,happy,3,1.0,,,,,,,,,,,,,,,,,,,,
data/fer2013/PublicTest/surprise/surprise_PublicTest_29829.png,surprise,5,0.625,,,,,,,,,,,,,,,,,,,,
data/fer2013/PublicTest/angry/angry_PublicTest_29830.png,angry,0,1.0,,,,,,,,,,,,,,,,,,,,
data/fer2013/PublicTest/happy/happy_PublicTest_29831.png,happy,3,1.0,,,,,,,,,,,,,,,,,,,,
data/fer2013/PublicTest/surprise/surprise_PublicTest_29833.png,surprise,5,0.7,,,,,,,,,,,,,,,,,,,,
data/fer2013/PublicTest/happy/happy_PublicTest_29834.png,happy,3,1.0,,,,,,,,,,,,,,,,,,,,
data/fer2013/PublicTest/sad/sad_PublicTest_29835.png,neutral,6,1.0,,,,,,,,,,,,,,,,,,,,
data/fer2013/PublicTest/happy/happy_PublicTest_29836.png,angry,0,0.778,,,,,,,,,,,,,,,,,,,,
data/fer2013/PublicTest/happy/happy_PublicTest_29837.png,happy,3,1.0,,,,,,,,,,,,,,,,,,,,
data/fer2013/PublicTest/fear/fear_PublicTest_29839.png,neutral,6,1.0,,,,,,,,,,,,,,,,,,,,
data/fer2013/PublicTest/neutral/neutral_PublicTest_29840.png,happy,3,0.8,,,,,,,,,,,,,,,,,,,,
data/fer2013/PublicTest/neutral/neutral_PublicTest_29841.png,neutral,6,0.7,,,,,,,,,,,,,,,,,,,,
data/fer2013/PublicTest/happy/happy_PublicTest_29842.png,happy,3,1.0,,,,,,,,,,,,,,,,,,,,
data/fer2013/PublicTest/happy/happy_PublicTest_29843.png,happy,3,0.778,,,,,,,,,,,,,,,,,,,,
data/fer2013/PublicTest/happy/happy_PublicTest_29844.png,happy,3,0.778,,,,,,,,,,,,,,,,,,,,
data/fer2013/PublicTest/surprise/surprise_PublicTest_29845.png,angry,0,1.0,,,,,,,,,,,,,,,,,,,,
data/fer2013/PublicTest/fear/fear_PublicTest_29846.png,neutral,6,0.571,,,,,,,,,,,,,,,,,,,,
data/fer2013/PublicTest/happy/happy_PublicTest_29847.png,happy,3,1.0,,,,,,,,,,,,,,,,,,,,
data/fer2013/PublicTest/neutral/neutral_PublicTest_29848.png,neutral,6,0.667,,,,,,,,,,,,,,,,,,,,
data/fer2013/PublicTest/surprise/surprise_PublicTest_29849.png,surprise,5,1.0,,,,,,,,,,,,,,,,,,,,
data/fer2013/PublicTest/angry/angry_PublicTest_29850.png,angry,0,1.0,,,,,,,,,,,,,,,,,,,,
data/fer2013/PublicTest/angry/angry_PublicTest_29851.png,surprise,5,0.6,,,,,,,,,,,,,,,,,,,,
data/fer2013/PublicTest/sad/sad_PublicTest_29852.png,neutral,6,1.0,,,,,,,,,,,,,,,,,,,,
data/fer2013/PublicTest/neutral/neutral_PublicTest_29853.png,neutral,6,1.0,,,,,,,,,,,,,,,,,,,,
data/fer2013/PublicTest/sad/sad_PublicTest_29854.png,neutral,6,0.8,,,,,,,,,,,,,,,,,,,,
data/fer2013/PublicTest/angry/angry_PublicTest_29855.png,angry,0,0.667,,,,,,,,,,,,,,,,,,,,
data/fer2013/PublicTest/happy/happy_PublicTest_29856.png,happy,3,1.0,,,,,,,,,,,,,,,,,,,,
data/fer2013/PublicTest/neutral/neutral_PublicTest_29857.png,neutral,6,0.7,,,,,,,,,,,,,,,,,,,,
data/fer2013/PublicTest/sad/sad_PublicTest_29858.png,neutral,6,0.667,,,,,,,,,,,,,,,,,,,,
data/fer2013/PublicTest/neutral/neutral_PublicTest_29859.png,neutral,6,1.0,,,,,,,,,,,,,,,,,,,,
data/fer2013/PublicTest/angry/angry_PublicTest_29860.png,neutral,6,1.0,,,,,,,,,,,,,,,,,,,,
data/fer2013/PublicTest/sad/sad_PublicTest_29861.png,neutral,6,0.778,,,,,,,,,,,,,,,,,,,,
data/fer2013/PublicTest/angry/angry_PublicTest_29862.png,angry,0,0.8,,,,,,,,,,,,,,,,,,,,
data/fer2013/PublicTest/surprise/surprise_PublicTest_29863.png,surprise,5,0.6,,,,,,,,,,,,,,,,,,,,
data/fer2013/PublicTest/surprise/surprise_PublicTest_29864.png,surprise,5,1.0,,,,,,,,,,,,,,,,,,,,
data/fer2013/PublicTest/happy/happy_PublicTest_29865.png,happy,3,1.0,,,,,,,,,,,,,,,,,,,,
data/fer2013/PublicTest/happy/happy_PublicTest_29867.png,happy,3,1.0,,,,,,,,,,,,,,,,,,,,
data/fer2013/PublicTest/angry/angry_PublicTest_29868.png,angry,0,1.0,,,,,,,,,,,,,,,,,,,,
data/fer2013/PublicTest/fear/fear_PublicTest_29869.png,neutral,6,0.778,,,,,,,,,,,,,,,,,,,,
data/fer2013/PublicTest/fear/fear_PublicTest_29870.png,neutral,6,0.778,,,,,,,,,,,,,,,,,,,,
data/fer2013/PublicTest/fear/fear_PublicTest_29871.png,neutral,6,0.6,,,,,,,,,,,,,,,,,,,,
data/fer2013/PublicTest/neutral/neutral_PublicTest_29872.png,neutral,6,0.75,,,,,,,,,,,,,,,,,,,,
data/fer2013/PublicTest/sad/sad_PublicTest_29873.png,neutral,6,0.625,,,,,,,,,,,,,,,,,,,,
data/fer2013/PublicTest/surprise/surprise_PublicTest_29874.png,surprise,5,1.0,,,,,,,,,,,,,,,,,,,,
data/fer2013/PublicTest/sad/sad_PublicTest_29875.png,sad,4,0.714,,,,,,,,,,,,,,,,,,,,
data/fer2013/PublicTest/sad/sad_PublicTest_29876.png,neutral,6,1.0,,,,,,,,,,,,,,,,,,,,
data/fer2013/PublicTest/neutral/neutral_PublicTest_29877.png,neutral,6,0.667,,,,,,,,,,,,,,,,,,,,
data/fer2013/PublicTest/angry/angry_PublicTest_29878.png,neutral,6,0.625,,,,,,,,,,,,,,,,,,,,
data/fer2013/PublicTest/fear/fear_PublicTest_29879.png,neutral,6,0.556,,,,,,,,,,,,,,,,,,,,
data/fer2013/PublicTest/happy/happy_PublicTest_29881.png,happy,3,1.0,,,,,,,,,,,,,,,,,,,,
data/fer2013/PublicTest/surprise/surprise_PublicTest_29882.png,surprise,5,0.6,,,,,,,,,,,,,,,,,,,,
data/fer2013/PublicTest/fear/fear_PublicTest_29883.png,surprise,5,0.714,,,,,,,,,,,,,,,,,,,,
data/fer2013/PublicTest/neutral/neutral_PublicTest_29885.png,neutral,6,0.75,,,,,,,,,,,,,,,,,,,,
data/fer2013/PublicTest/surprise/surprise_PublicTest_29886.png,surprise,5,1.0,,,,,,,,,,,,,,,,,,,,
data/fer2013/PublicTest/fear/fear_PublicTest_29887.png,angry,0,1.0,,,,,,,,,,,,,,,,,,,,
data/fer2013/PublicTest/fear/fear_PublicTest_29888.png,sad,4,1.0,,,,,,,,,,,,,,,,,,,,
data/fer2013/PublicTest/happy/happy_PublicTest_29889.png,happy,3,1.0,,,,,,,,,,,,,,,,,,,,
data/fer2013/PublicTest/neutral/neutral_PublicTest_29890.png,happy,3,0.7,,,,,,,,,,,,,,,,,,,,
data/fer2013/PublicTest/neutral/neutral_PublicTest_29891.png,sad,4,0.667,,,,,,,,,,,,,,,,,,,,
data/fer2013/PublicTest/fear/fear_PublicTest_29892.png,neutral,6,0.6,,,,,,,,,,,,,,,,,,,,
data/fer2013/PublicTest/neutral/neutral_PublicTest_29893.png,neutral,6,1.0,,,,,,,,,,,,,,,,,,,,
data/fer2013/PublicTest/happy/happy_PublicTest_29894.png,happy,3,0.7,,,,,,,,,,,,,,,,,,,,
data/fer2013/PublicTest/happy/happy_PublicTest_29895.png,happy,3,1.0,,,,,,,,,,,,,,,,,,,,
data/fer2013/PublicTest/sad/sad_PublicTest_29897.png,sad,4,0.556,,,,,,,,,,,,,,,,,,,,
data/fer2013/PublicTest/happy/happy_PublicTest_29898.png,happy,3,1.0,,,,,,,,,,,,,,,,,,,,
data/fer2013/PublicTest/fear/fear_PublicTest_29899.png,sad,4,1.0,,,,,,,,,,,,,,,,,,,,
data/fer2013/PublicTest/sad/sad_PublicTest_29900.png,neutral,6,1.0,,,,,,,,,,,,,,,,,,,,
data/fer2013/PublicTest/angry/angry_PublicTest_29901.png,angry,0,0.556,,,,,,,,,,,,,,,,,,,,
data/fer2013/PublicTest/neutral/neutral_PublicTest_29902.png,neutral,6,1.0,,,,,,,,,,,,,,,,,,,,
data/fer2013/PublicTest/happy/happy_PublicTest_29903.png,happy,3,1.0,,,,,,,,,,,,,,,,,,,,
data/fer2013/PublicTest/surprise/surprise_PublicTest_29904.png,surprise,5,0.8,,,,,,,,,,,,,,,,,,,,
data/fer2013/PublicTest/happy/happy_PublicTest_29905.png,happy,3,0.8,,,,,,,,,,,,,,,,,,,,
data/fer2013/PublicTest/fear/fear_PublicTest_29906.png,sad,4,0.6,,,,,,,,,,,,,,,,,,,,
data/fer2013/PublicTest/happy/happy_PublicTest_29907.png,happy,3,1.0,,,,,,,,,,,,,,,,,,,,
data/fer2013/PublicTest/fear/fear_PublicTest_29908.png,sad,4,1.0,,,,,,,,,,,,,,,,,,,,
data/fer2013/PublicTest/surprise/surprise_PublicTest_29909.png,surprise,5,1.0,,,,,,,,,,,,,,,,,,,,
data/fer2013/PublicTest/happy/happy_PublicTest_29910.png,happy,3,1.0,,,,,,,,,,,,,,,,,,,,
data/fer2013/PublicTest/fear/fear_PublicTest_29911.png,sad,4,0.778,,,,,,,,,,,,,,,,,,,,
data/fer2013/PublicTest/fear/fear_PublicTest_29912.png,neutral,6,0.778,,,,,,,,,,,,,,,,,,,,
data/fer2013/PublicTest/neutral/neutral_PublicTest_29913.png,neutral,6,1.0,,,,,,,,,,,,,,,,,,,,
data/fer2013/PublicTest/sad/sad_PublicTest_29914.png,sad,4,0.556,,,,,,,,,,,,,,,,,,,,
data/fer2013/PublicTest/neutral/neutral_PublicTest_29915.png,happy,3,1.0,,,,,,,,,,,,,,,,,,,,
data/fer2013/PublicTest/neutral/neutral_PublicTest_29916.png,neutral,6,1.0,,,,,,,,,,,,,,,,,,,,
data/fer2013/PublicTest/happy/happy_PublicTest_29917.png,happy,3,1.0,,,,,,,,,,,,,,,,,,,,
data/fer2013/PublicTest/fear/fear_PublicTest_29918.png,sad,4,1.0,,,,,,,,,,,,,,,,,,,,
data/fer2013/PublicTest/happy/happy_PublicTest_29919.png,happy,3,1.0,,,,,,,,,,,,,,,,,,,,
data/fer2013/PublicTest/surprise/surprise_PublicTest_29920.png,surprise,5,1.0,,,,,,,,,,,,,,,,,,,,
data/fer2013/PublicTest/neutral/neutral_PublicTest_29921.png,neutral,6,0.556,,,,,,,,,,,,,,,,,,,,
data/fer2013/PublicTest/sad/sad_PublicTest_29922.png,neutral,6,1.0,,,,,,,,,,,,,,,,,,,,
data/fer2013/PublicTest/fear/fear_PublicTest_29923.png,surprise,5,0.75,,,,,,,,,,,,,,,,,,,,
data/fer2013/PublicTest/fear/fear_PublicTest_29924.png,neutral,6,1.0,,,,,,,,,,,,,,,,,,,,
data/fer2013/PublicTest/fear/fear_PublicTest_29925.png,neutral,6,1.0,,,,,,,,,,,,,,,,,,,,
data/fer2013/PublicTest/happy/happy_PublicTest_29926.png,happy,3,1.0,,,,,,,,,,,,,,,,,,,,
data/fer2013/PublicTest/surprise/surprise_PublicTest_29927.png,surprise,5,1.0,,,,,,,,,,,,,,,,,,,,
data/fer2013/PublicTest/neutral/neutral_PublicTest_29928.png,neutral,6,1.0,,,,,,,,,,,,,,,,,,,,
data/fer2013/PublicTest/angry/angry_PublicTest_29929.png,neutral,6,1.0,,,,,,,,,,,,,,,,,,,,
data/fer2013/PublicTest/happy/happy_PublicTest_29930.png,happy,3,1.0,,,,,,,,,,,,,,,,,,,,
data/fer2013/PublicTest/angry/angry_PublicTest_29931.png,angry,0,0.556,,,,,,,,,,,,,,,,,,,,
data/fer2013/PublicTest/happy/happy_PublicTest_29932.png,happy,3,1.0,,,,,,,,,,,,,,,,,,,,
data/fer2013/PublicTest/angry/angry_PublicTest_29933.png,angry,0,1.0,,,,,,,,,,,,,,,,,,,,
data/fer2013/PublicTest/happy/happy_PublicTest_29934.png,happy,3,0.8,,,,,,,,,,,,,,,,,,,,
data/fer2013/PublicTest/fear/fear_PublicTest_29935.png,sad,4,1.0,,,,,,,,,,,,,,,,,,,,
data/fer2013/PublicTest/sad/sad_PublicTest_29937.png,sad,4,1.0,,,,,,,,,,,,,,,,,,,,
data/fer2013/PublicTest/happy/happy_PublicTest_29938.png,neutral,6,0.7,,,,,,,,,,,,,,,,,,,,
data/fer2013/PublicTest/neutral/neutral_PublicTest_29939.png,neutral,6,1.0,,,,,,,,,,,,,,,,,,,,
data/fer2013/PublicTest/happy/happy_PublicTest_29940.png,neutral,6,1.0,,,,,,,,,,,,,,,,,,,,
data/fer2013/PublicTest/sad/sad_PublicTest_29941.png,neutral,6,1.0,,,,,,,,,,,,,,,,,,,,
data/fer2013/PublicTest/sad/sad_PublicTest_29942.png,neutral,6,0.667,,,,,,,,,,,,,,,,,,,,
data/fer2013/PublicTest/neutral/neutral_PublicTest_29943.png,neutral,6,1.0,,,,,,,,,,,,,,,,,,,,
data/fer2013/PublicTest/neutral/neutral_PublicTest_29944.png,neutral,6,1.0,,,,,,,,,,,,,,,,,,,,
data/fer2013/PublicTest/happy/happy_PublicTest_29945.png,happy,3,0.6,,,,,,,,,,,,,,,,,,,,
data/fer2013/PublicTest/happy/happy_PublicTest_29946.png,happy,3,1.0,,,,,,,,,,,,,,,,,,,,
data/fer2013/PublicTest/angry/angry_PublicTest_29947.png,angry,0,1.0,,,,,,,,,,,,,,,,,,,,
data/fer2013/PublicTest/neutral/neutral_PublicTest_29948.png,neutral,6,1.0,,,,,,,,,,,,,,,,,,,,
data/fer2013/PublicTest/sad/sad_PublicTest_29949.png,sad,4,1.0,,,,,,,,,,,,,,,,,,,,
data/fer2013/PublicTest/angry/angry_PublicTest_29950.png,angry,0,0.714,,,,,,,,,,,,,,,,,,,,
data/fer2013/PublicTest/disgust/disgust_PublicTest_29951.png,angry,0,0.75,,,,,,,,,,,,,,,,,,,,
data/fer2013/PublicTest/surprise/surprise_PublicTest_29952.png,surprise,5,0.7,,,,,,,,,,,,,,,,,,,,
data/fer2013/PublicTest/neutral/neutral_PublicTest_29953.png,neutral,6,0.6,,,,,,,,,,,,,,,,,,,,
data/fer2013/PublicTest/surprise/surprise_PublicTest_29954.png,happy,3,0.8,,,,,,,,,,,,,,,,,,,,
data/fer2013/PublicTest/surprise/surprise_PublicTest_29955.png,surprise,5,1.0,,,,,,,,,,,,,,,,,,,,
data/fer2013/PublicTest/sad/sad_PublicTest_29956.png,sad,4,0.6,,,,,,,,,,,,,,,,,,,,
data/fer2013/PublicTest/surprise/surprise_PublicTest_29957.png,surprise,5,1.0,,,,,,,,,,,,,,,,,,,,
data/fer2013/PublicTest/happy/happy_PublicTest_29958.png,happy,3,1.0,,,,,,,,,,,,,,,,,,,,
data/fer2013/PublicTest/happy/happy_PublicTest_29959.png,happy,3,1.0,,,,,,,,,,,,,,,,,,,,
data/fer2013/PublicTest/sad/sad_PublicTest_29960.png,neutral,6,1.0,,,,,,,,,,,,,,,,,,,,
data/fer2013/PublicTest/happy/happy_PublicTest_29961.png,happy,3,1.0,,,,,,,,,,,,,,,,,,,,
data/fer2013/PublicTest/angry/angry_PublicTest_29962.png,surprise,5,0.556,,,,,,,,,,,,,,,,,,,,
data/fer2013/PublicTest/angry/angry_PublicTest_29963.png,angry,0,1.0,,,,,,,,,,,,,,,,,,,,
data/fer2013/PublicTest/sad/sad_PublicTest_29964.png,neutral,6,1.0,,,,,,,,,,,,,,,,,,,,
data/fer2013/PublicTest/happy/happy_PublicTest_29965.png,happy,3,0.8,,,,,,,,,,,,,,,,,,,,
data/fer2013/PublicTest/fear/fear_PublicTest_29966.png,fear,2,0.75,,,,,,,,,,,,,,,,,,,,
data/fer2013/PublicTest/happy/happy_PublicTest_29967.png,happy,3,1.0,,,,,,,,,,,,,,,,,,,,
data/fer2013/PublicTest/neutral/neutral_PublicTest_29968.png,sad,4,0.571,,,,,,,,,,,,,,,,,,,,
data/fer2013/PublicTest/neutral/neutral_PublicTest_29969.png,neutral,6,1.0,,,,,,,,,,,,,,,,,,,,
data/fer2013/PublicTest/sad/sad_PublicTest_29970.png,neutral,6,1.0,,,,,,,,,,,,,,,,,,,,
data/fer2013/PublicTest/angry/angry_PublicTest_29971.png,neutral,6,1.0,,,,,,,,,,,,,,,,,,,,
data/fer2013/PublicTest/sad/sad_PublicTest_29972.png,neutral,6,1.0,,,,,,,,,,,,,,,,,,,,
data/fer2013/PublicTest/sad/sad_PublicTest_29973.png,neutral,6,0.556,,,,,,,,,,,,,,,,,,,,
data/fer2013/PublicTest/happy/happy_PublicTest_29974.png,happy,3,0.667,,,,,,,,,,,,,,,,,,,,
data/fer2013/PublicTest/happy/happy_PublicTest_29975.png,happy,3,1.0,,,,,,,,,,,,,,,,,,,,
data/fer2013/PublicTest/angry/angry_PublicTest_29976.png,angry,0,1.0,,,,,,,,,,,,,,,,,,,,
data/fer2013/PublicTest/neutral/neutral_PublicTest_29978.png,neutral,6,1.0,,,,,,,,,,,,,,,,,,,,
data/fer2013/PublicTest/happy/happy_PublicTest_29979.png,happy,3,1.0,,,,,,,,,,,,,,,,,,,,
data/fer2013/PublicTest/happy/happy_PublicTest_29981.png,happy,3,1.0,,,,,,,,,,,,,,,,,,,,
data/fer2013/PublicTest/sad/sad_PublicTest_29982.png,neutral,6,0.7,,,,,,,,,,,,,,,,,,,,
data/fer2013/PublicTest/fear/fear_PublicTest_29983.png,neutral,6,0.667,,,,,,,,,,,,,,,,,,,,
data/fer2013/PublicTest/surprise/surprise_PublicTest_29984.png,surprise,5,1.0,,,,,,,,,,,,,,,,,,,,
data/fer2013/PublicTest/sad/sad_PublicTest_29986.png,neutral,6,0.7,,,,,,,,,,,,,,,,,,,,
data/fer2013/PublicTest/happy/happy_PublicTest_29987.png,happy,3,1.0,,,,,,,,,,,,,,,,,,,,
data/fer2013/PublicTest/surprise/surprise_PublicTest_29989.png,surprise,5,0.75,,,,,,,,,,,,,,,,,,,,
data/fer2013/PublicTest/fear/fear_PublicTest_29990.png,fear,2,0.625,,,,,,,,,,,,,,,,,,,,
data/fer2013/PublicTest/happy/happy_PublicTest_29991.png,happy,3,1.0,,,,,,,,,,,,,,,,,,,,
data/fer2013/PublicTest/happy/happy_PublicTest_29992.png,happy,3,1.0,,,,,,,,,,,,,,,,,,,,
data/fer2013/PublicTest/happy/happy_PublicTest_29993.png,happy,3,1.0,,,,,,,,,,,,,,,,,,,,
data/fer2013/PublicTest/fear/fear_PublicTest_29994.png,neutral,6,0.6,,,,,,,,,,,,,,,,,,,,
data/fer2013/PublicTest/happy/happy_PublicTest_29995.png,happy,3,1.0,,,,,,,,,,,,,,,,,,,,
data/fer2013/PublicTest/neutral/neutral_PublicTest_29996.png,neutral,6,1.0,,,,,,,,,,,,,,,,,,,,
data/fer2013/PublicTest/surprise/surprise_PublicTest_29997.png,surprise,5,0.8,,,,,,,,,,,,,,,,,,,,
data/fer2013/PublicTest/sad/sad_PublicTest_29998.png,neutral,6,0.6,,,,,,,,,,,,,,,,,,,,
data/fer2013/PublicTest/happy/happy_PublicTest_29999.png,happy,3,1.0,,,,,,,,,,,,,,,,,,,,
data/fer2013/PublicTest/sad/sad_PublicTest_30000.png,sad,4,1.0,,,,,,,,,,,,,,,,,,,,
data/fer2013/PublicTest/sad/sad_PublicTest_30001.png,sad,4,1.0,,,,,,,,,,,,,,,,,,,,
data/fer2013/PublicTest/happy/happy_PublicTest_30003.png,happy,3,1.0,,,,,,,,,,,,,,,,,,,,
data/fer2013/PublicTest/angry/angry_PublicTest_30004.png,angry,0,0.778,,,,,,,,,,,,,,,,,,,,
data/fer2013/PublicTest/surprise/surprise_PublicTest_30005.png,surprise,5,0.778,,,,,,,,,,,,,,,,,,,,
data/fer2013/PublicTest/happy/happy_PublicTest_30006.png,happy,3,1.0,,,,,,,,,,,,,,,,,,,,
data/fer2013/PublicTest/neutral/neutral_PublicTest_30007.png,neutral,6,1.0,,,,,,,,,,,,,,,,,,,,
data/fer2013/PublicTest/surprise/surprise_PublicTest_30008.png,surprise,5,1.0,,,,,,,,,,,,,,,,,,,,
data/fer2013/PublicTest/neutral/neutral_PublicTest_30010.png,neutral,6,1.0,,,,,,,,,,,,,,,,,,,,
data/fer2013/PublicTest/happy/happy_PublicTest_30011.png,happy,3,1.0,,,,,,,,,,,,,,,,,,,,
data/fer2013/PublicTest/neutral/neutral_PublicTest_30012.png,neutral,6,0.75,,,,,,,,,,,,,,,,,,,,
data/fer2013/PublicTest/fear/fear_PublicTest_30013.png,sad,4,0.6,,,,,,,,,,,,,,,,,,,,
data/fer2013/PublicTest/fear/fear_PublicTest_30014.png,surprise,5,0.7,,,,,,,,,,,,,,,,,,,,
data/fer2013/PublicTest/angry/angry_PublicTest_30015.png,neutral,6,0.7,,,,,,,,,,,,,,,,,,,,
data/fer2013/PublicTest/happy/happy_PublicTest_30016.png,happy,3,1.0,,,,,,,,,,,,,,,,,,,,
data/fer2013/PublicTest/sad/sad_PublicTest_30017.png,neutral,6,0.7,,,,,,,,,,,,,,,,,,,,
data/fer2013/PublicTest/neutral/neutral_PublicTest_30018.png,neutral,6,0.667,,,,,,,,,,,,,,,,,,,,
data/fer2013/PublicTest/neutral/neutral_PublicTest_30019.png,neutral,6,0.556,,,,,,,,,,,,,,,,,,,,
data/fer2013/PublicTest/neutral/neutral_PublicTest_30020.png,neutral,6,1.0,,,,,,,,,,,,,,,,,,,,
data/fer2013/PublicTest/happy/happy_PublicTest_30021.png,happy,3,0.625,,,,,,,,,,,,,,,,,,,,
data/fer2013/PublicTest/fear/fear_PublicTest_30022.png,sad,4,1.0,,,,,,,,,,,,,,,,,,,,
data/fer2013/PublicTest/sad/sad_PublicTest_30023.png,neutral,6,1.0,,,,,,,,,,,,,,,,,,,,
data/fer2013/PublicTest/angry/angry_PublicTest_30024.png,angry,0,1.0,,,,,,,,,,,,,,,,,,,,
data/fer2013/PublicTest/sad/sad_PublicTest_30025.png,neutral,6,1.0,,,,,,,,,,,,,,,,,,,,
data/fer2013/PublicTest/angry/angry_PublicTest_30026.png,neutral,6,1.0,,,,,,,,,,,,,,,,,,,,
data/fer2013/PublicTest/angry/angry_PublicTest_30028.png,disgust,1,1.0,,,,,,,,,,,,,,,,,,,,
data/fer2013/PublicTest/fear/fear_PublicTest_30029.png,neutral,6,1.0,,,,,,,,,,,,,,,,,,,,
data/fer2013/PublicTest/neutral/neutral_PublicTest_30030.png,neutral,6,0.7,,,,,,,,,,,,,,,,,,,,
data/fer2013/PublicTest/happy/happy_PublicTest_30031.png,happy,3,0.7,,,,,,,,,,,,,,,,,,,,
data/fer2013/PublicTest/sad/sad_PublicTest_30032.png,neutral,6,0.556,,,,,,,,,,,,,,,,,,,,
data/fer2013/PublicTest/happy/happy_PublicTest_30033.png,happy,3,1.0,,,,,,,,,,,,,,,,,,,,
data/fer2013/PublicTest/happy/happy_PublicTest_30034.png,happy,3,1.0,,,,,,,,,,,,,,,,,,,,
data/fer2013/PublicTest/sad/sad_PublicTest_30035.png,neutral,6,1.0,,,,,,,,,,,,,,,,,,,,
data/fer2013/PublicTest/neutral/neutral_PublicTest_30036.png,neutral,6,1.0,,,,,,,,,,,,,,,,,,,,
data/fer2013/PublicTest/surprise/surprise_PublicTest_30037.png,surprise,5,1.0,,,,,,,,,,,,,,,,,,,,
data/fer2013/PublicTest/neutral/neutral_PublicTest_30038.png,neutral,6,1.0,,,,,,,,,,,,,,,,,,,,
data/fer2013/PublicTest/neutral/neutral_PublicTest_30039.png,neutral,6,1.0,,,,,,,,,,,,,,,,,,,,
data/fer2013/PublicTest/neutral/neutral_PublicTest_30041.png,neutral,6,1.0,,,,,,,,,,,,,,,,,,,,
data/fer2013/PublicTest/sad/sad_PublicTest_30042.png,neutral,6,0.8,,,,,,,,,,,,,,,,,,,,
data/fer2013/PublicTest/fear/fear_PublicTest_30043.png,surprise,5,0.625,,,,,,,,,,,,,,,,,,,,
data/fer2013/PublicTest/neutral/neutral_PublicTest_30044.png,neutral,6,1.0,,,,,,,,,,,,,,,,,,,,
data/fer2013/PublicTest/sad/sad_PublicTest_30045.png,neutral,6,1.0,,,,,,,,,,,,,,,,,,,,
data/fer2013/PublicTest/surprise/surprise_PublicTest_30046.png,surprise,5,1.0,,,,,,,,,,,,,,,,,,,,
data/fer2013/PublicTest/angry/angry_PublicTest_30047.png,angry,0,0.667,,,,,,,,,,,,,,,,,,,,
data/fer2013/PublicTest/happy/happy_PublicTest_30049.png,happy,3,1.0,,,,,,,,,,,,,,,,,,,,
data/fer2013/PublicTest/sad/sad_PublicTest_30050.png,neutral,6,0.556,,,,,,,,,,,,,,,,,,,,
data/fer2013/PublicTest/neutral/neutral_PublicTest_30051.png,neutral,6,1.0,,,,,,,,,,,,,,,,,,,,
data/fer2013/PublicTest/happy/happy_PublicTest_30052.png,neutral,6,0.7,,,,,,,,,,,,,,,,,,,,
data/fer2013/PublicTest/neutral/neutral_PublicTest_30053.png,neutral,6,1.0,,,,,,,,,,,,,,,,,,,,
data/fer2013/PublicTest/neutral/neutral_PublicTest_30055.png,neutral,6,1.0,,,,,,,,,,,,,,,,,,,,
data/fer2013/PublicTest/sad/sad_PublicTest_30056.png,sad,4,0.8,,,,,,,,,,,,,,,,,,,,
data/fer2013/PublicTest/happy/happy_PublicTest_30057.png,happy,3,1.0,,,,,,,,,,,,,,,,,,,,
data/fer2013/PublicTest/angry/angry_PublicTest_30058.png,neutral,6,0.8,,,,,,,,,,,,,,,,,,,,
data/fer2013/PublicTest/neutral/neutral_PublicTest_30060.png,sad,4,0.6,,,,,,,,,,,,,,,,,,,,
data/fer2013/PublicTest/happy/happy_PublicTest_30061.png,happy,3,0.556,,,,,,,,,,,,,,,,,,,,
data/fer2013/PublicTest/fear/fear_PublicTest_30062.png,neutral,6,1.0,,,,,,,,,,,,,,,,,,,,
data/fer2013/PublicTest/neutral/neutral_PublicTest_30063.png,neutral,6,0.8,,,,,,,,,,,,,,,,,,,,
data/fer2013/PublicTest/happy/happy_PublicTest_30064.png,happy,3,1.0,,,,,,,,,,,,,,,,,,,,
data/fer2013/PublicTest/neutral/neutral_PublicTest_30065.png,neutral,6,0.625,,,,,,,,,,,,,,,,,,,,
data/fer2013/PublicTest/surprise/surprise_PublicTest_30067.png,surprise,5,1.0,,,,,,,,,,,,,,,,,,,,
data/fer2013/PublicTest/surprise/surprise_PublicTest_30068.png,surprise,5,0.778,,,,,,,,,,,,,,,,,,,,
data/fer2013/PublicTest/happy/happy_PublicTest_30069.png,happy,3,1.0,,,,,,,,,,,,,,,,,,,,
data/fer2013/PublicTest/surprise/surprise_PublicTest_30071.png,surprise,5,1.0,,,,,,,,,,,,,,,,,,,,
data/fer2013/PublicTest/neutral/neutral_PublicTest_30072.png,neutral,6,1.0,,,,,,,,,,,,,,,,,,,,
data/fer2013/PublicTest/surprise/surprise_PublicTest_30073.png,surprise,5,1.0,,,,,,,,,,,,,,,,,,,,
data/fer2013/PublicTest/neutral/neutral_PublicTest_30075.png,neutral,6,1.0,,,,,,,,,,,,,,,,,,,,
data/fer2013/PublicTest/fear/fear_PublicTest_30076.png,fear,2,0.6,,,,,,,,,,,,,,,,,,,,
data/fer2013/PublicTest/surprise/surprise_PublicTest_30081.png,surprise,5,1.0,,,,,,,,,,,,,,,,,,,,
data/fer2013/PublicTest/angry/angry_PublicTest_30082.png,angry,0,1.0,,,,,,,,,,,,,,,,,,,,
data/fer2013/PublicTest/happy/happy_PublicTest_30083.png,happy,3,1.0,,,,,,,,,,,,,,,,,,,,
data/fer2013/PublicTest/fear/fear_PublicTest_30084.png,angry,0,1.0,,,,,,,,,,,,,,,,,,,,
data/fer2013/PublicTest/fear/fear_PublicTest_30086.png,happy,3,0.556,,,,,,,,,,,,,,,,,,,,
data/fer2013/PublicTest/surprise/surprise_PublicTest_30087.png,surprise,5,1.0,,,,,,,,,,,,,,,,,,,,
data/fer2013/PublicTest/sad/sad_PublicTest_30088.png,neutral,6,1.0,,,,,,,,,,,,,,,,,,,,
data/fer2013/PublicTest/happy/happy_PublicTest_30089.png,happy,3,1.0,,,,,,,,,,,,,,,,,,,,
data/fer2013/PublicTest/sad/sad_PublicTest_30090.png,sad,4,1.0,,,,,,,,,,,,,,,,,,,,
data/fer2013/PublicTest/happy/happy_PublicTest_30091.png,happy,3,1.0,,,,,,,,,,,,,,,,,,,,
data/fer2013/PublicTest/angry/angry_PublicTest_30092.png,angry,0,1.0,,,,,,,,,,,,,,,,,,,,
data/fer2013/PublicTest/angry/angry_PublicTest_30093.png,angry,0,0.778,,,,,,,,,,,,,,,,,,,,
data/fer2013/PublicTest/sad/sad_PublicTest_30094.png,sad,4,0.8,,,,,,,,,,,,,,,,,,,,
data/fer2013/PublicTest/happy/happy_PublicTest_30095.png,happy,3,1.0,,,,,,,,,,,,,,,,,,,,
data/fer2013/PublicTest/neutral/neutral_PublicTest_30096.png,neutral,6,0.6,,,,,,,,,,,,,,,,,,,,
data/fer2013/PublicTest/happy/happy_PublicTest_30097.png,happy,3,1.0,,,,,,,,,,,,,,,,,,,,
data/fer2013/PublicTest/happy/happy_PublicTest_30098.png,happy,3,1.0,,,,,,,,,,,,,,,,,,,,
data/fer2013/PublicTest/happy/happy_PublicTest_30099.png,happy,3,1.0,,,,,,,,,,,,,,,,,,,,
data/fer2013/PublicTest/neutral/neutral_PublicTest_30100.png,neutral,6,1.0,,,,,,,,,,,,,,,,,,,,
data/fer2013/PublicTest/happy/happy_PublicTest_30101.png,happy,3,1.0,,,,,,,,,,,,,,,,,,,,
data/fer2013/PublicTest/happy/happy_PublicTest_30102.png,happy,3,1.0,,,,,,,,,,,,,,,,,,,,
data/fer2013/PublicTest/neutral/neutral_PublicTest_30103.png,neutral,6,1.0,,,,,,,,,,,,,,,,,,,,
data/fer2013/PublicTest/sad/sad_PublicTest_30104.png,neutral,6,0.8,,,,,,,,,,,,,,,,,,,,
data/fer2013/PublicTest/happy/happy_PublicTest_30105.png,neutral,6,0.667,,,,,,,,,,,,,,,,,,,,
data/fer2013/PublicTest/happy/happy_PublicTest_30106.png,happy,3,1.0,,,,,,,,,,,,,,,,,,,,
data/fer2013/PublicTest/happy/happy_PublicTest_30107.png,happy,3,0.8,,,,,,,,,,,,,,,,,,,,
data/fer2013/PublicTest/surprise/surprise_PublicTest_30108.png,surprise,5,1.0,,,,,,,,,,,,,,,,,,,,
data/fer2013/PublicTest/neutral/neutral_PublicTest_30109.png,neutral,6,0.7,,,,,,,,,,,,,,,,,,,,
data/fer2013/PublicTest/neutral/neutral_PublicTest_30110.png,neutral,6,1.0,,,,,,,,,,,,,,,,,,,,
data/fer2013/PublicTest/happy/happy_PublicTest_30111.png,happy,3,1.0,,,,,,,,,,,,,,,,,,,,
data/fer2013/PublicTest/surprise/surprise_PublicTest_30112.png,surprise,5,0.8,,,,,,,,,,,,,,,,,,,,
data/fer2013/PublicTest/disgust/disgust_PublicTest_30113.png,happy,3,0.778,,,,,,,,,,,,,,,,,,,,
data/fer2013/PublicTest/happy/happy_PublicTest_30114.png,happy,3,1.0,,,,,,,,,,,,,,,,,,,,
data/fer2013/PublicTest/fear/fear_PublicTest_30115.png,sad,4,0.778,,,,,,,,,,,,,,,,,,,,
data/fer2013/PublicTest/happy/happy_PublicTest_30116.png,happy,3,1.0,,,,,,,,,,,,,,,,,,,,
data/fer2013/PublicTest/neutral/neutral_PublicTest_30117.png,neutral,6,1.0,,,,,,,,,,,,,,,,,,,,
data/fer2013/PublicTest/sad/sad_PublicTest_30118.png,neutral,6,0.556,,,,,,,,,,,,,,,,,,,,
data/fer2013/PublicTest/happy/happy_PublicTest_30119.png,happy,3,1.0,,,,,,,,,,,,,,,,,,,,
data/fer2013/PublicTest/angry/angry_PublicTest_30120.png,angry,0,0.667,,,,,,,,,,,,,,,,,,,,
data/fer2013/PublicTest/neutral/neutral_PublicTest_30121.png,neutral,6,1.0,,,,,,,,,,,,,,,,,,,,
data/fer2013/PublicTest/neutral/neutral_PublicTest_30122.png,neutral,6,1.0,,,,,,,,,,,,,,,,,,,,
data/fer2013/PublicTest/sad/sad_PublicTest_30123.png,neutral,6,1.0,,,,,,,,,,,,,,,,,,,,
data/fer2013/PublicTest/fear/fear_PublicTest_30124.png,neutral,6,0.667,,,,,,,,,,,,,,,,,,,,
data/fer2013/PublicTest/neutral/neutral_PublicTest_30125.png,neutral,6,0.6,,,,,,,,,,,,,,,,,,,,
data/fer2013/PublicTest/fear/fear_PublicTest_30126.png,fear,2,0.778,,,,,,,,,,,,,,,,,,,,
data/fer2013/PublicTest/happy/happy_PublicTest_30127.png,happy,3,1.0,,,,,,,,,,,,,,,,,,,,
data/fer2013/PublicTest/angry/angry_PublicTest_30128.png,neutral,6,1.0,,,,,,,,,,,,,,,,,,,,
data/fer2013/PublicTest/fear/fear_PublicTest_30129.png,sad,4,1.0,,,,,,,,,,,,,,,,,,,,
data/fer2013/PublicTest/sad/sad_PublicTest_30130.png,neutral,6,0.7,,,,,,,,,,,,,,,,,,,,
data/fer2013/PublicTest/happy/happy_PublicTest_30131.png,happy,3,1.0,,,,,,,,,,,,,,,,,,,,
data/fer2013/PublicTest/angry/angry_PublicTest_30132.png,neutral,6,1.0,,,,,,,,,,,,,,,,,,,,
data/fer2013/PublicTest/sad/sad_PublicTest_30133.png,surprise,5,1.0,,,,,,,,,,,,,,,,,,,,
data/fer2013/PublicTest/sad/sad_PublicTest_30134.png,neutral,6,1.0,,,,,,,,,,,,,,,,,,,,
data/fer2013/PublicTest/happy/happy_PublicTest_30135.png,happy,3,1.0,,,,,,,,,,,,,,,,,,,,
data/fer2013/PublicTest/surprise/surprise_PublicTest_30136.png,neutral,6,0.778,,,,,,,,,,,,,,,,,,,,
data/fer2013/PublicTest/sad/sad_PublicTest_30137.png,neutral,6,1.0,,,,,,,,,,,,,,,,,,,,
data/fer2013/PublicTest/sad/sad_PublicTest_30138.png,sad,4,1.0,,,,,,,,,,,,,,,,,,,,
data/fer2013/PublicTest/fear/fear_PublicTest_30140.png,neutral,6,1.0,,,,,,,,,,,,,,,,,,,,
data/fer2013/PublicTest/disgust/disgust_PublicTest_30141.png,neutral,6,0.714,,,,,,,,,,,,,,,,,,,,
data/fer2013/PublicTest/surprise/surprise_PublicTest_30142.png,surprise,5,1.0,,,,,,,,,,,,,,,,,,,,
data/fer2013/PublicTest/happy/happy_PublicTest_30143.png,happy,3,0.778,,,,,,,,,,,,,,,,,,,,
data/fer2013/PublicTest/sad/sad_PublicTest_30144.png,neutral,6,0.8,,,,,,,,,,,,,,,,,,,,
data/fer2013/PublicTest/fear/fear_PublicTest_30145.png,angry,0,0.571,,,,,,,,,,,,,,,,,,,,
data/fer2013/PublicTest/neutral/neutral_PublicTest_30146.png,sad,4,0.625,,,,,,,,,,,,,,,,,,,,
data/fer2013/PublicTest/happy/happy_PublicTest_30147.png,happy,3,1.0,,,,,,,,,,,,,,,,,,,,
data/fer2013/PublicTest/neutral/neutral_PublicTest_30148.png,neutral,6,0.6,,,,,,,,,,,,,,,,,,,,
data/fer2013/PublicTest/neutral/neutral_PublicTest_30149.png,surprise,5,0.75,,,,,,,,,,,,,,,,,,,,
data/fer2013/PublicTest/sad/sad_PublicTest_30150.png,neutral,6,0.8,,,,,,,,,,,,,,,,,,,,
data/fer2013/PublicTest/fear/fear_PublicTest_30151.png,neutral,6,0.6,,,,,,,,,,,,,,,,,,,,
data/fer2013/PublicTest/surprise/surprise_PublicTest_30152.png,surprise,5,1.0,,,,,,,,,,,,,,,,,,,,
data/fer2013/PublicTest/angry/angry_PublicTest_30153.png,angry,0,1.0,,,,,,,,,,,,,,,,,,,,
data/fer2013/PublicTest/sad/sad_PublicTest_30154.png,neutral,6,1.0,,,,,,,,,,,,,,,,,,,,
data/fer2013/PublicTest/happy/happy_PublicTest_30155.png,happy,3,1.0,,,,,,,,,,,,,,,,,,,,
data/fer2013/PublicTest/fear/fear_PublicTest_30156.png,angry,0,1.0,,,,,,,,,,,,,,,,,,,,
data/fer2013/PublicTest/neutral/neutral_PublicTest_30157.png,neutral,6,0.75,,,,,,,,,,,,,,,,,,,,
data/fer2013/PublicTest/happy/happy_PublicTest_30158.png,happy,3,0.556,,,,,,,,,,,,,,,,,,,,
data/fer2013/PublicTest/neutral/neutral_PublicTest_30159.png,neutral,6,1.0,,,,,,,,,,,,,,,,,,,,
data/fer2013/PublicTest/neutral/neutral_PublicTest_30160.png,neutral,6,1.0,,,,,,,,,,,,,,,,,,,,
data/fer2013/PublicTest/neutral/neutral_PublicTest_30161.png,neutral,6,1.0,,,,,,,,,,,,,,,,,,,,
data/fer2013/PublicTest/sad/sad_PublicTest_30162.png,neutral,6,1.0,,,,,,,,,,,,,,,,,,,,
data/fer2013/PublicTest/happy/happy_PublicTest_30163.png,happy,3,1.0,,,,,,,,,,,,,,,,,,,,
data/fer2013/PublicTest/happy/happy_PublicTest_30164.png,happy,3,1.0,,,,,,,,,,,,,,,,,,,,
data/fer2013/PublicTest/happy/happy_PublicTest_30166.png,happy,3,1.0,,,,,,,,,,,,,,,,,,,,
data/fer2013/PublicTest/happy/happy_PublicTest_30168.png,happy,3,1.0,,,,,,,,,,,,,,,,,,,,
data/fer2013/PublicTest/neutral/neutral_PublicTest_30169.png,neutral,6,1.0,,,,,,,,,,,,,,,,,,,,
data/fer2013/PublicTest/sad/sad_PublicTest_30170.png,surprise,5,0.8,,,,,,,,,,,,,,,,,,,,
data/fer2013/PublicTest/angry/angry_PublicTest_30171.png,angry,0,1.0,,,,,,,,,,,,,,,,,,,,
data/fer2013/PublicTest/happy/happy_PublicTest_30172.png,happy,3,0.8,,,,,,,,,,,,,,,,,,,,
data/fer2013/PublicTest/surprise/surprise_PublicTest_30173.png,surprise,5,1.0,,,,,,,,,,,,,,,,,,,,
data/fer2013/PublicTest/happy/happy_PublicTest_30175.png,happy,3,1.0,,,,,,,,,,,,,,,,,,,,
data/fer2013/PublicTest/happy/happy_PublicTest_30176.png,happy,3,1.0,,,,,,,,,,,,,,,,,,,,
data/fer2013/PublicTest/surprise/surprise_PublicTest_30177.png,surprise,5,0.6,,,,,,,,,,,,,,,,,,,,
data/fer2013/PublicTest/happy/happy_PublicTest_30178.png,happy,3,1.0,,,,,,,,,,,,,,,,,,,,
data/fer2013/PublicTest/happy/happy_PublicTest_30180.png,happy,3,0.667,,,,,,,,,,,,,,,,,,,,
data/fer2013/PublicTest/sad/sad_PublicTest_30181.png,sad,4,1.0,,,,,,,,,,,,,,,,,,,,
data/fer2013/PublicTest/happy/happy_PublicTest_30182.png,happy,3,1.0,,,,,,,,,,,,,,,,,,,,
data/fer2013/PublicTest/sad/sad_PublicTest_30183.png,neutral,6,1.0,,,,,,,,,,,,,,,,,,,,
data/fer2013/PublicTest/surprise/surprise_PublicTest_30184.png,surprise,5,1.0,,,,,,,,,,,,,,,,,,,,
data/fer2013/PublicTest/happy/happy_PublicTest_30185.png,happy,3,1.0,,,,,,,,,,,,,,,,,,,,
data/fer2013/PublicTest/happy/happy_PublicTest_30186.png,happy,3,0.6,,,,,,,,,,,,,,,,,,,,
data/fer2013/PublicTest/happy/happy_PublicTest_30187.png,happy,3,1.0,,,,,,,,,,,,,,,,,,,,
data/fer2013/PublicTest/happy/happy_PublicTest_30188.png,happy,3,1.0,,,,,,,,,,,,,,,,,,,,
data/fer2013/PublicTest/neutral/neutral_PublicTest_30189.png,neutral,6,1.0,,,,,,,,,,,,,,,,,,,,
data/fer2013/PublicTest/surprise/surprise_PublicTest_30190.png,surprise,5,1.0,,,,,,,,,,,,,,,,,,,,
data/fer2013/PublicTest/surprise/surprise_PublicTest_30192.png,surprise,5,0.778,,,,,,,,,,,,,,,,,,,,
data/fer2013/PublicTest/happy/happy_PublicTest_30193.png,happy,3,1.0,,,,,,,,,,,,,,,,,,,,
data/fer2013/PublicTest/neutral/neutral_PublicTest_30195.png,neutral,6,1.0,,,,,,,,,,,,,,,,,,,,
data/fer2013/PublicTest/neutral/neutral_PublicTest_30197.png,neutral,6,0.571,,,,,,,,,,,,,,,,,,,,
data/fer2013/PublicTest/neutral/neutral_PublicTest_30198.png,neutral,6,0.778,,,,,,,,,,,,,,,,,,,,
data/fer2013/PublicTest/neutral/neutral_PublicTest_30199.png,neutral,6,0.778,,,,,,,,,,,,,,,,,,,,
data/fer2013/PublicTest/happy/happy_PublicTest_30201.png,happy,3,1.0,,,,,,,,,,,,,,,,,,,,
data/fer2013/PublicTest/surprise/surprise_PublicTest_30202.png,happy,3,1.0,,,,,,,,,,,,,,,,,,,,
data/fer2013/PublicTest/neutral/neutral_PublicTest_30203.png,neutral,6,1.0,,,,,,,,,,,,,,,,,,,,
data/fer2013/PublicTest/surprise/surprise_PublicTest_30204.png,happy,3,0.8,,,,,,,,,,,,,,,,,,,,
data/fer2013/PublicTest/fear/fear_PublicTest_30205.png,angry,0,1.0,,,,,,,,,,,,,,,,,,,,
data/fer2013/PublicTest/fear/fear_PublicTest_30206.png,neutral,6,0.6,,,,,,,,,,,,,,,,,,,,
data/fer2013/PublicTest/fear/fear_PublicTest_30207.png,sad,4,0.8,,,,,,,,,,,,,,,,,,,,
data/fer2013/PublicTest/sad/sad_PublicTest_30208.png,neutral,6,1.0,,,,,,,,,,,,,,,,,,,,
data/fer2013/PublicTest/neutral/neutral_PublicTest_30210.png,neutral,6,1.0,,,,,,,,,,,,,,,,,,,,
data/fer2013/PublicTest/sad/sad_PublicTest_30211.png,neutral,6,1.0,,,,,,,,,,,,,,,,,,,,
data/fer2013/PublicTest/angry/angry_PublicTest_30213.png,sad,4,0.571,,,,,,,,,,,,,,,,,,,,
data/fer2013/PublicTest/sad/sad_PublicTest_30214.png,neutral,6,0.556,,,,,,,,,,,,,,,,,,,,
data/fer2013/PublicTest/sad/sad_PublicTest_30215.png,sad,4,0.75,,,,,,,,,,,,,,,,,,,,
data/fer2013/PublicTest/happy/happy_PublicTest_30216.png,happy,3,1.0,,,,,,,,,,,,,,,,,,,,
data/fer2013/PublicTest/happy/happy_PublicTest_30217.png,happy,3,1.0,,,,,,,,,,,,,,,,,,,,
data/fer2013/PublicTest/neutral/neutral_PublicTest_30218.png,neutral,6,1.0,,,,,,,,,,,,,,,,,,,,
data/fer2013/PublicTest/sad/sad_PublicTest_30219.png,neutral,6,1.0,,,,,,,,,,,,,,,,,,,,
data/fer2013/PublicTest/neutral/neutral_PublicTest_30220.png,neutral,6,1.0,,,,,,,,,,,,,,,,,,,,
data/fer2013/PublicTest/happy/happy_PublicTest_30221.png,happy,3,1.0,,,,,,,,,,,,,,,,,,,,
data/fer2013/PublicTest/fear/fear_PublicTest_30222.png,fear,2,0.6,,,,,,,,,,,,,,,,,,,,
data/fer2013/PublicTest/surprise/surprise_PublicTest_30223.png,surprise,5,1.0,,,,,,,,,,,,,,,,,,,,
data/fer2013/PublicTest/sad/sad_PublicTest_30224.png,neutral,6,1.0,,,,,,,,,,,,,,,,,,,,
data/fer2013/PublicTest/surprise/surprise_PublicTest_30225.png,surprise,5,1.0,,,,,,,,,,,,,,,,,,,,
data/fer2013/PublicTest/sad/sad_PublicTest_30226.png,neutral,6,0.778,,,,,,,,,,,,,,,,,,,,
data/fer2013/PublicTest/angry/angry_PublicTest_30227.png,angry,0,0.75,,,,,,,,,,,,,,,,,,,,
data/fer2013/PublicTest/happy/happy_PublicTest_30228.png,happy,3,1.0,,,,,,,,,,,,,,,,,,,,
data/fer2013/PublicTest/neutral/neutral_PublicTest_30229.png,neutral,6,1.0,,,,,,,,,,,,,,,,,,,,
data/fer2013/PublicTest/angry/angry_PublicTest_30230.png,angry,0,0.778,,,,,,,,,,,,,,,,,,,,
data/fer2013/PublicTest/sad/sad_PublicTest_30231.png,sad,4,0.778,,,,,,,,,,,,,,,,,,,,
data/fer2013/PublicTest/fear/fear_PublicTest_30232.png,surprise,5,0.625,,,,,,,,,,,,,,,,,,,,
data/fer2013/PublicTest/sad/sad_PublicTest_30233.png,neutral,6,0.667,,,,,,,,,,,,,,,,,,,,
data/fer2013/PublicTest/neutral/neutral_PublicTest_30234.png,neutral,6,1.0,,,,,,,,,,,,,,,,,,,,
data/fer2013/PublicTest/angry/angry_PublicTest_30235.png,angry,0,1.0,,,,,,,,,,,,,,,,,,,,
data/fer2013/PublicTest/happy/happy_PublicTest_30236.png,happy,3,0.8,,,,,,,,,,,,,,,,,,,,
data/fer2013/PublicTest/fear/fear_PublicTest_30237.png,fear,2,1.0,,,,,,,,,,,,,,,,,,,,
data/fer2013/PublicTest/fear/fear_PublicTest_30239.png,surprise,5,0.75,,,,,,,,,,,,,,,,,,,,
data/fer2013/PublicTest/happy/happy_PublicTest_30241.png,happy,3,1.0,,,,,,,,,,,,,,,,,,,,
data/fer2013/PublicTest/fear/fear_PublicTest_30242.png,angry,0,0.6,,,,,,,,,,,,,,,,,,,,
data/fer2013/PublicTest/surprise/surprise_PublicTest_30243.png,surprise,5,1.0,,,,,,,,,,,,,,,,,,,,
data/fer2013/PublicTest/fear/fear_PublicTest_30244.png,fear,2,0.8,,,,,,,,,,,,,,,,,,,,
data/fer2013/PublicTest/happy/happy_PublicTest_30245.png,happy,3,1.0,,,,,,,,,,,,,,,,,,,,
data/fer2013/PublicTest/angry/angry_PublicTest_30246.png,neutral,6,1.0,,,,,,,,,,,,,,,,,,,,
data/fer2013/PublicTest/fear/fear_PublicTest_30247.png,neutral,6,1.0,,,,,,,,,,,,,,,,,,,,
data/fer2013/PublicTest/happy/happy_PublicTest_30248.png,happy,3,1.0,,,,,,,,,,,,,,,,,,,,
data/fer2013/PublicTest/happy/happy_PublicTest_30249.png,happy,3,1.0,,,,,,,,,,,,,,,,,,,,
data/fer2013/PublicTest/fear/fear_PublicTest_30250.png,sad,4,0.7,,,,,,,,,,,,,,,,,,,,
data/fer2013/PublicTest/sad/sad_PublicTest_30251.png,neutral,6,0.75,,,,,,,,,,,,,,,,,,,,
data/fer2013/PublicTest/disgust/disgust_PublicTest_30252.png,disgust,1,0.667,,,,,,,,,,,,,,,,,,,,
data/fer2013/PublicTest/fear/fear_PublicTest_30253.png,neutral,6,0.75,,,,,,,,,,,,,,,,,,,,
data/fer2013/PublicTest/sad/sad_PublicTest_30254.png,neutral,6,0.8,,,,,,,,,,,,,,,,,,,,
data/fer2013/PublicTest/neutral/neutral_PublicTest_30255.png,neutral,6,1.0,,,,,,,,,,,,,,,,,,,,
data/fer2013/PublicTest/happy/happy_PublicTest_30256.png,happy,3,1.0,,,,,,,,,,,,,,,,,,,,
data/fer2013/PublicTest/neutral/neutral_PublicTest_30257.png,sad,4,0.571,,,,,,,,,,,,,,,,,,,,
data/fer2013/PublicTest/neutral/neutral_PublicTest_30258.png,neutral,6,0.8,,,,,,,,,,,,,,,,,,,,
data/fer2013/PublicTest/angry/angry_PublicTest_30260.png,neutral,6,0.667,,,,,,,,,,,,,,,,,,,,
data/fer2013/PublicTest/happy/happy_PublicTest_30261.png,happy,3,1.0,,,,,,,,,,,,,,,,,,,,
data/fer2013/PublicTest/happy/happy_PublicTest_30263.png,happy,3,1.0,,,,,,,,,,,,,,,,,,,,
data/fer2013/PublicTest/happy/happy_PublicTest_30264.png,happy,3,1.0,,,,,,,,,,,,,,,,,,,,
data/fer2013/PublicTest/happy/happy_PublicTest_30265.png,happy,3,1.0,,,,,,,,,,,,,,,,,,,,
data/fer2013/PublicTest/neutral/neutral_PublicTest_30266.png,neutral,6,1.0,,,,,,,,,,,,,,,,,,,,
data/fer2013/PublicTest/happy/happy_PublicTest_30267.png,happy,3,1.0,,,,,,,,,,,,,,,,,,,,
data/fer2013/PublicTest/angry/angry_PublicTest_30268.png,angry,0,0.8,,,,,,,,,,,,,,,,,,,,
data/fer2013/PublicTest/sad/sad_PublicTest_30270.png,sad,4,1.0,,,,,,,,,,,,,,,,,,,,
data/fer2013/PublicTest/neutral/neutral_PublicTest_30271.png,neutral,6,1.0,,,,,,,,,,,,,,,,,,,,
data/fer2013/PublicTest/sad/sad_PublicTest_30272.png,sad,4,1.0,,,,,,,,,,,,,,,,,,,,
data/fer2013/PublicTest/angry/angry_PublicTest_30273.png,sad,4,0.778,,,,,,,,,,,,,,,,,,,,
data/fer2013/PublicTest/sad/sad_PublicTest_30274.png,neutral,6,1.0,,,,,,,,,,,,,,,,,,,,
data/fer2013/PublicTest/neutral/neutral_PublicTest_30275.png,neutral,6,1.0,,,,,,,,,,,,,,,,,,,,
data/fer2013/PublicTest/happy/happy_PublicTest_30276.png,neutral,6,0.778,,,,,,,,,,,,,,,,,,,,
data/fer2013/PublicTest/sad/sad_PublicTest_30277.png,neutral,6,0.8,,,,,,,,,,,,,,,,,,,,
data/fer2013/PublicTest/neutral/neutral_PublicTest_30278.png,neutral,6,1.0,,,,,,,,,,,,,,,,,,,,
data/fer2013/PublicTest/fear/fear_PublicTest_30279.png,neutral,6,0.778,,,,,,,,,,,,,,,,,,,,
data/fer2013/PublicTest/happy/happy_PublicTest_30280.png,happy,3,1.0,,,,,,,,,,,,,,,,,,,,
data/fer2013/PublicTest/neutral/neutral_PublicTest_30281.png,neutral,6,1.0,,,,,,,,,,,,,,,,,,,,
data/fer2013/PublicTest/surprise/surprise_PublicTest_30282.png,surprise,5,1.0,,,,,,,,,,,,,,,,,,,,
data/fer2013/PublicTest/neutral/neutral_PublicTest_30283.png,neutral,6,1.0,,,,,,,,,,,,,,,,,,,,
data/fer2013/PublicTest/happy/happy_PublicTest_30284.png,happy,3,1.0,,,,,,,,,,,,,,,,,,,,
data/fer2013/PublicTest/angry/angry_PublicTest_30285.png,angry,0,0.8,,,,,,,,,,,,,,,,,,,,
data/fer2013/PublicTest/happy/happy_PublicTest_30286.png,happy,3,1.0,,,,,,,,,,,,,,,,,,,,
data/fer2013/PublicTest/neutral/neutral_PublicTest_30287.png,neutral,6,1.0,,,,,,,,,,,,,,,,,,,,
data/fer2013/PublicTest/happy/happy_PublicTest_30288.png,happy,3,1.0,,,,,,,,,,,,,,,,,,,,
data/fer2013/PublicTest/sad/sad_PublicTest_30289.png,sad,4,1.0,,,,,,,,,,,,,,,,,,,,
data/fer2013/PublicTest/angry/angry_PublicTest_30290.png,neutral,6,0.7,,,,,,,,,,,,,,,,,,,,
data/fer2013/PublicTest/happy/happy_PublicTest_30291.png,neutral,6,0.8,,,,,,,,,,,,,,,,,,,,
data/fer2013/PublicTest/sad/sad_PublicTest_30292.png,sad,4,0.6,,,,,,,,,,,,,,,,,,,,
data/fer2013/PublicTest/neutral/neutral_PublicTest_30294.png,neutral,6,1.0,,,,,,,,,,,,,,,,,,,,
data/fer2013/PublicTest/neutral/neutral_PublicTest_30295.png,neutral,6,1.0,,,,,,,,,,,,,,,,,,,,
data/fer2013/PublicTest/fear/fear_PublicTest_30296.png,angry,0,1.0,,,,,,,,,,,,,,,,,,,,
data/fer2013/PublicTest/happy/happy_PublicTest_30297.png,neutral,6,0.556,,,,,,,,,,,,,,,,,,,,
data/fer2013/PublicTest/sad/sad_PublicTest_30298.png,neutral,6,0.6,,,,,,,,,,,,,,,,,,,,
data/fer2013/PublicTest/happy/happy_PublicTest_30299.png,happy,3,0.7,,,,,,,,,,,,,,,,,,,,
data/fer2013/PublicTest/surprise/surprise_PublicTest_30300.png,surprise,5,0.8,,,,,,,,,,,,,,,,,,,,
data/fer2013/PublicTest/neutral/neutral_PublicTest_30301.png,neutral,6,0.778,,,,,,,,,,,,,,,,,,,,
data/fer2013/PublicTest/surprise/surprise_PublicTest_30303.png,surprise,5,1.0,,,,,,,,,,,,,,,,,,,,
data/fer2013/PublicTest/neutral/neutral_PublicTest_30304.png,neutral,6,0.667,,,,,,,,,,,,,,,,,,,,
data/fer2013/PublicTest/angry/angry_PublicTest_30305.png,angry,0,1.0,,,,,,,,,,,,,,,,,,,,
data/fer2013/PublicTest/fear/fear_PublicTest_30306.png,neutral,6,1.0,,,,,,,,,,,,,,,,,,,,
data/fer2013/PublicTest/happy/happy_PublicTest_30307.png,happy,3,1.0,,,,,,,,,,,,,,,,,,,,
data/fer2013/PublicTest/sad/sad_PublicTest_30308.png,neutral,6,0.556,,,,,,,,,,,,,,,,,,,,
data/fer2013/PublicTest/sad/sad_PublicTest_30310.png,sad,4,0.556,,,,,,,,,,,,,,,,,,,,
data/fer2013/PublicTest/neutral/neutral_PublicTest_30311.png,neutral,6,1.0,,,,,,,,,,,,,,,,,,,,
data/fer2013/PublicTest/surprise/surprise_PublicTest_30312.png,surprise,5,1.0,,,,,,,,,,,,,,,,,,,,
data/fer2013/PublicTest/neutral/neutral_PublicTest_30313.png,neutral,6,0.556,,,,,,,,,,,,,,,,,,,,
data/fer2013/PublicTest/sad/sad_PublicTest_30314.png,fear,2,0.556,,,,,,,,,,,,,,,,,,,,
data/fer2013/PublicTest/fear/fear_PublicTest_30315.png,neutral,6,1.0,,,,,,,,,,,,,,,,,,,,
data/fer2013/PublicTest/fear/fear_PublicTest_30316.png,fear,2,0.625,,,,,,,,,,,,,,,,,,,,
data/fer2013/PublicTest/angry/angry_PublicTest_30317.png,angry,0,1.0,,,,,,,,,,,,,,,,,,,,
data/fer2013/PublicTest/fear/fear_PublicTest_30318.png,fear,2,0.7,,,,,,,,,,,,,,,,,,,,
data/fer2013/PublicTest/neutral/neutral_PublicTest_30319.png,neutral,6,0.8,,,,,,,,,,,,,,,,,,,,
data/fer2013/PublicTest/angry/angry_PublicTest_30320.png,neutral,6,1.0,,,,,,,,,,,,,,,,,,,,
data/fer2013/PublicTest/fear/fear_PublicTest_30321.png,fear,2,0.571,,,,,,,,,,,,,,,,,,,,
data/fer2013/PublicTest/sad/sad_PublicTest_30323.png,contempt,7,0.778,,,,,,,,,,,,,,,,,,,,
data/fer2013/PublicTest/fear/fear_PublicTest_30324.png,happy,3,1.0,,,,,,,,,,,,,,,,,,,,
data/fer2013/PublicTest/angry/angry_PublicTest_30325.png,surprise,5,0.556,,,,,,,,,,,,,,,,,,,,
data/fer2013/PublicTest/sad/sad_PublicTest_30326.png,neutral,6,1.0,,,,,,,,,,,,,,,,,,,,
data/fer2013/PublicTest/angry/angry_PublicTest_30327.png,angry,0,0.556,,,,,,,,,,,,,,,,,,,,
data/fer2013/PublicTest/happy/happy_PublicTest_30328.png,happy,3,1.0,,,,,,,,,,,,,,,,,,,,
data/fer2013/PublicTest/happy/happy_PublicTest_30329.png,happy,3,1.0,,,,,,,,,,,,,,,,,,,,
data/fer2013/PublicTest/happy/happy_PublicTest_30330.png,happy,3,1.0,,,,,,,,,,,,,,,,,,,,
data/fer2013/PublicTest/sad/sad_PublicTest_30331.png,neutral,6,1.0,,,,,,,,,,,,,,,,,,,,
data/fer2013/PublicTest/happy/happy_PublicTest_30332.png,happy,3,1.0,,,,,,,,,,,,,,,,,,,,
data/fer2013/PublicTest/happy/happy_PublicTest_30334.png,happy,3,1.0,,,,,,,,,,,,,,,,,,,,
data/fer2013/PublicTest/fear/fear_PublicTest_30335.png,neutral,6,0.8,,,,,,,,,,,,,,,,,,,,
data/fer2013/PublicTest/surprise/surprise_PublicTest_30336.png,surprise,5,0.778,,,,,,,,,,,,,,,,,,,,
data/fer2013/PublicTest/happy/happy_PublicTest_30337.png,happy,3,1.0,,,,,,,,,,,,,,,,,,,,
data/fer2013/PublicTest/happy/happy_PublicTest_30338.png,happy,3,1.0,,,,,,,,,,,,,,,,,,,,
data/fer2013/PublicTest/neutral/neutral_PublicTest_30339.png,neutral,6,1.0,,,,,,,,,,,,,,,,,,,,
data/fer2013/PublicTest/happy/happy_PublicTest_30341.png,happy,3,1.0,,,,,,,,,,,,,,,,,,,,
data/fer2013/PublicTest/happy/happy_PublicTest_30342.png,happy,3,1.0,,,,,,,,,,,,,,,,,,,,
data/fer2013/PublicTest/happy/happy_PublicTest_30343.png,happy,3,1.0,,,,,,,,,,,,,,,,,,,,
data/fer2013/PublicTest/neutral/neutral_PublicTest_30345.png,neutral,6,0.6,,,,,,,,,,,,,,,,,,,,
data/fer2013/PublicTest/neutral/neutral_PublicTest_30346.png,neutral,6,1.0,,,,,,,,,,,,,,,,,,,,
data/fer2013/PublicTest/fear/fear_PublicTest_30349.png,sad,4,0.6,,,,,,,,,,,,,,,,,,,,
data/fer2013/PublicTest/happy/happy_PublicTest_30351.png,happy,3,1.0,,,,,,,,,,,,,,,,,,,,
data/fer2013/PublicTest/neutral/neutral_PublicTest_30352.png,neutral,6,0.778,,,,,,,,,,,,,,,,,,,,
data/fer2013/PublicTest/neutral/neutral_PublicTest_30353.png,neutral,6,0.714,,,,,,,,,,,,,,,,,,,,
data/fer2013/PublicTest/neutral/neutral_PublicTest_30354.png,neutral,6,1.0,,,,,,,,,,,,,,,,,,,,
data/fer2013/PublicTest/surprise/surprise_PublicTest_30355.png,surprise,5,0.8,,,,,,,,,,,,,,,,,,,,
data/fer2013/PublicTest/fear/fear_PublicTest_30356.png,neutral,6,1.0,,,,,,,,,,,,,,,,,,,,
data/fer2013/PublicTest/fear/fear_PublicTest_30357.png,neutral,6,1.0,,,,,,,,,,,,,,,,,,,,
data/fer2013/PublicTest/sad/sad_PublicTest_30358.png,sad,4,0.8,,,,,,,,,,,,,,,,,,,,
data/fer2013/PublicTest/happy/happy_PublicTest_30359.png,happy,3,1.0,,,,,,,,,,,,,,,,,,,,
data/fer2013/PublicTest/fear/fear_PublicTest_30360.png,surprise,5,1.0,,,,,,,,,,,,,,,,,,,,
data/fer2013/PublicTest/happy/happy_PublicTest_30361.png,happy,3,1.0,,,,,,,,,,,,,,,,,,,,
data/fer2013/PublicTest/neutral/neutral_PublicTest_30362.png,neutral,6,0.8,,,,,,,,,,,,,,,,,,,,
data/fer2013/PublicTest/sad/sad_PublicTest_30363.png,happy,3,1.0,,,,,,,,,,,,,,,,,,,,
data/fer2013/PublicTest/sad/sad_PublicTest_30364.png,neutral,6,0.8,,,,,,,,,,,,,,,,,,,,
data/fer2013/PublicTest/neutral/neutral_PublicTest_30366.png,neutral,6,1.0,,,,,,,,,,,,,,,,,,,,
data/fer2013/PublicTest/neutral/neutral_PublicTest_30367.png,neutral,6,1.0,,,,,,,,,,,,,,,,,,,,
data/fer2013/PublicTest/surprise/surprise_PublicTest_30368.png,surprise,5,1.0,,,,,,,,,,,,,,,,,,,,
data/fer2013/PublicTest/disgust/disgust_PublicTest_30369.png,angry,0,0.667,,,,,,,,,,,,,,,,,,,,
data/fer2013/PublicTest/neutral/neutral_PublicTest_30370.png,happy,3,1.0,,,,,,,,,,,,,,,,,,,,
data/fer2013/PublicTest/neutral/neutral_PublicTest_30371.png,neutral,6,1.0,,,,,,,,,,,,,,,,,,,,
data/fer2013/PublicTest/happy/happy_PublicTest_30372.png,happy,3,1.0,,,,,,,,,,,,,,,,,,,,
data/fer2013/PublicTest/neutral/neutral_PublicTest_30373.png,neutral,6,1.0,,,,,,,,,,,,,,,,,,,,
data/fer2013/PublicTest/neutral/neutral_PublicTest_30374.png,neutral,6,1.0,,,,,,,,,,,,,,,,,,,,
data/fer2013/PublicTest/neutral/neutral_PublicTest_30376.png,neutral,6,1.0,,,,,,,,,,,,,,,,,,,,
data/fer2013/PublicTest/sad/sad_PublicTest_30378.png,sad,4,1.0,,,,,,,,,,,,,,,,,,,,
data/fer2013/PublicTest/neutral/neutral_PublicTest_30379.png,neutral,6,1.0,,,,,,,,,,,,,,,,,,,,
data/fer2013/PublicTest/happy/happy_PublicTest_30380.png,happy,3,1.0,,,,,,,,,,,,,,,,,,,,
data/fer2013/PublicTest/fear/fear_PublicTest_30381.png,neutral,6,0.8,,,,,,,,,,,,,,,,,,,,
data/fer2013/PublicTest/angry/angry_PublicTest_30382.png,happy,3,0.75,,,,,,,,,,,,,,,,,,,,
data/fer2013/PublicTest/sad/sad_PublicTest_30383.png,sad,4,0.714,,,,,,,,,,,,,,,,,,,,
data/fer2013/PublicTest/angry/angry_PublicTest_30384.png,neutral,6,1.0,,,,,,,,,,,,,,,,,,,,
data/fer2013/PublicTest/neutral/neutral_PublicTest_30385.png,neutral,6,0.8,,,,,,,,,,,,,,,,,,,,
data/fer2013/PublicTest/neutral/neutral_PublicTest_30386.png,neutral,6,1.0,,,,,,,,,,,,,,,,,,,,
data/fer2013/PublicTest/surprise/surprise_PublicTest_30387.png,surprise,5,1.0,,,,,,,,,,,,,,,,,,,,
data/fer2013/PublicTest/surprise/surprise_PublicTest_30388.png,surprise,5,0.778,,,,,,,,,,,,,,,,,,,,
data/fer2013/PublicTest/sad/sad_PublicTest_30389.png,sad,4,0.778,,,,,,,,,,,,,,,,,,,,
data/fer2013/PublicTest/surprise/surprise_PublicTest_30390.png,surprise,5,1.0,,,,,,,,,,,,,,,,,,,,
data/fer2013/PublicTest/happy/happy_PublicTest_30391.png,neutral,6,1.0,,,,,,,,,,,,,,,,,,,,
data/fer2013/PublicTest/happy/happy_PublicTest_30392.png,happy,3,1.0,,,,,,,,,,,,,,,,,,,,
data/fer2013/PublicTest/surprise/surprise_PublicTest_30393.png,surprise,5,0.8,,,,,,,,,,,,,,,,,,,,
data/fer2013/PublicTest/angry/angry_PublicTest_30394.png,angry,0,0.8,,,,,,,,,,,,,,,,,,,,
data/fer2013/PublicTest/neutral/neutral_PublicTest_30395.png,neutral,6,1.0,,,,,,,,,,,,,,,,,,,,
data/fer2013/PublicTest/fear/fear_PublicTest_30396.png,neutral,6,1.0,,,,,,,,,,,,,,,,,,,,
data/fer2013/PublicTest/angry/angry_PublicTest_30398.png,neutral,6,0.8,,,,,,,,,,,,,,,,,,,,
data/fer2013/PublicTest/angry/angry_PublicTest_30399.png,angry,0,0.75,,,,,,,,,,,,,,,,,,,,
data/fer2013/PublicTest/happy/happy_PublicTest_30400.png,happy,3,0.8,,,,,,,,,,,,,,,,,,,,
data/fer2013/PublicTest/happy/happy_PublicTest_30401.png,happy,3,1.0,,,,,,,,,,,,,,,,,,,,
data/fer2013/PublicTest/sad/sad_PublicTest_30402.png,neutral,6,0.778,,,,,,,,,,,,,,,,,,,,
data/fer2013/PublicTest/happy/happy_PublicTest_30403.png,happy,3,1.0,,,,,,,,,,,,,,,,,,,,
data/fer2013/PublicTest/sad/sad_PublicTest_30404.png,sad,4,1.0,,,,,,,,,,,,,,,,,,,,
data/fer2013/PublicTest/happy/happy_PublicTest_30406.png,happy,3,1.0,,,,,,,,,,,,,,,,,,,,
data/fer2013/PublicTest/happy/happy_PublicTest_30407.png,happy,3,1.0,,,,,,,,,,,,,,,,,,,,
data/fer2013/PublicTest/neutral/neutral_PublicTest_30408.png,happy,3,0.778,,,,,,,,,,,,,,,,,,,,
data/fer2013/PublicTest/happy/happy_PublicTest_30409.png,neutral,6,1.0,,,,,,,,,,,,,,,,,,,,
data/fer2013/PublicTest/sad/sad_PublicTest_30411.png,sad,4,0.667,,,,,,,,,,,,,,,,,,,,
data/fer2013/PublicTest/surprise/surprise_PublicTest_30412.png,surprise,5,0.8,,,,,,,,,,,,,,,,,,,,
data/fer2013/PublicTest/angry/angry_PublicTest_30413.png,neutral,6,1.0,,,,,,,,,,,,,,,,,,,,
data/fer2013/PublicTest/happy/happy_PublicTest_30414.png,happy,3,1.0,,,,,,,,,,,,,,,,,,,,
data/fer2013/PublicTest/angry/angry_PublicTest_30415.png,neutral,6,1.0,,,,,,,,,,,,,,,,,,,,
data/fer2013/PublicTest/happy/happy_PublicTest_30416.png,happy,3,1.0,,,,,,,,,,,,,,,,,,,,
data/fer2013/PublicTest/happy/happy_PublicTest_30417.png,happy,3,1.0,,,,,,,,,,,,,,,,,,,,
data/fer2013/PublicTest/sad/sad_PublicTest_30418.png,neutral,6,0.778,,,,,,,,,,,,,,,,,,,,
data/fer2013/PublicTest/neutral/neutral_PublicTest_30419.png,neutral,6,0.556,,,,,,,,,,,,,,,,,,,,
data/fer2013/PublicTest/angry/angry_PublicTest_30420.png,angry,0,1.0,,,,,,,,,,,,,,,,,,,,
data/fer2013/PublicTest/sad/sad_PublicTest_30421.png,neutral,6,1.0,,,,,,,,,,,,,,,,,,,,
data/fer2013/PublicTest/neutral/neutral_PublicTest_30422.png,neutral,6,1.0,,,,,,,,,,,,,,,,,,,,
data/fer2013/PublicTest/surprise/surprise_PublicTest_30423.png,surprise,5,0.667,,,,,,,,,,,,,,,,,,,,
data/fer2013/PublicTest/happy/happy_PublicTest_30424.png,happy,3,1.0,,,,,,,,,,,,,,,,,,,,
data/fer2013/PublicTest/happy/happy_PublicTest_30425.png,happy,3,1.0,,,,,,,,,,,,,,,,,,,,
data/fer2013/PublicTest/neutral/neutral_PublicTest_30426.png,neutral,6,1.0,,,,,,,,,,,,,,,,,,,,
data/fer2013/PublicTest/surprise/surprise_PublicTest_30427.png,surprise,5,1.0,,,,,,,,,,,,,,,,,,,,
data/fer2013/PublicTest/neutral/neutral_PublicTest_30429.png,neutral,6,0.778,,,,,,,,,,,,,,,,,,,,
data/fer2013/PublicTest/angry/angry_PublicTest_30430.png,angry,0,1.0,,,,,,,,,,,,,,,,,,,,
data/fer2013/PublicTest/happy/happy_PublicTest_30431.png,happy,3,0.667,,,,,,,,,,,,,,,,,,,,
data/fer2013/PublicTest/sad/sad_PublicTest_30432.png,neutral,6,1.0,,,,,,,,,,,,,,,,,,,,
data/fer2013/PublicTest/sad/sad_PublicTest_30433.png,neutral,6,1.0,,,,,,,,,,,,,,,,,,,,
data/fer2013/PublicTest/sad/sad_PublicTest_30434.png,neutral,6,1.0,,,,,,,,,,,,,,,,,,,,
data/fer2013/PublicTest/sad/sad_PublicTest_30435.png,neutral,6,0.8,,,,,,,,,,,,,,,,,,,,
data/fer2013/PublicTest/happy/happy_PublicTest_30436.png,happy,3,1.0,,,,,,,,,,,,,,,,,,,,
data/fer2013/PublicTest/happy/happy_PublicTest_30437.png,happy,3,1.0,,,,,,,,,,,,,,,,,,,,
data/fer2013/PublicTest/sad/sad_PublicTest_30439.png,sad,4,1.0,,,,,,,,,,,,,,,,,,,,
data/fer2013/PublicTest/sad/sad_PublicTest_30440.png,neutral,6,0.6,,,,,,,,,,,,,,,,,,,,
data/fer2013/PublicTest/neutral/neutral_PublicTest_30441.png,neutral,6,0.778,,,,,,,,,,,,,,,,,,,,
data/fer2013/PublicTest/sad/sad_PublicTest_30442.png,neutral,6,0.667,,,,,,,,,,,,,,,,,,,,
data/fer2013/PublicTest/happy/happy_PublicTest_30443.png,happy,3,1.0,,,,,,,,,,,,,,,,,,,,
data/fer2013/PublicTest/sad/sad_PublicTest_30444.png,neutral,6,0.556,,,,,,,,,,,,,,,,,,,,
data/fer2013/PublicTest/angry/angry_PublicTest_30445.png,angry,0,1.0,,,,,,,,,,,,,,,,,,,,
data/fer2013/PublicTest/angry/angry_PublicTest_30446.png,angry,0,0.714,,,,,,,,,,,,,,,,,,,,
data/fer2013/PublicTest/angry/angry_PublicTest_30447.png,angry,0,1.0,,,,,,,,,,,,,,,,,,,,
data/fer2013/PublicTest/surprise/surprise_PublicTest_30448.png,surprise,5,1.0,,,,,,,,,,,,,,,,,,,,
data/fer2013/PublicTest/happy/happy_PublicTest_30449.png,happy,3,1.0,,,,,,,,,,,,,,,,,,,,
data/fer2013/PublicTest/surprise/surprise_PublicTest_30451.png,surprise,5,0.7,,,,,,,,,,,,,,,,,,,,
data/fer2013/PublicTest/happy/happy_PublicTest_30452.png,happy,3,1.0,,,,,,,,,,,,,,,,,,,,
data/fer2013/PublicTest/surprise/surprise_PublicTest_30453.png,surprise,5,1.0,,,,,,,,,,,,,,,,,,,,
data/fer2013/PublicTest/neutral/neutral_PublicTest_30454.png,neutral,6,1.0,,,,,,,,,,,,,,,,,,,,
data/fer2013/PublicTest/neutral/neutral_PublicTest_30457.png,neutral,6,1.0,,,,,,,,,,,,,,,,,,,,
data/fer2013/PublicTest/angry/angry_PublicTest_30458.png,disgust,1,0.556,,,,,,,,,,,,,,,,,,,,
data/fer2013/PublicTest/fear/fear_PublicTest_30459.png,surprise,5,0.667,,,,,,,,,,,,,,,,,,,,
data/fer2013/PublicTest/angry/angry_PublicTest_30460.png,angry,0,0.6,,,,,,,,,,,,,,,,,,,,
data/fer2013/PublicTest/surprise/surprise_PublicTest_30461.png,surprise,5,1.0,,,,,,,,,,,,,,,,,,,,
data/fer2013/PublicTest/sad/sad_PublicTest_30462.png,sad,4,1.0,,,,,,,,,,,,,,,,,,,,
data/fer2013/PublicTest/happy/happy_PublicTest_30463.png,happy,3,1.0,,,,,,,,,,,,,,,,,,,,
data/fer2013/PublicTest/fear/fear_PublicTest_30465.png,neutral,6,0.625,,,,,,,,,,,,,,,,,,,,
data/fer2013/PublicTest/fear/fear_PublicTest_30468.png,sad,4,1.0,,,,,,,,,,,,,,,,,,,,
data/fer2013/PublicTest/sad/sad_PublicTest_30469.png,sad,4,0.8,,,,,,,,,,,,,,,,,,,,
data/fer2013/PublicTest/angry/angry_PublicTest_30470.png,neutral,6,0.778,,,,,,,,,,,,,,,,,,,,
data/fer2013/PublicTest/happy/happy_PublicTest_30471.png,happy,3,0.6,,,,,,,,,,,,,,,,,,,,
data/fer2013/PublicTest/neutral/neutral_PublicTest_30472.png,neutral,6,1.0,,,,,,,,,,,,,,,,,,,,
data/fer2013/PublicTest/sad/sad_PublicTest_30473.png,sad,4,0.571,,,,,,,,,,,,,,,,,,,,
data/fer2013/PublicTest/neutral/neutral_PublicTest_30474.png,neutral,6,1.0,,,,,,,,,,,,,,,,,,,,
data/fer2013/PublicTest/fear/fear_PublicTest_30475.png,sad,4,0.667,,,,,,,,,,,,,,,,,,,,
data/fer2013/PublicTest/happy/happy_PublicTest_30476.png,happy,3,0.556,,,,,,,,,,,,,,,,,,,,
data/fer2013/PublicTest/happy/happy_PublicTest_30477.png,happy,3,1.0,,,,,,,,,,,,,,,,,,,,
data/fer2013/PublicTest/happy/happy_PublicTest_30478.png,happy,3,1.0,,,,,,,,,,,,,,,,,,,,
data/fer2013/PublicTest/angry/angry_PublicTest_30479.png,angry,0,0.6,,,,,,,,,,,,,,,,,,,,
data/fer2013/PublicTest/fear/fear_PublicTest_30480.png,sad,4,0.75,,,,,,,,,,,,,,,,,,,,
data/fer2013/PublicTest/neutral/neutral_PublicTest_30481.png,happy,3,1.0,,,,,,,,,,,,,,,,,,,,
data/fer2013/PublicTest/neutral/neutral_PublicTest_30483.png,happy,3,1.0,,,,,,,,,,,,,,,,,,,,
data/fer2013/PublicTest/angry/angry_PublicTest_30484.png,neutral,6,0.778,,,,,,,,,,,,,,,,,,,,
data/fer2013/PublicTest/neutral/neutral_PublicTest_30485.png,neutral,6,1.0,,,,,,,,,,,,,,,,,,,,
data/fer2013/PublicTest/angry/angry_PublicTest_30486.png,neutral,6,0.667,,,,,,,,,,,,,,,,,,,,
data/fer2013/PublicTest/sad/sad_PublicTest_30487.png,angry,0,1.0,,,,,,,,,,,,,,,,,,,,
data/fer2013/PublicTest/neutral/neutral_PublicTest_30488.png,neutral,6,0.6,,,,,,,,,,,,,,,,,,,,
data/fer2013/PublicTest/surprise/surprise_PublicTest_30489.png,surprise,5,0.7,,,,,,,,,,,,,,,,,,,,
data/fer2013/PublicTest/angry/angry_PublicTest_30490.png,neutral,6,1.0,,,,,,,,,,,,,,,,,,,,
data/fer2013/PublicTest/fear/fear_PublicTest_30491.png,fear,2,0.625,,,,,,,,,,,,,,,,,,,,
data/fer2013/PublicTest/fear/fear_PublicTest_30492.png,sad,4,0.6,,,,,,,,,,,,,,,,,,,,
data/fer2013/PublicTest/happy/happy_PublicTest_30494.png,happy,3,1.0,,,,,,,,,,,,,,,,,,,,
data/fer2013/PublicTest/surprise/surprise_PublicTest_30495.png,surprise,5,0.75,,,,,,,,,,,,,,,,,,,,
data/fer2013/PublicTest/happy/happy_PublicTest_30496.png,happy,3,1.0,,,,,,,,,,,,,,,,,,,,
data/fer2013/PublicTest/angry/angry_PublicTest_30497.png,angry,0,0.75,,,,,,,,,,,,,,,,,,,,
data/fer2013/PublicTest/happy/happy_PublicTest_30498.png,happy,3,1.0,,,,,,,,,,,,,,,,,,,,
data/fer2013/PublicTest/disgust/disgust_PublicTest_30499.png,angry,0,1.0,,,,,,,,,,,,,,,,,,,,
data/fer2013/PublicTest/happy/happy_PublicTest_30500.png,happy,3,1.0,,,,,,,,,,,,,,,,,,,,
data/fer2013/PublicTest/fear/fear_PublicTest_30501.png,neutral,6,0.7,,,,,,,,,,,,,,,,,,,,
data/fer2013/PublicTest/surprise/surprise_PublicTest_30502.png,surprise,5,0.8,,,,,,,,,,,,,,,,,,,,
data/fer2013/PublicTest/angry/angry_PublicTest_30503.png,neutral,6,1.0,,,,,,,,,,,,,,,,,,,,
data/fer2013/PublicTest/sad/sad_PublicTest_30504.png,sad,4,0.75,,,,,,,,,,,,,,,,,,,,
data/fer2013/PublicTest/sad/sad_PublicTest_30505.png,neutral,6,0.556,,,,,,,,,,,,,,,,,,,,
data/fer2013/PublicTest/angry/angry_PublicTest_30506.png,angry,0,1.0,,,,,,,,,,,,,,,,,,,,
data/fer2013/PublicTest/surprise/surprise_PublicTest_30507.png,surprise,5,1.0,,,,,,,,,,,,,,,,,,,,
data/fer2013/PublicTest/angry/angry_PublicTest_30508.png,angry,0,1.0,,,,,,,,,,,,,,,,,,,,
data/fer2013/PublicTest/angry/angry_PublicTest_30509.png,angry,0,1.0,,,,,,,,,,,,,,,,,,,,
data/fer2013/PublicTest/neutral/neutral_PublicTest_30510.png,neutral,6,0.778,,,,,,,,,,,,,,,,,,,,
data/fer2013/PublicTest/neutral/neutral_PublicTest_30512.png,happy,3,1.0,,,,,,,,,,,,,,,,,,,,
data/fer2013/PublicTest/angry/angry_PublicTest_30514.png,neutral,6,0.625,,,,,,,,,,,,,,,,,,,,
data/fer2013/PublicTest/neutral/neutral_PublicTest_30515.png,neutral,6,0.8,,,,,,,,,,,,,,,,,,,,
data/fer2013/PublicTest/happy/happy_PublicTest_30516.png,happy,3,1.0,,,,,,,,,,,,,,,,,,,,
data/fer2013/PublicTest/happy/happy_PublicTest_30517.png,happy,3,1.0,,,,,,,,,,,,,,,,,,,,
data/fer2013/PublicTest/surprise/surprise_PublicTest_30518.png,surprise,5,1.0,,,,,,,,,,,,,,,,,,,,
data/fer2013/PublicTest/sad/sad_PublicTest_30519.png,neutral,6,0.7,,,,,,,,,,,,,,,,,,,,
data/fer2013/PublicTest/surprise/surprise_PublicTest_30520.png,surprise,5,1.0,,,,,,,,,,,,,,,,,,,,
data/fer2013/PublicTest/happy/happy_PublicTest_30521.png,happy,3,1.0,,,,,,,,,,,,,,,,,,,,
data/fer2013/PublicTest/neutral/neutral_PublicTest_30522.png,neutral,6,1.0,,,,,,,,,,,,,,,,,,,,
data/fer2013/PublicTest/sad/sad_PublicTest_30523.png,sad,4,1.0,,,,,,,,,,,,,,,,,,,,
data/fer2013/PublicTest/fear/fear_PublicTest_30524.png,sad,4,0.556,,,,,,,,,,,,,,,,,,,,
data/fer2013/PublicTest/sad/sad_PublicTest_30525.png,neutral,6,1.0,,,,,,,,,,,,,,,,,,,,
data/fer2013/PublicTest/angry/angry_PublicTest_30526.png,angry,0,0.8,,,,,,,,,,,,,,,,,,,,
data/fer2013/PublicTest/neutral/neutral_PublicTest_30527.png,neutral,6,1.0,,,,,,,,,,,,,,,,,,,,
data/fer2013/PublicTest/neutral/neutral_PublicTest_30528.png,neutral,6,1.0,,,,,,,,,,,,,,,,,,,,
data/fer2013/PublicTest/sad/sad_PublicTest_30529.png,neutral,6,0.6,,,,,,,,,,,,,,,,,,,,
data/fer2013/PublicTest/neutral/neutral_PublicTest_30530.png,sad,4,0.6,,,,,,,,,,,,,,,,,,,,
data/fer2013/PublicTest/happy/happy_PublicTest_30531.png,happy,3,0.6,,,,,,,,,,,,,,,,,,,,
data/fer2013/PublicTest/fear/fear_PublicTest_30532.png,neutral,6,1.0,,,,,,,,,,,,,,,,,,,,
data/fer2013/PublicTest/happy/happy_PublicTest_30533.png,happy,3,1.0,,,,,,,,,,,,,,,,,,,,
data/fer2013/PublicTest/neutral/neutral_PublicTest_30534.png,neutral,6,1.0,,,,,,,,,,,,,,,,,,,,
data/fer2013/PublicTest/angry/angry_PublicTest_30535.png,angry,0,1.0,,,,,,,,,,,,,,,,,,,,
data/fer2013/PublicTest/happy/happy_PublicTest_30536.png,neutral,6,0.6,,,,,,,,,,,,,,,,,,,,
data/fer2013/PublicTest/surprise/surprise_PublicTest_30537.png,surprise,5,1.0,,,,,,,,,,,,,,,,,,,,
data/fer2013/PublicTest/fear/fear_PublicTest_30538.png,neutral,6,1.0,,,,,,,,,,,,,,,,,,,,
data/fer2013/PublicTest/neutral/neutral_PublicTest_30539.png,neutral,6,1.0,,,,,,,,,,,,,,,,,,,,
data/fer2013/PublicTest/sad/sad_PublicTest_30540.png,sad,4,0.7,,,,,,,,,,,,,,,,,,,,
data/fer2013/PublicTest/sad/sad_PublicTest_30541.png,neutral,6,1.0,,,,,,,,,,,,,,,,,,,,
data/fer2013/PublicTest/happy/happy_PublicTest_30542.png,happy,3,1.0,,,,,,,,,,,,,,,,,,,,
data/fer2013/PublicTest/neutral/neutral_PublicTest_30543.png,neutral,6,1.0,,,,,,,,,,,,,,,,,,,,
data/fer2013/PublicTest/angry/angry_PublicTest_30544.png,sad,4,1.0,,,,,,,,,,,,,,,,,,,,
data/fer2013/PublicTest/angry/angry_PublicTest_30545.png,angry,0,1.0,,,,,,,,,,,,,,,,,,,,
data/fer2013/PublicTest/neutral/neutral_PublicTest_30546.png,neutral,6,1.0,,,,,,,,,,,,,,,,,,,,
data/fer2013/PublicTest/neutral/neutral_PublicTest_30547.png,happy,3,0.75,,,,,,,,,,,,,,,,,,,,
data/fer2013/PublicTest/angry/angry_PublicTest_30548.png,angry,0,1.0,,,,,,,,,,,,,,,,,,,,
data/fer2013/PublicTest/fear/fear_PublicTest_30549.png,neutral,6,0.667,,,,,,,,,,,,,,,,,,,,
data/fer2013/PublicTest/disgust/disgust_PublicTest_30550.png,disgust,1,0.556,,,,,,,,,,,,,,,,,,,,
data/fer2013/PublicTest/neutral/neutral_PublicTest_30551.png,neutral,6,1.0,,,,,,,,,,,,,,,,,,,,
data/fer2013/PublicTest/sad/sad_PublicTest_30552.png,neutral,6,1.0,,,,,,,,,,,,,,,,,,,,
data/fer2013/PublicTest/neutral/neutral_PublicTest_30553.png,neutral,6,0.778,,,,,,,,,,,,,,,,,,,,
data/fer2013/PublicTest/happy/happy_PublicTest_30554.png,neutral,6,0.8,,,,,,,,,,,,,,,,,,,,
data/fer2013/PublicTest/fear/fear_PublicTest_30555.png,neutral,6,0.8,,,,,,,,,,,,,,,,,,,,
data/fer2013/PublicTest/fear/fear_PublicTest_30556.png,sad,4,0.8,,,,,,,,,,,,,,,,,,,,
data/fer2013/PublicTest/sad/sad_PublicTest_30557.png,surprise,5,0.571,,,,,,,,,,,,,,,,,,,,
data/fer2013/PublicTest/neutral/neutral_PublicTest_30559.png,neutral,6,1.0,,,,,,,,,,,,,,,,,,,,
data/fer2013/PublicTest/happy/happy_PublicTest_30560.png,happy,3,1.0,,,,,,,,,,,,,,,,,,,,
data/fer2013/PublicTest/neutral/neutral_PublicTest_30561.png,neutral,6,0.667,,,,,,,,,,,,,,,,,,,,
data/fer2013/PublicTest/fear/fear_PublicTest_30562.png,neutral,6,0.778,,,,,,,,,,,,,,,,,,,,
data/fer2013/PublicTest/angry/angry_PublicTest_30563.png,angry,0,0.556,,,,,,,,,,,,,,,,,,,,
data/fer2013/PublicTest/sad/sad_PublicTest_30565.png,sad,4,1.0,,,,,,,,,,,,,,,,,,,,
data/fer2013/PublicTest/surprise/surprise_PublicTest_30567.png,neutral,6,0.75,,,,,,,,,,,,,,,,,,,,
data/fer2013/PublicTest/surprise/surprise_PublicTest_30568.png,surprise,5,1.0,,,,,,,,,,,,,,,,,,,,
data/fer2013/PublicTest/happy/happy_PublicTest_30569.png,happy,3,1.0,,,,,,,,,,,,,,,,,,,,
data/fer2013/PublicTest/fear/fear_PublicTest_30570.png,neutral,6,0.6,,,,,,,,,,,,,,,,,,,,
data/fer2013/PublicTest/happy/happy_PublicTest_30571.png,happy,3,1.0,,,,,,,,,,,,,,,,,,,,
data/fer2013/PublicTest/happy/happy_PublicTest_30572.png,neutral,6,0.7,,,,,,,,,,,,,,,,,,,,
data/fer2013/PublicTest/surprise/surprise_PublicTest_30573.png,surprise,5,1.0,,,,,,,,,,,,,,,,,,,,
data/fer2013/PublicTest/surprise/surprise_PublicTest_30574.png,surprise,5,0.7,,,,,,,,,,,,,,,,,,,,
data/fer2013/PublicTest/sad/sad_PublicTest_30575.png,sad,4,1.0,,,,,,,,,,,,,,,,,,,,
data/fer2013/PublicTest/happy/happy_PublicTest_30577.png,happy,3,1.0,,,,,,,,,,,,,,,,,,,,
data/fer2013/PublicTest/fear/fear_PublicTest_30579.png,fear,2,0.667,,,,,,,,,,,,,,,,,,,,
data/fer2013/PublicTest/happy/happy_PublicTest_30580.png,surprise,5,0.571,,,,,,,,,,,,,,,,,,,,
data/fer2013/PublicTest/neutral/neutral_PublicTest_30581.png,neutral,6,1.0,,,,,,,,,,,,,,,,,,,,
data/fer2013/PublicTest/happy/happy_PublicTest_30582.png,happy,3,0.7,,,,,,,,,,,,,,,,,,,,
data/fer2013/PublicTest/neutral/neutral_PublicTest_30583.png,neutral,6,1.0,,,,,,,,,,,,,,,,,,,,
data/fer2013/PublicTest/happy/happy_PublicTest_30585.png,happy,3,1.0,,,,,,,,,,,,,,,,,,,,
data/fer2013/PublicTest/surprise/surprise_PublicTest_30586.png,surprise,5,0.8,,,,,,,,,,,,,,,,,,,,
data/fer2013/PublicTest/happy/happy_PublicTest_30587.png,happy,3,1.0,,,,,,,,,,,,,,,,,,,,
data/fer2013/PublicTest/sad/sad_PublicTest_30588.png,neutral,6,1.0,,,,,,,,,,,,,,,,,,,,
data/fer2013/PublicTest/angry/angry_PublicTest_30589.png,angry,0,0.8,,,,,,,,,,,,,,,,,,,,
data/fer2013/PublicTest/surprise/surprise_PublicTest_30590.png,surprise,5,1.0,,,,,,,,,,,,,,,,,,,,
data/fer2013/PublicTest/surprise/surprise_PublicTest_30591.png,happy,3,0.6,,,,,,,,,,,,,,,,,,,,
data/fer2013/PublicTest/angry/angry_PublicTest_30593.png,neutral,6,0.8,,,,,,,,,,,,,,,,,,,,
data/fer2013/PublicTest/fear/fear_PublicTest_30594.png,sad,4,1.0,,,,,,,,,,,,,,,,,,,,
data/fer2013/PublicTest/sad/sad_PublicTest_30595.png,sad,4,1.0,,,,,,,,,,,,,,,,,,,,
data/fer2013/PublicTest/surprise/surprise_PublicTest_30596.png,surprise,5,0.778,,,,,,,,,,,,,,,,,,,,
data/fer2013/PublicTest/surprise/surprise_PublicTest_30597.png,surprise,5,1.0,,,,,,,,,,,,,,,,,,,,
data/fer2013/PublicTest/surprise/surprise_PublicTest_30598.png,surprise,5,0.778,,,,,,,,,,,,,,,,,,,,
data/fer2013/PublicTest/angry/angry_PublicTest_30599.png,fear,2,0.6,,,,,,,,,,,,,,,,,,,,
data/fer2013/PublicTest/neutral/neutral_PublicTest_30600.png,neutral,6,1.0,,,,,,,,,,,,,,,,,,,,
data/fer2013/PublicTest/happy/happy_PublicTest_30603.png,happy,3,1.0,,,,,,,,,,,,,,,,,,,,
data/fer2013/PublicTest/happy/happy_PublicTest_30604.png,happy,3,1.0,,,,,,,,,,,,,,,,,,,,
data/fer2013/PublicTest/angry/angry_PublicTest_30605.png,angry,0,1.0,,,,,,,,,,,,,,,,,,,,
data/fer2013/PublicTest/fear/fear_PublicTest_30606.png,neutral,6,0.6,,,,,,,,,,,,,,,,,,,,
data/fer2013/PublicTest/sad/sad_PublicTest_30607.png,neutral,6,0.6,,,,,,,,,,,,,,,,,,,,
data/fer2013/PublicTest/happy/happy_PublicTest_30608.png,happy,3,1.0,,,,,,,,,,,,,,,,,,,,
data/fer2013/PublicTest/angry/angry_PublicTest_30609.png,neutral,6,0.8,,,,,,,,,,,,,,,,,,,,
data/fer2013/PublicTest/happy/happy_PublicTest_30610.png,happy,3,1.0,,,,,,,,,,,,,,,,,,,,
data/fer2013/PublicTest/sad/sad_PublicTest_30611.png,neutral,6,1.0,,,,,,,,,,,,,,,,,,,,
data/fer2013/PublicTest/surprise/surprise_PublicTest_30612.png,surprise,5,0.8,,,,,,,,,,,,,,,,,,,,
data/fer2013/PublicTest/neutral/neutral_PublicTest_30614.png,neutral,6,1.0,,,,,,,,,,,,,,,,,,,,
data/fer2013/PublicTest/neutral/neutral_PublicTest_30615.png,neutral,6,1.0,,,,,,,,,,,,,,,,,,,,
data/fer2013/PublicTest/neutral/neutral_PublicTest_30616.png,neutral,6,1.0,,,,,,,,,,,,,,,,,,,,
data/fer2013/PublicTest/neutral/neutral_PublicTest_30618.png,neutral,6,1.0,,,,,,,,,,,,,,,,,,,,
data/fer2013/PublicTest/angry/angry_PublicTest_30619.png,angry,0,1.0,,,,,,,,,,,,,,,,,,,,
data/fer2013/PublicTest/surprise/surprise_PublicTest_30620.png,surprise,5,1.0,,,,,,,,,,,,,,,,,,,,
data/fer2013/PublicTest/fear/fear_PublicTest_30621.png,sad,4,1.0,,,,,,,,,,,,,,,,,,,,
data/fer2013/PublicTest/neutral/neutral_PublicTest_30622.png,neutral,6,1.0,,,,,,,,,,,,,,,,,,,,
data/fer2013/PublicTest/surprise/surprise_PublicTest_30623.png,surprise,5,1.0,,,,,,,,,,,,,,,,,,,,
data/fer2013/PublicTest/neutral/neutral_PublicTest_30624.png,neutral,6,1.0,,,,,,,,,,,,,,,,,,,,
data/fer2013/PublicTest/surprise/surprise_PublicTest_30625.png,surprise,5,1.0,,,,,,,,,,,,,,,,,,,,
data/fer2013/PublicTest/happy/happy_PublicTest_30626.png,happy,3,0.778,,,,,,,,,,,,,,,,,,,,
data/fer2013/PublicTest/angry/angry_PublicTest_30627.png,angry,0,0.778,,,,,,,,,,,,,,,,,,,,
data/fer2013/PublicTest/surprise/surprise_PublicTest_30628.png,surprise,5,1.0,,,,,,,,,,,,,,,,,,,,
data/fer2013/PublicTest/fear/fear_PublicTest_30629.png,sad,4,0.7,,,,,,,,,,,,,,,,,,,,
data/fer2013/PublicTest/surprise/surprise_PublicTest_30630.png,surprise,5,0.667,,,,,,,,,,,,,,,,,,,,
data/fer2013/PublicTest/angry/angry_PublicTest_30631.png,sad,4,1.0,,,,,,,,,,,,,,,,,,,,
data/fer2013/PublicTest/sad/sad_PublicTest_30632.png,neutral,6,1.0,,,,,,,,,,,,,,,,,,,,
data/fer2013/PublicTest/sad/sad_PublicTest_30633.png,sad,4,1.0,,,,,,,,,,,,,,,,,,,,
data/fer2013/PublicTest/sad/sad_PublicTest_30634.png,neutral,6,1.0,,,,,,,,,,,,,,,,,,,,
data/fer2013/PublicTest/happy/happy_PublicTest_30635.png,happy,3,1.0,,,,,,,,,,,,,,,,,,,,
data/fer2013/PublicTest/happy/happy_PublicTest_30636.png,happy,3,1.0,,,,,,,,,,,,,,,,,,,,
data/fer2013/PublicTest/happy/happy_PublicTest_30637.png,happy,3,0.8,,,,,,,,,,,,,,,,,,,,
data/fer2013/PublicTest/fear/fear_PublicTest_30638.png,neutral,6,1.0,,,,,,,,,,,,,,,,,,,,
data/fer2013/PublicTest/disgust/disgust_PublicTest_30639.png,disgust,1,0.6,,,,,,,,,,,,,,,,,,,,
data/fer2013/PublicTest/surprise/surprise_PublicTest_30640.png,surprise,5,1.0,,,,,,,,,,,,,,,,,,,,
data/fer2013/PublicTest/neutral/neutral_PublicTest_30643.png,neutral,6,1.0,,,,,,,,,,,,,,,,,,,,
data/fer2013/PublicTest/surprise/surprise_PublicTest_30644.png,surprise,5,0.6,,,,,,,,,,,,,,,,,,,,
data/fer2013/PublicTest/sad/sad_PublicTest_30645.png,sad,4,0.75,,,,,,,,,,,,,,,,,,,,
data/fer2013/PublicTest/happy/happy_PublicTest_30646.png,happy,3,1.0,,,,,,,,,,,,,,,,,,,,
data/fer2013/PublicTest/neutral/neutral_PublicTest_30647.png,neutral,6,1.0,,,,,,,,,,,,,,,,,,,,
data/fer2013/PublicTest/surprise/surprise_PublicTest_30648.png,surprise,5,0.8,,,,,,,,,,,,,,,,,,,,
data/fer2013/PublicTest/angry/angry_PublicTest_30649.png,neutral,6,1.0,,,,,,,,,,,,,,,,,,,,
data/fer2013/PublicTest/sad/sad_PublicTest_30650.png,neutral,6,0.667,,,,,,,,,,,,,,,,,,,,
data/fer2013/PublicTest/happy/happy_PublicTest_30651.png,happy,3,1.0,,,,,,,,,,,,,,,,,,,,
data/fer2013/PublicTest/happy/happy_PublicTest_30652.png,happy,3,1.0,,,,,,,,,,,,,,,,,,,,
data/fer2013/PublicTest/sad/sad_PublicTest_30653.png,neutral,6,1.0,,,,,,,,,,,,,,,,,,,,
data/fer2013/PublicTest/sad/sad_PublicTest_30654.png,neutral,6,1.0,,,,,,,,,,,,,,,,,,,,
data/fer2013/PublicTest/fear/fear_PublicTest_30657.png,sad,4,0.625,,,,,,,,,,,,,,,,,,,,
data/fer2013/PublicTest/surprise/surprise_PublicTest_30658.png,surprise,5,1.0,,,,,,,,,,,,,,,,,,,,
data/fer2013/PublicTest/sad/sad_PublicTest_30659.png,sad,4,0.778,,,,,,,,,,,,,,,,,,,,
data/fer2013/PublicTest/fear/fear_PublicTest_30660.png,neutral,6,1.0,,,,,,,,,,,,,,,,,,,,
data/fer2013/PublicTest/happy/happy_PublicTest_30661.png,happy,3,0.6,,,,,,,,,,,,,,,,,,,,
data/fer2013/PublicTest/neutral/neutral_PublicTest_30662.png,neutral,6,1.0,,,,,,,,,,,,,,,,,,,,
data/fer2013/PublicTest/happy/happy_PublicTest_30663.png,happy,3,1.0,,,,,,,,,,,,,,,,,,,,
data/fer2013/PublicTest/happy/happy_PublicTest_30664.png,happy,3,1.0,,,,,,,,,,,,,,,,,,,,
data/fer2013/PublicTest/sad/sad_PublicTest_30665.png,neutral,6,1.0,,,,,,,,,,,,,,,,,,,,
data/fer2013/PublicTest/neutral/neutral_PublicTest_30666.png,neutral,6,1.0,,,,,,,,,,,,,,,,,,,,
data/fer2013/PublicTest/happy/happy_PublicTest_30667.png,happy,3,1.0,,,,,,,,,,,,,,,,,,,,
data/fer2013/PublicTest/happy/happy_PublicTest_30668.png,happy,3,1.0,,,,,,,,,,,,,,,,,,,,
data/fer2013/PublicTest/happy/happy_PublicTest_30670.png,neutral,6,1.0,,,,,,,,,,,,,,,,,,,,
data/fer2013/PublicTest/sad/sad_PublicTest_30671.png,sad,4,0.6,,,,,,,,,,,,,,,,,,,,
data/fer2013/PublicTest/happy/happy_PublicTest_30672.png,happy,3,1.0,,,,,,,,,,,,,,,,,,,,
data/fer2013/PublicTest/angry/angry_PublicTest_30673.png,neutral,6,0.6,,,,,,,,,,,,,,,,,,,,
data/fer2013/PublicTest/sad/sad_PublicTest_30674.png,sad,4,0.6,,,,,,,,,,,,,,,,,,,,
data/fer2013/PublicTest/happy/happy_PublicTest_30675.png,happy,3,1.0,,,,,,,,,,,,,,,,,,,,
data/fer2013/PublicTest/happy/happy_PublicTest_30676.png,happy,3,1.0,,,,,,,,,,,,,,,,,,,,
data/fer2013/PublicTest/neutral/neutral_PublicTest_30677.png,neutral,6,1.0,,,,,,,,,,,,,,,,,,,,
data/fer2013/PublicTest/happy/happy_PublicTest_30678.png,happy,3,0.8,,,,,,,,,,,,,,,,,,,,
data/fer2013/PublicTest/happy/happy_PublicTest_30679.png,happy,3,1.0,,,,,,,,,,,,,,,,,,,,
data/fer2013/PublicTest/fear/fear_PublicTest_30680.png,sad,4,0.571,,,,,,,,,,,,,,,,,,,,
data/fer2013/PublicTest/surprise/surprise_PublicTest_30681.png,neutral,6,0.714,,,,,,,,,,,,,,,,,,,,
data/fer2013/PublicTest/happy/happy_PublicTest_30682.png,happy,3,1.0,,,,,,,,,,,,,,,,,,,,
data/fer2013/PublicTest/happy/happy_PublicTest_30683.png,happy,3,1.0,,,,,,,,,,,,,,,,,,,,
data/fer2013/PublicTest/neutral/neutral_PublicTest_30684.png,neutral,6,1.0,,,,,,,,,,,,,,,,,,,,
data/fer2013/PublicTest/angry/angry_PublicTest_30685.png,neutral,6,0.714,,,,,,,,,,,,,,,,,,,,
data/fer2013/PublicTest/neutral/neutral_PublicTest_30686.png,neutral,6,1.0,,,,,,,,,,,,,,,,,,,,
data/fer2013/PublicTest/fear/fear_PublicTest_30687.png,neutral,6,1.0,,,,,,,,,,,,,,,,,,,,
data/fer2013/PublicTest/happy/happy_PublicTest_30688.png,happy,3,1.0,,,,,,,,,,,,,,,,,,,,
data/fer2013/PublicTest/happy/happy_PublicTest_30689.png,neutral,6,0.7,,,,,,,,,,,,,,,,,,,,
data/fer2013/PublicTest/angry/angry_PublicTest_30690.png,sad,4,0.667,,,,,,,,,,,,,,,,,,,,
data/fer2013/PublicTest/sad/sad_PublicTest_30691.png,neutral,6,0.778,,,,,,,,,,,,,,,,,,,,
data/fer2013/PublicTest/neutral/neutral_PublicTest_30692.png,neutral,6,0.7,,,,,,,,,,,,,,,,,,,,
data/fer2013/PublicTest/happy/happy_PublicTest_30693.png,happy,3,1.0,,,,,,,,,,,,,,,,,,,,
data/fer2013/PublicTest/fear/fear_PublicTest_30695.png,sad,4,0.778,,,,,,,,,,,,,,,,,,,,
data/fer2013/PublicTest/angry/angry_PublicTest_30696.png,angry,0,0.667,,,,,,,,,,,,,,,,,,,,
data/fer2013/PublicTest/happy/happy_PublicTest_30697.png,happy,3,1.0,,,,,,,,,,,,,,,,,,,,
data/fer2013/PublicTest/happy/happy_PublicTest_30698.png,happy,3,0.625,,,,,,,,,,,,,,,,,,,,
data/fer2013/PublicTest/fear/fear_PublicTest_30699.png,neutral,6,0.556,,,,,,,,,,,,,,,,,,,,
data/fer2013/PublicTest/happy/happy_PublicTest_30700.png,happy,3,1.0,,,,,,,,,,,,,,,,,,,,
data/fer2013/PublicTest/sad/sad_PublicTest_30701.png,neutral,6,1.0,,,,,,,,,,,,,,,,,,,,
data/fer2013/PublicTest/neutral/neutral_PublicTest_30703.png,neutral,6,1.0,,,,,,,,,,,,,,,,,,,,
data/fer2013/PublicTest/happy/happy_PublicTest_30704.png,happy,3,1.0,,,,,,,,,,,,,,,,,,,,
data/fer2013/PublicTest/fear/fear_PublicTest_30706.png,sad,4,0.6,,,,,,,,,,,,,,,,,,,,
data/fer2013/PublicTest/neutral/neutral_PublicTest_30707.png,neutral,6,1.0,,,,,,,,,,,,,,,,,,,,
data/fer2013/PublicTest/neutral/neutral_PublicTest_30708.png,neutral,6,0.8,,,,,,,,,,,,,,,,,,,,
data/fer2013/PublicTest/angry/angry_PublicTest_30709.png,angry,0,0.8,,,,,,,,,,,,,,,,,,,,
data/fer2013/PublicTest/sad/sad_PublicTest_30711.png,neutral,6,0.8,,,,,,,,,,,,,,,,,,,,
data/fer2013/PublicTest/sad/sad_PublicTest_30712.png,sad,4,0.8,,,,,,,,,,,,,,,,,,,,
data/fer2013/PublicTest/neutral/neutral_PublicTest_30713.png,neutral,6,0.6,,,,,,,,,,,,,,,,,,,,
data/fer2013/PublicTest/surprise/surprise_PublicTest_30714.png,surprise,5,0.8,,,,,,,,,,,,,,,,,,,,
data/fer2013/PublicTest/sad/sad_PublicTest_30715.png,neutral,6,1.0,,,,,,,,,,,,,,,,,,,,
data/fer2013/PublicTest/fear/fear_PublicTest_30716.png,surprise,5,0.667,,,,,,,,,,,,,,,,,,,,
data/fer2013/PublicTest/disgust/disgust_PublicTest_30719.png,angry,0,1.0,,,,,,,,,,,,,,,,,,,,
data/fer2013/PublicTest/happy/happy_PublicTest_30720.png,happy,3,1.0,,,,,,,,,,,,,,,,,,,,
data/fer2013/PublicTest/neutral/neutral_PublicTest_30722.png,neutral,6,1.0,,,,,,,,,,,,,,,,,,,,
data/fer2013/PublicTest/fear/fear_PublicTest_30723.png,fear,2,1.0,,,,,,,,,,,,,,,,,,,,
data/fer2013/PublicTest/happy/happy_PublicTest_30724.png,neutral,6,0.8,,,,,,,,,,,,,,,,,,,,
data/fer2013/PublicTest/surprise/surprise_PublicTest_30725.png,surprise,5,1.0,,,,,,,,,,,,,,,,,,,,
data/fer2013/PublicTest/surprise/surprise_PublicTest_30726.png,surprise,5,0.7,,,,,,,,,,,,,,,,,,,,
data/fer2013/PublicTest/fear/fear_PublicTest_30727.png,sad,4,0.667,,,,,,,,,,,,,,,,,,,,
data/fer2013/PublicTest/happy/happy_PublicTest_30730.png,happy,3,1.0,,,,,,,,,,,,,,,,,,,,
data/fer2013/PublicTest/sad/sad_PublicTest_30731.png,sad,4,0.556,,,,,,,,,,,,,,,,,,,,
data/fer2013/PublicTest/fear/fear_PublicTest_30732.png,neutral,6,0.667,,,,,,,,,,,,,,,,,,,,
data/fer2013/PublicTest/fear/fear_PublicTest_30733.png,angry,0,0.556,,,,,,,,,,,,,,,,,,,,
data/fer2013/PublicTest/happy/happy_PublicTest_30734.png,happy,3,1.0,,,,,,,,,,,,,,,,,,,,
data/fer2013/PublicTest/fear/fear_PublicTest_30735.png,angry,0,1.0,,,,,,,,,,,,,,,,,,,,
data/fer2013/PublicTest/neutral/neutral_PublicTest_30736.png,neutral,6,1.0,,,,,,,,,,,,,,,,,,,,
data/fer2013/PublicTest/happy/happy_PublicTest_30737.png,happy,3,1.0,,,,,,,,,,,,,,,,,,,,
data/fer2013/PublicTest/happy/happy_PublicTest_30738.png,surprise,5,1.0,,,,,,,,,,,,,,,,,,,,
data/fer2013/PublicTest/sad/sad_PublicTest_30740.png,surprise,5,0.778,,,,,,,,,,,,,,,,,,,,
data/fer2013/PublicTest/happy/happy_PublicTest_30741.png,happy,3,0.8,,,,,,,,,,,,,,,,,,,,
data/fer2013/PublicTest/angry/angry_PublicTest_30742.png,disgust,1,0.625,,,,,,,,,,,,,,,,,,,,
data/fer2013/PublicTest/sad/sad_PublicTest_30743.png,neutral,6,0.778,,,,,,,,,,,,,,,,,,,,
data/fer2013/PublicTest/fear/fear_PublicTest_30744.png,neutral,6,0.778,,,,,,,,,,,,,,,,,,,,
data/fer2013/PublicTest/angry/angry_PublicTest_30745.png,angry,0,0.6,,,,,,,,,,,,,,,,,,,,
data/fer2013/PublicTest/angry/angry_PublicTest_30746.png,neutral,6,1.0,,,,,,,,,,,,,,,,,,,,
data/fer2013/PublicTest/happy/happy_PublicTest_30749.png,happy,3,1.0,,,,,,,,,,,,,,,,,,,,
data/fer2013/PublicTest/sad/sad_PublicTest_30750.png,sad,4,1.0,,,,,,,,,,,,,,,,,,,,
data/fer2013/PublicTest/surprise/surprise_PublicTest_30751.png,surprise,5,0.778,,,,,,,,,,,,,,,,,,,,
data/fer2013/PublicTest/fear/fear_PublicTest_30754.png,neutral,6,1.0,,,,,,,,,,,,,,,,,,,,
data/fer2013/PublicTest/happy/happy_PublicTest_30755.png,happy,3,1.0,,,,,,,,,,,,,,,,,,,,
data/fer2013/PublicTest/angry/angry_PublicTest_30756.png,neutral,6,1.0,,,,,,,,,,,,,,,,,,,,
data/fer2013/PublicTest/sad/sad_PublicTest_30757.png,neutral,6,0.8,,,,,,,,,,,,,,,,,,,,
data/fer2013/PublicTest/fear/fear_PublicTest_30758.png,surprise,5,0.7,,,,,,,,,,,,,,,,,,,,
data/fer2013/PublicTest/happy/happy_PublicTest_30760.png,happy,3,1.0,,,,,,,,,,,,,,,,,,,,
data/fer2013/PublicTest/disgust/disgust_PublicTest_30761.png,disgust,1,0.75,,,,,,,,,,,,,,,,,,,,
data/fer2013/PublicTest/neutral/neutral_PublicTest_30762.png,neutral,6,1.0,,,,,,,,,,,,,,,,,,,,
data/fer2013/PublicTest/sad/sad_PublicTest_30763.png,neutral,6,1.0,,,,,,,,,,,,,,,,,,,,
data/fer2013/PublicTest/neutral/neutral_PublicTest_30765.png,neutral,6,1.0,,,,,,,,,,,,,,,,,,,,
data/fer2013/PublicTest/neutral/neutral_PublicTest_30766.png,neutral,6,1.0,,,,,,,,,,,,,,,,,,,,
data/fer2013/PublicTest/sad/sad_PublicTest_30767.png,neutral,6,0.75,,,,,,,,,,,,,,,,,,,,
data/fer2013/PublicTest/happy/happy_PublicTest_30768.png,happy,3,1.0,,,,,,,,,,,,,,,,,,,,
data/fer2013/PublicTest/surprise/surprise_PublicTest_30769.png,surprise,5,1.0,,,,,,,,,,,,,,,,,,,,
data/fer2013/PublicTest/fear/fear_PublicTest_30770.png,angry,0,0.667,,,,,,,,,,,,,,,,,,,,
data/fer2013/PublicTest/happy/happy_PublicTest_30771.png,happy,3,1.0,,,,,,,,,,,,,,,,,,,,
data/fer2013/PublicTest/happy/happy_PublicTest_30772.png,happy,3,1.0,,,,,,,,,,,,,,,,,,,,
data/fer2013/PublicTest/fear/fear_PublicTest_30774.png,angry,0,0.714,,,,,,,,,,,,,,,,,,,,
data/fer2013/PublicTest/neutral/neutral_PublicTest_30775.png,neutral,6,1.0,,,,,,,,,,,,,,,,,,,,
data/fer2013/PublicTest/sad/sad_PublicTest_30776.png,neutral,6,1.0,,,,,,,,,,,,,,,,,,,,
data/fer2013/PublicTest/happy/happy_PublicTest_30777.png,happy,3,0.8,,,,,,,,,,,,,,,,,,,,
data/fer2013/PublicTest/surprise/surprise_PublicTest_30778.png,surprise,5,1.0,,,,,,,,,,,,,,,,,,,,
data/fer2013/PublicTest/happy/happy_PublicTest_30779.png,happy,3,1.0,,,,,,,,,,,,,,,,,,,,
data/fer2013/PublicTest/happy/happy_PublicTest_30780.png,happy,3,1.0,,,,,,,,,,,,,,,,,,,,
data/fer2013/PublicTest/disgust/disgust_PublicTest_30781.png,neutral,6,0.75,,,,,,,,,,,,,,,,,,,,
data/fer2013/PublicTest/neutral/neutral_PublicTest_30782.png,neutral,6,1.0,,,,,,,,,,,,,,,,,,,,
data/fer2013/PublicTest/angry/angry_PublicTest_30783.png,angry,0,0.75,,,,,,,,,,,,,,,,,,,,
data/fer2013/PublicTest/sad/sad_PublicTest_30784.png,neutral,6,1.0,,,,,,,,,,,,,,,,,,,,
data/fer2013/PublicTest/sad/sad_PublicTest_30785.png,neutral,6,1.0,,,,,,,,,,,,,,,,,,,,
data/fer2013/PublicTest/neutral/neutral_PublicTest_30786.png,neutral,6,0.556,,,,,,,,,,,,,,,,,,,,
data/fer2013/PublicTest/surprise/surprise_PublicTest_30787.png,surprise,5,1.0,,,,,,,,,,,,,,,,,,,,
data/fer2013/PublicTest/neutral/neutral_PublicTest_30788.png,neutral,6,0.8,,,,,,,,,,,,,,,,,,,,
data/fer2013/PublicTest/sad/sad_PublicTest_30789.png,neutral,6,0.556,,,,,,,,,,,,,,,,,,,,
data/fer2013/PublicTest/surprise/surprise_PublicTest_30790.png,neutral,6,0.556,,,,,,,,,,,,,,,,,,,,
data/fer2013/PublicTest/sad/sad_PublicTest_30791.png,neutral,6,0.8,,,,,,,,,,,,,,,,,,,,
data/fer2013/PublicTest/surprise/surprise_PublicTest_30792.png,surprise,5,0.667,,,,,,,,,,,,,,,,,,,,
data/fer2013/PublicTest/happy/happy_PublicTest_30793.png,neutral,6,1.0,,,,,,,,,,,,,,,,,,,,
data/fer2013/PublicTest/neutral/neutral_PublicTest_30794.png,surprise,5,0.556,,,,,,,,,,,,,,,,,,,,
data/fer2013/PublicTest/happy/happy_PublicTest_30795.png,happy,3,1.0,,,,,,,,,,,,,,,,,,,,
data/fer2013/PublicTest/happy/happy_PublicTest_30796.png,happy,3,1.0,,,,,,,,,,,,,,,,,,,,
data/fer2013/PublicTest/angry/angry_PublicTest_30797.png,angry,0,1.0,,,,,,,,,,,,,,,,,,,,
data/fer2013/PublicTest/fear/fear_PublicTest_30798.png,neutral,6,1.0,,,,,,,,,,,,,,,,,,,,
data/fer2013/PublicTest/fear/fear_PublicTest_30799.png,sad,4,0.571,,,,,,,,,,,,,,,,,,,,
data/fer2013/PublicTest/sad/sad_PublicTest_30800.png,sad,4,0.8,,,,,,,,,,,,,,,,,,,,
data/fer2013/PublicTest/happy/happy_PublicTest_30801.png,happy,3,1.0,,,,,,,,,,,,,,,,,,,,
data/fer2013/PublicTest/happy/happy_PublicTest_30802.png,happy,3,1.0,,,,,,,,,,,,,,,,,,,,
data/fer2013/PublicTest/fear/fear_PublicTest_30803.png,neutral,6,0.6,,,,,,,,,,,,,,,,,,,,
data/fer2013/PublicTest/happy/happy_PublicTest_30804.png,happy,3,1.0,,,,,,,,,,,,,,,,,,,,
data/fer2013/PublicTest/happy/happy_PublicTest_30805.png,happy,3,1.0,,,,,,,,,,,,,,,,,,,,
data/fer2013/PublicTest/happy/happy_PublicTest_30807.png,happy,3,0.8,,,,,,,,,,,,,,,,,,,,
data/fer2013/PublicTest/happy/happy_PublicTest_30808.png,happy,3,0.778,,,,,,,,,,,,,,,,,,,,
data/fer2013/PublicTest/neutral/neutral_PublicTest_30809.png,neutral,6,0.6,,,,,,,,,,,,,,,,,,,,
data/fer2013/PublicTest/sad/sad_PublicTest_30810.png,neutral,6,0.667,,,,,,,,,,,,,,,,,,,,
data/fer2013/PublicTest/surprise/surprise_PublicTest_30811.png,surprise,5,1.0,,,,,,,,,,,,,,,,,,,,
data/fer2013/PublicTest/happy/happy_PublicTest_30812.png,happy,3,1.0,,,,,,,,,,,,,,,,,,,,
data/fer2013/PublicTest/happy/happy_PublicTest_30814.png,happy,3,1.0,,,,,,,,,,,,,,,,,,,,
data/fer2013/PublicTest/angry/angry_PublicTest_30815.png,neutral,6,0.75,,,,,,,,,,,,,,,,,,,,
data/fer2013/PublicTest/sad/sad_PublicTest_30816.png,sad,4,1.0,,,,,,,,,,,,,,,,,,,,
data/fer2013/PublicTest/sad/sad_PublicTest_30817.png,neutral,6,0.75,,,,,,,,,,,,,,,,,,,,
data/fer2013/PublicTest/sad/sad_PublicTest_30818.png,neutral,6,0.778,,,,,,,,,,,,,,,,,,,,
data/fer2013/PublicTest/neutral/neutral_PublicTest_30819.png,sad,4,0.6,,,,,,,,,,,,,,,,,,,,
data/fer2013/PublicTest/happy/happy_PublicTest_30820.png,happy,3,1.0,,,,,,,,,,,,,,,,,,,,
data/fer2013/PublicTest/surprise/surprise_PublicTest_30821.png,surprise,5,1.0,,,,,,,,,,,,,,,,,,,,
data/fer2013/PublicTest/happy/happy_PublicTest_30822.png,happy,3,1.0,,,,,,,,,,,,,,,,,,,,
data/fer2013/PublicTest/happy/happy_PublicTest_30823.png,happy,3,1.0,,,,,,,,,,,,,,,,,,,,
data/fer2013/PublicTest/happy/happy_PublicTest_30824.png,happy,3,1.0,,,,,,,,,,,,,,,,,,,,
data/fer2013/PublicTest/happy/happy_PublicTest_30825.png,happy,3,1.0,,,,,,,,,,,,,,,,,,,,
data/fer2013/PublicTest/happy/happy_PublicTest_30826.png,happy,3,1.0,,,,,,,,,,,,,,,,,,,,
data/fer2013/PublicTest/happy/happy_PublicTest_30827.png,happy,3,1.0,,,,,,,,,,,,,,,,,,,,
data/fer2013/PublicTest/disgust/disgust_PublicTest_30828.png,disgust,1,1.0,,,,,,,,,,,,,,,,,,,,
data/fer2013/PublicTest/fear/fear_PublicTest_30829.png,neutral,6,0.556,,,,,,,,,,,,,,,,,,,,
data/fer2013/PublicTest/happy/happy_PublicTest_30830.png,happy,3,1.0,,,,,,,,,,,,,,,,,,,,
data/fer2013/PublicTest/angry/angry_PublicTest_30831.png,angry,0,1.0,,,,,,,,,,,,,,,,,,,,
data/fer2013/PublicTest/happy/happy_PublicTest_30832.png,happy,3,1.0,,,,,,,,,,,,,,,,,,,,
data/fer2013/PublicTest/sad/sad_PublicTest_30833.png,neutral,6,1.0,,,,,,,,,,,,,,,,,,,,
data/fer2013/PublicTest/angry/angry_PublicTest_30834.png,angry,0,0.8,,,,,,,,,,,,,,,,,,,,
data/fer2013/PublicTest/happy/happy_PublicTest_30835.png,happy,3,1.0,,,,,,,,,,,,,,,,,,,,
data/fer2013/PublicTest/happy/happy_PublicTest_30836.png,happy,3,1.0,,,,,,,,,,,,,,,,,,,,
data/fer2013/PublicTest/happy/happy_PublicTest_30837.png,happy,3,1.0,,,,,,,,,,,,,,,,,,,,
data/fer2013/PublicTest/sad/sad_PublicTest_30838.png,neutral,6,0.7,,,,,,,,,,,,,,,,,,,,
data/fer2013/PublicTest/sad/sad_PublicTest_30839.png,sad,4,0.667,,,,,,,,,,,,,,,,,,,,
data/fer2013/PublicTest/fear/fear_PublicTest_30840.png,neutral,6,0.778,,,,,,,,,,,,,,,,,,,,
data/fer2013/PublicTest/neutral/neutral_PublicTest_30841.png,neutral,6,0.556,,,,,,,,,,,,,,,,,,,,
data/fer2013/PublicTest/happy/happy_PublicTest_30842.png,happy,3,1.0,,,,,,,,,,,,,,,,,,,,
data/fer2013/PublicTest/neutral/neutral_PublicTest_30843.png,neutral,6,0.778,,,,,,,,,,,,,,,,,,,,
data/fer2013/PublicTest/neutral/neutral_PublicTest_30844.png,neutral,6,1.0,,,,,,,,,,,,,,,,,,,,
data/fer2013/PublicTest/angry/angry_PublicTest_30845.png,angry,0,0.556,,,,,,,,,,,,,,,,,,,,
data/fer2013/PublicTest/sad/sad_PublicTest_30846.png,neutral,6,0.778,,,,,,,,,,,,,,,,,,,,
data/fer2013/PublicTest/angry/angry_PublicTest_30847.png,neutral,6,0.556,,,,,,,,,,,,,,,,,,,,
data/fer2013/PublicTest/happy/happy_PublicTest_30848.png,happy,3,1.0,,,,,,,,,,,,,,,,,,,,
data/fer2013/PublicTest/happy/happy_PublicTest_30849.png,happy,3,1.0,,,,,,,,,,,,,,,,,,,,
data/fer2013/PublicTest/neutral/neutral_PublicTest_30850.png,neutral,6,1.0,,,,,,,,,,,,,,,,,,,,
data/fer2013/PublicTest/happy/happy_PublicTest_30851.png,happy,3,1.0,,,,,,,,,,,,,,,,,,,,
data/fer2013/PublicTest/angry/angry_PublicTest_30852.png,angry,0,1.0,,,,,,,,,,,,,,,,,,,,
data/fer2013/PublicTest/sad/sad_PublicTest_30853.png,angry,0,0.8,,,,,,,,,,,,,,,,,,,,
data/fer2013/PublicTest/happy/happy_PublicTest_30854.png,happy,3,1.0,,,,,,,,,,,,,,,,,,,,
data/fer2013/PublicTest/happy/happy_PublicTest_30855.png,happy,3,1.0,,,,,,,,,,,,,,,,,,,,
data/fer2013/PublicTest/happy/happy_PublicTest_30856.png,neutral,6,1.0,,,,,,,,,,,,,,,,,,,,
data/fer2013/PublicTest/happy/happy_PublicTest_30859.png,happy,3,1.0,,,,,,,,,,,,,,,,,,,,
data/fer2013/PublicTest/neutral/neutral_PublicTest_30860.png,neutral,6,1.0,,,,,,,,,,,,,,,,,,,,
data/fer2013/PublicTest/happy/happy_PublicTest_30861.png,happy,3,0.75,,,,,,,,,,,,,,,,,,,,
data/fer2013/PublicTest/sad/sad_PublicTest_30863.png,sad,4,0.778,,,,,,,,,,,,,,,,,,,,
data/fer2013/PublicTest/happy/happy_PublicTest_30864.png,happy,3,1.0,,,,,,,,,,,,,,,,,,,,
data/fer2013/PublicTest/happy/happy_PublicTest_30865.png,happy,3,0.7,,,,,,,,,,,,,,,,,,,,
data/fer2013/PublicTest/surprise/surprise_PublicTest_30866.png,surprise,5,1.0,,,,,,,,,,,,,,,,,,,,
data/fer2013/PublicTest/sad/sad_PublicTest_30867.png,neutral,6,1.0,,,,,,,,,,,,,,,,,,,,
data/fer2013/PublicTest/neutral/neutral_PublicTest_30869.png,neutral,6,1.0,,,,,,,,,,,,,,,,,,,,
data/fer2013/PublicTest/happy/happy_PublicTest_30870.png,happy,3,1.0,,,,,,,,,,,,,,,,,,,,
data/fer2013/PublicTest/happy/happy_PublicTest_30871.png,happy,3,1.0,,,,,,,,,,,,,,,,,,,,
data/fer2013/PublicTest/angry/angry_PublicTest_30872.png,angry,0,1.0,,,,,,,,,,,,,,,,,,,,
data/fer2013/PublicTest/surprise/surprise_PublicTest_30873.png,surprise,5,0.75,,,,,,,,,,,,,,,,,,,,
data/fer2013/PublicTest/happy/happy_PublicTest_30874.png,happy,3,1.0,,,,,,,,,,,,,,,,,,,,
data/fer2013/PublicTest/happy/happy_PublicTest_30875.png,happy,3,1.0,,,,,,,,,,,,,,,,,,,,
data/fer2013/PublicTest/surprise/surprise_PublicTest_30876.png,surprise,5,1.0,,,,,,,,,,,,,,,,,,,,
data/fer2013/PublicTest/neutral/neutral_PublicTest_30877.png,neutral,6,1.0,,,,,,,,,,,,,,,,,,,,
data/fer2013/PublicTest/sad/sad_PublicTest_30879.png,sad,4,0.8,,,,,,,,,,,,,,,,,,,,
data/fer2013/PublicTest/sad/sad_PublicTest_30880.png,sad,4,0.7,,,,,,,,,,,,,,,,,,,,
data/fer2013/PublicTest/happy/happy_PublicTest_30881.png,happy,3,1.0,,,,,,,,,,,,,,,,,,,,
data/fer2013/PublicTest/neutral/neutral_PublicTest_30882.png,contempt,7,0.778,,,,,,,,,,,,,,,,,,,,
data/fer2013/PublicTest/neutral/neutral_PublicTest_30883.png,neutral,6,1.0,,,,,,,,,,,,,,,,,,,,
data/fer2013/PublicTest/neutral/neutral_PublicTest_30884.png,neutral,6,1.0,,,,,,,,,,,,,,,,,,,,
data/fer2013/PublicTest/happy/happy_PublicTest_30885.png,happy,3,1.0,,,,,,,,,,,,,,,,,,,,
data/fer2013/PublicTest/angry/angry_PublicTest_30886.png,happy,3,0.667,,,,,,,,,,,,,,,,,,,,
data/fer2013/PublicTest/angry/angry_PublicTest_30887.png,angry,0,1.0,,,,,,,,,,,,,,,,,,,,
data/fer2013/PublicTest/neutral/neutral_PublicTest_30888.png,neutral,6,1.0,,,,,,,,,,,,,,,,,,,,
data/fer2013/PublicTest/surprise/surprise_PublicTest_30889.png,surprise,5,0.8,,,,,,,,,,,,,,,,,,,,
data/fer2013/PublicTest/angry/angry_PublicTest_30890.png,angry,0,0.625,,,,,,,,,,,,,,,,,,,,
data/fer2013/PublicTest/happy/happy_PublicTest_30891.png,happy,3,1.0,,,,,,,,,,,,,,,,,,,,
data/fer2013/PublicTest/sad/sad_PublicTest_30892.png,neutral,6,1.0,,,,,,,,,,,,,,,,,,,,
data/fer2013/PublicTest/happy/happy_PublicTest_30893.png,surprise,5,1.0,,,,,,,,,,,,,,,,,,,,
data/fer2013/PublicTest/happy/happy_PublicTest_30894.png,happy,3,1.0,,,,,,,,,,,,,,,,,,,,
data/fer2013/PublicTest/fear/fear_PublicTest_30895.png,neutral,6,0.778,,,,,,,,,,,,,,,,,,,,
data/fer2013/PublicTest/fear/fear_PublicTest_30896.png,sad,4,0.667,,,,,,,,,,,,,,,,,,,,
data/fer2013/PublicTest/happy/happy_PublicTest_30897.png,happy,3,1.0,,,,,,,,,,,,,,,,,,,,
data/fer2013/PublicTest/sad/sad_PublicTest_30898.png,neutral,6,0.8,,,,,,,,,,,,,,,,,,,,
data/fer2013/PublicTest/surprise/surprise_PublicTest_30899.png,surprise,5,1.0,,,,,,,,,,,,,,,,,,,,
data/fer2013/PublicTest/sad/sad_PublicTest_30900.png,neutral,6,1.0,,,,,,,,,,,,,,,,,,,,
data/fer2013/PublicTest/angry/angry_PublicTest_30901.png,angry,0,1.0,,,,,,,,,,,,,,,,,,,,
data/fer2013/PublicTest/happy/happy_PublicTest_30902.png,happy,3,1.0,,,,,,,,,,,,,,,,,,,,
data/fer2013/PublicTest/happy/happy_PublicTest_30903.png,happy,3,1.0,,,,,,,,,,,,,,,,,,,,
data/fer2013/PublicTest/happy/happy_PublicTest_30904.png,happy,3,1.0,,,,,,,,,,,,,,,,,,,,
data/fer2013/PublicTest/angry/angry_PublicTest_30905.png,neutral,6,0.625,,,,,,,,,,,,,,,,,,,,
data/fer2013/PublicTest/happy/happy_PublicTest_30906.png,happy,3,1.0,,,,,,,,,,,,,,,,,,,,
data/fer2013/PublicTest/disgust/disgust_PublicTest_30907.png,disgust,1,0.714,,,,,,,,,,,,,,,,,,,,
data/fer2013/PublicTest/happy/happy_PublicTest_30908.png,happy,3,1.0,,,,,,,,,,,,,,,,,,,,
data/fer2013/PublicTest/happy/happy_PublicTest_30909.png,neutral,6,1.0,,,,,,,,,,,,,,,,,,,,
data/fer2013/PublicTest/neutral/neutral_PublicTest_30910.png,neutral,6,1.0,,,,,,,,,,,,,,,,,,,,
data/fer2013/PublicTest/sad/sad_PublicTest_30911.png,neutral,6,1.0,,,,,,,,,,,,,,,,,,,,
data/fer2013/PublicTest/happy/happy_PublicTest_30912.png,happy,3,1.0,,,,,,,,,,,,,,,,,,,,
data/fer2013/PublicTest/sad/sad_PublicTest_30913.png,sad,4,1.0,,,,,,,,,,,,,,,,,,,,
data/fer2013/PublicTest/fear/fear_PublicTest_30914.png,neutral,6,1.0,,,,,,,,,,,,,,,,,,,,
data/fer2013/PublicTest/happy/happy_PublicTest_30915.png,happy,3,1.0,,,,,,,,,,,,,,,,,,,,
data/fer2013/PublicTest/neutral/neutral_PublicTest_30916.png,neutral,6,1.0,,,,,,,,,,,,,,,,,,,,
data/fer2013/PublicTest/neutral/neutral_PublicTest_30918.png,neutral,6,1.0,,,,,,,,,,,,,,,,,,,,
data/fer2013/PublicTest/happy/happy_PublicTest_30920.png,happy,3,1.0,,,,,,,,,,,,,,,,,,,,
data/fer2013/PublicTest/happy/happy_PublicTest_30921.png,happy,3,1.0,,,,,,,,,,,,,,,,,,,,
data/fer2013/PublicTest/sad/sad_PublicTest_30922.png,sad,4,0.8,,,,,,,,,,,,,,,,,,,,
data/fer2013/PublicTest/sad/sad_PublicTest_30923.png,neutral,6,0.625,,,,,,,,,,,,,,,,,,,,
data/fer2013/PublicTest/fear/fear_PublicTest_30925.png,fear,2,0.75,,,,,,,,,,,,,,,,,,,,
data/fer2013/PublicTest/neutral/neutral_PublicTest_30926.png,neutral,6,1.0,,,,,,,,,,,,,,,,,,,,
data/fer2013/PublicTest/sad/sad_PublicTest_30927.png,neutral,6,0.556,,,,,,,,,,,,,,,,,,,,
data/fer2013/PublicTest/disgust/disgust_PublicTest_30928.png,sad,4,0.75,,,,,,,,,,,,,,,,,,,,
data/fer2013/PublicTest/surprise/surprise_PublicTest_30929.png,surprise,5,0.8,,,,,,,,,,,,,,,,,,,,
data/fer2013/PublicTest/angry/angry_PublicTest_30931.png,angry,0,1.0,,,,,,,,,,,,,,,,,,,,
data/fer2013/PublicTest/neutral/neutral_PublicTest_30932.png,neutral,6,0.778,,,,,,,,,,,,,,,,,,,,
data/fer2013/PublicTest/angry/angry_PublicTest_30933.png,angry,0,0.6,,,,,,,,,,,,,,,,,,,,
data/fer2013/PublicTest/neutral/neutral_PublicTest_30934.png,neutral,6,1.0,,,,,,,,,,,,,,,,,,,,
data/fer2013/PublicTest/surprise/surprise_PublicTest_30935.png,surprise,5,1.0,,,,,,,,,,,,,,,,,,,,
data/fer2013/PublicTest/happy/happy_PublicTest_30938.png,happy,3,1.0,,,,,,,,,,,,,,,,,,,,
data/fer2013/PublicTest/fear/fear_PublicTest_30940.png,neutral,6,0.778,,,,,,,,,,,,,,,,,,,,
data/fer2013/PublicTest/fear/fear_PublicTest_30941.png,sad,4,0.714,,,,,,,,,,,,,,,,,,,,
data/fer2013/PublicTest/happy/happy_PublicTest_30942.png,neutral,6,0.8,,,,,,,,,,,,,,,,,,,,
data/fer2013/PublicTest/surprise/surprise_PublicTest_30943.png,surprise,5,0.8,,,,,,,,,,,,,,,,,,,,
data/fer2013/PublicTest/angry/angry_PublicTest_30944.png,happy,3,0.571,,,,,,,,,,,,,,,,,,,,
data/fer2013/PublicTest/neutral/neutral_PublicTest_30945.png,neutral,6,1.0,,,,,,,,,,,,,,,,,,,,
data/fer2013/PublicTest/sad/sad_PublicTest_30946.png,angry,0,1.0,,,,,,,,,,,,,,,,,,,,
data/fer2013/PublicTest/happy/happy_PublicTest_30948.png,happy,3,1.0,,,,,,,,,,,,,,,,,,,,
data/fer2013/PublicTest/surprise/surprise_PublicTest_30949.png,surprise,5,0.778,,,,,,,,,,,,,,,,,,,,
data/fer2013/PublicTest/sad/sad_PublicTest_30950.png,sad,4,0.7,,,,,,,,,,,,,,,,,,,,
data/fer2013/PublicTest/happy/happy_PublicTest_30951.png,happy,3,1.0,,,,,,,,,,,,,,,,,,,,
data/fer2013/PublicTest/neutral/neutral_PublicTest_30953.png,neutral,6,1.0,,,,,,,,,,,,,,,,,,,,
data/fer2013/PublicTest/neutral/neutral_PublicTest_30954.png,neutral,6,0.556,,,,,,,,,,,,,,,,,,,,
data/fer2013/PublicTest/happy/happy_PublicTest_30955.png,happy,3,1.0,,,,,,,,,,,,,,,,,,,,
data/fer2013/PublicTest/fear/fear_PublicTest_30956.png,angry,0,0.625,,,,,,,,,,,,,,,,,,,,
data/fer2013/PublicTest/sad/sad_PublicTest_30957.png,sad,4,1.0,,,,,,,,,,,,,,,,,,,,
data/fer2013/PublicTest/sad/sad_PublicTest_30958.png,sad,4,0.6,,,,,,,,,,,,,,,,,,,,
data/fer2013/PublicTest/neutral/neutral_PublicTest_30959.png,neutral,6,1.0,,,,,,,,,,,,,,,,,,,,
data/fer2013/PublicTest/happy/happy_PublicTest_30960.png,happy,3,1.0,,,,,,,,,,,,,,,,,,,,
data/fer2013/PublicTest/happy/happy_PublicTest_30961.png,happy,3,1.0,,,,,,,,,,,,,,,,,,,,
data/fer2013/PublicTest/happy/happy_PublicTest_30962.png,happy,3,0.8,,,,,,,,,,,,,,,,,,,,
data/fer2013/PublicTest/sad/sad_PublicTest_30963.png,sad,4,1.0,,,,,,,,,,,,,,,,,,,,
data/fer2013/PublicTest/happy/happy_PublicTest_30965.png,happy,3,1.0,,,,,,,,,,,,,,,,,,,,
data/fer2013/PublicTest/fear/fear_PublicTest_30966.png,neutral,6,0.556,,,,,,,,,,,,,,,,,,,,
data/fer2013/PublicTest/angry/angry_PublicTest_30967.png,neutral,6,1.0,,,,,,,,,,,,,,,,,,,,
data/fer2013/PublicTest/sad/sad_PublicTest_30968.png,neutral,6,1.0,,,,,,,,,,,,,,,,,,,,
data/fer2013/PublicTest/sad/sad_PublicTest_30969.png,neutral,6,0.8,,,,,,,,,,,,,,,,,,,,
data/fer2013/PublicTest/happy/happy_PublicTest_30970.png,happy,3,1.0,,,,,,,,,,,,,,,,,,,,
data/fer2013/PublicTest/surprise/surprise_PublicTest_30971.png,surprise,5,1.0,,,,,,,,,,,,,,,,,,,,
data/fer2013/PublicTest/angry/angry_PublicTest_30972.png,angry,0,0.778,,,,,,,,,,,,,,,,,,,,
data/fer2013/PublicTest/neutral/neutral_PublicTest_30973.png,neutral,6,1.0,,,,,,,,,,,,,,,,,,,,
data/fer2013/PublicTest/happy/happy_PublicTest_30974.png,happy,3,1.0,,,,,,,,,,,,,,,,,,,,
data/fer2013/PublicTest/happy/happy_PublicTest_30975.png,happy,3,1.0,,,,,,,,,,,,,,,,,,,,
data/fer2013/PublicTest/neutral/neutral_PublicTest_30976.png,neutral,6,0.778,,,,,,,,,,,,,,,,,,,,
data/fer2013/PublicTest/angry/angry_PublicTest_30977.png,neutral,6,1.0,,,,,,,,,,,,,,,,,,,,
data/fer2013/PublicTest/surprise/surprise_PublicTest_30978.png,surprise,5,1.0,,,,,,,,,,,,,,,,,,,,
data/fer2013/PublicTest/happy/happy_PublicTest_30979.png,happy,3,1.0,,,,,,,,,,,,,,,,,,,,
data/fer2013/PublicTest/sad/sad_PublicTest_30980.png,neutral,6,1.0,,,,,,,,,,,,,,,,,,,,
data/fer2013/PublicTest/angry/angry_PublicTest_30982.png,sad,4,1.0,,,,,,,,,,,,,,,,,,,,
data/fer2013/PublicTest/fear/fear_PublicTest_30983.png,neutral,6,0.8,,,,,,,,,,,,,,,,,,,,
data/fer2013/PublicTest/happy/happy_PublicTest_30984.png,neutral,6,0.6,,,,,,,,,,,,,,,,,,,,
data/fer2013/PublicTest/neutral/neutral_PublicTest_30985.png,neutral,6,1.0,,,,,,,,,,,,,,,,,,,,
data/fer2013/PublicTest/happy/happy_PublicTest_30986.png,happy,3,1.0,,,,,,,,,,,,,,,,,,,,
data/fer2013/PublicTest/neutral/neutral_PublicTest_30987.png,neutral,6,0.7,,,,,,,,,,,,,,,,,,,,
data/fer2013/PublicTest/sad/sad_PublicTest_30988.png,sad,4,0.7,,,,,,,,,,,,,,,,,,,,
data/fer2013/PublicTest/surprise/surprise_PublicTest_30989.png,surprise,5,1.0,,,,,,,,,,,,,,,,,,,,
data/fer2013/PublicTest/neutral/neutral_PublicTest_30990.png,neutral,6,1.0,,,,,,,,,,,,,,,,,,,,
data/fer2013/PublicTest/sad/sad_PublicTest_30991.png,sad,4,1.0,,,,,,,,,,,,,,,,,,,,
data/fer2013/PublicTest/neutral/neutral_PublicTest_30992.png,neutral,6,0.778,,,,,,,,,,,,,,,,,,,,
data/fer2013/PublicTest/surprise/surprise_PublicTest_30993.png,surprise,5,1.0,,,,,,,,,,,,,,,,,,,,
data/fer2013/PublicTest/sad/sad_PublicTest_30994.png,sad,4,0.8,,,,,,,,,,,,,,,,,,,,
data/fer2013/PublicTest/happy/happy_PublicTest_30995.png,happy,3,0.8,,,,,,,,,,,,,,,,,,,,
data/fer2013/PublicTest/sad/sad_PublicTest_30996.png,neutral,6,1.0,,,,,,,,,,,,,,,,,,,,
data/fer2013/PublicTest/neutral/neutral_PublicTest_30997.png,neutral,6,1.0,,,,,,,,,,,,,,,,,,,,
data/fer2013/PublicTest/neutral/neutral_PublicTest_30998.png,neutral,6,1.0,,,,,,,,,,,,,,,,,,,,
data/fer2013/PublicTest/happy/happy_PublicTest_30999.png,happy,3,1.0,,,,,,,,,,,,,,,,,,,,
data/fer2013/PublicTest/happy/happy_PublicTest_31000.png,happy,3,1.0,,,,,,,,,,,,,,,,,,,,
data/fer2013/PublicTest/happy/happy_PublicTest_31001.png,happy,3,1.0,,,,,,,,,,,,,,,,,,,,
data/fer2013/PublicTest/sad/sad_PublicTest_31002.png,sad,4,1.0,,,,,,,,,,,,,,,,,,,,
data/fer2013/PublicTest/happy/happy_PublicTest_31003.png,happy,3,1.0,,,,,,,,,,,,,,,,,,,,
data/fer2013/PublicTest/fear/fear_PublicTest_31004.png,surprise,5,0.667,,,,,,,,,,,,,,,,,,,,
data/fer2013/PublicTest/surprise/surprise_PublicTest_31005.png,surprise,5,1.0,,,,,,,,,,,,,,,,,,,,
data/fer2013/PublicTest/happy/happy_PublicTest_31006.png,happy,3,1.0,,,,,,,,,,,,,,,,,,,,
data/fer2013/PublicTest/fear/fear_PublicTest_31007.png,neutral,6,1.0,,,,,,,,,,,,,,,,,,,,
data/fer2013/PublicTest/surprise/surprise_PublicTest_31008.png,surprise,5,1.0,,,,,,,,,,,,,,,,,,,,
data/fer2013/PublicTest/sad/sad_PublicTest_31009.png,sad,4,0.625,,,,,,,,,,,,,,,,,,,,
data/fer2013/PublicTest/happy/happy_PublicTest_31010.png,neutral,6,0.6,,,,,,,,,,,,,,,,,,,,
data/fer2013/PublicTest/happy/happy_PublicTest_31011.png,happy,3,0.778,,,,,,,,,,,,,,,,,,,,
data/fer2013/PublicTest/happy/happy_PublicTest_31012.png,happy,3,1.0,,,,,,,,,,,,,,,,,,,,
data/fer2013/PublicTest/angry/angry_PublicTest_31013.png,angry,0,1.0,,,,,,,,,,,,,,,,,,,,
data/fer2013/PublicTest/fear/fear_PublicTest_31014.png,sad,4,1.0,,,,,,,,,,,,,,,,,,,,
data/fer2013/PublicTest/fear/fear_PublicTest_31015.png,neutral,6,0.75,,,,,,,,,,,,,,,,,,,,
data/fer2013/PublicTest/happy/happy_PublicTest_31016.png,happy,3,1.0,,,,,,,,,,,,,,,,,,,,
data/fer2013/PublicTest/happy/happy_PublicTest_31017.png,happy,3,1.0,,,,,,,,,,,,,,,,,,,,
data/fer2013/PublicTest/happy/happy_PublicTest_31018.png,happy,3,1.0,,,,,,,,,,,,,,,,,,,,
data/fer2013/PublicTest/angry/angry_PublicTest_31019.png,neutral,6,0.667,,,,,,,,,,,,,,,,,,,,
data/fer2013/PublicTest/happy/happy_PublicTest_31020.png,happy,3,1.0,,,,,,,,,,,,,,,,,,,,
data/fer2013/PublicTest/neutral/neutral_PublicTest_31021.png,neutral,6,1.0,,,,,,,,,,,,,,,,,,,,
data/fer2013/PublicTest/happy/happy_PublicTest_31022.png,happy,3,1.0,,,,,,,,,,,,,,,,,,,,
data/fer2013/PublicTest/neutral/neutral_PublicTest_31023.png,neutral,6,1.0,,,,,,,,,,,,,,,,,,,,
data/fer2013/PublicTest/happy/happy_PublicTest_31024.png,happy,3,1.0,,,,,,,,,,,,,,,,,,,,
data/fer2013/PublicTest/sad/sad_PublicTest_31025.png,angry,0,0.667,,,,,,,,,,,,,,,,,,,,
data/fer2013/PublicTest/neutral/neutral_PublicTest_31026.png,neutral,6,1.0,,,,,,,,,,,,,,,,,,,,
data/fer2013/PublicTest/happy/happy_PublicTest_31027.png,happy,3,1.0,,,,,,,,,,,,,,,,,,,,
data/fer2013/PublicTest/angry/angry_PublicTest_31028.png,angry,0,1.0,,,,,,,,,,,,,,,,,,,,
data/fer2013/PublicTest/happy/happy_PublicTest_31029.png,happy,3,1.0,,,,,,,,,,,,,,,,,,,,
data/fer2013/PublicTest/surprise/surprise_PublicTest_31030.png,surprise,5,0.75,,,,,,,,,,,,,,,,,,,,
data/fer2013/PublicTest/angry/angry_PublicTest_31031.png,angry,0,0.778,,,,,,,,,,,,,,,,,,,,
data/fer2013/PublicTest/sad/sad_PublicTest_31032.png,neutral,6,1.0,,,,,,,,,,,,,,,,,,,,
data/fer2013/PublicTest/angry/angry_PublicTest_31033.png,neutral,6,0.8,,,,,,,,,,,,,,,,,,,,
data/fer2013/PublicTest/surprise/surprise_PublicTest_31034.png,happy,3,1.0,,,,,,,,,,,,,,,,,,,,
data/fer2013/PublicTest/happy/happy_PublicTest_31035.png,happy,3,1.0,,,,,,,,,,,,,,,,,,,,
data/fer2013/PublicTest/sad/sad_PublicTest_31036.png,sad,4,0.778,,,,,,,,,,,,,,,,,,,,
data/fer2013/PublicTest/surprise/surprise_PublicTest_31037.png,surprise,5,1.0,,,,,,,,,,,,,,,,,,,,
data/fer2013/PublicTest/neutral/neutral_PublicTest_31038.png,neutral,6,1.0,,,,,,,,,,,,,,,,,,,,
data/fer2013/PublicTest/happy/happy_PublicTest_31039.png,happy,3,1.0,,,,,,,,,,,,,,,,,,,,
data/fer2013/PublicTest/sad/sad_PublicTest_31040.png,neutral,6,0.6,,,,,,,,,,,,,,,,,,,,
data/fer2013/PublicTest/neutral/neutral_PublicTest_31041.png,neutral,6,1.0,,,,,,,,,,,,,,,,,,,,
data/fer2013/PublicTest/angry/angry_PublicTest_31042.png,angry,0,1.0,,,,,,,,,,,,,,,,,,,,
data/fer2013/PublicTest/happy/happy_PublicTest_31043.png,happy,3,0.7,,,,,,,,,,,,,,,,,,,,
data/fer2013/PublicTest/angry/angry_PublicTest_31044.png,angry,0,0.556,,,,,,,,,,,,,,,,,,,,
data/fer2013/PublicTest/angry/angry_PublicTest_31045.png,angry,0,0.778,,,,,,,,,,,,,,,,,,,,
data/fer2013/PublicTest/fear/fear_PublicTest_31046.png,sad,4,1.0,,,,,,,,,,,,,,,,,,,,
data/fer2013/PublicTest/surprise/surprise_PublicTest_31047.png,surprise,5,0.7,,,,,,,,,,,,,,,,,,,,
data/fer2013/PublicTest/happy/happy_PublicTest_31048.png,happy,3,0.778,,,,,,,,,,,,,,,,,,,,
data/fer2013/PublicTest/sad/sad_PublicTest_31049.png,neutral,6,0.571,,,,,,,,,,,,,,,,,,,,
data/fer2013/PublicTest/neutral/neutral_PublicTest_31050.png,neutral,6,1.0,,,,,,,,,,,,,,,,,,,,
data/fer2013/PublicTest/happy/happy_PublicTest_31051.png,happy,3,1.0,,,,,,,,,,,,,,,,,,,,
data/fer2013/PublicTest/happy/happy_PublicTest_31052.png,happy,3,1.0,,,,,,,,,,,,,,,,,,,,
data/fer2013/PublicTest/happy/happy_PublicTest_31053.png,happy,3,1.0,,,,,,,,,,,,,,,,,,,,
data/fer2013/PublicTest/surprise/surprise_PublicTest_31054.png,surprise,5,1.0,,,,,,,,,,,,,,,,,,,,
data/fer2013/PublicTest/happy/happy_PublicTest_31056.png,happy,3,1.0,,,,,,,,,,,,,,,,,,,,
data/fer2013/PublicTest/neutral/neutral_PublicTest_31057.png,angry,0,0.556,,,,,,,,,,,,,,,,,,,,
data/fer2013/PublicTest/neutral/neutral_PublicTest_31059.png,happy,3,0.6,,,,,,,,,,,,,,,,,,,,
data/fer2013/PublicTest/sad/sad_PublicTest_31060.png,neutral,6,1.0,,,,,,,,,,,,,,,,,,,,
data/fer2013/PublicTest/happy/happy_PublicTest_31061.png,happy,3,1.0,,,,,,,,,,,,,,,,,,,,
data/fer2013/PublicTest/happy/happy_PublicTest_31062.png,happy,3,1.0,,,,,,,,,,,,,,,,,,,,
data/fer2013/PublicTest/happy/happy_PublicTest_31063.png,happy,3,1.0,,,,,,,,,,,,,,,,,,,,
data/fer2013/PublicTest/angry/angry_PublicTest_31064.png,neutral,6,0.556,,,,,,,,,,,,,,,,,,,,
data/fer2013/PublicTest/sad/sad_PublicTest_31065.png,sad,4,0.6,,,,,,,,,,,,,,,,,,,,
data/fer2013/PublicTest/happy/happy_PublicTest_31066.png,happy,3,1.0,,,,,,,,,,,,,,,,,,,,
data/fer2013/PublicTest/sad/sad_PublicTest_31067.png,sad,4,1.0,,,,,,,,,,,,,,,,,,,,
data/fer2013/PublicTest/angry/angry_PublicTest_31069.png,neutral,6,0.778,,,,,,,,,,,,,,,,,,,,
data/fer2013/PublicTest/neutral/neutral_PublicTest_31070.png,neutral,6,0.8,,,,,,,,,,,,,,,,,,,,
data/fer2013/PublicTest/surprise/surprise_PublicTest_31071.png,surprise,5,1.0,,,,,,,,,,,,,,,,,,,,
data/fer2013/PublicTest/sad/sad_PublicTest_31072.png,happy,3,0.8,,,,,,,,,,,,,,,,,,,,
data/fer2013/PublicTest/neutral/neutral_PublicTest_31073.png,neutral,6,1.0,,,,,,,,,,,,,,,,,,,,
data/fer2013/PublicTest/happy/happy_PublicTest_31074.png,happy,3,1.0,,,,,,,,,,,,,,,,,,,,
data/fer2013/PublicTest/neutral/neutral_PublicTest_31075.png,neutral,6,1.0,,,,,,,,,,,,,,,,,,,,
data/fer2013/PublicTest/happy/happy_PublicTest_31076.png,happy,3,1.0,,,,,,,,,,,,,,,,,,,,
data/fer2013/PublicTest/angry/angry_PublicTest_31077.png,angry,0,0.667,,,,,,,,,,,,,,,,,,,,
data/fer2013/PublicTest/sad/sad_PublicTest_31078.png,sad,4,1.0,,,,,,,,,,,,,,,,,,,,
data/fer2013/PublicTest/fear/fear_PublicTest_31079.png,angry,0,1.0,,,,,,,,,,,,,,,,,,,,
data/fer2013/PublicTest/happy/happy_PublicTest_31080.png,happy,3,1.0,,,,,,,,,,,,,,,,,,,,
data/fer2013/PublicTest/angry/angry_PublicTest_31081.png,neutral,6,0.778,,,,,,,,,,,,,,,,,,,,
data/fer2013/PublicTest/fear/fear_PublicTest_31082.png,sad,4,1.0,,,,,,,,,,,,,,,,,,,,
data/fer2013/PublicTest/angry/angry_PublicTest_31083.png,neutral,6,1.0,,,,,,,,,,,,,,,,,,,,
data/fer2013/PublicTest/happy/happy_PublicTest_31084.png,happy,3,1.0,,,,,,,,,,,,,,,,,,,,
data/fer2013/PublicTest/happy/happy_PublicTest_31085.png,happy,3,1.0,,,,,,,,,,,,,,,,,,,,
data/fer2013/PublicTest/happy/happy_PublicTest_31086.png,happy,3,0.8,,,,,,,,,,,,,,,,,,,,
data/fer2013/PublicTest/happy/happy_PublicTest_31087.png,happy,3,1.0,,,,,,,,,,,,,,,,,,,,
data/fer2013/PublicTest/angry/angry_PublicTest_31088.png,neutral,6,1.0,,,,,,,,,,,,,,,,,,,,
data/fer2013/PublicTest/happy/happy_PublicTest_31089.png,happy,3,0.75,,,,,,,,,,,,,,,,,,,,
data/fer2013/PublicTest/fear/fear_PublicTest_31090.png,surprise,5,1.0,,,,,,,,,,,,,,,,,,,,
data/fer2013/PublicTest/sad/sad_PublicTest_31092.png,neutral,6,1.0,,,,,,,,,,,,,,,,,,,,
data/fer2013/PublicTest/fear/fear_PublicTest_31093.png,fear,2,0.8,,,,,,,,,,,,,,,,,,,,
data/fer2013/PublicTest/sad/sad_PublicTest_31094.png,sad,4,0.778,,,,,,,,,,,,,,,,,,,,
data/fer2013/PublicTest/surprise/surprise_PublicTest_31095.png,surprise,5,0.8,,,,,,,,,,,,,,,,,,,,
data/fer2013/PublicTest/neutral/neutral_PublicTest_31096.png,neutral,6,0.778,,,,,,,,,,,,,,,,,,,,
data/fer2013/PublicTest/surprise/surprise_PublicTest_31097.png,surprise,5,1.0,,,,,,,,,,,,,,,,,,,,
data/fer2013/PublicTest/angry/angry_PublicTest_31098.png,neutral,6,1.0,,,,,,,,,,,,,,,,,,,,
data/fer2013/PublicTest/sad/sad_PublicTest_31099.png,sad,4,1.0,,,,,,,,,,,,,,,,,,,,
data/fer2013/PublicTest/angry/angry_PublicTest_31100.png,angry,0,1.0,,,,,,,,,,,,,,,,,,,,
data/fer2013/PublicTest/happy/happy_PublicTest_31101.png,happy,3,1.0,,,,,,,,,,,,,,,,,,,,
data/fer2013/PublicTest/surprise/surprise_PublicTest_31102.png,surprise,5,1.0,,,,,,,,,,,,,,,,,,,,
data/fer2013/PublicTest/sad/sad_PublicTest_31104.png,neutral,6,1.0,,,,,,,,,,,,,,,,,,,,
data/fer2013/PublicTest/fear/fear_PublicTest_31105.png,angry,0,1.0,,,,,,,,,,,,,,,,,,,,
data/fer2013/PublicTest/happy/happy_PublicTest_31106.png,happy,3,1.0,,,,,,,,,,,,,,,,,,,,
data/fer2013/PublicTest/fear/fear_PublicTest_31107.png,neutral,6,0.714,,,,,,,,,,,,,,,,,,,,
data/fer2013/PublicTest/sad/sad_PublicTest_31109.png,neutral,6,1.0,,,,,,,,,,,,,,,,,,,,
data/fer2013/PublicTest/neutral/neutral_PublicTest_31110.png,neutral,6,0.6,,,,,,,,,,,,,,,,,,,,
data/fer2013/PublicTest/happy/happy_PublicTest_31112.png,happy,3,1.0,,,,,,,,,,,,,,,,,,,,
data/fer2013/PublicTest/sad/sad_PublicTest_31113.png,sad,4,0.556,,,,,,,,,,,,,,,,,,,,
data/fer2013/PublicTest/fear/fear_PublicTest_31114.png,neutral,6,0.778,,,,,,,,,,,,,,,,,,,,
data/fer2013/PublicTest/fear/fear_PublicTest_31116.png,fear,2,1.0,,,,,,,,,,,,,,,,,,,,
data/fer2013/PublicTest/happy/happy_PublicTest_31118.png,happy,3,1.0,,,,,,,,,,,,,,,,,,,,
data/fer2013/PublicTest/happy/happy_PublicTest_31119.png,happy,3,1.0,,,,,,,,,,,,,,,,,,,,
data/fer2013/PublicTest/happy/happy_PublicTest_31121.png,happy,3,1.0,,,,,,,,,,,,,,,,,,,,
data/fer2013/PublicTest/fear/fear_PublicTest_31122.png,neutral,6,0.714,,,,,,,,,,,,,,,,,,,,
data/fer2013/PublicTest/neutral/neutral_PublicTest_31123.png,neutral,6,0.778,,,,,,,,,,,,,,,,,,,,
data/fer2013/PublicTest/happy/happy_PublicTest_31124.png,happy,3,1.0,,,,,,,,,,,,,,,,,,,,
data/fer2013/PublicTest/happy/happy_PublicTest_31128.png,happy,3,1.0,,,,,,,,,,,,,,,,,,,,
data/fer2013/PublicTest/neutral/neutral_PublicTest_31129.png,neutral,6,0.625,,,,,,,,,,,,,,,,,,,,
data/fer2013/PublicTest/fear/fear_PublicTest_31130.png,neutral,6,1.0,,,,,,,,,,,,,,,,,,,,
data/fer2013/PublicTest/happy/happy_PublicTest_31131.png,happy,3,1.0,,,,,,,,,,,,,,,,,,,,
data/fer2013/PublicTest/neutral/neutral_PublicTest_31132.png,neutral,6,0.625,,,,,,,,,,,,,,,,,,,,
data/fer2013/PublicTest/happy/happy_PublicTest_31133.png,happy,3,1.0,,,,,,,,,,,,,,,,,,,,
data/fer2013/PublicTest/happy/happy_PublicTest_31134.png,surprise,5,0.6,,,,,,,,,,,,,,,,,,,,
data/fer2013/PublicTest/neutral/neutral_PublicTest_31135.png,neutral,6,1.0,,,,,,,,,,,,,,,,,,,,
data/fer2013/PublicTest/happy/happy_PublicTest_31136.png,happy,3,1.0,,,,,,,,,,,,,,,,,,,,
data/fer2013/PublicTest/happy/happy_PublicTest_31137.png,happy,3,1.0,,,,,,,,,,,,,,,,,,,,
data/fer2013/PublicTest/angry/angry_PublicTest_31138.png,surprise,5,0.75,,,,,,,,,,,,,,,,,,,,
data/fer2013/PublicTest/neutral/neutral_PublicTest_31139.png,neutral,6,1.0,,,,,,,,,,,,,,,,,,,,
data/fer2013/PublicTest/happy/happy_PublicTest_31140.png,happy,3,1.0,,,,,,,,,,,,,,,,,,,,
data/fer2013/PublicTest/happy/happy_PublicTest_31141.png,happy,3,1.0,,,,,,,,,,,,,,,,,,,,
data/fer2013/PublicTest/angry/angry_PublicTest_31142.png,fear,2,1.0,,,,,,,,,,,,,,,,,,,,
data/fer2013/PublicTest/sad/sad_PublicTest_31143.png,sad,4,1.0,,,,,,,,,,,,,,,,,,,,
data/fer2013/PublicTest/happy/happy_PublicTest_31145.png,happy,3,0.6,,,,,,,,,,,,,,,,,,,,
data/fer2013/PublicTest/happy/happy_PublicTest_31146.png,happy,3,1.0,,,,,,,,,,,,,,,,,,,,
data/fer2013/PublicTest/surprise/surprise_PublicTest_31147.png,surprise,5,1.0,,,,,,,,,,,,,,,,,,,,
data/fer2013/PublicTest/happy/happy_PublicTest_31148.png,happy,3,1.0,,,,,,,,,,,,,,,,,,,,
data/fer2013/PublicTest/sad/sad_PublicTest_31149.png,neutral,6,0.778,,,,,,,,,,,,,,,,,,,,
data/fer2013/PublicTest/happy/happy_PublicTest_31150.png,happy,3,1.0,,,,,,,,,,,,,,,,,,,,
data/fer2013/PublicTest/angry/angry_PublicTest_31152.png,angry,0,0.667,,,,,,,,,,,,,,,,,,,,
data/fer2013/PublicTest/angry/angry_PublicTest_31153.png,angry,0,0.667,,,,,,,,,,,,,,,,,,,,
data/fer2013/PublicTest/angry/angry_PublicTest_31154.png,neutral,6,1.0,,,,,,,,,,,,,,,,,,,,
data/fer2013/PublicTest/sad/sad_PublicTest_31156.png,neutral,6,0.667,,,,,,,,,,,,,,,,,,,,
data/fer2013/PublicTest/fear/fear_PublicTest_31157.png,fear,2,0.778,,,,,,,,,,,,,,,,,,,,
data/fer2013/PublicTest/sad/sad_PublicTest_31158.png,neutral,6,1.0,,,,,,,,,,,,,,,,,,,,
data/fer2013/PublicTest/fear/fear_PublicTest_31159.png,surprise,5,0.8,,,,,,,,,,,,,,,,,,,,
data/fer2013/PublicTest/happy/happy_PublicTest_31160.png,happy,3,1.0,,,,,,,,,,,,,,,,,,,,
data/fer2013/PublicTest/sad/sad_PublicTest_31161.png,neutral,6,0.8,,,,,,,,,,,,,,,,,,,,
data/fer2013/PublicTest/angry/angry_PublicTest_31162.png,neutral,6,1.0,,,,,,,,,,,,,,,,,,,,
data/fer2013/PublicTest/neutral/neutral_PublicTest_31164.png,neutral,6,1.0,,,,,,,,,,,,,,,,,,,,
data/fer2013/PublicTest/happy/happy_PublicTest_31165.png,happy,3,0.7,,,,,,,,,,,,,,,,,,,,
data/fer2013/PublicTest/sad/sad_PublicTest_31166.png,angry,0,0.714,,,,,,,,,,,,,,,,,,,,
data/fer2013/PublicTest/happy/happy_PublicTest_31167.png,happy,3,1.0,,,,,,,,,,,,,,,,,,,,
data/fer2013/PublicTest/sad/sad_PublicTest_31168.png,angry,0,0.625,,,,,,,,,,,,,,,,,,,,
data/fer2013/PublicTest/neutral/neutral_PublicTest_31169.png,neutral,6,1.0,,,,,,,,,,,,,,,,,,,,
data/fer2013/PublicTest/happy/happy_PublicTest_31170.png,happy,3,1.0,,,,,,,,,,,,,,,,,,,,
data/fer2013/PublicTest/happy/happy_PublicTest_31171.png,happy,3,1.0,,,,,,,,,,,,,,,,,,,,
data/fer2013/PublicTest/neutral/neutral_PublicTest_31172.png,neutral,6,0.556,,,,,,,,,,,,,,,,,,,,
data/fer2013/PublicTest/surprise/surprise_PublicTest_31173.png,surprise,5,0.7,,,,,,,,,,,,,,,,,,,,
data/fer2013/PublicTest/sad/sad_PublicTest_31174.png,sad,4,1.0,,,,,,,,,,,,,,,,,,,,
data/fer2013/PublicTest/sad/sad_PublicTest_31175.png,neutral,6,0.778,,,,,,,,,,,,,,,,,,,,
data/fer2013/PublicTest/happy/happy_PublicTest_31176.png,happy,3,1.0,,,,,,,,,,,,,,,,,,,,
data/fer2013/PublicTest/happy/happy_PublicTest_31177.png,happy,3,1.0,,,,,,,,,,,,,,,,,,,,
data/fer2013/PublicTest/happy/happy_PublicTest_31178.png,happy,3,1.0,,,,,,,,,,,,,,,,,,,,
data/fer2013/PublicTest/happy/happy_PublicTest_31179.png,happy,3,0.75,,,,,,,,,,,,,,,,,,,,
data/fer2013/PublicTest/neutral/neutral_PublicTest_31180.png,neutral,6,0.8,,,,,,,,,,,,,,,,,,,,
data/fer2013/PublicTest/sad/sad_PublicTest_31182.png,neutral,6,0.556,,,,,,,,,,,,,,,,,,,,
data/fer2013/PublicTest/fear/fear_PublicTest_31184.png,neutral,6,1.0,,,,,,,,,,,,,,,,,,,,
data/fer2013/PublicTest/surprise/surprise_PublicTest_31185.png,surprise,5,1.0,,,,,,,,,,,,,,,,,,,,
data/fer2013/PublicTest/surprise/surprise_PublicTest_31187.png,neutral,6,1.0,,,,,,,,,,,,,,,,,,,,
data/fer2013/PublicTest/fear/fear_PublicTest_31188.png,fear,2,0.75,,,,,,,,,,,,,,,,,,,,
data/fer2013/PublicTest/neutral/neutral_PublicTest_31189.png,neutral,6,1.0,,,,,,,,,,,,,,,,,,,,
data/fer2013/PublicTest/sad/sad_PublicTest_31190.png,neutral,6,0.667,,,,,,,,,,,,,,,,,,,,
data/fer2013/PublicTest/sad/sad_PublicTest_31191.png,neutral,6,1.0,,,,,,,,,,,,,,,,,,,,
data/fer2013/PublicTest/surprise/surprise_PublicTest_31192.png,neutral,6,0.7,,,,,,,,,,,,,,,,,,,,
data/fer2013/PublicTest/angry/angry_PublicTest_31193.png,neutral,6,1.0,,,,,,,,,,,,,,,,,,,,
data/fer2013/PublicTest/surprise/surprise_PublicTest_31194.png,surprise,5,1.0,,,,,,,,,,,,,,,,,,,,
data/fer2013/PublicTest/angry/angry_PublicTest_31195.png,disgust,1,1.0,,,,,,,,,,,,,,,,,,,,
data/fer2013/PublicTest/disgust/disgust_PublicTest_31196.png,disgust,1,1.0,,,,,,,,,,,,,,,,,,,,
data/fer2013/PublicTest/sad/sad_PublicTest_31197.png,neutral,6,0.7,,,,,,,,,,,,,,,,,,,,
data/fer2013/PublicTest/surprise/surprise_PublicTest_31198.png,surprise,5,0.8,,,,,,,,,,,,,,,,,,,,
data/fer2013/PublicTest/surprise/surprise_PublicTest_31199.png,surprise,5,1.0,,,,,,,,,,,,,,,,,,,,
data/fer2013/PublicTest/happy/happy_PublicTest_31200.png,surprise,5,1.0,,,,,,,,,,,,,,,,,,,,
data/fer2013/PublicTest/fear/fear_PublicTest_31201.png,angry,0,0.556,,,,,,,,,,,,,,,,,,,,
data/fer2013/PublicTest/happy/happy_PublicTest_31202.png,happy,3,1.0,,,,,,,,,,,,,,,,,,,,
data/fer2013/PublicTest/fear/fear_PublicTest_31204.png,fear,2,0.778,,,,,,,,,,,,,,,,,,,,
data/fer2013/PublicTest/surprise/surprise_PublicTest_31206.png,surprise,5,1.0,,,,,,,,,,,,,,,,,,,,
data/fer2013/PublicTest/angry/angry_PublicTest_31207.png,angry,0,1.0,,,,,,,,,,,,,,,,,,,,
data/fer2013/PublicTest/happy/happy_PublicTest_31208.png,happy,3,1.0,,,,,,,,,,,,,,,,,,,,
data/fer2013/PublicTest/happy/happy_PublicTest_31209.png,happy,3,1.0,,,,,,,,,,,,,,,,,,,,
data/fer2013/PublicTest/angry/angry_PublicTest_31210.png,angry,0,1.0,,,,,,,,,,,,,,,,,,,,
data/fer2013/PublicTest/neutral/neutral_PublicTest_31211.png,neutral,6,1.0,,,,,,,,,,,,,,,,,,,,
data/fer2013/PublicTest/neutral/neutral_PublicTest_31212.png,sad,4,0.75,,,,,,,,,,,,,,,,,,,,
data/fer2013/PublicTest/angry/angry_PublicTest_31213.png,angry,0,1.0,,,,,,,,,,,,,,,,,,,,
data/fer2013/PublicTest/happy/happy_PublicTest_31214.png,happy,3,1.0,,,,,,,,,,,,,,,,,,,,
data/fer2013/PublicTest/fear/fear_PublicTest_31215.png,neutral,6,1.0,,,,,,,,,,,,,,,,,,,,
data/fer2013/PublicTest/sad/sad_PublicTest_31216.png,sad,4,1.0,,,,,,,,,,,,,,,,,,,,
data/fer2013/PublicTest/sad/sad_PublicTest_31217.png,neutral,6,1.0,,,,,,,,,,,,,,,,,,,,
data/fer2013/PublicTest/sad/sad_PublicTest_31218.png,sad,4,1.0,,,,,,,,,,,,,,,,,,,,
data/fer2013/PublicTest/surprise/surprise_PublicTest_31219.png,neutral,6,1.0,,,,,,,,,,,,,,,,,,,,
data/fer2013/PublicTest/sad/sad_PublicTest_31220.png,sad,4,1.0,,,,,,,,,,,,,,,,,,,,
data/fer2013/PublicTest/angry/angry_PublicTest_31221.png,neutral,6,0.6,,,,,,,,,,,,,,,,,,,,
data/fer2013/PublicTest/angry/angry_PublicTest_31222.png,contempt,7,0.8,,,,,,,,,,,,,,,,,,,,
data/fer2013/PublicTest/surprise/surprise_PublicTest_31223.png,surprise,5,1.0,,,,,,,,,,,,,,,,,,,,
data/fer2013/PublicTest/surprise/surprise_PublicTest_31224.png,angry,0,0.667,,,,,,,,,,,,,,,,,,,,
data/fer2013/PublicTest/surprise/surprise_PublicTest_31226.png,surprise,5,0.7,,,,,,,,,,,,,,,,,,,,
data/fer2013/PublicTest/sad/sad_PublicTest_31227.png,neutral,6,1.0,,,,,,,,,,,,,,,,,,,,
data/fer2013/PublicTest/fear/fear_PublicTest_31228.png,neutral,6,1.0,,,,,,,,,,,,,,,,,,,,
data/fer2013/PublicTest/angry/angry_PublicTest_31229.png,angry,0,0.556,,,,,,,,,,,,,,,,,,,,
data/fer2013/PublicTest/happy/happy_PublicTest_31230.png,happy,3,1.0,,,,,,,,,,,,,,,,,,,,
data/fer2013/PublicTest/angry/angry_PublicTest_31231.png,angry,0,0.667,,,,,,,,,,,,,,,,,,,,
data/fer2013/PublicTest/happy/happy_PublicTest_31233.png,neutral,6,0.8,,,,,,,,,,,,,,,,,,,,
data/fer2013/PublicTest/angry/angry_PublicTest_31235.png,angry,0,0.625,,,,,,,,,,,,,,,,,,,,
data/fer2013/PublicTest/happy/happy_PublicTest_31236.png,happy,3,1.0,,,,,,,,,,,,,,,,,,,,
data/fer2013/PublicTest/sad/sad_PublicTest_31237.png,neutral,6,0.7,,,,,,,,,,,,,,,,,,,,
data/fer2013/PublicTest/neutral/neutral_PublicTest_31238.png,sad,4,1.0,,,,,,,,,,,,,,,,,,,,
data/fer2013/PublicTest/happy/happy_PublicTest_31239.png,happy,3,1.0,,,,,,,,,,,,,,,,,,,,
data/fer2013/PublicTest/neutral/neutral_PublicTest_31240.png,contempt,7,0.556,,,,,,,,,,,,,,,,,,,,
data/fer2013/PublicTest/happy/happy_PublicTest_31241.png,happy,3,1.0,,,,,,,,,,,,,,,,,,,,
data/fer2013/PublicTest/happy/happy_PublicTest_31242.png,happy,3,1.0,,,,,,,,,,,,,,,,,,,,
data/fer2013/PublicTest/happy/happy_PublicTest_31243.png,happy,3,1.0,,,,,,,,,,,,,,,,,,,,
data/fer2013/PublicTest/happy/happy_PublicTest_31245.png,happy,3,1.0,,,,,,,,,,,,,,,,,,,,
data/fer2013/PublicTest/neutral/neutral_PublicTest_31246.png,neutral,6,1.0,,,,,,,,,,,,,,,,,,,,
data/fer2013/PublicTest/angry/angry_PublicTest_31247.png,angry,0,1.0,,,,,,,,,,,,,,,,,,,,
data/fer2013/PublicTest/sad/sad_PublicTest_31248.png,neutral,6,0.667,,,,,,,,,,,,,,,,,,,,
data/fer2013/PublicTest/sad/sad_PublicTest_31249.png,sad,4,0.667,,,,,,,,,,,,,,,,,,,,
data/fer2013/PublicTest/happy/happy_PublicTest_31250.png,happy,3,1.0,,,,,,,,,,,,,,,,,,,,
data/fer2013/PublicTest/happy/happy_PublicTest_31251.png,happy,3,1.0,,,,,,,,,,,,,,,,,,,,
data/fer2013/PublicTest/neutral/neutral_PublicTest_31252.png,neutral,6,0.556,,,,,,,,,,,,,,,,,,,,
data/fer2013/PublicTest/angry/angry_PublicTest_31253.png,angry,0,1.0,,,,,,,,,,,,,,,,,,,,
data/fer2013/PublicTest/fear/fear_PublicTest_31254.png,neutral,6,1.0,,,,,,,,,,,,,,,,,,,,
data/fer2013/PublicTest/happy/happy_PublicTest_31255.png,happy,3,1.0,,,,,,,,,,,,,,,,,,,,
data/fer2013/PublicTest/happy/happy_PublicTest_31256.png,happy,3,1.0,,,,,,,,,,,,,,,,,,,,
data/fer2013/PublicTest/neutral/neutral_PublicTest_31257.png,neutral,6,1.0,,,,,,,,,,,,,,,,,,,,
data/fer2013/PublicTest/happy/happy_PublicTest_31258.png,happy,3,1.0,,,,,,,,,,,,,,,,,,,,
data/fer2013/PublicTest/neutral/neutral_PublicTest_31260.png,neutral,6,1.0,,,,,,,,,,,,,,,,,,,,
data/fer2013/PublicTest/angry/angry_PublicTest_31261.png,angry,0,1.0,,,,,,,,,,,,,,,,,,,,
data/fer2013/PublicTest/fear/fear_PublicTest_31262.png,neutral,6,1.0,,,,,,,,,,,,,,,,,,,,
data/fer2013/PublicTest/neutral/neutral_PublicTest_31263.png,neutral,6,1.0,,,,,,,,,,,,,,,,,,,,
data/fer2013/PublicTest/neutral/neutral_PublicTest_31264.png,neutral,6,0.7,,,,,,,,,,,,,,,,,,,,
data/fer2013/PublicTest/sad/sad_PublicTest_31265.png,sad,4,1.0,,,,,,,,,,,,,,,,,,,,
data/fer2013/PublicTest/angry/angry_PublicTest_31266.png,angry,0,1.0,,,,,,,,,,,,,,,,,,,,
data/fer2013/PublicTest/neutral/neutral_PublicTest_31268.png,neutral,6,1.0,,,,,,,,,,,,,,,,,,,,
data/fer2013/PublicTest/neutral/neutral_PublicTest_31269.png,neutral,6,1.0,,,,,,,,,,,,,,,,,,,,
data/fer2013/PublicTest/fear/fear_PublicTest_31270.png,neutral,6,1.0,,,,,,,,,,,,,,,,,,,,
data/fer2013/PublicTest/angry/angry_PublicTest_31271.png,angry,0,0.571,,,,,,,,,,,,,,,,,,,,
data/fer2013/PublicTest/sad/sad_PublicTest_31272.png,sad,4,0.8,,,,,,,,,,,,,,,,,,,,
data/fer2013/PublicTest/happy/happy_PublicTest_31274.png,happy,3,0.8,,,,,,,,,,,,,,,,,,,,
data/fer2013/PublicTest/neutral/neutral_PublicTest_31275.png,neutral,6,1.0,,,,,,,,,,,,,,,,,,,,
data/fer2013/PublicTest/happy/happy_PublicTest_31276.png,happy,3,1.0,,,,,,,,,,,,,,,,,,,,
data/fer2013/PublicTest/sad/sad_PublicTest_31277.png,sad,4,0.625,,,,,,,,,,,,,,,,,,,,
data/fer2013/PublicTest/neutral/neutral_PublicTest_31278.png,neutral,6,0.8,,,,,,,,,,,,,,,,,,,,
data/fer2013/PublicTest/angry/angry_PublicTest_31279.png,sad,4,1.0,,,,,,,,,,,,,,,,,,,,
data/fer2013/PublicTest/angry/angry_PublicTest_31280.png,angry,0,1.0,,,,,,,,,,,,,,,,,,,,
data/fer2013/PublicTest/happy/happy_PublicTest_31282.png,happy,3,1.0,,,,,,,,,,,,,,,,,,,,
data/fer2013/PublicTest/sad/sad_PublicTest_31283.png,angry,0,1.0,,,,,,,,,,,,,,,,,,,,
data/fer2013/PublicTest/happy/happy_PublicTest_31285.png,happy,3,1.0,,,,,,,,,,,,,,,,,,,,
data/fer2013/PublicTest/fear/fear_PublicTest_31286.png,neutral,6,0.75,,,,,,,,,,,,,,,,,,,,
data/fer2013/PublicTest/neutral/neutral_PublicTest_31287.png,neutral,6,0.6,,,,,,,,,,,,,,,,,,,,
data/fer2013/PublicTest/sad/sad_PublicTest_31288.png,angry,0,0.556,,,,,,,,,,,,,,,,,,,,
data/fer2013/PublicTest/happy/happy_PublicTest_31289.png,neutral,6,0.7,,,,,,,,,,,,,,,,,,,,
data/fer2013/PublicTest/sad/sad_PublicTest_31290.png,sad,4,0.6,,,,,,,,,,,,,,,,,,,,
data/fer2013/PublicTest/happy/happy_PublicTest_31291.png,happy,3,1.0,,,,,,,,,,,,,,,,,,,,
data/fer2013/PublicTest/happy/happy_PublicTest_31292.png,happy,3,1.0,,,,,,,,,,,,,,,,,,,,
data/fer2013/PublicTest/angry/angry_PublicTest_31293.png,neutral,6,1.0,,,,,,,,,,,,,,,,,,,,
data/fer2013/PublicTest/surprise/surprise_PublicTest_31294.png,surprise,5,1.0,,,,,,,,,,,,,,,,,,,,
data/fer2013/PublicTest/happy/happy_PublicTest_31295.png,happy,3,1.0,,,,,,,,,,,,,,,,,,,,
data/fer2013/PublicTest/happy/happy_PublicTest_31297.png,happy,3,1.0,,,,,,,,,,,,,,,,,,,,
data/fer2013/PublicTest/happy/happy_PublicTest_31298.png,happy,3,1.0,,,,,,,,,,,,,,,,,,,,
data/fer2013/PublicTest/fear/fear_PublicTest_31299.png,surprise,5,0.6,,,,,,,,,,,,,,,,,,,,
data/fer2013/PublicTest/sad/sad_PublicTest_31300.png,sad,4,0.6,,,,,,,,,,,,,,,,,,,,
data/fer2013/PublicTest/happy/happy_PublicTest_31301.png,happy,3,1.0,,,,,,,,,,,,,,,,,,,,
data/fer2013/PublicTest/sad/sad_PublicTest_31302.png,sad,4,1.0,,,,,,,,,,,,,,,,,,,,
data/fer2013/PublicTest/happy/happy_PublicTest_31303.png,happy,3,1.0,,,,,,,,,,,,,,,,,,,,
data/fer2013/PublicTest/surprise/surprise_PublicTest_31304.png,neutral,6,0.778,,,,,,,,,,,,,,,,,,,,
data/fer2013/PublicTest/happy/happy_PublicTest_31305.png,happy,3,1.0,,,,,,,,,,,,,,,,,,,,
data/fer2013/PublicTest/surprise/surprise_PublicTest_31306.png,neutral,6,0.6,,,,,,,,,,,,,,,,,,,,
data/fer2013/PublicTest/neutral/neutral_PublicTest_31307.png,neutral,6,1.0,,,,,,,,,,,,,,,,,,,,
data/fer2013/PublicTest/happy/happy_PublicTest_31308.png,happy,3,0.556,,,,,,,,,,,,,,,,,,,,
data/fer2013/PublicTest/happy/happy_PublicTest_31309.png,happy,3,1.0,,,,,,,,,,,,,,,,,,,,
data/fer2013/PublicTest/fear/fear_PublicTest_31311.png,neutral,6,1.0,,,,,,,,,,,,,,,,,,,,
data/fer2013/PublicTest/fear/fear_PublicTest_31312.png,sad,4,0.6,,,,,,,,,,,,,,,,,,,,
data/fer2013/PublicTest/happy/happy_PublicTest_31314.png,neutral,6,1.0,,,,,,,,,,,,,,,,,,,,
data/fer2013/PublicTest/neutral/neutral_PublicTest_31315.png,neutral,6,1.0,,,,,,,,,,,,,,,,,,,,
data/fer2013/PublicTest/happy/happy_PublicTest_31316.png,happy,3,1.0,,,,,,,,,,,,,,,,,,,,
data/fer2013/PublicTest/neutral/neutral_PublicTest_31318.png,sad,4,1.0,,,,,,,,,,,,,,,,,,,,
data/fer2013/PublicTest/sad/sad_PublicTest_31319.png,neutral,6,0.625,,,,,,,,,,,,,,,,,,,,
data/fer2013/PublicTest/happy/happy_PublicTest_31320.png,happy,3,1.0,,,,,,,,,,,,,,,,,,,,
data/fer2013/PublicTest/sad/sad_PublicTest_31321.png,sad,4,0.667,,,,,,,,,,,,,,,,,,,,
data/fer2013/PublicTest/disgust/disgust_PublicTest_31322.png,disgust,1,0.571,,,,,,,,,,,,,,,,,,,,
data/fer2013/PublicTest/surprise/surprise_PublicTest_31324.png,surprise,5,1.0,,,,,,,,,,,,,,,,,,,,
data/fer2013/PublicTest/sad/sad_PublicTest_31325.png,sad,4,0.6,,,,,,,,,,,,,,,,,,,,
data/fer2013/PublicTest/sad/sad_PublicTest_31328.png,neutral,6,1.0,,,,,,,,,,,,,,,,,,,,
data/fer2013/PublicTest/happy/happy_PublicTest_31329.png,happy,3,1.0,,,,,,,,,,,,,,,,,,,,
data/fer2013/PublicTest/fear/fear_PublicTest_31330.png,neutral,6,1.0,,,,,,,,,,,,,,,,,,,,
data/fer2013/PublicTest/neutral/neutral_PublicTest_31332.png,neutral,6,1.0,,,,,,,,,,,,,,,,,,,,
data/fer2013/PublicTest/sad/sad_PublicTest_31333.png,sad,4,0.556,,,,,,,,,,,,,,,,,,,,
data/fer2013/PublicTest/happy/happy_PublicTest_31334.png,happy,3,1.0,,,,,,,,,,,,,,,,,,,,
data/fer2013/PublicTest/happy/happy_PublicTest_31335.png,neutral,6,1.0,,,,,,,,,,,,,,,,,,,,
data/fer2013/PublicTest/sad/sad_PublicTest_31336.png,happy,3,0.75,,,,,,,,,,,,,,,,,,,,
data/fer2013/PublicTest/angry/angry_PublicTest_31337.png,contempt,7,1.0,,,,,,,,,,,,,,,,,,,,
data/fer2013/PublicTest/angry/angry_PublicTest_31338.png,angry,0,0.7,,,,,,,,,,,,,,,,,,,,
data/fer2013/PublicTest/happy/happy_PublicTest_31339.png,happy,3,1.0,,,,,,,,,,,,,,,,,,,,
data/fer2013/PublicTest/surprise/surprise_PublicTest_31340.png,surprise,5,1.0,,,,,,,,,,,,,,,,,,,,
data/fer2013/PublicTest/fear/fear_PublicTest_31341.png,sad,4,0.556,,,,,,,,,,,,,,,,,,,,
data/fer2013/PublicTest/fear/fear_PublicTest_31342.png,sad,4,0.8,,,,,,,,,,,,,,,,,,,,
data/fer2013/PublicTest/angry/angry_PublicTest_31343.png,disgust,1,1.0,,,,,,,,,,,,,,,,,,,,
data/fer2013/PublicTest/surprise/surprise_PublicTest_31345.png,surprise,5,1.0,,,,,,,,,,,,,,,,,,,,
data/fer2013/PublicTest/happy/happy_PublicTest_31346.png,happy,3,1.0,,,,,,,,,,,,,,,,,,,,
data/fer2013/PublicTest/neutral/neutral_PublicTest_31347.png,neutral,6,1.0,,,,,,,,,,,,,,,,,,,,
data/fer2013/PublicTest/surprise/surprise_PublicTest_31348.png,surprise,5,1.0,,,,,,,,,,,,,,,,,,,,
data/fer2013/PublicTest/happy/happy_PublicTest_31349.png,happy,3,1.0,,,,,,,,,,,,,,,,,,,,
data/fer2013/PublicTest/happy/happy_PublicTest_31350.png,happy,3,1.0,,,,,,,,,,,,,,,,,,,,
data/fer2013/PublicTest/sad/sad_PublicTest_31351.png,sad,4,0.667,,,,,,,,,,,,,,,,,,,,
data/fer2013/PublicTest/surprise/surprise_PublicTest_31353.png,surprise,5,1.0,,,,,,,,,,,,,,,,,,,,
data/fer2013/PublicTest/surprise/surprise_PublicTest_31354.png,surprise,5,1.0,,,,,,,,,,,,,,,,,,,,
data/fer2013/PublicTest/fear/fear_PublicTest_31356.png,neutral,6,0.7,,,,,,,,,,,,,,,,,,,,
data/fer2013/PublicTest/fear/fear_PublicTest_31357.png,surprise,5,0.8,,,,,,,,,,,,,,,,,,,,
data/fer2013/PublicTest/happy/happy_PublicTest_31358.png,happy,3,1.0,,,,,,,,,,,,,,,,,,,,
data/fer2013/PublicTest/happy/happy_PublicTest_31359.png,surprise,5,0.7,,,,,,,,,,,,,,,,,,,,
data/fer2013/PublicTest/fear/fear_PublicTest_31360.png,neutral,6,1.0,,,,,,,,,,,,,,,,,,,,
data/fer2013/PublicTest/happy/happy_PublicTest_31361.png,happy,3,1.0,,,,,,,,,,,,,,,,,,,,
data/fer2013/PublicTest/happy/happy_PublicTest_31363.png,happy,3,1.0,,,,,,,,,,,,,,,,,,,,
data/fer2013/PublicTest/surprise/surprise_PublicTest_31364.png,surprise,5,0.778,,,,,,,,,,,,,,,,,,,,
data/fer2013/PublicTest/neutral/neutral_PublicTest_31365.png,neutral,6,1.0,,,,,,,,,,,,,,,,,,,,
data/fer2013/PublicTest/happy/happy_PublicTest_31366.png,happy,3,1.0,,,,,,,,,,,,,,,,,,,,
data/fer2013/PublicTest/sad/sad_PublicTest_31367.png,sad,4,0.571,,,,,,,,,,,,,,,,,,,,
data/fer2013/PublicTest/disgust/disgust_PublicTest_31368.png,disgust,1,0.556,,,,,,,,,,,,,,,,,,,,
data/fer2013/PublicTest/neutral/neutral_PublicTest_31369.png,neutral,6,1.0,,,,,,,,,,,,,,,,,,,,
data/fer2013/PublicTest/happy/happy_PublicTest_31370.png,happy,3,1.0,,,,,,,,,,,,,,,,,,,,
data/fer2013/PublicTest/neutral/neutral_PublicTest_31371.png,neutral,6,1.0,,,,,,,,,,,,,,,,,,,,
data/fer2013/PublicTest/neutral/neutral_PublicTest_31373.png,neutral,6,1.0,,,,,,,,,,,,,,,,,,,,
data/fer2013/PublicTest/happy/happy_PublicTest_31374.png,happy,3,1.0,,,,,,,,,,,,,,,,,,,,
data/fer2013/PublicTest/fear/fear_PublicTest_31375.png,neutral,6,1.0,,,,,,,,,,,,,,,,,,,,
data/fer2013/PublicTest/happy/happy_PublicTest_31376.png,happy,3,1.0,,,,,,,,,,,,,,,,,,,,
data/fer2013/PublicTest/happy/happy_PublicTest_31377.png,happy,3,1.0,,,,,,,,,,,,,,,,,,,,
data/fer2013/PublicTest/fear/fear_PublicTest_31379.png,sad,4,1.0,,,,,,,,,,,,,,,,,,,,
data/fer2013/PublicTest/sad/sad_PublicTest_31381.png,neutral,6,1.0,,,,,,,,,,,,,,,,,,,,
data/fer2013/PublicTest/neutral/neutral_PublicTest_31382.png,neutral,6,1.0,,,,,,,,,,,,,,,,,,,,
data/fer2013/PublicTest/angry/angry_PublicTest_31383.png,sad,4,0.7,,,,,,,,,,,,,,,,,,,,
data/fer2013/PublicTest/happy/happy_PublicTest_31384.png,happy,3,1.0,,,,,,,,,,,,,,,,,,,,
data/fer2013/PublicTest/happy/happy_PublicTest_31385.png,neutral,6,0.7,,,,,,,,,,,,,,,,,,,,
data/fer2013/PublicTest/sad/sad_PublicTest_31386.png,sad,4,0.8,,,,,,,,,,,,,,,,,,,,
data/fer2013/PublicTest/sad/sad_PublicTest_31387.png,neutral,6,0.8,,,,,,,,,,,,,,,,,,,,
data/fer2013/PublicTest/angry/angry_PublicTest_31388.png,angry,0,0.778,,,,,,,,,,,,,,,,,,,,
data/fer2013/PublicTest/happy/happy_PublicTest_31389.png,happy,3,0.6,,,,,,,,,,,,,,,,,,,,
data/fer2013/PublicTest/sad/sad_PublicTest_31390.png,neutral,6,0.667,,,,,,,,,,,,,,,,,,,,
data/fer2013/PublicTest/surprise/surprise_PublicTest_31391.png,surprise,5,1.0,,,,,,,,,,,,,,,,,,,,
data/fer2013/PublicTest/surprise/surprise_PublicTest_31392.png,surprise,5,0.8,,,,,,,,,,,,,,,,,,,,
data/fer2013/PublicTest/sad/sad_PublicTest_31393.png,sad,4,0.778,,,,,,,,,,,,,,,,,,,,
data/fer2013/PublicTest/sad/sad_PublicTest_31394.png,neutral,6,0.778,,,,,,,,,,,,,,,,,,,,
data/fer2013/PublicTest/fear/fear_PublicTest_31395.png,sad,4,1.0,,,,,,,,,,,,,,,,,,,,
data/fer2013/PublicTest/fear/fear_PublicTest_31396.png,neutral,6,1.0,,,,,,,,,,,,,,,,,,,,
data/fer2013/PublicTest/sad/sad_PublicTest_31397.png,neutral,6,0.6,,,,,,,,,,,,,,,,,,,,
data/fer2013/PublicTest/happy/happy_PublicTest_31399.png,happy,3,1.0,,,,,,,,,,,,,,,,,,,,
data/fer2013/PublicTest/sad/sad_PublicTest_31401.png,sad,4,0.625,,,,,,,,,,,,,,,,,,,,
data/fer2013/PublicTest/happy/happy_PublicTest_31402.png,happy,3,1.0,,,,,,,,,,,,,,,,,,,,
data/fer2013/PublicTest/sad/sad_PublicTest_31404.png,sad,4,0.6,,,,,,,,,,,,,,,,,,,,
data/fer2013/PublicTest/surprise/surprise_PublicTest_31405.png,surprise,5,1.0,,,,,,,,,,,,,,,,,,,,
data/fer2013/PublicTest/sad/sad_PublicTest_31406.png,neutral,6,1.0,,,,,,,,,,,,,,,,,,,,
data/fer2013/PublicTest/sad/sad_PublicTest_31407.png,neutral,6,0.8,,,,,,,,,,,,,,,,,,,,
data/fer2013/PublicTest/sad/sad_PublicTest_31409.png,neutral,6,0.714,,,,,,,,,,,,,,,,,,,,
data/fer2013/PublicTest/happy/happy_PublicTest_31410.png,happy,3,1.0,,,,,,,,,,,,,,,,,,,,
data/fer2013/PublicTest/fear/fear_PublicTest_31411.png,neutral,6,0.6,,,,,,,,,,,,,,,,,,,,
data/fer2013/PublicTest/neutral/neutral_PublicTest_31412.png,neutral,6,1.0,,,,,,,,,,,,,,,,,,,,
data/fer2013/PublicTest/happy/happy_PublicTest_31413.png,happy,3,1.0,,,,,,,,,,,,,,,,,,,,
data/fer2013/PublicTest/neutral/neutral_PublicTest_31414.png,sad,4,0.556,,,,,,,,,,,,,,,,,,,,
data/fer2013/PublicTest/neutral/neutral_PublicTest_31415.png,neutral,6,1.0,,,,,,,,,,,,,,,,,,,,
data/fer2013/PublicTest/sad/sad_PublicTest_31416.png,neutral,6,1.0,,,,,,,,,,,,,,,,,,,,
data/fer2013/PublicTest/sad/sad_PublicTest_31417.png,neutral,6,0.8,,,,,,,,,,,,,,,,,,,,
data/fer2013/PublicTest/fear/fear_PublicTest_31418.png,fear,2,1.0,,,,,,,,,,,,,,,,,,,,
data/fer2013/PublicTest/happy/happy_PublicTest_31419.png,happy,3,1.0,,,,,,,,,,,,,,,,,,,,
data/fer2013/PublicTest/happy/happy_PublicTest_31420.png,happy,3,1.0,,,,,,,,,,,,,,,,,,,,
data/fer2013/PublicTest/fear/fear_PublicTest_31421.png,neutral,6,1.0,,,,,,,,,,,,,,,,,,,,
data/fer2013/PublicTest/happy/happy_PublicTest_31422.png,happy,3,1.0,,,,,,,,,,,,,,,,,,,,
data/fer2013/PublicTest/surprise/surprise_PublicTest_31423.png,surprise,5,0.75,,,,,,,,,,,,,,,,,,,,
data/fer2013/PublicTest/sad/sad_PublicTest_31424.png,sad,4,0.556,,,,,,,,,,,,,,,,,,,,
data/fer2013/PublicTest/neutral/neutral_PublicTest_31425.png,neutral,6,1.0,,,,,,,,,,,,,,,,,,,,
data/fer2013/PublicTest/fear/fear_PublicTest_31426.png,neutral,6,1.0,,,,,,,,,,,,,,,,,,,,
data/fer2013/PublicTest/fear/fear_PublicTest_31427.png,sad,4,1.0,,,,,,,,,,,,,,,,,,,,
data/fer2013/PublicTest/angry/angry_PublicTest_31429.png,angry,0,1.0,,,,,,,,,,,,,,,,,,,,
data/fer2013/PublicTest/sad/sad_PublicTest_31431.png,sad,4,1.0,,,,,,,,,,,,,,,,,,,,
data/fer2013/PublicTest/neutral/neutral_PublicTest_31432.png,neutral,6,1.0,,,,,,,,,,,,,,,,,,,,
data/fer2013/PublicTest/surprise/surprise_PublicTest_31433.png,surprise,5,0.714,,,,,,,,,,,,,,,,,,,,
data/fer2013/PublicTest/sad/sad_PublicTest_31434.png,neutral,6,0.8,,,,,,,,,,,,,,,,,,,,
data/fer2013/PublicTest/neutral/neutral_PublicTest_31435.png,neutral,6,1.0,,,,,,,,,,,,,,,,,,,,
data/fer2013/PublicTest/neutral/neutral_PublicTest_31436.png,neutral,6,0.778,,,,,,,,,,,,,,,,,,,,
data/fer2013/PublicTest/sad/sad_PublicTest_31437.png,neutral,6,0.778,,,,,,,,,,,,,,,,,,,,
data/fer2013/PublicTest/happy/happy_PublicTest_31438.png,happy,3,0.7,,,,,,,,,,,,,,,,,,,,
data/fer2013/PublicTest/happy/happy_PublicTest_31439.png,happy,3,1.0,,,,,,,,,,,,,,,,,,,,
data/fer2013/PublicTest/happy/happy_PublicTest_31440.png,happy,3,1.0,,,,,,,,,,,,,,,,,,,,
data/fer2013/PublicTest/fear/fear_PublicTest_31441.png,sad,4,0.6,,,,,,,,,,,,,,,,,,,,
data/fer2013/PublicTest/angry/angry_PublicTest_31442.png,angry,0,1.0,,,,,,,,,,,,,,,,,,,,
data/fer2013/PublicTest/neutral/neutral_PublicTest_31443.png,neutral,6,1.0,,,,,,,,,,,,,,,,,,,,
data/fer2013/PublicTest/angry/angry_PublicTest_31444.png,neutral,6,1.0,,,,,,,,,,,,,,,,,,,,
data/fer2013/PublicTest/neutral/neutral_PublicTest_31446.png,neutral,6,1.0,,,,,,,,,,,,,,,,,,,,
data/fer2013/PublicTest/angry/angry_PublicTest_31447.png,disgust,1,0.625,,,,,,,,,,,,,,,,,,,,
data/fer2013/PublicTest/surprise/surprise_PublicTest_31448.png,surprise,5,0.778,,,,,,,,,,,,,,,,,,,,
data/fer2013/PublicTest/surprise/surprise_PublicTest_31451.png,surprise,5,1.0,,,,,,,,,,,,,,,,,,,,
data/fer2013/PublicTest/happy/happy_PublicTest_31452.png,happy,3,1.0,,,,,,,,,,,,,,,,,,,,
data/fer2013/PublicTest/happy/happy_PublicTest_31453.png,happy,3,1.0,,,,,,,,,,,,,,,,,,,,
data/fer2013/PublicTest/sad/sad_PublicTest_31454.png,neutral,6,1.0,,,,,,,,,,,,,,,,,,,,
data/fer2013/PublicTest/sad/sad_PublicTest_31455.png,neutral,6,0.8,,,,,,,,,,,,,,,,,,,,
data/fer2013/PublicTest/happy/happy_PublicTest_31456.png,happy,3,1.0,,,,,,,,,,,,,,,,,,,,
data/fer2013/PublicTest/happy/happy_PublicTest_31457.png,happy,3,1.0,,,,,,,,,,,,,,,,,,,,
data/fer2013/PublicTest/happy/happy_PublicTest_31458.png,happy,3,1.0,,,,,,,,,,,,,,,,,,,,
data/fer2013/PublicTest/fear/fear_PublicTest_31461.png,neutral,6,0.7,,,,,,,,,,,,,,,,,,,,
data/fer2013/PublicTest/happy/happy_PublicTest_31462.png,happy,3,1.0,,,,,,,,,,,,,,,,,,,,
data/fer2013/PublicTest/surprise/surprise_PublicTest_31463.png,surprise,5,0.667,,,,,,,,,,,,,,,,,,,,
data/fer2013/PublicTest/surprise/surprise_PublicTest_31464.png,surprise,5,1.0,,,,,,,,,,,,,,,,,,,,
data/fer2013/PublicTest/neutral/neutral_PublicTest_31466.png,neutral,6,0.75,,,,,,,,,,,,,,,,,,,,
data/fer2013/PublicTest/neutral/neutral_PublicTest_31467.png,neutral,6,0.625,,,,,,,,,,,,,,,,,,,,
data/fer2013/PublicTest/sad/sad_PublicTest_31468.png,angry,0,0.75,,,,,,,,,,,,,,,,,,,,
data/fer2013/PublicTest/neutral/neutral_PublicTest_31469.png,neutral,6,1.0,,,,,,,,,,,,,,,,,,,,
data/fer2013/PublicTest/sad/sad_PublicTest_31470.png,neutral,6,0.7,,,,,,,,,,,,,,,,,,,,
data/fer2013/PublicTest/sad/sad_PublicTest_31471.png,neutral,6,1.0,,,,,,,,,,,,,,,,,,,,
data/fer2013/PublicTest/angry/angry_PublicTest_31472.png,angry,0,1.0,,,,,,,,,,,,,,,,,,,,
data/fer2013/PublicTest/surprise/surprise_PublicTest_31473.png,surprise,5,1.0,,,,,,,,,,,,,,,,,,,,
data/fer2013/PublicTest/happy/happy_PublicTest_31474.png,happy,3,1.0,,,,,,,,,,,,,,,,,,,,
data/fer2013/PublicTest/fear/fear_PublicTest_31475.png,fear,2,0.778,,,,,,,,,,,,,,,,,,,,
data/fer2013/PublicTest/angry/angry_PublicTest_31476.png,neutral,6,1.0,,,,,,,,,,,,,,,,,,,,
data/fer2013/PublicTest/fear/fear_PublicTest_31477.png,angry,0,0.778,,,,,,,,,,,,,,,,,,,,
data/fer2013/PublicTest/neutral/neutral_PublicTest_31478.png,neutral,6,0.667,,,,,,,,,,,,,,,,,,,,
data/fer2013/PublicTest/surprise/surprise_PublicTest_31479.png,surprise,5,1.0,,,,,,,,,,,,,,,,,,,,
data/fer2013/PublicTest/sad/sad_PublicTest_31480.png,sad,4,1.0,,,,,,,,,,,,,,,,,,,,
data/fer2013/PublicTest/fear/fear_PublicTest_31481.png,neutral,6,0.571,,,,,,,,,,,,,,,,,,,,
data/fer2013/PublicTest/happy/happy_PublicTest_31482.png,happy,3,1.0,,,,,,,,,,,,,,,,,,,,
data/fer2013/PublicTest/neutral/neutral_PublicTest_31483.png,neutral,6,1.0,,,,,,,,,,,,,,,,,,,,
data/fer2013/PublicTest/sad/sad_PublicTest_31484.png,neutral,6,1.0,,,,,,,,,,,,,,,,,,,,
data/fer2013/PublicTest/neutral/neutral_PublicTest_31486.png,neutral,6,1.0,,,,,,,,,,,,,,,,,,,,
data/fer2013/PublicTest/neutral/neutral_PublicTest_31487.png,neutral,6,1.0,,,,,,,,,,,,,,,,,,,,
data/fer2013/PublicTest/fear/fear_PublicTest_31489.png,angry,0,1.0,,,,,,,,,,,,,,,,,,,,
data/fer2013/PublicTest/sad/sad_PublicTest_31490.png,sad,4,1.0,,,,,,,,,,,,,,,,,,,,
data/fer2013/PublicTest/angry/angry_PublicTest_31491.png,angry,0,1.0,,,,,,,,,,,,,,,,,,,,
data/fer2013/PublicTest/fear/fear_PublicTest_31492.png,fear,2,1.0,,,,,,,,,,,,,,,,,,,,
data/fer2013/PublicTest/surprise/surprise_PublicTest_31493.png,surprise,5,1.0,,,,,,,,,,,,,,,,,,,,
data/fer2013/PublicTest/fear/fear_PublicTest_31495.png,neutral,6,0.778,,,,,,,,,,,,,,,,,,,,
data/fer2013/PublicTest/surprise/surprise_PublicTest_31496.png,surprise,5,1.0,,,,,,,,,,,,,,,,,,,,
data/fer2013/PublicTest/angry/angry_PublicTest_31497.png,angry,0,0.571,,,,,,,,,,,,,,,,,,,,
data/fer2013/PublicTest/fear/fear_PublicTest_31498.png,sad,4,0.556,,,,,,,,,,,,,,,,,,,,
data/fer2013/PublicTest/sad/sad_PublicTest_31499.png,sad,4,1.0,,,,,,,,,,,,,,,,,,,,
data/fer2013/PublicTest/angry/angry_PublicTest_31500.png,angry,0,1.0,,,,,,,,,,,,,,,,,,,,
data/fer2013/PublicTest/neutral/neutral_PublicTest_31501.png,neutral,6,1.0,,,,,,,,,,,,,,,,,,,,
data/fer2013/PublicTest/neutral/neutral_PublicTest_31502.png,neutral,6,0.8,,,,,,,,,,,,,,,,,,,,
data/fer2013/PublicTest/sad/sad_PublicTest_31503.png,neutral,6,0.556,,,,,,,,,,,,,,,,,,,,
data/fer2013/PublicTest/surprise/surprise_PublicTest_31504.png,surprise,5,1.0,,,,,,,,,,,,,,,,,,,,
data/fer2013/PublicTest/angry/angry_PublicTest_31505.png,angry,0,1.0,,,,,,,,,,,,,,,,,,,,
data/fer2013/PublicTest/sad/sad_PublicTest_31506.png,neutral,6,1.0,,,,,,,,,,,,,,,,,,,,
data/fer2013/PublicTest/neutral/neutral_PublicTest_31507.png,neutral,6,0.8,,,,,,,,,,,,,,,,,,,,
data/fer2013/PublicTest/sad/sad_PublicTest_31508.png,sad,4,1.0,,,,,,,,,,,,,,,,,,,,
data/fer2013/PublicTest/sad/sad_PublicTest_31510.png,neutral,6,0.6,,,,,,,,,,,,,,,,,,,,
data/fer2013/PublicTest/sad/sad_PublicTest_31511.png,neutral,6,1.0,,,,,,,,,,,,,,,,,,,,
data/fer2013/PublicTest/surprise/surprise_PublicTest_31512.png,surprise,5,1.0,,,,,,,,,,,,,,,,,,,,
data/fer2013/PublicTest/fear/fear_PublicTest_31513.png,surprise,5,1.0,,,,,,,,,,,,,,,,,,,,
data/fer2013/PublicTest/happy/happy_PublicTest_31514.png,happy,3,1.0,,,,,,,,,,,,,,,,,,,,
data/fer2013/PublicTest/happy/happy_PublicTest_31515.png,happy,3,0.6,,,,,,,,,,,,,,,,,,,,
data/fer2013/PublicTest/sad/sad_PublicTest_31516.png,neutral,6,1.0,,,,,,,,,,,,,,,,,,,,
data/fer2013/PublicTest/neutral/neutral_PublicTest_31517.png,neutral,6,0.778,,,,,,,,,,,,,,,,,,,,
data/fer2013/PublicTest/angry/angry_PublicTest_31519.png,neutral,6,0.571,,,,,,,,,,,,,,,,,,,,
data/fer2013/PublicTest/fear/fear_PublicTest_31520.png,surprise,5,0.667,,,,,,,,,,,,,,,,,,,,
data/fer2013/PublicTest/sad/sad_PublicTest_31522.png,neutral,6,1.0,,,,,,,,,,,,,,,,,,,,
data/fer2013/PublicTest/surprise/surprise_PublicTest_31523.png,surprise,5,1.0,,,,,,,,,,,,,,,,,,,,
data/fer2013/PublicTest/happy/happy_PublicTest_31524.png,happy,3,1.0,,,,,,,,,,,,,,,,,,,,
data/fer2013/PublicTest/happy/happy_PublicTest_31525.png,happy,3,1.0,,,,,,,,,,,,,,,,,,,,
data/fer2013/PublicTest/fear/fear_PublicTest_31526.png,neutral,6,0.778,,,,,,,,,,,,,,,,,,,,
data/fer2013/PublicTest/sad/sad_PublicTest_31527.png,sad,4,1.0,,,,,,,,,,,,,,,,,,,,
data/fer2013/PublicTest/angry/angry_PublicTest_31529.png,angry,0,0.778,,,,,,,,,,,,,,,,,,,,
data/fer2013/PublicTest/angry/angry_PublicTest_31530.png,angry,0,1.0,,,,,,,,,,,,,,,,,,,,
data/fer2013/PublicTest/happy/happy_PublicTest_31531.png,neutral,6,1.0,,,,,,,,,,,,,,,,,,,,
data/fer2013/PublicTest/happy/happy_PublicTest_31532.png,happy,3,1.0,,,,,,,,,,,,,,,,,,,,
data/fer2013/PublicTest/surprise/surprise_PublicTest_31533.png,surprise,5,1.0,,,,,,,,,,,,,,,,,,,,
data/fer2013/PublicTest/sad/sad_PublicTest_31534.png,neutral,6,1.0,,,,,,,,,,,,,,,,,,,,
data/fer2013/PublicTest/fear/fear_PublicTest_31535.png,neutral,6,0.714,,,,,,,,,,,,,,,,,,,,
data/fer2013/PublicTest/sad/sad_PublicTest_31536.png,sad,4,0.7,,,,,,,,,,,,,,,,,,,,
data/fer2013/PublicTest/sad/sad_PublicTest_31537.png,neutral,6,1.0,,,,,,,,,,,,,,,,,,,,
data/fer2013/PublicTest/angry/angry_PublicTest_31538.png,happy,3,0.571,,,,,,,,,,,,,,,,,,,,
data/fer2013/PublicTest/sad/sad_PublicTest_31539.png,neutral,6,0.7,,,,,,,,,,,,,,,,,,,,
data/fer2013/PublicTest/happy/happy_PublicTest_31540.png,happy,3,0.667,,,,,,,,,,,,,,,,,,,,
data/fer2013/PublicTest/neutral/neutral_PublicTest_31541.png,neutral,6,1.0,,,,,,,,,,,,,,,,,,,,
data/fer2013/PublicTest/happy/happy_PublicTest_31542.png,happy,3,1.0,,,,,,,,,,,,,,,,,,,,
data/fer2013/PublicTest/angry/angry_PublicTest_31543.png,angry,0,0.75,,,,,,,,,,,,,,,,,,,,
data/fer2013/PublicTest/angry/angry_PublicTest_31544.png,neutral,6,0.8,,,,,,,,,,,,,,,,,,,,
data/fer2013/PublicTest/surprise/surprise_PublicTest_31545.png,surprise,5,0.714,,,,,,,,,,,,,,,,,,,,
data/fer2013/PublicTest/neutral/neutral_PublicTest_31546.png,neutral,6,0.778,,,,,,,,,,,,,,,,,,,,
data/fer2013/PublicTest/sad/sad_PublicTest_31547.png,sad,4,0.8,,,,,,,,,,,,,,,,,,,,
data/fer2013/PublicTest/sad/sad_PublicTest_31548.png,sad,4,0.7,,,,,,,,,,,,,,,,,,,,
data/fer2013/PublicTest/angry/angry_PublicTest_31549.png,happy,3,0.778,,,,,,,,,,,,,,,,,,,,
data/fer2013/PublicTest/surprise/surprise_PublicTest_31550.png,surprise,5,1.0,,,,,,,,,,,,,,,,,,,,
data/fer2013/PublicTest/happy/happy_PublicTest_31551.png,happy,3,1.0,,,,,,,,,,,,,,,,,,,,
data/fer2013/PublicTest/sad/sad_PublicTest_31552.png,sad,4,0.556,,,,,,,,,,,,,,,,,,,,
data/fer2013/PublicTest/happy/happy_PublicTest_31554.png,happy,3,1.0,,,,,,,,,,,,,,,,,,,,
data/fer2013/PublicTest/surprise/surprise_PublicTest_31556.png,happy,3,0.7,,,,,,,,,,,,,,,,,,,,
data/fer2013/PublicTest/happy/happy_PublicTest_31557.png,happy,3,1.0,,,,,,,,,,,,,,,,,,,,
data/fer2013/PublicTest/happy/happy_PublicTest_31558.png,happy,3,1.0,,,,,,,,,,,,,,,,,,,,
data/fer2013/PublicTest/surprise/surprise_PublicTest_31559.png,surprise,5,1.0,,,,,,,,,,,,,,,,,,,,
data/fer2013/PublicTest/fear/fear_PublicTest_31560.png,neutral,6,1.0,,,,,,,,,,,,,,,,,,,,
data/fer2013/PublicTest/neutral/neutral_PublicTest_31561.png,neutral,6,0.6,,,,,,,,,,,,,,,,,,,,
data/fer2013/PublicTest/surprise/surprise_PublicTest_31563.png,surprise,5,1.0,,,,,,,,,,,,,,,,,,,,
data/fer2013/PublicTest/angry/angry_PublicTest_31564.png,angry,0,1.0,,,,,,,,,,,,,,,,,,,,
data/fer2013/PublicTest/neutral/neutral_PublicTest_31565.png,neutral,6,0.8,,,,,,,,,,,,,,,,,,,,
data/fer2013/PublicTest/fear/fear_PublicTest_31567.png,fear,2,0.778,,,,,,,,,,,,,,,,,,,,
data/fer2013/PublicTest/fear/fear_PublicTest_31569.png,angry,0,0.8,,,,,,,,,,,,,,,,,,,,
data/fer2013/PublicTest/surprise/surprise_PublicTest_31570.png,surprise,5,0.7,,,,,,,,,,,,,,,,,,,,
data/fer2013/PublicTest/happy/happy_PublicTest_31571.png,happy,3,1.0,,,,,,,,,,,,,,,,,,,,
data/fer2013/PublicTest/happy/happy_PublicTest_31572.png,happy,3,1.0,,,,,,,,,,,,,,,,,,,,
data/fer2013/PublicTest/happy/happy_PublicTest_31573.png,happy,3,1.0,,,,,,,,,,,,,,,,,,,,
data/fer2013/PublicTest/happy/happy_PublicTest_31574.png,happy,3,1.0,,,,,,,,,,,,,,,,,,,,
data/fer2013/PublicTest/fear/fear_PublicTest_31575.png,neutral,6,1.0,,,,,,,,,,,,,,,,,,,,
data/fer2013/PublicTest/neutral/neutral_PublicTest_31576.png,neutral,6,1.0,,,,,,,,,,,,,,,,,,,,
data/fer2013/PublicTest/happy/happy_PublicTest_31577.png,happy,3,1.0,,,,,,,,,,,,,,,,,,,,
data/fer2013/PublicTest/neutral/neutral_PublicTest_31578.png,happy,3,1.0,,,,,,,,,,,,,,,,,,,,
data/fer2013/PublicTest/fear/fear_PublicTest_31579.png,angry,0,1.0,,,,,,,,,,,,,,,,,,,,
data/fer2013/PublicTest/sad/sad_PublicTest_31580.png,sad,4,0.6,,,,,,,,,,,,,,,,,,,,
data/fer2013/PublicTest/angry/angry_PublicTest_31581.png,angry,0,1.0,,,,,,,,,,,,,,,,,,,,
data/fer2013/PublicTest/sad/sad_PublicTest_31583.png,sad,4,0.7,,,,,,,,,,,,,,,,,,,,
data/fer2013/PublicTest/fear/fear_PublicTest_31584.png,neutral,6,1.0,,,,,,,,,,,,,,,,,,,,
data/fer2013/PublicTest/sad/sad_PublicTest_31585.png,neutral,6,1.0,,,,,,,,,,,,,,,,,,,,
data/fer2013/PublicTest/angry/angry_PublicTest_31586.png,angry,0,0.556,,,,,,,,,,,,,,,,,,,,
data/fer2013/PublicTest/surprise/surprise_PublicTest_31587.png,surprise,5,0.625,,,,,,,,,,,,,,,,,,,,
data/fer2013/PublicTest/fear/fear_PublicTest_31588.png,surprise,5,0.556,,,,,,,,,,,,,,,,,,,,
data/fer2013/PublicTest/angry/angry_PublicTest_31589.png,angry,0,0.8,,,,,,,,,,,,,,,,,,,,
data/fer2013/PublicTest/neutral/neutral_PublicTest_31591.png,neutral,6,1.0,,,,,,,,,,,,,,,,,,,,
data/fer2013/PublicTest/angry/angry_PublicTest_31592.png,angry,0,1.0,,,,,,,,,,,,,,,,,,,,
data/fer2013/PublicTest/neutral/neutral_PublicTest_31593.png,sad,4,0.625,,,,,,,,,,,,,,,,,,,,
data/fer2013/PublicTest/surprise/surprise_PublicTest_31594.png,surprise,5,0.6,,,,,,,,,,,,,,,,,,,,
data/fer2013/PublicTest/angry/angry_PublicTest_31595.png,angry,0,0.625,,,,,,,,,,,,,,,,,,,,
data/fer2013/PublicTest/neutral/neutral_PublicTest_31596.png,sad,4,0.714,,,,,,,,,,,,,,,,,,,,
data/fer2013/PublicTest/happy/happy_PublicTest_31597.png,happy,3,1.0,,,,,,,,,,,,,,,,,,,,
data/fer2013/PublicTest/happy/happy_PublicTest_31598.png,happy,3,1.0,,,,,,,,,,,,,,,,,,,,
data/fer2013/PublicTest/sad/sad_PublicTest_31600.png,sad,4,1.0,,,,,,,,,,,,,,,,,,,,
data/fer2013/PublicTest/sad/sad_PublicTest_31601.png,neutral,6,0.6,,,,,,,,,,,,,,,,,,,,
data/fer2013/PublicTest/neutral/neutral_PublicTest_31602.png,happy,3,0.8,,,,,,,,,,,,,,,,,,,,
data/fer2013/PublicTest/angry/angry_PublicTest_31603.png,angry,0,0.778,,,,,,,,,,,,,,,,,,,,
data/fer2013/PublicTest/disgust/disgust_PublicTest_31604.png,disgust,1,0.714,,,,,,,,,,,,,,,,,,,,
data/fer2013/PublicTest/happy/happy_PublicTest_31605.png,happy,3,0.556,,,,,,,,,,,,,,,,,,,,
data/fer2013/PublicTest/happy/happy_PublicTest_31606.png,happy,3,1.0,,,,,,,,,,,,,,,,,,,,
data/fer2013/PublicTest/surprise/surprise_PublicTest_31607.png,surprise,5,1.0,,,,,,,,,,,,,,,,,,,,
data/fer2013/PublicTest/neutral/neutral_PublicTest_31608.png,neutral,6,0.556,,,,,,,,,,,,,,,,,,,,
data/fer2013/PublicTest/angry/angry_PublicTest_31609.png,neutral,6,1.0,,,,,,,,,,,,,,,,,,,,
data/fer2013/PublicTest/sad/sad_PublicTest_31610.png,neutral,6,1.0,,,,,,,,,,,,,,,,,,,,
data/fer2013/PublicTest/angry/angry_PublicTest_31611.png,neutral,6,0.556,,,,,,,,,,,,,,,,,,,,
data/fer2013/PublicTest/surprise/surprise_PublicTest_31612.png,surprise,5,1.0,,,,,,,,,,,,,,,,,,,,
data/fer2013/PublicTest/angry/angry_PublicTest_31613.png,angry,0,1.0,,,,,,,,,,,,,,,,,,,,
data/fer2013/PublicTest/neutral/neutral_PublicTest_31614.png,neutral,6,1.0,,,,,,,,,,,,,,,,,,,,
data/fer2013/PublicTest/sad/sad_PublicTest_31615.png,neutral,6,0.778,,,,,,,,,,,,,,,,,,,,
data/fer2013/PublicTest/sad/sad_PublicTest_31616.png,angry,0,0.75,,,,,,,,,,,,,,,,,,,,
data/fer2013/PublicTest/happy/happy_PublicTest_31617.png,happy,3,1.0,,,,,,,,,,,,,,,,,,,,
data/fer2013/PublicTest/surprise/surprise_PublicTest_31618.png,surprise,5,0.6,,,,,,,,,,,,,,,,,,,,
data/fer2013/PublicTest/sad/sad_PublicTest_31619.png,neutral,6,1.0,,,,,,,,,,,,,,,,,,,,
data/fer2013/PublicTest/happy/happy_PublicTest_31620.png,happy,3,1.0,,,,,,,,,,,,,,,,,,,,
data/fer2013/PublicTest/happy/happy_PublicTest_31621.png,neutral,6,1.0,,,,,,,,,,,,,,,,,,,,
data/fer2013/PublicTest/angry/angry_PublicTest_31622.png,neutral,6,1.0,,,,,,,,,,,,,,,,,,,,
data/fer2013/PublicTest/neutral/neutral_PublicTest_31623.png,neutral,6,1.0,,,,,,,,,,,,,,,,,,,,
data/fer2013/PublicTest/neutral/neutral_PublicTest_31624.png,neutral,6,0.625,,,,,,,,,,,,,,,,,,,,
data/fer2013/PublicTest/fear/fear_PublicTest_31625.png,fear,2,0.556,,,,,,,,,,,,,,,,,,,,
data/fer2013/PublicTest/sad/sad_PublicTest_31626.png,sad,4,0.6,,,,,,,,,,,,,,,,,,,,
data/fer2013/PublicTest/happy/happy_PublicTest_31627.png,happy,3,1.0,,,,,,,,,,,,,,,,,,,,
data/fer2013/PublicTest/happy/happy_PublicTest_31628.png,happy,3,1.0,,,,,,,,,,,,,,,,,,,,
data/fer2013/PublicTest/happy/happy_PublicTest_31629.png,happy,3,1.0,,,,,,,,,,,,,,,,,,,,
data/fer2013/PublicTest/fear/fear_PublicTest_31630.png,neutral,6,0.6,,,,,,,,,,,,,,,,,,,,
data/fer2013/PublicTest/surprise/surprise_PublicTest_31631.png,happy,3,0.7,,,,,,,,,,,,,,,,,,,,
data/fer2013/PublicTest/surprise/surprise_PublicTest_31632.png,surprise,5,1.0,,,,,,,,,,,,,,,,,,,,
data/fer2013/PublicTest/surprise/surprise_PublicTest_31633.png,surprise,5,1.0,,,,,,,,,,,,,,,,,,,,
data/fer2013/PublicTest/angry/angry_PublicTest_31635.png,neutral,6,0.7,,,,,,,,,,,,,,,,,,,,
data/fer2013/PublicTest/happy/happy_PublicTest_31636.png,happy,3,1.0,,,,,,,,,,,,,,,,,,,,
data/fer2013/PublicTest/happy/happy_PublicTest_31637.png,happy,3,1.0,,,,,,,,,,,,,,,,,,,,
data/fer2013/PublicTest/fear/fear_PublicTest_31638.png,sad,4,0.556,,,,,,,,,,,,,,,,,,,,
data/fer2013/PublicTest/fear/fear_PublicTest_31639.png,surprise,5,1.0,,,,,,,,,,,,,,,,,,,,
data/fer2013/PublicTest/surprise/surprise_PublicTest_31640.png,surprise,5,0.667,,,,,,,,,,,,,,,,,,,,
data/fer2013/PublicTest/happy/happy_PublicTest_31641.png,happy,3,1.0,,,,,,,,,,,,,,,,,,,,
data/fer2013/PublicTest/sad/sad_PublicTest_31642.png,sad,4,0.8,,,,,,,,,,,,,,,,,,,,
data/fer2013/PublicTest/sad/sad_PublicTest_31643.png,sad,4,1.0,,,,,,,,,,,,,,,,,,,,
data/fer2013/PublicTest/happy/happy_PublicTest_31644.png,happy,3,1.0,,,,,,,,,,,,,,,,,,,,
data/fer2013/PublicTest/happy/happy_PublicTest_31645.png,happy,3,1.0,,,,,,,,,,,,,,,,,,,,
data/fer2013/PublicTest/neutral/neutral_PublicTest_31647.png,neutral,6,1.0,,,,,,,,,,,,,,,,,,,,
data/fer2013/PublicTest/angry/angry_PublicTest_31648.png,angry,0,1.0,,,,,,,,,,,,,,,,,,,,
data/fer2013/PublicTest/neutral/neutral_PublicTest_31649.png,neutral,6,1.0,,,,,,,,,,,,,,,,,,,,
data/fer2013/PublicTest/neutral/neutral_PublicTest_31650.png,neutral,6,1.0,,,,,,,,,,,,,,,,,,,,
data/fer2013/PublicTest/happy/happy_PublicTest_31651.png,happy,3,0.778,,,,,,,,,,,,,,,,,,,,
data/fer2013/PublicTest/sad/sad_PublicTest_31652.png,neutral,6,0.778,,,,,,,,,,,,,,,,,,,,
data/fer2013/PublicTest/sad/sad_PublicTest_31653.png,sad,4,1.0,,,,,,,,,,,,,,,,,,,,
data/fer2013/PublicTest/sad/sad_PublicTest_31654.png,sad,4,0.6,,,,,,,,,,,,,,,,,,,,
data/fer2013/PublicTest/fear/fear_PublicTest_31655.png,neutral,6,0.667,,,,,,,,,,,,,,,,,,,,
data/fer2013/PublicTest/sad/sad_PublicTest_31656.png,sad,4,1.0,,,,,,,,,,,,,,,,,,,,
data/fer2013/PublicTest/angry/angry_PublicTest_31657.png,sad,4,1.0,,,,,,,,,,,,,,,,,,,,
data/fer2013/PublicTest/neutral/neutral_PublicTest_31658.png,neutral,6,0.778,,,,,,,,,,,,,,,,,,,,
data/fer2013/PublicTest/happy/happy_PublicTest_31659.png,happy,3,0.8,,,,,,,,,,,,,,,,,,,,
data/fer2013/PublicTest/sad/sad_PublicTest_31660.png,neutral,6,0.6,,,,,,,,,,,,,,,,,,,,
data/fer2013/PublicTest/fear/fear_PublicTest_31661.png,surprise,5,1.0,,,,,,,,,,,,,,,,,,,,
data/fer2013/PublicTest/surprise/surprise_PublicTest_31662.png,surprise,5,1.0,,,,,,,,,,,,,,,,,,,,
data/fer2013/PublicTest/sad/sad_PublicTest_31663.png,neutral,6,1.0,,,,,,,,,,,,,,,,,,,,
data/fer2013/PublicTest/surprise/surprise_PublicTest_31664.png,surprise,5,0.75,,,,,,,,,,,,,,,,,,,,
data/fer2013/PublicTest/angry/angry_PublicTest_31666.png,angry,0,0.556,,,,,,,,,,,,,,,,,,,,
data/fer2013/PublicTest/surprise/surprise_PublicTest_31667.png,surprise,5,0.7,,,,,,,,,,,,,,,,,,,,
data/fer2013/PublicTest/happy/happy_PublicTest_31668.png,happy,3,1.0,,,,,,,,,,,,,,,,,,,,
data/fer2013/PublicTest/sad/sad_PublicTest_31669.png,neutral,6,0.667,,,,,,,,,,,,,,,,,,,,
data/fer2013/PublicTest/surprise/surprise_PublicTest_31671.png,surprise,5,1.0,,,,,,,,,,,,,,,,,,,,
data/fer2013/PublicTest/fear/fear_PublicTest_31672.png,sad,4,0.7,,,,,,,,,,,,,,,,,,,,
data/fer2013/PublicTest/angry/angry_PublicTest_31673.png,angry,0,1.0,,,,,,,,,,,,,,,,,,,,
data/fer2013/PublicTest/happy/happy_PublicTest_31674.png,happy,3,1.0,,,,,,,,,,,,,,,,,,,,
data/fer2013/PublicTest/happy/happy_PublicTest_31675.png,happy,3,1.0,,,,,,,,,,,,,,,,,,,,
data/fer2013/PublicTest/sad/sad_PublicTest_31676.png,sad,4,0.8,,,,,,,,,,,,,,,,,,,,
data/fer2013/PublicTest/neutral/neutral_PublicTest_31677.png,neutral,6,1.0,,,,,,,,,,,,,,,,,,,,
data/fer2013/PublicTest/fear/fear_PublicTest_31678.png,surprise,5,1.0,,,,,,,,,,,,,,,,,,,,
data/fer2013/PublicTest/happy/happy_PublicTest_31679.png,happy,3,1.0,,,,,,,,,,,,,,,,,,,,
data/fer2013/PublicTest/neutral/neutral_PublicTest_31680.png,neutral,6,1.0,,,,,,,,,,,,,,,,,,,,
data/fer2013/PublicTest/happy/happy_PublicTest_31682.png,happy,3,1.0,,,,,,,,,,,,,,,,,,,,
data/fer2013/PublicTest/happy/happy_PublicTest_31683.png,happy,3,1.0,,,,,,,,,,,,,,,,,,,,
data/fer2013/PublicTest/neutral/neutral_PublicTest_31685.png,neutral,6,1.0,,,,,,,,,,,,,,,,,,,,
data/fer2013/PublicTest/surprise/surprise_PublicTest_31686.png,surprise,5,1.0,,,,,,,,,,,,,,,,,,,,
data/fer2013/PublicTest/happy/happy_PublicTest_31687.png,happy,3,1.0,,,,,,,,,,,,,,,,,,,,
data/fer2013/PublicTest/neutral/neutral_PublicTest_31688.png,sad,4,0.6,,,,,,,,,,,,,,,,,,,,
data/fer2013/PublicTest/happy/happy_PublicTest_31689.png,happy,3,1.0,,,,,,,,,,,,,,,,,,,,
data/fer2013/PublicTest/neutral/neutral_PublicTest_31690.png,neutral,6,0.7,,,,,,,,,,,,,,,,,,,,
data/fer2013/PublicTest/happy/happy_PublicTest_31691.png,happy,3,1.0,,,,,,,,,,,,,,,,,,,,
data/fer2013/PublicTest/angry/angry_PublicTest_31692.png,angry,0,1.0,,,,,,,,,,,,,,,,,,,,
data/fer2013/PublicTest/angry/angry_PublicTest_31693.png,sad,4,1.0,,,,,,,,,,,,,,,,,,,,
data/fer2013/PublicTest/angry/angry_PublicTest_31694.png,angry,0,0.8,,,,,,,,,,,,,,,,,,,,
data/fer2013/PublicTest/neutral/neutral_PublicTest_31695.png,neutral,6,1.0,,,,,,,,,,,,,,,,,,,,
data/fer2013/PublicTest/happy/happy_PublicTest_31696.png,happy,3,1.0,,,,,,,,,,,,,,,,,,,,
data/fer2013/PublicTest/happy/happy_PublicTest_31697.png,happy,3,1.0,,,,,,,,,,,,,,,,,,,,
data/fer2013/PublicTest/surprise/surprise_PublicTest_31698.png,surprise,5,0.75,,,,,,,,,,,,,,,,,,,,
data/fer2013/PublicTest/surprise/surprise_PublicTest_31699.png,surprise,5,1.0,,,,,,,,,,,,,,,,,,,,
data/fer2013/PublicTest/neutral/neutral_PublicTest_31701.png,sad,4,0.571,,,,,,,,,,,,,,,,,,,,
data/fer2013/PublicTest/fear/fear_PublicTest_31702.png,neutral,6,1.0,,,,,,,,,,,,,,,,,,,,
data/fer2013/PublicTest/angry/angry_PublicTest_31703.png,sad,4,1.0,,,,,,,,,,,,,,,,,,,,
data/fer2013/PublicTest/neutral/neutral_PublicTest_31704.png,neutral,6,1.0,,,,,,,,,,,,,,,,,,,,
data/fer2013/PublicTest/sad/sad_PublicTest_31705.png,sad,4,0.667,,,,,,,,,,,,,,,,,,,,
data/fer2013/PublicTest/happy/happy_PublicTest_31707.png,happy,3,0.8,,,,,,,,,,,,,,,,,,,,
data/fer2013/PublicTest/happy/happy_PublicTest_31709.png,neutral,6,1.0,,,,,,,,,,,,,,,,,,,,
data/fer2013/PublicTest/sad/sad_PublicTest_31710.png,sad,4,1.0,,,,,,,,,,,,,,,,,,,,
data/fer2013/PublicTest/angry/angry_PublicTest_31711.png,angry,0,0.778,,,,,,,,,,,,,,,,,,,,
data/fer2013/PublicTest/sad/sad_PublicTest_31712.png,neutral,6,0.667,,,,,,,,,,,,,,,,,,,,
data/fer2013/PublicTest/neutral/neutral_PublicTest_31713.png,neutral,6,1.0,,,,,,,,,,,,,,,,,,,,
data/fer2013/PublicTest/neutral/neutral_PublicTest_31714.png,neutral,6,1.0,,,,,,,,,,,,,,,,,,,,
data/fer2013/PublicTest/surprise/surprise_PublicTest_31715.png,surprise,5,0.625,,,,,,,,,,,,,,,,,,,,
data/fer2013/PublicTest/angry/angry_PublicTest_31716.png,angry,0,0.556,,,,,,,,,,,,,,,,,,,,
data/fer2013/PublicTest/fear/fear_PublicTest_31717.png,neutral,6,0.625,,,,,,,,,,,,,,,,,,,,
data/fer2013/PublicTest/happy/happy_PublicTest_31718.png,happy,3,1.0,,,,,,,,,,,,,,,,,,,,
data/fer2013/PublicTest/fear/fear_PublicTest_31719.png,surprise,5,0.8,,,,,,,,,,,,,,,,,,,,
data/fer2013/PublicTest/sad/sad_PublicTest_31720.png,sad,4,1.0,,,,,,,,,,,,,,,,,,,,
data/fer2013/PublicTest/sad/sad_PublicTest_31721.png,sad,4,0.625,,,,,,,,,,,,,,,,,,,,
data/fer2013/PublicTest/angry/angry_PublicTest_31722.png,angry,0,0.667,,,,,,,,,,,,,,,,,,,,
data/fer2013/PublicTest/happy/happy_PublicTest_31723.png,neutral,6,1.0,,,,,,,,,,,,,,,,,,,,
data/fer2013/PublicTest/happy/happy_PublicTest_31724.png,happy,3,1.0,,,,,,,,,,,,,,,,,,,,
data/fer2013/PublicTest/happy/happy_PublicTest_31725.png,surprise,5,0.6,,,,,,,,,,,,,,,,,,,,
data/fer2013/PublicTest/angry/angry_PublicTest_31726.png,neutral,6,1.0,,,,,,,,,,,,,,,,,,,,
data/fer2013/PublicTest/happy/happy_PublicTest_31727.png,happy,3,0.556,,,,,,,,,,,,,,,,,,,,
data/fer2013/PublicTest/sad/sad_PublicTest_31728.png,angry,0,1.0,,,,,,,,,,,,,,,,,,,,
data/fer2013/PublicTest/angry/angry_PublicTest_31729.png,angry,0,0.556,,,,,,,,,,,,,,,,,,,,
data/fer2013/PublicTest/happy/happy_PublicTest_31730.png,happy,3,1.0,,,,,,,,,,,,,,,,,,,,
data/fer2013/PublicTest/surprise/surprise_PublicTest_31731.png,surprise,5,0.556,,,,,,,,,,,,,,,,,,,,
data/fer2013/PublicTest/fear/fear_PublicTest_31732.png,neutral,6,0.8,,,,,,,,,,,,,,,,,,,,
data/fer2013/PublicTest/sad/sad_PublicTest_31733.png,sad,4,1.0,,,,,,,,,,,,,,,,,,,,
data/fer2013/PublicTest/fear/fear_PublicTest_31735.png,surprise,5,0.667,,,,,,,,,,,,,,,,,,,,
data/fer2013/PublicTest/fear/fear_PublicTest_31736.png,neutral,6,0.571,,,,,,,,,,,,,,,,,,,,
data/fer2013/PublicTest/happy/happy_PublicTest_31737.png,happy,3,1.0,,,,,,,,,,,,,,,,,,,,
data/fer2013/PublicTest/fear/fear_PublicTest_31738.png,neutral,6,0.7,,,,,,,,,,,,,,,,,,,,
data/fer2013/PublicTest/happy/happy_PublicTest_31739.png,happy,3,1.0,,,,,,,,,,,,,,,,,,,,
data/fer2013/PublicTest/sad/sad_PublicTest_31740.png,neutral,6,0.75,,,,,,,,,,,,,,,,,,,,
data/fer2013/PublicTest/surprise/surprise_PublicTest_31741.png,surprise,5,1.0,,,,,,,,,,,,,,,,,,,,
data/fer2013/PublicTest/happy/happy_PublicTest_31742.png,happy,3,1.0,,,,,,,,,,,,,,,,,,,,
data/fer2013/PublicTest/fear/fear_PublicTest_31743.png,neutral,6,0.8,,,,,,,,,,,,,,,,,,,,
data/fer2013/PublicTest/surprise/surprise_PublicTest_31744.png,surprise,5,0.75,,,,,,,,,,,,,,,,,,,,
data/fer2013/PublicTest/neutral/neutral_PublicTest_31745.png,happy,3,0.7,,,,,,,,,,,,,,,,,,,,
data/fer2013/PublicTest/happy/happy_PublicTest_31746.png,happy,3,1.0,,,,,,,,,,,,,,,,,,,,
data/fer2013/PublicTest/surprise/surprise_PublicTest_31747.png,surprise,5,1.0,,,,,,,,,,,,,,,,,,,,
data/fer2013/PublicTest/neutral/neutral_PublicTest_31748.png,neutral,6,1.0,,,,,,,,,,,,,,,,,,,,
data/fer2013/PublicTest/angry/angry_PublicTest_31749.png,neutral,6,0.778,,,,,,,,,,,,,,,,,,,,
data/fer2013/PublicTest/neutral/neutral_PublicTest_31750.png,neutral,6,1.0,,,,,,,,,,,,,,,,,,,,
data/fer2013/PublicTest/neutral/neutral_PublicTest_31751.png,neutral,6,0.8,,,,,,,,,,,,,,,,,,,,
data/fer2013/PublicTest/happy/happy_PublicTest_31752.png,happy,3,1.0,,,,,,,,,,,,,,,,,,,,
data/fer2013/PublicTest/neutral/neutral_PublicTest_31753.png,neutral,6,0.556,,,,,,,,,,,,,,,,,,,,
data/fer2013/PublicTest/happy/happy_PublicTest_31754.png,happy,3,0.7,,,,,,,,,,,,,,,,,,,,
data/fer2013/PublicTest/happy/happy_PublicTest_31755.png,happy,3,1.0,,,,,,,,,,,,,,,,,,,,
data/fer2013/PublicTest/happy/happy_PublicTest_31756.png,happy,3,1.0,,,,,,,,,,,,,,,,,,,,
data/fer2013/PublicTest/happy/happy_PublicTest_31757.png,happy,3,1.0,,,,,,,,,,,,,,,,,,,,
data/fer2013/PublicTest/surprise/surprise_PublicTest_31758.png,surprise,5,0.6,,,,,,,,,,,,,,,,,,,,
data/fer2013/PublicTest/sad/sad_PublicTest_31759.png,neutral,6,1.0,,,,,,,,,,,,,,,,,,,,
data/fer2013/PublicTest/happy/happy_PublicTest_31760.png,happy,3,1.0,,,,,,,,,,,,,,,,,,,,
data/fer2013/PublicTest/happy/happy_PublicTest_31761.png,happy,3,1.0,,,,,,,,,,,,,,,,,,,,
data/fer2013/PublicTest/sad/sad_PublicTest_31762.png,neutral,6,1.0,,,,,,,,,,,,,,,,,,,,
data/fer2013/PublicTest/surprise/surprise_PublicTest_31763.png,surprise,5,1.0,,,,,,,,,,,,,,,,,,,,
data/fer2013/PublicTest/neutral/neutral_PublicTest_31764.png,neutral,6,1.0,,,,,,,,,,,,,,,,,,,,
data/fer2013/PublicTest/happy/happy_PublicTest_31765.png,happy,3,1.0,,,,,,,,,,,,,,,,,,,,
data/fer2013/PublicTest/neutral/neutral_PublicTest_31766.png,neutral,6,1.0,,,,,,,,,,,,,,,,,,,,
data/fer2013/PublicTest/neutral/neutral_PublicTest_31767.png,neutral,6,0.8,,,,,,,,,,,,,,,,,,,,
data/fer2013/PublicTest/fear/fear_PublicTest_31768.png,surprise,5,0.556,,,,,,,,,,,,,,,,,,,,
data/fer2013/PublicTest/neutral/neutral_PublicTest_31769.png,neutral,6,0.8,,,,,,,,,,,,,,,,,,,,
data/fer2013/PublicTest/happy/happy_PublicTest_31770.png,happy,3,1.0,,,,,,,,,,,,,,,,,,,,
data/fer2013/PublicTest/fear/fear_PublicTest_31771.png,neutral,6,0.8,,,,,,,,,,,,,,,,,,,,
data/fer2013/PublicTest/happy/happy_PublicTest_31772.png,happy,3,1.0,,,,,,,,,,,,,,,,,,,,
data/fer2013/PublicTest/fear/fear_PublicTest_31773.png,neutral,6,0.625,,,,,,,,,,,,,,,,,,,,
data/fer2013/PublicTest/neutral/neutral_PublicTest_31774.png,neutral,6,1.0,,,,,,,,,,,,,,,,,,,,
data/fer2013/PublicTest/surprise/surprise_PublicTest_31775.png,surprise,5,0.8,,,,,,,,,,,,,,,,,,,,
data/fer2013/PublicTest/neutral/neutral_PublicTest_31776.png,neutral,6,0.556,,,,,,,,,,,,,,,,,,,,
data/fer2013/PublicTest/fear/fear_PublicTest_31777.png,fear,2,0.8,,,,,,,,,,,,,,,,,,,,
data/fer2013/PublicTest/happy/happy_PublicTest_31778.png,happy,3,1.0,,,,,,,,,,,,,,,,,,,,
data/fer2013/PublicTest/angry/angry_PublicTest_31779.png,angry,0,1.0,,,,,,,,,,,,,,,,,,,,
data/fer2013/PublicTest/surprise/surprise_PublicTest_31781.png,surprise,5,0.556,,,,,,,,,,,,,,,,,,,,
data/fer2013/PublicTest/sad/sad_PublicTest_31783.png,sad,4,1.0,,,,,,,,,,,,,,,,,,,,
data/fer2013/PublicTest/surprise/surprise_PublicTest_31784.png,surprise,5,1.0,,,,,,,,,,,,,,,,,,,,
data/fer2013/PublicTest/happy/happy_PublicTest_31785.png,happy,3,1.0,,,,,,,,,,,,,,,,,,,,
data/fer2013/PublicTest/fear/fear_PublicTest_31786.png,surprise,5,0.778,,,,,,,,,,,,,,,,,,,,
data/fer2013/PublicTest/surprise/surprise_PublicTest_31787.png,surprise,5,1.0,,,,,,,,,,,,,,,,,,,,
data/fer2013/PublicTest/sad/sad_PublicTest_31788.png,neutral,6,1.0,,,,,,,,,,,,,,,,,,,,
data/fer2013/PublicTest/neutral/neutral_PublicTest_31789.png,neutral,6,1.0,,,,,,,,,,,,,,,,,,,,
data/fer2013/PublicTest/surprise/surprise_PublicTest_31790.png,surprise,5,1.0,,,,,,,,,,,,,,,,,,,,
data/fer2013/PublicTest/sad/sad_PublicTest_31791.png,sad,4,1.0,,,,,,,,,,,,,,,,,,,,
data/fer2013/PublicTest/happy/happy_PublicTest_31792.png,happy,3,1.0,,,,,,,,,,,,,,,,,,,,
data/fer2013/PublicTest/surprise/surprise_PublicTest_31793.png,surprise,5,0.6,,,,,,,,,,,,,,,,,,,,
data/fer2013/PublicTest/angry/angry_PublicTest_31794.png,angry,0,0.8,,,,,,,,,,,,,,,,,,,,
data/fer2013/PublicTest/surprise/surprise_PublicTest_31795.png,surprise,5,1.0,,,,,,,,,,,,,,,,,,,,
data/fer2013/PublicTest/disgust/disgust_PublicTest_31796.png,disgust,1,0.778,,,,,,,,,,,,,,,,,,,,
data/fer2013/PublicTest/fear/fear_PublicTest_31797.png,surprise,5,0.6,,,,,,,,,,,,,,,,,,,,
data/fer2013/PublicTest/neutral/neutral_PublicTest_31798.png,neutral,6,1.0,,,,,,,,,,,,,,,,,,,,
data/fer2013/PublicTest/surprise/surprise_PublicTest_31799.png,surprise,5,0.8,,,,,,,,,,,,,,,,,,,,
data/fer2013/PublicTest/fear/fear_PublicTest_31800.png,neutral,6,0.8,,,,,,,,,,,,,,,,,,,,
data/fer2013/PublicTest/happy/happy_PublicTest_31801.png,happy,3,1.0,,,,,,,,,,,,,,,,,,,,
data/fer2013/PublicTest/happy/happy_PublicTest_31802.png,happy,3,1.0,,,,,,,,,,,,,,,,,,,,
data/fer2013/PublicTest/happy/happy_PublicTest_31803.png,neutral,6,1.0,,,,,,,,,,,,,,,,,,,,
data/fer2013/PublicTest/fear/fear_PublicTest_31804.png,angry,0,0.8,,,,,,,,,,,,,,,,,,,,
data/fer2013/PublicTest/happy/happy_PublicTest_31806.png,happy,3,1.0,,,,,,,,,,,,,,,,,,,,
data/fer2013/PublicTest/sad/sad_PublicTest_31807.png,neutral,6,1.0,,,,,,,,,,,,,,,,,,,,
data/fer2013/PublicTest/neutral/neutral_PublicTest_31808.png,neutral,6,1.0,,,,,,,,,,,,,,,,,,,,
data/fer2013/PublicTest/happy/happy_PublicTest_31810.png,happy,3,1.0,,,,,,,,,,,,,,,,,,,,
data/fer2013/PublicTest/happy/happy_PublicTest_31811.png,happy,3,1.0,,,,,,,,,,,,,,,,,,,,
data/fer2013/PublicTest/happy/happy_PublicTest_31813.png,happy,3,1.0,,,,,,,,,,,,,,,,,,,,
data/fer2013/PublicTest/surprise/surprise_PublicTest_31814.png,surprise,5,1.0,,,,,,,,,,,,,,,,,,,,
data/fer2013/PublicTest/angry/angry_PublicTest_31815.png,sad,4,0.75,,,,,,,,,,,,,,,,,,,,
data/fer2013/PublicTest/sad/sad_PublicTest_31816.png,neutral,6,1.0,,,,,,,,,,,,,,,,,,,,
data/fer2013/PublicTest/sad/sad_PublicTest_31817.png,neutral,6,1.0,,,,,,,,,,,,,,,,,,,,
data/fer2013/PublicTest/neutral/neutral_PublicTest_31820.png,happy,3,1.0,,,,,,,,,,,,,,,,,,,,
data/fer2013/PublicTest/fear/fear_PublicTest_31821.png,fear,2,0.667,,,,,,,,,,,,,,,,,,,,
data/fer2013/PublicTest/happy/happy_PublicTest_31822.png,happy,3,1.0,,,,,,,,,,,,,,,,,,,,
data/fer2013/PublicTest/neutral/neutral_PublicTest_31823.png,contempt,7,0.625,,,,,,,,,,,,,,,,,,,,
data/fer2013/PublicTest/sad/sad_PublicTest_31824.png,sad,4,0.556,,,,,,,,,,,,,,,,,,,,
data/fer2013/PublicTest/surprise/surprise_PublicTest_31826.png,surprise,5,0.7,,,,,,,,,,,,,,,,,,,,
data/fer2013/PublicTest/sad/sad_PublicTest_31827.png,neutral,6,1.0,,,,,,,,,,,,,,,,,,,,
data/fer2013/PublicTest/disgust/disgust_PublicTest_31828.png,disgust,1,0.556,,,,,,,,,,,,,,,,,,,,
data/fer2013/PublicTest/sad/sad_PublicTest_31829.png,sad,4,1.0,,,,,,,,,,,,,,,,,,,,
data/fer2013/PublicTest/happy/happy_PublicTest_31830.png,happy,3,0.8,,,,,,,,,,,,,,,,,,,,
data/fer2013/PublicTest/neutral/neutral_PublicTest_31831.png,neutral,6,1.0,,,,,,,,,,,,,,,,,,,,
data/fer2013/PublicTest/neutral/neutral_PublicTest_31832.png,neutral,6,0.8,,,,,,,,,,,,,,,,,,,,
data/fer2013/PublicTest/happy/happy_PublicTest_31833.png,happy,3,1.0,,,,,,,,,,,,,,,,,,,,
data/fer2013/PublicTest/sad/sad_PublicTest_31834.png,sad,4,1.0,,,,,,,,,,,,,,,,,,,,
data/fer2013/PublicTest/neutral/neutral_PublicTest_31835.png,neutral,6,1.0,,,,,,,,,,,,,,,,,,,,
data/fer2013/PublicTest/sad/sad_PublicTest_31836.png,neutral,6,0.778,,,,,,,,,,,,,,,,,,,,
data/fer2013/PublicTest/sad/sad_PublicTest_31837.png,sad,4,1.0,,,,,,,,,,,,,,,,,,,,
data/fer2013/PublicTest/sad/sad_PublicTest_31838.png,neutral,6,1.0,,,,,,,,,,,,,,,,,,,,
data/fer2013/PublicTest/fear/fear_PublicTest_31839.png,angry,0,1.0,,,,,,,,,,,,,,,,,,,,
data/fer2013/PublicTest/angry/angry_PublicTest_31840.png,neutral,6,1.0,,,,,,,,,,,,,,,,,,,,
data/fer2013/PublicTest/neutral/neutral_PublicTest_31841.png,neutral,6,1.0,,,,,,,,,,,,,,,,,,,,
data/fer2013/PublicTest/fear/fear_PublicTest_31842.png,fear,2,0.778,,,,,,,,,,,,,,,,,,,,
data/fer2013/PublicTest/sad/sad_PublicTest_31843.png,sad,4,1.0,,,,,,,,,,,,,,,,,,,,
data/fer2013/PublicTest/fear/fear_PublicTest_31844.png,surprise,5,1.0,,,,,,,,,,,,,,,,,,,,
data/fer2013/PublicTest/sad/sad_PublicTest_31845.png,neutral,6,0.778,,,,,,,,,,,,,,,,,,,,
data/fer2013/PublicTest/happy/happy_PublicTest_31846.png,happy,3,1.0,,,,,,,,,,,,,,,,,,,,
data/fer2013/PublicTest/neutral/neutral_PublicTest_31847.png,sad,4,0.625,,,,,,,,,,,,,,,,,,,,
data/fer2013/PublicTest/surprise/surprise_PublicTest_31848.png,surprise,5,0.8,,,,,,,,,,,,,,,,,,,,
data/fer2013/PublicTest/angry/angry_PublicTest_31849.png,neutral,6,0.714,,,,,,,,,,,,,,,,,,,,
data/fer2013/PublicTest/happy/happy_PublicTest_31850.png,happy,3,1.0,,,,,,,,,,,,,,,,,,,,
data/fer2013/PublicTest/neutral/neutral_PublicTest_31851.png,neutral,6,1.0,,,,,,,,,,,,,,,,,,,,
data/fer2013/PublicTest/sad/sad_PublicTest_31852.png,neutral,6,1.0,,,,,,,,,,,,,,,,,,,,
data/fer2013/PublicTest/happy/happy_PublicTest_31853.png,happy,3,1.0,,,,,,,,,,,,,,,,,,,,
data/fer2013/PublicTest/neutral/neutral_PublicTest_31854.png,neutral,6,0.6,,,,,,,,,,,,,,,,,,,,
data/fer2013/PublicTest/fear/fear_PublicTest_31855.png,fear,2,1.0,,,,,,,,,,,,,,,,,,,,
data/fer2013/PublicTest/happy/happy_PublicTest_31856.png,happy,3,1.0,,,,,,,,,,,,,,,,,,,,
data/fer2013/PublicTest/happy/happy_PublicTest_31858.png,happy,3,1.0,,,,,,,,,,,,,,,,,,,,
data/fer2013/PublicTest/sad/sad_PublicTest_31859.png,neutral,6,0.6,,,,,,,,,,,,,,,,,,,,
data/fer2013/PublicTest/happy/happy_PublicTest_31861.png,happy,3,1.0,,,,,,,,,,,,,,,,,,,,
data/fer2013/PublicTest/fear/fear_PublicTest_31862.png,neutral,6,1.0,,,,,,,,,,,,,,,,,,,,
data/fer2013/PublicTest/happy/happy_PublicTest_31863.png,happy,3,1.0,,,,,,,,,,,,,,,,,,,,
data/fer2013/PublicTest/fear/fear_PublicTest_31864.png,neutral,6,0.667,,,,,,,,,,,,,,,,,,,,
data/fer2013/PublicTest/happy/happy_PublicTest_31865.png,happy,3,1.0,,,,,,,,,,,,,,,,,,,,
data/fer2013/PublicTest/angry/angry_PublicTest_31867.png,sad,4,0.714,,,,,,,,,,,,,,,,,,,,
data/fer2013/PublicTest/sad/sad_PublicTest_31868.png,sad,4,0.7,,,,,,,,,,,,,,,,,,,,
data/fer2013/PublicTest/neutral/neutral_PublicTest_31869.png,neutral,6,0.667,,,,,,,,,,,,,,,,,,,,
data/fer2013/PublicTest/happy/happy_PublicTest_31870.png,happy,3,0.8,,,,,,,,,,,,,,,,,,,,
data/fer2013/PublicTest/sad/sad_PublicTest_31871.png,neutral,6,1.0,,,,,,,,,,,,,,,,,,,,
data/fer2013/PublicTest/surprise/surprise_PublicTest_31872.png,surprise,5,1.0,,,,,,,,,,,,,,,,,,,,
data/fer2013/PublicTest/angry/angry_PublicTest_31873.png,angry,0,1.0,,,,,,,,,,,,,,,,,,,,
data/fer2013/PublicTest/angry/angry_PublicTest_31874.png,sad,4,1.0,,,,,,,,,,,,,,,,,,,,
data/fer2013/PublicTest/neutral/neutral_PublicTest_31876.png,neutral,6,1.0,,,,,,,,,,,,,,,,,,,,
data/fer2013/PublicTest/angry/angry_PublicTest_31877.png,angry,0,0.778,,,,,,,,,,,,,,,,,,,,
data/fer2013/PublicTest/neutral/neutral_PublicTest_31878.png,neutral,6,1.0,,,,,,,,,,,,,,,,,,,,
data/fer2013/PublicTest/angry/angry_PublicTest_31879.png,angry,0,1.0,,,,,,,,,,,,,,,,,,,,
data/fer2013/PublicTest/neutral/neutral_PublicTest_31880.png,neutral,6,1.0,,,,,,,,,,,,,,,,,,,,
data/fer2013/PublicTest/sad/sad_PublicTest_31881.png,neutral,6,0.625,,,,,,,,,,,,,,,,,,,,
data/fer2013/PublicTest/happy/happy_PublicTest_31883.png,happy,3,1.0,,,,,,,,,,,,,,,,,,,,
data/fer2013/PublicTest/neutral/neutral_PublicTest_31884.png,neutral,6,0.556,,,,,,,,,,,,,,,,,,,,
data/fer2013/PublicTest/fear/fear_PublicTest_31885.png,fear,2,0.75,,,,,,,,,,,,,,,,,,,,
data/fer2013/PublicTest/sad/sad_PublicTest_31887.png,sad,4,1.0,,,,,,,,,,,,,,,,,,,,
data/fer2013/PublicTest/happy/happy_PublicTest_31889.png,happy,3,0.6,,,,,,,,,,,,,,,,,,,,
data/fer2013/PublicTest/happy/happy_PublicTest_31890.png,happy,3,1.0,,,,,,,,,,,,,,,,,,,,
data/fer2013/PublicTest/neutral/neutral_PublicTest_31891.png,neutral,6,1.0,,,,,,,,,,,,,,,,,,,,
data/fer2013/PublicTest/surprise/surprise_PublicTest_31892.png,surprise,5,0.8,,,,,,,,,,,,,,,,,,,,
data/fer2013/PublicTest/sad/sad_PublicTest_31894.png,sad,4,1.0,,,,,,,,,,,,,,,,,,,,
data/fer2013/PublicTest/surprise/surprise_PublicTest_31895.png,surprise,5,1.0,,,,,,,,,,,,,,,,,,,,
data/fer2013/PublicTest/happy/happy_PublicTest_31896.png,happy,3,1.0,,,,,,,,,,,,,,,,,,,,
data/fer2013/PublicTest/happy/happy_PublicTest_31897.png,happy,3,1.0,,,,,,,,,,,,,,,,,,,,
data/fer2013/PublicTest/neutral/neutral_PublicTest_31898.png,neutral,6,1.0,,,,,,,,,,,,,,,,,,,,
data/fer2013/PublicTest/surprise/surprise_PublicTest_31899.png,surprise,5,1.0,,,,,,,,,,,,,,,,,,,,
data/fer2013/PublicTest/sad/sad_PublicTest_31900.png,neutral,6,1.0,,,,,,,,,,,,,,,,,,,,
data/fer2013/PublicTest/sad/sad_PublicTest_31901.png,neutral,6,1.0,,,,,,,,,,,,,,,,,,,,
data/fer2013/PublicTest/surprise/surprise_PublicTest_31902.png,surprise,5,1.0,,,,,,,,,,,,,,,,,,,,
data/fer2013/PublicTest/fear/fear_PublicTest_31903.png,fear,2,0.556,,,,,,,,,,,,,,,,,,,,
data/fer2013/PublicTest/fear/fear_PublicTest_31904.png,sad,4,1.0,,,,,,,,,,,,,,,,,,,,
data/fer2013/PublicTest/surprise/surprise_PublicTest_31905.png,surprise,5,1.0,,,,,,,,,,,,,,,,,,,,
data/fer2013/PublicTest/neutral/neutral_PublicTest_31906.png,neutral,6,1.0,,,,,,,,,,,,,,,,,,,,
data/fer2013/PublicTest/sad/sad_PublicTest_31907.png,sad,4,1.0,,,,,,,,,,,,,,,,,,,,
data/fer2013/PublicTest/happy/happy_PublicTest_31908.png,happy,3,1.0,,,,,,,,,,,,,,,,,,,,
data/fer2013/PublicTest/neutral/neutral_PublicTest_31909.png,neutral,6,0.75,,,,,,,,,,,,,,,,,,,,
data/fer2013/PublicTest/happy/happy_PublicTest_31910.png,happy,3,1.0,,,,,,,,,,,,,,,,,,,,
data/fer2013/PublicTest/sad/sad_PublicTest_31911.png,neutral,6,1.0,,,,,,,,,,,,,,,,,,,,
data/fer2013/PublicTest/sad/sad_PublicTest_31912.png,happy,3,0.7,,,,,,,,,,,,,,,,,,,,
data/fer2013/PublicTest/sad/sad_PublicTest_31913.png,happy,3,0.667,,,,,,,,,,,,,,,,,,,,
data/fer2013/PublicTest/fear/fear_PublicTest_31914.png,neutral,6,0.625,,,,,,,,,,,,,,,,,,,,
data/fer2013/PublicTest/fear/fear_PublicTest_31916.png,fear,2,0.556,,,,,,,,,,,,,,,,,,,,
data/fer2013/PublicTest/angry/angry_PublicTest_31917.png,contempt,7,0.556,,,,,,,,,,,,,,,,,,,,
data/fer2013/PublicTest/surprise/surprise_PublicTest_31918.png,neutral,6,1.0,,,,,,,,,,,,,,,,,,,,
data/fer2013/PublicTest/fear/fear_PublicTest_31919.png,neutral,6,1.0,,,,,,,,,,,,,,,,,,,,
data/fer2013/PublicTest/fear/fear_PublicTest_31920.png,angry,0,0.778,,,,,,,,,,,,,,,,,,,,
data/fer2013/PublicTest/angry/angry_PublicTest_31921.png,angry,0,0.778,,,,,,,,,,,,,,,,,,,,
data/fer2013/PublicTest/happy/happy_PublicTest_31922.png,happy,3,1.0,,,,,,,,,,,,,,,,,,,,
data/fer2013/PublicTest/neutral/neutral_PublicTest_31924.png,neutral,6,0.778,,,,,,,,,,,,,,,,,,,,
data/fer2013/PublicTest/angry/angry_PublicTest_31925.png,angry,0,0.75,,,,,,,,,,,,,,,,,,,,
data/fer2013/PublicTest/angry/angry_PublicTest_31926.png,neutral,6,0.75,,,,,,,,,,,,,,,,,,,,
data/fer2013/PublicTest/happy/happy_PublicTest_31927.png,neutral,6,1.0,,,,,,,,,,,,,,,,,,,,
data/fer2013/PublicTest/angry/angry_PublicTest_31928.png,angry,0,0.714,,,,,,,,,,,,,,,,,,,,
data/fer2013/PublicTest/happy/happy_PublicTest_31929.png,surprise,5,1.0,,,,,,,,,,,,,,,,,,,,
data/fer2013/PublicTest/neutral/neutral_PublicTest_31930.png,neutral,6,1.0,,,,,,,,,,,,,,,,,,,,
data/fer2013/PublicTest/angry/angry_PublicTest_31931.png,angry,0,1.0,,,,,,,,,,,,,,,,,,,,
data/fer2013/PublicTest/angry/angry_PublicTest_31932.png,neutral,6,1.0,,,,,,,,,,,,,,,,,,,,
data/fer2013/PublicTest/happy/happy_PublicTest_31933.png,happy,3,1.0,,,,,,,,,,,,,,,,,,,,
data/fer2013/PublicTest/happy/happy_PublicTest_31934.png,happy,3,1.0,,,,,,,,,,,,,,,,,,,,
data/fer2013/PublicTest/surprise/surprise_PublicTest_31935.png,surprise,5,1.0,,,,,,,,,,,,,,,,,,,,
data/fer2013/PublicTest/angry/angry_PublicTest_31936.png,neutral,6,1.0,,,,,,,,,,,,,,,,,,,,
data/fer2013/PublicTest/angry/angry_PublicTest_31937.png,neutral,6,1.0,,,,,,,,,,,,,,,,,,,,
data/fer2013/PublicTest/sad/sad_PublicTest_31938.png,neutral,6,1.0,,,,,,,,,,,,,,,,,,,,
data/fer2013/PublicTest/angry/angry_PublicTest_31939.png,surprise,5,0.667,,,,,,,,,,,,,,,,,,,,
data/fer2013/PublicTest/fear/fear_PublicTest_31940.png,neutral,6,1.0,,,,,,,,,,,,,,,,,,,,
data/fer2013/PublicTest/neutral/neutral_PublicTest_31943.png,neutral,6,0.7,,,,,,,,,,,,,,,,,,,,
data/fer2013/PublicTest/fear/fear_PublicTest_31944.png,neutral,6,0.625,,,,,,,,,,,,,,,,,,,,
data/fer2013/PublicTest/happy/happy_PublicTest_31945.png,happy,3,1.0,,,,,,,,,,,,,,,,,,,,
data/fer2013/PublicTest/angry/angry_PublicTest_31946.png,angry,0,0.667,,,,,,,,,,,,,,,,,,,,
data/fer2013/PublicTest/neutral/neutral_PublicTest_31949.png,neutral,6,1.0,,,,,,,,,,,,,,,,,,,,
data/fer2013/PublicTest/happy/happy_PublicTest_31950.png,happy,3,1.0,,,,,,,,,,,,,,,,,,,,
data/fer2013/PublicTest/happy/happy_PublicTest_31951.png,happy,3,1.0,,,,,,,,,,,,,,,,,,,,
data/fer2013/PublicTest/happy/happy_PublicTest_31952.png,happy,3,1.0,,,,,,,,,,,,,,,,,,,,
data/fer2013/PublicTest/surprise/surprise_PublicTest_31953.png,surprise,5,0.75,,,,,,,,,,,,,,,,,,,,
data/fer2013/PublicTest/fear/fear_PublicTest_31954.png,sad,4,1.0,,,,,,,,,,,,,,,,,,,,
data/fer2013/PublicTest/neutral/neutral_PublicTest_31955.png,neutral,6,0.7,,,,,,,,,,,,,,,,,,,,
data/fer2013/PublicTest/neutral/neutral_PublicTest_31956.png,happy,3,1.0,,,,,,,,,,,,,,,,,,,,
data/fer2013/PublicTest/sad/sad_PublicTest_31957.png,neutral,6,0.8,,,,,,,,,,,,,,,,,,,,
data/fer2013/PublicTest/happy/happy_PublicTest_31958.png,happy,3,1.0,,,,,,,,,,,,,,,,,,,,
data/fer2013/PublicTest/fear/fear_PublicTest_31959.png,neutral,6,0.556,,,,,,,,,,,,,,,,,,,,
data/fer2013/PublicTest/neutral/neutral_PublicTest_31960.png,happy,3,1.0,,,,,,,,,,,,,,,,,,,,
data/fer2013/PublicTest/surprise/surprise_PublicTest_31961.png,surprise,5,1.0,,,,,,,,,,,,,,,,,,,,
data/fer2013/PublicTest/happy/happy_PublicTest_31962.png,neutral,6,0.7,,,,,,,,,,,,,,,,,,,,
data/fer2013/PublicTest/neutral/neutral_PublicTest_31963.png,neutral,6,0.7,,,,,,,,,,,,,,,,,,,,
data/fer2013/PublicTest/happy/happy_PublicTest_31964.png,neutral,6,0.625,,,,,,,,,,,,,,,,,,,,
data/fer2013/PublicTest/fear/fear_PublicTest_31965.png,fear,2,0.75,,,,,,,,,,,,,,,,,,,,
data/fer2013/PublicTest/happy/happy_PublicTest_31966.png,happy,3,1.0,,,,,,,,,,,,,,,,,,,,
data/fer2013/PublicTest/sad/sad_PublicTest_31967.png,neutral,6,0.778,,,,,,,,,,,,,,,,,,,,
data/fer2013/PublicTest/surprise/surprise_PublicTest_31968.png,surprise,5,0.8,,,,,,,,,,,,,,,,,,,,
data/fer2013/PublicTest/angry/angry_PublicTest_31969.png,angry,0,0.75,,,,,,,,,,,,,,,,,,,,
data/fer2013/PublicTest/neutral/neutral_PublicTest_31970.png,neutral,6,1.0,,,,,,,,,,,,,,,,,,,,
data/fer2013/PublicTest/happy/happy_PublicTest_31972.png,happy,3,1.0,,,,,,,,,,,,,,,,,,,,
data/fer2013/PublicTest/fear/fear_PublicTest_31973.png,neutral,6,1.0,,,,,,,,,,,,,,,,,,,,
data/fer2013/PublicTest/neutral/neutral_PublicTest_31974.png,happy,3,1.0,,,,,,,,,,,,,,,,,,,,
data/fer2013/PublicTest/sad/sad_PublicTest_31975.png,sad,4,0.75,,,,,,,,,,,,,,,,,,,,
data/fer2013/PublicTest/sad/sad_PublicTest_31976.png,neutral,6,1.0,,,,,,,,,,,,,,,,,,,,
data/fer2013/PublicTest/happy/happy_PublicTest_31977.png,happy,3,1.0,,,,,,,,,,,,,,,,,,,,
data/fer2013/PublicTest/surprise/surprise_PublicTest_31978.png,angry,0,1.0,,,,,,,,,,,,,,,,,,,,
data/fer2013/PublicTest/fear/fear_PublicTest_31979.png,neutral,6,1.0,,,,,,,,,,,,,,,,,,,,
data/fer2013/PublicTest/sad/sad_PublicTest_31980.png,neutral,6,0.7,,,,,,,,,,,,,,,,,,,,
data/fer2013/PublicTest/neutral/neutral_PublicTest_31981.png,neutral,6,1.0,,,,,,,,,,,,,,,,,,,,
data/fer2013/PublicTest/fear/fear_PublicTest_31982.png,angry,0,0.8,,,,,,,,,,,,,,,,,,,,
data/fer2013/PublicTest/surprise/surprise_PublicTest_31983.png,surprise,5,0.778,,,,,,,,,,,,,,,,,,,,
data/fer2013/PublicTest/sad/sad_PublicTest_31984.png,sad,4,0.6,,,,,,,,,,,,,,,,,,,,
data/fer2013/PublicTest/happy/happy_PublicTest_31985.png,happy,3,1.0,,,,,,,,,,,,,,,,,,,,
data/fer2013/PublicTest/neutral/neutral_PublicTest_31986.png,neutral,6,1.0,,,,,,,,,,,,,,,,,,,,
data/fer2013/PublicTest/happy/happy_PublicTest_31987.png,happy,3,1.0,,,,,,,,,,,,,,,,,,,,
data/fer2013/PublicTest/sad/sad_PublicTest_31988.png,neutral,6,0.714,,,,,,,,,,,,,,,,,,,,
data/fer2013/PublicTest/fear/fear_PublicTest_31989.png,neutral,6,0.75,,,,,,,,,,,,,,,,,,,,
data/fer2013/PublicTest/happy/happy_PublicTest_31990.png,happy,3,1.0,,,,,,,,,,,,,,,,,,,,
data/fer2013/PublicTest/fear/fear_PublicTest_31991.png,fear,2,0.556,,,,,,,,,,,,,,,,,,,,
data/fer2013/PublicTest/sad/sad_PublicTest_31992.png,sad,4,0.6,,,,,,,,,,,,,,,,,,,,
data/fer2013/PublicTest/neutral/neutral_PublicTest_31993.png,happy,3,0.7,,,,,,,,,,,,,,,,,,,,
data/fer2013/PublicTest/neutral/neutral_PublicTest_31994.png,neutral,6,1.0,,,,,,,,,,,,,,,,,,,,
data/fer2013/PublicTest/sad/sad_PublicTest_31995.png,neutral,6,1.0,,,,,,,,,,,,,,,,,,,,
data/fer2013/PublicTest/neutral/neutral_PublicTest_31996.png,neutral,6,1.0,,,,,,,,,,,,,,,,,,,,
data/fer2013/PublicTest/neutral/neutral_PublicTest_31997.png,neutral,6,1.0,,,,,,,,,,,,,,,,,,,,
data/fer2013/PublicTest/surprise/surprise_PublicTest_31998.png,surprise,5,1.0,,,,,,,,,,,,,,,,,,,,
data/fer2013/PublicTest/neutral/neutral_PublicTest_31999.png,neutral,6,1.0,,,,,,,,,,,,,,,,,,,,
data/fer2013/PublicTest/fear/fear_PublicTest_32000.png,neutral,6,1.0,,,,,,,,,,,,,,,,,,,,
data/fer2013/PublicTest/angry/angry_PublicTest_32001.png,angry,0,0.571,,,,,,,,,,,,,,,,,,,,
data/fer2013/PublicTest/sad/sad_PublicTest_32002.png,neutral,6,0.667,,,,,,,,,,,,,,,,,,,,
data/fer2013/PublicTest/happy/happy_PublicTest_32003.png,happy,3,1.0,,,,,,,,,,,,,,,,,,,,
data/fer2013/PublicTest/sad/sad_PublicTest_32005.png,sad,4,0.6,,,,,,,,,,,,,,,,,,,,
data/fer2013/PublicTest/sad/sad_PublicTest_32006.png,neutral,6,1.0,,,,,,,,,,,,,,,,,,,,
data/fer2013/PublicTest/neutral/neutral_PublicTest_32008.png,neutral,6,1.0,,,,,,,,,,,,,,,,,,,,
data/fer2013/PublicTest/neutral/neutral_PublicTest_32009.png,neutral,6,1.0,,,,,,,,,,,,,,,,,,,,
data/fer2013/PublicTest/sad/sad_PublicTest_32010.png,neutral,6,1.0,,,,,,,,,,,,,,,,,,,,
data/fer2013/PublicTest/happy/happy_PublicTest_32011.png,happy,3,1.0,,,,,,,,,,,,,,,,,,,,
data/fer2013/PublicTest/happy/happy_PublicTest_32012.png,happy,3,1.0,,,,,,,,,,,,,,,,,,,,
data/fer2013/PublicTest/happy/happy_PublicTest_32013.png,happy,3,1.0,,,,,,,,,,,,,,,,,,,,
data/fer2013/PublicTest/sad/sad_PublicTest_32015.png,sad,4,1.0,,,,,,,,,,,,,,,,,,,,
data/fer2013/PublicTest/neutral/neutral_PublicTest_32016.png,neutral,6,1.0,,,,,,,,,,,,,,,,,,,,
data/fer2013/PublicTest/angry/angry_PublicTest_32017.png,neutral,6,0.625,,,,,,,,,,,,,,,,,,,,
data/fer2013/PublicTest/fear/fear_PublicTest_32018.png,neutral,6,0.7,,,,,,,,,,,,,,,,,,,,
data/fer2013/PublicTest/angry/angry_PublicTest_32019.png,disgust,1,0.6,,,,,,,,,,,,,,,,,,,,
data/fer2013/PublicTest/neutral/neutral_PublicTest_32020.png,neutral,6,1.0,,,,,,,,,,,,,,,,,,,,
data/fer2013/PublicTest/happy/happy_PublicTest_32021.png,happy,3,1.0,,,,,,,,,,,,,,,,,,,,
data/fer2013/PublicTest/happy/happy_PublicTest_32022.png,happy,3,1.0,,,,,,,,,,,,,,,,,,,,
data/fer2013/PublicTest/angry/angry_PublicTest_32023.png,angry,0,1.0,,,,,,,,,,,,,,,,,,,,
data/fer2013/PublicTest/angry/angry_PublicTest_32024.png,neutral,6,0.75,,,,,,,,,,,,,,,,,,,,
data/fer2013/PublicTest/sad/sad_PublicTest_32025.png,sad,4,0.556,,,,,,,,,,,,,,,,,,,,
data/fer2013/PublicTest/sad/sad_PublicTest_32026.png,neutral,6,1.0,,,,,,,,,,,,,,,,,,,,
data/fer2013/PublicTest/happy/happy_PublicTest_32027.png,happy,3,1.0,,,,,,,,,,,,,,,,,,,,
data/fer2013/PublicTest/surprise/surprise_PublicTest_32031.png,surprise,5,1.0,,,,,,,,,,,,,,,,,,,,
data/fer2013/PublicTest/neutral/neutral_PublicTest_32033.png,neutral,6,1.0,,,,,,,,,,,,,,,,,,,,
data/fer2013/PublicTest/neutral/neutral_PublicTest_32034.png,neutral,6,1.0,,,,,,,,,,,,,,,,,,,,
data/fer2013/PublicTest/surprise/surprise_PublicTest_32035.png,surprise,5,0.75,,,,,,,,,,,,,,,,,,,,
data/fer2013/PublicTest/happy/happy_PublicTest_32036.png,neutral,6,0.667,,,,,,,,,,,,,,,,,,,,
data/fer2013/PublicTest/happy/happy_PublicTest_32037.png,happy,3,1.0,,,,,,,,,,,,,,,,,,,,
data/fer2013/PublicTest/sad/sad_PublicTest_32038.png,neutral,6,1.0,,,,,,,,,,,,,,,,,,,,
data/fer2013/PublicTest/happy/happy_PublicTest_32039.png,happy,3,1.0,,,,,,,,,,,,,,,,,,,,
data/fer2013/PublicTest/surprise/surprise_PublicTest_32040.png,happy,3,0.8,,,,,,,,,,,,,,,,,,,,
data/fer2013/PublicTest/happy/happy_PublicTest_32041.png,neutral,6,0.8,,,,,,,,,,,,,,,,,,,,
data/fer2013/PublicTest/sad/sad_PublicTest_32042.png,sad,4,1.0,,,,,,,,,,,,,,,,,,,,
data/fer2013/PublicTest/happy/happy_PublicTest_32043.png,neutral,6,0.667,,,,,,,,,,,,,,,,,,,,
data/fer2013/PublicTest/sad/sad_PublicTest_32044.png,neutral,6,1.0,,,,,,,,,,,,,,,,,,,,
data/fer2013/PublicTest/sad/sad_PublicTest_32045.png,neutral,6,1.0,,,,,,,,,,,,,,,,,,,,
data/fer2013/PublicTest/happy/happy_PublicTest_32046.png,happy,3,1.0,,,,,,,,,,,,,,,,,,,,
data/fer2013/PublicTest/happy/happy_PublicTest_32047.png,happy,3,1.0,,,,,,,,,,,,,,,,,,,,
data/fer2013/PublicTest/happy/happy_PublicTest_32048.png,happy,3,1.0,,,,,,,,,,,,,,,,,,,,
data/fer2013/PublicTest/neutral/neutral_PublicTest_32049.png,neutral,6,1.0,,,,,,,,,,,,,,,,,,,,
data/fer2013/PublicTest/fear/fear_PublicTest_32050.png,neutral,6,1.0,,,,,,,,,,,,,,,,,,,,
data/fer2013/PublicTest/happy/happy_PublicTest_32051.png,neutral,6,1.0,,,,,,,,,,,,,,,,,,,,
data/fer2013/PublicTest/fear/fear_PublicTest_32052.png,surprise,5,1.0,,,,,,,,,,,,,,,,,,,,
data/fer2013/PublicTest/fear/fear_PublicTest_32053.png,neutral,6,1.0,,,,,,,,,,,,,,,,,,,,
data/fer2013/PublicTest/sad/sad_PublicTest_32054.png,neutral,6,1.0,,,,,,,,,,,,,,,,,,,,
data/fer2013/PublicTest/happy/happy_PublicTest_32055.png,happy,3,1.0,,,,,,,,,,,,,,,,,,,,
data/fer2013/PublicTest/disgust/disgust_PublicTest_32056.png,disgust,1,1.0,,,,,,,,,,,,,,,,,,,,
data/fer2013/PublicTest/surprise/surprise_PublicTest_32057.png,surprise,5,1.0,,,,,,,,,,,,,,,,,,,,
data/fer2013/PublicTest/fear/fear_PublicTest_32059.png,sad,4,0.571,,,,,,,,,,,,,,,,,,,,
data/fer2013/PublicTest/sad/sad_PublicTest_32060.png,sad,4,0.625,,,,,,,,,,,,,,,,,,,,
data/fer2013/PublicTest/surprise/surprise_PublicTest_32061.png,surprise,5,0.667,,,,,,,,,,,,,,,,,,,,
data/fer2013/PublicTest/happy/happy_PublicTest_32062.png,happy,3,1.0,,,,,,,,,,,,,,,,,,,,
data/fer2013/PublicTest/happy/happy_PublicTest_32063.png,neutral,6,0.7,,,,,,,,,,,,,,,,,,,,
data/fer2013/PublicTest/sad/sad_PublicTest_32064.png,sad,4,0.8,,,,,,,,,,,,,,,,,,,,
data/fer2013/PublicTest/sad/sad_PublicTest_32065.png,angry,0,1.0,,,,,,,,,,,,,,,,,,,,
data/fer2013/PublicTest/happy/happy_PublicTest_32066.png,neutral,6,0.8,,,,,,,,,,,,,,,,,,,,
data/fer2013/PublicTest/sad/sad_PublicTest_32067.png,neutral,6,0.778,,,,,,,,,,,,,,,,,,,,
data/fer2013/PublicTest/happy/happy_PublicTest_32068.png,happy,3,1.0,,,,,,,,,,,,,,,,,,,,
data/fer2013/PublicTest/surprise/surprise_PublicTest_32069.png,surprise,5,0.778,,,,,,,,,,,,,,,,,,,,
data/fer2013/PublicTest/happy/happy_PublicTest_32070.png,happy,3,1.0,,,,,,,,,,,,,,,,,,,,
data/fer2013/PublicTest/neutral/neutral_PublicTest_32071.png,neutral,6,1.0,,,,,,,,,,,,,,,,,,,,
data/fer2013/PublicTest/angry/angry_PublicTest_32072.png,angry,0,0.7,,,,,,,,,,,,,,,,,,,,
data/fer2013/PublicTest/neutral/neutral_PublicTest_32073.png,neutral,6,1.0,,,,,,,,,,,,,,,,,,,,
data/fer2013/PublicTest/happy/happy_PublicTest_32075.png,happy,3,1.0,,,,,,,,,,,,,,,,,,,,
data/fer2013/PublicTest/sad/sad_PublicTest_32077.png,neutral,6,1.0,,,,,,,,,,,,,,,,,,,,
data/fer2013/PublicTest/angry/angry_PublicTest_32078.png,angry,0,1.0,,,,,,,,,,,,,,,,,,,,
data/fer2013/PublicTest/happy/happy_PublicTest_32080.png,happy,3,1.0,,,,,,,,,,,,,,,,,,,,
data/fer2013/PublicTest/neutral/neutral_PublicTest_32081.png,neutral,6,1.0,,,,,,,,,,,,,,,,,,,,
data/fer2013/PublicTest/neutral/neutral_PublicTest_32082.png,neutral,6,1.0,,,,,,,,,,,,,,,,,,,,
data/fer2013/PublicTest/sad/sad_PublicTest_32083.png,neutral,6,1.0,,,,,,,,,,,,,,,,,,,,
data/fer2013/PublicTest/happy/happy_PublicTest_32084.png,happy,3,1.0,,,,,,,,,,,,,,,,,,,,
data/fer2013/PublicTest/happy/happy_PublicTest_32085.png,happy,3,1.0,,,,,,,,,,,,,,,,,,,,
data/fer2013/PublicTest/disgust/disgust_PublicTest_32086.png,angry,0,0.625,,,,,,,,,,,,,,,,,,,,
data/fer2013/PublicTest/happy/happy_PublicTest_32087.png,happy,3,0.556,,,,,,,,,,,,,,,,,,,,
data/fer2013/PublicTest/fear/fear_PublicTest_32088.png,sad,4,1.0,,,,,,,,,,,,,,,,,,,,
data/fer2013/PublicTest/sad/sad_PublicTest_32089.png,sad,4,0.6,,,,,,,,,,,,,,,,,,,,
data/fer2013/PublicTest/sad/sad_PublicTest_32091.png,neutral,6,0.6,,,,,,,,,,,,,,,,,,,,
data/fer2013/PublicTest/happy/happy_PublicTest_32092.png,happy,3,1.0,,,,,,,,,,,,,,,,,,,,
data/fer2013/PublicTest/fear/fear_PublicTest_32093.png,sad,4,1.0,,,,,,,,,,,,,,,,,,,,
data/fer2013/PublicTest/angry/angry_PublicTest_32094.png,angry,0,1.0,,,,,,,,,,,,,,,,,,,,
data/fer2013/PublicTest/happy/happy_PublicTest_32095.png,happy,3,1.0,,,,,,,,,,,,,,,,,,,,
data/fer2013/PublicTest/surprise/surprise_PublicTest_32096.png,surprise,5,0.7,,,,,,,,,,,,,,,,,,,,
data/fer2013/PublicTest/fear/fear_PublicTest_32097.png,neutral,6,0.7,,,,,,,,,,,,,,,,,,,,
data/fer2013/PublicTest/surprise/surprise_PublicTest_32098.png,surprise,5,1.0,,,,,,,,,,,,,,,,,,,,
data/fer2013/PublicTest/surprise/surprise_PublicTest_32099.png,surprise,5,1.0,,,,,,,,,,,,,,,,,,,,
data/fer2013/PublicTest/happy/happy_PublicTest_32100.png,happy,3,0.75,,,,,,,,,,,,,,,,,,,,
data/fer2013/PublicTest/neutral/neutral_PublicTest_32101.png,surprise,5,1.0,,,,,,,,,,,,,,,,,,,,
data/fer2013/PublicTest/fear/fear_PublicTest_32102.png,angry,0,0.667,,,,,,,,,,,,,,,,,,,,
data/fer2013/PublicTest/fear/fear_PublicTest_32103.png,surprise,5,0.6,,,,,,,,,,,,,,,,,,,,
data/fer2013/PublicTest/fear/fear_PublicTest_32104.png,neutral,6,0.667,,,,,,,,,,,,,,,,,,,,
data/fer2013/PublicTest/happy/happy_PublicTest_32105.png,happy,3,1.0,,,,,,,,,,,,,,,,,,,,
data/fer2013/PublicTest/neutral/neutral_PublicTest_32106.png,neutral,6,1.0,,,,,,,,,,,,,,,,,,,,
data/fer2013/PublicTest/happy/happy_PublicTest_32107.png,happy,3,1.0,,,,,,,,,,,,,,,,,,,,
data/fer2013/PublicTest/happy/happy_PublicTest_32108.png,happy,3,1.0,,,,,,,,,,,,,,,,,,,,
data/fer2013/PublicTest/fear/fear_PublicTest_32109.png,sad,4,0.625,,,,,,,,,,,,,,,,,,,,
data/fer2013/PublicTest/sad/sad_PublicTest_32110.png,neutral,6,0.75,,,,,,,,,,,,,,,,,,,,
data/fer2013/PublicTest/fear/fear_PublicTest_32111.png,neutral,6,0.556,,,,,,,,,,,,,,,,,,,,
data/fer2013/PublicTest/angry/angry_PublicTest_32112.png,angry,0,0.8,,,,,,,,,,,,,,,,,,,,
data/fer2013/PublicTest/neutral/neutral_PublicTest_32113.png,neutral,6,0.778,,,,,,,,,,,,,,,,,,,,
data/fer2013/PublicTest/fear/fear_PublicTest_32114.png,angry,0,0.625,,,,,,,,,,,,,,,,,,,,
data/fer2013/PublicTest/neutral/neutral_PublicTest_32115.png,neutral,6,1.0,,,,,,,,,,,,,,,,,,,,
data/fer2013/PublicTest/neutral/neutral_PublicTest_32116.png,neutral,6,1.0,,,,,,,,,,,,,,,,,,,,
data/fer2013/PublicTest/neutral/neutral_PublicTest_32117.png,neutral,6,1.0,,,,,,,,,,,,,,,,,,,,
data/fer2013/PublicTest/neutral/neutral_PublicTest_32118.png,neutral,6,1.0,,,,,,,,,,,,,,,,,,,,
data/fer2013/PublicTest/surprise/surprise_PublicTest_32119.png,surprise,5,1.0,,,,,,,,,,,,,,,,,,,,
data/fer2013/PublicTest/disgust/disgust_PublicTest_32120.png,angry,0,0.778,,,,,,,,,,,,,,,,,,,,
data/fer2013/PublicTest/fear/fear_PublicTest_32121.png,surprise,5,0.7,,,,,,,,,,,,,,,,,,,,
data/fer2013/PublicTest/neutral/neutral_PublicTest_32122.png,neutral,6,1.0,,,,,,,,,,,,,,,,,,,,
data/fer2013/PublicTest/neutral/neutral_PublicTest_32123.png,neutral,6,1.0,,,,,,,,,,,,,,,,,,,,
data/fer2013/PublicTest/fear/fear_PublicTest_32125.png,sad,4,0.75,,,,,,,,,,,,,,,,,,,,
data/fer2013/PublicTest/sad/sad_PublicTest_32126.png,sad,4,1.0,,,,,,,,,,,,,,,,,,,,
data/fer2013/PublicTest/neutral/neutral_PublicTest_32127.png,neutral,6,1.0,,,,,,,,,,,,,,,,,,,,
data/fer2013/PublicTest/happy/happy_PublicTest_32128.png,happy,3,1.0,,,,,,,,,,,,,,,,,,,,
data/fer2013/PublicTest/fear/fear_PublicTest_32129.png,neutral,6,0.778,,,,,,,,,,,,,,,,,,,,
data/fer2013/PublicTest/fear/fear_PublicTest_32130.png,fear,2,0.778,,,,,,,,,,,,,,,,,,,,
data/fer2013/PublicTest/sad/sad_PublicTest_32131.png,neutral,6,0.556,,,,,,,,,,,,,,,,,,,,
data/fer2013/PublicTest/surprise/surprise_PublicTest_32132.png,fear,2,0.625,,,,,,,,,,,,,,,,,,,,
data/fer2013/PublicTest/neutral/neutral_PublicTest_32133.png,neutral,6,0.8,,,,,,,,,,,,,,,,,,,,
data/fer2013/PublicTest/happy/happy_PublicTest_32134.png,happy,3,1.0,,,,,,,,,,,,,,,,,,,,
data/fer2013/PublicTest/fear/fear_PublicTest_32135.png,neutral,6,0.556,,,,,,,,,,,,,,,,,,,,
data/fer2013/PublicTest/happy/happy_PublicTest_32136.png,happy,3,1.0,,,,,,,,,,,,,,,,,,,,
data/fer2013/PublicTest/fear/fear_PublicTest_32137.png,neutral,6,0.778,,,,,,,,,,,,,,,,,,,,
data/fer2013/PublicTest/sad/sad_PublicTest_32138.png,sad,4,1.0,,,,,,,,,,,,,,,,,,,,
data/fer2013/PublicTest/sad/sad_PublicTest_32139.png,neutral,6,0.7,,,,,,,,,,,,,,,,,,,,
data/fer2013/PublicTest/happy/happy_PublicTest_32140.png,happy,3,1.0,,,,,,,,,,,,,,,,,,,,
data/fer2013/PublicTest/angry/angry_PublicTest_32141.png,angry,0,0.714,,,,,,,,,,,,,,,,,,,,
data/fer2013/PublicTest/happy/happy_PublicTest_32142.png,happy,3,1.0,,,,,,,,,,,,,,,,,,,,
data/fer2013/PublicTest/fear/fear_PublicTest_32143.png,sad,4,0.75,,,,,,,,,,,,,,,,,,,,
data/fer2013/PublicTest/happy/happy_PublicTest_32144.png,happy,3,1.0,,,,,,,,,,,,,,,,,,,,
data/fer2013/PublicTest/surprise/surprise_PublicTest_32146.png,surprise,5,1.0,,,,,,,,,,,,,,,,,,,,
data/fer2013/PublicTest/sad/sad_PublicTest_32147.png,neutral,6,0.556,,,,,,,,,,,,,,,,,,,,
data/fer2013/PublicTest/surprise/surprise_PublicTest_32148.png,surprise,5,1.0,,,,,,,,,,,,,,,,,,,,
data/fer2013/PublicTest/neutral/neutral_PublicTest_32149.png,neutral,6,0.75,,,,,,,,,,,,,,,,,,,,
data/fer2013/PublicTest/surprise/surprise_PublicTest_32151.png,surprise,5,1.0,,,,,,,,,,,,,,,,,,,,
data/fer2013/PublicTest/surprise/surprise_PublicTest_32152.png,surprise,5,1.0,,,,,,,,,,,,,,,,,,,,
data/fer2013/PublicTest/angry/angry_PublicTest_32153.png,angry,0,0.556,,,,,,,,,,,,,,,,,,,,
data/fer2013/PublicTest/sad/sad_PublicTest_32154.png,neutral,6,0.8,,,,,,,,,,,,,,,,,,,,
data/fer2013/PublicTest/neutral/neutral_PublicTest_32155.png,neutral,6,1.0,,,,,,,,,,,,,,,,,,,,
data/fer2013/PublicTest/happy/happy_PublicTest_32156.png,happy,3,1.0,,,,,,,,,,,,,,,,,,,,
data/fer2013/PublicTest/sad/sad_PublicTest_32157.png,neutral,6,0.667,,,,,,,,,,,,,,,,,,,,
data/fer2013/PublicTest/neutral/neutral_PublicTest_32158.png,neutral,6,0.667,,,,,,,,,,,,,,,,,,,,
data/fer2013/PublicTest/surprise/surprise_PublicTest_32159.png,surprise,5,0.778,,,,,,,,,,,,,,,,,,,,
data/fer2013/PublicTest/happy/happy_PublicTest_32160.png,happy,3,1.0,,,,,,,,,,,,,,,,,,,,
data/fer2013/PublicTest/angry/angry_PublicTest_32161.png,neutral,6,1.0,,,,,,,,,,,,,,,,,,,,
data/fer2013/PublicTest/happy/happy_PublicTest_32162.png,happy,3,1.0,,,,,,,,,,,,,,,,,,,,
data/fer2013/PublicTest/sad/sad_PublicTest_32163.png,neutral,6,1.0,,,,,,,,,,,,,,,,,,,,
data/fer2013/PublicTest/happy/happy_PublicTest_32166.png,happy,3,1.0,,,,,,,,,,,,,,,,,,,,
data/fer2013/PublicTest/happy/happy_PublicTest_32167.png,happy,3,1.0,,,,,,,,,,,,,,,,,,,,
data/fer2013/PublicTest/fear/fear_PublicTest_32168.png,neutral,6,0.714,,,,,,,,,,,,,,,,,,,,
data/fer2013/PublicTest/happy/happy_PublicTest_32169.png,happy,3,1.0,,,,,,,,,,,,,,,,,,,,
data/fer2013/PublicTest/surprise/surprise_PublicTest_32170.png,surprise,5,0.6,,,,,,,,,,,,,,,,,,,,
data/fer2013/PublicTest/happy/happy_PublicTest_32171.png,happy,3,1.0,,,,,,,,,,,,,,,,,,,,
data/fer2013/PublicTest/angry/angry_PublicTest_32172.png,neutral,6,1.0,,,,,,,,,,,,,,,,,,,,
data/fer2013/PublicTest/surprise/surprise_PublicTest_32173.png,surprise,5,0.6,,,,,,,,,,,,,,,,,,,,
data/fer2013/PublicTest/happy/happy_PublicTest_32174.png,surprise,5,1.0,,,,,,,,,,,,,,,,,,,,
data/fer2013/PublicTest/sad/sad_PublicTest_32175.png,neutral,6,1.0,,,,,,,,,,,,,,,,,,,,
data/fer2013/PublicTest/surprise/surprise_PublicTest_32176.png,surprise,5,1.0,,,,,,,,,,,,,,,,,,,,
data/fer2013/PublicTest/happy/happy_PublicTest_32177.png,happy,3,1.0,,,,,,,,,,,,,,,,,,,,
data/fer2013/PublicTest/surprise/surprise_PublicTest_32179.png,surprise,5,0.7,,,,,,,,,,,,,,,,,,,,
data/fer2013/PublicTest/fear/fear_PublicTest_32180.png,sad,4,0.667,,,,,,,,,,,,,,,,,,,,
data/fer2013/PublicTest/angry/angry_PublicTest_32181.png,angry,0,0.714,,,,,,,,,,,,,,,,,,,,
data/fer2013/PublicTest/happy/happy_PublicTest_32182.png,happy,3,1.0,,,,,,,,,,,,,,,,,,,,
data/fer2013/PublicTest/sad/sad_PublicTest_32183.png,neutral,6,1.0,,,,,,,,,,,,,,,,,,,,
data/fer2013/PublicTest/sad/sad_PublicTest_32184.png,neutral,6,1.0,,,,,,,,,,,,,,,,,,,,
data/fer2013/PublicTest/happy/happy_PublicTest_32185.png,happy,3,1.0,,,,,,,,,,,,,,,,,,,,
data/fer2013/PublicTest/happy/happy_PublicTest_32186.png,happy,3,1.0,,,,,,,,,,,,,,,,,,,,
data/fer2013/PublicTest/neutral/neutral_PublicTest_32187.png,neutral,6,1.0,,,,,,,,,,,,,,,,,,,,
data/fer2013/PublicTest/happy/happy_PublicTest_32188.png,happy,3,1.0,,,,,,,,,,,,,,,,,,,,
data/fer2013/PublicTest/sad/sad_PublicTest_32189.png,sad,4,1.0,,,,,,,,,,,,,,,,,,,,
data/fer2013/PublicTest/sad/sad_PublicTest_32190.png,neutral,6,1.0,,,,,,,,,,,,,,,,,,,,
data/fer2013/PublicTest/neutral/neutral_PublicTest_32191.png,neutral,6,0.8,,,,,,,,,,,,,,,,,,,,
data/fer2013/PublicTest/neutral/neutral_PublicTest_32192.png,neutral,6,1.0,,,,,,,,,,,,,,,,,,,,
data/fer2013/PublicTest/sad/sad_PublicTest_32193.png,neutral,6,1.0,,,,,,,,,,,,,,,,,,,,
data/fer2013/PublicTest/happy/happy_PublicTest_32194.png,happy,3,1.0,,,,,,,,,,,,,,,,,,,,
data/fer2013/PublicTest/sad/sad_PublicTest_32195.png,neutral,6,1.0,,,,,,,,,,,,,,,,,,,,
data/fer2013/PublicTest/angry/angry_PublicTest_32196.png,neutral,6,1.0,,,,,,,,,,,,,,,,,,,,
data/fer2013/PublicTest/sad/sad_PublicTest_32197.png,neutral,6,1.0,,,,,,,,,,,,,,,,,,,,
data/fer2013/PublicTest/happy/happy_PublicTest_32198.png,happy,3,0.7,,,,,,,,,,,,,,,,,,,,
data/fer2013/PublicTest/happy/happy_PublicTest_32199.png,angry,0,0.714,,,,,,,,,,,,,,,,,,,,
data/fer2013/PublicTest/angry/angry_PublicTest_32200.png,angry,0,0.778,,,,,,,,,,,,,,,,,,,,
data/fer2013/PublicTest/fear/fear_PublicTest_32201.png,sad,4,0.556,,,,,,,,,,,,,,,,,,,,
data/fer2013/PublicTest/sad/sad_PublicTest_32202.png,neutral,6,0.8,,,,,,,,,,,,,,,,,,,,
data/fer2013/PublicTest/angry/angry_PublicTest_32203.png,neutral,6,0.667,,,,,,,,,,,,,,,,,,,,
data/fer2013/PublicTest/angry/angry_PublicTest_32206.png,angry,0,0.6,,,,,,,,,,,,,,,,,,,,
data/fer2013/PublicTest/angry/angry_PublicTest_32207.png,angry,0,1.0,,,,,,,,,,,,,,,,,,,,
data/fer2013/PublicTest/fear/fear_PublicTest_32208.png,surprise,5,1.0,,,,,,,,,,,,,,,,,,,,
data/fer2013/PublicTest/sad/sad_PublicTest_32209.png,neutral,6,1.0,,,,,,,,,,,,,,,,,,,,
data/fer2013/PublicTest/surprise/surprise_PublicTest_32210.png,surprise,5,0.556,,,,,,,,,,,,,,,,,,,,
data/fer2013/PublicTest/angry/angry_PublicTest_32211.png,angry,0,1.0,,,,,,,,,,,,,,,,,,,,
data/fer2013/PublicTest/surprise/surprise_PublicTest_32212.png,surprise,5,0.667,,,,,,,,,,,,,,,,,,,,
data/fer2013/PublicTest/surprise/surprise_PublicTest_32214.png,surprise,5,1.0,,,,,,,,,,,,,,,,,,,,
data/fer2013/PublicTest/angry/angry_PublicTest_32215.png,angry,0,0.667,,,,,,,,,,,,,,,,,,,,
data/fer2013/PublicTest/neutral/neutral_PublicTest_32216.png,neutral,6,1.0,,,,,,,,,,,,,,,,,,,,
data/fer2013/PublicTest/sad/sad_PublicTest_32217.png,sad,4,1.0,,,,,,,,,,,,,,,,,,,,
data/fer2013/PublicTest/fear/fear_PublicTest_32218.png,angry,0,1.0,,,,,,,,,,,,,,,,,,,,
data/fer2013/PublicTest/neutral/neutral_PublicTest_32219.png,neutral,6,1.0,,,,,,,,,,,,,,,,,,,,
data/fer2013/PublicTest/neutral/neutral_PublicTest_32220.png,neutral,6,1.0,,,,,,,,,,,,,,,,,,,,
data/fer2013/PublicTest/sad/sad_PublicTest_32221.png,neutral,6,0.556,,,,,,,,,,,,,,,,,,,,
data/fer2013/PublicTest/neutral/neutral_PublicTest_32222.png,happy,3,1.0,,,,,,,,,,,,,,,,,,,,
data/fer2013/PublicTest/angry/angry_PublicTest_32223.png,contempt,7,0.714,,,,,,,,,,,,,,,,,,,,
data/fer2013/PublicTest/happy/happy_PublicTest_32224.png,happy,3,1.0,,,,,,,,,,,,,,,,,,,,
data/fer2013/PublicTest/angry/angry_PublicTest_32225.png,angry,0,1.0,,,,,,,,,,,,,,,,,,,,
data/fer2013/PublicTest/sad/sad_PublicTest_32226.png,neutral,6,1.0,,,,,,,,,,,,,,,,,,,,
data/fer2013/PublicTest/happy/happy_PublicTest_32227.png,happy,3,1.0,,,,,,,,,,,,,,,,,,,,
data/fer2013/PublicTest/neutral/neutral_PublicTest_32228.png,neutral,6,0.75,,,,,,,,,,,,,,,,,,,,
data/fer2013/PublicTest/fear/fear_PublicTest_32229.png,neutral,6,0.8,,,,,,,,,,,,,,,,,,,,
data/fer2013/PublicTest/neutral/neutral_PublicTest_32230.png,neutral,6,1.0,,,,,,,,,,,,,,,,,,,,
data/fer2013/PublicTest/angry/angry_PublicTest_32231.png,neutral,6,0.8,,,,,,,,,,,,,,,,,,,,
data/fer2013/PublicTest/fear/fear_PublicTest_32232.png,surprise,5,0.75,,,,,,,,,,,,,,,,,,,,
data/fer2013/PublicTest/sad/sad_PublicTest_32233.png,neutral,6,1.0,,,,,,,,,,,,,,,,,,,,
data/fer2013/PublicTest/sad/sad_PublicTest_32234.png,sad,4,1.0,,,,,,,,,,,,,,,,,,,,
data/fer2013/PublicTest/surprise/surprise_PublicTest_32235.png,surprise,5,0.667,,,,,,,,,,,,,,,,,,,,
data/fer2013/PublicTest/happy/happy_PublicTest_32236.png,happy,3,1.0,,,,,,,,,,,,,,,,,,,,
data/fer2013/PublicTest/angry/angry_PublicTest_32238.png,neutral,6,0.778,,,,,,,,,,,,,,,,,,,,
data/fer2013/PublicTest/neutral/neutral_PublicTest_32239.png,happy,3,0.778,,,,,,,,,,,,,,,,,,,,
data/fer2013/PublicTest/angry/angry_PublicTest_32240.png,angry,0,1.0,,,,,,,,,,,,,,,,,,,,
data/fer2013/PublicTest/sad/sad_PublicTest_32241.png,sad,4,0.778,,,,,,,,,,,,,,,,,,,,
data/fer2013/PublicTest/neutral/neutral_PublicTest_32242.png,neutral,6,0.778,,,,,,,,,,,,,,,,,,,,
data/fer2013/PublicTest/surprise/surprise_PublicTest_32243.png,surprise,5,0.8,,,,,,,,,,,,,,,,,,,,
data/fer2013/PublicTest/happy/happy_PublicTest_32244.png,happy,3,1.0,,,,,,,,,,,,,,,,,,,,
data/fer2013/PublicTest/sad/sad_PublicTest_32245.png,sad,4,0.625,,,,,,,,,,,,,,,,,,,,
data/fer2013/PublicTest/sad/sad_PublicTest_32246.png,neutral,6,0.6,,,,,,,,,,,,,,,,,,,,
data/fer2013/PublicTest/happy/happy_PublicTest_32248.png,happy,3,1.0,,,,,,,,,,,,,,,,,,,,
data/fer2013/PublicTest/happy/happy_PublicTest_32249.png,happy,3,1.0,,,,,,,,,,,,,,,,,,,,
data/fer2013/PublicTest/happy/happy_PublicTest_32251.png,happy,3,1.0,,,,,,,,,,,,,,,,,,,,
data/fer2013/PublicTest/neutral/neutral_PublicTest_32253.png,neutral,6,0.6,,,,,,,,,,,,,,,,,,,,
data/fer2013/PublicTest/sad/sad_PublicTest_32254.png,surprise,5,0.556,,,,,,,,,,,,,,,,,,,,
data/fer2013/PublicTest/sad/sad_PublicTest_32255.png,sad,4,1.0,,,,,,,,,,,,,,,,,,,,
data/fer2013/PublicTest/sad/sad_PublicTest_32256.png,neutral,6,1.0,,,,,,,,,,,,,,,,,,,,
data/fer2013/PublicTest/happy/happy_PublicTest_32258.png,happy,3,0.7,,,,,,,,,,,,,,,,,,,,
data/fer2013/PublicTest/happy/happy_PublicTest_32259.png,happy,3,1.0,,,,,,,,,,,,,,,,,,,,
data/fer2013/PublicTest/disgust/disgust_PublicTest_32260.png,disgust,1,0.556,,,,,,,,,,,,,,,,,,,,
data/fer2013/PublicTest/angry/angry_PublicTest_32261.png,angry,0,0.778,,,,,,,,,,,,,,,,,,,,
data/fer2013/PublicTest/happy/happy_PublicTest_32262.png,happy,3,0.667,,,,,,,,,,,,,,,,,,,,
data/fer2013/PublicTest/happy/happy_PublicTest_32263.png,happy,3,1.0,,,,,,,,,,,,,,,,,,,,
data/fer2013/PublicTest/sad/sad_PublicTest_32264.png,surprise,5,0.714,,,,,,,,,,,,,,,,,,,,
data/fer2013/PublicTest/surprise/surprise_PublicTest_32265.png,surprise,5,0.625,,,,,,,,,,,,,,,,,,,,
data/fer2013/PublicTest/surprise/surprise_PublicTest_32266.png,surprise,5,0.7,,,,,,,,,,,,,,,,,,,,
data/fer2013/PublicTest/sad/sad_PublicTest_32268.png,neutral,6,0.8,,,,,,,,,,,,,,,,,,,,
data/fer2013/PublicTest/neutral/neutral_PublicTest_32269.png,neutral,6,1.0,,,,,,,,,,,,,,,,,,,,
data/fer2013/PublicTest/neutral/neutral_PublicTest_32270.png,neutral,6,1.0,,,,,,,,,,,,,,,,,,,,
data/fer2013/PublicTest/neutral/neutral_PublicTest_32272.png,neutral,6,1.0,,,,,,,,,,,,,,,,,,,,
data/fer2013/PublicTest/happy/happy_PublicTest_32273.png,happy,3,0.7,,,,,,,,,,,,,,,,,,,,
data/fer2013/PublicTest/happy/happy_PublicTest_32274.png,happy,3,1.0,,,,,,,,,,,,,,,,,,,,
data/fer2013/PublicTest/sad/sad_PublicTest_32275.png,sad,4,1.0,,,,,,,,,,,,,,,,,,,,
data/fer2013/PublicTest/sad/sad_PublicTest_32276.png,neutral,6,0.75,,,,,,,,,,,,,,,,,,,,
data/fer2013/PublicTest/angry/angry_PublicTest_32278.png,angry,0,0.75,,,,,,,,,,,,,,,,,,,,
data/fer2013/PublicTest/fear/fear_PublicTest_32279.png,surprise,5,0.7,,,,,,,,,,,,,,,,,,,,
data/fer2013/PublicTest/sad/sad_PublicTest_32280.png,surprise,5,1.0,,,,,,,,,,,,,,,,,,,,
data/fer2013/PublicTest/angry/angry_PublicTest_32281.png,angry,0,1.0,,,,,,,,,,,,,,,,,,,,
data/fer2013/PublicTest/happy/happy_PublicTest_32282.png,happy,3,1.0,,,,,,,,,,,,,,,,,,,,
data/fer2013/PublicTest/surprise/surprise_PublicTest_32283.png,surprise,5,1.0,,,,,,,,,,,,,,,,,,,,
data/fer2013/PublicTest/surprise/surprise_PublicTest_32284.png,surprise,5,1.0,,,,,,,,,,,,,,,,,,,,
data/fer2013/PublicTest/neutral/neutral_PublicTest_32285.png,neutral,6,1.0,,,,,,,,,,,,,,,,,,,,
data/fer2013/PublicTest/happy/happy_PublicTest_32287.png,happy,3,0.667,,,,,,,,,,,,,,,,,,,,
data/fer2013/PublicTest/sad/sad_PublicTest_32288.png,neutral,6,1.0,,,,,,,,,,,,,,,,,,,,
data/fer2013/PublicTest/disgust/disgust_PublicTest_32289.png,neutral,6,1.0,,,,,,,,,,,,,,,,,,,,
data/fer2013/PublicTest/fear/fear_PublicTest_32290.png,sad,4,0.6,,,,,,,,,,,,,,,,,,,,
data/fer2013/PublicTest/happy/happy_PublicTest_32291.png,happy,3,1.0,,,,,,,,,,,,,,,,,,,,
data/fer2013/PublicTest/happy/happy_PublicTest_32292.png,happy,3,1.0,,,,,,,,,,,,,,,,,,,,
data/fer2013/PublicTest/happy/happy_PublicTest_32294.png,happy,3,1.0,,,,,,,,,,,,,,,,,,,,
data/fer2013/PublicTest/sad/sad_PublicTest_32296.png,neutral,6,1.0,,,,,,,,,,,,,,,,,,,,
data/fer2013/PublicTest/sad/sad_PublicTest_32297.png,neutral,6,0.8,,,,,,,,,,,,,,,,,,,,
