id,file_path,coded_true_label,true_label,subset,prediction,query_file_path
2374,/gpfs0/bgu-vilenchi/users/sdolev/Thesis/VLMs/data/affectnet/human_annotated/validation_set/images/2374.jpg,0,neutral,0.0,neutral,/gpfs0/bgu-vilenchi/users/sdolev/Thesis/VLMs/data/affectnet/human_annotated/validation_set/images/2374.jpg
1135,/gpfs0/bgu-vilenchi/users/sdolev/Thesis/VLMs/data/affectnet/human_annotated/validation_set/images/1135.jpg,6,angry,1.0,happy,/gpfs0/bgu-vilenchi/users/sdolev/Thesis/VLMs/data/affectnet/human_annotated/validation_set/images/1135.jpg
2777,/gpfs0/bgu-vilenchi/users/sdolev/Thesis/VLMs/data/affectnet/human_annotated/validation_set/images/2777.jpg,6,angry,1.0,happy,/gpfs0/bgu-vilenchi/users/sdolev/Thesis/VLMs/data/affectnet/human_annotated/validation_set/images/2777.jpg
3780,/gpfs0/bgu-vilenchi/users/sdolev/Thesis/VLMs/data/affectnet/human_annotated/validation_set/images/3780.jpg,7,contempt,1.0,happy,/gpfs0/bgu-vilenchi/users/sdolev/Thesis/VLMs/data/affectnet/human_annotated/validation_set/images/3780.jpg
4719,/gpfs0/bgu-vilenchi/users/sdolev/Thesis/VLMs/data/affectnet/human_annotated/validation_set/images/4719.jpg,1,happy,0.0,happy,/gpfs0/bgu-vilenchi/users/sdolev/Thesis/VLMs/data/affectnet/human_annotated/validation_set/images/4719.jpg
2541,/gpfs0/bgu-vilenchi/users/sdolev/Thesis/VLMs/data/affectnet/human_annotated/validation_set/images/2541.jpg,4,fear,2.0,surprise,/gpfs0/bgu-vilenchi/users/sdolev/Thesis/VLMs/data/affectnet/human_annotated/validation_set/images/2541.jpg
1302,/gpfs0/bgu-vilenchi/users/sdolev/Thesis/VLMs/data/affectnet/human_annotated/validation_set/images/1302.jpg,6,angry,1.0,angry,/gpfs0/bgu-vilenchi/users/sdolev/Thesis/VLMs/data/affectnet/human_annotated/validation_set/images/1302.jpg
2944,/gpfs0/bgu-vilenchi/users/sdolev/Thesis/VLMs/data/affectnet/human_annotated/validation_set/images/2944.jpg,2,sad,2.0,surprise,/gpfs0/bgu-vilenchi/users/sdolev/Thesis/VLMs/data/affectnet/human_annotated/validation_set/images/2944.jpg
5042,/gpfs0/bgu-vilenchi/users/sdolev/Thesis/VLMs/data/affectnet/human_annotated/validation_set/images/5042.jpg,5,disgust,1.0,neutral,/gpfs0/bgu-vilenchi/users/sdolev/Thesis/VLMs/data/affectnet/human_annotated/validation_set/images/5042.jpg
456,/gpfs0/bgu-vilenchi/users/sdolev/Thesis/VLMs/data/affectnet/human_annotated/validation_set/images/456.jpg,1,happy,0.0,happy,/gpfs0/bgu-vilenchi/users/sdolev/Thesis/VLMs/data/affectnet/human_annotated/validation_set/images/456.jpg
593,/gpfs0/bgu-vilenchi/users/sdolev/Thesis/VLMs/data/affectnet/human_annotated/validation_set/images/593.jpg,0,neutral,0.0,neutral,/gpfs0/bgu-vilenchi/users/sdolev/Thesis/VLMs/data/affectnet/human_annotated/validation_set/images/593.jpg
1705,/gpfs0/bgu-vilenchi/users/sdolev/Thesis/VLMs/data/affectnet/human_annotated/validation_set/images/1705.jpg,5,disgust,2.0,neutral,/gpfs0/bgu-vilenchi/users/sdolev/Thesis/VLMs/data/affectnet/human_annotated/validation_set/images/1705.jpg
5139,/gpfs0/bgu-vilenchi/users/sdolev/Thesis/VLMs/data/affectnet/human_annotated/validation_set/images/5139.jpg,4,fear,1.0,surprise,/gpfs0/bgu-vilenchi/users/sdolev/Thesis/VLMs/data/affectnet/human_annotated/validation_set/images/5139.jpg
994,/gpfs0/bgu-vilenchi/users/sdolev/Thesis/VLMs/data/affectnet/human_annotated/validation_set/images/994.jpg,1,happy,0.0,happy,/gpfs0/bgu-vilenchi/users/sdolev/Thesis/VLMs/data/affectnet/human_annotated/validation_set/images/994.jpg
5445,/gpfs0/bgu-vilenchi/users/sdolev/Thesis/VLMs/data/affectnet/human_annotated/validation_set/images/5445.jpg,0,neutral,0.0,neutral,/gpfs0/bgu-vilenchi/users/sdolev/Thesis/VLMs/data/affectnet/human_annotated/validation_set/images/5445.jpg
3670,/gpfs0/bgu-vilenchi/users/sdolev/Thesis/VLMs/data/affectnet/human_annotated/validation_set/images/3670.jpg,4,fear,2.0,surprise,/gpfs0/bgu-vilenchi/users/sdolev/Thesis/VLMs/data/affectnet/human_annotated/validation_set/images/3670.jpg
2125,/gpfs0/bgu-vilenchi/users/sdolev/Thesis/VLMs/data/affectnet/human_annotated/validation_set/images/2125.jpg,4,fear,1.0,neutral,/gpfs0/bgu-vilenchi/users/sdolev/Thesis/VLMs/data/affectnet/human_annotated/validation_set/images/2125.jpg
3767,/gpfs0/bgu-vilenchi/users/sdolev/Thesis/VLMs/data/affectnet/human_annotated/validation_set/images/3767.jpg,4,fear,2.0,surprise,/gpfs0/bgu-vilenchi/users/sdolev/Thesis/VLMs/data/affectnet/human_annotated/validation_set/images/3767.jpg
2431,/gpfs0/bgu-vilenchi/users/sdolev/Thesis/VLMs/data/affectnet/human_annotated/validation_set/images/2431.jpg,2,sad,0.0,sad,/gpfs0/bgu-vilenchi/users/sdolev/Thesis/VLMs/data/affectnet/human_annotated/validation_set/images/2431.jpg
52,/gpfs0/bgu-vilenchi/users/sdolev/Thesis/VLMs/data/affectnet/human_annotated/validation_set/images/52.jpg,7,contempt,1.0,happy,/gpfs0/bgu-vilenchi/users/sdolev/Thesis/VLMs/data/affectnet/human_annotated/validation_set/images/52.jpg
2528,/gpfs0/bgu-vilenchi/users/sdolev/Thesis/VLMs/data/affectnet/human_annotated/validation_set/images/2528.jpg,5,disgust,1.0,surprise,/gpfs0/bgu-vilenchi/users/sdolev/Thesis/VLMs/data/affectnet/human_annotated/validation_set/images/2528.jpg
24,/gpfs0/bgu-vilenchi/users/sdolev/Thesis/VLMs/data/affectnet/human_annotated/validation_set/images/24.jpg,2,sad,2.0,neutral,/gpfs0/bgu-vilenchi/users/sdolev/Thesis/VLMs/data/affectnet/human_annotated/validation_set/images/24.jpg
2834,/gpfs0/bgu-vilenchi/users/sdolev/Thesis/VLMs/data/affectnet/human_annotated/validation_set/images/2834.jpg,0,neutral,1.0,happy,/gpfs0/bgu-vilenchi/users/sdolev/Thesis/VLMs/data/affectnet/human_annotated/validation_set/images/2834.jpg
367,/gpfs0/bgu-vilenchi/users/sdolev/Thesis/VLMs/data/affectnet/human_annotated/validation_set/images/367.jpg,6,angry,1.0,neutral,/gpfs0/bgu-vilenchi/users/sdolev/Thesis/VLMs/data/affectnet/human_annotated/validation_set/images/367.jpg
3087,/gpfs0/bgu-vilenchi/users/sdolev/Thesis/VLMs/data/affectnet/human_annotated/validation_set/images/3087.jpg,7,contempt,1.0,neutral,/gpfs0/bgu-vilenchi/users/sdolev/Thesis/VLMs/data/affectnet/human_annotated/validation_set/images/3087.jpg
4090,/gpfs0/bgu-vilenchi/users/sdolev/Thesis/VLMs/data/affectnet/human_annotated/validation_set/images/4090.jpg,7,contempt,1.0,happy,/gpfs0/bgu-vilenchi/users/sdolev/Thesis/VLMs/data/affectnet/human_annotated/validation_set/images/4090.jpg
5029,/gpfs0/bgu-vilenchi/users/sdolev/Thesis/VLMs/data/affectnet/human_annotated/validation_set/images/5029.jpg,1,happy,0.0,happy,/gpfs0/bgu-vilenchi/users/sdolev/Thesis/VLMs/data/affectnet/human_annotated/validation_set/images/5029.jpg
4493,/gpfs0/bgu-vilenchi/users/sdolev/Thesis/VLMs/data/affectnet/human_annotated/validation_set/images/4493.jpg,0,neutral,1.0,happy,/gpfs0/bgu-vilenchi/users/sdolev/Thesis/VLMs/data/affectnet/human_annotated/validation_set/images/4493.jpg
3254,/gpfs0/bgu-vilenchi/users/sdolev/Thesis/VLMs/data/affectnet/human_annotated/validation_set/images/3254.jpg,1,happy,0.0,neutral,/gpfs0/bgu-vilenchi/users/sdolev/Thesis/VLMs/data/affectnet/human_annotated/validation_set/images/3254.jpg
4896,/gpfs0/bgu-vilenchi/users/sdolev/Thesis/VLMs/data/affectnet/human_annotated/validation_set/images/4896.jpg,6,angry,1.0,neutral,/gpfs0/bgu-vilenchi/users/sdolev/Thesis/VLMs/data/affectnet/human_annotated/validation_set/images/4896.jpg
2015,/gpfs0/bgu-vilenchi/users/sdolev/Thesis/VLMs/data/affectnet/human_annotated/validation_set/images/2015.jpg,1,happy,0.0,happy,/gpfs0/bgu-vilenchi/users/sdolev/Thesis/VLMs/data/affectnet/human_annotated/validation_set/images/2015.jpg
3657,/gpfs0/bgu-vilenchi/users/sdolev/Thesis/VLMs/data/affectnet/human_annotated/validation_set/images/3657.jpg,6,angry,2.0,neutral,/gpfs0/bgu-vilenchi/users/sdolev/Thesis/VLMs/data/affectnet/human_annotated/validation_set/images/3657.jpg
4660,/gpfs0/bgu-vilenchi/users/sdolev/Thesis/VLMs/data/affectnet/human_annotated/validation_set/images/4660.jpg,2,sad,0.0,sad,/gpfs0/bgu-vilenchi/users/sdolev/Thesis/VLMs/data/affectnet/human_annotated/validation_set/images/4660.jpg
381,/gpfs0/bgu-vilenchi/users/sdolev/Thesis/VLMs/data/affectnet/human_annotated/validation_set/images/381.jpg,5,disgust,1.0,neutral,/gpfs0/bgu-vilenchi/users/sdolev/Thesis/VLMs/data/affectnet/human_annotated/validation_set/images/381.jpg
2418,/gpfs0/bgu-vilenchi/users/sdolev/Thesis/VLMs/data/affectnet/human_annotated/validation_set/images/2418.jpg,3,surprise,0.0,surprise,/gpfs0/bgu-vilenchi/users/sdolev/Thesis/VLMs/data/affectnet/human_annotated/validation_set/images/2418.jpg
278,/gpfs0/bgu-vilenchi/users/sdolev/Thesis/VLMs/data/affectnet/human_annotated/validation_set/images/278.jpg,6,angry,2.0,neutral,/gpfs0/bgu-vilenchi/users/sdolev/Thesis/VLMs/data/affectnet/human_annotated/validation_set/images/278.jpg
3421,/gpfs0/bgu-vilenchi/users/sdolev/Thesis/VLMs/data/affectnet/human_annotated/validation_set/images/3421.jpg,6,angry,0.0,angry,/gpfs0/bgu-vilenchi/users/sdolev/Thesis/VLMs/data/affectnet/human_annotated/validation_set/images/3421.jpg
1882,/gpfs0/bgu-vilenchi/users/sdolev/Thesis/VLMs/data/affectnet/human_annotated/validation_set/images/1882.jpg,5,disgust,0.0,disgust,/gpfs0/bgu-vilenchi/users/sdolev/Thesis/VLMs/data/affectnet/human_annotated/validation_set/images/1882.jpg
679,/gpfs0/bgu-vilenchi/users/sdolev/Thesis/VLMs/data/affectnet/human_annotated/validation_set/images/679.jpg,4,fear,0.0,surprise,/gpfs0/bgu-vilenchi/users/sdolev/Thesis/VLMs/data/affectnet/human_annotated/validation_set/images/679.jpg
3824,/gpfs0/bgu-vilenchi/users/sdolev/Thesis/VLMs/data/affectnet/human_annotated/validation_set/images/3824.jpg,0,neutral,0.0,neutral,/gpfs0/bgu-vilenchi/users/sdolev/Thesis/VLMs/data/affectnet/human_annotated/validation_set/images/3824.jpg
4077,/gpfs0/bgu-vilenchi/users/sdolev/Thesis/VLMs/data/affectnet/human_annotated/validation_set/images/4077.jpg,1,happy,0.0,happy,/gpfs0/bgu-vilenchi/users/sdolev/Thesis/VLMs/data/affectnet/human_annotated/validation_set/images/4077.jpg
814,/gpfs0/bgu-vilenchi/users/sdolev/Thesis/VLMs/data/affectnet/human_annotated/validation_set/images/814.jpg,5,disgust,1.0,neutral,/gpfs0/bgu-vilenchi/users/sdolev/Thesis/VLMs/data/affectnet/human_annotated/validation_set/images/814.jpg
4383,/gpfs0/bgu-vilenchi/users/sdolev/Thesis/VLMs/data/affectnet/human_annotated/validation_set/images/4383.jpg,5,disgust,2.0,surprise,/gpfs0/bgu-vilenchi/users/sdolev/Thesis/VLMs/data/affectnet/human_annotated/validation_set/images/4383.jpg
1299,/gpfs0/bgu-vilenchi/users/sdolev/Thesis/VLMs/data/affectnet/human_annotated/validation_set/images/1299.jpg,0,neutral,0.0,neutral,/gpfs0/bgu-vilenchi/users/sdolev/Thesis/VLMs/data/affectnet/human_annotated/validation_set/images/1299.jpg
3547,/gpfs0/bgu-vilenchi/users/sdolev/Thesis/VLMs/data/affectnet/human_annotated/validation_set/images/3547.jpg,6,angry,1.0,neutral,/gpfs0/bgu-vilenchi/users/sdolev/Thesis/VLMs/data/affectnet/human_annotated/validation_set/images/3547.jpg
4550,/gpfs0/bgu-vilenchi/users/sdolev/Thesis/VLMs/data/affectnet/human_annotated/validation_set/images/4550.jpg,4,fear,0.0,surprise,/gpfs0/bgu-vilenchi/users/sdolev/Thesis/VLMs/data/affectnet/human_annotated/validation_set/images/4550.jpg
78,/gpfs0/bgu-vilenchi/users/sdolev/Thesis/VLMs/data/affectnet/human_annotated/validation_set/images/78.jpg,0,neutral,2.0,neutral,/gpfs0/bgu-vilenchi/users/sdolev/Thesis/VLMs/data/affectnet/human_annotated/validation_set/images/78.jpg
189,/gpfs0/bgu-vilenchi/users/sdolev/Thesis/VLMs/data/affectnet/human_annotated/validation_set/images/189.jpg,0,neutral,1.0,neutral,/gpfs0/bgu-vilenchi/users/sdolev/Thesis/VLMs/data/affectnet/human_annotated/validation_set/images/189.jpg
3005,/gpfs0/bgu-vilenchi/users/sdolev/Thesis/VLMs/data/affectnet/human_annotated/validation_set/images/3005.jpg,5,disgust,0.0,disgust,/gpfs0/bgu-vilenchi/users/sdolev/Thesis/VLMs/data/affectnet/human_annotated/validation_set/images/3005.jpg
2308,/gpfs0/bgu-vilenchi/users/sdolev/Thesis/VLMs/data/affectnet/human_annotated/validation_set/images/2308.jpg,6,angry,0.0,angry,/gpfs0/bgu-vilenchi/users/sdolev/Thesis/VLMs/data/affectnet/human_annotated/validation_set/images/2308.jpg
3311,/gpfs0/bgu-vilenchi/users/sdolev/Thesis/VLMs/data/affectnet/human_annotated/validation_set/images/3311.jpg,5,disgust,0.0,disgust,/gpfs0/bgu-vilenchi/users/sdolev/Thesis/VLMs/data/affectnet/human_annotated/validation_set/images/3311.jpg
4953,/gpfs0/bgu-vilenchi/users/sdolev/Thesis/VLMs/data/affectnet/human_annotated/validation_set/images/4953.jpg,0,neutral,1.0,neutral,/gpfs0/bgu-vilenchi/users/sdolev/Thesis/VLMs/data/affectnet/human_annotated/validation_set/images/4953.jpg
1772,/gpfs0/bgu-vilenchi/users/sdolev/Thesis/VLMs/data/affectnet/human_annotated/validation_set/images/1772.jpg,4,fear,2.0,surprise,/gpfs0/bgu-vilenchi/users/sdolev/Thesis/VLMs/data/affectnet/human_annotated/validation_set/images/1772.jpg
3408,/gpfs0/bgu-vilenchi/users/sdolev/Thesis/VLMs/data/affectnet/human_annotated/validation_set/images/3408.jpg,0,neutral,2.0,neutral,/gpfs0/bgu-vilenchi/users/sdolev/Thesis/VLMs/data/affectnet/human_annotated/validation_set/images/3408.jpg
3714,/gpfs0/bgu-vilenchi/users/sdolev/Thesis/VLMs/data/affectnet/human_annotated/validation_set/images/3714.jpg,3,surprise,0.0,surprise,/gpfs0/bgu-vilenchi/users/sdolev/Thesis/VLMs/data/affectnet/human_annotated/validation_set/images/3714.jpg
5373,/gpfs0/bgu-vilenchi/users/sdolev/Thesis/VLMs/data/affectnet/human_annotated/validation_set/images/5373.jpg,6,angry,2.0,angry,/gpfs0/bgu-vilenchi/users/sdolev/Thesis/VLMs/data/affectnet/human_annotated/validation_set/images/5373.jpg
4676,/gpfs0/bgu-vilenchi/users/sdolev/Thesis/VLMs/data/affectnet/human_annotated/validation_set/images/4676.jpg,6,angry,0.0,surprise,/gpfs0/bgu-vilenchi/users/sdolev/Thesis/VLMs/data/affectnet/human_annotated/validation_set/images/4676.jpg
2192,/gpfs0/bgu-vilenchi/users/sdolev/Thesis/VLMs/data/affectnet/human_annotated/validation_set/images/2192.jpg,7,contempt,1.0,neutral,/gpfs0/bgu-vilenchi/users/sdolev/Thesis/VLMs/data/affectnet/human_annotated/validation_set/images/2192.jpg
4440,/gpfs0/bgu-vilenchi/users/sdolev/Thesis/VLMs/data/affectnet/human_annotated/validation_set/images/4440.jpg,7,contempt,1.0,neutral,/gpfs0/bgu-vilenchi/users/sdolev/Thesis/VLMs/data/affectnet/human_annotated/validation_set/images/4440.jpg
2595,/gpfs0/bgu-vilenchi/users/sdolev/Thesis/VLMs/data/affectnet/human_annotated/validation_set/images/2595.jpg,0,neutral,2.0,neutral,/gpfs0/bgu-vilenchi/users/sdolev/Thesis/VLMs/data/affectnet/human_annotated/validation_set/images/2595.jpg
3201,/gpfs0/bgu-vilenchi/users/sdolev/Thesis/VLMs/data/affectnet/human_annotated/validation_set/images/3201.jpg,3,surprise,2.0,surprise,/gpfs0/bgu-vilenchi/users/sdolev/Thesis/VLMs/data/affectnet/human_annotated/validation_set/images/3201.jpg
1356,/gpfs0/bgu-vilenchi/users/sdolev/Thesis/VLMs/data/affectnet/human_annotated/validation_set/images/1356.jpg,3,surprise,1.0,surprise,/gpfs0/bgu-vilenchi/users/sdolev/Thesis/VLMs/data/affectnet/human_annotated/validation_set/images/1356.jpg
4843,/gpfs0/bgu-vilenchi/users/sdolev/Thesis/VLMs/data/affectnet/human_annotated/validation_set/images/4843.jpg,3,surprise,0.0,happy,/gpfs0/bgu-vilenchi/users/sdolev/Thesis/VLMs/data/affectnet/human_annotated/validation_set/images/4843.jpg
2998,/gpfs0/bgu-vilenchi/users/sdolev/Thesis/VLMs/data/affectnet/human_annotated/validation_set/images/2998.jpg,4,fear,1.0,surprise,/gpfs0/bgu-vilenchi/users/sdolev/Thesis/VLMs/data/affectnet/human_annotated/validation_set/images/2998.jpg
602,/gpfs0/bgu-vilenchi/users/sdolev/Thesis/VLMs/data/affectnet/human_annotated/validation_set/images/602.jpg,2,sad,1.0,neutral,/gpfs0/bgu-vilenchi/users/sdolev/Thesis/VLMs/data/affectnet/human_annotated/validation_set/images/602.jpg
1662,/gpfs0/bgu-vilenchi/users/sdolev/Thesis/VLMs/data/affectnet/human_annotated/validation_set/images/1662.jpg,1,happy,0.0,happy,/gpfs0/bgu-vilenchi/users/sdolev/Thesis/VLMs/data/affectnet/human_annotated/validation_set/images/1662.jpg
5096,/gpfs0/bgu-vilenchi/users/sdolev/Thesis/VLMs/data/affectnet/human_annotated/validation_set/images/5096.jpg,6,angry,0.0,angry,/gpfs0/bgu-vilenchi/users/sdolev/Thesis/VLMs/data/affectnet/human_annotated/validation_set/images/5096.jpg
4704,/gpfs0/bgu-vilenchi/users/sdolev/Thesis/VLMs/data/affectnet/human_annotated/validation_set/images/4704.jpg,1,happy,0.0,happy,/gpfs0/bgu-vilenchi/users/sdolev/Thesis/VLMs/data/affectnet/human_annotated/validation_set/images/4704.jpg
5499,/gpfs0/bgu-vilenchi/users/sdolev/Thesis/VLMs/data/affectnet/human_annotated/validation_set/images/5499.jpg,7,contempt,1.0,happy,/gpfs0/bgu-vilenchi/users/sdolev/Thesis/VLMs/data/affectnet/human_annotated/validation_set/images/5499.jpg
1523,/gpfs0/bgu-vilenchi/users/sdolev/Thesis/VLMs/data/affectnet/human_annotated/validation_set/images/1523.jpg,2,sad,0.0,sad,/gpfs0/bgu-vilenchi/users/sdolev/Thesis/VLMs/data/affectnet/human_annotated/validation_set/images/1523.jpg
5263,/gpfs0/bgu-vilenchi/users/sdolev/Thesis/VLMs/data/affectnet/human_annotated/validation_set/images/5263.jpg,0,neutral,0.0,neutral,/gpfs0/bgu-vilenchi/users/sdolev/Thesis/VLMs/data/affectnet/human_annotated/validation_set/images/5263.jpg
2082,/gpfs0/bgu-vilenchi/users/sdolev/Thesis/VLMs/data/affectnet/human_annotated/validation_set/images/2082.jpg,4,fear,1.0,surprise,/gpfs0/bgu-vilenchi/users/sdolev/Thesis/VLMs/data/affectnet/human_annotated/validation_set/images/2082.jpg
1926,/gpfs0/bgu-vilenchi/users/sdolev/Thesis/VLMs/data/affectnet/human_annotated/validation_set/images/1926.jpg,5,disgust,1.0,happy,/gpfs0/bgu-vilenchi/users/sdolev/Thesis/VLMs/data/affectnet/human_annotated/validation_set/images/1926.jpg
4024,/gpfs0/bgu-vilenchi/users/sdolev/Thesis/VLMs/data/affectnet/human_annotated/validation_set/images/4024.jpg,7,contempt,1.0,happy,/gpfs0/bgu-vilenchi/users/sdolev/Thesis/VLMs/data/affectnet/human_annotated/validation_set/images/4024.jpg
112,/gpfs0/bgu-vilenchi/users/sdolev/Thesis/VLMs/data/affectnet/human_annotated/validation_set/images/112.jpg,2,sad,0.0,sad,/gpfs0/bgu-vilenchi/users/sdolev/Thesis/VLMs/data/affectnet/human_annotated/validation_set/images/112.jpg
2485,/gpfs0/bgu-vilenchi/users/sdolev/Thesis/VLMs/data/affectnet/human_annotated/validation_set/images/2485.jpg,5,disgust,2.0,surprise,/gpfs0/bgu-vilenchi/users/sdolev/Thesis/VLMs/data/affectnet/human_annotated/validation_set/images/2485.jpg
4427,/gpfs0/bgu-vilenchi/users/sdolev/Thesis/VLMs/data/affectnet/human_annotated/validation_set/images/4427.jpg,5,disgust,2.0,surprise,/gpfs0/bgu-vilenchi/users/sdolev/Thesis/VLMs/data/affectnet/human_annotated/validation_set/images/4427.jpg
5430,/gpfs0/bgu-vilenchi/users/sdolev/Thesis/VLMs/data/affectnet/human_annotated/validation_set/images/5430.jpg,3,surprise,2.0,neutral,/gpfs0/bgu-vilenchi/users/sdolev/Thesis/VLMs/data/affectnet/human_annotated/validation_set/images/5430.jpg
1246,/gpfs0/bgu-vilenchi/users/sdolev/Thesis/VLMs/data/affectnet/human_annotated/validation_set/images/1246.jpg,1,happy,1.0,neutral,/gpfs0/bgu-vilenchi/users/sdolev/Thesis/VLMs/data/affectnet/human_annotated/validation_set/images/1246.jpg
2888,/gpfs0/bgu-vilenchi/users/sdolev/Thesis/VLMs/data/affectnet/human_annotated/validation_set/images/2888.jpg,6,angry,0.0,neutral,/gpfs0/bgu-vilenchi/users/sdolev/Thesis/VLMs/data/affectnet/human_annotated/validation_set/images/2888.jpg
3891,/gpfs0/bgu-vilenchi/users/sdolev/Thesis/VLMs/data/affectnet/human_annotated/validation_set/images/3891.jpg,1,happy,0.0,happy,/gpfs0/bgu-vilenchi/users/sdolev/Thesis/VLMs/data/affectnet/human_annotated/validation_set/images/3891.jpg
1010,/gpfs0/bgu-vilenchi/users/sdolev/Thesis/VLMs/data/affectnet/human_annotated/validation_set/images/1010.jpg,2,sad,1.0,neutral,/gpfs0/bgu-vilenchi/users/sdolev/Thesis/VLMs/data/affectnet/human_annotated/validation_set/images/1010.jpg
1649,/gpfs0/bgu-vilenchi/users/sdolev/Thesis/VLMs/data/affectnet/human_annotated/validation_set/images/1649.jpg,4,fear,2.0,happy,/gpfs0/bgu-vilenchi/users/sdolev/Thesis/VLMs/data/affectnet/human_annotated/validation_set/images/1649.jpg
2652,/gpfs0/bgu-vilenchi/users/sdolev/Thesis/VLMs/data/affectnet/human_annotated/validation_set/images/2652.jpg,7,contempt,2.0,happy,/gpfs0/bgu-vilenchi/users/sdolev/Thesis/VLMs/data/affectnet/human_annotated/validation_set/images/2652.jpg
5153,/gpfs0/bgu-vilenchi/users/sdolev/Thesis/VLMs/data/affectnet/human_annotated/validation_set/images/5153.jpg,4,fear,0.0,surprise,/gpfs0/bgu-vilenchi/users/sdolev/Thesis/VLMs/data/affectnet/human_annotated/validation_set/images/5153.jpg
1816,/gpfs0/bgu-vilenchi/users/sdolev/Thesis/VLMs/data/affectnet/human_annotated/validation_set/images/1816.jpg,6,angry,0.0,angry,/gpfs0/bgu-vilenchi/users/sdolev/Thesis/VLMs/data/affectnet/human_annotated/validation_set/images/1816.jpg
2375,/gpfs0/bgu-vilenchi/users/sdolev/Thesis/VLMs/data/affectnet/human_annotated/validation_set/images/2375.jpg,2,sad,0.0,sad,/gpfs0/bgu-vilenchi/users/sdolev/Thesis/VLMs/data/affectnet/human_annotated/validation_set/images/2375.jpg
424,/gpfs0/bgu-vilenchi/users/sdolev/Thesis/VLMs/data/affectnet/human_annotated/validation_set/images/424.jpg,5,disgust,1.0,disgust,/gpfs0/bgu-vilenchi/users/sdolev/Thesis/VLMs/data/affectnet/human_annotated/validation_set/images/424.jpg
4317,/gpfs0/bgu-vilenchi/users/sdolev/Thesis/VLMs/data/affectnet/human_annotated/validation_set/images/4317.jpg,0,neutral,0.0,neutral,/gpfs0/bgu-vilenchi/users/sdolev/Thesis/VLMs/data/affectnet/human_annotated/validation_set/images/4317.jpg
5320,/gpfs0/bgu-vilenchi/users/sdolev/Thesis/VLMs/data/affectnet/human_annotated/validation_set/images/5320.jpg,4,fear,2.0,surprise,/gpfs0/bgu-vilenchi/users/sdolev/Thesis/VLMs/data/affectnet/human_annotated/validation_set/images/5320.jpg
1136,/gpfs0/bgu-vilenchi/users/sdolev/Thesis/VLMs/data/affectnet/human_annotated/validation_set/images/1136.jpg,7,contempt,1.0,happy,/gpfs0/bgu-vilenchi/users/sdolev/Thesis/VLMs/data/affectnet/human_annotated/validation_set/images/1136.jpg
825,/gpfs0/bgu-vilenchi/users/sdolev/Thesis/VLMs/data/affectnet/human_annotated/validation_set/images/825.jpg,5,disgust,2.0,neutral,/gpfs0/bgu-vilenchi/users/sdolev/Thesis/VLMs/data/affectnet/human_annotated/validation_set/images/825.jpg
2778,/gpfs0/bgu-vilenchi/users/sdolev/Thesis/VLMs/data/affectnet/human_annotated/validation_set/images/2778.jpg,1,happy,0.0,happy,/gpfs0/bgu-vilenchi/users/sdolev/Thesis/VLMs/data/affectnet/human_annotated/validation_set/images/2778.jpg
1539,/gpfs0/bgu-vilenchi/users/sdolev/Thesis/VLMs/data/affectnet/human_annotated/validation_set/images/1539.jpg,6,angry,2.0,angry,/gpfs0/bgu-vilenchi/users/sdolev/Thesis/VLMs/data/affectnet/human_annotated/validation_set/images/1539.jpg
2542,/gpfs0/bgu-vilenchi/users/sdolev/Thesis/VLMs/data/affectnet/human_annotated/validation_set/images/2542.jpg,1,happy,0.0,happy,/gpfs0/bgu-vilenchi/users/sdolev/Thesis/VLMs/data/affectnet/human_annotated/validation_set/images/2542.jpg
2945,/gpfs0/bgu-vilenchi/users/sdolev/Thesis/VLMs/data/affectnet/human_annotated/validation_set/images/2945.jpg,3,surprise,1.0,neutral,/gpfs0/bgu-vilenchi/users/sdolev/Thesis/VLMs/data/affectnet/human_annotated/validation_set/images/2945.jpg
3198,/gpfs0/bgu-vilenchi/users/sdolev/Thesis/VLMs/data/affectnet/human_annotated/validation_set/images/3198.jpg,6,angry,0.0,angry,/gpfs0/bgu-vilenchi/users/sdolev/Thesis/VLMs/data/affectnet/human_annotated/validation_set/images/3198.jpg
1706,/gpfs0/bgu-vilenchi/users/sdolev/Thesis/VLMs/data/affectnet/human_annotated/validation_set/images/1706.jpg,1,happy,0.0,happy,/gpfs0/bgu-vilenchi/users/sdolev/Thesis/VLMs/data/affectnet/human_annotated/validation_set/images/1706.jpg
335,/gpfs0/bgu-vilenchi/users/sdolev/Thesis/VLMs/data/affectnet/human_annotated/validation_set/images/335.jpg,1,happy,0.0,happy,/gpfs0/bgu-vilenchi/users/sdolev/Thesis/VLMs/data/affectnet/human_annotated/validation_set/images/335.jpg
5210,/gpfs0/bgu-vilenchi/users/sdolev/Thesis/VLMs/data/affectnet/human_annotated/validation_set/images/5210.jpg,6,angry,0.0,angry,/gpfs0/bgu-vilenchi/users/sdolev/Thesis/VLMs/data/affectnet/human_annotated/validation_set/images/5210.jpg
3365,/gpfs0/bgu-vilenchi/users/sdolev/Thesis/VLMs/data/affectnet/human_annotated/validation_set/images/3365.jpg,2,sad,0.0,neutral,/gpfs0/bgu-vilenchi/users/sdolev/Thesis/VLMs/data/affectnet/human_annotated/validation_set/images/3365.jpg
3671,/gpfs0/bgu-vilenchi/users/sdolev/Thesis/VLMs/data/affectnet/human_annotated/validation_set/images/3671.jpg,1,happy,0.0,happy,/gpfs0/bgu-vilenchi/users/sdolev/Thesis/VLMs/data/affectnet/human_annotated/validation_set/images/3671.jpg
2126,/gpfs0/bgu-vilenchi/users/sdolev/Thesis/VLMs/data/affectnet/human_annotated/validation_set/images/2126.jpg,4,fear,2.0,neutral,/gpfs0/bgu-vilenchi/users/sdolev/Thesis/VLMs/data/affectnet/human_annotated/validation_set/images/2126.jpg
2835,/gpfs0/bgu-vilenchi/users/sdolev/Thesis/VLMs/data/affectnet/human_annotated/validation_set/images/2835.jpg,4,fear,1.0,sad,/gpfs0/bgu-vilenchi/users/sdolev/Thesis/VLMs/data/affectnet/human_annotated/validation_set/images/2835.jpg
3088,/gpfs0/bgu-vilenchi/users/sdolev/Thesis/VLMs/data/affectnet/human_annotated/validation_set/images/3088.jpg,3,surprise,1.0,surprise,/gpfs0/bgu-vilenchi/users/sdolev/Thesis/VLMs/data/affectnet/human_annotated/validation_set/images/3088.jpg
4091,/gpfs0/bgu-vilenchi/users/sdolev/Thesis/VLMs/data/affectnet/human_annotated/validation_set/images/4091.jpg,2,sad,0.0,surprise,/gpfs0/bgu-vilenchi/users/sdolev/Thesis/VLMs/data/affectnet/human_annotated/validation_set/images/4091.jpg
3935,/gpfs0/bgu-vilenchi/users/sdolev/Thesis/VLMs/data/affectnet/human_annotated/validation_set/images/3935.jpg,2,sad,0.0,neutral,/gpfs0/bgu-vilenchi/users/sdolev/Thesis/VLMs/data/affectnet/human_annotated/validation_set/images/3935.jpg
109,/gpfs0/bgu-vilenchi/users/sdolev/Thesis/VLMs/data/affectnet/human_annotated/validation_set/images/109.jpg,2,sad,1.0,neutral,/gpfs0/bgu-vilenchi/users/sdolev/Thesis/VLMs/data/affectnet/human_annotated/validation_set/images/109.jpg
750,/gpfs0/bgu-vilenchi/users/sdolev/Thesis/VLMs/data/affectnet/human_annotated/validation_set/images/750.jpg,0,neutral,0.0,neutral,/gpfs0/bgu-vilenchi/users/sdolev/Thesis/VLMs/data/affectnet/human_annotated/validation_set/images/750.jpg
647,/gpfs0/bgu-vilenchi/users/sdolev/Thesis/VLMs/data/affectnet/human_annotated/validation_set/images/647.jpg,3,surprise,2.0,happy,/gpfs0/bgu-vilenchi/users/sdolev/Thesis/VLMs/data/affectnet/human_annotated/validation_set/images/647.jpg
3255,/gpfs0/bgu-vilenchi/users/sdolev/Thesis/VLMs/data/affectnet/human_annotated/validation_set/images/3255.jpg,5,disgust,2.0,surprise,/gpfs0/bgu-vilenchi/users/sdolev/Thesis/VLMs/data/affectnet/human_annotated/validation_set/images/3255.jpg
2016,/gpfs0/bgu-vilenchi/users/sdolev/Thesis/VLMs/data/affectnet/human_annotated/validation_set/images/2016.jpg,5,disgust,2.0,neutral,/gpfs0/bgu-vilenchi/users/sdolev/Thesis/VLMs/data/affectnet/human_annotated/validation_set/images/2016.jpg
3658,/gpfs0/bgu-vilenchi/users/sdolev/Thesis/VLMs/data/affectnet/human_annotated/validation_set/images/3658.jpg,5,disgust,1.0,happy,/gpfs0/bgu-vilenchi/users/sdolev/Thesis/VLMs/data/affectnet/human_annotated/validation_set/images/3658.jpg
1480,/gpfs0/bgu-vilenchi/users/sdolev/Thesis/VLMs/data/affectnet/human_annotated/validation_set/images/1480.jpg,2,sad,0.0,sad,/gpfs0/bgu-vilenchi/users/sdolev/Thesis/VLMs/data/affectnet/human_annotated/validation_set/images/1480.jpg
3422,/gpfs0/bgu-vilenchi/users/sdolev/Thesis/VLMs/data/affectnet/human_annotated/validation_set/images/3422.jpg,3,surprise,2.0,happy,/gpfs0/bgu-vilenchi/users/sdolev/Thesis/VLMs/data/affectnet/human_annotated/validation_set/images/3422.jpg
123,/gpfs0/bgu-vilenchi/users/sdolev/Thesis/VLMs/data/affectnet/human_annotated/validation_set/images/123.jpg,3,surprise,0.0,surprise,/gpfs0/bgu-vilenchi/users/sdolev/Thesis/VLMs/data/affectnet/human_annotated/validation_set/images/123.jpg
3825,/gpfs0/bgu-vilenchi/users/sdolev/Thesis/VLMs/data/affectnet/human_annotated/validation_set/images/3825.jpg,6,angry,1.0,neutral,/gpfs0/bgu-vilenchi/users/sdolev/Thesis/VLMs/data/affectnet/human_annotated/validation_set/images/3825.jpg
558,/gpfs0/bgu-vilenchi/users/sdolev/Thesis/VLMs/data/affectnet/human_annotated/validation_set/images/558.jpg,0,neutral,0.0,neutral,/gpfs0/bgu-vilenchi/users/sdolev/Thesis/VLMs/data/affectnet/human_annotated/validation_set/images/558.jpg
4384,/gpfs0/bgu-vilenchi/users/sdolev/Thesis/VLMs/data/affectnet/human_annotated/validation_set/images/4384.jpg,3,surprise,2.0,surprise,/gpfs0/bgu-vilenchi/users/sdolev/Thesis/VLMs/data/affectnet/human_annotated/validation_set/images/4384.jpg
959,/gpfs0/bgu-vilenchi/users/sdolev/Thesis/VLMs/data/affectnet/human_annotated/validation_set/images/959.jpg,5,disgust,1.0,neutral,/gpfs0/bgu-vilenchi/users/sdolev/Thesis/VLMs/data/affectnet/human_annotated/validation_set/images/959.jpg
3145,/gpfs0/bgu-vilenchi/users/sdolev/Thesis/VLMs/data/affectnet/human_annotated/validation_set/images/3145.jpg,0,neutral,0.0,neutral,/gpfs0/bgu-vilenchi/users/sdolev/Thesis/VLMs/data/affectnet/human_annotated/validation_set/images/3145.jpg
4787,/gpfs0/bgu-vilenchi/users/sdolev/Thesis/VLMs/data/affectnet/human_annotated/validation_set/images/4787.jpg,3,surprise,1.0,happy,/gpfs0/bgu-vilenchi/users/sdolev/Thesis/VLMs/data/affectnet/human_annotated/validation_set/images/4787.jpg
3548,/gpfs0/bgu-vilenchi/users/sdolev/Thesis/VLMs/data/affectnet/human_annotated/validation_set/images/3548.jpg,4,fear,2.0,sad,/gpfs0/bgu-vilenchi/users/sdolev/Thesis/VLMs/data/affectnet/human_annotated/validation_set/images/3548.jpg
4551,/gpfs0/bgu-vilenchi/users/sdolev/Thesis/VLMs/data/affectnet/human_annotated/validation_set/images/4551.jpg,0,neutral,0.0,happy,/gpfs0/bgu-vilenchi/users/sdolev/Thesis/VLMs/data/affectnet/human_annotated/validation_set/images/4551.jpg
1370,/gpfs0/bgu-vilenchi/users/sdolev/Thesis/VLMs/data/affectnet/human_annotated/validation_set/images/1370.jpg,0,neutral,2.0,neutral,/gpfs0/bgu-vilenchi/users/sdolev/Thesis/VLMs/data/affectnet/human_annotated/validation_set/images/1370.jpg
3312,/gpfs0/bgu-vilenchi/users/sdolev/Thesis/VLMs/data/affectnet/human_annotated/validation_set/images/3312.jpg,2,sad,2.0,neutral,/gpfs0/bgu-vilenchi/users/sdolev/Thesis/VLMs/data/affectnet/human_annotated/validation_set/images/3312.jpg
4954,/gpfs0/bgu-vilenchi/users/sdolev/Thesis/VLMs/data/affectnet/human_annotated/validation_set/images/4954.jpg,2,sad,1.0,surprise,/gpfs0/bgu-vilenchi/users/sdolev/Thesis/VLMs/data/affectnet/human_annotated/validation_set/images/4954.jpg
3715,/gpfs0/bgu-vilenchi/users/sdolev/Thesis/VLMs/data/affectnet/human_annotated/validation_set/images/3715.jpg,5,disgust,0.0,sad,/gpfs0/bgu-vilenchi/users/sdolev/Thesis/VLMs/data/affectnet/human_annotated/validation_set/images/3715.jpg
572,/gpfs0/bgu-vilenchi/users/sdolev/Thesis/VLMs/data/affectnet/human_annotated/validation_set/images/572.jpg,0,neutral,1.0,happy,/gpfs0/bgu-vilenchi/users/sdolev/Thesis/VLMs/data/affectnet/human_annotated/validation_set/images/572.jpg
973,/gpfs0/bgu-vilenchi/users/sdolev/Thesis/VLMs/data/affectnet/human_annotated/validation_set/images/973.jpg,2,sad,0.0,sad,/gpfs0/bgu-vilenchi/users/sdolev/Thesis/VLMs/data/affectnet/human_annotated/validation_set/images/973.jpg
4274,/gpfs0/bgu-vilenchi/users/sdolev/Thesis/VLMs/data/affectnet/human_annotated/validation_set/images/4274.jpg,4,fear,0.0,surprise,/gpfs0/bgu-vilenchi/users/sdolev/Thesis/VLMs/data/affectnet/human_annotated/validation_set/images/4274.jpg
1940,/gpfs0/bgu-vilenchi/users/sdolev/Thesis/VLMs/data/affectnet/human_annotated/validation_set/images/1940.jpg,3,surprise,1.0,happy,/gpfs0/bgu-vilenchi/users/sdolev/Thesis/VLMs/data/affectnet/human_annotated/validation_set/images/1940.jpg
5374,/gpfs0/bgu-vilenchi/users/sdolev/Thesis/VLMs/data/affectnet/human_annotated/validation_set/images/5374.jpg,5,disgust,1.0,angry,/gpfs0/bgu-vilenchi/users/sdolev/Thesis/VLMs/data/affectnet/human_annotated/validation_set/images/5374.jpg
4677,/gpfs0/bgu-vilenchi/users/sdolev/Thesis/VLMs/data/affectnet/human_annotated/validation_set/images/4677.jpg,7,contempt,1.0,happy,/gpfs0/bgu-vilenchi/users/sdolev/Thesis/VLMs/data/affectnet/human_annotated/validation_set/images/4677.jpg
2193,/gpfs0/bgu-vilenchi/users/sdolev/Thesis/VLMs/data/affectnet/human_annotated/validation_set/images/2193.jpg,4,fear,2.0,neutral,/gpfs0/bgu-vilenchi/users/sdolev/Thesis/VLMs/data/affectnet/human_annotated/validation_set/images/2193.jpg
4135,/gpfs0/bgu-vilenchi/users/sdolev/Thesis/VLMs/data/affectnet/human_annotated/validation_set/images/4135.jpg,0,neutral,1.0,neutral,/gpfs0/bgu-vilenchi/users/sdolev/Thesis/VLMs/data/affectnet/human_annotated/validation_set/images/4135.jpg
4441,/gpfs0/bgu-vilenchi/users/sdolev/Thesis/VLMs/data/affectnet/human_annotated/validation_set/images/4441.jpg,1,happy,0.0,happy,/gpfs0/bgu-vilenchi/users/sdolev/Thesis/VLMs/data/affectnet/human_annotated/validation_set/images/4441.jpg
2596,/gpfs0/bgu-vilenchi/users/sdolev/Thesis/VLMs/data/affectnet/human_annotated/validation_set/images/2596.jpg,3,surprise,2.0,neutral,/gpfs0/bgu-vilenchi/users/sdolev/Thesis/VLMs/data/affectnet/human_annotated/validation_set/images/2596.jpg
1260,/gpfs0/bgu-vilenchi/users/sdolev/Thesis/VLMs/data/affectnet/human_annotated/validation_set/images/1260.jpg,5,disgust,2.0,neutral,/gpfs0/bgu-vilenchi/users/sdolev/Thesis/VLMs/data/affectnet/human_annotated/validation_set/images/1260.jpg
4538,/gpfs0/bgu-vilenchi/users/sdolev/Thesis/VLMs/data/affectnet/human_annotated/validation_set/images/4538.jpg,5,disgust,2.0,neutral,/gpfs0/bgu-vilenchi/users/sdolev/Thesis/VLMs/data/affectnet/human_annotated/validation_set/images/4538.jpg
3202,/gpfs0/bgu-vilenchi/users/sdolev/Thesis/VLMs/data/affectnet/human_annotated/validation_set/images/3202.jpg,2,sad,1.0,neutral,/gpfs0/bgu-vilenchi/users/sdolev/Thesis/VLMs/data/affectnet/human_annotated/validation_set/images/3202.jpg
1357,/gpfs0/bgu-vilenchi/users/sdolev/Thesis/VLMs/data/affectnet/human_annotated/validation_set/images/1357.jpg,6,angry,0.0,surprise,/gpfs0/bgu-vilenchi/users/sdolev/Thesis/VLMs/data/affectnet/human_annotated/validation_set/images/1357.jpg
2999,/gpfs0/bgu-vilenchi/users/sdolev/Thesis/VLMs/data/affectnet/human_annotated/validation_set/images/2999.jpg,6,angry,2.0,neutral,/gpfs0/bgu-vilenchi/users/sdolev/Thesis/VLMs/data/affectnet/human_annotated/validation_set/images/2999.jpg
1663,/gpfs0/bgu-vilenchi/users/sdolev/Thesis/VLMs/data/affectnet/human_annotated/validation_set/images/1663.jpg,0,neutral,2.0,sad,/gpfs0/bgu-vilenchi/users/sdolev/Thesis/VLMs/data/affectnet/human_annotated/validation_set/images/1663.jpg
483,/gpfs0/bgu-vilenchi/users/sdolev/Thesis/VLMs/data/affectnet/human_annotated/validation_set/images/483.jpg,3,surprise,2.0,surprise,/gpfs0/bgu-vilenchi/users/sdolev/Thesis/VLMs/data/affectnet/human_annotated/validation_set/images/483.jpg
4302,/gpfs0/bgu-vilenchi/users/sdolev/Thesis/VLMs/data/affectnet/human_annotated/validation_set/images/4302.jpg,6,angry,1.0,surprise,/gpfs0/bgu-vilenchi/users/sdolev/Thesis/VLMs/data/affectnet/human_annotated/validation_set/images/4302.jpg
5097,/gpfs0/bgu-vilenchi/users/sdolev/Thesis/VLMs/data/affectnet/human_annotated/validation_set/images/5097.jpg,6,angry,0.0,surprise,/gpfs0/bgu-vilenchi/users/sdolev/Thesis/VLMs/data/affectnet/human_annotated/validation_set/images/5097.jpg
3605,/gpfs0/bgu-vilenchi/users/sdolev/Thesis/VLMs/data/affectnet/human_annotated/validation_set/images/3605.jpg,4,fear,2.0,surprise,/gpfs0/bgu-vilenchi/users/sdolev/Thesis/VLMs/data/affectnet/human_annotated/validation_set/images/3605.jpg
884,/gpfs0/bgu-vilenchi/users/sdolev/Thesis/VLMs/data/affectnet/human_annotated/validation_set/images/884.jpg,7,contempt,1.0,neutral,/gpfs0/bgu-vilenchi/users/sdolev/Thesis/VLMs/data/affectnet/human_annotated/validation_set/images/884.jpg
4705,/gpfs0/bgu-vilenchi/users/sdolev/Thesis/VLMs/data/affectnet/human_annotated/validation_set/images/4705.jpg,2,sad,2.0,neutral,/gpfs0/bgu-vilenchi/users/sdolev/Thesis/VLMs/data/affectnet/human_annotated/validation_set/images/4705.jpg
1524,/gpfs0/bgu-vilenchi/users/sdolev/Thesis/VLMs/data/affectnet/human_annotated/validation_set/images/1524.jpg,2,sad,1.0,neutral,/gpfs0/bgu-vilenchi/users/sdolev/Thesis/VLMs/data/affectnet/human_annotated/validation_set/images/1524.jpg
1830,/gpfs0/bgu-vilenchi/users/sdolev/Thesis/VLMs/data/affectnet/human_annotated/validation_set/images/1830.jpg,7,contempt,1.0,neutral,/gpfs0/bgu-vilenchi/users/sdolev/Thesis/VLMs/data/affectnet/human_annotated/validation_set/images/1830.jpg
1927,/gpfs0/bgu-vilenchi/users/sdolev/Thesis/VLMs/data/affectnet/human_annotated/validation_set/images/1927.jpg,6,angry,1.0,surprise,/gpfs0/bgu-vilenchi/users/sdolev/Thesis/VLMs/data/affectnet/human_annotated/validation_set/images/1927.jpg
4025,/gpfs0/bgu-vilenchi/users/sdolev/Thesis/VLMs/data/affectnet/human_annotated/validation_set/images/4025.jpg,3,surprise,0.0,surprise,/gpfs0/bgu-vilenchi/users/sdolev/Thesis/VLMs/data/affectnet/human_annotated/validation_set/images/4025.jpg
2486,/gpfs0/bgu-vilenchi/users/sdolev/Thesis/VLMs/data/affectnet/human_annotated/validation_set/images/2486.jpg,2,sad,2.0,neutral,/gpfs0/bgu-vilenchi/users/sdolev/Thesis/VLMs/data/affectnet/human_annotated/validation_set/images/2486.jpg
5431,/gpfs0/bgu-vilenchi/users/sdolev/Thesis/VLMs/data/affectnet/human_annotated/validation_set/images/5431.jpg,0,neutral,0.0,neutral,/gpfs0/bgu-vilenchi/users/sdolev/Thesis/VLMs/data/affectnet/human_annotated/validation_set/images/5431.jpg
257,/gpfs0/bgu-vilenchi/users/sdolev/Thesis/VLMs/data/affectnet/human_annotated/validation_set/images/257.jpg,3,surprise,1.0,neutral,/gpfs0/bgu-vilenchi/users/sdolev/Thesis/VLMs/data/affectnet/human_annotated/validation_set/images/257.jpg
1247,/gpfs0/bgu-vilenchi/users/sdolev/Thesis/VLMs/data/affectnet/human_annotated/validation_set/images/1247.jpg,5,disgust,2.0,angry,/gpfs0/bgu-vilenchi/users/sdolev/Thesis/VLMs/data/affectnet/human_annotated/validation_set/images/1247.jpg
2889,/gpfs0/bgu-vilenchi/users/sdolev/Thesis/VLMs/data/affectnet/human_annotated/validation_set/images/2889.jpg,6,angry,1.0,neutral,/gpfs0/bgu-vilenchi/users/sdolev/Thesis/VLMs/data/affectnet/human_annotated/validation_set/images/2889.jpg
1011,/gpfs0/bgu-vilenchi/users/sdolev/Thesis/VLMs/data/affectnet/human_annotated/validation_set/images/1011.jpg,4,fear,0.0,surprise,/gpfs0/bgu-vilenchi/users/sdolev/Thesis/VLMs/data/affectnet/human_annotated/validation_set/images/1011.jpg
1414,/gpfs0/bgu-vilenchi/users/sdolev/Thesis/VLMs/data/affectnet/human_annotated/validation_set/images/1414.jpg,0,neutral,2.0,neutral,/gpfs0/bgu-vilenchi/users/sdolev/Thesis/VLMs/data/affectnet/human_annotated/validation_set/images/1414.jpg
4901,/gpfs0/bgu-vilenchi/users/sdolev/Thesis/VLMs/data/affectnet/human_annotated/validation_set/images/4901.jpg,6,angry,0.0,angry,/gpfs0/bgu-vilenchi/users/sdolev/Thesis/VLMs/data/affectnet/human_annotated/validation_set/images/4901.jpg
5154,/gpfs0/bgu-vilenchi/users/sdolev/Thesis/VLMs/data/affectnet/human_annotated/validation_set/images/5154.jpg,5,disgust,0.0,angry,/gpfs0/bgu-vilenchi/users/sdolev/Thesis/VLMs/data/affectnet/human_annotated/validation_set/images/5154.jpg
1817,/gpfs0/bgu-vilenchi/users/sdolev/Thesis/VLMs/data/affectnet/human_annotated/validation_set/images/1817.jpg,0,neutral,0.0,neutral,/gpfs0/bgu-vilenchi/users/sdolev/Thesis/VLMs/data/affectnet/human_annotated/validation_set/images/1817.jpg
2820,/gpfs0/bgu-vilenchi/users/sdolev/Thesis/VLMs/data/affectnet/human_annotated/validation_set/images/2820.jpg,5,disgust,2.0,neutral,/gpfs0/bgu-vilenchi/users/sdolev/Thesis/VLMs/data/affectnet/human_annotated/validation_set/images/2820.jpg
168,/gpfs0/bgu-vilenchi/users/sdolev/Thesis/VLMs/data/affectnet/human_annotated/validation_set/images/168.jpg,7,contempt,2.0,neutral,/gpfs0/bgu-vilenchi/users/sdolev/Thesis/VLMs/data/affectnet/human_annotated/validation_set/images/168.jpg
4318,/gpfs0/bgu-vilenchi/users/sdolev/Thesis/VLMs/data/affectnet/human_annotated/validation_set/images/4318.jpg,1,happy,0.0,happy,/gpfs0/bgu-vilenchi/users/sdolev/Thesis/VLMs/data/affectnet/human_annotated/validation_set/images/4318.jpg
2140,/gpfs0/bgu-vilenchi/users/sdolev/Thesis/VLMs/data/affectnet/human_annotated/validation_set/images/2140.jpg,3,surprise,0.0,happy,/gpfs0/bgu-vilenchi/users/sdolev/Thesis/VLMs/data/affectnet/human_annotated/validation_set/images/2140.jpg
569,/gpfs0/bgu-vilenchi/users/sdolev/Thesis/VLMs/data/affectnet/human_annotated/validation_set/images/569.jpg,6,angry,0.0,angry,/gpfs0/bgu-vilenchi/users/sdolev/Thesis/VLMs/data/affectnet/human_annotated/validation_set/images/569.jpg
2237,/gpfs0/bgu-vilenchi/users/sdolev/Thesis/VLMs/data/affectnet/human_annotated/validation_set/images/2237.jpg,1,happy,0.0,happy,/gpfs0/bgu-vilenchi/users/sdolev/Thesis/VLMs/data/affectnet/human_annotated/validation_set/images/2237.jpg
2543,/gpfs0/bgu-vilenchi/users/sdolev/Thesis/VLMs/data/affectnet/human_annotated/validation_set/images/2543.jpg,1,happy,0.0,happy,/gpfs0/bgu-vilenchi/users/sdolev/Thesis/VLMs/data/affectnet/human_annotated/validation_set/images/2543.jpg
704,/gpfs0/bgu-vilenchi/users/sdolev/Thesis/VLMs/data/affectnet/human_annotated/validation_set/images/704.jpg,7,contempt,1.0,neutral,/gpfs0/bgu-vilenchi/users/sdolev/Thesis/VLMs/data/affectnet/human_annotated/validation_set/images/704.jpg
1304,/gpfs0/bgu-vilenchi/users/sdolev/Thesis/VLMs/data/affectnet/human_annotated/validation_set/images/1304.jpg,0,neutral,0.0,happy,/gpfs0/bgu-vilenchi/users/sdolev/Thesis/VLMs/data/affectnet/human_annotated/validation_set/images/1304.jpg
2946,/gpfs0/bgu-vilenchi/users/sdolev/Thesis/VLMs/data/affectnet/human_annotated/validation_set/images/2946.jpg,2,sad,0.0,sad,/gpfs0/bgu-vilenchi/users/sdolev/Thesis/VLMs/data/affectnet/human_annotated/validation_set/images/2946.jpg
2710,/gpfs0/bgu-vilenchi/users/sdolev/Thesis/VLMs/data/affectnet/human_annotated/validation_set/images/2710.jpg,5,disgust,1.0,disgust,/gpfs0/bgu-vilenchi/users/sdolev/Thesis/VLMs/data/affectnet/human_annotated/validation_set/images/2710.jpg
182,/gpfs0/bgu-vilenchi/users/sdolev/Thesis/VLMs/data/affectnet/human_annotated/validation_set/images/182.jpg,1,happy,0.0,happy,/gpfs0/bgu-vilenchi/users/sdolev/Thesis/VLMs/data/affectnet/human_annotated/validation_set/images/182.jpg
5211,/gpfs0/bgu-vilenchi/users/sdolev/Thesis/VLMs/data/affectnet/human_annotated/validation_set/images/5211.jpg,0,neutral,0.0,neutral,/gpfs0/bgu-vilenchi/users/sdolev/Thesis/VLMs/data/affectnet/human_annotated/validation_set/images/5211.jpg
2030,/gpfs0/bgu-vilenchi/users/sdolev/Thesis/VLMs/data/affectnet/human_annotated/validation_set/images/2030.jpg,5,disgust,1.0,angry,/gpfs0/bgu-vilenchi/users/sdolev/Thesis/VLMs/data/affectnet/human_annotated/validation_set/images/2030.jpg
3672,/gpfs0/bgu-vilenchi/users/sdolev/Thesis/VLMs/data/affectnet/human_annotated/validation_set/images/3672.jpg,4,fear,2.0,happy,/gpfs0/bgu-vilenchi/users/sdolev/Thesis/VLMs/data/affectnet/human_annotated/validation_set/images/3672.jpg
5308,/gpfs0/bgu-vilenchi/users/sdolev/Thesis/VLMs/data/affectnet/human_annotated/validation_set/images/5308.jpg,0,neutral,1.0,neutral,/gpfs0/bgu-vilenchi/users/sdolev/Thesis/VLMs/data/affectnet/human_annotated/validation_set/images/5308.jpg
2127,/gpfs0/bgu-vilenchi/users/sdolev/Thesis/VLMs/data/affectnet/human_annotated/validation_set/images/2127.jpg,3,surprise,0.0,happy,/gpfs0/bgu-vilenchi/users/sdolev/Thesis/VLMs/data/affectnet/human_annotated/validation_set/images/2127.jpg
3130,/gpfs0/bgu-vilenchi/users/sdolev/Thesis/VLMs/data/affectnet/human_annotated/validation_set/images/3130.jpg,7,contempt,0.0,neutral,/gpfs0/bgu-vilenchi/users/sdolev/Thesis/VLMs/data/affectnet/human_annotated/validation_set/images/3130.jpg
3769,/gpfs0/bgu-vilenchi/users/sdolev/Thesis/VLMs/data/affectnet/human_annotated/validation_set/images/3769.jpg,5,disgust,1.0,neutral,/gpfs0/bgu-vilenchi/users/sdolev/Thesis/VLMs/data/affectnet/human_annotated/validation_set/images/3769.jpg
2433,/gpfs0/bgu-vilenchi/users/sdolev/Thesis/VLMs/data/affectnet/human_annotated/validation_set/images/2433.jpg,0,neutral,0.0,neutral,/gpfs0/bgu-vilenchi/users/sdolev/Thesis/VLMs/data/affectnet/human_annotated/validation_set/images/2433.jpg
3533,/gpfs0/bgu-vilenchi/users/sdolev/Thesis/VLMs/data/affectnet/human_annotated/validation_set/images/3533.jpg,6,angry,0.0,angry,/gpfs0/bgu-vilenchi/users/sdolev/Thesis/VLMs/data/affectnet/human_annotated/validation_set/images/3533.jpg
2836,/gpfs0/bgu-vilenchi/users/sdolev/Thesis/VLMs/data/affectnet/human_annotated/validation_set/images/2836.jpg,2,sad,1.0,sad,/gpfs0/bgu-vilenchi/users/sdolev/Thesis/VLMs/data/affectnet/human_annotated/validation_set/images/2836.jpg
3089,/gpfs0/bgu-vilenchi/users/sdolev/Thesis/VLMs/data/affectnet/human_annotated/validation_set/images/3089.jpg,0,neutral,0.0,neutral,/gpfs0/bgu-vilenchi/users/sdolev/Thesis/VLMs/data/affectnet/human_annotated/validation_set/images/3089.jpg
4092,/gpfs0/bgu-vilenchi/users/sdolev/Thesis/VLMs/data/affectnet/human_annotated/validation_set/images/4092.jpg,3,surprise,1.0,neutral,/gpfs0/bgu-vilenchi/users/sdolev/Thesis/VLMs/data/affectnet/human_annotated/validation_set/images/4092.jpg
3936,/gpfs0/bgu-vilenchi/users/sdolev/Thesis/VLMs/data/affectnet/human_annotated/validation_set/images/3936.jpg,0,neutral,0.0,neutral,/gpfs0/bgu-vilenchi/users/sdolev/Thesis/VLMs/data/affectnet/human_annotated/validation_set/images/3936.jpg
2600,/gpfs0/bgu-vilenchi/users/sdolev/Thesis/VLMs/data/affectnet/human_annotated/validation_set/images/2600.jpg,6,angry,0.0,angry,/gpfs0/bgu-vilenchi/users/sdolev/Thesis/VLMs/data/affectnet/human_annotated/validation_set/images/2600.jpg
4495,/gpfs0/bgu-vilenchi/users/sdolev/Thesis/VLMs/data/affectnet/human_annotated/validation_set/images/4495.jpg,4,fear,2.0,surprise,/gpfs0/bgu-vilenchi/users/sdolev/Thesis/VLMs/data/affectnet/human_annotated/validation_set/images/4495.jpg
3256,/gpfs0/bgu-vilenchi/users/sdolev/Thesis/VLMs/data/affectnet/human_annotated/validation_set/images/3256.jpg,2,sad,2.0,sad,/gpfs0/bgu-vilenchi/users/sdolev/Thesis/VLMs/data/affectnet/human_annotated/validation_set/images/3256.jpg
4898,/gpfs0/bgu-vilenchi/users/sdolev/Thesis/VLMs/data/affectnet/human_annotated/validation_set/images/4898.jpg,6,angry,1.0,neutral,/gpfs0/bgu-vilenchi/users/sdolev/Thesis/VLMs/data/affectnet/human_annotated/validation_set/images/4898.jpg
3020,/gpfs0/bgu-vilenchi/users/sdolev/Thesis/VLMs/data/affectnet/human_annotated/validation_set/images/3020.jpg,1,happy,0.0,happy,/gpfs0/bgu-vilenchi/users/sdolev/Thesis/VLMs/data/affectnet/human_annotated/validation_set/images/3020.jpg
3659,/gpfs0/bgu-vilenchi/users/sdolev/Thesis/VLMs/data/affectnet/human_annotated/validation_set/images/3659.jpg,0,neutral,0.0,neutral,/gpfs0/bgu-vilenchi/users/sdolev/Thesis/VLMs/data/affectnet/human_annotated/validation_set/images/3659.jpg
4662,/gpfs0/bgu-vilenchi/users/sdolev/Thesis/VLMs/data/affectnet/human_annotated/validation_set/images/4662.jpg,7,contempt,1.0,neutral,/gpfs0/bgu-vilenchi/users/sdolev/Thesis/VLMs/data/affectnet/human_annotated/validation_set/images/4662.jpg
1481,/gpfs0/bgu-vilenchi/users/sdolev/Thesis/VLMs/data/affectnet/human_annotated/validation_set/images/1481.jpg,6,angry,2.0,neutral,/gpfs0/bgu-vilenchi/users/sdolev/Thesis/VLMs/data/affectnet/human_annotated/validation_set/images/1481.jpg
3423,/gpfs0/bgu-vilenchi/users/sdolev/Thesis/VLMs/data/affectnet/human_annotated/validation_set/images/3423.jpg,2,sad,2.0,neutral,/gpfs0/bgu-vilenchi/users/sdolev/Thesis/VLMs/data/affectnet/human_annotated/validation_set/images/3423.jpg
1884,/gpfs0/bgu-vilenchi/users/sdolev/Thesis/VLMs/data/affectnet/human_annotated/validation_set/images/1884.jpg,1,happy,0.0,happy,/gpfs0/bgu-vilenchi/users/sdolev/Thesis/VLMs/data/affectnet/human_annotated/validation_set/images/1884.jpg
3826,/gpfs0/bgu-vilenchi/users/sdolev/Thesis/VLMs/data/affectnet/human_annotated/validation_set/images/3826.jpg,0,neutral,1.0,happy,/gpfs0/bgu-vilenchi/users/sdolev/Thesis/VLMs/data/affectnet/human_annotated/validation_set/images/3826.jpg
4079,/gpfs0/bgu-vilenchi/users/sdolev/Thesis/VLMs/data/affectnet/human_annotated/validation_set/images/4079.jpg,0,neutral,1.0,neutral,/gpfs0/bgu-vilenchi/users/sdolev/Thesis/VLMs/data/affectnet/human_annotated/validation_set/images/4079.jpg
4385,/gpfs0/bgu-vilenchi/users/sdolev/Thesis/VLMs/data/affectnet/human_annotated/validation_set/images/4385.jpg,2,sad,2.0,sad,/gpfs0/bgu-vilenchi/users/sdolev/Thesis/VLMs/data/affectnet/human_annotated/validation_set/images/4385.jpg
403,/gpfs0/bgu-vilenchi/users/sdolev/Thesis/VLMs/data/affectnet/human_annotated/validation_set/images/403.jpg,4,fear,2.0,surprise,/gpfs0/bgu-vilenchi/users/sdolev/Thesis/VLMs/data/affectnet/human_annotated/validation_set/images/403.jpg
3146,/gpfs0/bgu-vilenchi/users/sdolev/Thesis/VLMs/data/affectnet/human_annotated/validation_set/images/3146.jpg,4,fear,0.0,surprise,/gpfs0/bgu-vilenchi/users/sdolev/Thesis/VLMs/data/affectnet/human_annotated/validation_set/images/3146.jpg
4788,/gpfs0/bgu-vilenchi/users/sdolev/Thesis/VLMs/data/affectnet/human_annotated/validation_set/images/4788.jpg,6,angry,2.0,neutral,/gpfs0/bgu-vilenchi/users/sdolev/Thesis/VLMs/data/affectnet/human_annotated/validation_set/images/4788.jpg
804,/gpfs0/bgu-vilenchi/users/sdolev/Thesis/VLMs/data/affectnet/human_annotated/validation_set/images/804.jpg,6,angry,0.0,angry,/gpfs0/bgu-vilenchi/users/sdolev/Thesis/VLMs/data/affectnet/human_annotated/validation_set/images/804.jpg
3549,/gpfs0/bgu-vilenchi/users/sdolev/Thesis/VLMs/data/affectnet/human_annotated/validation_set/images/3549.jpg,7,contempt,1.0,neutral,/gpfs0/bgu-vilenchi/users/sdolev/Thesis/VLMs/data/affectnet/human_annotated/validation_set/images/3549.jpg
4552,/gpfs0/bgu-vilenchi/users/sdolev/Thesis/VLMs/data/affectnet/human_annotated/validation_set/images/4552.jpg,6,angry,0.0,surprise,/gpfs0/bgu-vilenchi/users/sdolev/Thesis/VLMs/data/affectnet/human_annotated/validation_set/images/4552.jpg
4955,/gpfs0/bgu-vilenchi/users/sdolev/Thesis/VLMs/data/affectnet/human_annotated/validation_set/images/4955.jpg,4,fear,1.0,surprise,/gpfs0/bgu-vilenchi/users/sdolev/Thesis/VLMs/data/affectnet/human_annotated/validation_set/images/4955.jpg
1774,/gpfs0/bgu-vilenchi/users/sdolev/Thesis/VLMs/data/affectnet/human_annotated/validation_set/images/1774.jpg,3,surprise,2.0,surprise,/gpfs0/bgu-vilenchi/users/sdolev/Thesis/VLMs/data/affectnet/human_annotated/validation_set/images/1774.jpg
3716,/gpfs0/bgu-vilenchi/users/sdolev/Thesis/VLMs/data/affectnet/human_annotated/validation_set/images/3716.jpg,2,sad,0.0,sad,/gpfs0/bgu-vilenchi/users/sdolev/Thesis/VLMs/data/affectnet/human_annotated/validation_set/images/3716.jpg
4275,/gpfs0/bgu-vilenchi/users/sdolev/Thesis/VLMs/data/affectnet/human_annotated/validation_set/images/4275.jpg,6,angry,2.0,neutral,/gpfs0/bgu-vilenchi/users/sdolev/Thesis/VLMs/data/affectnet/human_annotated/validation_set/images/4275.jpg
314,/gpfs0/bgu-vilenchi/users/sdolev/Thesis/VLMs/data/affectnet/human_annotated/validation_set/images/314.jpg,5,disgust,1.0,surprise,/gpfs0/bgu-vilenchi/users/sdolev/Thesis/VLMs/data/affectnet/human_annotated/validation_set/images/314.jpg
5375,/gpfs0/bgu-vilenchi/users/sdolev/Thesis/VLMs/data/affectnet/human_annotated/validation_set/images/5375.jpg,2,sad,1.0,sad,/gpfs0/bgu-vilenchi/users/sdolev/Thesis/VLMs/data/affectnet/human_annotated/validation_set/images/5375.jpg
715,/gpfs0/bgu-vilenchi/users/sdolev/Thesis/VLMs/data/affectnet/human_annotated/validation_set/images/715.jpg,6,angry,2.0,surprise,/gpfs0/bgu-vilenchi/users/sdolev/Thesis/VLMs/data/affectnet/human_annotated/validation_set/images/715.jpg
2194,/gpfs0/bgu-vilenchi/users/sdolev/Thesis/VLMs/data/affectnet/human_annotated/validation_set/images/2194.jpg,7,contempt,1.0,happy,/gpfs0/bgu-vilenchi/users/sdolev/Thesis/VLMs/data/affectnet/human_annotated/validation_set/images/2194.jpg
4136,/gpfs0/bgu-vilenchi/users/sdolev/Thesis/VLMs/data/affectnet/human_annotated/validation_set/images/4136.jpg,1,happy,0.0,happy,/gpfs0/bgu-vilenchi/users/sdolev/Thesis/VLMs/data/affectnet/human_annotated/validation_set/images/4136.jpg
2597,/gpfs0/bgu-vilenchi/users/sdolev/Thesis/VLMs/data/affectnet/human_annotated/validation_set/images/2597.jpg,4,fear,0.0,surprise,/gpfs0/bgu-vilenchi/users/sdolev/Thesis/VLMs/data/affectnet/human_annotated/validation_set/images/2597.jpg
1261,/gpfs0/bgu-vilenchi/users/sdolev/Thesis/VLMs/data/affectnet/human_annotated/validation_set/images/1261.jpg,2,sad,2.0,sad,/gpfs0/bgu-vilenchi/users/sdolev/Thesis/VLMs/data/affectnet/human_annotated/validation_set/images/1261.jpg
3203,/gpfs0/bgu-vilenchi/users/sdolev/Thesis/VLMs/data/affectnet/human_annotated/validation_set/images/3203.jpg,0,neutral,0.0,neutral,/gpfs0/bgu-vilenchi/users/sdolev/Thesis/VLMs/data/affectnet/human_annotated/validation_set/images/3203.jpg
1664,/gpfs0/bgu-vilenchi/users/sdolev/Thesis/VLMs/data/affectnet/human_annotated/validation_set/images/1664.jpg,0,neutral,1.0,neutral,/gpfs0/bgu-vilenchi/users/sdolev/Thesis/VLMs/data/affectnet/human_annotated/validation_set/images/1664.jpg
4303,/gpfs0/bgu-vilenchi/users/sdolev/Thesis/VLMs/data/affectnet/human_annotated/validation_set/images/4303.jpg,1,happy,0.0,happy,/gpfs0/bgu-vilenchi/users/sdolev/Thesis/VLMs/data/affectnet/human_annotated/validation_set/images/4303.jpg
3606,/gpfs0/bgu-vilenchi/users/sdolev/Thesis/VLMs/data/affectnet/human_annotated/validation_set/images/3606.jpg,3,surprise,0.0,neutral,/gpfs0/bgu-vilenchi/users/sdolev/Thesis/VLMs/data/affectnet/human_annotated/validation_set/images/3606.jpg
225,/gpfs0/bgu-vilenchi/users/sdolev/Thesis/VLMs/data/affectnet/human_annotated/validation_set/images/225.jpg,2,sad,1.0,sad,/gpfs0/bgu-vilenchi/users/sdolev/Thesis/VLMs/data/affectnet/human_annotated/validation_set/images/225.jpg
626,/gpfs0/bgu-vilenchi/users/sdolev/Thesis/VLMs/data/affectnet/human_annotated/validation_set/images/626.jpg,5,disgust,2.0,sad,/gpfs0/bgu-vilenchi/users/sdolev/Thesis/VLMs/data/affectnet/human_annotated/validation_set/images/626.jpg
1831,/gpfs0/bgu-vilenchi/users/sdolev/Thesis/VLMs/data/affectnet/human_annotated/validation_set/images/1831.jpg,1,happy,0.0,happy,/gpfs0/bgu-vilenchi/users/sdolev/Thesis/VLMs/data/affectnet/human_annotated/validation_set/images/1831.jpg
5265,/gpfs0/bgu-vilenchi/users/sdolev/Thesis/VLMs/data/affectnet/human_annotated/validation_set/images/5265.jpg,0,neutral,0.0,neutral,/gpfs0/bgu-vilenchi/users/sdolev/Thesis/VLMs/data/affectnet/human_annotated/validation_set/images/5265.jpg
2084,/gpfs0/bgu-vilenchi/users/sdolev/Thesis/VLMs/data/affectnet/human_annotated/validation_set/images/2084.jpg,5,disgust,0.0,happy,/gpfs0/bgu-vilenchi/users/sdolev/Thesis/VLMs/data/affectnet/human_annotated/validation_set/images/2084.jpg
2487,/gpfs0/bgu-vilenchi/users/sdolev/Thesis/VLMs/data/affectnet/human_annotated/validation_set/images/2487.jpg,1,happy,0.0,happy,/gpfs0/bgu-vilenchi/users/sdolev/Thesis/VLMs/data/affectnet/human_annotated/validation_set/images/2487.jpg
4429,/gpfs0/bgu-vilenchi/users/sdolev/Thesis/VLMs/data/affectnet/human_annotated/validation_set/images/4429.jpg,6,angry,2.0,angry,/gpfs0/bgu-vilenchi/users/sdolev/Thesis/VLMs/data/affectnet/human_annotated/validation_set/images/4429.jpg
5432,/gpfs0/bgu-vilenchi/users/sdolev/Thesis/VLMs/data/affectnet/human_annotated/validation_set/images/5432.jpg,0,neutral,0.0,neutral,/gpfs0/bgu-vilenchi/users/sdolev/Thesis/VLMs/data/affectnet/human_annotated/validation_set/images/5432.jpg
1248,/gpfs0/bgu-vilenchi/users/sdolev/Thesis/VLMs/data/affectnet/human_annotated/validation_set/images/1248.jpg,1,happy,0.0,happy,/gpfs0/bgu-vilenchi/users/sdolev/Thesis/VLMs/data/affectnet/human_annotated/validation_set/images/1248.jpg
2251,/gpfs0/bgu-vilenchi/users/sdolev/Thesis/VLMs/data/affectnet/human_annotated/validation_set/images/2251.jpg,5,disgust,0.0,neutral,/gpfs0/bgu-vilenchi/users/sdolev/Thesis/VLMs/data/affectnet/human_annotated/validation_set/images/2251.jpg
3893,/gpfs0/bgu-vilenchi/users/sdolev/Thesis/VLMs/data/affectnet/human_annotated/validation_set/images/3893.jpg,3,surprise,2.0,neutral,/gpfs0/bgu-vilenchi/users/sdolev/Thesis/VLMs/data/affectnet/human_annotated/validation_set/images/3893.jpg
1012,/gpfs0/bgu-vilenchi/users/sdolev/Thesis/VLMs/data/affectnet/human_annotated/validation_set/images/1012.jpg,1,happy,0.0,happy,/gpfs0/bgu-vilenchi/users/sdolev/Thesis/VLMs/data/affectnet/human_annotated/validation_set/images/1012.jpg
537,/gpfs0/bgu-vilenchi/users/sdolev/Thesis/VLMs/data/affectnet/human_annotated/validation_set/images/537.jpg,1,happy,0.0,happy,/gpfs0/bgu-vilenchi/users/sdolev/Thesis/VLMs/data/affectnet/human_annotated/validation_set/images/537.jpg
1415,/gpfs0/bgu-vilenchi/users/sdolev/Thesis/VLMs/data/affectnet/human_annotated/validation_set/images/1415.jpg,0,neutral,0.0,neutral,/gpfs0/bgu-vilenchi/users/sdolev/Thesis/VLMs/data/affectnet/human_annotated/validation_set/images/1415.jpg
4902,/gpfs0/bgu-vilenchi/users/sdolev/Thesis/VLMs/data/affectnet/human_annotated/validation_set/images/4902.jpg,6,angry,1.0,sad,/gpfs0/bgu-vilenchi/users/sdolev/Thesis/VLMs/data/affectnet/human_annotated/validation_set/images/4902.jpg
5155,/gpfs0/bgu-vilenchi/users/sdolev/Thesis/VLMs/data/affectnet/human_annotated/validation_set/images/5155.jpg,7,contempt,1.0,neutral,/gpfs0/bgu-vilenchi/users/sdolev/Thesis/VLMs/data/affectnet/human_annotated/validation_set/images/5155.jpg
1818,/gpfs0/bgu-vilenchi/users/sdolev/Thesis/VLMs/data/affectnet/human_annotated/validation_set/images/1818.jpg,5,disgust,0.0,anger,/gpfs0/bgu-vilenchi/users/sdolev/Thesis/VLMs/data/affectnet/human_annotated/validation_set/images/1818.jpg
2377,/gpfs0/bgu-vilenchi/users/sdolev/Thesis/VLMs/data/affectnet/human_annotated/validation_set/images/2377.jpg,4,fear,0.0,surprise,/gpfs0/bgu-vilenchi/users/sdolev/Thesis/VLMs/data/affectnet/human_annotated/validation_set/images/2377.jpg
4319,/gpfs0/bgu-vilenchi/users/sdolev/Thesis/VLMs/data/affectnet/human_annotated/validation_set/images/4319.jpg,0,neutral,2.0,happy,/gpfs0/bgu-vilenchi/users/sdolev/Thesis/VLMs/data/affectnet/human_annotated/validation_set/images/4319.jpg
5322,/gpfs0/bgu-vilenchi/users/sdolev/Thesis/VLMs/data/affectnet/human_annotated/validation_set/images/5322.jpg,2,sad,0.0,sad,/gpfs0/bgu-vilenchi/users/sdolev/Thesis/VLMs/data/affectnet/human_annotated/validation_set/images/5322.jpg
1138,/gpfs0/bgu-vilenchi/users/sdolev/Thesis/VLMs/data/affectnet/human_annotated/validation_set/images/1138.jpg,2,sad,2.0,surprise,/gpfs0/bgu-vilenchi/users/sdolev/Thesis/VLMs/data/affectnet/human_annotated/validation_set/images/1138.jpg
2141,/gpfs0/bgu-vilenchi/users/sdolev/Thesis/VLMs/data/affectnet/human_annotated/validation_set/images/2141.jpg,7,contempt,1.0,happy,/gpfs0/bgu-vilenchi/users/sdolev/Thesis/VLMs/data/affectnet/human_annotated/validation_set/images/2141.jpg
3783,/gpfs0/bgu-vilenchi/users/sdolev/Thesis/VLMs/data/affectnet/human_annotated/validation_set/images/3783.jpg,3,surprise,1.0,angry,/gpfs0/bgu-vilenchi/users/sdolev/Thesis/VLMs/data/affectnet/human_annotated/validation_set/images/3783.jpg
150,/gpfs0/bgu-vilenchi/users/sdolev/Thesis/VLMs/data/affectnet/human_annotated/validation_set/images/150.jpg,0,neutral,2.0,neutral,/gpfs0/bgu-vilenchi/users/sdolev/Thesis/VLMs/data/affectnet/human_annotated/validation_set/images/150.jpg
2238,/gpfs0/bgu-vilenchi/users/sdolev/Thesis/VLMs/data/affectnet/human_annotated/validation_set/images/2238.jpg,7,contempt,1.0,happy,/gpfs0/bgu-vilenchi/users/sdolev/Thesis/VLMs/data/affectnet/human_annotated/validation_set/images/2238.jpg
551,/gpfs0/bgu-vilenchi/users/sdolev/Thesis/VLMs/data/affectnet/human_annotated/validation_set/images/551.jpg,2,sad,1.0,sad,/gpfs0/bgu-vilenchi/users/sdolev/Thesis/VLMs/data/affectnet/human_annotated/validation_set/images/551.jpg
2544,/gpfs0/bgu-vilenchi/users/sdolev/Thesis/VLMs/data/affectnet/human_annotated/validation_set/images/2544.jpg,3,surprise,0.0,surprise,/gpfs0/bgu-vilenchi/users/sdolev/Thesis/VLMs/data/affectnet/human_annotated/validation_set/images/2544.jpg
448,/gpfs0/bgu-vilenchi/users/sdolev/Thesis/VLMs/data/affectnet/human_annotated/validation_set/images/448.jpg,3,surprise,1.0,neutral,/gpfs0/bgu-vilenchi/users/sdolev/Thesis/VLMs/data/affectnet/human_annotated/validation_set/images/448.jpg
849,/gpfs0/bgu-vilenchi/users/sdolev/Thesis/VLMs/data/affectnet/human_annotated/validation_set/images/849.jpg,7,contempt,1.0,happy,/gpfs0/bgu-vilenchi/users/sdolev/Thesis/VLMs/data/affectnet/human_annotated/validation_set/images/849.jpg
2711,/gpfs0/bgu-vilenchi/users/sdolev/Thesis/VLMs/data/affectnet/human_annotated/validation_set/images/2711.jpg,3,surprise,1.0,neutral,/gpfs0/bgu-vilenchi/users/sdolev/Thesis/VLMs/data/affectnet/human_annotated/validation_set/images/2711.jpg
3270,/gpfs0/bgu-vilenchi/users/sdolev/Thesis/VLMs/data/affectnet/human_annotated/validation_set/images/3270.jpg,7,contempt,2.0,happy,/gpfs0/bgu-vilenchi/users/sdolev/Thesis/VLMs/data/affectnet/human_annotated/validation_set/images/3270.jpg
2031,/gpfs0/bgu-vilenchi/users/sdolev/Thesis/VLMs/data/affectnet/human_annotated/validation_set/images/2031.jpg,6,angry,0.0,angry,/gpfs0/bgu-vilenchi/users/sdolev/Thesis/VLMs/data/affectnet/human_annotated/validation_set/images/2031.jpg
3673,/gpfs0/bgu-vilenchi/users/sdolev/Thesis/VLMs/data/affectnet/human_annotated/validation_set/images/3673.jpg,5,disgust,2.0,angry,/gpfs0/bgu-vilenchi/users/sdolev/Thesis/VLMs/data/affectnet/human_annotated/validation_set/images/3673.jpg
462,/gpfs0/bgu-vilenchi/users/sdolev/Thesis/VLMs/data/affectnet/human_annotated/validation_set/images/462.jpg,3,surprise,1.0,surprise,/gpfs0/bgu-vilenchi/users/sdolev/Thesis/VLMs/data/affectnet/human_annotated/validation_set/images/462.jpg
2128,/gpfs0/bgu-vilenchi/users/sdolev/Thesis/VLMs/data/affectnet/human_annotated/validation_set/images/2128.jpg,5,disgust,2.0,sad,/gpfs0/bgu-vilenchi/users/sdolev/Thesis/VLMs/data/affectnet/human_annotated/validation_set/images/2128.jpg
3131,/gpfs0/bgu-vilenchi/users/sdolev/Thesis/VLMs/data/affectnet/human_annotated/validation_set/images/3131.jpg,7,contempt,2.0,happy,/gpfs0/bgu-vilenchi/users/sdolev/Thesis/VLMs/data/affectnet/human_annotated/validation_set/images/3131.jpg
2434,/gpfs0/bgu-vilenchi/users/sdolev/Thesis/VLMs/data/affectnet/human_annotated/validation_set/images/2434.jpg,0,neutral,0.0,neutral,/gpfs0/bgu-vilenchi/users/sdolev/Thesis/VLMs/data/affectnet/human_annotated/validation_set/images/2434.jpg
863,/gpfs0/bgu-vilenchi/users/sdolev/Thesis/VLMs/data/affectnet/human_annotated/validation_set/images/863.jpg,4,fear,2.0,surprise,/gpfs0/bgu-vilenchi/users/sdolev/Thesis/VLMs/data/affectnet/human_annotated/validation_set/images/863.jpg
3534,/gpfs0/bgu-vilenchi/users/sdolev/Thesis/VLMs/data/affectnet/human_annotated/validation_set/images/3534.jpg,0,neutral,0.0,neutral,/gpfs0/bgu-vilenchi/users/sdolev/Thesis/VLMs/data/affectnet/human_annotated/validation_set/images/3534.jpg
3840,/gpfs0/bgu-vilenchi/users/sdolev/Thesis/VLMs/data/affectnet/human_annotated/validation_set/images/3840.jpg,3,surprise,1.0,happy,/gpfs0/bgu-vilenchi/users/sdolev/Thesis/VLMs/data/affectnet/human_annotated/validation_set/images/3840.jpg
4093,/gpfs0/bgu-vilenchi/users/sdolev/Thesis/VLMs/data/affectnet/human_annotated/validation_set/images/4093.jpg,7,contempt,1.0,happy,/gpfs0/bgu-vilenchi/users/sdolev/Thesis/VLMs/data/affectnet/human_annotated/validation_set/images/4093.jpg
3937,/gpfs0/bgu-vilenchi/users/sdolev/Thesis/VLMs/data/affectnet/human_annotated/validation_set/images/3937.jpg,0,neutral,0.0,neutral,/gpfs0/bgu-vilenchi/users/sdolev/Thesis/VLMs/data/affectnet/human_annotated/validation_set/images/3937.jpg
2601,/gpfs0/bgu-vilenchi/users/sdolev/Thesis/VLMs/data/affectnet/human_annotated/validation_set/images/2601.jpg,1,happy,0.0,happy,/gpfs0/bgu-vilenchi/users/sdolev/Thesis/VLMs/data/affectnet/human_annotated/validation_set/images/2601.jpg
4496,/gpfs0/bgu-vilenchi/users/sdolev/Thesis/VLMs/data/affectnet/human_annotated/validation_set/images/4496.jpg,4,fear,2.0,neutral,/gpfs0/bgu-vilenchi/users/sdolev/Thesis/VLMs/data/affectnet/human_annotated/validation_set/images/4496.jpg
3257,/gpfs0/bgu-vilenchi/users/sdolev/Thesis/VLMs/data/affectnet/human_annotated/validation_set/images/3257.jpg,2,sad,1.0,sad,/gpfs0/bgu-vilenchi/users/sdolev/Thesis/VLMs/data/affectnet/human_annotated/validation_set/images/3257.jpg
4260,/gpfs0/bgu-vilenchi/users/sdolev/Thesis/VLMs/data/affectnet/human_annotated/validation_set/images/4260.jpg,1,happy,0.0,happy,/gpfs0/bgu-vilenchi/users/sdolev/Thesis/VLMs/data/affectnet/human_annotated/validation_set/images/4260.jpg
4899,/gpfs0/bgu-vilenchi/users/sdolev/Thesis/VLMs/data/affectnet/human_annotated/validation_set/images/4899.jpg,6,angry,0.0,angry,/gpfs0/bgu-vilenchi/users/sdolev/Thesis/VLMs/data/affectnet/human_annotated/validation_set/images/4899.jpg
236,/gpfs0/bgu-vilenchi/users/sdolev/Thesis/VLMs/data/affectnet/human_annotated/validation_set/images/236.jpg,2,sad,2.0,neutral,/gpfs0/bgu-vilenchi/users/sdolev/Thesis/VLMs/data/affectnet/human_annotated/validation_set/images/236.jpg
373,/gpfs0/bgu-vilenchi/users/sdolev/Thesis/VLMs/data/affectnet/human_annotated/validation_set/images/373.jpg,5,disgust,0.0,disgust,/gpfs0/bgu-vilenchi/users/sdolev/Thesis/VLMs/data/affectnet/human_annotated/validation_set/images/373.jpg
2018,/gpfs0/bgu-vilenchi/users/sdolev/Thesis/VLMs/data/affectnet/human_annotated/validation_set/images/2018.jpg,5,disgust,0.0,neutral,/gpfs0/bgu-vilenchi/users/sdolev/Thesis/VLMs/data/affectnet/human_annotated/validation_set/images/2018.jpg
3021,/gpfs0/bgu-vilenchi/users/sdolev/Thesis/VLMs/data/affectnet/human_annotated/validation_set/images/3021.jpg,5,disgust,2.0,happy,/gpfs0/bgu-vilenchi/users/sdolev/Thesis/VLMs/data/affectnet/human_annotated/validation_set/images/3021.jpg
4663,/gpfs0/bgu-vilenchi/users/sdolev/Thesis/VLMs/data/affectnet/human_annotated/validation_set/images/4663.jpg,5,disgust,1.0,neutral,/gpfs0/bgu-vilenchi/users/sdolev/Thesis/VLMs/data/affectnet/human_annotated/validation_set/images/4663.jpg
3424,/gpfs0/bgu-vilenchi/users/sdolev/Thesis/VLMs/data/affectnet/human_annotated/validation_set/images/3424.jpg,6,angry,0.0,angry,/gpfs0/bgu-vilenchi/users/sdolev/Thesis/VLMs/data/affectnet/human_annotated/validation_set/images/3424.jpg
3730,/gpfs0/bgu-vilenchi/users/sdolev/Thesis/VLMs/data/affectnet/human_annotated/validation_set/images/3730.jpg,1,happy,0.0,happy,/gpfs0/bgu-vilenchi/users/sdolev/Thesis/VLMs/data/affectnet/human_annotated/validation_set/images/3730.jpg
1885,/gpfs0/bgu-vilenchi/users/sdolev/Thesis/VLMs/data/affectnet/human_annotated/validation_set/images/1885.jpg,2,sad,0.0,sad,/gpfs0/bgu-vilenchi/users/sdolev/Thesis/VLMs/data/affectnet/human_annotated/validation_set/images/1885.jpg
3827,/gpfs0/bgu-vilenchi/users/sdolev/Thesis/VLMs/data/affectnet/human_annotated/validation_set/images/3827.jpg,1,happy,1.0,neutral,/gpfs0/bgu-vilenchi/users/sdolev/Thesis/VLMs/data/affectnet/human_annotated/validation_set/images/3827.jpg
4830,/gpfs0/bgu-vilenchi/users/sdolev/Thesis/VLMs/data/affectnet/human_annotated/validation_set/images/4830.jpg,3,surprise,1.0,surprise,/gpfs0/bgu-vilenchi/users/sdolev/Thesis/VLMs/data/affectnet/human_annotated/validation_set/images/4830.jpg
4386,/gpfs0/bgu-vilenchi/users/sdolev/Thesis/VLMs/data/affectnet/human_annotated/validation_set/images/4386.jpg,4,fear,0.0,surprise,/gpfs0/bgu-vilenchi/users/sdolev/Thesis/VLMs/data/affectnet/human_annotated/validation_set/images/4386.jpg
147,/gpfs0/bgu-vilenchi/users/sdolev/Thesis/VLMs/data/affectnet/human_annotated/validation_set/images/147.jpg,0,neutral,2.0,neutral,/gpfs0/bgu-vilenchi/users/sdolev/Thesis/VLMs/data/affectnet/human_annotated/validation_set/images/147.jpg
4150,/gpfs0/bgu-vilenchi/users/sdolev/Thesis/VLMs/data/affectnet/human_annotated/validation_set/images/4150.jpg,4,fear,2.0,neutral,/gpfs0/bgu-vilenchi/users/sdolev/Thesis/VLMs/data/affectnet/human_annotated/validation_set/images/4150.jpg
685,/gpfs0/bgu-vilenchi/users/sdolev/Thesis/VLMs/data/affectnet/human_annotated/validation_set/images/685.jpg,5,disgust,0.0,neutral,/gpfs0/bgu-vilenchi/users/sdolev/Thesis/VLMs/data/affectnet/human_annotated/validation_set/images/685.jpg
1372,/gpfs0/bgu-vilenchi/users/sdolev/Thesis/VLMs/data/affectnet/human_annotated/validation_set/images/1372.jpg,5,disgust,1.0,neutral,/gpfs0/bgu-vilenchi/users/sdolev/Thesis/VLMs/data/affectnet/human_annotated/validation_set/images/1372.jpg
3008,/gpfs0/bgu-vilenchi/users/sdolev/Thesis/VLMs/data/affectnet/human_annotated/validation_set/images/3008.jpg,7,contempt,1.0,neutral,/gpfs0/bgu-vilenchi/users/sdolev/Thesis/VLMs/data/affectnet/human_annotated/validation_set/images/3008.jpg
3314,/gpfs0/bgu-vilenchi/users/sdolev/Thesis/VLMs/data/affectnet/human_annotated/validation_set/images/3314.jpg,4,fear,1.0,surprise,/gpfs0/bgu-vilenchi/users/sdolev/Thesis/VLMs/data/affectnet/human_annotated/validation_set/images/3314.jpg
4956,/gpfs0/bgu-vilenchi/users/sdolev/Thesis/VLMs/data/affectnet/human_annotated/validation_set/images/4956.jpg,7,contempt,1.0,happy,/gpfs0/bgu-vilenchi/users/sdolev/Thesis/VLMs/data/affectnet/human_annotated/validation_set/images/4956.jpg
3717,/gpfs0/bgu-vilenchi/users/sdolev/Thesis/VLMs/data/affectnet/human_annotated/validation_set/images/3717.jpg,3,surprise,2.0,neutral,/gpfs0/bgu-vilenchi/users/sdolev/Thesis/VLMs/data/affectnet/human_annotated/validation_set/images/3717.jpg
4720,/gpfs0/bgu-vilenchi/users/sdolev/Thesis/VLMs/data/affectnet/human_annotated/validation_set/images/4720.jpg,1,happy,0.0,happy,/gpfs0/bgu-vilenchi/users/sdolev/Thesis/VLMs/data/affectnet/human_annotated/validation_set/images/4720.jpg
1942,/gpfs0/bgu-vilenchi/users/sdolev/Thesis/VLMs/data/affectnet/human_annotated/validation_set/images/1942.jpg,4,fear,1.0,surprise,/gpfs0/bgu-vilenchi/users/sdolev/Thesis/VLMs/data/affectnet/human_annotated/validation_set/images/1942.jpg
5376,/gpfs0/bgu-vilenchi/users/sdolev/Thesis/VLMs/data/affectnet/human_annotated/validation_set/images/5376.jpg,7,contempt,2.0,sad,/gpfs0/bgu-vilenchi/users/sdolev/Thesis/VLMs/data/affectnet/human_annotated/validation_set/images/5376.jpg
459,/gpfs0/bgu-vilenchi/users/sdolev/Thesis/VLMs/data/affectnet/human_annotated/validation_set/images/459.jpg,5,disgust,1.0,anger,/gpfs0/bgu-vilenchi/users/sdolev/Thesis/VLMs/data/affectnet/human_annotated/validation_set/images/459.jpg
2195,/gpfs0/bgu-vilenchi/users/sdolev/Thesis/VLMs/data/affectnet/human_annotated/validation_set/images/2195.jpg,7,contempt,1.0,neutral,/gpfs0/bgu-vilenchi/users/sdolev/Thesis/VLMs/data/affectnet/human_annotated/validation_set/images/2195.jpg
4137,/gpfs0/bgu-vilenchi/users/sdolev/Thesis/VLMs/data/affectnet/human_annotated/validation_set/images/4137.jpg,4,fear,2.0,neutral,/gpfs0/bgu-vilenchi/users/sdolev/Thesis/VLMs/data/affectnet/human_annotated/validation_set/images/4137.jpg
4443,/gpfs0/bgu-vilenchi/users/sdolev/Thesis/VLMs/data/affectnet/human_annotated/validation_set/images/4443.jpg,7,contempt,1.0,surprise,/gpfs0/bgu-vilenchi/users/sdolev/Thesis/VLMs/data/affectnet/human_annotated/validation_set/images/4443.jpg
2598,/gpfs0/bgu-vilenchi/users/sdolev/Thesis/VLMs/data/affectnet/human_annotated/validation_set/images/2598.jpg,1,happy,0.0,neutral,/gpfs0/bgu-vilenchi/users/sdolev/Thesis/VLMs/data/affectnet/human_annotated/validation_set/images/2598.jpg
1262,/gpfs0/bgu-vilenchi/users/sdolev/Thesis/VLMs/data/affectnet/human_annotated/validation_set/images/1262.jpg,5,disgust,2.0,sad,/gpfs0/bgu-vilenchi/users/sdolev/Thesis/VLMs/data/affectnet/human_annotated/validation_set/images/1262.jpg
3204,/gpfs0/bgu-vilenchi/users/sdolev/Thesis/VLMs/data/affectnet/human_annotated/validation_set/images/3204.jpg,1,happy,0.0,happy,/gpfs0/bgu-vilenchi/users/sdolev/Thesis/VLMs/data/affectnet/human_annotated/validation_set/images/3204.jpg
1359,/gpfs0/bgu-vilenchi/users/sdolev/Thesis/VLMs/data/affectnet/human_annotated/validation_set/images/1359.jpg,3,surprise,1.0,neutral,/gpfs0/bgu-vilenchi/users/sdolev/Thesis/VLMs/data/affectnet/human_annotated/validation_set/images/1359.jpg
3607,/gpfs0/bgu-vilenchi/users/sdolev/Thesis/VLMs/data/affectnet/human_annotated/validation_set/images/3607.jpg,6,angry,1.0,happy,/gpfs0/bgu-vilenchi/users/sdolev/Thesis/VLMs/data/affectnet/human_annotated/validation_set/images/3607.jpg
4610,/gpfs0/bgu-vilenchi/users/sdolev/Thesis/VLMs/data/affectnet/human_annotated/validation_set/images/4610.jpg,1,happy,0.0,happy,/gpfs0/bgu-vilenchi/users/sdolev/Thesis/VLMs/data/affectnet/human_annotated/validation_set/images/4610.jpg
2765,/gpfs0/bgu-vilenchi/users/sdolev/Thesis/VLMs/data/affectnet/human_annotated/validation_set/images/2765.jpg,7,contempt,1.0,neutral,/gpfs0/bgu-vilenchi/users/sdolev/Thesis/VLMs/data/affectnet/human_annotated/validation_set/images/2765.jpg
1526,/gpfs0/bgu-vilenchi/users/sdolev/Thesis/VLMs/data/affectnet/human_annotated/validation_set/images/1526.jpg,7,contempt,1.0,happy,/gpfs0/bgu-vilenchi/users/sdolev/Thesis/VLMs/data/affectnet/human_annotated/validation_set/images/1526.jpg
1832,/gpfs0/bgu-vilenchi/users/sdolev/Thesis/VLMs/data/affectnet/human_annotated/validation_set/images/1832.jpg,1,happy,0.0,neutral,/gpfs0/bgu-vilenchi/users/sdolev/Thesis/VLMs/data/affectnet/human_annotated/validation_set/images/1832.jpg
5266,/gpfs0/bgu-vilenchi/users/sdolev/Thesis/VLMs/data/affectnet/human_annotated/validation_set/images/5266.jpg,5,disgust,0.0,neutral,/gpfs0/bgu-vilenchi/users/sdolev/Thesis/VLMs/data/affectnet/human_annotated/validation_set/images/5266.jpg
2085,/gpfs0/bgu-vilenchi/users/sdolev/Thesis/VLMs/data/affectnet/human_annotated/validation_set/images/2085.jpg,2,sad,1.0,neutral,/gpfs0/bgu-vilenchi/users/sdolev/Thesis/VLMs/data/affectnet/human_annotated/validation_set/images/2085.jpg
1929,/gpfs0/bgu-vilenchi/users/sdolev/Thesis/VLMs/data/affectnet/human_annotated/validation_set/images/1929.jpg,0,neutral,0.0,neutral,/gpfs0/bgu-vilenchi/users/sdolev/Thesis/VLMs/data/affectnet/human_annotated/validation_set/images/1929.jpg
4027,/gpfs0/bgu-vilenchi/users/sdolev/Thesis/VLMs/data/affectnet/human_annotated/validation_set/images/4027.jpg,2,sad,0.0,sad,/gpfs0/bgu-vilenchi/users/sdolev/Thesis/VLMs/data/affectnet/human_annotated/validation_set/images/4027.jpg
2488,/gpfs0/bgu-vilenchi/users/sdolev/Thesis/VLMs/data/affectnet/human_annotated/validation_set/images/2488.jpg,5,disgust,0.0,surprise,/gpfs0/bgu-vilenchi/users/sdolev/Thesis/VLMs/data/affectnet/human_annotated/validation_set/images/2488.jpg
906,/gpfs0/bgu-vilenchi/users/sdolev/Thesis/VLMs/data/affectnet/human_annotated/validation_set/images/906.jpg,0,neutral,0.0,neutral,/gpfs0/bgu-vilenchi/users/sdolev/Thesis/VLMs/data/affectnet/human_annotated/validation_set/images/906.jpg
3491,/gpfs0/bgu-vilenchi/users/sdolev/Thesis/VLMs/data/affectnet/human_annotated/validation_set/images/3491.jpg,1,happy,0.0,happy,/gpfs0/bgu-vilenchi/users/sdolev/Thesis/VLMs/data/affectnet/human_annotated/validation_set/images/3491.jpg
50,/gpfs0/bgu-vilenchi/users/sdolev/Thesis/VLMs/data/affectnet/human_annotated/validation_set/images/50.jpg,2,sad,0.0,neutral,/gpfs0/bgu-vilenchi/users/sdolev/Thesis/VLMs/data/affectnet/human_annotated/validation_set/images/50.jpg
5433,/gpfs0/bgu-vilenchi/users/sdolev/Thesis/VLMs/data/affectnet/human_annotated/validation_set/images/5433.jpg,3,surprise,0.0,surprise,/gpfs0/bgu-vilenchi/users/sdolev/Thesis/VLMs/data/affectnet/human_annotated/validation_set/images/5433.jpg
1249,/gpfs0/bgu-vilenchi/users/sdolev/Thesis/VLMs/data/affectnet/human_annotated/validation_set/images/1249.jpg,7,contempt,2.0,happy,/gpfs0/bgu-vilenchi/users/sdolev/Thesis/VLMs/data/affectnet/human_annotated/validation_set/images/1249.jpg
1013,/gpfs0/bgu-vilenchi/users/sdolev/Thesis/VLMs/data/affectnet/human_annotated/validation_set/images/1013.jpg,7,contempt,2.0,neutral,/gpfs0/bgu-vilenchi/users/sdolev/Thesis/VLMs/data/affectnet/human_annotated/validation_set/images/1013.jpg
4500,/gpfs0/bgu-vilenchi/users/sdolev/Thesis/VLMs/data/affectnet/human_annotated/validation_set/images/4500.jpg,3,surprise,0.0,surprise,/gpfs0/bgu-vilenchi/users/sdolev/Thesis/VLMs/data/affectnet/human_annotated/validation_set/images/4500.jpg
2655,/gpfs0/bgu-vilenchi/users/sdolev/Thesis/VLMs/data/affectnet/human_annotated/validation_set/images/2655.jpg,5,disgust,1.0,disgust,/gpfs0/bgu-vilenchi/users/sdolev/Thesis/VLMs/data/affectnet/human_annotated/validation_set/images/2655.jpg
384,/gpfs0/bgu-vilenchi/users/sdolev/Thesis/VLMs/data/affectnet/human_annotated/validation_set/images/384.jpg,1,happy,0.0,happy,/gpfs0/bgu-vilenchi/users/sdolev/Thesis/VLMs/data/affectnet/human_annotated/validation_set/images/384.jpg
73,/gpfs0/bgu-vilenchi/users/sdolev/Thesis/VLMs/data/affectnet/human_annotated/validation_set/images/73.jpg,5,disgust,2.0,disgust,/gpfs0/bgu-vilenchi/users/sdolev/Thesis/VLMs/data/affectnet/human_annotated/validation_set/images/73.jpg
5156,/gpfs0/bgu-vilenchi/users/sdolev/Thesis/VLMs/data/affectnet/human_annotated/validation_set/images/5156.jpg,5,disgust,1.0,disgust,/gpfs0/bgu-vilenchi/users/sdolev/Thesis/VLMs/data/affectnet/human_annotated/validation_set/images/5156.jpg
45,/gpfs0/bgu-vilenchi/users/sdolev/Thesis/VLMs/data/affectnet/human_annotated/validation_set/images/45.jpg,3,surprise,1.0,surprise,/gpfs0/bgu-vilenchi/users/sdolev/Thesis/VLMs/data/affectnet/human_annotated/validation_set/images/45.jpg
17,/gpfs0/bgu-vilenchi/users/sdolev/Thesis/VLMs/data/affectnet/human_annotated/validation_set/images/17.jpg,4,fear,1.0,surprise,/gpfs0/bgu-vilenchi/users/sdolev/Thesis/VLMs/data/affectnet/human_annotated/validation_set/images/17.jpg
2378,/gpfs0/bgu-vilenchi/users/sdolev/Thesis/VLMs/data/affectnet/human_annotated/validation_set/images/2378.jpg,3,surprise,2.0,surprise,/gpfs0/bgu-vilenchi/users/sdolev/Thesis/VLMs/data/affectnet/human_annotated/validation_set/images/2378.jpg
3381,/gpfs0/bgu-vilenchi/users/sdolev/Thesis/VLMs/data/affectnet/human_annotated/validation_set/images/3381.jpg,6,angry,0.0,neutral,/gpfs0/bgu-vilenchi/users/sdolev/Thesis/VLMs/data/affectnet/human_annotated/validation_set/images/3381.jpg
2142,/gpfs0/bgu-vilenchi/users/sdolev/Thesis/VLMs/data/affectnet/human_annotated/validation_set/images/2142.jpg,3,surprise,1.0,neutral,/gpfs0/bgu-vilenchi/users/sdolev/Thesis/VLMs/data/affectnet/human_annotated/validation_set/images/2142.jpg
2545,/gpfs0/bgu-vilenchi/users/sdolev/Thesis/VLMs/data/affectnet/human_annotated/validation_set/images/2545.jpg,5,disgust,0.0,surprise,/gpfs0/bgu-vilenchi/users/sdolev/Thesis/VLMs/data/affectnet/human_annotated/validation_set/images/2545.jpg
295,/gpfs0/bgu-vilenchi/users/sdolev/Thesis/VLMs/data/affectnet/human_annotated/validation_set/images/295.jpg,5,disgust,2.0,neutral,/gpfs0/bgu-vilenchi/users/sdolev/Thesis/VLMs/data/affectnet/human_annotated/validation_set/images/295.jpg
696,/gpfs0/bgu-vilenchi/users/sdolev/Thesis/VLMs/data/affectnet/human_annotated/validation_set/images/696.jpg,0,neutral,0.0,neutral,/gpfs0/bgu-vilenchi/users/sdolev/Thesis/VLMs/data/affectnet/human_annotated/validation_set/images/696.jpg
1306,/gpfs0/bgu-vilenchi/users/sdolev/Thesis/VLMs/data/affectnet/human_annotated/validation_set/images/1306.jpg,4,fear,1.0,surprise,/gpfs0/bgu-vilenchi/users/sdolev/Thesis/VLMs/data/affectnet/human_annotated/validation_set/images/1306.jpg
831,/gpfs0/bgu-vilenchi/users/sdolev/Thesis/VLMs/data/affectnet/human_annotated/validation_set/images/831.jpg,1,happy,0.0,happy,/gpfs0/bgu-vilenchi/users/sdolev/Thesis/VLMs/data/affectnet/human_annotated/validation_set/images/831.jpg
1709,/gpfs0/bgu-vilenchi/users/sdolev/Thesis/VLMs/data/affectnet/human_annotated/validation_set/images/1709.jpg,3,surprise,2.0,surprise,/gpfs0/bgu-vilenchi/users/sdolev/Thesis/VLMs/data/affectnet/human_annotated/validation_set/images/1709.jpg
2712,/gpfs0/bgu-vilenchi/users/sdolev/Thesis/VLMs/data/affectnet/human_annotated/validation_set/images/2712.jpg,3,surprise,1.0,surprise,/gpfs0/bgu-vilenchi/users/sdolev/Thesis/VLMs/data/affectnet/human_annotated/validation_set/images/2712.jpg
3271,/gpfs0/bgu-vilenchi/users/sdolev/Thesis/VLMs/data/affectnet/human_annotated/validation_set/images/3271.jpg,5,disgust,0.0,surprise,/gpfs0/bgu-vilenchi/users/sdolev/Thesis/VLMs/data/affectnet/human_annotated/validation_set/images/3271.jpg
3368,/gpfs0/bgu-vilenchi/users/sdolev/Thesis/VLMs/data/affectnet/human_annotated/validation_set/images/3368.jpg,5,disgust,2.0,sad,/gpfs0/bgu-vilenchi/users/sdolev/Thesis/VLMs/data/affectnet/human_annotated/validation_set/images/3368.jpg
48,/gpfs0/bgu-vilenchi/users/sdolev/Thesis/VLMs/data/affectnet/human_annotated/validation_set/images/48.jpg,0,neutral,0.0,neutral,/gpfs0/bgu-vilenchi/users/sdolev/Thesis/VLMs/data/affectnet/human_annotated/validation_set/images/48.jpg
2032,/gpfs0/bgu-vilenchi/users/sdolev/Thesis/VLMs/data/affectnet/human_annotated/validation_set/images/2032.jpg,7,contempt,1.0,happy,/gpfs0/bgu-vilenchi/users/sdolev/Thesis/VLMs/data/affectnet/human_annotated/validation_set/images/2032.jpg
2129,/gpfs0/bgu-vilenchi/users/sdolev/Thesis/VLMs/data/affectnet/human_annotated/validation_set/images/2129.jpg,5,disgust,1.0,happy,/gpfs0/bgu-vilenchi/users/sdolev/Thesis/VLMs/data/affectnet/human_annotated/validation_set/images/2129.jpg
3132,/gpfs0/bgu-vilenchi/users/sdolev/Thesis/VLMs/data/affectnet/human_annotated/validation_set/images/3132.jpg,0,neutral,0.0,neutral,/gpfs0/bgu-vilenchi/users/sdolev/Thesis/VLMs/data/affectnet/human_annotated/validation_set/images/3132.jpg
2435,/gpfs0/bgu-vilenchi/users/sdolev/Thesis/VLMs/data/affectnet/human_annotated/validation_set/images/2435.jpg,6,angry,0.0,neutral,/gpfs0/bgu-vilenchi/users/sdolev/Thesis/VLMs/data/affectnet/human_annotated/validation_set/images/2435.jpg
204,/gpfs0/bgu-vilenchi/users/sdolev/Thesis/VLMs/data/affectnet/human_annotated/validation_set/images/204.jpg,4,fear,0.0,surprise,/gpfs0/bgu-vilenchi/users/sdolev/Thesis/VLMs/data/affectnet/human_annotated/validation_set/images/204.jpg
3535,/gpfs0/bgu-vilenchi/users/sdolev/Thesis/VLMs/data/affectnet/human_annotated/validation_set/images/3535.jpg,5,disgust,0.0,disgust,/gpfs0/bgu-vilenchi/users/sdolev/Thesis/VLMs/data/affectnet/human_annotated/validation_set/images/3535.jpg
2838,/gpfs0/bgu-vilenchi/users/sdolev/Thesis/VLMs/data/affectnet/human_annotated/validation_set/images/2838.jpg,1,happy,0.0,happy,/gpfs0/bgu-vilenchi/users/sdolev/Thesis/VLMs/data/affectnet/human_annotated/validation_set/images/2838.jpg
605,/gpfs0/bgu-vilenchi/users/sdolev/Thesis/VLMs/data/affectnet/human_annotated/validation_set/images/605.jpg,4,fear,1.0,surprise,/gpfs0/bgu-vilenchi/users/sdolev/Thesis/VLMs/data/affectnet/human_annotated/validation_set/images/605.jpg
3938,/gpfs0/bgu-vilenchi/users/sdolev/Thesis/VLMs/data/affectnet/human_annotated/validation_set/images/3938.jpg,2,sad,1.0,sad,/gpfs0/bgu-vilenchi/users/sdolev/Thesis/VLMs/data/affectnet/human_annotated/validation_set/images/3938.jpg
2602,/gpfs0/bgu-vilenchi/users/sdolev/Thesis/VLMs/data/affectnet/human_annotated/validation_set/images/2602.jpg,5,disgust,2.0,happy,/gpfs0/bgu-vilenchi/users/sdolev/Thesis/VLMs/data/affectnet/human_annotated/validation_set/images/2602.jpg
4497,/gpfs0/bgu-vilenchi/users/sdolev/Thesis/VLMs/data/affectnet/human_annotated/validation_set/images/4497.jpg,3,surprise,2.0,neutral,/gpfs0/bgu-vilenchi/users/sdolev/Thesis/VLMs/data/affectnet/human_annotated/validation_set/images/4497.jpg
3258,/gpfs0/bgu-vilenchi/users/sdolev/Thesis/VLMs/data/affectnet/human_annotated/validation_set/images/3258.jpg,7,contempt,1.0,happy,/gpfs0/bgu-vilenchi/users/sdolev/Thesis/VLMs/data/affectnet/human_annotated/validation_set/images/3258.jpg
4261,/gpfs0/bgu-vilenchi/users/sdolev/Thesis/VLMs/data/affectnet/human_annotated/validation_set/images/4261.jpg,5,disgust,1.0,disgust,/gpfs0/bgu-vilenchi/users/sdolev/Thesis/VLMs/data/affectnet/human_annotated/validation_set/images/4261.jpg
3022,/gpfs0/bgu-vilenchi/users/sdolev/Thesis/VLMs/data/affectnet/human_annotated/validation_set/images/3022.jpg,6,angry,0.0,angry,/gpfs0/bgu-vilenchi/users/sdolev/Thesis/VLMs/data/affectnet/human_annotated/validation_set/images/3022.jpg
4664,/gpfs0/bgu-vilenchi/users/sdolev/Thesis/VLMs/data/affectnet/human_annotated/validation_set/images/4664.jpg,6,angry,1.0,surprise,/gpfs0/bgu-vilenchi/users/sdolev/Thesis/VLMs/data/affectnet/human_annotated/validation_set/images/4664.jpg
4970,/gpfs0/bgu-vilenchi/users/sdolev/Thesis/VLMs/data/affectnet/human_annotated/validation_set/images/4970.jpg,2,sad,1.0,happy,/gpfs0/bgu-vilenchi/users/sdolev/Thesis/VLMs/data/affectnet/human_annotated/validation_set/images/4970.jpg
3425,/gpfs0/bgu-vilenchi/users/sdolev/Thesis/VLMs/data/affectnet/human_annotated/validation_set/images/3425.jpg,4,fear,0.0,surprise,/gpfs0/bgu-vilenchi/users/sdolev/Thesis/VLMs/data/affectnet/human_annotated/validation_set/images/3425.jpg
516,/gpfs0/bgu-vilenchi/users/sdolev/Thesis/VLMs/data/affectnet/human_annotated/validation_set/images/516.jpg,1,happy,0.0,happy,/gpfs0/bgu-vilenchi/users/sdolev/Thesis/VLMs/data/affectnet/human_annotated/validation_set/images/516.jpg
917,/gpfs0/bgu-vilenchi/users/sdolev/Thesis/VLMs/data/affectnet/human_annotated/validation_set/images/917.jpg,2,sad,1.0,neutral,/gpfs0/bgu-vilenchi/users/sdolev/Thesis/VLMs/data/affectnet/human_annotated/validation_set/images/917.jpg
3828,/gpfs0/bgu-vilenchi/users/sdolev/Thesis/VLMs/data/affectnet/human_annotated/validation_set/images/3828.jpg,4,fear,1.0,neutral,/gpfs0/bgu-vilenchi/users/sdolev/Thesis/VLMs/data/affectnet/human_annotated/validation_set/images/3828.jpg
4831,/gpfs0/bgu-vilenchi/users/sdolev/Thesis/VLMs/data/affectnet/human_annotated/validation_set/images/4831.jpg,7,contempt,2.0,happy,/gpfs0/bgu-vilenchi/users/sdolev/Thesis/VLMs/data/affectnet/human_annotated/validation_set/images/4831.jpg
4387,/gpfs0/bgu-vilenchi/users/sdolev/Thesis/VLMs/data/affectnet/human_annotated/validation_set/images/4387.jpg,5,disgust,2.0,neutral,/gpfs0/bgu-vilenchi/users/sdolev/Thesis/VLMs/data/affectnet/human_annotated/validation_set/images/4387.jpg
4151,/gpfs0/bgu-vilenchi/users/sdolev/Thesis/VLMs/data/affectnet/human_annotated/validation_set/images/4151.jpg,5,disgust,0.0,happy,/gpfs0/bgu-vilenchi/users/sdolev/Thesis/VLMs/data/affectnet/human_annotated/validation_set/images/4151.jpg
1067,/gpfs0/bgu-vilenchi/users/sdolev/Thesis/VLMs/data/affectnet/human_annotated/validation_set/images/1067.jpg,2,sad,0.0,sad,/gpfs0/bgu-vilenchi/users/sdolev/Thesis/VLMs/data/affectnet/human_annotated/validation_set/images/1067.jpg
4554,/gpfs0/bgu-vilenchi/users/sdolev/Thesis/VLMs/data/affectnet/human_annotated/validation_set/images/4554.jpg,3,surprise,0.0,surprise,/gpfs0/bgu-vilenchi/users/sdolev/Thesis/VLMs/data/affectnet/human_annotated/validation_set/images/4554.jpg
530,/gpfs0/bgu-vilenchi/users/sdolev/Thesis/VLMs/data/affectnet/human_annotated/validation_set/images/530.jpg,5,disgust,1.0,angry,/gpfs0/bgu-vilenchi/users/sdolev/Thesis/VLMs/data/affectnet/human_annotated/validation_set/images/530.jpg
427,/gpfs0/bgu-vilenchi/users/sdolev/Thesis/VLMs/data/affectnet/human_annotated/validation_set/images/427.jpg,2,sad,2.0,sad,/gpfs0/bgu-vilenchi/users/sdolev/Thesis/VLMs/data/affectnet/human_annotated/validation_set/images/427.jpg
3315,/gpfs0/bgu-vilenchi/users/sdolev/Thesis/VLMs/data/affectnet/human_annotated/validation_set/images/3315.jpg,3,surprise,1.0,neutral,/gpfs0/bgu-vilenchi/users/sdolev/Thesis/VLMs/data/affectnet/human_annotated/validation_set/images/3315.jpg
4957,/gpfs0/bgu-vilenchi/users/sdolev/Thesis/VLMs/data/affectnet/human_annotated/validation_set/images/4957.jpg,5,disgust,1.0,disgust,/gpfs0/bgu-vilenchi/users/sdolev/Thesis/VLMs/data/affectnet/human_annotated/validation_set/images/4957.jpg
828,/gpfs0/bgu-vilenchi/users/sdolev/Thesis/VLMs/data/affectnet/human_annotated/validation_set/images/828.jpg,1,happy,0.0,happy,/gpfs0/bgu-vilenchi/users/sdolev/Thesis/VLMs/data/affectnet/human_annotated/validation_set/images/828.jpg
1776,/gpfs0/bgu-vilenchi/users/sdolev/Thesis/VLMs/data/affectnet/human_annotated/validation_set/images/1776.jpg,1,happy,0.0,happy,/gpfs0/bgu-vilenchi/users/sdolev/Thesis/VLMs/data/affectnet/human_annotated/validation_set/images/1776.jpg
3718,/gpfs0/bgu-vilenchi/users/sdolev/Thesis/VLMs/data/affectnet/human_annotated/validation_set/images/3718.jpg,0,neutral,0.0,neutral,/gpfs0/bgu-vilenchi/users/sdolev/Thesis/VLMs/data/affectnet/human_annotated/validation_set/images/3718.jpg
4721,/gpfs0/bgu-vilenchi/users/sdolev/Thesis/VLMs/data/affectnet/human_annotated/validation_set/images/4721.jpg,2,sad,1.0,happy,/gpfs0/bgu-vilenchi/users/sdolev/Thesis/VLMs/data/affectnet/human_annotated/validation_set/images/4721.jpg
1540,/gpfs0/bgu-vilenchi/users/sdolev/Thesis/VLMs/data/affectnet/human_annotated/validation_set/images/1540.jpg,3,surprise,2.0,happy,/gpfs0/bgu-vilenchi/users/sdolev/Thesis/VLMs/data/affectnet/human_annotated/validation_set/images/1540.jpg
5280,/gpfs0/bgu-vilenchi/users/sdolev/Thesis/VLMs/data/affectnet/human_annotated/validation_set/images/5280.jpg,0,neutral,2.0,surprise,/gpfs0/bgu-vilenchi/users/sdolev/Thesis/VLMs/data/affectnet/human_annotated/validation_set/images/5280.jpg
1943,/gpfs0/bgu-vilenchi/users/sdolev/Thesis/VLMs/data/affectnet/human_annotated/validation_set/images/1943.jpg,4,fear,1.0,surprise,/gpfs0/bgu-vilenchi/users/sdolev/Thesis/VLMs/data/affectnet/human_annotated/validation_set/images/1943.jpg
4041,/gpfs0/bgu-vilenchi/users/sdolev/Thesis/VLMs/data/affectnet/human_annotated/validation_set/images/4041.jpg,1,happy,0.0,happy,/gpfs0/bgu-vilenchi/users/sdolev/Thesis/VLMs/data/affectnet/human_annotated/validation_set/images/4041.jpg
2196,/gpfs0/bgu-vilenchi/users/sdolev/Thesis/VLMs/data/affectnet/human_annotated/validation_set/images/2196.jpg,3,surprise,1.0,neutral,/gpfs0/bgu-vilenchi/users/sdolev/Thesis/VLMs/data/affectnet/human_annotated/validation_set/images/2196.jpg
4138,/gpfs0/bgu-vilenchi/users/sdolev/Thesis/VLMs/data/affectnet/human_annotated/validation_set/images/4138.jpg,0,neutral,0.0,neutral,/gpfs0/bgu-vilenchi/users/sdolev/Thesis/VLMs/data/affectnet/human_annotated/validation_set/images/4138.jpg
441,/gpfs0/bgu-vilenchi/users/sdolev/Thesis/VLMs/data/affectnet/human_annotated/validation_set/images/441.jpg,1,happy,0.0,happy,/gpfs0/bgu-vilenchi/users/sdolev/Thesis/VLMs/data/affectnet/human_annotated/validation_set/images/441.jpg
4444,/gpfs0/bgu-vilenchi/users/sdolev/Thesis/VLMs/data/affectnet/human_annotated/validation_set/images/4444.jpg,5,disgust,2.0,neutral,/gpfs0/bgu-vilenchi/users/sdolev/Thesis/VLMs/data/affectnet/human_annotated/validation_set/images/4444.jpg
338,/gpfs0/bgu-vilenchi/users/sdolev/Thesis/VLMs/data/affectnet/human_annotated/validation_set/images/338.jpg,5,disgust,2.0,surprise,/gpfs0/bgu-vilenchi/users/sdolev/Thesis/VLMs/data/affectnet/human_annotated/validation_set/images/338.jpg
2599,/gpfs0/bgu-vilenchi/users/sdolev/Thesis/VLMs/data/affectnet/human_annotated/validation_set/images/2599.jpg,3,surprise,0.0,surprise,/gpfs0/bgu-vilenchi/users/sdolev/Thesis/VLMs/data/affectnet/human_annotated/validation_set/images/2599.jpg
1263,/gpfs0/bgu-vilenchi/users/sdolev/Thesis/VLMs/data/affectnet/human_annotated/validation_set/images/1263.jpg,0,neutral,0.0,neutral,/gpfs0/bgu-vilenchi/users/sdolev/Thesis/VLMs/data/affectnet/human_annotated/validation_set/images/1263.jpg
739,/gpfs0/bgu-vilenchi/users/sdolev/Thesis/VLMs/data/affectnet/human_annotated/validation_set/images/739.jpg,6,angry,2.0,neutral,/gpfs0/bgu-vilenchi/users/sdolev/Thesis/VLMs/data/affectnet/human_annotated/validation_set/images/739.jpg
4847,/gpfs0/bgu-vilenchi/users/sdolev/Thesis/VLMs/data/affectnet/human_annotated/validation_set/images/4847.jpg,2,sad,2.0,neutral,/gpfs0/bgu-vilenchi/users/sdolev/Thesis/VLMs/data/affectnet/human_annotated/validation_set/images/4847.jpg
1666,/gpfs0/bgu-vilenchi/users/sdolev/Thesis/VLMs/data/affectnet/human_annotated/validation_set/images/1666.jpg,6,angry,2.0,surprise,/gpfs0/bgu-vilenchi/users/sdolev/Thesis/VLMs/data/affectnet/human_annotated/validation_set/images/1666.jpg
4305,/gpfs0/bgu-vilenchi/users/sdolev/Thesis/VLMs/data/affectnet/human_annotated/validation_set/images/4305.jpg,7,contempt,1.0,happy,/gpfs0/bgu-vilenchi/users/sdolev/Thesis/VLMs/data/affectnet/human_annotated/validation_set/images/4305.jpg
3608,/gpfs0/bgu-vilenchi/users/sdolev/Thesis/VLMs/data/affectnet/human_annotated/validation_set/images/3608.jpg,4,fear,1.0,surprise,/gpfs0/bgu-vilenchi/users/sdolev/Thesis/VLMs/data/affectnet/human_annotated/validation_set/images/3608.jpg
1124,/gpfs0/bgu-vilenchi/users/sdolev/Thesis/VLMs/data/affectnet/human_annotated/validation_set/images/1124.jpg,3,surprise,2.0,neutral,/gpfs0/bgu-vilenchi/users/sdolev/Thesis/VLMs/data/affectnet/human_annotated/validation_set/images/1124.jpg
4611,/gpfs0/bgu-vilenchi/users/sdolev/Thesis/VLMs/data/affectnet/human_annotated/validation_set/images/4611.jpg,7,contempt,1.0,happy,/gpfs0/bgu-vilenchi/users/sdolev/Thesis/VLMs/data/affectnet/human_annotated/validation_set/images/4611.jpg
2766,/gpfs0/bgu-vilenchi/users/sdolev/Thesis/VLMs/data/affectnet/human_annotated/validation_set/images/2766.jpg,1,happy,0.0,happy,/gpfs0/bgu-vilenchi/users/sdolev/Thesis/VLMs/data/affectnet/human_annotated/validation_set/images/2766.jpg
1430,/gpfs0/bgu-vilenchi/users/sdolev/Thesis/VLMs/data/affectnet/human_annotated/validation_set/images/1430.jpg,4,fear,0.0,surprise,/gpfs0/bgu-vilenchi/users/sdolev/Thesis/VLMs/data/affectnet/human_annotated/validation_set/images/1430.jpg
1833,/gpfs0/bgu-vilenchi/users/sdolev/Thesis/VLMs/data/affectnet/human_annotated/validation_set/images/1833.jpg,4,fear,2.0,surprise,/gpfs0/bgu-vilenchi/users/sdolev/Thesis/VLMs/data/affectnet/human_annotated/validation_set/images/1833.jpg
2086,/gpfs0/bgu-vilenchi/users/sdolev/Thesis/VLMs/data/affectnet/human_annotated/validation_set/images/2086.jpg,3,surprise,2.0,neutral,/gpfs0/bgu-vilenchi/users/sdolev/Thesis/VLMs/data/affectnet/human_annotated/validation_set/images/2086.jpg
4028,/gpfs0/bgu-vilenchi/users/sdolev/Thesis/VLMs/data/affectnet/human_annotated/validation_set/images/4028.jpg,6,angry,0.0,neutral,/gpfs0/bgu-vilenchi/users/sdolev/Thesis/VLMs/data/affectnet/human_annotated/validation_set/images/4028.jpg
5031,/gpfs0/bgu-vilenchi/users/sdolev/Thesis/VLMs/data/affectnet/human_annotated/validation_set/images/5031.jpg,7,contempt,2.0,happy,/gpfs0/bgu-vilenchi/users/sdolev/Thesis/VLMs/data/affectnet/human_annotated/validation_set/images/5031.jpg
3492,/gpfs0/bgu-vilenchi/users/sdolev/Thesis/VLMs/data/affectnet/human_annotated/validation_set/images/3492.jpg,1,happy,0.0,happy,/gpfs0/bgu-vilenchi/users/sdolev/Thesis/VLMs/data/affectnet/human_annotated/validation_set/images/3492.jpg
5434,/gpfs0/bgu-vilenchi/users/sdolev/Thesis/VLMs/data/affectnet/human_annotated/validation_set/images/5434.jpg,6,angry,2.0,neutral,/gpfs0/bgu-vilenchi/users/sdolev/Thesis/VLMs/data/affectnet/human_annotated/validation_set/images/5434.jpg
1014,/gpfs0/bgu-vilenchi/users/sdolev/Thesis/VLMs/data/affectnet/human_annotated/validation_set/images/1014.jpg,7,contempt,1.0,neutral,/gpfs0/bgu-vilenchi/users/sdolev/Thesis/VLMs/data/affectnet/human_annotated/validation_set/images/1014.jpg
2962,/gpfs0/bgu-vilenchi/users/sdolev/Thesis/VLMs/data/affectnet/human_annotated/validation_set/images/2962.jpg,0,neutral,0.0,neutral,/gpfs0/bgu-vilenchi/users/sdolev/Thesis/VLMs/data/affectnet/human_annotated/validation_set/images/2962.jpg
1417,/gpfs0/bgu-vilenchi/users/sdolev/Thesis/VLMs/data/affectnet/human_annotated/validation_set/images/1417.jpg,1,happy,0.0,happy,/gpfs0/bgu-vilenchi/users/sdolev/Thesis/VLMs/data/affectnet/human_annotated/validation_set/images/1417.jpg
2420,/gpfs0/bgu-vilenchi/users/sdolev/Thesis/VLMs/data/affectnet/human_annotated/validation_set/images/2420.jpg,2,sad,1.0,sad,/gpfs0/bgu-vilenchi/users/sdolev/Thesis/VLMs/data/affectnet/human_annotated/validation_set/images/2420.jpg
5157,/gpfs0/bgu-vilenchi/users/sdolev/Thesis/VLMs/data/affectnet/human_annotated/validation_set/images/5157.jpg,5,disgust,0.0,neutral,/gpfs0/bgu-vilenchi/users/sdolev/Thesis/VLMs/data/affectnet/human_annotated/validation_set/images/5157.jpg
126,/gpfs0/bgu-vilenchi/users/sdolev/Thesis/VLMs/data/affectnet/human_annotated/validation_set/images/126.jpg,1,happy,0.0,happy,/gpfs0/bgu-vilenchi/users/sdolev/Thesis/VLMs/data/affectnet/human_annotated/validation_set/images/126.jpg
2823,/gpfs0/bgu-vilenchi/users/sdolev/Thesis/VLMs/data/affectnet/human_annotated/validation_set/images/2823.jpg,6,angry,0.0,neutral,/gpfs0/bgu-vilenchi/users/sdolev/Thesis/VLMs/data/affectnet/human_annotated/validation_set/images/2823.jpg
664,/gpfs0/bgu-vilenchi/users/sdolev/Thesis/VLMs/data/affectnet/human_annotated/validation_set/images/664.jpg,3,surprise,1.0,neutral,/gpfs0/bgu-vilenchi/users/sdolev/Thesis/VLMs/data/affectnet/human_annotated/validation_set/images/664.jpg
2379,/gpfs0/bgu-vilenchi/users/sdolev/Thesis/VLMs/data/affectnet/human_annotated/validation_set/images/2379.jpg,0,neutral,0.0,neutral,/gpfs0/bgu-vilenchi/users/sdolev/Thesis/VLMs/data/affectnet/human_annotated/validation_set/images/2379.jpg
3382,/gpfs0/bgu-vilenchi/users/sdolev/Thesis/VLMs/data/affectnet/human_annotated/validation_set/images/3382.jpg,5,disgust,0.0,surprise,/gpfs0/bgu-vilenchi/users/sdolev/Thesis/VLMs/data/affectnet/human_annotated/validation_set/images/3382.jpg
5324,/gpfs0/bgu-vilenchi/users/sdolev/Thesis/VLMs/data/affectnet/human_annotated/validation_set/images/5324.jpg,2,sad,0.0,sad,/gpfs0/bgu-vilenchi/users/sdolev/Thesis/VLMs/data/affectnet/human_annotated/validation_set/images/5324.jpg
2143,/gpfs0/bgu-vilenchi/users/sdolev/Thesis/VLMs/data/affectnet/human_annotated/validation_set/images/2143.jpg,0,neutral,0.0,neutral,/gpfs0/bgu-vilenchi/users/sdolev/Thesis/VLMs/data/affectnet/human_annotated/validation_set/images/2143.jpg
2546,/gpfs0/bgu-vilenchi/users/sdolev/Thesis/VLMs/data/affectnet/human_annotated/validation_set/images/2546.jpg,7,contempt,2.0,happy,/gpfs0/bgu-vilenchi/users/sdolev/Thesis/VLMs/data/affectnet/human_annotated/validation_set/images/2546.jpg
1307,/gpfs0/bgu-vilenchi/users/sdolev/Thesis/VLMs/data/affectnet/human_annotated/validation_set/images/1307.jpg,4,fear,2.0,sad,/gpfs0/bgu-vilenchi/users/sdolev/Thesis/VLMs/data/affectnet/human_annotated/validation_set/images/1307.jpg
2310,/gpfs0/bgu-vilenchi/users/sdolev/Thesis/VLMs/data/affectnet/human_annotated/validation_set/images/2310.jpg,6,angry,1.0,neutral,/gpfs0/bgu-vilenchi/users/sdolev/Thesis/VLMs/data/affectnet/human_annotated/validation_set/images/2310.jpg
2949,/gpfs0/bgu-vilenchi/users/sdolev/Thesis/VLMs/data/affectnet/human_annotated/validation_set/images/2949.jpg,3,surprise,2.0,happy,/gpfs0/bgu-vilenchi/users/sdolev/Thesis/VLMs/data/affectnet/human_annotated/validation_set/images/2949.jpg
3952,/gpfs0/bgu-vilenchi/users/sdolev/Thesis/VLMs/data/affectnet/human_annotated/validation_set/images/3952.jpg,2,sad,0.0,angry,/gpfs0/bgu-vilenchi/users/sdolev/Thesis/VLMs/data/affectnet/human_annotated/validation_set/images/3952.jpg
575,/gpfs0/bgu-vilenchi/users/sdolev/Thesis/VLMs/data/affectnet/human_annotated/validation_set/images/575.jpg,2,sad,1.0,neutral,/gpfs0/bgu-vilenchi/users/sdolev/Thesis/VLMs/data/affectnet/human_annotated/validation_set/images/575.jpg
2713,/gpfs0/bgu-vilenchi/users/sdolev/Thesis/VLMs/data/affectnet/human_annotated/validation_set/images/2713.jpg,1,happy,0.0,happy,/gpfs0/bgu-vilenchi/users/sdolev/Thesis/VLMs/data/affectnet/human_annotated/validation_set/images/2713.jpg
976,/gpfs0/bgu-vilenchi/users/sdolev/Thesis/VLMs/data/affectnet/human_annotated/validation_set/images/976.jpg,5,disgust,2.0,neutral,/gpfs0/bgu-vilenchi/users/sdolev/Thesis/VLMs/data/affectnet/human_annotated/validation_set/images/976.jpg
3272,/gpfs0/bgu-vilenchi/users/sdolev/Thesis/VLMs/data/affectnet/human_annotated/validation_set/images/3272.jpg,5,disgust,0.0,disgust,/gpfs0/bgu-vilenchi/users/sdolev/Thesis/VLMs/data/affectnet/human_annotated/validation_set/images/3272.jpg
3369,/gpfs0/bgu-vilenchi/users/sdolev/Thesis/VLMs/data/affectnet/human_annotated/validation_set/images/3369.jpg,7,contempt,1.0,happy,/gpfs0/bgu-vilenchi/users/sdolev/Thesis/VLMs/data/affectnet/human_annotated/validation_set/images/3369.jpg
2033,/gpfs0/bgu-vilenchi/users/sdolev/Thesis/VLMs/data/affectnet/human_annotated/validation_set/images/2033.jpg,7,contempt,2.0,neutral,/gpfs0/bgu-vilenchi/users/sdolev/Thesis/VLMs/data/affectnet/human_annotated/validation_set/images/2033.jpg
3675,/gpfs0/bgu-vilenchi/users/sdolev/Thesis/VLMs/data/affectnet/human_annotated/validation_set/images/3675.jpg,5,disgust,2.0,surprise,/gpfs0/bgu-vilenchi/users/sdolev/Thesis/VLMs/data/affectnet/human_annotated/validation_set/images/3675.jpg
3133,/gpfs0/bgu-vilenchi/users/sdolev/Thesis/VLMs/data/affectnet/human_annotated/validation_set/images/3133.jpg,1,happy,0.0,happy,/gpfs0/bgu-vilenchi/users/sdolev/Thesis/VLMs/data/affectnet/human_annotated/validation_set/images/3133.jpg
2436,/gpfs0/bgu-vilenchi/users/sdolev/Thesis/VLMs/data/affectnet/human_annotated/validation_set/images/2436.jpg,2,sad,1.0,sad,/gpfs0/bgu-vilenchi/users/sdolev/Thesis/VLMs/data/affectnet/human_annotated/validation_set/images/2436.jpg
2839,/gpfs0/bgu-vilenchi/users/sdolev/Thesis/VLMs/data/affectnet/human_annotated/validation_set/images/2839.jpg,2,sad,1.0,sad,/gpfs0/bgu-vilenchi/users/sdolev/Thesis/VLMs/data/affectnet/human_annotated/validation_set/images/2839.jpg
3842,/gpfs0/bgu-vilenchi/users/sdolev/Thesis/VLMs/data/affectnet/human_annotated/validation_set/images/3842.jpg,3,surprise,1.0,neutral,/gpfs0/bgu-vilenchi/users/sdolev/Thesis/VLMs/data/affectnet/human_annotated/validation_set/images/3842.jpg
1997,/gpfs0/bgu-vilenchi/users/sdolev/Thesis/VLMs/data/affectnet/human_annotated/validation_set/images/1997.jpg,1,happy,0.0,happy,/gpfs0/bgu-vilenchi/users/sdolev/Thesis/VLMs/data/affectnet/human_annotated/validation_set/images/1997.jpg
349,/gpfs0/bgu-vilenchi/users/sdolev/Thesis/VLMs/data/affectnet/human_annotated/validation_set/images/349.jpg,1,happy,0.0,happy,/gpfs0/bgu-vilenchi/users/sdolev/Thesis/VLMs/data/affectnet/human_annotated/validation_set/images/349.jpg
486,/gpfs0/bgu-vilenchi/users/sdolev/Thesis/VLMs/data/affectnet/human_annotated/validation_set/images/486.jpg,7,contempt,1.0,happy,/gpfs0/bgu-vilenchi/users/sdolev/Thesis/VLMs/data/affectnet/human_annotated/validation_set/images/486.jpg
3939,/gpfs0/bgu-vilenchi/users/sdolev/Thesis/VLMs/data/affectnet/human_annotated/validation_set/images/3939.jpg,5,disgust,2.0,angry,/gpfs0/bgu-vilenchi/users/sdolev/Thesis/VLMs/data/affectnet/human_annotated/validation_set/images/3939.jpg
990,/gpfs0/bgu-vilenchi/users/sdolev/Thesis/VLMs/data/affectnet/human_annotated/validation_set/images/990.jpg,1,happy,0.0,happy,/gpfs0/bgu-vilenchi/users/sdolev/Thesis/VLMs/data/affectnet/human_annotated/validation_set/images/990.jpg
2603,/gpfs0/bgu-vilenchi/users/sdolev/Thesis/VLMs/data/affectnet/human_annotated/validation_set/images/2603.jpg,0,neutral,0.0,neutral,/gpfs0/bgu-vilenchi/users/sdolev/Thesis/VLMs/data/affectnet/human_annotated/validation_set/images/2603.jpg
1081,/gpfs0/bgu-vilenchi/users/sdolev/Thesis/VLMs/data/affectnet/human_annotated/validation_set/images/1081.jpg,2,sad,0.0,surprise,/gpfs0/bgu-vilenchi/users/sdolev/Thesis/VLMs/data/affectnet/human_annotated/validation_set/images/1081.jpg
3023,/gpfs0/bgu-vilenchi/users/sdolev/Thesis/VLMs/data/affectnet/human_annotated/validation_set/images/3023.jpg,3,surprise,0.0,surprise,/gpfs0/bgu-vilenchi/users/sdolev/Thesis/VLMs/data/affectnet/human_annotated/validation_set/images/3023.jpg
4665,/gpfs0/bgu-vilenchi/users/sdolev/Thesis/VLMs/data/affectnet/human_annotated/validation_set/images/4665.jpg,5,disgust,2.0,sad,/gpfs0/bgu-vilenchi/users/sdolev/Thesis/VLMs/data/affectnet/human_annotated/validation_set/images/4665.jpg
4971,/gpfs0/bgu-vilenchi/users/sdolev/Thesis/VLMs/data/affectnet/human_annotated/validation_set/images/4971.jpg,2,sad,1.0,sad,/gpfs0/bgu-vilenchi/users/sdolev/Thesis/VLMs/data/affectnet/human_annotated/validation_set/images/4971.jpg
1790,/gpfs0/bgu-vilenchi/users/sdolev/Thesis/VLMs/data/affectnet/human_annotated/validation_set/images/1790.jpg,3,surprise,0.0,surprise,/gpfs0/bgu-vilenchi/users/sdolev/Thesis/VLMs/data/affectnet/human_annotated/validation_set/images/1790.jpg
3426,/gpfs0/bgu-vilenchi/users/sdolev/Thesis/VLMs/data/affectnet/human_annotated/validation_set/images/3426.jpg,6,angry,1.0,neutral,/gpfs0/bgu-vilenchi/users/sdolev/Thesis/VLMs/data/affectnet/human_annotated/validation_set/images/3426.jpg
3732,/gpfs0/bgu-vilenchi/users/sdolev/Thesis/VLMs/data/affectnet/human_annotated/validation_set/images/3732.jpg,6,angry,1.0,neutral,/gpfs0/bgu-vilenchi/users/sdolev/Thesis/VLMs/data/affectnet/human_annotated/validation_set/images/3732.jpg
2890,/gpfs0/bgu-vilenchi/users/sdolev/Thesis/VLMs/data/affectnet/human_annotated/validation_set/images/2890.jpg,0,neutral,0.0,neutral,/gpfs0/bgu-vilenchi/users/sdolev/Thesis/VLMs/data/affectnet/human_annotated/validation_set/images/2890.jpg
798,/gpfs0/bgu-vilenchi/users/sdolev/Thesis/VLMs/data/affectnet/human_annotated/validation_set/images/798.jpg,5,disgust,1.0,sad,/gpfs0/bgu-vilenchi/users/sdolev/Thesis/VLMs/data/affectnet/human_annotated/validation_set/images/798.jpg
3829,/gpfs0/bgu-vilenchi/users/sdolev/Thesis/VLMs/data/affectnet/human_annotated/validation_set/images/3829.jpg,7,contempt,1.0,happy,/gpfs0/bgu-vilenchi/users/sdolev/Thesis/VLMs/data/affectnet/human_annotated/validation_set/images/3829.jpg
1651,/gpfs0/bgu-vilenchi/users/sdolev/Thesis/VLMs/data/affectnet/human_annotated/validation_set/images/1651.jpg,1,happy,0.0,happy,/gpfs0/bgu-vilenchi/users/sdolev/Thesis/VLMs/data/affectnet/human_annotated/validation_set/images/1651.jpg
4388,/gpfs0/bgu-vilenchi/users/sdolev/Thesis/VLMs/data/affectnet/human_annotated/validation_set/images/4388.jpg,5,disgust,1.0,sad,/gpfs0/bgu-vilenchi/users/sdolev/Thesis/VLMs/data/affectnet/human_annotated/validation_set/images/4388.jpg
5391,/gpfs0/bgu-vilenchi/users/sdolev/Thesis/VLMs/data/affectnet/human_annotated/validation_set/images/5391.jpg,4,fear,2.0,neutral,/gpfs0/bgu-vilenchi/users/sdolev/Thesis/VLMs/data/affectnet/human_annotated/validation_set/images/5391.jpg
3149,/gpfs0/bgu-vilenchi/users/sdolev/Thesis/VLMs/data/affectnet/human_annotated/validation_set/images/3149.jpg,7,contempt,0.0,happy,/gpfs0/bgu-vilenchi/users/sdolev/Thesis/VLMs/data/affectnet/human_annotated/validation_set/images/3149.jpg
4152,/gpfs0/bgu-vilenchi/users/sdolev/Thesis/VLMs/data/affectnet/human_annotated/validation_set/images/4152.jpg,0,neutral,2.0,neutral,/gpfs0/bgu-vilenchi/users/sdolev/Thesis/VLMs/data/affectnet/human_annotated/validation_set/images/4152.jpg
1068,/gpfs0/bgu-vilenchi/users/sdolev/Thesis/VLMs/data/affectnet/human_annotated/validation_set/images/1068.jpg,7,contempt,0.0,neutral,/gpfs0/bgu-vilenchi/users/sdolev/Thesis/VLMs/data/affectnet/human_annotated/validation_set/images/1068.jpg
4555,/gpfs0/bgu-vilenchi/users/sdolev/Thesis/VLMs/data/affectnet/human_annotated/validation_set/images/4555.jpg,0,neutral,0.0,neutral,/gpfs0/bgu-vilenchi/users/sdolev/Thesis/VLMs/data/affectnet/human_annotated/validation_set/images/4555.jpg
1374,/gpfs0/bgu-vilenchi/users/sdolev/Thesis/VLMs/data/affectnet/human_annotated/validation_set/images/1374.jpg,1,happy,0.0,happy,/gpfs0/bgu-vilenchi/users/sdolev/Thesis/VLMs/data/affectnet/human_annotated/validation_set/images/1374.jpg
3316,/gpfs0/bgu-vilenchi/users/sdolev/Thesis/VLMs/data/affectnet/human_annotated/validation_set/images/3316.jpg,2,sad,2.0,angry,/gpfs0/bgu-vilenchi/users/sdolev/Thesis/VLMs/data/affectnet/human_annotated/validation_set/images/3316.jpg
4958,/gpfs0/bgu-vilenchi/users/sdolev/Thesis/VLMs/data/affectnet/human_annotated/validation_set/images/4958.jpg,6,angry,1.0,neutral,/gpfs0/bgu-vilenchi/users/sdolev/Thesis/VLMs/data/affectnet/human_annotated/validation_set/images/4958.jpg
1777,/gpfs0/bgu-vilenchi/users/sdolev/Thesis/VLMs/data/affectnet/human_annotated/validation_set/images/1777.jpg,2,sad,1.0,sad,/gpfs0/bgu-vilenchi/users/sdolev/Thesis/VLMs/data/affectnet/human_annotated/validation_set/images/1777.jpg
2780,/gpfs0/bgu-vilenchi/users/sdolev/Thesis/VLMs/data/affectnet/human_annotated/validation_set/images/2780.jpg,1,happy,0.0,happy,/gpfs0/bgu-vilenchi/users/sdolev/Thesis/VLMs/data/affectnet/human_annotated/validation_set/images/2780.jpg
3719,/gpfs0/bgu-vilenchi/users/sdolev/Thesis/VLMs/data/affectnet/human_annotated/validation_set/images/3719.jpg,0,neutral,0.0,neutral,/gpfs0/bgu-vilenchi/users/sdolev/Thesis/VLMs/data/affectnet/human_annotated/validation_set/images/3719.jpg
4722,/gpfs0/bgu-vilenchi/users/sdolev/Thesis/VLMs/data/affectnet/human_annotated/validation_set/images/4722.jpg,1,happy,0.0,neutral,/gpfs0/bgu-vilenchi/users/sdolev/Thesis/VLMs/data/affectnet/human_annotated/validation_set/images/4722.jpg
810,/gpfs0/bgu-vilenchi/users/sdolev/Thesis/VLMs/data/affectnet/human_annotated/validation_set/images/810.jpg,6,angry,0.0,angry,/gpfs0/bgu-vilenchi/users/sdolev/Thesis/VLMs/data/affectnet/human_annotated/validation_set/images/810.jpg
1541,/gpfs0/bgu-vilenchi/users/sdolev/Thesis/VLMs/data/affectnet/human_annotated/validation_set/images/1541.jpg,1,happy,0.0,happy,/gpfs0/bgu-vilenchi/users/sdolev/Thesis/VLMs/data/affectnet/human_annotated/validation_set/images/1541.jpg
1944,/gpfs0/bgu-vilenchi/users/sdolev/Thesis/VLMs/data/affectnet/human_annotated/validation_set/images/1944.jpg,3,surprise,2.0,neutral,/gpfs0/bgu-vilenchi/users/sdolev/Thesis/VLMs/data/affectnet/human_annotated/validation_set/images/1944.jpg
5378,/gpfs0/bgu-vilenchi/users/sdolev/Thesis/VLMs/data/affectnet/human_annotated/validation_set/images/5378.jpg,3,surprise,2.0,surprise,/gpfs0/bgu-vilenchi/users/sdolev/Thesis/VLMs/data/affectnet/human_annotated/validation_set/images/5378.jpg
185,/gpfs0/bgu-vilenchi/users/sdolev/Thesis/VLMs/data/affectnet/human_annotated/validation_set/images/185.jpg,1,happy,1.0,happy,/gpfs0/bgu-vilenchi/users/sdolev/Thesis/VLMs/data/affectnet/human_annotated/validation_set/images/185.jpg
586,/gpfs0/bgu-vilenchi/users/sdolev/Thesis/VLMs/data/affectnet/human_annotated/validation_set/images/586.jpg,2,sad,0.0,sad,/gpfs0/bgu-vilenchi/users/sdolev/Thesis/VLMs/data/affectnet/human_annotated/validation_set/images/586.jpg
4848,/gpfs0/bgu-vilenchi/users/sdolev/Thesis/VLMs/data/affectnet/human_annotated/validation_set/images/4848.jpg,0,neutral,0.0,neutral,/gpfs0/bgu-vilenchi/users/sdolev/Thesis/VLMs/data/affectnet/human_annotated/validation_set/images/4848.jpg
2364,/gpfs0/bgu-vilenchi/users/sdolev/Thesis/VLMs/data/affectnet/human_annotated/validation_set/images/2364.jpg,2,sad,1.0,sad,/gpfs0/bgu-vilenchi/users/sdolev/Thesis/VLMs/data/affectnet/human_annotated/validation_set/images/2364.jpg
1667,/gpfs0/bgu-vilenchi/users/sdolev/Thesis/VLMs/data/affectnet/human_annotated/validation_set/images/1667.jpg,3,surprise,1.0,happy,/gpfs0/bgu-vilenchi/users/sdolev/Thesis/VLMs/data/affectnet/human_annotated/validation_set/images/1667.jpg
2670,/gpfs0/bgu-vilenchi/users/sdolev/Thesis/VLMs/data/affectnet/human_annotated/validation_set/images/2670.jpg,6,angry,2.0,surprise,/gpfs0/bgu-vilenchi/users/sdolev/Thesis/VLMs/data/affectnet/human_annotated/validation_set/images/2670.jpg
721,/gpfs0/bgu-vilenchi/users/sdolev/Thesis/VLMs/data/affectnet/human_annotated/validation_set/images/721.jpg,4,fear,2.0,surprise,/gpfs0/bgu-vilenchi/users/sdolev/Thesis/VLMs/data/affectnet/human_annotated/validation_set/images/721.jpg
4306,/gpfs0/bgu-vilenchi/users/sdolev/Thesis/VLMs/data/affectnet/human_annotated/validation_set/images/4306.jpg,5,disgust,0.0,neutral,/gpfs0/bgu-vilenchi/users/sdolev/Thesis/VLMs/data/affectnet/human_annotated/validation_set/images/4306.jpg
1125,/gpfs0/bgu-vilenchi/users/sdolev/Thesis/VLMs/data/affectnet/human_annotated/validation_set/images/1125.jpg,0,neutral,1.0,neutral,/gpfs0/bgu-vilenchi/users/sdolev/Thesis/VLMs/data/affectnet/human_annotated/validation_set/images/1125.jpg
4612,/gpfs0/bgu-vilenchi/users/sdolev/Thesis/VLMs/data/affectnet/human_annotated/validation_set/images/4612.jpg,3,surprise,1.0,surprise,/gpfs0/bgu-vilenchi/users/sdolev/Thesis/VLMs/data/affectnet/human_annotated/validation_set/images/4612.jpg
2767,/gpfs0/bgu-vilenchi/users/sdolev/Thesis/VLMs/data/affectnet/human_annotated/validation_set/images/2767.jpg,2,sad,0.0,sad,/gpfs0/bgu-vilenchi/users/sdolev/Thesis/VLMs/data/affectnet/human_annotated/validation_set/images/2767.jpg
1431,/gpfs0/bgu-vilenchi/users/sdolev/Thesis/VLMs/data/affectnet/human_annotated/validation_set/images/1431.jpg,3,surprise,0.0,neutral,/gpfs0/bgu-vilenchi/users/sdolev/Thesis/VLMs/data/affectnet/human_annotated/validation_set/images/1431.jpg
1834,/gpfs0/bgu-vilenchi/users/sdolev/Thesis/VLMs/data/affectnet/human_annotated/validation_set/images/1834.jpg,4,fear,0.0,surprise,/gpfs0/bgu-vilenchi/users/sdolev/Thesis/VLMs/data/affectnet/human_annotated/validation_set/images/1834.jpg
2087,/gpfs0/bgu-vilenchi/users/sdolev/Thesis/VLMs/data/affectnet/human_annotated/validation_set/images/2087.jpg,0,neutral,2.0,neutral,/gpfs0/bgu-vilenchi/users/sdolev/Thesis/VLMs/data/affectnet/human_annotated/validation_set/images/2087.jpg
3090,/gpfs0/bgu-vilenchi/users/sdolev/Thesis/VLMs/data/affectnet/human_annotated/validation_set/images/3090.jpg,1,happy,2.0,happy,/gpfs0/bgu-vilenchi/users/sdolev/Thesis/VLMs/data/affectnet/human_annotated/validation_set/images/3090.jpg
4029,/gpfs0/bgu-vilenchi/users/sdolev/Thesis/VLMs/data/affectnet/human_annotated/validation_set/images/4029.jpg,6,angry,0.0,angry,/gpfs0/bgu-vilenchi/users/sdolev/Thesis/VLMs/data/affectnet/human_annotated/validation_set/images/4029.jpg
497,/gpfs0/bgu-vilenchi/users/sdolev/Thesis/VLMs/data/affectnet/human_annotated/validation_set/images/497.jpg,5,disgust,0.0,neutral,/gpfs0/bgu-vilenchi/users/sdolev/Thesis/VLMs/data/affectnet/human_annotated/validation_set/images/497.jpg
3493,/gpfs0/bgu-vilenchi/users/sdolev/Thesis/VLMs/data/affectnet/human_annotated/validation_set/images/3493.jpg,7,contempt,2.0,happy,/gpfs0/bgu-vilenchi/users/sdolev/Thesis/VLMs/data/affectnet/human_annotated/validation_set/images/3493.jpg
5435,/gpfs0/bgu-vilenchi/users/sdolev/Thesis/VLMs/data/affectnet/human_annotated/validation_set/images/5435.jpg,0,neutral,0.0,neutral,/gpfs0/bgu-vilenchi/users/sdolev/Thesis/VLMs/data/affectnet/human_annotated/validation_set/images/5435.jpg
2254,/gpfs0/bgu-vilenchi/users/sdolev/Thesis/VLMs/data/affectnet/human_annotated/validation_set/images/2254.jpg,4,fear,1.0,surprise,/gpfs0/bgu-vilenchi/users/sdolev/Thesis/VLMs/data/affectnet/human_annotated/validation_set/images/2254.jpg
2560,/gpfs0/bgu-vilenchi/users/sdolev/Thesis/VLMs/data/affectnet/human_annotated/validation_set/images/2560.jpg,6,angry,0.0,surprise,/gpfs0/bgu-vilenchi/users/sdolev/Thesis/VLMs/data/affectnet/human_annotated/validation_set/images/2560.jpg
2657,/gpfs0/bgu-vilenchi/users/sdolev/Thesis/VLMs/data/affectnet/human_annotated/validation_set/images/2657.jpg,3,surprise,2.0,surprise,/gpfs0/bgu-vilenchi/users/sdolev/Thesis/VLMs/data/affectnet/human_annotated/validation_set/images/2657.jpg
3660,/gpfs0/bgu-vilenchi/users/sdolev/Thesis/VLMs/data/affectnet/human_annotated/validation_set/images/3660.jpg,1,happy,0.0,happy,/gpfs0/bgu-vilenchi/users/sdolev/Thesis/VLMs/data/affectnet/human_annotated/validation_set/images/3660.jpg
2963,/gpfs0/bgu-vilenchi/users/sdolev/Thesis/VLMs/data/affectnet/human_annotated/validation_set/images/2963.jpg,5,disgust,2.0,neutral,/gpfs0/bgu-vilenchi/users/sdolev/Thesis/VLMs/data/affectnet/human_annotated/validation_set/images/2963.jpg
1418,/gpfs0/bgu-vilenchi/users/sdolev/Thesis/VLMs/data/affectnet/human_annotated/validation_set/images/1418.jpg,0,neutral,0.0,neutral,/gpfs0/bgu-vilenchi/users/sdolev/Thesis/VLMs/data/affectnet/human_annotated/validation_set/images/1418.jpg
2421,/gpfs0/bgu-vilenchi/users/sdolev/Thesis/VLMs/data/affectnet/human_annotated/validation_set/images/2421.jpg,6,angry,2.0,neutral,/gpfs0/bgu-vilenchi/users/sdolev/Thesis/VLMs/data/affectnet/human_annotated/validation_set/images/2421.jpg
5158,/gpfs0/bgu-vilenchi/users/sdolev/Thesis/VLMs/data/affectnet/human_annotated/validation_set/images/5158.jpg,7,contempt,1.0,happy,/gpfs0/bgu-vilenchi/users/sdolev/Thesis/VLMs/data/affectnet/human_annotated/validation_set/images/5158.jpg
2824,/gpfs0/bgu-vilenchi/users/sdolev/Thesis/VLMs/data/affectnet/human_annotated/validation_set/images/2824.jpg,7,contempt,2.0,neutral,/gpfs0/bgu-vilenchi/users/sdolev/Thesis/VLMs/data/affectnet/human_annotated/validation_set/images/2824.jpg
3383,/gpfs0/bgu-vilenchi/users/sdolev/Thesis/VLMs/data/affectnet/human_annotated/validation_set/images/3383.jpg,1,happy,0.0,happy,/gpfs0/bgu-vilenchi/users/sdolev/Thesis/VLMs/data/affectnet/human_annotated/validation_set/images/3383.jpg
5019,/gpfs0/bgu-vilenchi/users/sdolev/Thesis/VLMs/data/affectnet/human_annotated/validation_set/images/5019.jpg,6,angry,2.0,angry,/gpfs0/bgu-vilenchi/users/sdolev/Thesis/VLMs/data/affectnet/human_annotated/validation_set/images/5019.jpg
406,/gpfs0/bgu-vilenchi/users/sdolev/Thesis/VLMs/data/affectnet/human_annotated/validation_set/images/406.jpg,5,disgust,0.0,neutral,/gpfs0/bgu-vilenchi/users/sdolev/Thesis/VLMs/data/affectnet/human_annotated/validation_set/images/406.jpg
2144,/gpfs0/bgu-vilenchi/users/sdolev/Thesis/VLMs/data/affectnet/human_annotated/validation_set/images/2144.jpg,4,fear,1.0,surprise,/gpfs0/bgu-vilenchi/users/sdolev/Thesis/VLMs/data/affectnet/human_annotated/validation_set/images/2144.jpg
3786,/gpfs0/bgu-vilenchi/users/sdolev/Thesis/VLMs/data/affectnet/human_annotated/validation_set/images/3786.jpg,3,surprise,2.0,neutral,/gpfs0/bgu-vilenchi/users/sdolev/Thesis/VLMs/data/affectnet/human_annotated/validation_set/images/3786.jpg
807,/gpfs0/bgu-vilenchi/users/sdolev/Thesis/VLMs/data/affectnet/human_annotated/validation_set/images/807.jpg,6,angry,1.0,neutral,/gpfs0/bgu-vilenchi/users/sdolev/Thesis/VLMs/data/affectnet/human_annotated/validation_set/images/807.jpg
944,/gpfs0/bgu-vilenchi/users/sdolev/Thesis/VLMs/data/affectnet/human_annotated/validation_set/images/944.jpg,5,disgust,2.0,neutral,/gpfs0/bgu-vilenchi/users/sdolev/Thesis/VLMs/data/affectnet/human_annotated/validation_set/images/944.jpg
2547,/gpfs0/bgu-vilenchi/users/sdolev/Thesis/VLMs/data/affectnet/human_annotated/validation_set/images/2547.jpg,3,surprise,2.0,surprise,/gpfs0/bgu-vilenchi/users/sdolev/Thesis/VLMs/data/affectnet/human_annotated/validation_set/images/2547.jpg
1308,/gpfs0/bgu-vilenchi/users/sdolev/Thesis/VLMs/data/affectnet/human_annotated/validation_set/images/1308.jpg,4,fear,2.0,neutral,/gpfs0/bgu-vilenchi/users/sdolev/Thesis/VLMs/data/affectnet/human_annotated/validation_set/images/1308.jpg
2311,/gpfs0/bgu-vilenchi/users/sdolev/Thesis/VLMs/data/affectnet/human_annotated/validation_set/images/2311.jpg,1,happy,0.0,happy,/gpfs0/bgu-vilenchi/users/sdolev/Thesis/VLMs/data/affectnet/human_annotated/validation_set/images/2311.jpg
3953,/gpfs0/bgu-vilenchi/users/sdolev/Thesis/VLMs/data/affectnet/human_annotated/validation_set/images/3953.jpg,6,angry,0.0,surprise,/gpfs0/bgu-vilenchi/users/sdolev/Thesis/VLMs/data/affectnet/human_annotated/validation_set/images/3953.jpg
2714,/gpfs0/bgu-vilenchi/users/sdolev/Thesis/VLMs/data/affectnet/human_annotated/validation_set/images/2714.jpg,1,happy,0.0,happy,/gpfs0/bgu-vilenchi/users/sdolev/Thesis/VLMs/data/affectnet/human_annotated/validation_set/images/2714.jpg
420,/gpfs0/bgu-vilenchi/users/sdolev/Thesis/VLMs/data/affectnet/human_annotated/validation_set/images/420.jpg,5,disgust,2.0,contempt,/gpfs0/bgu-vilenchi/users/sdolev/Thesis/VLMs/data/affectnet/human_annotated/validation_set/images/420.jpg
317,/gpfs0/bgu-vilenchi/users/sdolev/Thesis/VLMs/data/affectnet/human_annotated/validation_set/images/317.jpg,6,angry,0.0,angry,/gpfs0/bgu-vilenchi/users/sdolev/Thesis/VLMs/data/affectnet/human_annotated/validation_set/images/317.jpg
718,/gpfs0/bgu-vilenchi/users/sdolev/Thesis/VLMs/data/affectnet/human_annotated/validation_set/images/718.jpg,6,angry,0.0,neutral,/gpfs0/bgu-vilenchi/users/sdolev/Thesis/VLMs/data/affectnet/human_annotated/validation_set/images/718.jpg
2034,/gpfs0/bgu-vilenchi/users/sdolev/Thesis/VLMs/data/affectnet/human_annotated/validation_set/images/2034.jpg,6,angry,0.0,angry,/gpfs0/bgu-vilenchi/users/sdolev/Thesis/VLMs/data/affectnet/human_annotated/validation_set/images/2034.jpg
3676,/gpfs0/bgu-vilenchi/users/sdolev/Thesis/VLMs/data/affectnet/human_annotated/validation_set/images/3676.jpg,5,disgust,1.0,angry,/gpfs0/bgu-vilenchi/users/sdolev/Thesis/VLMs/data/affectnet/human_annotated/validation_set/images/3676.jpg
1192,/gpfs0/bgu-vilenchi/users/sdolev/Thesis/VLMs/data/affectnet/human_annotated/validation_set/images/1192.jpg,1,happy,0.0,happy,/gpfs0/bgu-vilenchi/users/sdolev/Thesis/VLMs/data/affectnet/human_annotated/validation_set/images/1192.jpg
3134,/gpfs0/bgu-vilenchi/users/sdolev/Thesis/VLMs/data/affectnet/human_annotated/validation_set/images/3134.jpg,4,fear,0.0,surprise,/gpfs0/bgu-vilenchi/users/sdolev/Thesis/VLMs/data/affectnet/human_annotated/validation_set/images/3134.jpg
3440,/gpfs0/bgu-vilenchi/users/sdolev/Thesis/VLMs/data/affectnet/human_annotated/validation_set/images/3440.jpg,4,fear,0.0,surprise,/gpfs0/bgu-vilenchi/users/sdolev/Thesis/VLMs/data/affectnet/human_annotated/validation_set/images/3440.jpg
1595,/gpfs0/bgu-vilenchi/users/sdolev/Thesis/VLMs/data/affectnet/human_annotated/validation_set/images/1595.jpg,4,fear,2.0,neutral,/gpfs0/bgu-vilenchi/users/sdolev/Thesis/VLMs/data/affectnet/human_annotated/validation_set/images/1595.jpg
3537,/gpfs0/bgu-vilenchi/users/sdolev/Thesis/VLMs/data/affectnet/human_annotated/validation_set/images/3537.jpg,6,angry,0.0,surprise,/gpfs0/bgu-vilenchi/users/sdolev/Thesis/VLMs/data/affectnet/human_annotated/validation_set/images/3537.jpg
2201,/gpfs0/bgu-vilenchi/users/sdolev/Thesis/VLMs/data/affectnet/human_annotated/validation_set/images/2201.jpg,0,neutral,1.0,happy,/gpfs0/bgu-vilenchi/users/sdolev/Thesis/VLMs/data/affectnet/human_annotated/validation_set/images/2201.jpg
3843,/gpfs0/bgu-vilenchi/users/sdolev/Thesis/VLMs/data/affectnet/human_annotated/validation_set/images/3843.jpg,3,surprise,2.0,happy,/gpfs0/bgu-vilenchi/users/sdolev/Thesis/VLMs/data/affectnet/human_annotated/validation_set/images/3843.jpg
1998,/gpfs0/bgu-vilenchi/users/sdolev/Thesis/VLMs/data/affectnet/human_annotated/validation_set/images/1998.jpg,3,surprise,2.0,happy,/gpfs0/bgu-vilenchi/users/sdolev/Thesis/VLMs/data/affectnet/human_annotated/validation_set/images/1998.jpg
2604,/gpfs0/bgu-vilenchi/users/sdolev/Thesis/VLMs/data/affectnet/human_annotated/validation_set/images/2604.jpg,3,surprise,1.0,happy,/gpfs0/bgu-vilenchi/users/sdolev/Thesis/VLMs/data/affectnet/human_annotated/validation_set/images/2604.jpg
331,/gpfs0/bgu-vilenchi/users/sdolev/Thesis/VLMs/data/affectnet/human_annotated/validation_set/images/331.jpg,0,neutral,0.0,neutral,/gpfs0/bgu-vilenchi/users/sdolev/Thesis/VLMs/data/affectnet/human_annotated/validation_set/images/331.jpg
228,/gpfs0/bgu-vilenchi/users/sdolev/Thesis/VLMs/data/affectnet/human_annotated/validation_set/images/228.jpg,2,sad,1.0,surprise,/gpfs0/bgu-vilenchi/users/sdolev/Thesis/VLMs/data/affectnet/human_annotated/validation_set/images/228.jpg
4499,/gpfs0/bgu-vilenchi/users/sdolev/Thesis/VLMs/data/affectnet/human_annotated/validation_set/images/4499.jpg,5,disgust,1.0,surprise,/gpfs0/bgu-vilenchi/users/sdolev/Thesis/VLMs/data/affectnet/human_annotated/validation_set/images/4499.jpg
4263,/gpfs0/bgu-vilenchi/users/sdolev/Thesis/VLMs/data/affectnet/human_annotated/validation_set/images/4263.jpg,4,fear,2.0,surprise,/gpfs0/bgu-vilenchi/users/sdolev/Thesis/VLMs/data/affectnet/human_annotated/validation_set/images/4263.jpg
3024,/gpfs0/bgu-vilenchi/users/sdolev/Thesis/VLMs/data/affectnet/human_annotated/validation_set/images/3024.jpg,6,angry,2.0,neutral,/gpfs0/bgu-vilenchi/users/sdolev/Thesis/VLMs/data/affectnet/human_annotated/validation_set/images/3024.jpg
4666,/gpfs0/bgu-vilenchi/users/sdolev/Thesis/VLMs/data/affectnet/human_annotated/validation_set/images/4666.jpg,2,sad,0.0,sad,/gpfs0/bgu-vilenchi/users/sdolev/Thesis/VLMs/data/affectnet/human_annotated/validation_set/images/4666.jpg
3330,/gpfs0/bgu-vilenchi/users/sdolev/Thesis/VLMs/data/affectnet/human_annotated/validation_set/images/3330.jpg,6,angry,0.0,surprise,/gpfs0/bgu-vilenchi/users/sdolev/Thesis/VLMs/data/affectnet/human_annotated/validation_set/images/3330.jpg
1485,/gpfs0/bgu-vilenchi/users/sdolev/Thesis/VLMs/data/affectnet/human_annotated/validation_set/images/1485.jpg,6,angry,0.0,neutral,/gpfs0/bgu-vilenchi/users/sdolev/Thesis/VLMs/data/affectnet/human_annotated/validation_set/images/1485.jpg
1791,/gpfs0/bgu-vilenchi/users/sdolev/Thesis/VLMs/data/affectnet/human_annotated/validation_set/images/1791.jpg,3,surprise,1.0,happy,/gpfs0/bgu-vilenchi/users/sdolev/Thesis/VLMs/data/affectnet/human_annotated/validation_set/images/1791.jpg
3427,/gpfs0/bgu-vilenchi/users/sdolev/Thesis/VLMs/data/affectnet/human_annotated/validation_set/images/3427.jpg,4,fear,1.0,surprise,/gpfs0/bgu-vilenchi/users/sdolev/Thesis/VLMs/data/affectnet/human_annotated/validation_set/images/3427.jpg
4430,/gpfs0/bgu-vilenchi/users/sdolev/Thesis/VLMs/data/affectnet/human_annotated/validation_set/images/4430.jpg,0,neutral,1.0,neutral,/gpfs0/bgu-vilenchi/users/sdolev/Thesis/VLMs/data/affectnet/human_annotated/validation_set/images/4430.jpg
3733,/gpfs0/bgu-vilenchi/users/sdolev/Thesis/VLMs/data/affectnet/human_annotated/validation_set/images/3733.jpg,1,happy,0.0,happy,/gpfs0/bgu-vilenchi/users/sdolev/Thesis/VLMs/data/affectnet/human_annotated/validation_set/images/3733.jpg
1888,/gpfs0/bgu-vilenchi/users/sdolev/Thesis/VLMs/data/affectnet/human_annotated/validation_set/images/1888.jpg,1,happy,0.0,neutral,/gpfs0/bgu-vilenchi/users/sdolev/Thesis/VLMs/data/affectnet/human_annotated/validation_set/images/1888.jpg
2891,/gpfs0/bgu-vilenchi/users/sdolev/Thesis/VLMs/data/affectnet/human_annotated/validation_set/images/2891.jpg,1,happy,0.0,happy,/gpfs0/bgu-vilenchi/users/sdolev/Thesis/VLMs/data/affectnet/human_annotated/validation_set/images/2891.jpg
242,/gpfs0/bgu-vilenchi/users/sdolev/Thesis/VLMs/data/affectnet/human_annotated/validation_set/images/242.jpg,6,angry,0.0,angry,/gpfs0/bgu-vilenchi/users/sdolev/Thesis/VLMs/data/affectnet/human_annotated/validation_set/images/242.jpg
4833,/gpfs0/bgu-vilenchi/users/sdolev/Thesis/VLMs/data/affectnet/human_annotated/validation_set/images/4833.jpg,3,surprise,1.0,surprise,/gpfs0/bgu-vilenchi/users/sdolev/Thesis/VLMs/data/affectnet/human_annotated/validation_set/images/4833.jpg
1652,/gpfs0/bgu-vilenchi/users/sdolev/Thesis/VLMs/data/affectnet/human_annotated/validation_set/images/1652.jpg,3,surprise,1.0,surprise,/gpfs0/bgu-vilenchi/users/sdolev/Thesis/VLMs/data/affectnet/human_annotated/validation_set/images/1652.jpg
643,/gpfs0/bgu-vilenchi/users/sdolev/Thesis/VLMs/data/affectnet/human_annotated/validation_set/images/643.jpg,1,happy,0.0,happy,/gpfs0/bgu-vilenchi/users/sdolev/Thesis/VLMs/data/affectnet/human_annotated/validation_set/images/643.jpg
4389,/gpfs0/bgu-vilenchi/users/sdolev/Thesis/VLMs/data/affectnet/human_annotated/validation_set/images/4389.jpg,4,fear,1.0,surprise,/gpfs0/bgu-vilenchi/users/sdolev/Thesis/VLMs/data/affectnet/human_annotated/validation_set/images/4389.jpg
5392,/gpfs0/bgu-vilenchi/users/sdolev/Thesis/VLMs/data/affectnet/human_annotated/validation_set/images/5392.jpg,7,contempt,2.0,happy,/gpfs0/bgu-vilenchi/users/sdolev/Thesis/VLMs/data/affectnet/human_annotated/validation_set/images/5392.jpg
3900,/gpfs0/bgu-vilenchi/users/sdolev/Thesis/VLMs/data/affectnet/human_annotated/validation_set/images/3900.jpg,0,neutral,0.0,neutral,/gpfs0/bgu-vilenchi/users/sdolev/Thesis/VLMs/data/affectnet/human_annotated/validation_set/images/3900.jpg
1069,/gpfs0/bgu-vilenchi/users/sdolev/Thesis/VLMs/data/affectnet/human_annotated/validation_set/images/1069.jpg,7,contempt,1.0,happy,/gpfs0/bgu-vilenchi/users/sdolev/Thesis/VLMs/data/affectnet/human_annotated/validation_set/images/1069.jpg
3317,/gpfs0/bgu-vilenchi/users/sdolev/Thesis/VLMs/data/affectnet/human_annotated/validation_set/images/3317.jpg,7,contempt,2.0,neutral,/gpfs0/bgu-vilenchi/users/sdolev/Thesis/VLMs/data/affectnet/human_annotated/validation_set/images/3317.jpg
4959,/gpfs0/bgu-vilenchi/users/sdolev/Thesis/VLMs/data/affectnet/human_annotated/validation_set/images/4959.jpg,4,fear,1.0,surprise,/gpfs0/bgu-vilenchi/users/sdolev/Thesis/VLMs/data/affectnet/human_annotated/validation_set/images/4959.jpg
1778,/gpfs0/bgu-vilenchi/users/sdolev/Thesis/VLMs/data/affectnet/human_annotated/validation_set/images/1778.jpg,7,contempt,1.0,neutral,/gpfs0/bgu-vilenchi/users/sdolev/Thesis/VLMs/data/affectnet/human_annotated/validation_set/images/1778.jpg
153,/gpfs0/bgu-vilenchi/users/sdolev/Thesis/VLMs/data/affectnet/human_annotated/validation_set/images/153.jpg,3,surprise,2.0,neutral,/gpfs0/bgu-vilenchi/users/sdolev/Thesis/VLMs/data/affectnet/human_annotated/validation_set/images/153.jpg
4723,/gpfs0/bgu-vilenchi/users/sdolev/Thesis/VLMs/data/affectnet/human_annotated/validation_set/images/4723.jpg,0,neutral,0.0,neutral,/gpfs0/bgu-vilenchi/users/sdolev/Thesis/VLMs/data/affectnet/human_annotated/validation_set/images/4723.jpg
554,/gpfs0/bgu-vilenchi/users/sdolev/Thesis/VLMs/data/affectnet/human_annotated/validation_set/images/554.jpg,4,fear,2.0,neutral,/gpfs0/bgu-vilenchi/users/sdolev/Thesis/VLMs/data/affectnet/human_annotated/validation_set/images/554.jpg
1542,/gpfs0/bgu-vilenchi/users/sdolev/Thesis/VLMs/data/affectnet/human_annotated/validation_set/images/1542.jpg,3,surprise,1.0,surprise,/gpfs0/bgu-vilenchi/users/sdolev/Thesis/VLMs/data/affectnet/human_annotated/validation_set/images/1542.jpg
955,/gpfs0/bgu-vilenchi/users/sdolev/Thesis/VLMs/data/affectnet/human_annotated/validation_set/images/955.jpg,4,fear,2.0,surprise,/gpfs0/bgu-vilenchi/users/sdolev/Thesis/VLMs/data/affectnet/human_annotated/validation_set/images/955.jpg
5282,/gpfs0/bgu-vilenchi/users/sdolev/Thesis/VLMs/data/affectnet/human_annotated/validation_set/images/5282.jpg,7,contempt,1.0,happy,/gpfs0/bgu-vilenchi/users/sdolev/Thesis/VLMs/data/affectnet/human_annotated/validation_set/images/5282.jpg
5379,/gpfs0/bgu-vilenchi/users/sdolev/Thesis/VLMs/data/affectnet/human_annotated/validation_set/images/5379.jpg,2,sad,0.0,sad,/gpfs0/bgu-vilenchi/users/sdolev/Thesis/VLMs/data/affectnet/human_annotated/validation_set/images/5379.jpg
4043,/gpfs0/bgu-vilenchi/users/sdolev/Thesis/VLMs/data/affectnet/human_annotated/validation_set/images/4043.jpg,5,disgust,1.0,neutral,/gpfs0/bgu-vilenchi/users/sdolev/Thesis/VLMs/data/affectnet/human_annotated/validation_set/images/4043.jpg
1265,/gpfs0/bgu-vilenchi/users/sdolev/Thesis/VLMs/data/affectnet/human_annotated/validation_set/images/1265.jpg,3,surprise,0.0,surprise,/gpfs0/bgu-vilenchi/users/sdolev/Thesis/VLMs/data/affectnet/human_annotated/validation_set/images/1265.jpg
4849,/gpfs0/bgu-vilenchi/users/sdolev/Thesis/VLMs/data/affectnet/human_annotated/validation_set/images/4849.jpg,6,angry,2.0,neutral,/gpfs0/bgu-vilenchi/users/sdolev/Thesis/VLMs/data/affectnet/human_annotated/validation_set/images/4849.jpg
2365,/gpfs0/bgu-vilenchi/users/sdolev/Thesis/VLMs/data/affectnet/human_annotated/validation_set/images/2365.jpg,4,fear,2.0,sad,/gpfs0/bgu-vilenchi/users/sdolev/Thesis/VLMs/data/affectnet/human_annotated/validation_set/images/2365.jpg
1668,/gpfs0/bgu-vilenchi/users/sdolev/Thesis/VLMs/data/affectnet/human_annotated/validation_set/images/1668.jpg,2,sad,0.0,neutral,/gpfs0/bgu-vilenchi/users/sdolev/Thesis/VLMs/data/affectnet/human_annotated/validation_set/images/1668.jpg
2671,/gpfs0/bgu-vilenchi/users/sdolev/Thesis/VLMs/data/affectnet/human_annotated/validation_set/images/2671.jpg,4,fear,2.0,surprise,/gpfs0/bgu-vilenchi/users/sdolev/Thesis/VLMs/data/affectnet/human_annotated/validation_set/images/2671.jpg
4307,/gpfs0/bgu-vilenchi/users/sdolev/Thesis/VLMs/data/affectnet/human_annotated/validation_set/images/4307.jpg,4,fear,2.0,surprise,/gpfs0/bgu-vilenchi/users/sdolev/Thesis/VLMs/data/affectnet/human_annotated/validation_set/images/4307.jpg
465,/gpfs0/bgu-vilenchi/users/sdolev/Thesis/VLMs/data/affectnet/human_annotated/validation_set/images/465.jpg,1,happy,0.0,happy,/gpfs0/bgu-vilenchi/users/sdolev/Thesis/VLMs/data/affectnet/human_annotated/validation_set/images/465.jpg
4613,/gpfs0/bgu-vilenchi/users/sdolev/Thesis/VLMs/data/affectnet/human_annotated/validation_set/images/4613.jpg,1,happy,0.0,happy,/gpfs0/bgu-vilenchi/users/sdolev/Thesis/VLMs/data/affectnet/human_annotated/validation_set/images/4613.jpg
2768,/gpfs0/bgu-vilenchi/users/sdolev/Thesis/VLMs/data/affectnet/human_annotated/validation_set/images/2768.jpg,6,angry,2.0,surprise,/gpfs0/bgu-vilenchi/users/sdolev/Thesis/VLMs/data/affectnet/human_annotated/validation_set/images/2768.jpg
1432,/gpfs0/bgu-vilenchi/users/sdolev/Thesis/VLMs/data/affectnet/human_annotated/validation_set/images/1432.jpg,1,happy,0.0,happy,/gpfs0/bgu-vilenchi/users/sdolev/Thesis/VLMs/data/affectnet/human_annotated/validation_set/images/1432.jpg
866,/gpfs0/bgu-vilenchi/users/sdolev/Thesis/VLMs/data/affectnet/human_annotated/validation_set/images/866.jpg,7,contempt,1.0,neutral,/gpfs0/bgu-vilenchi/users/sdolev/Thesis/VLMs/data/affectnet/human_annotated/validation_set/images/866.jpg
1529,/gpfs0/bgu-vilenchi/users/sdolev/Thesis/VLMs/data/affectnet/human_annotated/validation_set/images/1529.jpg,4,fear,1.0,surprise,/gpfs0/bgu-vilenchi/users/sdolev/Thesis/VLMs/data/affectnet/human_annotated/validation_set/images/1529.jpg
5269,/gpfs0/bgu-vilenchi/users/sdolev/Thesis/VLMs/data/affectnet/human_annotated/validation_set/images/5269.jpg,2,sad,0.0,sad,/gpfs0/bgu-vilenchi/users/sdolev/Thesis/VLMs/data/affectnet/human_annotated/validation_set/images/5269.jpg
2088,/gpfs0/bgu-vilenchi/users/sdolev/Thesis/VLMs/data/affectnet/human_annotated/validation_set/images/2088.jpg,6,angry,0.0,surprise,/gpfs0/bgu-vilenchi/users/sdolev/Thesis/VLMs/data/affectnet/human_annotated/validation_set/images/2088.jpg
3091,/gpfs0/bgu-vilenchi/users/sdolev/Thesis/VLMs/data/affectnet/human_annotated/validation_set/images/3091.jpg,6,angry,0.0,angry,/gpfs0/bgu-vilenchi/users/sdolev/Thesis/VLMs/data/affectnet/human_annotated/validation_set/images/3091.jpg
5033,/gpfs0/bgu-vilenchi/users/sdolev/Thesis/VLMs/data/affectnet/human_annotated/validation_set/images/5033.jpg,6,angry,2.0,neutral,/gpfs0/bgu-vilenchi/users/sdolev/Thesis/VLMs/data/affectnet/human_annotated/validation_set/images/5033.jpg
3494,/gpfs0/bgu-vilenchi/users/sdolev/Thesis/VLMs/data/affectnet/human_annotated/validation_set/images/3494.jpg,2,sad,1.0,neutral,/gpfs0/bgu-vilenchi/users/sdolev/Thesis/VLMs/data/affectnet/human_annotated/validation_set/images/3494.jpg
5436,/gpfs0/bgu-vilenchi/users/sdolev/Thesis/VLMs/data/affectnet/human_annotated/validation_set/images/5436.jpg,3,surprise,0.0,neutral,/gpfs0/bgu-vilenchi/users/sdolev/Thesis/VLMs/data/affectnet/human_annotated/validation_set/images/5436.jpg
2255,/gpfs0/bgu-vilenchi/users/sdolev/Thesis/VLMs/data/affectnet/human_annotated/validation_set/images/2255.jpg,1,happy,1.0,neutral,/gpfs0/bgu-vilenchi/users/sdolev/Thesis/VLMs/data/affectnet/human_annotated/validation_set/images/2255.jpg
3897,/gpfs0/bgu-vilenchi/users/sdolev/Thesis/VLMs/data/affectnet/human_annotated/validation_set/images/3897.jpg,3,surprise,0.0,surprise,/gpfs0/bgu-vilenchi/users/sdolev/Thesis/VLMs/data/affectnet/human_annotated/validation_set/images/3897.jpg
376,/gpfs0/bgu-vilenchi/users/sdolev/Thesis/VLMs/data/affectnet/human_annotated/validation_set/images/376.jpg,1,happy,0.0,happy,/gpfs0/bgu-vilenchi/users/sdolev/Thesis/VLMs/data/affectnet/human_annotated/validation_set/images/376.jpg
2561,/gpfs0/bgu-vilenchi/users/sdolev/Thesis/VLMs/data/affectnet/human_annotated/validation_set/images/2561.jpg,2,sad,1.0,neutral,/gpfs0/bgu-vilenchi/users/sdolev/Thesis/VLMs/data/affectnet/human_annotated/validation_set/images/2561.jpg
5200,/gpfs0/bgu-vilenchi/users/sdolev/Thesis/VLMs/data/affectnet/human_annotated/validation_set/images/5200.jpg,5,disgust,1.0,angry,/gpfs0/bgu-vilenchi/users/sdolev/Thesis/VLMs/data/affectnet/human_annotated/validation_set/images/5200.jpg
880,/gpfs0/bgu-vilenchi/users/sdolev/Thesis/VLMs/data/affectnet/human_annotated/validation_set/images/880.jpg,3,surprise,2.0,happy,/gpfs0/bgu-vilenchi/users/sdolev/Thesis/VLMs/data/affectnet/human_annotated/validation_set/images/880.jpg
1016,/gpfs0/bgu-vilenchi/users/sdolev/Thesis/VLMs/data/affectnet/human_annotated/validation_set/images/1016.jpg,2,sad,2.0,neutral,/gpfs0/bgu-vilenchi/users/sdolev/Thesis/VLMs/data/affectnet/human_annotated/validation_set/images/1016.jpg
777,/gpfs0/bgu-vilenchi/users/sdolev/Thesis/VLMs/data/affectnet/human_annotated/validation_set/images/777.jpg,2,sad,0.0,sad,/gpfs0/bgu-vilenchi/users/sdolev/Thesis/VLMs/data/affectnet/human_annotated/validation_set/images/777.jpg
2658,/gpfs0/bgu-vilenchi/users/sdolev/Thesis/VLMs/data/affectnet/human_annotated/validation_set/images/2658.jpg,0,neutral,0.0,neutral,/gpfs0/bgu-vilenchi/users/sdolev/Thesis/VLMs/data/affectnet/human_annotated/validation_set/images/2658.jpg
3661,/gpfs0/bgu-vilenchi/users/sdolev/Thesis/VLMs/data/affectnet/human_annotated/validation_set/images/3661.jpg,2,sad,1.0,sad,/gpfs0/bgu-vilenchi/users/sdolev/Thesis/VLMs/data/affectnet/human_annotated/validation_set/images/3661.jpg
1419,/gpfs0/bgu-vilenchi/users/sdolev/Thesis/VLMs/data/affectnet/human_annotated/validation_set/images/1419.jpg,4,fear,2.0,sad,/gpfs0/bgu-vilenchi/users/sdolev/Thesis/VLMs/data/affectnet/human_annotated/validation_set/images/1419.jpg
2422,/gpfs0/bgu-vilenchi/users/sdolev/Thesis/VLMs/data/affectnet/human_annotated/validation_set/images/2422.jpg,1,happy,0.0,happy,/gpfs0/bgu-vilenchi/users/sdolev/Thesis/VLMs/data/affectnet/human_annotated/validation_set/images/2422.jpg
2825,/gpfs0/bgu-vilenchi/users/sdolev/Thesis/VLMs/data/affectnet/human_annotated/validation_set/images/2825.jpg,6,angry,2.0,neutral,/gpfs0/bgu-vilenchi/users/sdolev/Thesis/VLMs/data/affectnet/human_annotated/validation_set/images/2825.jpg
3384,/gpfs0/bgu-vilenchi/users/sdolev/Thesis/VLMs/data/affectnet/human_annotated/validation_set/images/3384.jpg,6,angry,2.0,neutral,/gpfs0/bgu-vilenchi/users/sdolev/Thesis/VLMs/data/affectnet/human_annotated/validation_set/images/3384.jpg
390,/gpfs0/bgu-vilenchi/users/sdolev/Thesis/VLMs/data/affectnet/human_annotated/validation_set/images/390.jpg,2,sad,1.0,neutral,/gpfs0/bgu-vilenchi/users/sdolev/Thesis/VLMs/data/affectnet/human_annotated/validation_set/images/390.jpg
5326,/gpfs0/bgu-vilenchi/users/sdolev/Thesis/VLMs/data/affectnet/human_annotated/validation_set/images/5326.jpg,1,happy,0.0,happy,/gpfs0/bgu-vilenchi/users/sdolev/Thesis/VLMs/data/affectnet/human_annotated/validation_set/images/5326.jpg
2145,/gpfs0/bgu-vilenchi/users/sdolev/Thesis/VLMs/data/affectnet/human_annotated/validation_set/images/2145.jpg,4,fear,0.0,surprise,/gpfs0/bgu-vilenchi/users/sdolev/Thesis/VLMs/data/affectnet/human_annotated/validation_set/images/2145.jpg
791,/gpfs0/bgu-vilenchi/users/sdolev/Thesis/VLMs/data/affectnet/human_annotated/validation_set/images/791.jpg,1,happy,0.0,happy,/gpfs0/bgu-vilenchi/users/sdolev/Thesis/VLMs/data/affectnet/human_annotated/validation_set/images/791.jpg
3551,/gpfs0/bgu-vilenchi/users/sdolev/Thesis/VLMs/data/affectnet/human_annotated/validation_set/images/3551.jpg,5,disgust,1.0,surprise,/gpfs0/bgu-vilenchi/users/sdolev/Thesis/VLMs/data/affectnet/human_annotated/validation_set/images/3551.jpg
1309,/gpfs0/bgu-vilenchi/users/sdolev/Thesis/VLMs/data/affectnet/human_annotated/validation_set/images/1309.jpg,1,happy,0.0,happy,/gpfs0/bgu-vilenchi/users/sdolev/Thesis/VLMs/data/affectnet/human_annotated/validation_set/images/1309.jpg
2312,/gpfs0/bgu-vilenchi/users/sdolev/Thesis/VLMs/data/affectnet/human_annotated/validation_set/images/2312.jpg,7,contempt,2.0,happy,/gpfs0/bgu-vilenchi/users/sdolev/Thesis/VLMs/data/affectnet/human_annotated/validation_set/images/2312.jpg
3954,/gpfs0/bgu-vilenchi/users/sdolev/Thesis/VLMs/data/affectnet/human_annotated/validation_set/images/3954.jpg,4,fear,0.0,surprise,/gpfs0/bgu-vilenchi/users/sdolev/Thesis/VLMs/data/affectnet/human_annotated/validation_set/images/3954.jpg
2035,/gpfs0/bgu-vilenchi/users/sdolev/Thesis/VLMs/data/affectnet/human_annotated/validation_set/images/2035.jpg,5,disgust,0.0,angry,/gpfs0/bgu-vilenchi/users/sdolev/Thesis/VLMs/data/affectnet/human_annotated/validation_set/images/2035.jpg
599,/gpfs0/bgu-vilenchi/users/sdolev/Thesis/VLMs/data/affectnet/human_annotated/validation_set/images/599.jpg,6,angry,0.0,surprise,/gpfs0/bgu-vilenchi/users/sdolev/Thesis/VLMs/data/affectnet/human_annotated/validation_set/images/599.jpg
3677,/gpfs0/bgu-vilenchi/users/sdolev/Thesis/VLMs/data/affectnet/human_annotated/validation_set/images/3677.jpg,1,happy,0.0,happy,/gpfs0/bgu-vilenchi/users/sdolev/Thesis/VLMs/data/affectnet/human_annotated/validation_set/images/3677.jpg
1193,/gpfs0/bgu-vilenchi/users/sdolev/Thesis/VLMs/data/affectnet/human_annotated/validation_set/images/1193.jpg,4,fear,2.0,neutral,/gpfs0/bgu-vilenchi/users/sdolev/Thesis/VLMs/data/affectnet/human_annotated/validation_set/images/1193.jpg
4680,/gpfs0/bgu-vilenchi/users/sdolev/Thesis/VLMs/data/affectnet/human_annotated/validation_set/images/4680.jpg,1,happy,0.0,happy,/gpfs0/bgu-vilenchi/users/sdolev/Thesis/VLMs/data/affectnet/human_annotated/validation_set/images/4680.jpg
700,/gpfs0/bgu-vilenchi/users/sdolev/Thesis/VLMs/data/affectnet/human_annotated/validation_set/images/700.jpg,5,disgust,1.0,angry,/gpfs0/bgu-vilenchi/users/sdolev/Thesis/VLMs/data/affectnet/human_annotated/validation_set/images/700.jpg
3135,/gpfs0/bgu-vilenchi/users/sdolev/Thesis/VLMs/data/affectnet/human_annotated/validation_set/images/3135.jpg,7,contempt,1.0,neutral,/gpfs0/bgu-vilenchi/users/sdolev/Thesis/VLMs/data/affectnet/human_annotated/validation_set/images/3135.jpg
2438,/gpfs0/bgu-vilenchi/users/sdolev/Thesis/VLMs/data/affectnet/human_annotated/validation_set/images/2438.jpg,6,angry,1.0,surprise,/gpfs0/bgu-vilenchi/users/sdolev/Thesis/VLMs/data/affectnet/human_annotated/validation_set/images/2438.jpg
1596,/gpfs0/bgu-vilenchi/users/sdolev/Thesis/VLMs/data/affectnet/human_annotated/validation_set/images/1596.jpg,3,surprise,0.0,surprise,/gpfs0/bgu-vilenchi/users/sdolev/Thesis/VLMs/data/affectnet/human_annotated/validation_set/images/1596.jpg
3538,/gpfs0/bgu-vilenchi/users/sdolev/Thesis/VLMs/data/affectnet/human_annotated/validation_set/images/3538.jpg,7,contempt,2.0,surprise,/gpfs0/bgu-vilenchi/users/sdolev/Thesis/VLMs/data/affectnet/human_annotated/validation_set/images/3538.jpg
2202,/gpfs0/bgu-vilenchi/users/sdolev/Thesis/VLMs/data/affectnet/human_annotated/validation_set/images/2202.jpg,6,angry,0.0,neutral,/gpfs0/bgu-vilenchi/users/sdolev/Thesis/VLMs/data/affectnet/human_annotated/validation_set/images/2202.jpg
3844,/gpfs0/bgu-vilenchi/users/sdolev/Thesis/VLMs/data/affectnet/human_annotated/validation_set/images/3844.jpg,3,surprise,2.0,happy,/gpfs0/bgu-vilenchi/users/sdolev/Thesis/VLMs/data/affectnet/human_annotated/validation_set/images/3844.jpg
1999,/gpfs0/bgu-vilenchi/users/sdolev/Thesis/VLMs/data/affectnet/human_annotated/validation_set/images/1999.jpg,3,surprise,2.0,happy,/gpfs0/bgu-vilenchi/users/sdolev/Thesis/VLMs/data/affectnet/human_annotated/validation_set/images/1999.jpg
2605,/gpfs0/bgu-vilenchi/users/sdolev/Thesis/VLMs/data/affectnet/human_annotated/validation_set/images/2605.jpg,6,angry,2.0,neutral,/gpfs0/bgu-vilenchi/users/sdolev/Thesis/VLMs/data/affectnet/human_annotated/validation_set/images/2605.jpg
4264,/gpfs0/bgu-vilenchi/users/sdolev/Thesis/VLMs/data/affectnet/human_annotated/validation_set/images/4264.jpg,6,angry,1.0,neutral,/gpfs0/bgu-vilenchi/users/sdolev/Thesis/VLMs/data/affectnet/human_annotated/validation_set/images/4264.jpg
1083,/gpfs0/bgu-vilenchi/users/sdolev/Thesis/VLMs/data/affectnet/human_annotated/validation_set/images/1083.jpg,2,sad,0.0,sad,/gpfs0/bgu-vilenchi/users/sdolev/Thesis/VLMs/data/affectnet/human_annotated/validation_set/images/1083.jpg
3025,/gpfs0/bgu-vilenchi/users/sdolev/Thesis/VLMs/data/affectnet/human_annotated/validation_set/images/3025.jpg,5,disgust,1.0,surprise,/gpfs0/bgu-vilenchi/users/sdolev/Thesis/VLMs/data/affectnet/human_annotated/validation_set/images/3025.jpg
4667,/gpfs0/bgu-vilenchi/users/sdolev/Thesis/VLMs/data/affectnet/human_annotated/validation_set/images/4667.jpg,2,sad,2.0,sad,/gpfs0/bgu-vilenchi/users/sdolev/Thesis/VLMs/data/affectnet/human_annotated/validation_set/images/4667.jpg
3331,/gpfs0/bgu-vilenchi/users/sdolev/Thesis/VLMs/data/affectnet/human_annotated/validation_set/images/3331.jpg,3,surprise,2.0,surprise,/gpfs0/bgu-vilenchi/users/sdolev/Thesis/VLMs/data/affectnet/human_annotated/validation_set/images/3331.jpg
1486,/gpfs0/bgu-vilenchi/users/sdolev/Thesis/VLMs/data/affectnet/human_annotated/validation_set/images/1486.jpg,4,fear,2.0,surprise,/gpfs0/bgu-vilenchi/users/sdolev/Thesis/VLMs/data/affectnet/human_annotated/validation_set/images/1486.jpg
4973,/gpfs0/bgu-vilenchi/users/sdolev/Thesis/VLMs/data/affectnet/human_annotated/validation_set/images/4973.jpg,6,angry,1.0,neutral,/gpfs0/bgu-vilenchi/users/sdolev/Thesis/VLMs/data/affectnet/human_annotated/validation_set/images/4973.jpg
3428,/gpfs0/bgu-vilenchi/users/sdolev/Thesis/VLMs/data/affectnet/human_annotated/validation_set/images/3428.jpg,1,happy,0.0,happy,/gpfs0/bgu-vilenchi/users/sdolev/Thesis/VLMs/data/affectnet/human_annotated/validation_set/images/3428.jpg
4431,/gpfs0/bgu-vilenchi/users/sdolev/Thesis/VLMs/data/affectnet/human_annotated/validation_set/images/4431.jpg,1,happy,0.0,surprise,/gpfs0/bgu-vilenchi/users/sdolev/Thesis/VLMs/data/affectnet/human_annotated/validation_set/images/4431.jpg
1250,/gpfs0/bgu-vilenchi/users/sdolev/Thesis/VLMs/data/affectnet/human_annotated/validation_set/images/1250.jpg,1,happy,0.0,happy,/gpfs0/bgu-vilenchi/users/sdolev/Thesis/VLMs/data/affectnet/human_annotated/validation_set/images/1250.jpg
1889,/gpfs0/bgu-vilenchi/users/sdolev/Thesis/VLMs/data/affectnet/human_annotated/validation_set/images/1889.jpg,1,happy,0.0,happy,/gpfs0/bgu-vilenchi/users/sdolev/Thesis/VLMs/data/affectnet/human_annotated/validation_set/images/1889.jpg
2892,/gpfs0/bgu-vilenchi/users/sdolev/Thesis/VLMs/data/affectnet/human_annotated/validation_set/images/2892.jpg,6,angry,2.0,neutral,/gpfs0/bgu-vilenchi/users/sdolev/Thesis/VLMs/data/affectnet/human_annotated/validation_set/images/2892.jpg
4834,/gpfs0/bgu-vilenchi/users/sdolev/Thesis/VLMs/data/affectnet/human_annotated/validation_set/images/4834.jpg,2,sad,0.0,sad,/gpfs0/bgu-vilenchi/users/sdolev/Thesis/VLMs/data/affectnet/human_annotated/validation_set/images/4834.jpg
1653,/gpfs0/bgu-vilenchi/users/sdolev/Thesis/VLMs/data/affectnet/human_annotated/validation_set/images/1653.jpg,7,contempt,2.0,neutral,/gpfs0/bgu-vilenchi/users/sdolev/Thesis/VLMs/data/affectnet/human_annotated/validation_set/images/1653.jpg
387,/gpfs0/bgu-vilenchi/users/sdolev/Thesis/VLMs/data/affectnet/human_annotated/validation_set/images/387.jpg,1,happy,0.0,happy,/gpfs0/bgu-vilenchi/users/sdolev/Thesis/VLMs/data/affectnet/human_annotated/validation_set/images/387.jpg
5393,/gpfs0/bgu-vilenchi/users/sdolev/Thesis/VLMs/data/affectnet/human_annotated/validation_set/images/5393.jpg,5,disgust,0.0,disgust,/gpfs0/bgu-vilenchi/users/sdolev/Thesis/VLMs/data/affectnet/human_annotated/validation_set/images/5393.jpg
522,/gpfs0/bgu-vilenchi/users/sdolev/Thesis/VLMs/data/affectnet/human_annotated/validation_set/images/522.jpg,0,neutral,0.0,neutral,/gpfs0/bgu-vilenchi/users/sdolev/Thesis/VLMs/data/affectnet/human_annotated/validation_set/images/522.jpg
4557,/gpfs0/bgu-vilenchi/users/sdolev/Thesis/VLMs/data/affectnet/human_annotated/validation_set/images/4557.jpg,6,angry,1.0,neutral,/gpfs0/bgu-vilenchi/users/sdolev/Thesis/VLMs/data/affectnet/human_annotated/validation_set/images/4557.jpg
1376,/gpfs0/bgu-vilenchi/users/sdolev/Thesis/VLMs/data/affectnet/human_annotated/validation_set/images/1376.jpg,4,fear,1.0,surprise,/gpfs0/bgu-vilenchi/users/sdolev/Thesis/VLMs/data/affectnet/human_annotated/validation_set/images/1376.jpg
3318,/gpfs0/bgu-vilenchi/users/sdolev/Thesis/VLMs/data/affectnet/human_annotated/validation_set/images/3318.jpg,6,angry,0.0,neutral,/gpfs0/bgu-vilenchi/users/sdolev/Thesis/VLMs/data/affectnet/human_annotated/validation_set/images/3318.jpg
4321,/gpfs0/bgu-vilenchi/users/sdolev/Thesis/VLMs/data/affectnet/human_annotated/validation_set/images/4321.jpg,4,fear,1.0,surprise,/gpfs0/bgu-vilenchi/users/sdolev/Thesis/VLMs/data/affectnet/human_annotated/validation_set/images/4321.jpg
1140,/gpfs0/bgu-vilenchi/users/sdolev/Thesis/VLMs/data/affectnet/human_annotated/validation_set/images/1140.jpg,1,happy,0.0,happy,/gpfs0/bgu-vilenchi/users/sdolev/Thesis/VLMs/data/affectnet/human_annotated/validation_set/images/1140.jpg
1779,/gpfs0/bgu-vilenchi/users/sdolev/Thesis/VLMs/data/affectnet/human_annotated/validation_set/images/1779.jpg,2,sad,1.0,sad,/gpfs0/bgu-vilenchi/users/sdolev/Thesis/VLMs/data/affectnet/human_annotated/validation_set/images/1779.jpg
71,/gpfs0/bgu-vilenchi/users/sdolev/Thesis/VLMs/data/affectnet/human_annotated/validation_set/images/71.jpg,3,surprise,1.0,surprise,/gpfs0/bgu-vilenchi/users/sdolev/Thesis/VLMs/data/affectnet/human_annotated/validation_set/images/71.jpg
4724,/gpfs0/bgu-vilenchi/users/sdolev/Thesis/VLMs/data/affectnet/human_annotated/validation_set/images/4724.jpg,4,fear,2.0,surprise,/gpfs0/bgu-vilenchi/users/sdolev/Thesis/VLMs/data/affectnet/human_annotated/validation_set/images/4724.jpg
298,/gpfs0/bgu-vilenchi/users/sdolev/Thesis/VLMs/data/affectnet/human_annotated/validation_set/images/298.jpg,7,contempt,1.0,neutral,/gpfs0/bgu-vilenchi/users/sdolev/Thesis/VLMs/data/affectnet/human_annotated/validation_set/images/298.jpg
15,/gpfs0/bgu-vilenchi/users/sdolev/Thesis/VLMs/data/affectnet/human_annotated/validation_set/images/15.jpg,6,angry,0.0,neutral,/gpfs0/bgu-vilenchi/users/sdolev/Thesis/VLMs/data/affectnet/human_annotated/validation_set/images/15.jpg
5283,/gpfs0/bgu-vilenchi/users/sdolev/Thesis/VLMs/data/affectnet/human_annotated/validation_set/images/5283.jpg,1,happy,2.0,happy,/gpfs0/bgu-vilenchi/users/sdolev/Thesis/VLMs/data/affectnet/human_annotated/validation_set/images/5283.jpg
4044,/gpfs0/bgu-vilenchi/users/sdolev/Thesis/VLMs/data/affectnet/human_annotated/validation_set/images/4044.jpg,2,sad,0.0,surprise,/gpfs0/bgu-vilenchi/users/sdolev/Thesis/VLMs/data/affectnet/human_annotated/validation_set/images/4044.jpg
834,/gpfs0/bgu-vilenchi/users/sdolev/Thesis/VLMs/data/affectnet/human_annotated/validation_set/images/834.jpg,2,sad,1.0,sad,/gpfs0/bgu-vilenchi/users/sdolev/Thesis/VLMs/data/affectnet/human_annotated/validation_set/images/834.jpg
1710,/gpfs0/bgu-vilenchi/users/sdolev/Thesis/VLMs/data/affectnet/human_annotated/validation_set/images/1710.jpg,7,contempt,1.0,happy,/gpfs0/bgu-vilenchi/users/sdolev/Thesis/VLMs/data/affectnet/human_annotated/validation_set/images/1710.jpg
5144,/gpfs0/bgu-vilenchi/users/sdolev/Thesis/VLMs/data/affectnet/human_annotated/validation_set/images/5144.jpg,0,neutral,0.0,neutral,/gpfs0/bgu-vilenchi/users/sdolev/Thesis/VLMs/data/affectnet/human_annotated/validation_set/images/5144.jpg
5450,/gpfs0/bgu-vilenchi/users/sdolev/Thesis/VLMs/data/affectnet/human_annotated/validation_set/images/5450.jpg,0,neutral,0.0,sad,/gpfs0/bgu-vilenchi/users/sdolev/Thesis/VLMs/data/affectnet/human_annotated/validation_set/images/5450.jpg
4211,/gpfs0/bgu-vilenchi/users/sdolev/Thesis/VLMs/data/affectnet/human_annotated/validation_set/images/4211.jpg,6,angry,2.0,neutral,/gpfs0/bgu-vilenchi/users/sdolev/Thesis/VLMs/data/affectnet/human_annotated/validation_set/images/4211.jpg
2366,/gpfs0/bgu-vilenchi/users/sdolev/Thesis/VLMs/data/affectnet/human_annotated/validation_set/images/2366.jpg,4,fear,0.0,surprise,/gpfs0/bgu-vilenchi/users/sdolev/Thesis/VLMs/data/affectnet/human_annotated/validation_set/images/2366.jpg
1030,/gpfs0/bgu-vilenchi/users/sdolev/Thesis/VLMs/data/affectnet/human_annotated/validation_set/images/1030.jpg,4,fear,0.0,surprise,/gpfs0/bgu-vilenchi/users/sdolev/Thesis/VLMs/data/affectnet/human_annotated/validation_set/images/1030.jpg
1669,/gpfs0/bgu-vilenchi/users/sdolev/Thesis/VLMs/data/affectnet/human_annotated/validation_set/images/1669.jpg,7,contempt,2.0,happy,/gpfs0/bgu-vilenchi/users/sdolev/Thesis/VLMs/data/affectnet/human_annotated/validation_set/images/1669.jpg
2672,/gpfs0/bgu-vilenchi/users/sdolev/Thesis/VLMs/data/affectnet/human_annotated/validation_set/images/2672.jpg,7,contempt,2.0,happy,/gpfs0/bgu-vilenchi/users/sdolev/Thesis/VLMs/data/affectnet/human_annotated/validation_set/images/2672.jpg
4308,/gpfs0/bgu-vilenchi/users/sdolev/Thesis/VLMs/data/affectnet/human_annotated/validation_set/images/4308.jpg,2,sad,2.0,neutral,/gpfs0/bgu-vilenchi/users/sdolev/Thesis/VLMs/data/affectnet/human_annotated/validation_set/images/4308.jpg
1127,/gpfs0/bgu-vilenchi/users/sdolev/Thesis/VLMs/data/affectnet/human_annotated/validation_set/images/1127.jpg,3,surprise,2.0,surprise,/gpfs0/bgu-vilenchi/users/sdolev/Thesis/VLMs/data/affectnet/human_annotated/validation_set/images/1127.jpg
310,/gpfs0/bgu-vilenchi/users/sdolev/Thesis/VLMs/data/affectnet/human_annotated/validation_set/images/310.jpg,1,happy,1.0,happy,/gpfs0/bgu-vilenchi/users/sdolev/Thesis/VLMs/data/affectnet/human_annotated/validation_set/images/310.jpg
207,/gpfs0/bgu-vilenchi/users/sdolev/Thesis/VLMs/data/affectnet/human_annotated/validation_set/images/207.jpg,6,angry,2.0,neutral,/gpfs0/bgu-vilenchi/users/sdolev/Thesis/VLMs/data/affectnet/human_annotated/validation_set/images/207.jpg
608,/gpfs0/bgu-vilenchi/users/sdolev/Thesis/VLMs/data/affectnet/human_annotated/validation_set/images/608.jpg,6,angry,1.0,neutral,/gpfs0/bgu-vilenchi/users/sdolev/Thesis/VLMs/data/affectnet/human_annotated/validation_set/images/608.jpg
2089,/gpfs0/bgu-vilenchi/users/sdolev/Thesis/VLMs/data/affectnet/human_annotated/validation_set/images/2089.jpg,2,sad,1.0,neutral,/gpfs0/bgu-vilenchi/users/sdolev/Thesis/VLMs/data/affectnet/human_annotated/validation_set/images/2089.jpg
3092,/gpfs0/bgu-vilenchi/users/sdolev/Thesis/VLMs/data/affectnet/human_annotated/validation_set/images/3092.jpg,6,angry,1.0,neutral,/gpfs0/bgu-vilenchi/users/sdolev/Thesis/VLMs/data/affectnet/human_annotated/validation_set/images/3092.jpg
1600,/gpfs0/bgu-vilenchi/users/sdolev/Thesis/VLMs/data/affectnet/human_annotated/validation_set/images/1600.jpg,1,happy,0.0,happy,/gpfs0/bgu-vilenchi/users/sdolev/Thesis/VLMs/data/affectnet/human_annotated/validation_set/images/1600.jpg
5034,/gpfs0/bgu-vilenchi/users/sdolev/Thesis/VLMs/data/affectnet/human_annotated/validation_set/images/5034.jpg,0,neutral,0.0,neutral,/gpfs0/bgu-vilenchi/users/sdolev/Thesis/VLMs/data/affectnet/human_annotated/validation_set/images/5034.jpg
5340,/gpfs0/bgu-vilenchi/users/sdolev/Thesis/VLMs/data/affectnet/human_annotated/validation_set/images/5340.jpg,0,neutral,0.0,neutral,/gpfs0/bgu-vilenchi/users/sdolev/Thesis/VLMs/data/affectnet/human_annotated/validation_set/images/5340.jpg
5437,/gpfs0/bgu-vilenchi/users/sdolev/Thesis/VLMs/data/affectnet/human_annotated/validation_set/images/5437.jpg,5,disgust,1.0,disgust,/gpfs0/bgu-vilenchi/users/sdolev/Thesis/VLMs/data/affectnet/human_annotated/validation_set/images/5437.jpg
2256,/gpfs0/bgu-vilenchi/users/sdolev/Thesis/VLMs/data/affectnet/human_annotated/validation_set/images/2256.jpg,7,contempt,1.0,happy,/gpfs0/bgu-vilenchi/users/sdolev/Thesis/VLMs/data/affectnet/human_annotated/validation_set/images/2256.jpg
3898,/gpfs0/bgu-vilenchi/users/sdolev/Thesis/VLMs/data/affectnet/human_annotated/validation_set/images/3898.jpg,3,surprise,2.0,happy,/gpfs0/bgu-vilenchi/users/sdolev/Thesis/VLMs/data/affectnet/human_annotated/validation_set/images/3898.jpg
5201,/gpfs0/bgu-vilenchi/users/sdolev/Thesis/VLMs/data/affectnet/human_annotated/validation_set/images/5201.jpg,7,contempt,1.0,neutral,/gpfs0/bgu-vilenchi/users/sdolev/Thesis/VLMs/data/affectnet/human_annotated/validation_set/images/5201.jpg
1017,/gpfs0/bgu-vilenchi/users/sdolev/Thesis/VLMs/data/affectnet/human_annotated/validation_set/images/1017.jpg,0,neutral,0.0,neutral,/gpfs0/bgu-vilenchi/users/sdolev/Thesis/VLMs/data/affectnet/human_annotated/validation_set/images/1017.jpg
221,/gpfs0/bgu-vilenchi/users/sdolev/Thesis/VLMs/data/affectnet/human_annotated/validation_set/images/221.jpg,3,surprise,2.0,neutral,/gpfs0/bgu-vilenchi/users/sdolev/Thesis/VLMs/data/affectnet/human_annotated/validation_set/images/221.jpg
69,/gpfs0/bgu-vilenchi/users/sdolev/Thesis/VLMs/data/affectnet/human_annotated/validation_set/images/69.jpg,3,surprise,0.0,neutral,/gpfs0/bgu-vilenchi/users/sdolev/Thesis/VLMs/data/affectnet/human_annotated/validation_set/images/69.jpg
3662,/gpfs0/bgu-vilenchi/users/sdolev/Thesis/VLMs/data/affectnet/human_annotated/validation_set/images/3662.jpg,3,surprise,2.0,neutral,/gpfs0/bgu-vilenchi/users/sdolev/Thesis/VLMs/data/affectnet/human_annotated/validation_set/images/3662.jpg
118,/gpfs0/bgu-vilenchi/users/sdolev/Thesis/VLMs/data/affectnet/human_annotated/validation_set/images/118.jpg,2,sad,1.0,sad,/gpfs0/bgu-vilenchi/users/sdolev/Thesis/VLMs/data/affectnet/human_annotated/validation_set/images/118.jpg
622,/gpfs0/bgu-vilenchi/users/sdolev/Thesis/VLMs/data/affectnet/human_annotated/validation_set/images/622.jpg,4,fear,0.0,fear,/gpfs0/bgu-vilenchi/users/sdolev/Thesis/VLMs/data/affectnet/human_annotated/validation_set/images/622.jpg
519,/gpfs0/bgu-vilenchi/users/sdolev/Thesis/VLMs/data/affectnet/human_annotated/validation_set/images/519.jpg,6,angry,1.0,surprise,/gpfs0/bgu-vilenchi/users/sdolev/Thesis/VLMs/data/affectnet/human_annotated/validation_set/images/519.jpg
2423,/gpfs0/bgu-vilenchi/users/sdolev/Thesis/VLMs/data/affectnet/human_annotated/validation_set/images/2423.jpg,5,disgust,2.0,neutral,/gpfs0/bgu-vilenchi/users/sdolev/Thesis/VLMs/data/affectnet/human_annotated/validation_set/images/2423.jpg
3385,/gpfs0/bgu-vilenchi/users/sdolev/Thesis/VLMs/data/affectnet/human_annotated/validation_set/images/3385.jpg,3,surprise,1.0,neutral,/gpfs0/bgu-vilenchi/users/sdolev/Thesis/VLMs/data/affectnet/human_annotated/validation_set/images/3385.jpg
2146,/gpfs0/bgu-vilenchi/users/sdolev/Thesis/VLMs/data/affectnet/human_annotated/validation_set/images/2146.jpg,5,disgust,1.0,happy,/gpfs0/bgu-vilenchi/users/sdolev/Thesis/VLMs/data/affectnet/human_annotated/validation_set/images/2146.jpg
3788,/gpfs0/bgu-vilenchi/users/sdolev/Thesis/VLMs/data/affectnet/human_annotated/validation_set/images/3788.jpg,4,fear,2.0,surprise,/gpfs0/bgu-vilenchi/users/sdolev/Thesis/VLMs/data/affectnet/human_annotated/validation_set/images/3788.jpg
4791,/gpfs0/bgu-vilenchi/users/sdolev/Thesis/VLMs/data/affectnet/human_annotated/validation_set/images/4791.jpg,0,neutral,0.0,neutral,/gpfs0/bgu-vilenchi/users/sdolev/Thesis/VLMs/data/affectnet/human_annotated/validation_set/images/4791.jpg
2549,/gpfs0/bgu-vilenchi/users/sdolev/Thesis/VLMs/data/affectnet/human_annotated/validation_set/images/2549.jpg,6,angry,0.0,sad,/gpfs0/bgu-vilenchi/users/sdolev/Thesis/VLMs/data/affectnet/human_annotated/validation_set/images/2549.jpg
533,/gpfs0/bgu-vilenchi/users/sdolev/Thesis/VLMs/data/affectnet/human_annotated/validation_set/images/533.jpg,3,surprise,2.0,surprise,/gpfs0/bgu-vilenchi/users/sdolev/Thesis/VLMs/data/affectnet/human_annotated/validation_set/images/533.jpg
3955,/gpfs0/bgu-vilenchi/users/sdolev/Thesis/VLMs/data/affectnet/human_annotated/validation_set/images/3955.jpg,6,angry,1.0,contempt,/gpfs0/bgu-vilenchi/users/sdolev/Thesis/VLMs/data/affectnet/human_annotated/validation_set/images/3955.jpg
2716,/gpfs0/bgu-vilenchi/users/sdolev/Thesis/VLMs/data/affectnet/human_annotated/validation_set/images/2716.jpg,2,sad,2.0,neutral,/gpfs0/bgu-vilenchi/users/sdolev/Thesis/VLMs/data/affectnet/human_annotated/validation_set/images/2716.jpg
3275,/gpfs0/bgu-vilenchi/users/sdolev/Thesis/VLMs/data/affectnet/human_annotated/validation_set/images/3275.jpg,0,neutral,0.0,neutral,/gpfs0/bgu-vilenchi/users/sdolev/Thesis/VLMs/data/affectnet/human_annotated/validation_set/images/3275.jpg
5217,/gpfs0/bgu-vilenchi/users/sdolev/Thesis/VLMs/data/affectnet/human_annotated/validation_set/images/5217.jpg,0,neutral,0.0,neutral,/gpfs0/bgu-vilenchi/users/sdolev/Thesis/VLMs/data/affectnet/human_annotated/validation_set/images/5217.jpg
1194,/gpfs0/bgu-vilenchi/users/sdolev/Thesis/VLMs/data/affectnet/human_annotated/validation_set/images/1194.jpg,5,disgust,2.0,neutral,/gpfs0/bgu-vilenchi/users/sdolev/Thesis/VLMs/data/affectnet/human_annotated/validation_set/images/1194.jpg
3136,/gpfs0/bgu-vilenchi/users/sdolev/Thesis/VLMs/data/affectnet/human_annotated/validation_set/images/3136.jpg,1,happy,0.0,happy,/gpfs0/bgu-vilenchi/users/sdolev/Thesis/VLMs/data/affectnet/human_annotated/validation_set/images/3136.jpg
444,/gpfs0/bgu-vilenchi/users/sdolev/Thesis/VLMs/data/affectnet/human_annotated/validation_set/images/444.jpg,3,surprise,1.0,neutral,/gpfs0/bgu-vilenchi/users/sdolev/Thesis/VLMs/data/affectnet/human_annotated/validation_set/images/444.jpg
845,/gpfs0/bgu-vilenchi/users/sdolev/Thesis/VLMs/data/affectnet/human_annotated/validation_set/images/845.jpg,5,disgust,1.0,neutral,/gpfs0/bgu-vilenchi/users/sdolev/Thesis/VLMs/data/affectnet/human_annotated/validation_set/images/845.jpg
982,/gpfs0/bgu-vilenchi/users/sdolev/Thesis/VLMs/data/affectnet/human_annotated/validation_set/images/982.jpg,7,contempt,1.0,neutral,/gpfs0/bgu-vilenchi/users/sdolev/Thesis/VLMs/data/affectnet/human_annotated/validation_set/images/982.jpg
3539,/gpfs0/bgu-vilenchi/users/sdolev/Thesis/VLMs/data/affectnet/human_annotated/validation_set/images/3539.jpg,0,neutral,0.0,neutral,/gpfs0/bgu-vilenchi/users/sdolev/Thesis/VLMs/data/affectnet/human_annotated/validation_set/images/3539.jpg
2203,/gpfs0/bgu-vilenchi/users/sdolev/Thesis/VLMs/data/affectnet/human_annotated/validation_set/images/2203.jpg,0,neutral,1.0,neutral,/gpfs0/bgu-vilenchi/users/sdolev/Thesis/VLMs/data/affectnet/human_annotated/validation_set/images/2203.jpg
4098,/gpfs0/bgu-vilenchi/users/sdolev/Thesis/VLMs/data/affectnet/human_annotated/validation_set/images/4098.jpg,2,sad,0.0,neutral,/gpfs0/bgu-vilenchi/users/sdolev/Thesis/VLMs/data/affectnet/human_annotated/validation_set/images/4098.jpg
2606,/gpfs0/bgu-vilenchi/users/sdolev/Thesis/VLMs/data/affectnet/human_annotated/validation_set/images/2606.jpg,2,sad,0.0,sad,/gpfs0/bgu-vilenchi/users/sdolev/Thesis/VLMs/data/affectnet/human_annotated/validation_set/images/2606.jpg
4265,/gpfs0/bgu-vilenchi/users/sdolev/Thesis/VLMs/data/affectnet/human_annotated/validation_set/images/4265.jpg,2,sad,0.0,sad,/gpfs0/bgu-vilenchi/users/sdolev/Thesis/VLMs/data/affectnet/human_annotated/validation_set/images/4265.jpg
1084,/gpfs0/bgu-vilenchi/users/sdolev/Thesis/VLMs/data/affectnet/human_annotated/validation_set/images/1084.jpg,7,contempt,1.0,happy,/gpfs0/bgu-vilenchi/users/sdolev/Thesis/VLMs/data/affectnet/human_annotated/validation_set/images/1084.jpg
4571,/gpfs0/bgu-vilenchi/users/sdolev/Thesis/VLMs/data/affectnet/human_annotated/validation_set/images/4571.jpg,2,sad,2.0,neutral,/gpfs0/bgu-vilenchi/users/sdolev/Thesis/VLMs/data/affectnet/human_annotated/validation_set/images/4571.jpg
355,/gpfs0/bgu-vilenchi/users/sdolev/Thesis/VLMs/data/affectnet/human_annotated/validation_set/images/355.jpg,5,disgust,1.0,neutral,/gpfs0/bgu-vilenchi/users/sdolev/Thesis/VLMs/data/affectnet/human_annotated/validation_set/images/355.jpg
1390,/gpfs0/bgu-vilenchi/users/sdolev/Thesis/VLMs/data/affectnet/human_annotated/validation_set/images/1390.jpg,3,surprise,0.0,surprise,/gpfs0/bgu-vilenchi/users/sdolev/Thesis/VLMs/data/affectnet/human_annotated/validation_set/images/1390.jpg
1487,/gpfs0/bgu-vilenchi/users/sdolev/Thesis/VLMs/data/affectnet/human_annotated/validation_set/images/1487.jpg,5,disgust,0.0,disgust,/gpfs0/bgu-vilenchi/users/sdolev/Thesis/VLMs/data/affectnet/human_annotated/validation_set/images/1487.jpg
2490,/gpfs0/bgu-vilenchi/users/sdolev/Thesis/VLMs/data/affectnet/human_annotated/validation_set/images/2490.jpg,0,neutral,0.0,neutral,/gpfs0/bgu-vilenchi/users/sdolev/Thesis/VLMs/data/affectnet/human_annotated/validation_set/images/2490.jpg
1793,/gpfs0/bgu-vilenchi/users/sdolev/Thesis/VLMs/data/affectnet/human_annotated/validation_set/images/1793.jpg,2,sad,1.0,neutral,/gpfs0/bgu-vilenchi/users/sdolev/Thesis/VLMs/data/affectnet/human_annotated/validation_set/images/1793.jpg
3429,/gpfs0/bgu-vilenchi/users/sdolev/Thesis/VLMs/data/affectnet/human_annotated/validation_set/images/3429.jpg,6,angry,2.0,neutral,/gpfs0/bgu-vilenchi/users/sdolev/Thesis/VLMs/data/affectnet/human_annotated/validation_set/images/3429.jpg
4432,/gpfs0/bgu-vilenchi/users/sdolev/Thesis/VLMs/data/affectnet/human_annotated/validation_set/images/4432.jpg,6,angry,1.0,neutral,/gpfs0/bgu-vilenchi/users/sdolev/Thesis/VLMs/data/affectnet/human_annotated/validation_set/images/4432.jpg
2893,/gpfs0/bgu-vilenchi/users/sdolev/Thesis/VLMs/data/affectnet/human_annotated/validation_set/images/2893.jpg,6,angry,0.0,angry,/gpfs0/bgu-vilenchi/users/sdolev/Thesis/VLMs/data/affectnet/human_annotated/validation_set/images/2893.jpg
1654,/gpfs0/bgu-vilenchi/users/sdolev/Thesis/VLMs/data/affectnet/human_annotated/validation_set/images/1654.jpg,5,disgust,0.0,disgust,/gpfs0/bgu-vilenchi/users/sdolev/Thesis/VLMs/data/affectnet/human_annotated/validation_set/images/1654.jpg
5394,/gpfs0/bgu-vilenchi/users/sdolev/Thesis/VLMs/data/affectnet/human_annotated/validation_set/images/5394.jpg,4,fear,1.0,sad,/gpfs0/bgu-vilenchi/users/sdolev/Thesis/VLMs/data/affectnet/human_annotated/validation_set/images/5394.jpg
3902,/gpfs0/bgu-vilenchi/users/sdolev/Thesis/VLMs/data/affectnet/human_annotated/validation_set/images/3902.jpg,5,disgust,2.0,neutral,/gpfs0/bgu-vilenchi/users/sdolev/Thesis/VLMs/data/affectnet/human_annotated/validation_set/images/3902.jpg
770,/gpfs0/bgu-vilenchi/users/sdolev/Thesis/VLMs/data/affectnet/human_annotated/validation_set/images/770.jpg,0,neutral,0.0,neutral,/gpfs0/bgu-vilenchi/users/sdolev/Thesis/VLMs/data/affectnet/human_annotated/validation_set/images/770.jpg
4558,/gpfs0/bgu-vilenchi/users/sdolev/Thesis/VLMs/data/affectnet/human_annotated/validation_set/images/4558.jpg,1,happy,0.0,happy,/gpfs0/bgu-vilenchi/users/sdolev/Thesis/VLMs/data/affectnet/human_annotated/validation_set/images/4558.jpg
1377,/gpfs0/bgu-vilenchi/users/sdolev/Thesis/VLMs/data/affectnet/human_annotated/validation_set/images/1377.jpg,5,disgust,1.0,surprise,/gpfs0/bgu-vilenchi/users/sdolev/Thesis/VLMs/data/affectnet/human_annotated/validation_set/images/1377.jpg
2380,/gpfs0/bgu-vilenchi/users/sdolev/Thesis/VLMs/data/affectnet/human_annotated/validation_set/images/2380.jpg,4,fear,1.0,surprise,/gpfs0/bgu-vilenchi/users/sdolev/Thesis/VLMs/data/affectnet/human_annotated/validation_set/images/2380.jpg
4322,/gpfs0/bgu-vilenchi/users/sdolev/Thesis/VLMs/data/affectnet/human_annotated/validation_set/images/4322.jpg,2,sad,0.0,sad,/gpfs0/bgu-vilenchi/users/sdolev/Thesis/VLMs/data/affectnet/human_annotated/validation_set/images/4322.jpg
1141,/gpfs0/bgu-vilenchi/users/sdolev/Thesis/VLMs/data/affectnet/human_annotated/validation_set/images/1141.jpg,0,neutral,0.0,neutral,/gpfs0/bgu-vilenchi/users/sdolev/Thesis/VLMs/data/affectnet/human_annotated/validation_set/images/1141.jpg
4725,/gpfs0/bgu-vilenchi/users/sdolev/Thesis/VLMs/data/affectnet/human_annotated/validation_set/images/4725.jpg,1,happy,0.0,happy,/gpfs0/bgu-vilenchi/users/sdolev/Thesis/VLMs/data/affectnet/human_annotated/validation_set/images/4725.jpg
1544,/gpfs0/bgu-vilenchi/users/sdolev/Thesis/VLMs/data/affectnet/human_annotated/validation_set/images/1544.jpg,2,sad,2.0,neutral,/gpfs0/bgu-vilenchi/users/sdolev/Thesis/VLMs/data/affectnet/human_annotated/validation_set/images/1544.jpg
5284,/gpfs0/bgu-vilenchi/users/sdolev/Thesis/VLMs/data/affectnet/human_annotated/validation_set/images/5284.jpg,7,contempt,1.0,neutral,/gpfs0/bgu-vilenchi/users/sdolev/Thesis/VLMs/data/affectnet/human_annotated/validation_set/images/5284.jpg
280,/gpfs0/bgu-vilenchi/users/sdolev/Thesis/VLMs/data/affectnet/human_annotated/validation_set/images/280.jpg,0,neutral,0.0,neutral,/gpfs0/bgu-vilenchi/users/sdolev/Thesis/VLMs/data/affectnet/human_annotated/validation_set/images/280.jpg
1947,/gpfs0/bgu-vilenchi/users/sdolev/Thesis/VLMs/data/affectnet/human_annotated/validation_set/images/1947.jpg,4,fear,2.0,happy,/gpfs0/bgu-vilenchi/users/sdolev/Thesis/VLMs/data/affectnet/human_annotated/validation_set/images/1947.jpg
2950,/gpfs0/bgu-vilenchi/users/sdolev/Thesis/VLMs/data/affectnet/human_annotated/validation_set/images/2950.jpg,0,neutral,0.0,neutral,/gpfs0/bgu-vilenchi/users/sdolev/Thesis/VLMs/data/affectnet/human_annotated/validation_set/images/2950.jpg
681,/gpfs0/bgu-vilenchi/users/sdolev/Thesis/VLMs/data/affectnet/human_annotated/validation_set/images/681.jpg,1,happy,0.0,happy,/gpfs0/bgu-vilenchi/users/sdolev/Thesis/VLMs/data/affectnet/human_annotated/validation_set/images/681.jpg
1711,/gpfs0/bgu-vilenchi/users/sdolev/Thesis/VLMs/data/affectnet/human_annotated/validation_set/images/1711.jpg,2,sad,0.0,sad,/gpfs0/bgu-vilenchi/users/sdolev/Thesis/VLMs/data/affectnet/human_annotated/validation_set/images/1711.jpg
5145,/gpfs0/bgu-vilenchi/users/sdolev/Thesis/VLMs/data/affectnet/human_annotated/validation_set/images/5145.jpg,4,fear,2.0,surprise,/gpfs0/bgu-vilenchi/users/sdolev/Thesis/VLMs/data/affectnet/human_annotated/validation_set/images/5145.jpg
979,/gpfs0/bgu-vilenchi/users/sdolev/Thesis/VLMs/data/affectnet/human_annotated/validation_set/images/979.jpg,0,neutral,0.0,neutral,/gpfs0/bgu-vilenchi/users/sdolev/Thesis/VLMs/data/affectnet/human_annotated/validation_set/images/979.jpg
4448,/gpfs0/bgu-vilenchi/users/sdolev/Thesis/VLMs/data/affectnet/human_annotated/validation_set/images/4448.jpg,4,fear,1.0,surprise,/gpfs0/bgu-vilenchi/users/sdolev/Thesis/VLMs/data/affectnet/human_annotated/validation_set/images/4448.jpg
5451,/gpfs0/bgu-vilenchi/users/sdolev/Thesis/VLMs/data/affectnet/human_annotated/validation_set/images/5451.jpg,7,contempt,1.0,neutral,/gpfs0/bgu-vilenchi/users/sdolev/Thesis/VLMs/data/affectnet/human_annotated/validation_set/images/5451.jpg
2270,/gpfs0/bgu-vilenchi/users/sdolev/Thesis/VLMs/data/affectnet/human_annotated/validation_set/images/2270.jpg,3,surprise,2.0,sad,/gpfs0/bgu-vilenchi/users/sdolev/Thesis/VLMs/data/affectnet/human_annotated/validation_set/images/2270.jpg
4212,/gpfs0/bgu-vilenchi/users/sdolev/Thesis/VLMs/data/affectnet/human_annotated/validation_set/images/4212.jpg,0,neutral,1.0,happy,/gpfs0/bgu-vilenchi/users/sdolev/Thesis/VLMs/data/affectnet/human_annotated/validation_set/images/4212.jpg
2367,/gpfs0/bgu-vilenchi/users/sdolev/Thesis/VLMs/data/affectnet/human_annotated/validation_set/images/2367.jpg,6,angry,1.0,neutral,/gpfs0/bgu-vilenchi/users/sdolev/Thesis/VLMs/data/affectnet/human_annotated/validation_set/images/2367.jpg
1031,/gpfs0/bgu-vilenchi/users/sdolev/Thesis/VLMs/data/affectnet/human_annotated/validation_set/images/1031.jpg,7,contempt,1.0,neutral,/gpfs0/bgu-vilenchi/users/sdolev/Thesis/VLMs/data/affectnet/human_annotated/validation_set/images/1031.jpg
2673,/gpfs0/bgu-vilenchi/users/sdolev/Thesis/VLMs/data/affectnet/human_annotated/validation_set/images/2673.jpg,4,fear,2.0,neutral,/gpfs0/bgu-vilenchi/users/sdolev/Thesis/VLMs/data/affectnet/human_annotated/validation_set/images/2673.jpg
1128,/gpfs0/bgu-vilenchi/users/sdolev/Thesis/VLMs/data/affectnet/human_annotated/validation_set/images/1128.jpg,6,angry,1.0,surprise,/gpfs0/bgu-vilenchi/users/sdolev/Thesis/VLMs/data/affectnet/human_annotated/validation_set/images/1128.jpg
1434,/gpfs0/bgu-vilenchi/users/sdolev/Thesis/VLMs/data/affectnet/human_annotated/validation_set/images/1434.jpg,6,angry,2.0,neutral,/gpfs0/bgu-vilenchi/users/sdolev/Thesis/VLMs/data/affectnet/human_annotated/validation_set/images/1434.jpg
592,/gpfs0/bgu-vilenchi/users/sdolev/Thesis/VLMs/data/affectnet/human_annotated/validation_set/images/592.jpg,6,angry,1.0,neutral,/gpfs0/bgu-vilenchi/users/sdolev/Thesis/VLMs/data/affectnet/human_annotated/validation_set/images/592.jpg
2840,/gpfs0/bgu-vilenchi/users/sdolev/Thesis/VLMs/data/affectnet/human_annotated/validation_set/images/2840.jpg,2,sad,1.0,sad,/gpfs0/bgu-vilenchi/users/sdolev/Thesis/VLMs/data/affectnet/human_annotated/validation_set/images/2840.jpg
489,/gpfs0/bgu-vilenchi/users/sdolev/Thesis/VLMs/data/affectnet/human_annotated/validation_set/images/489.jpg,1,happy,0.0,happy,/gpfs0/bgu-vilenchi/users/sdolev/Thesis/VLMs/data/affectnet/human_annotated/validation_set/images/489.jpg
3093,/gpfs0/bgu-vilenchi/users/sdolev/Thesis/VLMs/data/affectnet/human_annotated/validation_set/images/3093.jpg,6,angry,0.0,angry,/gpfs0/bgu-vilenchi/users/sdolev/Thesis/VLMs/data/affectnet/human_annotated/validation_set/images/3093.jpg
1601,/gpfs0/bgu-vilenchi/users/sdolev/Thesis/VLMs/data/affectnet/human_annotated/validation_set/images/1601.jpg,3,surprise,1.0,surprise,/gpfs0/bgu-vilenchi/users/sdolev/Thesis/VLMs/data/affectnet/human_annotated/validation_set/images/1601.jpg
5035,/gpfs0/bgu-vilenchi/users/sdolev/Thesis/VLMs/data/affectnet/human_annotated/validation_set/images/5035.jpg,3,surprise,0.0,surprise,/gpfs0/bgu-vilenchi/users/sdolev/Thesis/VLMs/data/affectnet/human_annotated/validation_set/images/5035.jpg
5341,/gpfs0/bgu-vilenchi/users/sdolev/Thesis/VLMs/data/affectnet/human_annotated/validation_set/images/5341.jpg,4,fear,1.0,neutral,/gpfs0/bgu-vilenchi/users/sdolev/Thesis/VLMs/data/affectnet/human_annotated/validation_set/images/5341.jpg
3496,/gpfs0/bgu-vilenchi/users/sdolev/Thesis/VLMs/data/affectnet/human_annotated/validation_set/images/3496.jpg,6,angry,2.0,neutral,/gpfs0/bgu-vilenchi/users/sdolev/Thesis/VLMs/data/affectnet/human_annotated/validation_set/images/3496.jpg
2160,/gpfs0/bgu-vilenchi/users/sdolev/Thesis/VLMs/data/affectnet/human_annotated/validation_set/images/2160.jpg,0,neutral,1.0,neutral,/gpfs0/bgu-vilenchi/users/sdolev/Thesis/VLMs/data/affectnet/human_annotated/validation_set/images/2160.jpg
3260,/gpfs0/bgu-vilenchi/users/sdolev/Thesis/VLMs/data/affectnet/human_annotated/validation_set/images/3260.jpg,6,angry,2.0,surprise,/gpfs0/bgu-vilenchi/users/sdolev/Thesis/VLMs/data/affectnet/human_annotated/validation_set/images/3260.jpg
3899,/gpfs0/bgu-vilenchi/users/sdolev/Thesis/VLMs/data/affectnet/human_annotated/validation_set/images/3899.jpg,1,happy,0.0,happy,/gpfs0/bgu-vilenchi/users/sdolev/Thesis/VLMs/data/affectnet/human_annotated/validation_set/images/3899.jpg
5202,/gpfs0/bgu-vilenchi/users/sdolev/Thesis/VLMs/data/affectnet/human_annotated/validation_set/images/5202.jpg,6,angry,1.0,neutral,/gpfs0/bgu-vilenchi/users/sdolev/Thesis/VLMs/data/affectnet/human_annotated/validation_set/images/5202.jpg
1018,/gpfs0/bgu-vilenchi/users/sdolev/Thesis/VLMs/data/affectnet/human_annotated/validation_set/images/1018.jpg,5,disgust,1.0,surprise,/gpfs0/bgu-vilenchi/users/sdolev/Thesis/VLMs/data/affectnet/human_annotated/validation_set/images/1018.jpg
2021,/gpfs0/bgu-vilenchi/users/sdolev/Thesis/VLMs/data/affectnet/human_annotated/validation_set/images/2021.jpg,1,happy,0.0,happy,/gpfs0/bgu-vilenchi/users/sdolev/Thesis/VLMs/data/affectnet/human_annotated/validation_set/images/2021.jpg
3663,/gpfs0/bgu-vilenchi/users/sdolev/Thesis/VLMs/data/affectnet/human_annotated/validation_set/images/3663.jpg,0,neutral,1.0,neutral,/gpfs0/bgu-vilenchi/users/sdolev/Thesis/VLMs/data/affectnet/human_annotated/validation_set/images/3663.jpg
2424,/gpfs0/bgu-vilenchi/users/sdolev/Thesis/VLMs/data/affectnet/human_annotated/validation_set/images/2424.jpg,4,fear,0.0,surprise,/gpfs0/bgu-vilenchi/users/sdolev/Thesis/VLMs/data/affectnet/human_annotated/validation_set/images/2424.jpg
2827,/gpfs0/bgu-vilenchi/users/sdolev/Thesis/VLMs/data/affectnet/human_annotated/validation_set/images/2827.jpg,2,sad,0.0,sad,/gpfs0/bgu-vilenchi/users/sdolev/Thesis/VLMs/data/affectnet/human_annotated/validation_set/images/2827.jpg
902,/gpfs0/bgu-vilenchi/users/sdolev/Thesis/VLMs/data/affectnet/human_annotated/validation_set/images/902.jpg,5,disgust,2.0,neutral,/gpfs0/bgu-vilenchi/users/sdolev/Thesis/VLMs/data/affectnet/human_annotated/validation_set/images/902.jpg
3386,/gpfs0/bgu-vilenchi/users/sdolev/Thesis/VLMs/data/affectnet/human_annotated/validation_set/images/3386.jpg,4,fear,2.0,surprise,/gpfs0/bgu-vilenchi/users/sdolev/Thesis/VLMs/data/affectnet/human_annotated/validation_set/images/3386.jpg
5328,/gpfs0/bgu-vilenchi/users/sdolev/Thesis/VLMs/data/affectnet/human_annotated/validation_set/images/5328.jpg,0,neutral,0.0,neutral,/gpfs0/bgu-vilenchi/users/sdolev/Thesis/VLMs/data/affectnet/human_annotated/validation_set/images/5328.jpg
2147,/gpfs0/bgu-vilenchi/users/sdolev/Thesis/VLMs/data/affectnet/human_annotated/validation_set/images/2147.jpg,1,happy,0.0,happy,/gpfs0/bgu-vilenchi/users/sdolev/Thesis/VLMs/data/affectnet/human_annotated/validation_set/images/2147.jpg
3553,/gpfs0/bgu-vilenchi/users/sdolev/Thesis/VLMs/data/affectnet/human_annotated/validation_set/images/3553.jpg,3,surprise,0.0,neutral,/gpfs0/bgu-vilenchi/users/sdolev/Thesis/VLMs/data/affectnet/human_annotated/validation_set/images/3553.jpg
277,/gpfs0/bgu-vilenchi/users/sdolev/Thesis/VLMs/data/affectnet/human_annotated/validation_set/images/277.jpg,3,surprise,0.0,surprise,/gpfs0/bgu-vilenchi/users/sdolev/Thesis/VLMs/data/affectnet/human_annotated/validation_set/images/277.jpg
2314,/gpfs0/bgu-vilenchi/users/sdolev/Thesis/VLMs/data/affectnet/human_annotated/validation_set/images/2314.jpg,0,neutral,0.0,neutral,/gpfs0/bgu-vilenchi/users/sdolev/Thesis/VLMs/data/affectnet/human_annotated/validation_set/images/2314.jpg
412,/gpfs0/bgu-vilenchi/users/sdolev/Thesis/VLMs/data/affectnet/human_annotated/validation_set/images/412.jpg,6,angry,1.0,surprise,/gpfs0/bgu-vilenchi/users/sdolev/Thesis/VLMs/data/affectnet/human_annotated/validation_set/images/412.jpg
2717,/gpfs0/bgu-vilenchi/users/sdolev/Thesis/VLMs/data/affectnet/human_annotated/validation_set/images/2717.jpg,3,surprise,2.0,neutral,/gpfs0/bgu-vilenchi/users/sdolev/Thesis/VLMs/data/affectnet/human_annotated/validation_set/images/2717.jpg
3276,/gpfs0/bgu-vilenchi/users/sdolev/Thesis/VLMs/data/affectnet/human_annotated/validation_set/images/3276.jpg,0,neutral,0.0,neutral,/gpfs0/bgu-vilenchi/users/sdolev/Thesis/VLMs/data/affectnet/human_annotated/validation_set/images/3276.jpg
4376,/gpfs0/bgu-vilenchi/users/sdolev/Thesis/VLMs/data/affectnet/human_annotated/validation_set/images/4376.jpg,3,surprise,2.0,surprise,/gpfs0/bgu-vilenchi/users/sdolev/Thesis/VLMs/data/affectnet/human_annotated/validation_set/images/4376.jpg
3040,/gpfs0/bgu-vilenchi/users/sdolev/Thesis/VLMs/data/affectnet/human_annotated/validation_set/images/3040.jpg,6,angry,1.0,neutral,/gpfs0/bgu-vilenchi/users/sdolev/Thesis/VLMs/data/affectnet/human_annotated/validation_set/images/3040.jpg
3679,/gpfs0/bgu-vilenchi/users/sdolev/Thesis/VLMs/data/affectnet/human_annotated/validation_set/images/3679.jpg,4,fear,1.0,surprise,/gpfs0/bgu-vilenchi/users/sdolev/Thesis/VLMs/data/affectnet/human_annotated/validation_set/images/3679.jpg
1195,/gpfs0/bgu-vilenchi/users/sdolev/Thesis/VLMs/data/affectnet/human_annotated/validation_set/images/1195.jpg,7,contempt,1.0,neutral,/gpfs0/bgu-vilenchi/users/sdolev/Thesis/VLMs/data/affectnet/human_annotated/validation_set/images/1195.jpg
4682,/gpfs0/bgu-vilenchi/users/sdolev/Thesis/VLMs/data/affectnet/human_annotated/validation_set/images/4682.jpg,3,surprise,1.0,happy,/gpfs0/bgu-vilenchi/users/sdolev/Thesis/VLMs/data/affectnet/human_annotated/validation_set/images/4682.jpg
4779,/gpfs0/bgu-vilenchi/users/sdolev/Thesis/VLMs/data/affectnet/human_annotated/validation_set/images/4779.jpg,6,angry,0.0,neutral,/gpfs0/bgu-vilenchi/users/sdolev/Thesis/VLMs/data/affectnet/human_annotated/validation_set/images/4779.jpg
188,/gpfs0/bgu-vilenchi/users/sdolev/Thesis/VLMs/data/affectnet/human_annotated/validation_set/images/188.jpg,2,sad,1.0,neutral,/gpfs0/bgu-vilenchi/users/sdolev/Thesis/VLMs/data/affectnet/human_annotated/validation_set/images/188.jpg
3443,/gpfs0/bgu-vilenchi/users/sdolev/Thesis/VLMs/data/affectnet/human_annotated/validation_set/images/3443.jpg,7,contempt,0.0,happy,/gpfs0/bgu-vilenchi/users/sdolev/Thesis/VLMs/data/affectnet/human_annotated/validation_set/images/3443.jpg
1598,/gpfs0/bgu-vilenchi/users/sdolev/Thesis/VLMs/data/affectnet/human_annotated/validation_set/images/1598.jpg,4,fear,2.0,surprise,/gpfs0/bgu-vilenchi/users/sdolev/Thesis/VLMs/data/affectnet/human_annotated/validation_set/images/1598.jpg
589,/gpfs0/bgu-vilenchi/users/sdolev/Thesis/VLMs/data/affectnet/human_annotated/validation_set/images/589.jpg,1,happy,0.0,happy,/gpfs0/bgu-vilenchi/users/sdolev/Thesis/VLMs/data/affectnet/human_annotated/validation_set/images/589.jpg
2204,/gpfs0/bgu-vilenchi/users/sdolev/Thesis/VLMs/data/affectnet/human_annotated/validation_set/images/2204.jpg,0,neutral,0.0,neutral,/gpfs0/bgu-vilenchi/users/sdolev/Thesis/VLMs/data/affectnet/human_annotated/validation_set/images/2204.jpg
3846,/gpfs0/bgu-vilenchi/users/sdolev/Thesis/VLMs/data/affectnet/human_annotated/validation_set/images/3846.jpg,1,happy,0.0,happy,/gpfs0/bgu-vilenchi/users/sdolev/Thesis/VLMs/data/affectnet/human_annotated/validation_set/images/3846.jpg
724,/gpfs0/bgu-vilenchi/users/sdolev/Thesis/VLMs/data/affectnet/human_annotated/validation_set/images/724.jpg,3,surprise,2.0,neutral,/gpfs0/bgu-vilenchi/users/sdolev/Thesis/VLMs/data/affectnet/human_annotated/validation_set/images/724.jpg
4099,/gpfs0/bgu-vilenchi/users/sdolev/Thesis/VLMs/data/affectnet/human_annotated/validation_set/images/4099.jpg,6,angry,0.0,angry,/gpfs0/bgu-vilenchi/users/sdolev/Thesis/VLMs/data/affectnet/human_annotated/validation_set/images/4099.jpg
4266,/gpfs0/bgu-vilenchi/users/sdolev/Thesis/VLMs/data/affectnet/human_annotated/validation_set/images/4266.jpg,7,contempt,1.0,neutral,/gpfs0/bgu-vilenchi/users/sdolev/Thesis/VLMs/data/affectnet/human_annotated/validation_set/images/4266.jpg
1085,/gpfs0/bgu-vilenchi/users/sdolev/Thesis/VLMs/data/affectnet/human_annotated/validation_set/images/1085.jpg,1,happy,0.0,happy,/gpfs0/bgu-vilenchi/users/sdolev/Thesis/VLMs/data/affectnet/human_annotated/validation_set/images/1085.jpg
4572,/gpfs0/bgu-vilenchi/users/sdolev/Thesis/VLMs/data/affectnet/human_annotated/validation_set/images/4572.jpg,4,fear,1.0,neutral,/gpfs0/bgu-vilenchi/users/sdolev/Thesis/VLMs/data/affectnet/human_annotated/validation_set/images/4572.jpg
3027,/gpfs0/bgu-vilenchi/users/sdolev/Thesis/VLMs/data/affectnet/human_annotated/validation_set/images/3027.jpg,1,happy,0.0,happy,/gpfs0/bgu-vilenchi/users/sdolev/Thesis/VLMs/data/affectnet/human_annotated/validation_set/images/3027.jpg
200,/gpfs0/bgu-vilenchi/users/sdolev/Thesis/VLMs/data/affectnet/human_annotated/validation_set/images/200.jpg,2,sad,1.0,neutral,/gpfs0/bgu-vilenchi/users/sdolev/Thesis/VLMs/data/affectnet/human_annotated/validation_set/images/200.jpg
1488,/gpfs0/bgu-vilenchi/users/sdolev/Thesis/VLMs/data/affectnet/human_annotated/validation_set/images/1488.jpg,1,happy,0.0,happy,/gpfs0/bgu-vilenchi/users/sdolev/Thesis/VLMs/data/affectnet/human_annotated/validation_set/images/1488.jpg
4975,/gpfs0/bgu-vilenchi/users/sdolev/Thesis/VLMs/data/affectnet/human_annotated/validation_set/images/4975.jpg,4,fear,0.0,surprise,/gpfs0/bgu-vilenchi/users/sdolev/Thesis/VLMs/data/affectnet/human_annotated/validation_set/images/4975.jpg
2491,/gpfs0/bgu-vilenchi/users/sdolev/Thesis/VLMs/data/affectnet/human_annotated/validation_set/images/2491.jpg,5,disgust,2.0,neutral,/gpfs0/bgu-vilenchi/users/sdolev/Thesis/VLMs/data/affectnet/human_annotated/validation_set/images/2491.jpg
1794,/gpfs0/bgu-vilenchi/users/sdolev/Thesis/VLMs/data/affectnet/human_annotated/validation_set/images/1794.jpg,4,fear,2.0,neutral,/gpfs0/bgu-vilenchi/users/sdolev/Thesis/VLMs/data/affectnet/human_annotated/validation_set/images/1794.jpg
1252,/gpfs0/bgu-vilenchi/users/sdolev/Thesis/VLMs/data/affectnet/human_annotated/validation_set/images/1252.jpg,7,contempt,1.0,neutral,/gpfs0/bgu-vilenchi/users/sdolev/Thesis/VLMs/data/affectnet/human_annotated/validation_set/images/1252.jpg
2894,/gpfs0/bgu-vilenchi/users/sdolev/Thesis/VLMs/data/affectnet/human_annotated/validation_set/images/2894.jpg,6,angry,0.0,surprise,/gpfs0/bgu-vilenchi/users/sdolev/Thesis/VLMs/data/affectnet/human_annotated/validation_set/images/2894.jpg
4836,/gpfs0/bgu-vilenchi/users/sdolev/Thesis/VLMs/data/affectnet/human_annotated/validation_set/images/4836.jpg,1,happy,0.0,happy,/gpfs0/bgu-vilenchi/users/sdolev/Thesis/VLMs/data/affectnet/human_annotated/validation_set/images/4836.jpg
3500,/gpfs0/bgu-vilenchi/users/sdolev/Thesis/VLMs/data/affectnet/human_annotated/validation_set/images/3500.jpg,1,happy,0.0,happy,/gpfs0/bgu-vilenchi/users/sdolev/Thesis/VLMs/data/affectnet/human_annotated/validation_set/images/3500.jpg
1655,/gpfs0/bgu-vilenchi/users/sdolev/Thesis/VLMs/data/affectnet/human_annotated/validation_set/images/1655.jpg,0,neutral,0.0,surprise,/gpfs0/bgu-vilenchi/users/sdolev/Thesis/VLMs/data/affectnet/human_annotated/validation_set/images/1655.jpg
1961,/gpfs0/bgu-vilenchi/users/sdolev/Thesis/VLMs/data/affectnet/human_annotated/validation_set/images/1961.jpg,6,angry,0.0,surprise,/gpfs0/bgu-vilenchi/users/sdolev/Thesis/VLMs/data/affectnet/human_annotated/validation_set/images/1961.jpg
1822,/gpfs0/bgu-vilenchi/users/sdolev/Thesis/VLMs/data/affectnet/human_annotated/validation_set/images/1822.jpg,5,disgust,1.0,sad,/gpfs0/bgu-vilenchi/users/sdolev/Thesis/VLMs/data/affectnet/human_annotated/validation_set/images/1822.jpg
4323,/gpfs0/bgu-vilenchi/users/sdolev/Thesis/VLMs/data/affectnet/human_annotated/validation_set/images/4323.jpg,1,happy,2.0,neutral,/gpfs0/bgu-vilenchi/users/sdolev/Thesis/VLMs/data/affectnet/human_annotated/validation_set/images/4323.jpg
2784,/gpfs0/bgu-vilenchi/users/sdolev/Thesis/VLMs/data/affectnet/human_annotated/validation_set/images/2784.jpg,3,surprise,1.0,neutral,/gpfs0/bgu-vilenchi/users/sdolev/Thesis/VLMs/data/affectnet/human_annotated/validation_set/images/2784.jpg
947,/gpfs0/bgu-vilenchi/users/sdolev/Thesis/VLMs/data/affectnet/human_annotated/validation_set/images/947.jpg,0,neutral,2.0,neutral,/gpfs0/bgu-vilenchi/users/sdolev/Thesis/VLMs/data/affectnet/human_annotated/validation_set/images/947.jpg
1545,/gpfs0/bgu-vilenchi/users/sdolev/Thesis/VLMs/data/affectnet/human_annotated/validation_set/images/1545.jpg,1,happy,0.0,happy,/gpfs0/bgu-vilenchi/users/sdolev/Thesis/VLMs/data/affectnet/human_annotated/validation_set/images/1545.jpg
2951,/gpfs0/bgu-vilenchi/users/sdolev/Thesis/VLMs/data/affectnet/human_annotated/validation_set/images/2951.jpg,2,sad,0.0,sad,/gpfs0/bgu-vilenchi/users/sdolev/Thesis/VLMs/data/affectnet/human_annotated/validation_set/images/2951.jpg
4046,/gpfs0/bgu-vilenchi/users/sdolev/Thesis/VLMs/data/affectnet/human_annotated/validation_set/images/4046.jpg,2,sad,0.0,sad,/gpfs0/bgu-vilenchi/users/sdolev/Thesis/VLMs/data/affectnet/human_annotated/validation_set/images/4046.jpg
1712,/gpfs0/bgu-vilenchi/users/sdolev/Thesis/VLMs/data/affectnet/human_annotated/validation_set/images/1712.jpg,3,surprise,0.0,surprise,/gpfs0/bgu-vilenchi/users/sdolev/Thesis/VLMs/data/affectnet/human_annotated/validation_set/images/1712.jpg
5146,/gpfs0/bgu-vilenchi/users/sdolev/Thesis/VLMs/data/affectnet/human_annotated/validation_set/images/5146.jpg,4,fear,2.0,surprise,/gpfs0/bgu-vilenchi/users/sdolev/Thesis/VLMs/data/affectnet/human_annotated/validation_set/images/5146.jpg
423,/gpfs0/bgu-vilenchi/users/sdolev/Thesis/VLMs/data/affectnet/human_annotated/validation_set/images/423.jpg,6,angry,1.0,surprise,/gpfs0/bgu-vilenchi/users/sdolev/Thesis/VLMs/data/affectnet/human_annotated/validation_set/images/423.jpg
4449,/gpfs0/bgu-vilenchi/users/sdolev/Thesis/VLMs/data/affectnet/human_annotated/validation_set/images/4449.jpg,4,fear,1.0,surprise,/gpfs0/bgu-vilenchi/users/sdolev/Thesis/VLMs/data/affectnet/human_annotated/validation_set/images/4449.jpg
5452,/gpfs0/bgu-vilenchi/users/sdolev/Thesis/VLMs/data/affectnet/human_annotated/validation_set/images/5452.jpg,7,contempt,2.0,neutral,/gpfs0/bgu-vilenchi/users/sdolev/Thesis/VLMs/data/affectnet/human_annotated/validation_set/images/5452.jpg
2271,/gpfs0/bgu-vilenchi/users/sdolev/Thesis/VLMs/data/affectnet/human_annotated/validation_set/images/2271.jpg,1,happy,1.0,happy,/gpfs0/bgu-vilenchi/users/sdolev/Thesis/VLMs/data/affectnet/human_annotated/validation_set/images/2271.jpg
961,/gpfs0/bgu-vilenchi/users/sdolev/Thesis/VLMs/data/affectnet/human_annotated/validation_set/images/961.jpg,0,neutral,0.0,surprise,/gpfs0/bgu-vilenchi/users/sdolev/Thesis/VLMs/data/affectnet/human_annotated/validation_set/images/961.jpg
4213,/gpfs0/bgu-vilenchi/users/sdolev/Thesis/VLMs/data/affectnet/human_annotated/validation_set/images/4213.jpg,7,contempt,1.0,neutral,/gpfs0/bgu-vilenchi/users/sdolev/Thesis/VLMs/data/affectnet/human_annotated/validation_set/images/4213.jpg
2368,/gpfs0/bgu-vilenchi/users/sdolev/Thesis/VLMs/data/affectnet/human_annotated/validation_set/images/2368.jpg,2,sad,1.0,neutral,/gpfs0/bgu-vilenchi/users/sdolev/Thesis/VLMs/data/affectnet/human_annotated/validation_set/images/2368.jpg
1032,/gpfs0/bgu-vilenchi/users/sdolev/Thesis/VLMs/data/affectnet/human_annotated/validation_set/images/1032.jpg,0,neutral,0.0,neutral,/gpfs0/bgu-vilenchi/users/sdolev/Thesis/VLMs/data/affectnet/human_annotated/validation_set/images/1032.jpg
2674,/gpfs0/bgu-vilenchi/users/sdolev/Thesis/VLMs/data/affectnet/human_annotated/validation_set/images/2674.jpg,3,surprise,0.0,surprise,/gpfs0/bgu-vilenchi/users/sdolev/Thesis/VLMs/data/affectnet/human_annotated/validation_set/images/2674.jpg
4616,/gpfs0/bgu-vilenchi/users/sdolev/Thesis/VLMs/data/affectnet/human_annotated/validation_set/images/4616.jpg,3,surprise,1.0,surprise,/gpfs0/bgu-vilenchi/users/sdolev/Thesis/VLMs/data/affectnet/human_annotated/validation_set/images/4616.jpg
1435,/gpfs0/bgu-vilenchi/users/sdolev/Thesis/VLMs/data/affectnet/human_annotated/validation_set/images/1435.jpg,6,angry,2.0,neutral,/gpfs0/bgu-vilenchi/users/sdolev/Thesis/VLMs/data/affectnet/human_annotated/validation_set/images/1435.jpg
1838,/gpfs0/bgu-vilenchi/users/sdolev/Thesis/VLMs/data/affectnet/human_annotated/validation_set/images/1838.jpg,3,surprise,0.0,surprise,/gpfs0/bgu-vilenchi/users/sdolev/Thesis/VLMs/data/affectnet/human_annotated/validation_set/images/1838.jpg
2841,/gpfs0/bgu-vilenchi/users/sdolev/Thesis/VLMs/data/affectnet/human_annotated/validation_set/images/2841.jpg,7,contempt,1.0,happy,/gpfs0/bgu-vilenchi/users/sdolev/Thesis/VLMs/data/affectnet/human_annotated/validation_set/images/2841.jpg
3094,/gpfs0/bgu-vilenchi/users/sdolev/Thesis/VLMs/data/affectnet/human_annotated/validation_set/images/3094.jpg,5,disgust,0.0,happy,/gpfs0/bgu-vilenchi/users/sdolev/Thesis/VLMs/data/affectnet/human_annotated/validation_set/images/3094.jpg
1602,/gpfs0/bgu-vilenchi/users/sdolev/Thesis/VLMs/data/affectnet/human_annotated/validation_set/images/1602.jpg,7,contempt,1.0,happy,/gpfs0/bgu-vilenchi/users/sdolev/Thesis/VLMs/data/affectnet/human_annotated/validation_set/images/1602.jpg
334,/gpfs0/bgu-vilenchi/users/sdolev/Thesis/VLMs/data/affectnet/human_annotated/validation_set/images/334.jpg,7,contempt,1.0,happy,/gpfs0/bgu-vilenchi/users/sdolev/Thesis/VLMs/data/affectnet/human_annotated/validation_set/images/334.jpg
5036,/gpfs0/bgu-vilenchi/users/sdolev/Thesis/VLMs/data/affectnet/human_annotated/validation_set/images/5036.jpg,2,sad,1.0,neutral,/gpfs0/bgu-vilenchi/users/sdolev/Thesis/VLMs/data/affectnet/human_annotated/validation_set/images/5036.jpg
5342,/gpfs0/bgu-vilenchi/users/sdolev/Thesis/VLMs/data/affectnet/human_annotated/validation_set/images/5342.jpg,7,contempt,0.0,surprise,/gpfs0/bgu-vilenchi/users/sdolev/Thesis/VLMs/data/affectnet/human_annotated/validation_set/images/5342.jpg
3497,/gpfs0/bgu-vilenchi/users/sdolev/Thesis/VLMs/data/affectnet/human_annotated/validation_set/images/3497.jpg,5,disgust,1.0,neutral,/gpfs0/bgu-vilenchi/users/sdolev/Thesis/VLMs/data/affectnet/human_annotated/validation_set/images/3497.jpg
2258,/gpfs0/bgu-vilenchi/users/sdolev/Thesis/VLMs/data/affectnet/human_annotated/validation_set/images/2258.jpg,0,neutral,0.0,neutral,/gpfs0/bgu-vilenchi/users/sdolev/Thesis/VLMs/data/affectnet/human_annotated/validation_set/images/2258.jpg
3261,/gpfs0/bgu-vilenchi/users/sdolev/Thesis/VLMs/data/affectnet/human_annotated/validation_set/images/3261.jpg,4,fear,0.0,surprise,/gpfs0/bgu-vilenchi/users/sdolev/Thesis/VLMs/data/affectnet/human_annotated/validation_set/images/3261.jpg
5203,/gpfs0/bgu-vilenchi/users/sdolev/Thesis/VLMs/data/affectnet/human_annotated/validation_set/images/5203.jpg,7,contempt,1.0,happy,/gpfs0/bgu-vilenchi/users/sdolev/Thesis/VLMs/data/affectnet/human_annotated/validation_set/images/5203.jpg
1019,/gpfs0/bgu-vilenchi/users/sdolev/Thesis/VLMs/data/affectnet/human_annotated/validation_set/images/1019.jpg,0,neutral,0.0,neutral,/gpfs0/bgu-vilenchi/users/sdolev/Thesis/VLMs/data/affectnet/human_annotated/validation_set/images/1019.jpg
2022,/gpfs0/bgu-vilenchi/users/sdolev/Thesis/VLMs/data/affectnet/human_annotated/validation_set/images/2022.jpg,0,neutral,1.0,neutral,/gpfs0/bgu-vilenchi/users/sdolev/Thesis/VLMs/data/affectnet/human_annotated/validation_set/images/2022.jpg
3664,/gpfs0/bgu-vilenchi/users/sdolev/Thesis/VLMs/data/affectnet/human_annotated/validation_set/images/3664.jpg,5,disgust,0.0,angry,/gpfs0/bgu-vilenchi/users/sdolev/Thesis/VLMs/data/affectnet/human_annotated/validation_set/images/3664.jpg
2425,/gpfs0/bgu-vilenchi/users/sdolev/Thesis/VLMs/data/affectnet/human_annotated/validation_set/images/2425.jpg,4,fear,1.0,surprise,/gpfs0/bgu-vilenchi/users/sdolev/Thesis/VLMs/data/affectnet/human_annotated/validation_set/images/2425.jpg
2731,/gpfs0/bgu-vilenchi/users/sdolev/Thesis/VLMs/data/affectnet/human_annotated/validation_set/images/2731.jpg,6,angry,0.0,angry,/gpfs0/bgu-vilenchi/users/sdolev/Thesis/VLMs/data/affectnet/human_annotated/validation_set/images/2731.jpg
2828,/gpfs0/bgu-vilenchi/users/sdolev/Thesis/VLMs/data/affectnet/human_annotated/validation_set/images/2828.jpg,7,contempt,1.0,happy,/gpfs0/bgu-vilenchi/users/sdolev/Thesis/VLMs/data/affectnet/human_annotated/validation_set/images/2828.jpg
646,/gpfs0/bgu-vilenchi/users/sdolev/Thesis/VLMs/data/affectnet/human_annotated/validation_set/images/646.jpg,1,happy,1.0,neutral,/gpfs0/bgu-vilenchi/users/sdolev/Thesis/VLMs/data/affectnet/human_annotated/validation_set/images/646.jpg
3387,/gpfs0/bgu-vilenchi/users/sdolev/Thesis/VLMs/data/affectnet/human_annotated/validation_set/images/3387.jpg,7,contempt,1.0,happy,/gpfs0/bgu-vilenchi/users/sdolev/Thesis/VLMs/data/affectnet/human_annotated/validation_set/images/3387.jpg
4390,/gpfs0/bgu-vilenchi/users/sdolev/Thesis/VLMs/data/affectnet/human_annotated/validation_set/images/4390.jpg,4,fear,1.0,surprise,/gpfs0/bgu-vilenchi/users/sdolev/Thesis/VLMs/data/affectnet/human_annotated/validation_set/images/4390.jpg
5329,/gpfs0/bgu-vilenchi/users/sdolev/Thesis/VLMs/data/affectnet/human_annotated/validation_set/images/5329.jpg,7,contempt,2.0,neutral,/gpfs0/bgu-vilenchi/users/sdolev/Thesis/VLMs/data/affectnet/human_annotated/validation_set/images/5329.jpg
4793,/gpfs0/bgu-vilenchi/users/sdolev/Thesis/VLMs/data/affectnet/human_annotated/validation_set/images/4793.jpg,7,contempt,1.0,neutral,/gpfs0/bgu-vilenchi/users/sdolev/Thesis/VLMs/data/affectnet/human_annotated/validation_set/images/4793.jpg
3554,/gpfs0/bgu-vilenchi/users/sdolev/Thesis/VLMs/data/affectnet/human_annotated/validation_set/images/3554.jpg,3,surprise,1.0,surprise,/gpfs0/bgu-vilenchi/users/sdolev/Thesis/VLMs/data/affectnet/human_annotated/validation_set/images/3554.jpg
3957,/gpfs0/bgu-vilenchi/users/sdolev/Thesis/VLMs/data/affectnet/human_annotated/validation_set/images/3957.jpg,0,neutral,0.0,neutral,/gpfs0/bgu-vilenchi/users/sdolev/Thesis/VLMs/data/affectnet/human_annotated/validation_set/images/3957.jpg
4960,/gpfs0/bgu-vilenchi/users/sdolev/Thesis/VLMs/data/affectnet/human_annotated/validation_set/images/4960.jpg,3,surprise,0.0,surprise,/gpfs0/bgu-vilenchi/users/sdolev/Thesis/VLMs/data/affectnet/human_annotated/validation_set/images/4960.jpg
660,/gpfs0/bgu-vilenchi/users/sdolev/Thesis/VLMs/data/affectnet/human_annotated/validation_set/images/660.jpg,1,happy,0.0,happy,/gpfs0/bgu-vilenchi/users/sdolev/Thesis/VLMs/data/affectnet/human_annotated/validation_set/images/660.jpg
2718,/gpfs0/bgu-vilenchi/users/sdolev/Thesis/VLMs/data/affectnet/human_annotated/validation_set/images/2718.jpg,2,sad,0.0,neutral,/gpfs0/bgu-vilenchi/users/sdolev/Thesis/VLMs/data/affectnet/human_annotated/validation_set/images/2718.jpg
3721,/gpfs0/bgu-vilenchi/users/sdolev/Thesis/VLMs/data/affectnet/human_annotated/validation_set/images/3721.jpg,3,surprise,0.0,surprise,/gpfs0/bgu-vilenchi/users/sdolev/Thesis/VLMs/data/affectnet/human_annotated/validation_set/images/3721.jpg
557,/gpfs0/bgu-vilenchi/users/sdolev/Thesis/VLMs/data/affectnet/human_annotated/validation_set/images/557.jpg,1,happy,1.0,neutral,/gpfs0/bgu-vilenchi/users/sdolev/Thesis/VLMs/data/affectnet/human_annotated/validation_set/images/557.jpg
958,/gpfs0/bgu-vilenchi/users/sdolev/Thesis/VLMs/data/affectnet/human_annotated/validation_set/images/958.jpg,3,surprise,1.0,neutral,/gpfs0/bgu-vilenchi/users/sdolev/Thesis/VLMs/data/affectnet/human_annotated/validation_set/images/958.jpg
3277,/gpfs0/bgu-vilenchi/users/sdolev/Thesis/VLMs/data/affectnet/human_annotated/validation_set/images/3277.jpg,7,contempt,2.0,happy,/gpfs0/bgu-vilenchi/users/sdolev/Thesis/VLMs/data/affectnet/human_annotated/validation_set/images/3277.jpg
4280,/gpfs0/bgu-vilenchi/users/sdolev/Thesis/VLMs/data/affectnet/human_annotated/validation_set/images/4280.jpg,0,neutral,1.0,neutral,/gpfs0/bgu-vilenchi/users/sdolev/Thesis/VLMs/data/affectnet/human_annotated/validation_set/images/4280.jpg
5219,/gpfs0/bgu-vilenchi/users/sdolev/Thesis/VLMs/data/affectnet/human_annotated/validation_set/images/5219.jpg,6,angry,0.0,angry,/gpfs0/bgu-vilenchi/users/sdolev/Thesis/VLMs/data/affectnet/human_annotated/validation_set/images/5219.jpg
4377,/gpfs0/bgu-vilenchi/users/sdolev/Thesis/VLMs/data/affectnet/human_annotated/validation_set/images/4377.jpg,4,fear,1.0,surprise,/gpfs0/bgu-vilenchi/users/sdolev/Thesis/VLMs/data/affectnet/human_annotated/validation_set/images/4377.jpg
4683,/gpfs0/bgu-vilenchi/users/sdolev/Thesis/VLMs/data/affectnet/human_annotated/validation_set/images/4683.jpg,7,contempt,1.0,happy,/gpfs0/bgu-vilenchi/users/sdolev/Thesis/VLMs/data/affectnet/human_annotated/validation_set/images/4683.jpg
3138,/gpfs0/bgu-vilenchi/users/sdolev/Thesis/VLMs/data/affectnet/human_annotated/validation_set/images/3138.jpg,6,angry,0.0,angry,/gpfs0/bgu-vilenchi/users/sdolev/Thesis/VLMs/data/affectnet/human_annotated/validation_set/images/3138.jpg
1599,/gpfs0/bgu-vilenchi/users/sdolev/Thesis/VLMs/data/affectnet/human_annotated/validation_set/images/1599.jpg,2,sad,1.0,surprise,/gpfs0/bgu-vilenchi/users/sdolev/Thesis/VLMs/data/affectnet/human_annotated/validation_set/images/1599.jpg
3847,/gpfs0/bgu-vilenchi/users/sdolev/Thesis/VLMs/data/affectnet/human_annotated/validation_set/images/3847.jpg,6,angry,1.0,happy,/gpfs0/bgu-vilenchi/users/sdolev/Thesis/VLMs/data/affectnet/human_annotated/validation_set/images/3847.jpg
571,/gpfs0/bgu-vilenchi/users/sdolev/Thesis/VLMs/data/affectnet/human_annotated/validation_set/images/571.jpg,1,happy,0.0,happy,/gpfs0/bgu-vilenchi/users/sdolev/Thesis/VLMs/data/affectnet/human_annotated/validation_set/images/571.jpg
468,/gpfs0/bgu-vilenchi/users/sdolev/Thesis/VLMs/data/affectnet/human_annotated/validation_set/images/468.jpg,5,disgust,2.0,happy,/gpfs0/bgu-vilenchi/users/sdolev/Thesis/VLMs/data/affectnet/human_annotated/validation_set/images/468.jpg
2608,/gpfs0/bgu-vilenchi/users/sdolev/Thesis/VLMs/data/affectnet/human_annotated/validation_set/images/2608.jpg,6,angry,1.0,angry,/gpfs0/bgu-vilenchi/users/sdolev/Thesis/VLMs/data/affectnet/human_annotated/validation_set/images/2608.jpg
869,/gpfs0/bgu-vilenchi/users/sdolev/Thesis/VLMs/data/affectnet/human_annotated/validation_set/images/869.jpg,7,contempt,2.0,neutral,/gpfs0/bgu-vilenchi/users/sdolev/Thesis/VLMs/data/affectnet/human_annotated/validation_set/images/869.jpg
4170,/gpfs0/bgu-vilenchi/users/sdolev/Thesis/VLMs/data/affectnet/human_annotated/validation_set/images/4170.jpg,5,disgust,1.0,surprise,/gpfs0/bgu-vilenchi/users/sdolev/Thesis/VLMs/data/affectnet/human_annotated/validation_set/images/4170.jpg
4267,/gpfs0/bgu-vilenchi/users/sdolev/Thesis/VLMs/data/affectnet/human_annotated/validation_set/images/4267.jpg,2,sad,1.0,sad,/gpfs0/bgu-vilenchi/users/sdolev/Thesis/VLMs/data/affectnet/human_annotated/validation_set/images/4267.jpg
5270,/gpfs0/bgu-vilenchi/users/sdolev/Thesis/VLMs/data/affectnet/human_annotated/validation_set/images/5270.jpg,3,surprise,2.0,surprise,/gpfs0/bgu-vilenchi/users/sdolev/Thesis/VLMs/data/affectnet/human_annotated/validation_set/images/5270.jpg
1086,/gpfs0/bgu-vilenchi/users/sdolev/Thesis/VLMs/data/affectnet/human_annotated/validation_set/images/1086.jpg,1,happy,0.0,happy,/gpfs0/bgu-vilenchi/users/sdolev/Thesis/VLMs/data/affectnet/human_annotated/validation_set/images/1086.jpg
4573,/gpfs0/bgu-vilenchi/users/sdolev/Thesis/VLMs/data/affectnet/human_annotated/validation_set/images/4573.jpg,0,neutral,0.0,neutral,/gpfs0/bgu-vilenchi/users/sdolev/Thesis/VLMs/data/affectnet/human_annotated/validation_set/images/4573.jpg
3028,/gpfs0/bgu-vilenchi/users/sdolev/Thesis/VLMs/data/affectnet/human_annotated/validation_set/images/3028.jpg,0,neutral,0.0,neutral,/gpfs0/bgu-vilenchi/users/sdolev/Thesis/VLMs/data/affectnet/human_annotated/validation_set/images/3028.jpg
4031,/gpfs0/bgu-vilenchi/users/sdolev/Thesis/VLMs/data/affectnet/human_annotated/validation_set/images/4031.jpg,2,sad,0.0,sad,/gpfs0/bgu-vilenchi/users/sdolev/Thesis/VLMs/data/affectnet/human_annotated/validation_set/images/4031.jpg
4976,/gpfs0/bgu-vilenchi/users/sdolev/Thesis/VLMs/data/affectnet/human_annotated/validation_set/images/4976.jpg,4,fear,1.0,surprise,/gpfs0/bgu-vilenchi/users/sdolev/Thesis/VLMs/data/affectnet/human_annotated/validation_set/images/4976.jpg
2492,/gpfs0/bgu-vilenchi/users/sdolev/Thesis/VLMs/data/affectnet/human_annotated/validation_set/images/2492.jpg,1,happy,0.0,happy,/gpfs0/bgu-vilenchi/users/sdolev/Thesis/VLMs/data/affectnet/human_annotated/validation_set/images/2492.jpg
1795,/gpfs0/bgu-vilenchi/users/sdolev/Thesis/VLMs/data/affectnet/human_annotated/validation_set/images/1795.jpg,5,disgust,1.0,angry,/gpfs0/bgu-vilenchi/users/sdolev/Thesis/VLMs/data/affectnet/human_annotated/validation_set/images/1795.jpg
4434,/gpfs0/bgu-vilenchi/users/sdolev/Thesis/VLMs/data/affectnet/human_annotated/validation_set/images/4434.jpg,0,neutral,0.0,neutral,/gpfs0/bgu-vilenchi/users/sdolev/Thesis/VLMs/data/affectnet/human_annotated/validation_set/images/4434.jpg
1253,/gpfs0/bgu-vilenchi/users/sdolev/Thesis/VLMs/data/affectnet/human_annotated/validation_set/images/1253.jpg,5,disgust,2.0,neutral,/gpfs0/bgu-vilenchi/users/sdolev/Thesis/VLMs/data/affectnet/human_annotated/validation_set/images/1253.jpg
379,/gpfs0/bgu-vilenchi/users/sdolev/Thesis/VLMs/data/affectnet/human_annotated/validation_set/images/379.jpg,2,sad,2.0,surprise,/gpfs0/bgu-vilenchi/users/sdolev/Thesis/VLMs/data/affectnet/human_annotated/validation_set/images/379.jpg
2895,/gpfs0/bgu-vilenchi/users/sdolev/Thesis/VLMs/data/affectnet/human_annotated/validation_set/images/2895.jpg,7,contempt,1.0,neutral,/gpfs0/bgu-vilenchi/users/sdolev/Thesis/VLMs/data/affectnet/human_annotated/validation_set/images/2895.jpg
883,/gpfs0/bgu-vilenchi/users/sdolev/Thesis/VLMs/data/affectnet/human_annotated/validation_set/images/883.jpg,2,sad,2.0,neutral,/gpfs0/bgu-vilenchi/users/sdolev/Thesis/VLMs/data/affectnet/human_annotated/validation_set/images/883.jpg
4837,/gpfs0/bgu-vilenchi/users/sdolev/Thesis/VLMs/data/affectnet/human_annotated/validation_set/images/4837.jpg,7,contempt,1.0,neutral,/gpfs0/bgu-vilenchi/users/sdolev/Thesis/VLMs/data/affectnet/human_annotated/validation_set/images/4837.jpg
3501,/gpfs0/bgu-vilenchi/users/sdolev/Thesis/VLMs/data/affectnet/human_annotated/validation_set/images/3501.jpg,4,fear,0.0,surprise,/gpfs0/bgu-vilenchi/users/sdolev/Thesis/VLMs/data/affectnet/human_annotated/validation_set/images/3501.jpg
1656,/gpfs0/bgu-vilenchi/users/sdolev/Thesis/VLMs/data/affectnet/human_annotated/validation_set/images/1656.jpg,6,angry,0.0,disgust,/gpfs0/bgu-vilenchi/users/sdolev/Thesis/VLMs/data/affectnet/human_annotated/validation_set/images/1656.jpg
1962,/gpfs0/bgu-vilenchi/users/sdolev/Thesis/VLMs/data/affectnet/human_annotated/validation_set/images/1962.jpg,7,contempt,1.0,happy,/gpfs0/bgu-vilenchi/users/sdolev/Thesis/VLMs/data/affectnet/human_annotated/validation_set/images/1962.jpg
5396,/gpfs0/bgu-vilenchi/users/sdolev/Thesis/VLMs/data/affectnet/human_annotated/validation_set/images/5396.jpg,2,sad,1.0,sad,/gpfs0/bgu-vilenchi/users/sdolev/Thesis/VLMs/data/affectnet/human_annotated/validation_set/images/5396.jpg
3904,/gpfs0/bgu-vilenchi/users/sdolev/Thesis/VLMs/data/affectnet/human_annotated/validation_set/images/3904.jpg,6,angry,2.0,happy,/gpfs0/bgu-vilenchi/users/sdolev/Thesis/VLMs/data/affectnet/human_annotated/validation_set/images/3904.jpg
1420,/gpfs0/bgu-vilenchi/users/sdolev/Thesis/VLMs/data/affectnet/human_annotated/validation_set/images/1420.jpg,6,angry,2.0,surprise,/gpfs0/bgu-vilenchi/users/sdolev/Thesis/VLMs/data/affectnet/human_annotated/validation_set/images/1420.jpg
2382,/gpfs0/bgu-vilenchi/users/sdolev/Thesis/VLMs/data/affectnet/human_annotated/validation_set/images/2382.jpg,6,angry,1.0,neutral,/gpfs0/bgu-vilenchi/users/sdolev/Thesis/VLMs/data/affectnet/human_annotated/validation_set/images/2382.jpg
393,/gpfs0/bgu-vilenchi/users/sdolev/Thesis/VLMs/data/affectnet/human_annotated/validation_set/images/393.jpg,0,neutral,0.0,neutral,/gpfs0/bgu-vilenchi/users/sdolev/Thesis/VLMs/data/affectnet/human_annotated/validation_set/images/393.jpg
1143,/gpfs0/bgu-vilenchi/users/sdolev/Thesis/VLMs/data/affectnet/human_annotated/validation_set/images/1143.jpg,4,fear,0.0,surprise,/gpfs0/bgu-vilenchi/users/sdolev/Thesis/VLMs/data/affectnet/human_annotated/validation_set/images/1143.jpg
794,/gpfs0/bgu-vilenchi/users/sdolev/Thesis/VLMs/data/affectnet/human_annotated/validation_set/images/794.jpg,1,happy,2.0,happy,/gpfs0/bgu-vilenchi/users/sdolev/Thesis/VLMs/data/affectnet/human_annotated/validation_set/images/794.jpg
2785,/gpfs0/bgu-vilenchi/users/sdolev/Thesis/VLMs/data/affectnet/human_annotated/validation_set/images/2785.jpg,6,angry,1.0,happy,/gpfs0/bgu-vilenchi/users/sdolev/Thesis/VLMs/data/affectnet/human_annotated/validation_set/images/2785.jpg
4727,/gpfs0/bgu-vilenchi/users/sdolev/Thesis/VLMs/data/affectnet/human_annotated/validation_set/images/4727.jpg,5,disgust,1.0,neutral,/gpfs0/bgu-vilenchi/users/sdolev/Thesis/VLMs/data/affectnet/human_annotated/validation_set/images/4727.jpg
1546,/gpfs0/bgu-vilenchi/users/sdolev/Thesis/VLMs/data/affectnet/human_annotated/validation_set/images/1546.jpg,5,disgust,2.0,neutral,/gpfs0/bgu-vilenchi/users/sdolev/Thesis/VLMs/data/affectnet/human_annotated/validation_set/images/1546.jpg
5286,/gpfs0/bgu-vilenchi/users/sdolev/Thesis/VLMs/data/affectnet/human_annotated/validation_set/images/5286.jpg,7,contempt,2.0,happy,/gpfs0/bgu-vilenchi/users/sdolev/Thesis/VLMs/data/affectnet/human_annotated/validation_set/images/5286.jpg
1310,/gpfs0/bgu-vilenchi/users/sdolev/Thesis/VLMs/data/affectnet/human_annotated/validation_set/images/1310.jpg,0,neutral,0.0,neutral,/gpfs0/bgu-vilenchi/users/sdolev/Thesis/VLMs/data/affectnet/human_annotated/validation_set/images/1310.jpg
1949,/gpfs0/bgu-vilenchi/users/sdolev/Thesis/VLMs/data/affectnet/human_annotated/validation_set/images/1949.jpg,0,neutral,0.0,happy,/gpfs0/bgu-vilenchi/users/sdolev/Thesis/VLMs/data/affectnet/human_annotated/validation_set/images/1949.jpg
2952,/gpfs0/bgu-vilenchi/users/sdolev/Thesis/VLMs/data/affectnet/human_annotated/validation_set/images/2952.jpg,5,disgust,2.0,angry,/gpfs0/bgu-vilenchi/users/sdolev/Thesis/VLMs/data/affectnet/human_annotated/validation_set/images/2952.jpg
4047,/gpfs0/bgu-vilenchi/users/sdolev/Thesis/VLMs/data/affectnet/human_annotated/validation_set/images/4047.jpg,7,contempt,0.0,neutral,/gpfs0/bgu-vilenchi/users/sdolev/Thesis/VLMs/data/affectnet/human_annotated/validation_set/images/4047.jpg
5050,/gpfs0/bgu-vilenchi/users/sdolev/Thesis/VLMs/data/affectnet/human_annotated/validation_set/images/5050.jpg,6,angry,2.0,neutral,/gpfs0/bgu-vilenchi/users/sdolev/Thesis/VLMs/data/affectnet/human_annotated/validation_set/images/5050.jpg
1713,/gpfs0/bgu-vilenchi/users/sdolev/Thesis/VLMs/data/affectnet/human_annotated/validation_set/images/1713.jpg,5,disgust,1.0,neutral,/gpfs0/bgu-vilenchi/users/sdolev/Thesis/VLMs/data/affectnet/human_annotated/validation_set/images/1713.jpg
5147,/gpfs0/bgu-vilenchi/users/sdolev/Thesis/VLMs/data/affectnet/human_annotated/validation_set/images/5147.jpg,7,contempt,1.0,happy,/gpfs0/bgu-vilenchi/users/sdolev/Thesis/VLMs/data/affectnet/human_annotated/validation_set/images/5147.jpg
5453,/gpfs0/bgu-vilenchi/users/sdolev/Thesis/VLMs/data/affectnet/human_annotated/validation_set/images/5453.jpg,4,fear,2.0,neutral,/gpfs0/bgu-vilenchi/users/sdolev/Thesis/VLMs/data/affectnet/human_annotated/validation_set/images/5453.jpg
167,/gpfs0/bgu-vilenchi/users/sdolev/Thesis/VLMs/data/affectnet/human_annotated/validation_set/images/167.jpg,2,sad,0.0,neutral,/gpfs0/bgu-vilenchi/users/sdolev/Thesis/VLMs/data/affectnet/human_annotated/validation_set/images/167.jpg
1,/gpfs0/bgu-vilenchi/users/sdolev/Thesis/VLMs/data/affectnet/human_annotated/validation_set/images/1.jpg,0,neutral,0.0,neutral,/gpfs0/bgu-vilenchi/users/sdolev/Thesis/VLMs/data/affectnet/human_annotated/validation_set/images/1.jpg
2272,/gpfs0/bgu-vilenchi/users/sdolev/Thesis/VLMs/data/affectnet/human_annotated/validation_set/images/2272.jpg,2,sad,2.0,neutral,/gpfs0/bgu-vilenchi/users/sdolev/Thesis/VLMs/data/affectnet/human_annotated/validation_set/images/2272.jpg
4214,/gpfs0/bgu-vilenchi/users/sdolev/Thesis/VLMs/data/affectnet/human_annotated/validation_set/images/4214.jpg,6,angry,1.0,neutral,/gpfs0/bgu-vilenchi/users/sdolev/Thesis/VLMs/data/affectnet/human_annotated/validation_set/images/4214.jpg
2369,/gpfs0/bgu-vilenchi/users/sdolev/Thesis/VLMs/data/affectnet/human_annotated/validation_set/images/2369.jpg,5,disgust,1.0,surprise,/gpfs0/bgu-vilenchi/users/sdolev/Thesis/VLMs/data/affectnet/human_annotated/validation_set/images/2369.jpg
302,/gpfs0/bgu-vilenchi/users/sdolev/Thesis/VLMs/data/affectnet/human_annotated/validation_set/images/302.jpg,7,contempt,1.0,neutral,/gpfs0/bgu-vilenchi/users/sdolev/Thesis/VLMs/data/affectnet/human_annotated/validation_set/images/302.jpg
1033,/gpfs0/bgu-vilenchi/users/sdolev/Thesis/VLMs/data/affectnet/human_annotated/validation_set/images/1033.jpg,4,fear,2.0,neutral,/gpfs0/bgu-vilenchi/users/sdolev/Thesis/VLMs/data/affectnet/human_annotated/validation_set/images/1033.jpg
703,/gpfs0/bgu-vilenchi/users/sdolev/Thesis/VLMs/data/affectnet/human_annotated/validation_set/images/703.jpg,1,happy,0.0,happy,/gpfs0/bgu-vilenchi/users/sdolev/Thesis/VLMs/data/affectnet/human_annotated/validation_set/images/703.jpg
4617,/gpfs0/bgu-vilenchi/users/sdolev/Thesis/VLMs/data/affectnet/human_annotated/validation_set/images/4617.jpg,7,contempt,1.0,neutral,/gpfs0/bgu-vilenchi/users/sdolev/Thesis/VLMs/data/affectnet/human_annotated/validation_set/images/4617.jpg
1200,/gpfs0/bgu-vilenchi/users/sdolev/Thesis/VLMs/data/affectnet/human_annotated/validation_set/images/1200.jpg,0,neutral,0.0,neutral,/gpfs0/bgu-vilenchi/users/sdolev/Thesis/VLMs/data/affectnet/human_annotated/validation_set/images/1200.jpg
1839,/gpfs0/bgu-vilenchi/users/sdolev/Thesis/VLMs/data/affectnet/human_annotated/validation_set/images/1839.jpg,3,surprise,1.0,neutral,/gpfs0/bgu-vilenchi/users/sdolev/Thesis/VLMs/data/affectnet/human_annotated/validation_set/images/1839.jpg
2842,/gpfs0/bgu-vilenchi/users/sdolev/Thesis/VLMs/data/affectnet/human_annotated/validation_set/images/2842.jpg,0,neutral,0.0,neutral,/gpfs0/bgu-vilenchi/users/sdolev/Thesis/VLMs/data/affectnet/human_annotated/validation_set/images/2842.jpg
3095,/gpfs0/bgu-vilenchi/users/sdolev/Thesis/VLMs/data/affectnet/human_annotated/validation_set/images/3095.jpg,2,sad,2.0,sad,/gpfs0/bgu-vilenchi/users/sdolev/Thesis/VLMs/data/affectnet/human_annotated/validation_set/images/3095.jpg
1603,/gpfs0/bgu-vilenchi/users/sdolev/Thesis/VLMs/data/affectnet/human_annotated/validation_set/images/1603.jpg,1,happy,0.0,happy,/gpfs0/bgu-vilenchi/users/sdolev/Thesis/VLMs/data/affectnet/human_annotated/validation_set/images/1603.jpg
5343,/gpfs0/bgu-vilenchi/users/sdolev/Thesis/VLMs/data/affectnet/human_annotated/validation_set/images/5343.jpg,5,disgust,0.0,neutral,/gpfs0/bgu-vilenchi/users/sdolev/Thesis/VLMs/data/affectnet/human_annotated/validation_set/images/5343.jpg
2259,/gpfs0/bgu-vilenchi/users/sdolev/Thesis/VLMs/data/affectnet/human_annotated/validation_set/images/2259.jpg,3,surprise,2.0,surprise,/gpfs0/bgu-vilenchi/users/sdolev/Thesis/VLMs/data/affectnet/human_annotated/validation_set/images/2259.jpg
3262,/gpfs0/bgu-vilenchi/users/sdolev/Thesis/VLMs/data/affectnet/human_annotated/validation_set/images/3262.jpg,0,neutral,0.0,neutral,/gpfs0/bgu-vilenchi/users/sdolev/Thesis/VLMs/data/affectnet/human_annotated/validation_set/images/3262.jpg
614,/gpfs0/bgu-vilenchi/users/sdolev/Thesis/VLMs/data/affectnet/human_annotated/validation_set/images/614.jpg,1,happy,0.0,happy,/gpfs0/bgu-vilenchi/users/sdolev/Thesis/VLMs/data/affectnet/human_annotated/validation_set/images/614.jpg
2023,/gpfs0/bgu-vilenchi/users/sdolev/Thesis/VLMs/data/affectnet/human_annotated/validation_set/images/2023.jpg,0,neutral,0.0,neutral,/gpfs0/bgu-vilenchi/users/sdolev/Thesis/VLMs/data/affectnet/human_annotated/validation_set/images/2023.jpg
3665,/gpfs0/bgu-vilenchi/users/sdolev/Thesis/VLMs/data/affectnet/human_annotated/validation_set/images/3665.jpg,1,happy,1.0,neutral,/gpfs0/bgu-vilenchi/users/sdolev/Thesis/VLMs/data/affectnet/human_annotated/validation_set/images/3665.jpg
3971,/gpfs0/bgu-vilenchi/users/sdolev/Thesis/VLMs/data/affectnet/human_annotated/validation_set/images/3971.jpg,7,contempt,1.0,neutral,/gpfs0/bgu-vilenchi/users/sdolev/Thesis/VLMs/data/affectnet/human_annotated/validation_set/images/3971.jpg
2426,/gpfs0/bgu-vilenchi/users/sdolev/Thesis/VLMs/data/affectnet/human_annotated/validation_set/images/2426.jpg,4,fear,2.0,neutral,/gpfs0/bgu-vilenchi/users/sdolev/Thesis/VLMs/data/affectnet/human_annotated/validation_set/images/2426.jpg
2732,/gpfs0/bgu-vilenchi/users/sdolev/Thesis/VLMs/data/affectnet/human_annotated/validation_set/images/2732.jpg,1,happy,0.0,happy,/gpfs0/bgu-vilenchi/users/sdolev/Thesis/VLMs/data/affectnet/human_annotated/validation_set/images/2732.jpg
3388,/gpfs0/bgu-vilenchi/users/sdolev/Thesis/VLMs/data/affectnet/human_annotated/validation_set/images/3388.jpg,2,sad,0.0,sad,/gpfs0/bgu-vilenchi/users/sdolev/Thesis/VLMs/data/affectnet/human_annotated/validation_set/images/3388.jpg
2149,/gpfs0/bgu-vilenchi/users/sdolev/Thesis/VLMs/data/affectnet/human_annotated/validation_set/images/2149.jpg,6,angry,2.0,neutral,/gpfs0/bgu-vilenchi/users/sdolev/Thesis/VLMs/data/affectnet/human_annotated/validation_set/images/2149.jpg
3152,/gpfs0/bgu-vilenchi/users/sdolev/Thesis/VLMs/data/affectnet/human_annotated/validation_set/images/3152.jpg,6,angry,0.0,angry,/gpfs0/bgu-vilenchi/users/sdolev/Thesis/VLMs/data/affectnet/human_annotated/validation_set/images/3152.jpg
10,/gpfs0/bgu-vilenchi/users/sdolev/Thesis/VLMs/data/affectnet/human_annotated/validation_set/images/10.jpg,7,contempt,0.0,neutral,/gpfs0/bgu-vilenchi/users/sdolev/Thesis/VLMs/data/affectnet/human_annotated/validation_set/images/10.jpg
4794,/gpfs0/bgu-vilenchi/users/sdolev/Thesis/VLMs/data/affectnet/human_annotated/validation_set/images/4794.jpg,6,angry,0.0,angry,/gpfs0/bgu-vilenchi/users/sdolev/Thesis/VLMs/data/affectnet/human_annotated/validation_set/images/4794.jpg
926,/gpfs0/bgu-vilenchi/users/sdolev/Thesis/VLMs/data/affectnet/human_annotated/validation_set/images/926.jpg,4,fear,1.0,surprise,/gpfs0/bgu-vilenchi/users/sdolev/Thesis/VLMs/data/affectnet/human_annotated/validation_set/images/926.jpg
3555,/gpfs0/bgu-vilenchi/users/sdolev/Thesis/VLMs/data/affectnet/human_annotated/validation_set/images/3555.jpg,5,disgust,1.0,disgust,/gpfs0/bgu-vilenchi/users/sdolev/Thesis/VLMs/data/affectnet/human_annotated/validation_set/images/3555.jpg
2316,/gpfs0/bgu-vilenchi/users/sdolev/Thesis/VLMs/data/affectnet/human_annotated/validation_set/images/2316.jpg,2,sad,2.0,happy,/gpfs0/bgu-vilenchi/users/sdolev/Thesis/VLMs/data/affectnet/human_annotated/validation_set/images/2316.jpg
4961,/gpfs0/bgu-vilenchi/users/sdolev/Thesis/VLMs/data/affectnet/human_annotated/validation_set/images/4961.jpg,2,sad,0.0,sad,/gpfs0/bgu-vilenchi/users/sdolev/Thesis/VLMs/data/affectnet/human_annotated/validation_set/images/4961.jpg
1780,/gpfs0/bgu-vilenchi/users/sdolev/Thesis/VLMs/data/affectnet/human_annotated/validation_set/images/1780.jpg,4,fear,2.0,neutral,/gpfs0/bgu-vilenchi/users/sdolev/Thesis/VLMs/data/affectnet/human_annotated/validation_set/images/1780.jpg
2719,/gpfs0/bgu-vilenchi/users/sdolev/Thesis/VLMs/data/affectnet/human_annotated/validation_set/images/2719.jpg,0,neutral,0.0,neutral,/gpfs0/bgu-vilenchi/users/sdolev/Thesis/VLMs/data/affectnet/human_annotated/validation_set/images/2719.jpg
3722,/gpfs0/bgu-vilenchi/users/sdolev/Thesis/VLMs/data/affectnet/human_annotated/validation_set/images/3722.jpg,0,neutral,1.0,neutral,/gpfs0/bgu-vilenchi/users/sdolev/Thesis/VLMs/data/affectnet/human_annotated/validation_set/images/3722.jpg
402,/gpfs0/bgu-vilenchi/users/sdolev/Thesis/VLMs/data/affectnet/human_annotated/validation_set/images/402.jpg,2,sad,1.0,sad,/gpfs0/bgu-vilenchi/users/sdolev/Thesis/VLMs/data/affectnet/human_annotated/validation_set/images/402.jpg
3278,/gpfs0/bgu-vilenchi/users/sdolev/Thesis/VLMs/data/affectnet/human_annotated/validation_set/images/3278.jpg,4,fear,0.0,surprise,/gpfs0/bgu-vilenchi/users/sdolev/Thesis/VLMs/data/affectnet/human_annotated/validation_set/images/3278.jpg
4281,/gpfs0/bgu-vilenchi/users/sdolev/Thesis/VLMs/data/affectnet/human_annotated/validation_set/images/4281.jpg,7,contempt,1.0,happy,/gpfs0/bgu-vilenchi/users/sdolev/Thesis/VLMs/data/affectnet/human_annotated/validation_set/images/4281.jpg
940,/gpfs0/bgu-vilenchi/users/sdolev/Thesis/VLMs/data/affectnet/human_annotated/validation_set/images/940.jpg,6,angry,0.0,angry,/gpfs0/bgu-vilenchi/users/sdolev/Thesis/VLMs/data/affectnet/human_annotated/validation_set/images/940.jpg
3042,/gpfs0/bgu-vilenchi/users/sdolev/Thesis/VLMs/data/affectnet/human_annotated/validation_set/images/3042.jpg,2,sad,1.0,neutral,/gpfs0/bgu-vilenchi/users/sdolev/Thesis/VLMs/data/affectnet/human_annotated/validation_set/images/3042.jpg
837,/gpfs0/bgu-vilenchi/users/sdolev/Thesis/VLMs/data/affectnet/human_annotated/validation_set/images/837.jpg,5,disgust,2.0,surprise,/gpfs0/bgu-vilenchi/users/sdolev/Thesis/VLMs/data/affectnet/human_annotated/validation_set/images/837.jpg
1197,/gpfs0/bgu-vilenchi/users/sdolev/Thesis/VLMs/data/affectnet/human_annotated/validation_set/images/1197.jpg,1,happy,0.0,happy,/gpfs0/bgu-vilenchi/users/sdolev/Thesis/VLMs/data/affectnet/human_annotated/validation_set/images/1197.jpg
4684,/gpfs0/bgu-vilenchi/users/sdolev/Thesis/VLMs/data/affectnet/human_annotated/validation_set/images/4684.jpg,2,sad,0.0,sad,/gpfs0/bgu-vilenchi/users/sdolev/Thesis/VLMs/data/affectnet/human_annotated/validation_set/images/4684.jpg
3139,/gpfs0/bgu-vilenchi/users/sdolev/Thesis/VLMs/data/affectnet/human_annotated/validation_set/images/3139.jpg,1,happy,0.0,happy,/gpfs0/bgu-vilenchi/users/sdolev/Thesis/VLMs/data/affectnet/human_annotated/validation_set/images/3139.jpg
3445,/gpfs0/bgu-vilenchi/users/sdolev/Thesis/VLMs/data/affectnet/human_annotated/validation_set/images/3445.jpg,3,surprise,2.0,neutral,/gpfs0/bgu-vilenchi/users/sdolev/Thesis/VLMs/data/affectnet/human_annotated/validation_set/images/3445.jpg
41,/gpfs0/bgu-vilenchi/users/sdolev/Thesis/VLMs/data/affectnet/human_annotated/validation_set/images/41.jpg,7,contempt,1.0,neutral,/gpfs0/bgu-vilenchi/users/sdolev/Thesis/VLMs/data/affectnet/human_annotated/validation_set/images/41.jpg
2206,/gpfs0/bgu-vilenchi/users/sdolev/Thesis/VLMs/data/affectnet/human_annotated/validation_set/images/2206.jpg,2,sad,1.0,sad,/gpfs0/bgu-vilenchi/users/sdolev/Thesis/VLMs/data/affectnet/human_annotated/validation_set/images/2206.jpg
4851,/gpfs0/bgu-vilenchi/users/sdolev/Thesis/VLMs/data/affectnet/human_annotated/validation_set/images/4851.jpg,0,neutral,0.0,neutral,/gpfs0/bgu-vilenchi/users/sdolev/Thesis/VLMs/data/affectnet/human_annotated/validation_set/images/4851.jpg
1670,/gpfs0/bgu-vilenchi/users/sdolev/Thesis/VLMs/data/affectnet/human_annotated/validation_set/images/1670.jpg,5,disgust,2.0,neutral,/gpfs0/bgu-vilenchi/users/sdolev/Thesis/VLMs/data/affectnet/human_annotated/validation_set/images/1670.jpg
2609,/gpfs0/bgu-vilenchi/users/sdolev/Thesis/VLMs/data/affectnet/human_annotated/validation_set/images/2609.jpg,2,sad,1.0,neutral,/gpfs0/bgu-vilenchi/users/sdolev/Thesis/VLMs/data/affectnet/human_annotated/validation_set/images/2609.jpg
3612,/gpfs0/bgu-vilenchi/users/sdolev/Thesis/VLMs/data/affectnet/human_annotated/validation_set/images/3612.jpg,7,contempt,2.0,neutral,/gpfs0/bgu-vilenchi/users/sdolev/Thesis/VLMs/data/affectnet/human_annotated/validation_set/images/3612.jpg
313,/gpfs0/bgu-vilenchi/users/sdolev/Thesis/VLMs/data/affectnet/human_annotated/validation_set/images/313.jpg,2,sad,0.0,sad,/gpfs0/bgu-vilenchi/users/sdolev/Thesis/VLMs/data/affectnet/human_annotated/validation_set/images/313.jpg
3709,/gpfs0/bgu-vilenchi/users/sdolev/Thesis/VLMs/data/affectnet/human_annotated/validation_set/images/3709.jpg,6,angry,1.0,anger,/gpfs0/bgu-vilenchi/users/sdolev/Thesis/VLMs/data/affectnet/human_annotated/validation_set/images/3709.jpg
4171,/gpfs0/bgu-vilenchi/users/sdolev/Thesis/VLMs/data/affectnet/human_annotated/validation_set/images/4171.jpg,6,angry,0.0,angry,/gpfs0/bgu-vilenchi/users/sdolev/Thesis/VLMs/data/affectnet/human_annotated/validation_set/images/4171.jpg
64,/gpfs0/bgu-vilenchi/users/sdolev/Thesis/VLMs/data/affectnet/human_annotated/validation_set/images/64.jpg,5,disgust,2.0,neutral,/gpfs0/bgu-vilenchi/users/sdolev/Thesis/VLMs/data/affectnet/human_annotated/validation_set/images/64.jpg
851,/gpfs0/bgu-vilenchi/users/sdolev/Thesis/VLMs/data/affectnet/human_annotated/validation_set/images/851.jpg,1,happy,0.0,happy,/gpfs0/bgu-vilenchi/users/sdolev/Thesis/VLMs/data/affectnet/human_annotated/validation_set/images/851.jpg
4268,/gpfs0/bgu-vilenchi/users/sdolev/Thesis/VLMs/data/affectnet/human_annotated/validation_set/images/4268.jpg,5,disgust,2.0,happy,/gpfs0/bgu-vilenchi/users/sdolev/Thesis/VLMs/data/affectnet/human_annotated/validation_set/images/4268.jpg
5271,/gpfs0/bgu-vilenchi/users/sdolev/Thesis/VLMs/data/affectnet/human_annotated/validation_set/images/5271.jpg,0,neutral,0.0,neutral,/gpfs0/bgu-vilenchi/users/sdolev/Thesis/VLMs/data/affectnet/human_annotated/validation_set/images/5271.jpg
36,/gpfs0/bgu-vilenchi/users/sdolev/Thesis/VLMs/data/affectnet/human_annotated/validation_set/images/36.jpg,3,surprise,0.0,surprise,/gpfs0/bgu-vilenchi/users/sdolev/Thesis/VLMs/data/affectnet/human_annotated/validation_set/images/36.jpg
1087,/gpfs0/bgu-vilenchi/users/sdolev/Thesis/VLMs/data/affectnet/human_annotated/validation_set/images/1087.jpg,1,happy,0.0,happy,/gpfs0/bgu-vilenchi/users/sdolev/Thesis/VLMs/data/affectnet/human_annotated/validation_set/images/1087.jpg
2090,/gpfs0/bgu-vilenchi/users/sdolev/Thesis/VLMs/data/affectnet/human_annotated/validation_set/images/2090.jpg,6,angry,1.0,surprise,/gpfs0/bgu-vilenchi/users/sdolev/Thesis/VLMs/data/affectnet/human_annotated/validation_set/images/2090.jpg
4977,/gpfs0/bgu-vilenchi/users/sdolev/Thesis/VLMs/data/affectnet/human_annotated/validation_set/images/4977.jpg,7,contempt,1.0,neutral,/gpfs0/bgu-vilenchi/users/sdolev/Thesis/VLMs/data/affectnet/human_annotated/validation_set/images/4977.jpg
2493,/gpfs0/bgu-vilenchi/users/sdolev/Thesis/VLMs/data/affectnet/human_annotated/validation_set/images/2493.jpg,4,fear,1.0,surprise,/gpfs0/bgu-vilenchi/users/sdolev/Thesis/VLMs/data/affectnet/human_annotated/validation_set/images/2493.jpg
4435,/gpfs0/bgu-vilenchi/users/sdolev/Thesis/VLMs/data/affectnet/human_annotated/validation_set/images/4435.jpg,5,disgust,0.0,neutral,/gpfs0/bgu-vilenchi/users/sdolev/Thesis/VLMs/data/affectnet/human_annotated/validation_set/images/4435.jpg
4741,/gpfs0/bgu-vilenchi/users/sdolev/Thesis/VLMs/data/affectnet/human_annotated/validation_set/images/4741.jpg,7,contempt,1.0,neutral,/gpfs0/bgu-vilenchi/users/sdolev/Thesis/VLMs/data/affectnet/human_annotated/validation_set/images/4741.jpg
2896,/gpfs0/bgu-vilenchi/users/sdolev/Thesis/VLMs/data/affectnet/human_annotated/validation_set/images/2896.jpg,1,happy,0.0,happy,/gpfs0/bgu-vilenchi/users/sdolev/Thesis/VLMs/data/affectnet/human_annotated/validation_set/images/2896.jpg
1560,/gpfs0/bgu-vilenchi/users/sdolev/Thesis/VLMs/data/affectnet/human_annotated/validation_set/images/1560.jpg,0,neutral,0.0,neutral,/gpfs0/bgu-vilenchi/users/sdolev/Thesis/VLMs/data/affectnet/human_annotated/validation_set/images/1560.jpg
4838,/gpfs0/bgu-vilenchi/users/sdolev/Thesis/VLMs/data/affectnet/human_annotated/validation_set/images/4838.jpg,7,contempt,1.0,happy,/gpfs0/bgu-vilenchi/users/sdolev/Thesis/VLMs/data/affectnet/human_annotated/validation_set/images/4838.jpg
3502,/gpfs0/bgu-vilenchi/users/sdolev/Thesis/VLMs/data/affectnet/human_annotated/validation_set/images/3502.jpg,0,neutral,0.0,neutral,/gpfs0/bgu-vilenchi/users/sdolev/Thesis/VLMs/data/affectnet/human_annotated/validation_set/images/3502.jpg
1657,/gpfs0/bgu-vilenchi/users/sdolev/Thesis/VLMs/data/affectnet/human_annotated/validation_set/images/1657.jpg,4,fear,2.0,angry,/gpfs0/bgu-vilenchi/users/sdolev/Thesis/VLMs/data/affectnet/human_annotated/validation_set/images/1657.jpg
1963,/gpfs0/bgu-vilenchi/users/sdolev/Thesis/VLMs/data/affectnet/human_annotated/validation_set/images/1963.jpg,3,surprise,2.0,neutral,/gpfs0/bgu-vilenchi/users/sdolev/Thesis/VLMs/data/affectnet/human_annotated/validation_set/images/1963.jpg
625,/gpfs0/bgu-vilenchi/users/sdolev/Thesis/VLMs/data/affectnet/human_annotated/validation_set/images/625.jpg,3,surprise,1.0,surprise,/gpfs0/bgu-vilenchi/users/sdolev/Thesis/VLMs/data/affectnet/human_annotated/validation_set/images/625.jpg
4602,/gpfs0/bgu-vilenchi/users/sdolev/Thesis/VLMs/data/affectnet/human_annotated/validation_set/images/4602.jpg,4,fear,2.0,surprise,/gpfs0/bgu-vilenchi/users/sdolev/Thesis/VLMs/data/affectnet/human_annotated/validation_set/images/4602.jpg
5397,/gpfs0/bgu-vilenchi/users/sdolev/Thesis/VLMs/data/affectnet/human_annotated/validation_set/images/5397.jpg,7,contempt,0.0,surprise,/gpfs0/bgu-vilenchi/users/sdolev/Thesis/VLMs/data/affectnet/human_annotated/validation_set/images/5397.jpg
3905,/gpfs0/bgu-vilenchi/users/sdolev/Thesis/VLMs/data/affectnet/human_annotated/validation_set/images/3905.jpg,0,neutral,0.0,neutral,/gpfs0/bgu-vilenchi/users/sdolev/Thesis/VLMs/data/affectnet/human_annotated/validation_set/images/3905.jpg
1421,/gpfs0/bgu-vilenchi/users/sdolev/Thesis/VLMs/data/affectnet/human_annotated/validation_set/images/1421.jpg,2,sad,1.0,sad,/gpfs0/bgu-vilenchi/users/sdolev/Thesis/VLMs/data/affectnet/human_annotated/validation_set/images/1421.jpg
4158,/gpfs0/bgu-vilenchi/users/sdolev/Thesis/VLMs/data/affectnet/human_annotated/validation_set/images/4158.jpg,5,disgust,1.0,neutral,/gpfs0/bgu-vilenchi/users/sdolev/Thesis/VLMs/data/affectnet/human_annotated/validation_set/images/4158.jpg
1824,/gpfs0/bgu-vilenchi/users/sdolev/Thesis/VLMs/data/affectnet/human_annotated/validation_set/images/1824.jpg,1,happy,0.0,happy,/gpfs0/bgu-vilenchi/users/sdolev/Thesis/VLMs/data/affectnet/human_annotated/validation_set/images/1824.jpg
95,/gpfs0/bgu-vilenchi/users/sdolev/Thesis/VLMs/data/affectnet/human_annotated/validation_set/images/95.jpg,1,happy,0.0,happy,/gpfs0/bgu-vilenchi/users/sdolev/Thesis/VLMs/data/affectnet/human_annotated/validation_set/images/95.jpg
1144,/gpfs0/bgu-vilenchi/users/sdolev/Thesis/VLMs/data/affectnet/human_annotated/validation_set/images/1144.jpg,4,fear,2.0,neutral,/gpfs0/bgu-vilenchi/users/sdolev/Thesis/VLMs/data/affectnet/human_annotated/validation_set/images/1144.jpg
2786,/gpfs0/bgu-vilenchi/users/sdolev/Thesis/VLMs/data/affectnet/human_annotated/validation_set/images/2786.jpg,7,contempt,2.0,happy,/gpfs0/bgu-vilenchi/users/sdolev/Thesis/VLMs/data/affectnet/human_annotated/validation_set/images/2786.jpg
135,/gpfs0/bgu-vilenchi/users/sdolev/Thesis/VLMs/data/affectnet/human_annotated/validation_set/images/135.jpg,0,neutral,0.0,neutral,/gpfs0/bgu-vilenchi/users/sdolev/Thesis/VLMs/data/affectnet/human_annotated/validation_set/images/135.jpg
4728,/gpfs0/bgu-vilenchi/users/sdolev/Thesis/VLMs/data/affectnet/human_annotated/validation_set/images/4728.jpg,5,disgust,1.0,disgust,/gpfs0/bgu-vilenchi/users/sdolev/Thesis/VLMs/data/affectnet/human_annotated/validation_set/images/4728.jpg
1547,/gpfs0/bgu-vilenchi/users/sdolev/Thesis/VLMs/data/affectnet/human_annotated/validation_set/images/1547.jpg,2,sad,0.0,sad,/gpfs0/bgu-vilenchi/users/sdolev/Thesis/VLMs/data/affectnet/human_annotated/validation_set/images/1547.jpg
536,/gpfs0/bgu-vilenchi/users/sdolev/Thesis/VLMs/data/affectnet/human_annotated/validation_set/images/536.jpg,6,angry,0.0,neutral,/gpfs0/bgu-vilenchi/users/sdolev/Thesis/VLMs/data/affectnet/human_annotated/validation_set/images/536.jpg
5287,/gpfs0/bgu-vilenchi/users/sdolev/Thesis/VLMs/data/affectnet/human_annotated/validation_set/images/5287.jpg,1,happy,0.0,happy,/gpfs0/bgu-vilenchi/users/sdolev/Thesis/VLMs/data/affectnet/human_annotated/validation_set/images/5287.jpg
4048,/gpfs0/bgu-vilenchi/users/sdolev/Thesis/VLMs/data/affectnet/human_annotated/validation_set/images/4048.jpg,2,sad,1.0,neutral,/gpfs0/bgu-vilenchi/users/sdolev/Thesis/VLMs/data/affectnet/human_annotated/validation_set/images/4048.jpg
1714,/gpfs0/bgu-vilenchi/users/sdolev/Thesis/VLMs/data/affectnet/human_annotated/validation_set/images/1714.jpg,1,happy,0.0,happy,/gpfs0/bgu-vilenchi/users/sdolev/Thesis/VLMs/data/affectnet/human_annotated/validation_set/images/1714.jpg
5454,/gpfs0/bgu-vilenchi/users/sdolev/Thesis/VLMs/data/affectnet/human_annotated/validation_set/images/5454.jpg,1,happy,0.0,happy,/gpfs0/bgu-vilenchi/users/sdolev/Thesis/VLMs/data/affectnet/human_annotated/validation_set/images/5454.jpg
4215,/gpfs0/bgu-vilenchi/users/sdolev/Thesis/VLMs/data/affectnet/human_annotated/validation_set/images/4215.jpg,3,surprise,2.0,neutral,/gpfs0/bgu-vilenchi/users/sdolev/Thesis/VLMs/data/affectnet/human_annotated/validation_set/images/4215.jpg
1034,/gpfs0/bgu-vilenchi/users/sdolev/Thesis/VLMs/data/affectnet/human_annotated/validation_set/images/1034.jpg,2,sad,1.0,neutral,/gpfs0/bgu-vilenchi/users/sdolev/Thesis/VLMs/data/affectnet/human_annotated/validation_set/images/1034.jpg
550,/gpfs0/bgu-vilenchi/users/sdolev/Thesis/VLMs/data/affectnet/human_annotated/validation_set/images/550.jpg,3,surprise,1.0,surprise,/gpfs0/bgu-vilenchi/users/sdolev/Thesis/VLMs/data/affectnet/human_annotated/validation_set/images/550.jpg
447,/gpfs0/bgu-vilenchi/users/sdolev/Thesis/VLMs/data/affectnet/human_annotated/validation_set/images/447.jpg,4,fear,2.0,surprise,/gpfs0/bgu-vilenchi/users/sdolev/Thesis/VLMs/data/affectnet/human_annotated/validation_set/images/447.jpg
4618,/gpfs0/bgu-vilenchi/users/sdolev/Thesis/VLMs/data/affectnet/human_annotated/validation_set/images/4618.jpg,1,happy,0.0,happy,/gpfs0/bgu-vilenchi/users/sdolev/Thesis/VLMs/data/affectnet/human_annotated/validation_set/images/4618.jpg
1437,/gpfs0/bgu-vilenchi/users/sdolev/Thesis/VLMs/data/affectnet/human_annotated/validation_set/images/1437.jpg,1,happy,0.0,happy,/gpfs0/bgu-vilenchi/users/sdolev/Thesis/VLMs/data/affectnet/human_annotated/validation_set/images/1437.jpg
848,/gpfs0/bgu-vilenchi/users/sdolev/Thesis/VLMs/data/affectnet/human_annotated/validation_set/images/848.jpg,3,surprise,2.0,neutral,/gpfs0/bgu-vilenchi/users/sdolev/Thesis/VLMs/data/affectnet/human_annotated/validation_set/images/848.jpg
985,/gpfs0/bgu-vilenchi/users/sdolev/Thesis/VLMs/data/affectnet/human_annotated/validation_set/images/985.jpg,7,contempt,0.0,neutral,/gpfs0/bgu-vilenchi/users/sdolev/Thesis/VLMs/data/affectnet/human_annotated/validation_set/images/985.jpg
1201,/gpfs0/bgu-vilenchi/users/sdolev/Thesis/VLMs/data/affectnet/human_annotated/validation_set/images/1201.jpg,0,neutral,0.0,neutral,/gpfs0/bgu-vilenchi/users/sdolev/Thesis/VLMs/data/affectnet/human_annotated/validation_set/images/1201.jpg
2843,/gpfs0/bgu-vilenchi/users/sdolev/Thesis/VLMs/data/affectnet/human_annotated/validation_set/images/2843.jpg,1,happy,0.0,happy,/gpfs0/bgu-vilenchi/users/sdolev/Thesis/VLMs/data/affectnet/human_annotated/validation_set/images/2843.jpg
3096,/gpfs0/bgu-vilenchi/users/sdolev/Thesis/VLMs/data/affectnet/human_annotated/validation_set/images/3096.jpg,6,angry,1.0,neutral,/gpfs0/bgu-vilenchi/users/sdolev/Thesis/VLMs/data/affectnet/human_annotated/validation_set/images/3096.jpg
1604,/gpfs0/bgu-vilenchi/users/sdolev/Thesis/VLMs/data/affectnet/human_annotated/validation_set/images/1604.jpg,7,contempt,2.0,happy,/gpfs0/bgu-vilenchi/users/sdolev/Thesis/VLMs/data/affectnet/human_annotated/validation_set/images/1604.jpg
5038,/gpfs0/bgu-vilenchi/users/sdolev/Thesis/VLMs/data/affectnet/human_annotated/validation_set/images/5038.jpg,5,disgust,0.0,angry,/gpfs0/bgu-vilenchi/users/sdolev/Thesis/VLMs/data/affectnet/human_annotated/validation_set/images/5038.jpg
5344,/gpfs0/bgu-vilenchi/users/sdolev/Thesis/VLMs/data/affectnet/human_annotated/validation_set/images/5344.jpg,4,fear,0.0,surprise,/gpfs0/bgu-vilenchi/users/sdolev/Thesis/VLMs/data/affectnet/human_annotated/validation_set/images/5344.jpg
3499,/gpfs0/bgu-vilenchi/users/sdolev/Thesis/VLMs/data/affectnet/human_annotated/validation_set/images/3499.jpg,6,angry,2.0,neutral,/gpfs0/bgu-vilenchi/users/sdolev/Thesis/VLMs/data/affectnet/human_annotated/validation_set/images/3499.jpg
3263,/gpfs0/bgu-vilenchi/users/sdolev/Thesis/VLMs/data/affectnet/human_annotated/validation_set/images/3263.jpg,5,disgust,1.0,neutral,/gpfs0/bgu-vilenchi/users/sdolev/Thesis/VLMs/data/affectnet/human_annotated/validation_set/images/3263.jpg
358,/gpfs0/bgu-vilenchi/users/sdolev/Thesis/VLMs/data/affectnet/human_annotated/validation_set/images/358.jpg,2,sad,2.0,neutral,/gpfs0/bgu-vilenchi/users/sdolev/Thesis/VLMs/data/affectnet/human_annotated/validation_set/images/358.jpg
2024,/gpfs0/bgu-vilenchi/users/sdolev/Thesis/VLMs/data/affectnet/human_annotated/validation_set/images/2024.jpg,5,disgust,0.0,contempt,/gpfs0/bgu-vilenchi/users/sdolev/Thesis/VLMs/data/affectnet/human_annotated/validation_set/images/2024.jpg
3666,/gpfs0/bgu-vilenchi/users/sdolev/Thesis/VLMs/data/affectnet/human_annotated/validation_set/images/3666.jpg,1,happy,0.0,happy,/gpfs0/bgu-vilenchi/users/sdolev/Thesis/VLMs/data/affectnet/human_annotated/validation_set/images/3666.jpg
2330,/gpfs0/bgu-vilenchi/users/sdolev/Thesis/VLMs/data/affectnet/human_annotated/validation_set/images/2330.jpg,2,sad,1.0,neutral,/gpfs0/bgu-vilenchi/users/sdolev/Thesis/VLMs/data/affectnet/human_annotated/validation_set/images/2330.jpg
3972,/gpfs0/bgu-vilenchi/users/sdolev/Thesis/VLMs/data/affectnet/human_annotated/validation_set/images/3972.jpg,3,surprise,2.0,neutral,/gpfs0/bgu-vilenchi/users/sdolev/Thesis/VLMs/data/affectnet/human_annotated/validation_set/images/3972.jpg
2427,/gpfs0/bgu-vilenchi/users/sdolev/Thesis/VLMs/data/affectnet/human_annotated/validation_set/images/2427.jpg,0,neutral,2.0,neutral,/gpfs0/bgu-vilenchi/users/sdolev/Thesis/VLMs/data/affectnet/human_annotated/validation_set/images/2427.jpg
3389,/gpfs0/bgu-vilenchi/users/sdolev/Thesis/VLMs/data/affectnet/human_annotated/validation_set/images/3389.jpg,7,contempt,1.0,neutral,/gpfs0/bgu-vilenchi/users/sdolev/Thesis/VLMs/data/affectnet/human_annotated/validation_set/images/3389.jpg
372,/gpfs0/bgu-vilenchi/users/sdolev/Thesis/VLMs/data/affectnet/human_annotated/validation_set/images/372.jpg,5,disgust,0.0,surprise,/gpfs0/bgu-vilenchi/users/sdolev/Thesis/VLMs/data/affectnet/human_annotated/validation_set/images/372.jpg
269,/gpfs0/bgu-vilenchi/users/sdolev/Thesis/VLMs/data/affectnet/human_annotated/validation_set/images/269.jpg,3,surprise,0.0,surprise,/gpfs0/bgu-vilenchi/users/sdolev/Thesis/VLMs/data/affectnet/human_annotated/validation_set/images/269.jpg
3153,/gpfs0/bgu-vilenchi/users/sdolev/Thesis/VLMs/data/affectnet/human_annotated/validation_set/images/3153.jpg,5,disgust,2.0,neutral,/gpfs0/bgu-vilenchi/users/sdolev/Thesis/VLMs/data/affectnet/human_annotated/validation_set/images/3153.jpg
4795,/gpfs0/bgu-vilenchi/users/sdolev/Thesis/VLMs/data/affectnet/human_annotated/validation_set/images/4795.jpg,2,sad,1.0,neutral,/gpfs0/bgu-vilenchi/users/sdolev/Thesis/VLMs/data/affectnet/human_annotated/validation_set/images/4795.jpg
773,/gpfs0/bgu-vilenchi/users/sdolev/Thesis/VLMs/data/affectnet/human_annotated/validation_set/images/773.jpg,7,contempt,1.0,neutral,/gpfs0/bgu-vilenchi/users/sdolev/Thesis/VLMs/data/affectnet/human_annotated/validation_set/images/773.jpg
3556,/gpfs0/bgu-vilenchi/users/sdolev/Thesis/VLMs/data/affectnet/human_annotated/validation_set/images/3556.jpg,3,surprise,2.0,neutral,/gpfs0/bgu-vilenchi/users/sdolev/Thesis/VLMs/data/affectnet/human_annotated/validation_set/images/3556.jpg
2317,/gpfs0/bgu-vilenchi/users/sdolev/Thesis/VLMs/data/affectnet/human_annotated/validation_set/images/2317.jpg,3,surprise,0.0,surprise,/gpfs0/bgu-vilenchi/users/sdolev/Thesis/VLMs/data/affectnet/human_annotated/validation_set/images/2317.jpg
3320,/gpfs0/bgu-vilenchi/users/sdolev/Thesis/VLMs/data/affectnet/human_annotated/validation_set/images/3320.jpg,7,contempt,1.0,happy,/gpfs0/bgu-vilenchi/users/sdolev/Thesis/VLMs/data/affectnet/human_annotated/validation_set/images/3320.jpg
4962,/gpfs0/bgu-vilenchi/users/sdolev/Thesis/VLMs/data/affectnet/human_annotated/validation_set/images/4962.jpg,4,fear,1.0,fear,/gpfs0/bgu-vilenchi/users/sdolev/Thesis/VLMs/data/affectnet/human_annotated/validation_set/images/4962.jpg
3723,/gpfs0/bgu-vilenchi/users/sdolev/Thesis/VLMs/data/affectnet/human_annotated/validation_set/images/3723.jpg,2,sad,2.0,neutral,/gpfs0/bgu-vilenchi/users/sdolev/Thesis/VLMs/data/affectnet/human_annotated/validation_set/images/3723.jpg
3279,/gpfs0/bgu-vilenchi/users/sdolev/Thesis/VLMs/data/affectnet/human_annotated/validation_set/images/3279.jpg,6,angry,2.0,surprise,/gpfs0/bgu-vilenchi/users/sdolev/Thesis/VLMs/data/affectnet/human_annotated/validation_set/images/3279.jpg
4282,/gpfs0/bgu-vilenchi/users/sdolev/Thesis/VLMs/data/affectnet/human_annotated/validation_set/images/4282.jpg,6,angry,0.0,angry,/gpfs0/bgu-vilenchi/users/sdolev/Thesis/VLMs/data/affectnet/human_annotated/validation_set/images/4282.jpg
283,/gpfs0/bgu-vilenchi/users/sdolev/Thesis/VLMs/data/affectnet/human_annotated/validation_set/images/283.jpg,7,contempt,1.0,neutral,/gpfs0/bgu-vilenchi/users/sdolev/Thesis/VLMs/data/affectnet/human_annotated/validation_set/images/283.jpg
4379,/gpfs0/bgu-vilenchi/users/sdolev/Thesis/VLMs/data/affectnet/human_annotated/validation_set/images/4379.jpg,3,surprise,1.0,neutral,/gpfs0/bgu-vilenchi/users/sdolev/Thesis/VLMs/data/affectnet/human_annotated/validation_set/images/4379.jpg
684,/gpfs0/bgu-vilenchi/users/sdolev/Thesis/VLMs/data/affectnet/human_annotated/validation_set/images/684.jpg,1,happy,0.0,happy,/gpfs0/bgu-vilenchi/users/sdolev/Thesis/VLMs/data/affectnet/human_annotated/validation_set/images/684.jpg
3043,/gpfs0/bgu-vilenchi/users/sdolev/Thesis/VLMs/data/affectnet/human_annotated/validation_set/images/3043.jpg,3,surprise,0.0,surprise,/gpfs0/bgu-vilenchi/users/sdolev/Thesis/VLMs/data/affectnet/human_annotated/validation_set/images/3043.jpg
4685,/gpfs0/bgu-vilenchi/users/sdolev/Thesis/VLMs/data/affectnet/human_annotated/validation_set/images/4685.jpg,5,disgust,1.0,disgust,/gpfs0/bgu-vilenchi/users/sdolev/Thesis/VLMs/data/affectnet/human_annotated/validation_set/images/4685.jpg
3446,/gpfs0/bgu-vilenchi/users/sdolev/Thesis/VLMs/data/affectnet/human_annotated/validation_set/images/3446.jpg,1,happy,0.0,happy,/gpfs0/bgu-vilenchi/users/sdolev/Thesis/VLMs/data/affectnet/human_annotated/validation_set/images/3446.jpg
2207,/gpfs0/bgu-vilenchi/users/sdolev/Thesis/VLMs/data/affectnet/human_annotated/validation_set/images/2207.jpg,3,surprise,1.0,neutral,/gpfs0/bgu-vilenchi/users/sdolev/Thesis/VLMs/data/affectnet/human_annotated/validation_set/images/2207.jpg
3210,/gpfs0/bgu-vilenchi/users/sdolev/Thesis/VLMs/data/affectnet/human_annotated/validation_set/images/3210.jpg,4,fear,0.0,surprise,/gpfs0/bgu-vilenchi/users/sdolev/Thesis/VLMs/data/affectnet/human_annotated/validation_set/images/3210.jpg
1671,/gpfs0/bgu-vilenchi/users/sdolev/Thesis/VLMs/data/affectnet/human_annotated/validation_set/images/1671.jpg,1,happy,0.0,happy,/gpfs0/bgu-vilenchi/users/sdolev/Thesis/VLMs/data/affectnet/human_annotated/validation_set/images/1671.jpg
3307,/gpfs0/bgu-vilenchi/users/sdolev/Thesis/VLMs/data/affectnet/human_annotated/validation_set/images/3307.jpg,6,angry,0.0,neutral,/gpfs0/bgu-vilenchi/users/sdolev/Thesis/VLMs/data/affectnet/human_annotated/validation_set/images/3307.jpg
194,/gpfs0/bgu-vilenchi/users/sdolev/Thesis/VLMs/data/affectnet/human_annotated/validation_set/images/194.jpg,3,surprise,0.0,surprise,/gpfs0/bgu-vilenchi/users/sdolev/Thesis/VLMs/data/affectnet/human_annotated/validation_set/images/194.jpg
595,/gpfs0/bgu-vilenchi/users/sdolev/Thesis/VLMs/data/affectnet/human_annotated/validation_set/images/595.jpg,0,neutral,0.0,neutral,/gpfs0/bgu-vilenchi/users/sdolev/Thesis/VLMs/data/affectnet/human_annotated/validation_set/images/595.jpg
4269,/gpfs0/bgu-vilenchi/users/sdolev/Thesis/VLMs/data/affectnet/human_annotated/validation_set/images/4269.jpg,5,disgust,2.0,angry,/gpfs0/bgu-vilenchi/users/sdolev/Thesis/VLMs/data/affectnet/human_annotated/validation_set/images/4269.jpg
5272,/gpfs0/bgu-vilenchi/users/sdolev/Thesis/VLMs/data/affectnet/human_annotated/validation_set/images/5272.jpg,2,sad,2.0,happy,/gpfs0/bgu-vilenchi/users/sdolev/Thesis/VLMs/data/affectnet/human_annotated/validation_set/images/5272.jpg
1088,/gpfs0/bgu-vilenchi/users/sdolev/Thesis/VLMs/data/affectnet/human_annotated/validation_set/images/1088.jpg,2,sad,1.0,neutral,/gpfs0/bgu-vilenchi/users/sdolev/Thesis/VLMs/data/affectnet/human_annotated/validation_set/images/1088.jpg
4575,/gpfs0/bgu-vilenchi/users/sdolev/Thesis/VLMs/data/affectnet/human_annotated/validation_set/images/4575.jpg,1,happy,0.0,happy,/gpfs0/bgu-vilenchi/users/sdolev/Thesis/VLMs/data/affectnet/human_annotated/validation_set/images/4575.jpg
996,/gpfs0/bgu-vilenchi/users/sdolev/Thesis/VLMs/data/affectnet/human_annotated/validation_set/images/996.jpg,6,angry,0.0,angry,/gpfs0/bgu-vilenchi/users/sdolev/Thesis/VLMs/data/affectnet/human_annotated/validation_set/images/996.jpg
4033,/gpfs0/bgu-vilenchi/users/sdolev/Thesis/VLMs/data/affectnet/human_annotated/validation_set/images/4033.jpg,6,angry,0.0,neutral,/gpfs0/bgu-vilenchi/users/sdolev/Thesis/VLMs/data/affectnet/human_annotated/validation_set/images/4033.jpg
2494,/gpfs0/bgu-vilenchi/users/sdolev/Thesis/VLMs/data/affectnet/human_annotated/validation_set/images/2494.jpg,4,fear,2.0,sad,/gpfs0/bgu-vilenchi/users/sdolev/Thesis/VLMs/data/affectnet/human_annotated/validation_set/images/2494.jpg
1561,/gpfs0/bgu-vilenchi/users/sdolev/Thesis/VLMs/data/affectnet/human_annotated/validation_set/images/1561.jpg,1,happy,1.0,happy,/gpfs0/bgu-vilenchi/users/sdolev/Thesis/VLMs/data/affectnet/human_annotated/validation_set/images/1561.jpg
4200,/gpfs0/bgu-vilenchi/users/sdolev/Thesis/VLMs/data/affectnet/human_annotated/validation_set/images/4200.jpg,0,neutral,1.0,surprise,/gpfs0/bgu-vilenchi/users/sdolev/Thesis/VLMs/data/affectnet/human_annotated/validation_set/images/4200.jpg
4839,/gpfs0/bgu-vilenchi/users/sdolev/Thesis/VLMs/data/affectnet/human_annotated/validation_set/images/4839.jpg,4,fear,1.0,surprise,/gpfs0/bgu-vilenchi/users/sdolev/Thesis/VLMs/data/affectnet/human_annotated/validation_set/images/4839.jpg
3503,/gpfs0/bgu-vilenchi/users/sdolev/Thesis/VLMs/data/affectnet/human_annotated/validation_set/images/3503.jpg,1,happy,0.0,happy,/gpfs0/bgu-vilenchi/users/sdolev/Thesis/VLMs/data/affectnet/human_annotated/validation_set/images/3503.jpg
1658,/gpfs0/bgu-vilenchi/users/sdolev/Thesis/VLMs/data/affectnet/human_annotated/validation_set/images/1658.jpg,7,contempt,2.0,neutral,/gpfs0/bgu-vilenchi/users/sdolev/Thesis/VLMs/data/affectnet/human_annotated/validation_set/images/1658.jpg
1964,/gpfs0/bgu-vilenchi/users/sdolev/Thesis/VLMs/data/affectnet/human_annotated/validation_set/images/1964.jpg,4,fear,2.0,surprise,/gpfs0/bgu-vilenchi/users/sdolev/Thesis/VLMs/data/affectnet/human_annotated/validation_set/images/1964.jpg
4603,/gpfs0/bgu-vilenchi/users/sdolev/Thesis/VLMs/data/affectnet/human_annotated/validation_set/images/4603.jpg,4,fear,1.0,surprise,/gpfs0/bgu-vilenchi/users/sdolev/Thesis/VLMs/data/affectnet/human_annotated/validation_set/images/4603.jpg
5398,/gpfs0/bgu-vilenchi/users/sdolev/Thesis/VLMs/data/affectnet/human_annotated/validation_set/images/5398.jpg,7,contempt,1.0,happy,/gpfs0/bgu-vilenchi/users/sdolev/Thesis/VLMs/data/affectnet/human_annotated/validation_set/images/5398.jpg
3906,/gpfs0/bgu-vilenchi/users/sdolev/Thesis/VLMs/data/affectnet/human_annotated/validation_set/images/3906.jpg,4,fear,1.0,neutral,/gpfs0/bgu-vilenchi/users/sdolev/Thesis/VLMs/data/affectnet/human_annotated/validation_set/images/3906.jpg
5162,/gpfs0/bgu-vilenchi/users/sdolev/Thesis/VLMs/data/affectnet/human_annotated/validation_set/images/5162.jpg,7,contempt,1.0,happy,/gpfs0/bgu-vilenchi/users/sdolev/Thesis/VLMs/data/affectnet/human_annotated/validation_set/images/5162.jpg
905,/gpfs0/bgu-vilenchi/users/sdolev/Thesis/VLMs/data/affectnet/human_annotated/validation_set/images/905.jpg,3,surprise,1.0,neutral,/gpfs0/bgu-vilenchi/users/sdolev/Thesis/VLMs/data/affectnet/human_annotated/validation_set/images/905.jpg
4326,/gpfs0/bgu-vilenchi/users/sdolev/Thesis/VLMs/data/affectnet/human_annotated/validation_set/images/4326.jpg,7,contempt,2.0,neutral,/gpfs0/bgu-vilenchi/users/sdolev/Thesis/VLMs/data/affectnet/human_annotated/validation_set/images/4326.jpg
1145,/gpfs0/bgu-vilenchi/users/sdolev/Thesis/VLMs/data/affectnet/human_annotated/validation_set/images/1145.jpg,4,fear,0.0,surprise,/gpfs0/bgu-vilenchi/users/sdolev/Thesis/VLMs/data/affectnet/human_annotated/validation_set/images/1145.jpg
2787,/gpfs0/bgu-vilenchi/users/sdolev/Thesis/VLMs/data/affectnet/human_annotated/validation_set/images/2787.jpg,1,happy,0.0,happy,/gpfs0/bgu-vilenchi/users/sdolev/Thesis/VLMs/data/affectnet/human_annotated/validation_set/images/2787.jpg
4729,/gpfs0/bgu-vilenchi/users/sdolev/Thesis/VLMs/data/affectnet/human_annotated/validation_set/images/4729.jpg,6,angry,2.0,happy,/gpfs0/bgu-vilenchi/users/sdolev/Thesis/VLMs/data/affectnet/human_annotated/validation_set/images/4729.jpg
5288,/gpfs0/bgu-vilenchi/users/sdolev/Thesis/VLMs/data/affectnet/human_annotated/validation_set/images/5288.jpg,1,happy,0.0,happy,/gpfs0/bgu-vilenchi/users/sdolev/Thesis/VLMs/data/affectnet/human_annotated/validation_set/images/5288.jpg
1312,/gpfs0/bgu-vilenchi/users/sdolev/Thesis/VLMs/data/affectnet/human_annotated/validation_set/images/1312.jpg,5,disgust,1.0,surprise,/gpfs0/bgu-vilenchi/users/sdolev/Thesis/VLMs/data/affectnet/human_annotated/validation_set/images/1312.jpg
2954,/gpfs0/bgu-vilenchi/users/sdolev/Thesis/VLMs/data/affectnet/human_annotated/validation_set/images/2954.jpg,5,disgust,2.0,neutral,/gpfs0/bgu-vilenchi/users/sdolev/Thesis/VLMs/data/affectnet/human_annotated/validation_set/images/2954.jpg
5052,/gpfs0/bgu-vilenchi/users/sdolev/Thesis/VLMs/data/affectnet/human_annotated/validation_set/images/5052.jpg,4,fear,2.0,sad,/gpfs0/bgu-vilenchi/users/sdolev/Thesis/VLMs/data/affectnet/human_annotated/validation_set/images/5052.jpg
816,/gpfs0/bgu-vilenchi/users/sdolev/Thesis/VLMs/data/affectnet/human_annotated/validation_set/images/816.jpg,7,contempt,1.0,neutral,/gpfs0/bgu-vilenchi/users/sdolev/Thesis/VLMs/data/affectnet/human_annotated/validation_set/images/816.jpg
1715,/gpfs0/bgu-vilenchi/users/sdolev/Thesis/VLMs/data/affectnet/human_annotated/validation_set/images/1715.jpg,2,sad,1.0,sad,/gpfs0/bgu-vilenchi/users/sdolev/Thesis/VLMs/data/affectnet/human_annotated/validation_set/images/1715.jpg
5455,/gpfs0/bgu-vilenchi/users/sdolev/Thesis/VLMs/data/affectnet/human_annotated/validation_set/images/5455.jpg,1,happy,0.0,happy,/gpfs0/bgu-vilenchi/users/sdolev/Thesis/VLMs/data/affectnet/human_annotated/validation_set/images/5455.jpg
2274,/gpfs0/bgu-vilenchi/users/sdolev/Thesis/VLMs/data/affectnet/human_annotated/validation_set/images/2274.jpg,7,contempt,1.0,neutral,/gpfs0/bgu-vilenchi/users/sdolev/Thesis/VLMs/data/affectnet/human_annotated/validation_set/images/2274.jpg
4216,/gpfs0/bgu-vilenchi/users/sdolev/Thesis/VLMs/data/affectnet/human_annotated/validation_set/images/4216.jpg,3,surprise,0.0,surprise,/gpfs0/bgu-vilenchi/users/sdolev/Thesis/VLMs/data/affectnet/human_annotated/validation_set/images/4216.jpg
2677,/gpfs0/bgu-vilenchi/users/sdolev/Thesis/VLMs/data/affectnet/human_annotated/validation_set/images/2677.jpg,5,disgust,0.0,surprise,/gpfs0/bgu-vilenchi/users/sdolev/Thesis/VLMs/data/affectnet/human_annotated/validation_set/images/2677.jpg
3680,/gpfs0/bgu-vilenchi/users/sdolev/Thesis/VLMs/data/affectnet/human_annotated/validation_set/images/3680.jpg,0,neutral,2.0,neutral,/gpfs0/bgu-vilenchi/users/sdolev/Thesis/VLMs/data/affectnet/human_annotated/validation_set/images/3680.jpg
294,/gpfs0/bgu-vilenchi/users/sdolev/Thesis/VLMs/data/affectnet/human_annotated/validation_set/images/294.jpg,7,contempt,1.0,neutral,/gpfs0/bgu-vilenchi/users/sdolev/Thesis/VLMs/data/affectnet/human_annotated/validation_set/images/294.jpg
830,/gpfs0/bgu-vilenchi/users/sdolev/Thesis/VLMs/data/affectnet/human_annotated/validation_set/images/830.jpg,6,angry,1.0,neutral,/gpfs0/bgu-vilenchi/users/sdolev/Thesis/VLMs/data/affectnet/human_annotated/validation_set/images/830.jpg
727,/gpfs0/bgu-vilenchi/users/sdolev/Thesis/VLMs/data/affectnet/human_annotated/validation_set/images/727.jpg,6,angry,2.0,sad,/gpfs0/bgu-vilenchi/users/sdolev/Thesis/VLMs/data/affectnet/human_annotated/validation_set/images/727.jpg
3097,/gpfs0/bgu-vilenchi/users/sdolev/Thesis/VLMs/data/affectnet/human_annotated/validation_set/images/3097.jpg,3,surprise,0.0,happy,/gpfs0/bgu-vilenchi/users/sdolev/Thesis/VLMs/data/affectnet/human_annotated/validation_set/images/3097.jpg
5039,/gpfs0/bgu-vilenchi/users/sdolev/Thesis/VLMs/data/affectnet/human_annotated/validation_set/images/5039.jpg,7,contempt,2.0,happy,/gpfs0/bgu-vilenchi/users/sdolev/Thesis/VLMs/data/affectnet/human_annotated/validation_set/images/5039.jpg
3264,/gpfs0/bgu-vilenchi/users/sdolev/Thesis/VLMs/data/affectnet/human_annotated/validation_set/images/3264.jpg,2,sad,1.0,surprise,/gpfs0/bgu-vilenchi/users/sdolev/Thesis/VLMs/data/affectnet/human_annotated/validation_set/images/3264.jpg
3570,/gpfs0/bgu-vilenchi/users/sdolev/Thesis/VLMs/data/affectnet/human_annotated/validation_set/images/3570.jpg,5,disgust,2.0,neutral,/gpfs0/bgu-vilenchi/users/sdolev/Thesis/VLMs/data/affectnet/human_annotated/validation_set/images/3570.jpg
5206,/gpfs0/bgu-vilenchi/users/sdolev/Thesis/VLMs/data/affectnet/human_annotated/validation_set/images/5206.jpg,2,sad,1.0,neutral,/gpfs0/bgu-vilenchi/users/sdolev/Thesis/VLMs/data/affectnet/human_annotated/validation_set/images/5206.jpg
203,/gpfs0/bgu-vilenchi/users/sdolev/Thesis/VLMs/data/affectnet/human_annotated/validation_set/images/203.jpg,3,surprise,0.0,neutral,/gpfs0/bgu-vilenchi/users/sdolev/Thesis/VLMs/data/affectnet/human_annotated/validation_set/images/203.jpg
2331,/gpfs0/bgu-vilenchi/users/sdolev/Thesis/VLMs/data/affectnet/human_annotated/validation_set/images/2331.jpg,2,sad,2.0,surprise,/gpfs0/bgu-vilenchi/users/sdolev/Thesis/VLMs/data/affectnet/human_annotated/validation_set/images/2331.jpg
2428,/gpfs0/bgu-vilenchi/users/sdolev/Thesis/VLMs/data/affectnet/human_annotated/validation_set/images/2428.jpg,1,happy,0.0,happy,/gpfs0/bgu-vilenchi/users/sdolev/Thesis/VLMs/data/affectnet/human_annotated/validation_set/images/2428.jpg
741,/gpfs0/bgu-vilenchi/users/sdolev/Thesis/VLMs/data/affectnet/human_annotated/validation_set/images/741.jpg,3,surprise,1.0,happy,/gpfs0/bgu-vilenchi/users/sdolev/Thesis/VLMs/data/affectnet/human_annotated/validation_set/images/741.jpg
2734,/gpfs0/bgu-vilenchi/users/sdolev/Thesis/VLMs/data/affectnet/human_annotated/validation_set/images/2734.jpg,2,sad,2.0,neutral,/gpfs0/bgu-vilenchi/users/sdolev/Thesis/VLMs/data/affectnet/human_annotated/validation_set/images/2734.jpg
3154,/gpfs0/bgu-vilenchi/users/sdolev/Thesis/VLMs/data/affectnet/human_annotated/validation_set/images/3154.jpg,3,surprise,0.0,surprise,/gpfs0/bgu-vilenchi/users/sdolev/Thesis/VLMs/data/affectnet/human_annotated/validation_set/images/3154.jpg
4796,/gpfs0/bgu-vilenchi/users/sdolev/Thesis/VLMs/data/affectnet/human_annotated/validation_set/images/4796.jpg,1,happy,0.0,happy,/gpfs0/bgu-vilenchi/users/sdolev/Thesis/VLMs/data/affectnet/human_annotated/validation_set/images/4796.jpg
114,/gpfs0/bgu-vilenchi/users/sdolev/Thesis/VLMs/data/affectnet/human_annotated/validation_set/images/114.jpg,1,happy,0.0,happy,/gpfs0/bgu-vilenchi/users/sdolev/Thesis/VLMs/data/affectnet/human_annotated/validation_set/images/114.jpg
4560,/gpfs0/bgu-vilenchi/users/sdolev/Thesis/VLMs/data/affectnet/human_annotated/validation_set/images/4560.jpg,0,neutral,2.0,surprise,/gpfs0/bgu-vilenchi/users/sdolev/Thesis/VLMs/data/affectnet/human_annotated/validation_set/images/4560.jpg
515,/gpfs0/bgu-vilenchi/users/sdolev/Thesis/VLMs/data/affectnet/human_annotated/validation_set/images/515.jpg,2,sad,1.0,neutral,/gpfs0/bgu-vilenchi/users/sdolev/Thesis/VLMs/data/affectnet/human_annotated/validation_set/images/515.jpg
652,/gpfs0/bgu-vilenchi/users/sdolev/Thesis/VLMs/data/affectnet/human_annotated/validation_set/images/652.jpg,0,neutral,2.0,neutral,/gpfs0/bgu-vilenchi/users/sdolev/Thesis/VLMs/data/affectnet/human_annotated/validation_set/images/652.jpg
3321,/gpfs0/bgu-vilenchi/users/sdolev/Thesis/VLMs/data/affectnet/human_annotated/validation_set/images/3321.jpg,2,sad,2.0,neutral,/gpfs0/bgu-vilenchi/users/sdolev/Thesis/VLMs/data/affectnet/human_annotated/validation_set/images/3321.jpg
4963,/gpfs0/bgu-vilenchi/users/sdolev/Thesis/VLMs/data/affectnet/human_annotated/validation_set/images/4963.jpg,5,disgust,2.0,happy,/gpfs0/bgu-vilenchi/users/sdolev/Thesis/VLMs/data/affectnet/human_annotated/validation_set/images/4963.jpg
1782,/gpfs0/bgu-vilenchi/users/sdolev/Thesis/VLMs/data/affectnet/human_annotated/validation_set/images/1782.jpg,6,angry,2.0,neutral,/gpfs0/bgu-vilenchi/users/sdolev/Thesis/VLMs/data/affectnet/human_annotated/validation_set/images/1782.jpg
4283,/gpfs0/bgu-vilenchi/users/sdolev/Thesis/VLMs/data/affectnet/human_annotated/validation_set/images/4283.jpg,7,contempt,2.0,surprise,/gpfs0/bgu-vilenchi/users/sdolev/Thesis/VLMs/data/affectnet/human_annotated/validation_set/images/4283.jpg
3044,/gpfs0/bgu-vilenchi/users/sdolev/Thesis/VLMs/data/affectnet/human_annotated/validation_set/images/3044.jpg,6,angry,2.0,neutral,/gpfs0/bgu-vilenchi/users/sdolev/Thesis/VLMs/data/affectnet/human_annotated/validation_set/images/3044.jpg
1199,/gpfs0/bgu-vilenchi/users/sdolev/Thesis/VLMs/data/affectnet/human_annotated/validation_set/images/1199.jpg,0,neutral,1.0,neutral,/gpfs0/bgu-vilenchi/users/sdolev/Thesis/VLMs/data/affectnet/human_annotated/validation_set/images/1199.jpg
4686,/gpfs0/bgu-vilenchi/users/sdolev/Thesis/VLMs/data/affectnet/human_annotated/validation_set/images/4686.jpg,2,sad,0.0,surprise,/gpfs0/bgu-vilenchi/users/sdolev/Thesis/VLMs/data/affectnet/human_annotated/validation_set/images/4686.jpg
3447,/gpfs0/bgu-vilenchi/users/sdolev/Thesis/VLMs/data/affectnet/human_annotated/validation_set/images/3447.jpg,1,happy,1.0,neutral,/gpfs0/bgu-vilenchi/users/sdolev/Thesis/VLMs/data/affectnet/human_annotated/validation_set/images/3447.jpg
4450,/gpfs0/bgu-vilenchi/users/sdolev/Thesis/VLMs/data/affectnet/human_annotated/validation_set/images/4450.jpg,5,disgust,0.0,happy,/gpfs0/bgu-vilenchi/users/sdolev/Thesis/VLMs/data/affectnet/human_annotated/validation_set/images/4450.jpg
964,/gpfs0/bgu-vilenchi/users/sdolev/Thesis/VLMs/data/affectnet/human_annotated/validation_set/images/964.jpg,1,happy,0.0,happy,/gpfs0/bgu-vilenchi/users/sdolev/Thesis/VLMs/data/affectnet/human_annotated/validation_set/images/964.jpg
2208,/gpfs0/bgu-vilenchi/users/sdolev/Thesis/VLMs/data/affectnet/human_annotated/validation_set/images/2208.jpg,1,happy,0.0,happy,/gpfs0/bgu-vilenchi/users/sdolev/Thesis/VLMs/data/affectnet/human_annotated/validation_set/images/2208.jpg
4853,/gpfs0/bgu-vilenchi/users/sdolev/Thesis/VLMs/data/affectnet/human_annotated/validation_set/images/4853.jpg,5,disgust,2.0,neutral,/gpfs0/bgu-vilenchi/users/sdolev/Thesis/VLMs/data/affectnet/human_annotated/validation_set/images/4853.jpg
1672,/gpfs0/bgu-vilenchi/users/sdolev/Thesis/VLMs/data/affectnet/human_annotated/validation_set/images/1672.jpg,7,contempt,1.0,neutral,/gpfs0/bgu-vilenchi/users/sdolev/Thesis/VLMs/data/affectnet/human_annotated/validation_set/images/1672.jpg
3614,/gpfs0/bgu-vilenchi/users/sdolev/Thesis/VLMs/data/affectnet/human_annotated/validation_set/images/3614.jpg,7,contempt,1.0,neutral,/gpfs0/bgu-vilenchi/users/sdolev/Thesis/VLMs/data/affectnet/human_annotated/validation_set/images/3614.jpg
4173,/gpfs0/bgu-vilenchi/users/sdolev/Thesis/VLMs/data/affectnet/human_annotated/validation_set/images/4173.jpg,1,happy,0.0,happy,/gpfs0/bgu-vilenchi/users/sdolev/Thesis/VLMs/data/affectnet/human_annotated/validation_set/images/4173.jpg
1089,/gpfs0/bgu-vilenchi/users/sdolev/Thesis/VLMs/data/affectnet/human_annotated/validation_set/images/1089.jpg,2,sad,1.0,happy,/gpfs0/bgu-vilenchi/users/sdolev/Thesis/VLMs/data/affectnet/human_annotated/validation_set/images/1089.jpg
4576,/gpfs0/bgu-vilenchi/users/sdolev/Thesis/VLMs/data/affectnet/human_annotated/validation_set/images/4576.jpg,3,surprise,1.0,happy,/gpfs0/bgu-vilenchi/users/sdolev/Thesis/VLMs/data/affectnet/human_annotated/validation_set/images/4576.jpg
337,/gpfs0/bgu-vilenchi/users/sdolev/Thesis/VLMs/data/affectnet/human_annotated/validation_set/images/337.jpg,1,happy,0.0,happy,/gpfs0/bgu-vilenchi/users/sdolev/Thesis/VLMs/data/affectnet/human_annotated/validation_set/images/337.jpg
4034,/gpfs0/bgu-vilenchi/users/sdolev/Thesis/VLMs/data/affectnet/human_annotated/validation_set/images/4034.jpg,4,fear,1.0,surprise,/gpfs0/bgu-vilenchi/users/sdolev/Thesis/VLMs/data/affectnet/human_annotated/validation_set/images/4034.jpg
4340,/gpfs0/bgu-vilenchi/users/sdolev/Thesis/VLMs/data/affectnet/human_annotated/validation_set/images/4340.jpg,5,disgust,2.0,surprise,/gpfs0/bgu-vilenchi/users/sdolev/Thesis/VLMs/data/affectnet/human_annotated/validation_set/images/4340.jpg
4979,/gpfs0/bgu-vilenchi/users/sdolev/Thesis/VLMs/data/affectnet/human_annotated/validation_set/images/4979.jpg,5,disgust,1.0,disgust,/gpfs0/bgu-vilenchi/users/sdolev/Thesis/VLMs/data/affectnet/human_annotated/validation_set/images/4979.jpg
738,/gpfs0/bgu-vilenchi/users/sdolev/Thesis/VLMs/data/affectnet/human_annotated/validation_set/images/738.jpg,4,fear,1.0,fear,/gpfs0/bgu-vilenchi/users/sdolev/Thesis/VLMs/data/affectnet/human_annotated/validation_set/images/738.jpg
2495,/gpfs0/bgu-vilenchi/users/sdolev/Thesis/VLMs/data/affectnet/human_annotated/validation_set/images/2495.jpg,6,angry,1.0,angry,/gpfs0/bgu-vilenchi/users/sdolev/Thesis/VLMs/data/affectnet/human_annotated/validation_set/images/2495.jpg
875,/gpfs0/bgu-vilenchi/users/sdolev/Thesis/VLMs/data/affectnet/human_annotated/validation_set/images/875.jpg,1,happy,0.0,happy,/gpfs0/bgu-vilenchi/users/sdolev/Thesis/VLMs/data/affectnet/human_annotated/validation_set/images/875.jpg
4437,/gpfs0/bgu-vilenchi/users/sdolev/Thesis/VLMs/data/affectnet/human_annotated/validation_set/images/4437.jpg,1,happy,0.0,happy,/gpfs0/bgu-vilenchi/users/sdolev/Thesis/VLMs/data/affectnet/human_annotated/validation_set/images/4437.jpg
1256,/gpfs0/bgu-vilenchi/users/sdolev/Thesis/VLMs/data/affectnet/human_annotated/validation_set/images/1256.jpg,4,fear,2.0,surprise,/gpfs0/bgu-vilenchi/users/sdolev/Thesis/VLMs/data/affectnet/human_annotated/validation_set/images/1256.jpg
4743,/gpfs0/bgu-vilenchi/users/sdolev/Thesis/VLMs/data/affectnet/human_annotated/validation_set/images/4743.jpg,3,surprise,0.0,surprise,/gpfs0/bgu-vilenchi/users/sdolev/Thesis/VLMs/data/affectnet/human_annotated/validation_set/images/4743.jpg
2898,/gpfs0/bgu-vilenchi/users/sdolev/Thesis/VLMs/data/affectnet/human_annotated/validation_set/images/2898.jpg,1,happy,0.0,happy,/gpfs0/bgu-vilenchi/users/sdolev/Thesis/VLMs/data/affectnet/human_annotated/validation_set/images/2898.jpg
3504,/gpfs0/bgu-vilenchi/users/sdolev/Thesis/VLMs/data/affectnet/human_annotated/validation_set/images/3504.jpg,6,angry,1.0,sad,/gpfs0/bgu-vilenchi/users/sdolev/Thesis/VLMs/data/affectnet/human_annotated/validation_set/images/3504.jpg
1020,/gpfs0/bgu-vilenchi/users/sdolev/Thesis/VLMs/data/affectnet/human_annotated/validation_set/images/1020.jpg,6,angry,1.0,surprise,/gpfs0/bgu-vilenchi/users/sdolev/Thesis/VLMs/data/affectnet/human_annotated/validation_set/images/1020.jpg
1659,/gpfs0/bgu-vilenchi/users/sdolev/Thesis/VLMs/data/affectnet/human_annotated/validation_set/images/1659.jpg,4,fear,0.0,surprise,/gpfs0/bgu-vilenchi/users/sdolev/Thesis/VLMs/data/affectnet/human_annotated/validation_set/images/1659.jpg
1965,/gpfs0/bgu-vilenchi/users/sdolev/Thesis/VLMs/data/affectnet/human_annotated/validation_set/images/1965.jpg,2,sad,0.0,sad,/gpfs0/bgu-vilenchi/users/sdolev/Thesis/VLMs/data/affectnet/human_annotated/validation_set/images/1965.jpg
4604,/gpfs0/bgu-vilenchi/users/sdolev/Thesis/VLMs/data/affectnet/human_annotated/validation_set/images/4604.jpg,0,neutral,0.0,neutral,/gpfs0/bgu-vilenchi/users/sdolev/Thesis/VLMs/data/affectnet/human_annotated/validation_set/images/4604.jpg
5399,/gpfs0/bgu-vilenchi/users/sdolev/Thesis/VLMs/data/affectnet/human_annotated/validation_set/images/5399.jpg,7,contempt,0.0,happy,/gpfs0/bgu-vilenchi/users/sdolev/Thesis/VLMs/data/affectnet/human_annotated/validation_set/images/5399.jpg
3907,/gpfs0/bgu-vilenchi/users/sdolev/Thesis/VLMs/data/affectnet/human_annotated/validation_set/images/3907.jpg,0,neutral,0.0,neutral,/gpfs0/bgu-vilenchi/users/sdolev/Thesis/VLMs/data/affectnet/human_annotated/validation_set/images/3907.jpg
1423,/gpfs0/bgu-vilenchi/users/sdolev/Thesis/VLMs/data/affectnet/human_annotated/validation_set/images/1423.jpg,3,surprise,2.0,surprise,/gpfs0/bgu-vilenchi/users/sdolev/Thesis/VLMs/data/affectnet/human_annotated/validation_set/images/1423.jpg
4910,/gpfs0/bgu-vilenchi/users/sdolev/Thesis/VLMs/data/affectnet/human_annotated/validation_set/images/4910.jpg,5,disgust,2.0,surprise,/gpfs0/bgu-vilenchi/users/sdolev/Thesis/VLMs/data/affectnet/human_annotated/validation_set/images/4910.jpg
351,/gpfs0/bgu-vilenchi/users/sdolev/Thesis/VLMs/data/affectnet/human_annotated/validation_set/images/351.jpg,7,contempt,1.0,happy,/gpfs0/bgu-vilenchi/users/sdolev/Thesis/VLMs/data/affectnet/human_annotated/validation_set/images/351.jpg
248,/gpfs0/bgu-vilenchi/users/sdolev/Thesis/VLMs/data/affectnet/human_annotated/validation_set/images/248.jpg,0,neutral,1.0,neutral,/gpfs0/bgu-vilenchi/users/sdolev/Thesis/VLMs/data/affectnet/human_annotated/validation_set/images/248.jpg
1826,/gpfs0/bgu-vilenchi/users/sdolev/Thesis/VLMs/data/affectnet/human_annotated/validation_set/images/1826.jpg,4,fear,1.0,surprise,/gpfs0/bgu-vilenchi/users/sdolev/Thesis/VLMs/data/affectnet/human_annotated/validation_set/images/1826.jpg
2385,/gpfs0/bgu-vilenchi/users/sdolev/Thesis/VLMs/data/affectnet/human_annotated/validation_set/images/2385.jpg,3,surprise,2.0,neutral,/gpfs0/bgu-vilenchi/users/sdolev/Thesis/VLMs/data/affectnet/human_annotated/validation_set/images/2385.jpg
4327,/gpfs0/bgu-vilenchi/users/sdolev/Thesis/VLMs/data/affectnet/human_annotated/validation_set/images/4327.jpg,1,happy,0.0,happy,/gpfs0/bgu-vilenchi/users/sdolev/Thesis/VLMs/data/affectnet/human_annotated/validation_set/images/4327.jpg
1146,/gpfs0/bgu-vilenchi/users/sdolev/Thesis/VLMs/data/affectnet/human_annotated/validation_set/images/1146.jpg,0,neutral,1.0,neutral,/gpfs0/bgu-vilenchi/users/sdolev/Thesis/VLMs/data/affectnet/human_annotated/validation_set/images/1146.jpg
2788,/gpfs0/bgu-vilenchi/users/sdolev/Thesis/VLMs/data/affectnet/human_annotated/validation_set/images/2788.jpg,2,sad,1.0,sad,/gpfs0/bgu-vilenchi/users/sdolev/Thesis/VLMs/data/affectnet/human_annotated/validation_set/images/2788.jpg
3791,/gpfs0/bgu-vilenchi/users/sdolev/Thesis/VLMs/data/affectnet/human_annotated/validation_set/images/3791.jpg,4,fear,1.0,surprise,/gpfs0/bgu-vilenchi/users/sdolev/Thesis/VLMs/data/affectnet/human_annotated/validation_set/images/3791.jpg
1549,/gpfs0/bgu-vilenchi/users/sdolev/Thesis/VLMs/data/affectnet/human_annotated/validation_set/images/1549.jpg,1,happy,0.0,happy,/gpfs0/bgu-vilenchi/users/sdolev/Thesis/VLMs/data/affectnet/human_annotated/validation_set/images/1549.jpg
2552,/gpfs0/bgu-vilenchi/users/sdolev/Thesis/VLMs/data/affectnet/human_annotated/validation_set/images/2552.jpg,5,disgust,2.0,neutral,/gpfs0/bgu-vilenchi/users/sdolev/Thesis/VLMs/data/affectnet/human_annotated/validation_set/images/2552.jpg
1313,/gpfs0/bgu-vilenchi/users/sdolev/Thesis/VLMs/data/affectnet/human_annotated/validation_set/images/1313.jpg,5,disgust,1.0,happy,/gpfs0/bgu-vilenchi/users/sdolev/Thesis/VLMs/data/affectnet/human_annotated/validation_set/images/1313.jpg
4800,/gpfs0/bgu-vilenchi/users/sdolev/Thesis/VLMs/data/affectnet/human_annotated/validation_set/images/4800.jpg,4,fear,2.0,surprise,/gpfs0/bgu-vilenchi/users/sdolev/Thesis/VLMs/data/affectnet/human_annotated/validation_set/images/4800.jpg
663,/gpfs0/bgu-vilenchi/users/sdolev/Thesis/VLMs/data/affectnet/human_annotated/validation_set/images/663.jpg,0,neutral,0.0,neutral,/gpfs0/bgu-vilenchi/users/sdolev/Thesis/VLMs/data/affectnet/human_annotated/validation_set/images/663.jpg
1716,/gpfs0/bgu-vilenchi/users/sdolev/Thesis/VLMs/data/affectnet/human_annotated/validation_set/images/1716.jpg,2,sad,2.0,neutral,/gpfs0/bgu-vilenchi/users/sdolev/Thesis/VLMs/data/affectnet/human_annotated/validation_set/images/1716.jpg
5456,/gpfs0/bgu-vilenchi/users/sdolev/Thesis/VLMs/data/affectnet/human_annotated/validation_set/images/5456.jpg,5,disgust,2.0,neutral,/gpfs0/bgu-vilenchi/users/sdolev/Thesis/VLMs/data/affectnet/human_annotated/validation_set/images/5456.jpg
2275,/gpfs0/bgu-vilenchi/users/sdolev/Thesis/VLMs/data/affectnet/human_annotated/validation_set/images/2275.jpg,4,fear,2.0,neutral,/gpfs0/bgu-vilenchi/users/sdolev/Thesis/VLMs/data/affectnet/human_annotated/validation_set/images/2275.jpg
4217,/gpfs0/bgu-vilenchi/users/sdolev/Thesis/VLMs/data/affectnet/human_annotated/validation_set/images/4217.jpg,1,happy,0.0,happy,/gpfs0/bgu-vilenchi/users/sdolev/Thesis/VLMs/data/affectnet/human_annotated/validation_set/images/4217.jpg
5220,/gpfs0/bgu-vilenchi/users/sdolev/Thesis/VLMs/data/affectnet/human_annotated/validation_set/images/5220.jpg,7,contempt,1.0,happy,/gpfs0/bgu-vilenchi/users/sdolev/Thesis/VLMs/data/affectnet/human_annotated/validation_set/images/5220.jpg
1036,/gpfs0/bgu-vilenchi/users/sdolev/Thesis/VLMs/data/affectnet/human_annotated/validation_set/images/1036.jpg,2,sad,1.0,sad,/gpfs0/bgu-vilenchi/users/sdolev/Thesis/VLMs/data/affectnet/human_annotated/validation_set/images/1036.jpg
3681,/gpfs0/bgu-vilenchi/users/sdolev/Thesis/VLMs/data/affectnet/human_annotated/validation_set/images/3681.jpg,2,sad,2.0,neutral,/gpfs0/bgu-vilenchi/users/sdolev/Thesis/VLMs/data/affectnet/human_annotated/validation_set/images/3681.jpg
1439,/gpfs0/bgu-vilenchi/users/sdolev/Thesis/VLMs/data/affectnet/human_annotated/validation_set/images/1439.jpg,4,fear,1.0,surprise,/gpfs0/bgu-vilenchi/users/sdolev/Thesis/VLMs/data/affectnet/human_annotated/validation_set/images/1439.jpg
2442,/gpfs0/bgu-vilenchi/users/sdolev/Thesis/VLMs/data/affectnet/human_annotated/validation_set/images/2442.jpg,6,angry,0.0,angry,/gpfs0/bgu-vilenchi/users/sdolev/Thesis/VLMs/data/affectnet/human_annotated/validation_set/images/2442.jpg
173,/gpfs0/bgu-vilenchi/users/sdolev/Thesis/VLMs/data/affectnet/human_annotated/validation_set/images/173.jpg,0,neutral,0.0,neutral,/gpfs0/bgu-vilenchi/users/sdolev/Thesis/VLMs/data/affectnet/human_annotated/validation_set/images/173.jpg
2539,/gpfs0/bgu-vilenchi/users/sdolev/Thesis/VLMs/data/affectnet/human_annotated/validation_set/images/2539.jpg,3,surprise,1.0,neutral,/gpfs0/bgu-vilenchi/users/sdolev/Thesis/VLMs/data/affectnet/human_annotated/validation_set/images/2539.jpg
1203,/gpfs0/bgu-vilenchi/users/sdolev/Thesis/VLMs/data/affectnet/human_annotated/validation_set/images/1203.jpg,7,contempt,2.0,neutral,/gpfs0/bgu-vilenchi/users/sdolev/Thesis/VLMs/data/affectnet/human_annotated/validation_set/images/1203.jpg
2845,/gpfs0/bgu-vilenchi/users/sdolev/Thesis/VLMs/data/affectnet/human_annotated/validation_set/images/2845.jpg,0,neutral,2.0,neutral,/gpfs0/bgu-vilenchi/users/sdolev/Thesis/VLMs/data/affectnet/human_annotated/validation_set/images/2845.jpg
3098,/gpfs0/bgu-vilenchi/users/sdolev/Thesis/VLMs/data/affectnet/human_annotated/validation_set/images/3098.jpg,4,fear,0.0,surprise,/gpfs0/bgu-vilenchi/users/sdolev/Thesis/VLMs/data/affectnet/human_annotated/validation_set/images/3098.jpg
1606,/gpfs0/bgu-vilenchi/users/sdolev/Thesis/VLMs/data/affectnet/human_annotated/validation_set/images/1606.jpg,0,neutral,0.0,neutral,/gpfs0/bgu-vilenchi/users/sdolev/Thesis/VLMs/data/affectnet/human_annotated/validation_set/images/1606.jpg
975,/gpfs0/bgu-vilenchi/users/sdolev/Thesis/VLMs/data/affectnet/human_annotated/validation_set/images/975.jpg,6,angry,0.0,surprise,/gpfs0/bgu-vilenchi/users/sdolev/Thesis/VLMs/data/affectnet/human_annotated/validation_set/images/975.jpg
5110,/gpfs0/bgu-vilenchi/users/sdolev/Thesis/VLMs/data/affectnet/human_annotated/validation_set/images/5110.jpg,1,happy,0.0,happy,/gpfs0/bgu-vilenchi/users/sdolev/Thesis/VLMs/data/affectnet/human_annotated/validation_set/images/5110.jpg
3265,/gpfs0/bgu-vilenchi/users/sdolev/Thesis/VLMs/data/affectnet/human_annotated/validation_set/images/3265.jpg,4,fear,0.0,surprise,/gpfs0/bgu-vilenchi/users/sdolev/Thesis/VLMs/data/affectnet/human_annotated/validation_set/images/3265.jpg
3571,/gpfs0/bgu-vilenchi/users/sdolev/Thesis/VLMs/data/affectnet/human_annotated/validation_set/images/3571.jpg,0,neutral,1.0,neutral,/gpfs0/bgu-vilenchi/users/sdolev/Thesis/VLMs/data/affectnet/human_annotated/validation_set/images/3571.jpg
5207,/gpfs0/bgu-vilenchi/users/sdolev/Thesis/VLMs/data/affectnet/human_annotated/validation_set/images/5207.jpg,2,sad,2.0,sad,/gpfs0/bgu-vilenchi/users/sdolev/Thesis/VLMs/data/affectnet/human_annotated/validation_set/images/5207.jpg
2026,/gpfs0/bgu-vilenchi/users/sdolev/Thesis/VLMs/data/affectnet/human_annotated/validation_set/images/2026.jpg,3,surprise,0.0,surprise,/gpfs0/bgu-vilenchi/users/sdolev/Thesis/VLMs/data/affectnet/human_annotated/validation_set/images/2026.jpg
3668,/gpfs0/bgu-vilenchi/users/sdolev/Thesis/VLMs/data/affectnet/human_annotated/validation_set/images/3668.jpg,0,neutral,0.0,neutral,/gpfs0/bgu-vilenchi/users/sdolev/Thesis/VLMs/data/affectnet/human_annotated/validation_set/images/3668.jpg
2332,/gpfs0/bgu-vilenchi/users/sdolev/Thesis/VLMs/data/affectnet/human_annotated/validation_set/images/2332.jpg,3,surprise,2.0,sad,/gpfs0/bgu-vilenchi/users/sdolev/Thesis/VLMs/data/affectnet/human_annotated/validation_set/images/2332.jpg
3974,/gpfs0/bgu-vilenchi/users/sdolev/Thesis/VLMs/data/affectnet/human_annotated/validation_set/images/3974.jpg,7,contempt,1.0,neutral,/gpfs0/bgu-vilenchi/users/sdolev/Thesis/VLMs/data/affectnet/human_annotated/validation_set/images/3974.jpg
2429,/gpfs0/bgu-vilenchi/users/sdolev/Thesis/VLMs/data/affectnet/human_annotated/validation_set/images/2429.jpg,6,angry,2.0,angry,/gpfs0/bgu-vilenchi/users/sdolev/Thesis/VLMs/data/affectnet/human_annotated/validation_set/images/2429.jpg
886,/gpfs0/bgu-vilenchi/users/sdolev/Thesis/VLMs/data/affectnet/human_annotated/validation_set/images/886.jpg,6,angry,0.0,sad,/gpfs0/bgu-vilenchi/users/sdolev/Thesis/VLMs/data/affectnet/human_annotated/validation_set/images/886.jpg
3835,/gpfs0/bgu-vilenchi/users/sdolev/Thesis/VLMs/data/affectnet/human_annotated/validation_set/images/3835.jpg,5,disgust,2.0,neutral,/gpfs0/bgu-vilenchi/users/sdolev/Thesis/VLMs/data/affectnet/human_annotated/validation_set/images/3835.jpg
4394,/gpfs0/bgu-vilenchi/users/sdolev/Thesis/VLMs/data/affectnet/human_annotated/validation_set/images/4394.jpg,4,fear,1.0,surprise,/gpfs0/bgu-vilenchi/users/sdolev/Thesis/VLMs/data/affectnet/human_annotated/validation_set/images/4394.jpg
2902,/gpfs0/bgu-vilenchi/users/sdolev/Thesis/VLMs/data/affectnet/human_annotated/validation_set/images/2902.jpg,4,fear,1.0,surprise,/gpfs0/bgu-vilenchi/users/sdolev/Thesis/VLMs/data/affectnet/human_annotated/validation_set/images/2902.jpg
3155,/gpfs0/bgu-vilenchi/users/sdolev/Thesis/VLMs/data/affectnet/human_annotated/validation_set/images/3155.jpg,2,sad,1.0,sad,/gpfs0/bgu-vilenchi/users/sdolev/Thesis/VLMs/data/affectnet/human_annotated/validation_set/images/3155.jpg
4797,/gpfs0/bgu-vilenchi/users/sdolev/Thesis/VLMs/data/affectnet/human_annotated/validation_set/images/4797.jpg,0,neutral,0.0,neutral,/gpfs0/bgu-vilenchi/users/sdolev/Thesis/VLMs/data/affectnet/human_annotated/validation_set/images/4797.jpg
3558,/gpfs0/bgu-vilenchi/users/sdolev/Thesis/VLMs/data/affectnet/human_annotated/validation_set/images/3558.jpg,6,angry,0.0,happy,/gpfs0/bgu-vilenchi/users/sdolev/Thesis/VLMs/data/affectnet/human_annotated/validation_set/images/3558.jpg
4561,/gpfs0/bgu-vilenchi/users/sdolev/Thesis/VLMs/data/affectnet/human_annotated/validation_set/images/4561.jpg,1,happy,0.0,happy,/gpfs0/bgu-vilenchi/users/sdolev/Thesis/VLMs/data/affectnet/human_annotated/validation_set/images/4561.jpg
1380,/gpfs0/bgu-vilenchi/users/sdolev/Thesis/VLMs/data/affectnet/human_annotated/validation_set/images/1380.jpg,2,sad,0.0,sad,/gpfs0/bgu-vilenchi/users/sdolev/Thesis/VLMs/data/affectnet/human_annotated/validation_set/images/1380.jpg
396,/gpfs0/bgu-vilenchi/users/sdolev/Thesis/VLMs/data/affectnet/human_annotated/validation_set/images/396.jpg,7,contempt,2.0,neutral,/gpfs0/bgu-vilenchi/users/sdolev/Thesis/VLMs/data/affectnet/human_annotated/validation_set/images/396.jpg
4964,/gpfs0/bgu-vilenchi/users/sdolev/Thesis/VLMs/data/affectnet/human_annotated/validation_set/images/4964.jpg,1,happy,0.0,happy,/gpfs0/bgu-vilenchi/users/sdolev/Thesis/VLMs/data/affectnet/human_annotated/validation_set/images/4964.jpg
1783,/gpfs0/bgu-vilenchi/users/sdolev/Thesis/VLMs/data/affectnet/human_annotated/validation_set/images/1783.jpg,6,angry,2.0,neutral,/gpfs0/bgu-vilenchi/users/sdolev/Thesis/VLMs/data/affectnet/human_annotated/validation_set/images/1783.jpg
3725,/gpfs0/bgu-vilenchi/users/sdolev/Thesis/VLMs/data/affectnet/human_annotated/validation_set/images/3725.jpg,5,disgust,0.0,neutral,/gpfs0/bgu-vilenchi/users/sdolev/Thesis/VLMs/data/affectnet/human_annotated/validation_set/images/3725.jpg
1950,/gpfs0/bgu-vilenchi/users/sdolev/Thesis/VLMs/data/affectnet/human_annotated/validation_set/images/1950.jpg,7,contempt,1.0,neutral,/gpfs0/bgu-vilenchi/users/sdolev/Thesis/VLMs/data/affectnet/human_annotated/validation_set/images/1950.jpg
3045,/gpfs0/bgu-vilenchi/users/sdolev/Thesis/VLMs/data/affectnet/human_annotated/validation_set/images/3045.jpg,3,surprise,1.0,surprise,/gpfs0/bgu-vilenchi/users/sdolev/Thesis/VLMs/data/affectnet/human_annotated/validation_set/images/3045.jpg
4687,/gpfs0/bgu-vilenchi/users/sdolev/Thesis/VLMs/data/affectnet/human_annotated/validation_set/images/4687.jpg,0,neutral,0.0,neutral,/gpfs0/bgu-vilenchi/users/sdolev/Thesis/VLMs/data/affectnet/human_annotated/validation_set/images/4687.jpg
3448,/gpfs0/bgu-vilenchi/users/sdolev/Thesis/VLMs/data/affectnet/human_annotated/validation_set/images/3448.jpg,4,fear,2.0,surprise,/gpfs0/bgu-vilenchi/users/sdolev/Thesis/VLMs/data/affectnet/human_annotated/validation_set/images/3448.jpg
4451,/gpfs0/bgu-vilenchi/users/sdolev/Thesis/VLMs/data/affectnet/human_annotated/validation_set/images/4451.jpg,1,happy,0.0,happy,/gpfs0/bgu-vilenchi/users/sdolev/Thesis/VLMs/data/affectnet/human_annotated/validation_set/images/4451.jpg
2209,/gpfs0/bgu-vilenchi/users/sdolev/Thesis/VLMs/data/affectnet/human_annotated/validation_set/images/2209.jpg,1,happy,0.0,happy,/gpfs0/bgu-vilenchi/users/sdolev/Thesis/VLMs/data/affectnet/human_annotated/validation_set/images/2209.jpg
3212,/gpfs0/bgu-vilenchi/users/sdolev/Thesis/VLMs/data/affectnet/human_annotated/validation_set/images/3212.jpg,1,happy,0.0,happy,/gpfs0/bgu-vilenchi/users/sdolev/Thesis/VLMs/data/affectnet/human_annotated/validation_set/images/3212.jpg
305,/gpfs0/bgu-vilenchi/users/sdolev/Thesis/VLMs/data/affectnet/human_annotated/validation_set/images/305.jpg,5,disgust,1.0,angry,/gpfs0/bgu-vilenchi/users/sdolev/Thesis/VLMs/data/affectnet/human_annotated/validation_set/images/305.jpg
3309,/gpfs0/bgu-vilenchi/users/sdolev/Thesis/VLMs/data/affectnet/human_annotated/validation_set/images/3309.jpg,2,sad,2.0,neutral,/gpfs0/bgu-vilenchi/users/sdolev/Thesis/VLMs/data/affectnet/human_annotated/validation_set/images/3309.jpg
706,/gpfs0/bgu-vilenchi/users/sdolev/Thesis/VLMs/data/affectnet/human_annotated/validation_set/images/706.jpg,4,fear,1.0,surprise,/gpfs0/bgu-vilenchi/users/sdolev/Thesis/VLMs/data/affectnet/human_annotated/validation_set/images/706.jpg
4174,/gpfs0/bgu-vilenchi/users/sdolev/Thesis/VLMs/data/affectnet/human_annotated/validation_set/images/4174.jpg,2,sad,1.0,sad,/gpfs0/bgu-vilenchi/users/sdolev/Thesis/VLMs/data/affectnet/human_annotated/validation_set/images/4174.jpg
1840,/gpfs0/bgu-vilenchi/users/sdolev/Thesis/VLMs/data/affectnet/human_annotated/validation_set/images/1840.jpg,4,fear,1.0,surprise,/gpfs0/bgu-vilenchi/users/sdolev/Thesis/VLMs/data/affectnet/human_annotated/validation_set/images/1840.jpg
5274,/gpfs0/bgu-vilenchi/users/sdolev/Thesis/VLMs/data/affectnet/human_annotated/validation_set/images/5274.jpg,5,disgust,0.0,disgust,/gpfs0/bgu-vilenchi/users/sdolev/Thesis/VLMs/data/affectnet/human_annotated/validation_set/images/5274.jpg
2093,/gpfs0/bgu-vilenchi/users/sdolev/Thesis/VLMs/data/affectnet/human_annotated/validation_set/images/2093.jpg,6,angry,0.0,surprise,/gpfs0/bgu-vilenchi/users/sdolev/Thesis/VLMs/data/affectnet/human_annotated/validation_set/images/2093.jpg
4035,/gpfs0/bgu-vilenchi/users/sdolev/Thesis/VLMs/data/affectnet/human_annotated/validation_set/images/4035.jpg,5,disgust,2.0,neutral,/gpfs0/bgu-vilenchi/users/sdolev/Thesis/VLMs/data/affectnet/human_annotated/validation_set/images/4035.jpg
4341,/gpfs0/bgu-vilenchi/users/sdolev/Thesis/VLMs/data/affectnet/human_annotated/validation_set/images/4341.jpg,3,surprise,2.0,neutral,/gpfs0/bgu-vilenchi/users/sdolev/Thesis/VLMs/data/affectnet/human_annotated/validation_set/images/4341.jpg
2496,/gpfs0/bgu-vilenchi/users/sdolev/Thesis/VLMs/data/affectnet/human_annotated/validation_set/images/2496.jpg,4,fear,2.0,surprise,/gpfs0/bgu-vilenchi/users/sdolev/Thesis/VLMs/data/affectnet/human_annotated/validation_set/images/2496.jpg
4438,/gpfs0/bgu-vilenchi/users/sdolev/Thesis/VLMs/data/affectnet/human_annotated/validation_set/images/4438.jpg,3,surprise,1.0,happy,/gpfs0/bgu-vilenchi/users/sdolev/Thesis/VLMs/data/affectnet/human_annotated/validation_set/images/4438.jpg
3102,/gpfs0/bgu-vilenchi/users/sdolev/Thesis/VLMs/data/affectnet/human_annotated/validation_set/images/3102.jpg,7,contempt,2.0,neutral,/gpfs0/bgu-vilenchi/users/sdolev/Thesis/VLMs/data/affectnet/human_annotated/validation_set/images/3102.jpg
720,/gpfs0/bgu-vilenchi/users/sdolev/Thesis/VLMs/data/affectnet/human_annotated/validation_set/images/720.jpg,1,happy,0.0,happy,/gpfs0/bgu-vilenchi/users/sdolev/Thesis/VLMs/data/affectnet/human_annotated/validation_set/images/720.jpg
4744,/gpfs0/bgu-vilenchi/users/sdolev/Thesis/VLMs/data/affectnet/human_annotated/validation_set/images/4744.jpg,4,fear,2.0,happy,/gpfs0/bgu-vilenchi/users/sdolev/Thesis/VLMs/data/affectnet/human_annotated/validation_set/images/4744.jpg
617,/gpfs0/bgu-vilenchi/users/sdolev/Thesis/VLMs/data/affectnet/human_annotated/validation_set/images/617.jpg,5,disgust,1.0,neutral,/gpfs0/bgu-vilenchi/users/sdolev/Thesis/VLMs/data/affectnet/human_annotated/validation_set/images/617.jpg
4202,/gpfs0/bgu-vilenchi/users/sdolev/Thesis/VLMs/data/affectnet/human_annotated/validation_set/images/4202.jpg,3,surprise,2.0,happy,/gpfs0/bgu-vilenchi/users/sdolev/Thesis/VLMs/data/affectnet/human_annotated/validation_set/images/4202.jpg
1021,/gpfs0/bgu-vilenchi/users/sdolev/Thesis/VLMs/data/affectnet/human_annotated/validation_set/images/1021.jpg,4,fear,1.0,neutral,/gpfs0/bgu-vilenchi/users/sdolev/Thesis/VLMs/data/affectnet/human_annotated/validation_set/images/1021.jpg
1966,/gpfs0/bgu-vilenchi/users/sdolev/Thesis/VLMs/data/affectnet/human_annotated/validation_set/images/1966.jpg,5,disgust,2.0,surprise,/gpfs0/bgu-vilenchi/users/sdolev/Thesis/VLMs/data/affectnet/human_annotated/validation_set/images/1966.jpg
4605,/gpfs0/bgu-vilenchi/users/sdolev/Thesis/VLMs/data/affectnet/human_annotated/validation_set/images/4605.jpg,0,neutral,2.0,neutral,/gpfs0/bgu-vilenchi/users/sdolev/Thesis/VLMs/data/affectnet/human_annotated/validation_set/images/4605.jpg
3908,/gpfs0/bgu-vilenchi/users/sdolev/Thesis/VLMs/data/affectnet/human_annotated/validation_set/images/3908.jpg,2,sad,1.0,neutral,/gpfs0/bgu-vilenchi/users/sdolev/Thesis/VLMs/data/affectnet/human_annotated/validation_set/images/3908.jpg
4911,/gpfs0/bgu-vilenchi/users/sdolev/Thesis/VLMs/data/affectnet/human_annotated/validation_set/images/4911.jpg,1,happy,0.0,happy,/gpfs0/bgu-vilenchi/users/sdolev/Thesis/VLMs/data/affectnet/human_annotated/validation_set/images/4911.jpg
1730,/gpfs0/bgu-vilenchi/users/sdolev/Thesis/VLMs/data/affectnet/human_annotated/validation_set/images/1730.jpg,3,surprise,0.0,surprise,/gpfs0/bgu-vilenchi/users/sdolev/Thesis/VLMs/data/affectnet/human_annotated/validation_set/images/1730.jpg
1827,/gpfs0/bgu-vilenchi/users/sdolev/Thesis/VLMs/data/affectnet/human_annotated/validation_set/images/1827.jpg,3,surprise,1.0,surprise,/gpfs0/bgu-vilenchi/users/sdolev/Thesis/VLMs/data/affectnet/human_annotated/validation_set/images/1827.jpg
230,/gpfs0/bgu-vilenchi/users/sdolev/Thesis/VLMs/data/affectnet/human_annotated/validation_set/images/230.jpg,6,angry,1.0,angry,/gpfs0/bgu-vilenchi/users/sdolev/Thesis/VLMs/data/affectnet/human_annotated/validation_set/images/230.jpg
2386,/gpfs0/bgu-vilenchi/users/sdolev/Thesis/VLMs/data/affectnet/human_annotated/validation_set/images/2386.jpg,6,angry,1.0,neutral,/gpfs0/bgu-vilenchi/users/sdolev/Thesis/VLMs/data/affectnet/human_annotated/validation_set/images/2386.jpg
631,/gpfs0/bgu-vilenchi/users/sdolev/Thesis/VLMs/data/affectnet/human_annotated/validation_set/images/631.jpg,3,surprise,0.0,surprise,/gpfs0/bgu-vilenchi/users/sdolev/Thesis/VLMs/data/affectnet/human_annotated/validation_set/images/631.jpg
5331,/gpfs0/bgu-vilenchi/users/sdolev/Thesis/VLMs/data/affectnet/human_annotated/validation_set/images/5331.jpg,0,neutral,0.0,neutral,/gpfs0/bgu-vilenchi/users/sdolev/Thesis/VLMs/data/affectnet/human_annotated/validation_set/images/5331.jpg
1147,/gpfs0/bgu-vilenchi/users/sdolev/Thesis/VLMs/data/affectnet/human_annotated/validation_set/images/1147.jpg,1,happy,0.0,happy,/gpfs0/bgu-vilenchi/users/sdolev/Thesis/VLMs/data/affectnet/human_annotated/validation_set/images/1147.jpg
2150,/gpfs0/bgu-vilenchi/users/sdolev/Thesis/VLMs/data/affectnet/human_annotated/validation_set/images/2150.jpg,5,disgust,1.0,happy,/gpfs0/bgu-vilenchi/users/sdolev/Thesis/VLMs/data/affectnet/human_annotated/validation_set/images/2150.jpg
3792,/gpfs0/bgu-vilenchi/users/sdolev/Thesis/VLMs/data/affectnet/human_annotated/validation_set/images/3792.jpg,6,angry,0.0,surprise,/gpfs0/bgu-vilenchi/users/sdolev/Thesis/VLMs/data/affectnet/human_annotated/validation_set/images/3792.jpg
929,/gpfs0/bgu-vilenchi/users/sdolev/Thesis/VLMs/data/affectnet/human_annotated/validation_set/images/929.jpg,6,angry,0.0,angry,/gpfs0/bgu-vilenchi/users/sdolev/Thesis/VLMs/data/affectnet/human_annotated/validation_set/images/929.jpg
2553,/gpfs0/bgu-vilenchi/users/sdolev/Thesis/VLMs/data/affectnet/human_annotated/validation_set/images/2553.jpg,7,contempt,0.0,neutral,/gpfs0/bgu-vilenchi/users/sdolev/Thesis/VLMs/data/affectnet/human_annotated/validation_set/images/2553.jpg
2956,/gpfs0/bgu-vilenchi/users/sdolev/Thesis/VLMs/data/affectnet/human_annotated/validation_set/images/2956.jpg,7,contempt,1.0,happy,/gpfs0/bgu-vilenchi/users/sdolev/Thesis/VLMs/data/affectnet/human_annotated/validation_set/images/2956.jpg
5054,/gpfs0/bgu-vilenchi/users/sdolev/Thesis/VLMs/data/affectnet/human_annotated/validation_set/images/5054.jpg,7,contempt,1.0,neutral,/gpfs0/bgu-vilenchi/users/sdolev/Thesis/VLMs/data/affectnet/human_annotated/validation_set/images/5054.jpg
2720,/gpfs0/bgu-vilenchi/users/sdolev/Thesis/VLMs/data/affectnet/human_annotated/validation_set/images/2720.jpg,3,surprise,2.0,neutral,/gpfs0/bgu-vilenchi/users/sdolev/Thesis/VLMs/data/affectnet/human_annotated/validation_set/images/2720.jpg
5457,/gpfs0/bgu-vilenchi/users/sdolev/Thesis/VLMs/data/affectnet/human_annotated/validation_set/images/5457.jpg,5,disgust,1.0,angry,/gpfs0/bgu-vilenchi/users/sdolev/Thesis/VLMs/data/affectnet/human_annotated/validation_set/images/5457.jpg
405,/gpfs0/bgu-vilenchi/users/sdolev/Thesis/VLMs/data/affectnet/human_annotated/validation_set/images/405.jpg,7,contempt,2.0,neutral,/gpfs0/bgu-vilenchi/users/sdolev/Thesis/VLMs/data/affectnet/human_annotated/validation_set/images/405.jpg
542,/gpfs0/bgu-vilenchi/users/sdolev/Thesis/VLMs/data/affectnet/human_annotated/validation_set/images/542.jpg,6,angry,1.0,happy,/gpfs0/bgu-vilenchi/users/sdolev/Thesis/VLMs/data/affectnet/human_annotated/validation_set/images/542.jpg
2276,/gpfs0/bgu-vilenchi/users/sdolev/Thesis/VLMs/data/affectnet/human_annotated/validation_set/images/2276.jpg,2,sad,0.0,sad,/gpfs0/bgu-vilenchi/users/sdolev/Thesis/VLMs/data/affectnet/human_annotated/validation_set/images/2276.jpg
4218,/gpfs0/bgu-vilenchi/users/sdolev/Thesis/VLMs/data/affectnet/human_annotated/validation_set/images/4218.jpg,6,angry,1.0,neutral,/gpfs0/bgu-vilenchi/users/sdolev/Thesis/VLMs/data/affectnet/human_annotated/validation_set/images/4218.jpg
5221,/gpfs0/bgu-vilenchi/users/sdolev/Thesis/VLMs/data/affectnet/human_annotated/validation_set/images/5221.jpg,6,angry,0.0,angry,/gpfs0/bgu-vilenchi/users/sdolev/Thesis/VLMs/data/affectnet/human_annotated/validation_set/images/5221.jpg
1037,/gpfs0/bgu-vilenchi/users/sdolev/Thesis/VLMs/data/affectnet/human_annotated/validation_set/images/1037.jpg,4,fear,1.0,surprise,/gpfs0/bgu-vilenchi/users/sdolev/Thesis/VLMs/data/affectnet/human_annotated/validation_set/images/1037.jpg
2040,/gpfs0/bgu-vilenchi/users/sdolev/Thesis/VLMs/data/affectnet/human_annotated/validation_set/images/2040.jpg,5,disgust,0.0,happy,/gpfs0/bgu-vilenchi/users/sdolev/Thesis/VLMs/data/affectnet/human_annotated/validation_set/images/2040.jpg
2679,/gpfs0/bgu-vilenchi/users/sdolev/Thesis/VLMs/data/affectnet/human_annotated/validation_set/images/2679.jpg,6,angry,1.0,neutral,/gpfs0/bgu-vilenchi/users/sdolev/Thesis/VLMs/data/affectnet/human_annotated/validation_set/images/2679.jpg
3682,/gpfs0/bgu-vilenchi/users/sdolev/Thesis/VLMs/data/affectnet/human_annotated/validation_set/images/3682.jpg,5,disgust,1.0,disgust,/gpfs0/bgu-vilenchi/users/sdolev/Thesis/VLMs/data/affectnet/human_annotated/validation_set/images/3682.jpg
2137,/gpfs0/bgu-vilenchi/users/sdolev/Thesis/VLMs/data/affectnet/human_annotated/validation_set/images/2137.jpg,4,fear,0.0,surprise,/gpfs0/bgu-vilenchi/users/sdolev/Thesis/VLMs/data/affectnet/human_annotated/validation_set/images/2137.jpg
2443,/gpfs0/bgu-vilenchi/users/sdolev/Thesis/VLMs/data/affectnet/human_annotated/validation_set/images/2443.jpg,2,sad,2.0,neutral,/gpfs0/bgu-vilenchi/users/sdolev/Thesis/VLMs/data/affectnet/human_annotated/validation_set/images/2443.jpg
1204,/gpfs0/bgu-vilenchi/users/sdolev/Thesis/VLMs/data/affectnet/human_annotated/validation_set/images/1204.jpg,4,fear,1.0,surprise,/gpfs0/bgu-vilenchi/users/sdolev/Thesis/VLMs/data/affectnet/human_annotated/validation_set/images/1204.jpg
2846,/gpfs0/bgu-vilenchi/users/sdolev/Thesis/VLMs/data/affectnet/human_annotated/validation_set/images/2846.jpg,5,disgust,1.0,surprise,/gpfs0/bgu-vilenchi/users/sdolev/Thesis/VLMs/data/affectnet/human_annotated/validation_set/images/2846.jpg
3099,/gpfs0/bgu-vilenchi/users/sdolev/Thesis/VLMs/data/affectnet/human_annotated/validation_set/images/3099.jpg,2,sad,1.0,neutral,/gpfs0/bgu-vilenchi/users/sdolev/Thesis/VLMs/data/affectnet/human_annotated/validation_set/images/3099.jpg
2610,/gpfs0/bgu-vilenchi/users/sdolev/Thesis/VLMs/data/affectnet/human_annotated/validation_set/images/2610.jpg,6,angry,1.0,neutral,/gpfs0/bgu-vilenchi/users/sdolev/Thesis/VLMs/data/affectnet/human_annotated/validation_set/images/2610.jpg
316,/gpfs0/bgu-vilenchi/users/sdolev/Thesis/VLMs/data/affectnet/human_annotated/validation_set/images/316.jpg,4,fear,1.0,surprise,/gpfs0/bgu-vilenchi/users/sdolev/Thesis/VLMs/data/affectnet/human_annotated/validation_set/images/316.jpg
854,/gpfs0/bgu-vilenchi/users/sdolev/Thesis/VLMs/data/affectnet/human_annotated/validation_set/images/854.jpg,5,disgust,0.0,neutral,/gpfs0/bgu-vilenchi/users/sdolev/Thesis/VLMs/data/affectnet/human_annotated/validation_set/images/854.jpg
5111,/gpfs0/bgu-vilenchi/users/sdolev/Thesis/VLMs/data/affectnet/human_annotated/validation_set/images/5111.jpg,3,surprise,1.0,surprise,/gpfs0/bgu-vilenchi/users/sdolev/Thesis/VLMs/data/affectnet/human_annotated/validation_set/images/5111.jpg
3572,/gpfs0/bgu-vilenchi/users/sdolev/Thesis/VLMs/data/affectnet/human_annotated/validation_set/images/3572.jpg,7,contempt,1.0,neutral,/gpfs0/bgu-vilenchi/users/sdolev/Thesis/VLMs/data/affectnet/human_annotated/validation_set/images/3572.jpg
3669,/gpfs0/bgu-vilenchi/users/sdolev/Thesis/VLMs/data/affectnet/human_annotated/validation_set/images/3669.jpg,0,neutral,0.0,happy,/gpfs0/bgu-vilenchi/users/sdolev/Thesis/VLMs/data/affectnet/human_annotated/validation_set/images/3669.jpg
2333,/gpfs0/bgu-vilenchi/users/sdolev/Thesis/VLMs/data/affectnet/human_annotated/validation_set/images/2333.jpg,3,surprise,0.0,surprise,/gpfs0/bgu-vilenchi/users/sdolev/Thesis/VLMs/data/affectnet/human_annotated/validation_set/images/2333.jpg
3975,/gpfs0/bgu-vilenchi/users/sdolev/Thesis/VLMs/data/affectnet/human_annotated/validation_set/images/3975.jpg,2,sad,2.0,neutral,/gpfs0/bgu-vilenchi/users/sdolev/Thesis/VLMs/data/affectnet/human_annotated/validation_set/images/3975.jpg
3433,/gpfs0/bgu-vilenchi/users/sdolev/Thesis/VLMs/data/affectnet/human_annotated/validation_set/images/3433.jpg,6,angry,0.0,angry,/gpfs0/bgu-vilenchi/users/sdolev/Thesis/VLMs/data/affectnet/human_annotated/validation_set/images/3433.jpg
2736,/gpfs0/bgu-vilenchi/users/sdolev/Thesis/VLMs/data/affectnet/human_annotated/validation_set/images/2736.jpg,5,disgust,2.0,surprise,/gpfs0/bgu-vilenchi/users/sdolev/Thesis/VLMs/data/affectnet/human_annotated/validation_set/images/2736.jpg
62,/gpfs0/bgu-vilenchi/users/sdolev/Thesis/VLMs/data/affectnet/human_annotated/validation_set/images/62.jpg,3,surprise,2.0,neutral,/gpfs0/bgu-vilenchi/users/sdolev/Thesis/VLMs/data/affectnet/human_annotated/validation_set/images/62.jpg
330,/gpfs0/bgu-vilenchi/users/sdolev/Thesis/VLMs/data/affectnet/human_annotated/validation_set/images/330.jpg,7,contempt,2.0,neutral,/gpfs0/bgu-vilenchi/users/sdolev/Thesis/VLMs/data/affectnet/human_annotated/validation_set/images/330.jpg
34,/gpfs0/bgu-vilenchi/users/sdolev/Thesis/VLMs/data/affectnet/human_annotated/validation_set/images/34.jpg,7,contempt,1.0,neutral,/gpfs0/bgu-vilenchi/users/sdolev/Thesis/VLMs/data/affectnet/human_annotated/validation_set/images/34.jpg
227,/gpfs0/bgu-vilenchi/users/sdolev/Thesis/VLMs/data/affectnet/human_annotated/validation_set/images/227.jpg,4,fear,1.0,surprise,/gpfs0/bgu-vilenchi/users/sdolev/Thesis/VLMs/data/affectnet/human_annotated/validation_set/images/227.jpg
628,/gpfs0/bgu-vilenchi/users/sdolev/Thesis/VLMs/data/affectnet/human_annotated/validation_set/images/628.jpg,6,angry,1.0,neutral,/gpfs0/bgu-vilenchi/users/sdolev/Thesis/VLMs/data/affectnet/human_annotated/validation_set/images/628.jpg
4395,/gpfs0/bgu-vilenchi/users/sdolev/Thesis/VLMs/data/affectnet/human_annotated/validation_set/images/4395.jpg,1,happy,0.0,happy,/gpfs0/bgu-vilenchi/users/sdolev/Thesis/VLMs/data/affectnet/human_annotated/validation_set/images/4395.jpg
2903,/gpfs0/bgu-vilenchi/users/sdolev/Thesis/VLMs/data/affectnet/human_annotated/validation_set/images/2903.jpg,0,neutral,0.0,neutral,/gpfs0/bgu-vilenchi/users/sdolev/Thesis/VLMs/data/affectnet/human_annotated/validation_set/images/2903.jpg
4798,/gpfs0/bgu-vilenchi/users/sdolev/Thesis/VLMs/data/affectnet/human_annotated/validation_set/images/4798.jpg,2,sad,2.0,neutral,/gpfs0/bgu-vilenchi/users/sdolev/Thesis/VLMs/data/affectnet/human_annotated/validation_set/images/4798.jpg
1381,/gpfs0/bgu-vilenchi/users/sdolev/Thesis/VLMs/data/affectnet/human_annotated/validation_set/images/1381.jpg,7,contempt,2.0,neutral,/gpfs0/bgu-vilenchi/users/sdolev/Thesis/VLMs/data/affectnet/human_annotated/validation_set/images/1381.jpg
3323,/gpfs0/bgu-vilenchi/users/sdolev/Thesis/VLMs/data/affectnet/human_annotated/validation_set/images/3323.jpg,5,disgust,1.0,angry,/gpfs0/bgu-vilenchi/users/sdolev/Thesis/VLMs/data/affectnet/human_annotated/validation_set/images/3323.jpg
138,/gpfs0/bgu-vilenchi/users/sdolev/Thesis/VLMs/data/affectnet/human_annotated/validation_set/images/138.jpg,6,angry,1.0,neutral,/gpfs0/bgu-vilenchi/users/sdolev/Thesis/VLMs/data/affectnet/human_annotated/validation_set/images/138.jpg
539,/gpfs0/bgu-vilenchi/users/sdolev/Thesis/VLMs/data/affectnet/human_annotated/validation_set/images/539.jpg,5,disgust,1.0,neutral,/gpfs0/bgu-vilenchi/users/sdolev/Thesis/VLMs/data/affectnet/human_annotated/validation_set/images/539.jpg
4285,/gpfs0/bgu-vilenchi/users/sdolev/Thesis/VLMs/data/affectnet/human_annotated/validation_set/images/4285.jpg,6,angry,0.0,angry,/gpfs0/bgu-vilenchi/users/sdolev/Thesis/VLMs/data/affectnet/human_annotated/validation_set/images/4285.jpg
1951,/gpfs0/bgu-vilenchi/users/sdolev/Thesis/VLMs/data/affectnet/human_annotated/validation_set/images/1951.jpg,5,disgust,2.0,neutral,/gpfs0/bgu-vilenchi/users/sdolev/Thesis/VLMs/data/affectnet/human_annotated/validation_set/images/1951.jpg
3046,/gpfs0/bgu-vilenchi/users/sdolev/Thesis/VLMs/data/affectnet/human_annotated/validation_set/images/3046.jpg,1,happy,0.0,happy,/gpfs0/bgu-vilenchi/users/sdolev/Thesis/VLMs/data/affectnet/human_annotated/validation_set/images/3046.jpg
3449,/gpfs0/bgu-vilenchi/users/sdolev/Thesis/VLMs/data/affectnet/human_annotated/validation_set/images/3449.jpg,1,happy,0.0,happy,/gpfs0/bgu-vilenchi/users/sdolev/Thesis/VLMs/data/affectnet/human_annotated/validation_set/images/3449.jpg
4452,/gpfs0/bgu-vilenchi/users/sdolev/Thesis/VLMs/data/affectnet/human_annotated/validation_set/images/4452.jpg,7,contempt,2.0,neutral,/gpfs0/bgu-vilenchi/users/sdolev/Thesis/VLMs/data/affectnet/human_annotated/validation_set/images/4452.jpg
1271,/gpfs0/bgu-vilenchi/users/sdolev/Thesis/VLMs/data/affectnet/human_annotated/validation_set/images/1271.jpg,7,contempt,2.0,neutral,/gpfs0/bgu-vilenchi/users/sdolev/Thesis/VLMs/data/affectnet/human_annotated/validation_set/images/1271.jpg
3213,/gpfs0/bgu-vilenchi/users/sdolev/Thesis/VLMs/data/affectnet/human_annotated/validation_set/images/3213.jpg,6,angry,0.0,surprise,/gpfs0/bgu-vilenchi/users/sdolev/Thesis/VLMs/data/affectnet/human_annotated/validation_set/images/3213.jpg
1674,/gpfs0/bgu-vilenchi/users/sdolev/Thesis/VLMs/data/affectnet/human_annotated/validation_set/images/1674.jpg,3,surprise,0.0,surprise,/gpfs0/bgu-vilenchi/users/sdolev/Thesis/VLMs/data/affectnet/human_annotated/validation_set/images/1674.jpg
690,/gpfs0/bgu-vilenchi/users/sdolev/Thesis/VLMs/data/affectnet/human_annotated/validation_set/images/690.jpg,6,angry,2.0,neutral,/gpfs0/bgu-vilenchi/users/sdolev/Thesis/VLMs/data/affectnet/human_annotated/validation_set/images/690.jpg
1841,/gpfs0/bgu-vilenchi/users/sdolev/Thesis/VLMs/data/affectnet/human_annotated/validation_set/images/1841.jpg,4,fear,1.0,surprise,/gpfs0/bgu-vilenchi/users/sdolev/Thesis/VLMs/data/affectnet/human_annotated/validation_set/images/1841.jpg
2094,/gpfs0/bgu-vilenchi/users/sdolev/Thesis/VLMs/data/affectnet/human_annotated/validation_set/images/2094.jpg,2,sad,0.0,sad,/gpfs0/bgu-vilenchi/users/sdolev/Thesis/VLMs/data/affectnet/human_annotated/validation_set/images/2094.jpg
4036,/gpfs0/bgu-vilenchi/users/sdolev/Thesis/VLMs/data/affectnet/human_annotated/validation_set/images/4036.jpg,0,neutral,0.0,neutral,/gpfs0/bgu-vilenchi/users/sdolev/Thesis/VLMs/data/affectnet/human_annotated/validation_set/images/4036.jpg
2497,/gpfs0/bgu-vilenchi/users/sdolev/Thesis/VLMs/data/affectnet/human_annotated/validation_set/images/2497.jpg,7,contempt,1.0,neutral,/gpfs0/bgu-vilenchi/users/sdolev/Thesis/VLMs/data/affectnet/human_annotated/validation_set/images/2497.jpg
1161,/gpfs0/bgu-vilenchi/users/sdolev/Thesis/VLMs/data/affectnet/human_annotated/validation_set/images/1161.jpg,0,neutral,0.0,neutral,/gpfs0/bgu-vilenchi/users/sdolev/Thesis/VLMs/data/affectnet/human_annotated/validation_set/images/1161.jpg
4439,/gpfs0/bgu-vilenchi/users/sdolev/Thesis/VLMs/data/affectnet/human_annotated/validation_set/images/4439.jpg,3,surprise,0.0,surprise,/gpfs0/bgu-vilenchi/users/sdolev/Thesis/VLMs/data/affectnet/human_annotated/validation_set/images/4439.jpg
1258,/gpfs0/bgu-vilenchi/users/sdolev/Thesis/VLMs/data/affectnet/human_annotated/validation_set/images/1258.jpg,7,contempt,1.0,neutral,/gpfs0/bgu-vilenchi/users/sdolev/Thesis/VLMs/data/affectnet/human_annotated/validation_set/images/1258.jpg
464,/gpfs0/bgu-vilenchi/users/sdolev/Thesis/VLMs/data/affectnet/human_annotated/validation_set/images/464.jpg,7,contempt,1.0,neutral,/gpfs0/bgu-vilenchi/users/sdolev/Thesis/VLMs/data/affectnet/human_annotated/validation_set/images/464.jpg
1564,/gpfs0/bgu-vilenchi/users/sdolev/Thesis/VLMs/data/affectnet/human_annotated/validation_set/images/1564.jpg,7,contempt,1.0,happy,/gpfs0/bgu-vilenchi/users/sdolev/Thesis/VLMs/data/affectnet/human_annotated/validation_set/images/1564.jpg
4203,/gpfs0/bgu-vilenchi/users/sdolev/Thesis/VLMs/data/affectnet/human_annotated/validation_set/images/4203.jpg,4,fear,2.0,neutral,/gpfs0/bgu-vilenchi/users/sdolev/Thesis/VLMs/data/affectnet/human_annotated/validation_set/images/4203.jpg
865,/gpfs0/bgu-vilenchi/users/sdolev/Thesis/VLMs/data/affectnet/human_annotated/validation_set/images/865.jpg,7,contempt,1.0,neutral,/gpfs0/bgu-vilenchi/users/sdolev/Thesis/VLMs/data/affectnet/human_annotated/validation_set/images/865.jpg
3506,/gpfs0/bgu-vilenchi/users/sdolev/Thesis/VLMs/data/affectnet/human_annotated/validation_set/images/3506.jpg,4,fear,1.0,surprise,/gpfs0/bgu-vilenchi/users/sdolev/Thesis/VLMs/data/affectnet/human_annotated/validation_set/images/3506.jpg
1022,/gpfs0/bgu-vilenchi/users/sdolev/Thesis/VLMs/data/affectnet/human_annotated/validation_set/images/1022.jpg,2,sad,2.0,neutral,/gpfs0/bgu-vilenchi/users/sdolev/Thesis/VLMs/data/affectnet/human_annotated/validation_set/images/1022.jpg
2664,/gpfs0/bgu-vilenchi/users/sdolev/Thesis/VLMs/data/affectnet/human_annotated/validation_set/images/2664.jpg,7,contempt,1.0,neutral,/gpfs0/bgu-vilenchi/users/sdolev/Thesis/VLMs/data/affectnet/human_annotated/validation_set/images/2664.jpg
1967,/gpfs0/bgu-vilenchi/users/sdolev/Thesis/VLMs/data/affectnet/human_annotated/validation_set/images/1967.jpg,3,surprise,2.0,neutral,/gpfs0/bgu-vilenchi/users/sdolev/Thesis/VLMs/data/affectnet/human_annotated/validation_set/images/1967.jpg
2970,/gpfs0/bgu-vilenchi/users/sdolev/Thesis/VLMs/data/affectnet/human_annotated/validation_set/images/2970.jpg,1,happy,0.0,happy,/gpfs0/bgu-vilenchi/users/sdolev/Thesis/VLMs/data/affectnet/human_annotated/validation_set/images/2970.jpg
4606,/gpfs0/bgu-vilenchi/users/sdolev/Thesis/VLMs/data/affectnet/human_annotated/validation_set/images/4606.jpg,2,sad,1.0,neutral,/gpfs0/bgu-vilenchi/users/sdolev/Thesis/VLMs/data/affectnet/human_annotated/validation_set/images/4606.jpg
4912,/gpfs0/bgu-vilenchi/users/sdolev/Thesis/VLMs/data/affectnet/human_annotated/validation_set/images/4912.jpg,7,contempt,1.0,happy,/gpfs0/bgu-vilenchi/users/sdolev/Thesis/VLMs/data/affectnet/human_annotated/validation_set/images/4912.jpg
1731,/gpfs0/bgu-vilenchi/users/sdolev/Thesis/VLMs/data/affectnet/human_annotated/validation_set/images/1731.jpg,3,surprise,0.0,surprise,/gpfs0/bgu-vilenchi/users/sdolev/Thesis/VLMs/data/affectnet/human_annotated/validation_set/images/1731.jpg
3390,/gpfs0/bgu-vilenchi/users/sdolev/Thesis/VLMs/data/affectnet/human_annotated/validation_set/images/3390.jpg,4,fear,2.0,surprise,/gpfs0/bgu-vilenchi/users/sdolev/Thesis/VLMs/data/affectnet/human_annotated/validation_set/images/3390.jpg
375,/gpfs0/bgu-vilenchi/users/sdolev/Thesis/VLMs/data/affectnet/human_annotated/validation_set/images/375.jpg,1,happy,0.0,happy,/gpfs0/bgu-vilenchi/users/sdolev/Thesis/VLMs/data/affectnet/human_annotated/validation_set/images/375.jpg
5332,/gpfs0/bgu-vilenchi/users/sdolev/Thesis/VLMs/data/affectnet/human_annotated/validation_set/images/5332.jpg,5,disgust,0.0,sad,/gpfs0/bgu-vilenchi/users/sdolev/Thesis/VLMs/data/affectnet/human_annotated/validation_set/images/5332.jpg
1148,/gpfs0/bgu-vilenchi/users/sdolev/Thesis/VLMs/data/affectnet/human_annotated/validation_set/images/1148.jpg,3,surprise,2.0,happy,/gpfs0/bgu-vilenchi/users/sdolev/Thesis/VLMs/data/affectnet/human_annotated/validation_set/images/1148.jpg
2151,/gpfs0/bgu-vilenchi/users/sdolev/Thesis/VLMs/data/affectnet/human_annotated/validation_set/images/2151.jpg,5,disgust,2.0,neutral,/gpfs0/bgu-vilenchi/users/sdolev/Thesis/VLMs/data/affectnet/human_annotated/validation_set/images/2151.jpg
776,/gpfs0/bgu-vilenchi/users/sdolev/Thesis/VLMs/data/affectnet/human_annotated/validation_set/images/776.jpg,5,disgust,0.0,angry,/gpfs0/bgu-vilenchi/users/sdolev/Thesis/VLMs/data/affectnet/human_annotated/validation_set/images/776.jpg
2860,/gpfs0/bgu-vilenchi/users/sdolev/Thesis/VLMs/data/affectnet/human_annotated/validation_set/images/2860.jpg,4,fear,2.0,surprise,/gpfs0/bgu-vilenchi/users/sdolev/Thesis/VLMs/data/affectnet/human_annotated/validation_set/images/2860.jpg
1315,/gpfs0/bgu-vilenchi/users/sdolev/Thesis/VLMs/data/affectnet/human_annotated/validation_set/images/1315.jpg,7,contempt,1.0,happy,/gpfs0/bgu-vilenchi/users/sdolev/Thesis/VLMs/data/affectnet/human_annotated/validation_set/images/1315.jpg
2957,/gpfs0/bgu-vilenchi/users/sdolev/Thesis/VLMs/data/affectnet/human_annotated/validation_set/images/2957.jpg,2,sad,0.0,neutral,/gpfs0/bgu-vilenchi/users/sdolev/Thesis/VLMs/data/affectnet/human_annotated/validation_set/images/2957.jpg
3960,/gpfs0/bgu-vilenchi/users/sdolev/Thesis/VLMs/data/affectnet/human_annotated/validation_set/images/3960.jpg,3,surprise,0.0,surprise,/gpfs0/bgu-vilenchi/users/sdolev/Thesis/VLMs/data/affectnet/human_annotated/validation_set/images/3960.jpg
5055,/gpfs0/bgu-vilenchi/users/sdolev/Thesis/VLMs/data/affectnet/human_annotated/validation_set/images/5055.jpg,4,fear,1.0,surprise,/gpfs0/bgu-vilenchi/users/sdolev/Thesis/VLMs/data/affectnet/human_annotated/validation_set/images/5055.jpg
1718,/gpfs0/bgu-vilenchi/users/sdolev/Thesis/VLMs/data/affectnet/human_annotated/validation_set/images/1718.jpg,2,sad,2.0,sad,/gpfs0/bgu-vilenchi/users/sdolev/Thesis/VLMs/data/affectnet/human_annotated/validation_set/images/1718.jpg
2721,/gpfs0/bgu-vilenchi/users/sdolev/Thesis/VLMs/data/affectnet/human_annotated/validation_set/images/2721.jpg,1,happy,0.0,happy,/gpfs0/bgu-vilenchi/users/sdolev/Thesis/VLMs/data/affectnet/human_annotated/validation_set/images/2721.jpg
2277,/gpfs0/bgu-vilenchi/users/sdolev/Thesis/VLMs/data/affectnet/human_annotated/validation_set/images/2277.jpg,0,neutral,0.0,neutral,/gpfs0/bgu-vilenchi/users/sdolev/Thesis/VLMs/data/affectnet/human_annotated/validation_set/images/2277.jpg
3280,/gpfs0/bgu-vilenchi/users/sdolev/Thesis/VLMs/data/affectnet/human_annotated/validation_set/images/3280.jpg,1,happy,0.0,happy,/gpfs0/bgu-vilenchi/users/sdolev/Thesis/VLMs/data/affectnet/human_annotated/validation_set/images/3280.jpg
286,/gpfs0/bgu-vilenchi/users/sdolev/Thesis/VLMs/data/affectnet/human_annotated/validation_set/images/286.jpg,5,disgust,2.0,neutral,/gpfs0/bgu-vilenchi/users/sdolev/Thesis/VLMs/data/affectnet/human_annotated/validation_set/images/286.jpg
790,/gpfs0/bgu-vilenchi/users/sdolev/Thesis/VLMs/data/affectnet/human_annotated/validation_set/images/790.jpg,0,neutral,0.0,happy,/gpfs0/bgu-vilenchi/users/sdolev/Thesis/VLMs/data/affectnet/human_annotated/validation_set/images/790.jpg
4219,/gpfs0/bgu-vilenchi/users/sdolev/Thesis/VLMs/data/affectnet/human_annotated/validation_set/images/4219.jpg,5,disgust,1.0,disgust,/gpfs0/bgu-vilenchi/users/sdolev/Thesis/VLMs/data/affectnet/human_annotated/validation_set/images/4219.jpg
5222,/gpfs0/bgu-vilenchi/users/sdolev/Thesis/VLMs/data/affectnet/human_annotated/validation_set/images/5222.jpg,2,sad,1.0,neutral,/gpfs0/bgu-vilenchi/users/sdolev/Thesis/VLMs/data/affectnet/human_annotated/validation_set/images/5222.jpg
1038,/gpfs0/bgu-vilenchi/users/sdolev/Thesis/VLMs/data/affectnet/human_annotated/validation_set/images/1038.jpg,2,sad,1.0,sad,/gpfs0/bgu-vilenchi/users/sdolev/Thesis/VLMs/data/affectnet/human_annotated/validation_set/images/1038.jpg
2041,/gpfs0/bgu-vilenchi/users/sdolev/Thesis/VLMs/data/affectnet/human_annotated/validation_set/images/2041.jpg,2,sad,0.0,sad,/gpfs0/bgu-vilenchi/users/sdolev/Thesis/VLMs/data/affectnet/human_annotated/validation_set/images/2041.jpg
2138,/gpfs0/bgu-vilenchi/users/sdolev/Thesis/VLMs/data/affectnet/human_annotated/validation_set/images/2138.jpg,4,fear,1.0,surprise,/gpfs0/bgu-vilenchi/users/sdolev/Thesis/VLMs/data/affectnet/human_annotated/validation_set/images/2138.jpg
2444,/gpfs0/bgu-vilenchi/users/sdolev/Thesis/VLMs/data/affectnet/human_annotated/validation_set/images/2444.jpg,5,disgust,1.0,neutral,/gpfs0/bgu-vilenchi/users/sdolev/Thesis/VLMs/data/affectnet/human_annotated/validation_set/images/2444.jpg
3850,/gpfs0/bgu-vilenchi/users/sdolev/Thesis/VLMs/data/affectnet/human_annotated/validation_set/images/3850.jpg,4,fear,1.0,surprise,/gpfs0/bgu-vilenchi/users/sdolev/Thesis/VLMs/data/affectnet/human_annotated/validation_set/images/3850.jpg
2611,/gpfs0/bgu-vilenchi/users/sdolev/Thesis/VLMs/data/affectnet/human_annotated/validation_set/images/2611.jpg,3,surprise,0.0,surprise,/gpfs0/bgu-vilenchi/users/sdolev/Thesis/VLMs/data/affectnet/human_annotated/validation_set/images/2611.jpg
3170,/gpfs0/bgu-vilenchi/users/sdolev/Thesis/VLMs/data/affectnet/human_annotated/validation_set/images/3170.jpg,5,disgust,1.0,surprise,/gpfs0/bgu-vilenchi/users/sdolev/Thesis/VLMs/data/affectnet/human_annotated/validation_set/images/3170.jpg
598,/gpfs0/bgu-vilenchi/users/sdolev/Thesis/VLMs/data/affectnet/human_annotated/validation_set/images/598.jpg,4,fear,1.0,happy,/gpfs0/bgu-vilenchi/users/sdolev/Thesis/VLMs/data/affectnet/human_annotated/validation_set/images/598.jpg
3267,/gpfs0/bgu-vilenchi/users/sdolev/Thesis/VLMs/data/affectnet/human_annotated/validation_set/images/3267.jpg,3,surprise,0.0,surprise,/gpfs0/bgu-vilenchi/users/sdolev/Thesis/VLMs/data/affectnet/human_annotated/validation_set/images/3267.jpg
999,/gpfs0/bgu-vilenchi/users/sdolev/Thesis/VLMs/data/affectnet/human_annotated/validation_set/images/999.jpg,3,surprise,0.0,happy,/gpfs0/bgu-vilenchi/users/sdolev/Thesis/VLMs/data/affectnet/human_annotated/validation_set/images/999.jpg
3573,/gpfs0/bgu-vilenchi/users/sdolev/Thesis/VLMs/data/affectnet/human_annotated/validation_set/images/3573.jpg,3,surprise,0.0,surprise,/gpfs0/bgu-vilenchi/users/sdolev/Thesis/VLMs/data/affectnet/human_annotated/validation_set/images/3573.jpg
5209,/gpfs0/bgu-vilenchi/users/sdolev/Thesis/VLMs/data/affectnet/human_annotated/validation_set/images/5209.jpg,4,fear,0.0,neutral,/gpfs0/bgu-vilenchi/users/sdolev/Thesis/VLMs/data/affectnet/human_annotated/validation_set/images/5209.jpg
2028,/gpfs0/bgu-vilenchi/users/sdolev/Thesis/VLMs/data/affectnet/human_annotated/validation_set/images/2028.jpg,3,surprise,0.0,surprise,/gpfs0/bgu-vilenchi/users/sdolev/Thesis/VLMs/data/affectnet/human_annotated/validation_set/images/2028.jpg
2334,/gpfs0/bgu-vilenchi/users/sdolev/Thesis/VLMs/data/affectnet/human_annotated/validation_set/images/2334.jpg,6,angry,0.0,sad,/gpfs0/bgu-vilenchi/users/sdolev/Thesis/VLMs/data/affectnet/human_annotated/validation_set/images/2334.jpg
3976,/gpfs0/bgu-vilenchi/users/sdolev/Thesis/VLMs/data/affectnet/human_annotated/validation_set/images/3976.jpg,3,surprise,1.0,surprise,/gpfs0/bgu-vilenchi/users/sdolev/Thesis/VLMs/data/affectnet/human_annotated/validation_set/images/3976.jpg
2737,/gpfs0/bgu-vilenchi/users/sdolev/Thesis/VLMs/data/affectnet/human_annotated/validation_set/images/2737.jpg,6,angry,1.0,neutral,/gpfs0/bgu-vilenchi/users/sdolev/Thesis/VLMs/data/affectnet/human_annotated/validation_set/images/2737.jpg
2501,/gpfs0/bgu-vilenchi/users/sdolev/Thesis/VLMs/data/affectnet/human_annotated/validation_set/images/2501.jpg,5,disgust,0.0,neutral,/gpfs0/bgu-vilenchi/users/sdolev/Thesis/VLMs/data/affectnet/human_annotated/validation_set/images/2501.jpg
4396,/gpfs0/bgu-vilenchi/users/sdolev/Thesis/VLMs/data/affectnet/human_annotated/validation_set/images/4396.jpg,6,angry,1.0,neutral,/gpfs0/bgu-vilenchi/users/sdolev/Thesis/VLMs/data/affectnet/human_annotated/validation_set/images/4396.jpg
2904,/gpfs0/bgu-vilenchi/users/sdolev/Thesis/VLMs/data/affectnet/human_annotated/validation_set/images/2904.jpg,1,happy,0.0,happy,/gpfs0/bgu-vilenchi/users/sdolev/Thesis/VLMs/data/affectnet/human_annotated/validation_set/images/2904.jpg
610,/gpfs0/bgu-vilenchi/users/sdolev/Thesis/VLMs/data/affectnet/human_annotated/validation_set/images/610.jpg,2,sad,1.0,neutral,/gpfs0/bgu-vilenchi/users/sdolev/Thesis/VLMs/data/affectnet/human_annotated/validation_set/images/610.jpg
3157,/gpfs0/bgu-vilenchi/users/sdolev/Thesis/VLMs/data/affectnet/human_annotated/validation_set/images/3157.jpg,0,neutral,0.0,neutral,/gpfs0/bgu-vilenchi/users/sdolev/Thesis/VLMs/data/affectnet/human_annotated/validation_set/images/3157.jpg
507,/gpfs0/bgu-vilenchi/users/sdolev/Thesis/VLMs/data/affectnet/human_annotated/validation_set/images/507.jpg,2,sad,1.0,neutral,/gpfs0/bgu-vilenchi/users/sdolev/Thesis/VLMs/data/affectnet/human_annotated/validation_set/images/507.jpg
4160,/gpfs0/bgu-vilenchi/users/sdolev/Thesis/VLMs/data/affectnet/human_annotated/validation_set/images/4160.jpg,3,surprise,2.0,neutral,/gpfs0/bgu-vilenchi/users/sdolev/Thesis/VLMs/data/affectnet/human_annotated/validation_set/images/4160.jpg
4799,/gpfs0/bgu-vilenchi/users/sdolev/Thesis/VLMs/data/affectnet/human_annotated/validation_set/images/4799.jpg,7,contempt,1.0,neutral,/gpfs0/bgu-vilenchi/users/sdolev/Thesis/VLMs/data/affectnet/human_annotated/validation_set/images/4799.jpg
908,/gpfs0/bgu-vilenchi/users/sdolev/Thesis/VLMs/data/affectnet/human_annotated/validation_set/images/908.jpg,2,sad,0.0,sad,/gpfs0/bgu-vilenchi/users/sdolev/Thesis/VLMs/data/affectnet/human_annotated/validation_set/images/908.jpg
4563,/gpfs0/bgu-vilenchi/users/sdolev/Thesis/VLMs/data/affectnet/human_annotated/validation_set/images/4563.jpg,7,contempt,2.0,surprise,/gpfs0/bgu-vilenchi/users/sdolev/Thesis/VLMs/data/affectnet/human_annotated/validation_set/images/4563.jpg
3324,/gpfs0/bgu-vilenchi/users/sdolev/Thesis/VLMs/data/affectnet/human_annotated/validation_set/images/3324.jpg,6,angry,2.0,neutral,/gpfs0/bgu-vilenchi/users/sdolev/Thesis/VLMs/data/affectnet/human_annotated/validation_set/images/3324.jpg
4966,/gpfs0/bgu-vilenchi/users/sdolev/Thesis/VLMs/data/affectnet/human_annotated/validation_set/images/4966.jpg,4,fear,0.0,surprise,/gpfs0/bgu-vilenchi/users/sdolev/Thesis/VLMs/data/affectnet/human_annotated/validation_set/images/4966.jpg
1785,/gpfs0/bgu-vilenchi/users/sdolev/Thesis/VLMs/data/affectnet/human_annotated/validation_set/images/1785.jpg,5,disgust,2.0,neutral,/gpfs0/bgu-vilenchi/users/sdolev/Thesis/VLMs/data/affectnet/human_annotated/validation_set/images/1785.jpg
3727,/gpfs0/bgu-vilenchi/users/sdolev/Thesis/VLMs/data/affectnet/human_annotated/validation_set/images/3727.jpg,1,happy,0.0,happy,/gpfs0/bgu-vilenchi/users/sdolev/Thesis/VLMs/data/affectnet/human_annotated/validation_set/images/3727.jpg
4730,/gpfs0/bgu-vilenchi/users/sdolev/Thesis/VLMs/data/affectnet/human_annotated/validation_set/images/4730.jpg,7,contempt,1.0,happy,/gpfs0/bgu-vilenchi/users/sdolev/Thesis/VLMs/data/affectnet/human_annotated/validation_set/images/4730.jpg
120,/gpfs0/bgu-vilenchi/users/sdolev/Thesis/VLMs/data/affectnet/human_annotated/validation_set/images/120.jpg,6,angry,1.0,neutral,/gpfs0/bgu-vilenchi/users/sdolev/Thesis/VLMs/data/affectnet/human_annotated/validation_set/images/120.jpg
4286,/gpfs0/bgu-vilenchi/users/sdolev/Thesis/VLMs/data/affectnet/human_annotated/validation_set/images/4286.jpg,0,neutral,0.0,neutral,/gpfs0/bgu-vilenchi/users/sdolev/Thesis/VLMs/data/affectnet/human_annotated/validation_set/images/4286.jpg
3047,/gpfs0/bgu-vilenchi/users/sdolev/Thesis/VLMs/data/affectnet/human_annotated/validation_set/images/3047.jpg,4,fear,0.0,surprise,/gpfs0/bgu-vilenchi/users/sdolev/Thesis/VLMs/data/affectnet/human_annotated/validation_set/images/3047.jpg
922,/gpfs0/bgu-vilenchi/users/sdolev/Thesis/VLMs/data/affectnet/human_annotated/validation_set/images/922.jpg,2,sad,1.0,sad,/gpfs0/bgu-vilenchi/users/sdolev/Thesis/VLMs/data/affectnet/human_annotated/validation_set/images/922.jpg
4050,/gpfs0/bgu-vilenchi/users/sdolev/Thesis/VLMs/data/affectnet/human_annotated/validation_set/images/4050.jpg,4,fear,0.0,surprise,/gpfs0/bgu-vilenchi/users/sdolev/Thesis/VLMs/data/affectnet/human_annotated/validation_set/images/4050.jpg
4689,/gpfs0/bgu-vilenchi/users/sdolev/Thesis/VLMs/data/affectnet/human_annotated/validation_set/images/4689.jpg,3,surprise,2.0,neutral,/gpfs0/bgu-vilenchi/users/sdolev/Thesis/VLMs/data/affectnet/human_annotated/validation_set/images/4689.jpg
819,/gpfs0/bgu-vilenchi/users/sdolev/Thesis/VLMs/data/affectnet/human_annotated/validation_set/images/819.jpg,3,surprise,2.0,neutral,/gpfs0/bgu-vilenchi/users/sdolev/Thesis/VLMs/data/affectnet/human_annotated/validation_set/images/819.jpg
4453,/gpfs0/bgu-vilenchi/users/sdolev/Thesis/VLMs/data/affectnet/human_annotated/validation_set/images/4453.jpg,5,disgust,0.0,contempt,/gpfs0/bgu-vilenchi/users/sdolev/Thesis/VLMs/data/affectnet/human_annotated/validation_set/images/4453.jpg
1675,/gpfs0/bgu-vilenchi/users/sdolev/Thesis/VLMs/data/affectnet/human_annotated/validation_set/images/1675.jpg,2,sad,1.0,contempt,/gpfs0/bgu-vilenchi/users/sdolev/Thesis/VLMs/data/affectnet/human_annotated/validation_set/images/1675.jpg
297,/gpfs0/bgu-vilenchi/users/sdolev/Thesis/VLMs/data/affectnet/human_annotated/validation_set/images/297.jpg,1,happy,0.0,happy,/gpfs0/bgu-vilenchi/users/sdolev/Thesis/VLMs/data/affectnet/human_annotated/validation_set/images/297.jpg
4620,/gpfs0/bgu-vilenchi/users/sdolev/Thesis/VLMs/data/affectnet/human_annotated/validation_set/images/4620.jpg,0,neutral,0.0,neutral,/gpfs0/bgu-vilenchi/users/sdolev/Thesis/VLMs/data/affectnet/human_annotated/validation_set/images/4620.jpg
432,/gpfs0/bgu-vilenchi/users/sdolev/Thesis/VLMs/data/affectnet/human_annotated/validation_set/images/432.jpg,0,neutral,2.0,surprise,/gpfs0/bgu-vilenchi/users/sdolev/Thesis/VLMs/data/affectnet/human_annotated/validation_set/images/432.jpg
833,/gpfs0/bgu-vilenchi/users/sdolev/Thesis/VLMs/data/affectnet/human_annotated/validation_set/images/833.jpg,2,sad,0.0,sad,/gpfs0/bgu-vilenchi/users/sdolev/Thesis/VLMs/data/affectnet/human_annotated/validation_set/images/833.jpg
5276,/gpfs0/bgu-vilenchi/users/sdolev/Thesis/VLMs/data/affectnet/human_annotated/validation_set/images/5276.jpg,2,sad,1.0,neutral,/gpfs0/bgu-vilenchi/users/sdolev/Thesis/VLMs/data/affectnet/human_annotated/validation_set/images/5276.jpg
2095,/gpfs0/bgu-vilenchi/users/sdolev/Thesis/VLMs/data/affectnet/human_annotated/validation_set/images/2095.jpg,3,surprise,1.0,surprise,/gpfs0/bgu-vilenchi/users/sdolev/Thesis/VLMs/data/affectnet/human_annotated/validation_set/images/2095.jpg
4037,/gpfs0/bgu-vilenchi/users/sdolev/Thesis/VLMs/data/affectnet/human_annotated/validation_set/images/4037.jpg,3,surprise,2.0,happy,/gpfs0/bgu-vilenchi/users/sdolev/Thesis/VLMs/data/affectnet/human_annotated/validation_set/images/4037.jpg
4343,/gpfs0/bgu-vilenchi/users/sdolev/Thesis/VLMs/data/affectnet/human_annotated/validation_set/images/4343.jpg,2,sad,0.0,disgust,/gpfs0/bgu-vilenchi/users/sdolev/Thesis/VLMs/data/affectnet/human_annotated/validation_set/images/4343.jpg
2498,/gpfs0/bgu-vilenchi/users/sdolev/Thesis/VLMs/data/affectnet/human_annotated/validation_set/images/2498.jpg,0,neutral,0.0,neutral,/gpfs0/bgu-vilenchi/users/sdolev/Thesis/VLMs/data/affectnet/human_annotated/validation_set/images/2498.jpg
3104,/gpfs0/bgu-vilenchi/users/sdolev/Thesis/VLMs/data/affectnet/human_annotated/validation_set/images/3104.jpg,7,contempt,2.0,neutral,/gpfs0/bgu-vilenchi/users/sdolev/Thesis/VLMs/data/affectnet/human_annotated/validation_set/images/3104.jpg
1259,/gpfs0/bgu-vilenchi/users/sdolev/Thesis/VLMs/data/affectnet/human_annotated/validation_set/images/1259.jpg,1,happy,0.0,happy,/gpfs0/bgu-vilenchi/users/sdolev/Thesis/VLMs/data/affectnet/human_annotated/validation_set/images/1259.jpg
2262,/gpfs0/bgu-vilenchi/users/sdolev/Thesis/VLMs/data/affectnet/human_annotated/validation_set/images/2262.jpg,4,fear,1.0,surprise,/gpfs0/bgu-vilenchi/users/sdolev/Thesis/VLMs/data/affectnet/human_annotated/validation_set/images/2262.jpg
1565,/gpfs0/bgu-vilenchi/users/sdolev/Thesis/VLMs/data/affectnet/human_annotated/validation_set/images/1565.jpg,3,surprise,1.0,surprise,/gpfs0/bgu-vilenchi/users/sdolev/Thesis/VLMs/data/affectnet/human_annotated/validation_set/images/1565.jpg
4204,/gpfs0/bgu-vilenchi/users/sdolev/Thesis/VLMs/data/affectnet/human_annotated/validation_set/images/4204.jpg,5,disgust,0.0,surprise,/gpfs0/bgu-vilenchi/users/sdolev/Thesis/VLMs/data/affectnet/human_annotated/validation_set/images/4204.jpg
3507,/gpfs0/bgu-vilenchi/users/sdolev/Thesis/VLMs/data/affectnet/human_annotated/validation_set/images/3507.jpg,6,angry,0.0,angry,/gpfs0/bgu-vilenchi/users/sdolev/Thesis/VLMs/data/affectnet/human_annotated/validation_set/images/3507.jpg
1023,/gpfs0/bgu-vilenchi/users/sdolev/Thesis/VLMs/data/affectnet/human_annotated/validation_set/images/1023.jpg,2,sad,1.0,sad,/gpfs0/bgu-vilenchi/users/sdolev/Thesis/VLMs/data/affectnet/human_annotated/validation_set/images/1023.jpg
206,/gpfs0/bgu-vilenchi/users/sdolev/Thesis/VLMs/data/affectnet/human_annotated/validation_set/images/206.jpg,5,disgust,2.0,happy,/gpfs0/bgu-vilenchi/users/sdolev/Thesis/VLMs/data/affectnet/human_annotated/validation_set/images/206.jpg
2665,/gpfs0/bgu-vilenchi/users/sdolev/Thesis/VLMs/data/affectnet/human_annotated/validation_set/images/2665.jpg,0,neutral,2.0,neutral,/gpfs0/bgu-vilenchi/users/sdolev/Thesis/VLMs/data/affectnet/human_annotated/validation_set/images/2665.jpg
2971,/gpfs0/bgu-vilenchi/users/sdolev/Thesis/VLMs/data/affectnet/human_annotated/validation_set/images/2971.jpg,0,neutral,0.0,neutral,/gpfs0/bgu-vilenchi/users/sdolev/Thesis/VLMs/data/affectnet/human_annotated/validation_set/images/2971.jpg
4607,/gpfs0/bgu-vilenchi/users/sdolev/Thesis/VLMs/data/affectnet/human_annotated/validation_set/images/4607.jpg,4,fear,2.0,neutral,/gpfs0/bgu-vilenchi/users/sdolev/Thesis/VLMs/data/affectnet/human_annotated/validation_set/images/4607.jpg
4913,/gpfs0/bgu-vilenchi/users/sdolev/Thesis/VLMs/data/affectnet/human_annotated/validation_set/images/4913.jpg,3,surprise,1.0,neutral,/gpfs0/bgu-vilenchi/users/sdolev/Thesis/VLMs/data/affectnet/human_annotated/validation_set/images/4913.jpg
5166,/gpfs0/bgu-vilenchi/users/sdolev/Thesis/VLMs/data/affectnet/human_annotated/validation_set/images/5166.jpg,7,contempt,0.0,happy,/gpfs0/bgu-vilenchi/users/sdolev/Thesis/VLMs/data/affectnet/human_annotated/validation_set/images/5166.jpg
2388,/gpfs0/bgu-vilenchi/users/sdolev/Thesis/VLMs/data/affectnet/human_annotated/validation_set/images/2388.jpg,3,surprise,1.0,surprise,/gpfs0/bgu-vilenchi/users/sdolev/Thesis/VLMs/data/affectnet/human_annotated/validation_set/images/2388.jpg
5333,/gpfs0/bgu-vilenchi/users/sdolev/Thesis/VLMs/data/affectnet/human_annotated/validation_set/images/5333.jpg,3,surprise,1.0,happy,/gpfs0/bgu-vilenchi/users/sdolev/Thesis/VLMs/data/affectnet/human_annotated/validation_set/images/5333.jpg
1149,/gpfs0/bgu-vilenchi/users/sdolev/Thesis/VLMs/data/affectnet/human_annotated/validation_set/images/1149.jpg,2,sad,2.0,sad,/gpfs0/bgu-vilenchi/users/sdolev/Thesis/VLMs/data/affectnet/human_annotated/validation_set/images/1149.jpg
2152,/gpfs0/bgu-vilenchi/users/sdolev/Thesis/VLMs/data/affectnet/human_annotated/validation_set/images/2152.jpg,3,surprise,0.0,surprise,/gpfs0/bgu-vilenchi/users/sdolev/Thesis/VLMs/data/affectnet/human_annotated/validation_set/images/2152.jpg
3794,/gpfs0/bgu-vilenchi/users/sdolev/Thesis/VLMs/data/affectnet/human_annotated/validation_set/images/3794.jpg,7,contempt,1.0,happy,/gpfs0/bgu-vilenchi/users/sdolev/Thesis/VLMs/data/affectnet/human_annotated/validation_set/images/3794.jpg
220,/gpfs0/bgu-vilenchi/users/sdolev/Thesis/VLMs/data/affectnet/human_annotated/validation_set/images/220.jpg,2,sad,1.0,neutral,/gpfs0/bgu-vilenchi/users/sdolev/Thesis/VLMs/data/affectnet/human_annotated/validation_set/images/220.jpg
4400,/gpfs0/bgu-vilenchi/users/sdolev/Thesis/VLMs/data/affectnet/human_annotated/validation_set/images/4400.jpg,4,fear,1.0,fear,/gpfs0/bgu-vilenchi/users/sdolev/Thesis/VLMs/data/affectnet/human_annotated/validation_set/images/4400.jpg
2555,/gpfs0/bgu-vilenchi/users/sdolev/Thesis/VLMs/data/affectnet/human_annotated/validation_set/images/2555.jpg,6,angry,1.0,neutral,/gpfs0/bgu-vilenchi/users/sdolev/Thesis/VLMs/data/affectnet/human_annotated/validation_set/images/2555.jpg
518,/gpfs0/bgu-vilenchi/users/sdolev/Thesis/VLMs/data/affectnet/human_annotated/validation_set/images/518.jpg,3,surprise,0.0,surprise,/gpfs0/bgu-vilenchi/users/sdolev/Thesis/VLMs/data/affectnet/human_annotated/validation_set/images/518.jpg
655,/gpfs0/bgu-vilenchi/users/sdolev/Thesis/VLMs/data/affectnet/human_annotated/validation_set/images/655.jpg,6,angry,2.0,sad,/gpfs0/bgu-vilenchi/users/sdolev/Thesis/VLMs/data/affectnet/human_annotated/validation_set/images/655.jpg
2861,/gpfs0/bgu-vilenchi/users/sdolev/Thesis/VLMs/data/affectnet/human_annotated/validation_set/images/2861.jpg,6,angry,1.0,surprise,/gpfs0/bgu-vilenchi/users/sdolev/Thesis/VLMs/data/affectnet/human_annotated/validation_set/images/2861.jpg
4803,/gpfs0/bgu-vilenchi/users/sdolev/Thesis/VLMs/data/affectnet/human_annotated/validation_set/images/4803.jpg,2,sad,1.0,neutral,/gpfs0/bgu-vilenchi/users/sdolev/Thesis/VLMs/data/affectnet/human_annotated/validation_set/images/4803.jpg
3961,/gpfs0/bgu-vilenchi/users/sdolev/Thesis/VLMs/data/affectnet/human_annotated/validation_set/images/3961.jpg,3,surprise,0.0,neutral,/gpfs0/bgu-vilenchi/users/sdolev/Thesis/VLMs/data/affectnet/human_annotated/validation_set/images/3961.jpg
5056,/gpfs0/bgu-vilenchi/users/sdolev/Thesis/VLMs/data/affectnet/human_annotated/validation_set/images/5056.jpg,3,surprise,1.0,surprise,/gpfs0/bgu-vilenchi/users/sdolev/Thesis/VLMs/data/affectnet/human_annotated/validation_set/images/5056.jpg
2722,/gpfs0/bgu-vilenchi/users/sdolev/Thesis/VLMs/data/affectnet/human_annotated/validation_set/images/2722.jpg,5,disgust,0.0,neutral,/gpfs0/bgu-vilenchi/users/sdolev/Thesis/VLMs/data/affectnet/human_annotated/validation_set/images/2722.jpg
2278,/gpfs0/bgu-vilenchi/users/sdolev/Thesis/VLMs/data/affectnet/human_annotated/validation_set/images/2278.jpg,7,contempt,1.0,happy,/gpfs0/bgu-vilenchi/users/sdolev/Thesis/VLMs/data/affectnet/human_annotated/validation_set/images/2278.jpg
3281,/gpfs0/bgu-vilenchi/users/sdolev/Thesis/VLMs/data/affectnet/human_annotated/validation_set/images/3281.jpg,3,surprise,1.0,neutral,/gpfs0/bgu-vilenchi/users/sdolev/Thesis/VLMs/data/affectnet/human_annotated/validation_set/images/3281.jpg
5223,/gpfs0/bgu-vilenchi/users/sdolev/Thesis/VLMs/data/affectnet/human_annotated/validation_set/images/5223.jpg,2,sad,1.0,sad,/gpfs0/bgu-vilenchi/users/sdolev/Thesis/VLMs/data/affectnet/human_annotated/validation_set/images/5223.jpg
131,/gpfs0/bgu-vilenchi/users/sdolev/Thesis/VLMs/data/affectnet/human_annotated/validation_set/images/131.jpg,5,disgust,1.0,angry,/gpfs0/bgu-vilenchi/users/sdolev/Thesis/VLMs/data/affectnet/human_annotated/validation_set/images/131.jpg
1039,/gpfs0/bgu-vilenchi/users/sdolev/Thesis/VLMs/data/affectnet/human_annotated/validation_set/images/1039.jpg,0,neutral,1.0,neutral,/gpfs0/bgu-vilenchi/users/sdolev/Thesis/VLMs/data/affectnet/human_annotated/validation_set/images/1039.jpg
2042,/gpfs0/bgu-vilenchi/users/sdolev/Thesis/VLMs/data/affectnet/human_annotated/validation_set/images/2042.jpg,0,neutral,2.0,neutral,/gpfs0/bgu-vilenchi/users/sdolev/Thesis/VLMs/data/affectnet/human_annotated/validation_set/images/2042.jpg
3684,/gpfs0/bgu-vilenchi/users/sdolev/Thesis/VLMs/data/affectnet/human_annotated/validation_set/images/3684.jpg,5,disgust,2.0,angry,/gpfs0/bgu-vilenchi/users/sdolev/Thesis/VLMs/data/affectnet/human_annotated/validation_set/images/3684.jpg
2139,/gpfs0/bgu-vilenchi/users/sdolev/Thesis/VLMs/data/affectnet/human_annotated/validation_set/images/2139.jpg,6,angry,0.0,anger,/gpfs0/bgu-vilenchi/users/sdolev/Thesis/VLMs/data/affectnet/human_annotated/validation_set/images/2139.jpg
429,/gpfs0/bgu-vilenchi/users/sdolev/Thesis/VLMs/data/affectnet/human_annotated/validation_set/images/429.jpg,5,disgust,2.0,angry,/gpfs0/bgu-vilenchi/users/sdolev/Thesis/VLMs/data/affectnet/human_annotated/validation_set/images/429.jpg
2445,/gpfs0/bgu-vilenchi/users/sdolev/Thesis/VLMs/data/affectnet/human_annotated/validation_set/images/2445.jpg,2,sad,2.0,surprise,/gpfs0/bgu-vilenchi/users/sdolev/Thesis/VLMs/data/affectnet/human_annotated/validation_set/images/2445.jpg
967,/gpfs0/bgu-vilenchi/users/sdolev/Thesis/VLMs/data/affectnet/human_annotated/validation_set/images/967.jpg,6,angry,0.0,surprise,/gpfs0/bgu-vilenchi/users/sdolev/Thesis/VLMs/data/affectnet/human_annotated/validation_set/images/967.jpg
1206,/gpfs0/bgu-vilenchi/users/sdolev/Thesis/VLMs/data/affectnet/human_annotated/validation_set/images/1206.jpg,2,sad,1.0,neutral,/gpfs0/bgu-vilenchi/users/sdolev/Thesis/VLMs/data/affectnet/human_annotated/validation_set/images/1206.jpg
2848,/gpfs0/bgu-vilenchi/users/sdolev/Thesis/VLMs/data/affectnet/human_annotated/validation_set/images/2848.jpg,3,surprise,2.0,neutral,/gpfs0/bgu-vilenchi/users/sdolev/Thesis/VLMs/data/affectnet/human_annotated/validation_set/images/2848.jpg
1609,/gpfs0/bgu-vilenchi/users/sdolev/Thesis/VLMs/data/affectnet/human_annotated/validation_set/images/1609.jpg,2,sad,1.0,neutral,/gpfs0/bgu-vilenchi/users/sdolev/Thesis/VLMs/data/affectnet/human_annotated/validation_set/images/1609.jpg
2612,/gpfs0/bgu-vilenchi/users/sdolev/Thesis/VLMs/data/affectnet/human_annotated/validation_set/images/2612.jpg,6,angry,2.0,neutral,/gpfs0/bgu-vilenchi/users/sdolev/Thesis/VLMs/data/affectnet/human_annotated/validation_set/images/2612.jpg
5113,/gpfs0/bgu-vilenchi/users/sdolev/Thesis/VLMs/data/affectnet/human_annotated/validation_set/images/5113.jpg,0,neutral,1.0,angry,/gpfs0/bgu-vilenchi/users/sdolev/Thesis/VLMs/data/affectnet/human_annotated/validation_set/images/5113.jpg
443,/gpfs0/bgu-vilenchi/users/sdolev/Thesis/VLMs/data/affectnet/human_annotated/validation_set/images/443.jpg,0,neutral,1.0,happy,/gpfs0/bgu-vilenchi/users/sdolev/Thesis/VLMs/data/affectnet/human_annotated/validation_set/images/443.jpg
3574,/gpfs0/bgu-vilenchi/users/sdolev/Thesis/VLMs/data/affectnet/human_annotated/validation_set/images/3574.jpg,7,contempt,0.0,neutral,/gpfs0/bgu-vilenchi/users/sdolev/Thesis/VLMs/data/affectnet/human_annotated/validation_set/images/3574.jpg
580,/gpfs0/bgu-vilenchi/users/sdolev/Thesis/VLMs/data/affectnet/human_annotated/validation_set/images/580.jpg,4,fear,2.0,sad,/gpfs0/bgu-vilenchi/users/sdolev/Thesis/VLMs/data/affectnet/human_annotated/validation_set/images/580.jpg
2029,/gpfs0/bgu-vilenchi/users/sdolev/Thesis/VLMs/data/affectnet/human_annotated/validation_set/images/2029.jpg,5,disgust,0.0,neutral,/gpfs0/bgu-vilenchi/users/sdolev/Thesis/VLMs/data/affectnet/human_annotated/validation_set/images/2029.jpg
981,/gpfs0/bgu-vilenchi/users/sdolev/Thesis/VLMs/data/affectnet/human_annotated/validation_set/images/981.jpg,0,neutral,2.0,neutral,/gpfs0/bgu-vilenchi/users/sdolev/Thesis/VLMs/data/affectnet/human_annotated/validation_set/images/981.jpg
2335,/gpfs0/bgu-vilenchi/users/sdolev/Thesis/VLMs/data/affectnet/human_annotated/validation_set/images/2335.jpg,6,angry,2.0,neutral,/gpfs0/bgu-vilenchi/users/sdolev/Thesis/VLMs/data/affectnet/human_annotated/validation_set/images/2335.jpg
878,/gpfs0/bgu-vilenchi/users/sdolev/Thesis/VLMs/data/affectnet/human_annotated/validation_set/images/878.jpg,4,fear,1.0,surprise,/gpfs0/bgu-vilenchi/users/sdolev/Thesis/VLMs/data/affectnet/human_annotated/validation_set/images/878.jpg
4980,/gpfs0/bgu-vilenchi/users/sdolev/Thesis/VLMs/data/affectnet/human_annotated/validation_set/images/4980.jpg,3,surprise,2.0,neutral,/gpfs0/bgu-vilenchi/users/sdolev/Thesis/VLMs/data/affectnet/human_annotated/validation_set/images/4980.jpg
3435,/gpfs0/bgu-vilenchi/users/sdolev/Thesis/VLMs/data/affectnet/human_annotated/validation_set/images/3435.jpg,4,fear,2.0,surprise,/gpfs0/bgu-vilenchi/users/sdolev/Thesis/VLMs/data/affectnet/human_annotated/validation_set/images/3435.jpg
2738,/gpfs0/bgu-vilenchi/users/sdolev/Thesis/VLMs/data/affectnet/human_annotated/validation_set/images/2738.jpg,0,neutral,1.0,neutral,/gpfs0/bgu-vilenchi/users/sdolev/Thesis/VLMs/data/affectnet/human_annotated/validation_set/images/2738.jpg
3741,/gpfs0/bgu-vilenchi/users/sdolev/Thesis/VLMs/data/affectnet/human_annotated/validation_set/images/3741.jpg,5,disgust,1.0,angry,/gpfs0/bgu-vilenchi/users/sdolev/Thesis/VLMs/data/affectnet/human_annotated/validation_set/images/3741.jpg
3838,/gpfs0/bgu-vilenchi/users/sdolev/Thesis/VLMs/data/affectnet/human_annotated/validation_set/images/3838.jpg,3,surprise,2.0,neutral,/gpfs0/bgu-vilenchi/users/sdolev/Thesis/VLMs/data/affectnet/human_annotated/validation_set/images/3838.jpg
2502,/gpfs0/bgu-vilenchi/users/sdolev/Thesis/VLMs/data/affectnet/human_annotated/validation_set/images/2502.jpg,7,contempt,2.0,neutral,/gpfs0/bgu-vilenchi/users/sdolev/Thesis/VLMs/data/affectnet/human_annotated/validation_set/images/2502.jpg
2905,/gpfs0/bgu-vilenchi/users/sdolev/Thesis/VLMs/data/affectnet/human_annotated/validation_set/images/2905.jpg,2,sad,1.0,surprise,/gpfs0/bgu-vilenchi/users/sdolev/Thesis/VLMs/data/affectnet/human_annotated/validation_set/images/2905.jpg
354,/gpfs0/bgu-vilenchi/users/sdolev/Thesis/VLMs/data/affectnet/human_annotated/validation_set/images/354.jpg,7,contempt,1.0,happy,/gpfs0/bgu-vilenchi/users/sdolev/Thesis/VLMs/data/affectnet/human_annotated/validation_set/images/354.jpg
3158,/gpfs0/bgu-vilenchi/users/sdolev/Thesis/VLMs/data/affectnet/human_annotated/validation_set/images/3158.jpg,2,sad,1.0,neutral,/gpfs0/bgu-vilenchi/users/sdolev/Thesis/VLMs/data/affectnet/human_annotated/validation_set/images/3158.jpg
4161,/gpfs0/bgu-vilenchi/users/sdolev/Thesis/VLMs/data/affectnet/human_annotated/validation_set/images/4161.jpg,5,disgust,1.0,happy,/gpfs0/bgu-vilenchi/users/sdolev/Thesis/VLMs/data/affectnet/human_annotated/validation_set/images/4161.jpg
892,/gpfs0/bgu-vilenchi/users/sdolev/Thesis/VLMs/data/affectnet/human_annotated/validation_set/images/892.jpg,1,happy,0.0,happy,/gpfs0/bgu-vilenchi/users/sdolev/Thesis/VLMs/data/affectnet/human_annotated/validation_set/images/892.jpg
1383,/gpfs0/bgu-vilenchi/users/sdolev/Thesis/VLMs/data/affectnet/human_annotated/validation_set/images/1383.jpg,3,surprise,1.0,surprise,/gpfs0/bgu-vilenchi/users/sdolev/Thesis/VLMs/data/affectnet/human_annotated/validation_set/images/1383.jpg
4870,/gpfs0/bgu-vilenchi/users/sdolev/Thesis/VLMs/data/affectnet/human_annotated/validation_set/images/4870.jpg,2,sad,1.0,sad,/gpfs0/bgu-vilenchi/users/sdolev/Thesis/VLMs/data/affectnet/human_annotated/validation_set/images/4870.jpg
4967,/gpfs0/bgu-vilenchi/users/sdolev/Thesis/VLMs/data/affectnet/human_annotated/validation_set/images/4967.jpg,1,happy,0.0,happy,/gpfs0/bgu-vilenchi/users/sdolev/Thesis/VLMs/data/affectnet/human_annotated/validation_set/images/4967.jpg
3631,/gpfs0/bgu-vilenchi/users/sdolev/Thesis/VLMs/data/affectnet/human_annotated/validation_set/images/3631.jpg,3,surprise,2.0,neutral,/gpfs0/bgu-vilenchi/users/sdolev/Thesis/VLMs/data/affectnet/human_annotated/validation_set/images/3631.jpg
1786,/gpfs0/bgu-vilenchi/users/sdolev/Thesis/VLMs/data/affectnet/human_annotated/validation_set/images/1786.jpg,0,neutral,0.0,neutral,/gpfs0/bgu-vilenchi/users/sdolev/Thesis/VLMs/data/affectnet/human_annotated/validation_set/images/1786.jpg
3728,/gpfs0/bgu-vilenchi/users/sdolev/Thesis/VLMs/data/affectnet/human_annotated/validation_set/images/3728.jpg,4,fear,1.0,happy,/gpfs0/bgu-vilenchi/users/sdolev/Thesis/VLMs/data/affectnet/human_annotated/validation_set/images/3728.jpg
4731,/gpfs0/bgu-vilenchi/users/sdolev/Thesis/VLMs/data/affectnet/human_annotated/validation_set/images/4731.jpg,2,sad,2.0,sad,/gpfs0/bgu-vilenchi/users/sdolev/Thesis/VLMs/data/affectnet/human_annotated/validation_set/images/4731.jpg
1550,/gpfs0/bgu-vilenchi/users/sdolev/Thesis/VLMs/data/affectnet/human_annotated/validation_set/images/1550.jpg,1,happy,0.0,happy,/gpfs0/bgu-vilenchi/users/sdolev/Thesis/VLMs/data/affectnet/human_annotated/validation_set/images/1550.jpg
5290,/gpfs0/bgu-vilenchi/users/sdolev/Thesis/VLMs/data/affectnet/human_annotated/validation_set/images/5290.jpg,0,neutral,0.0,neutral,/gpfs0/bgu-vilenchi/users/sdolev/Thesis/VLMs/data/affectnet/human_annotated/validation_set/images/5290.jpg
265,/gpfs0/bgu-vilenchi/users/sdolev/Thesis/VLMs/data/affectnet/human_annotated/validation_set/images/265.jpg,4,fear,0.0,surprise,/gpfs0/bgu-vilenchi/users/sdolev/Thesis/VLMs/data/affectnet/human_annotated/validation_set/images/265.jpg
1953,/gpfs0/bgu-vilenchi/users/sdolev/Thesis/VLMs/data/affectnet/human_annotated/validation_set/images/1953.jpg,3,surprise,0.0,surprise,/gpfs0/bgu-vilenchi/users/sdolev/Thesis/VLMs/data/affectnet/human_annotated/validation_set/images/1953.jpg
666,/gpfs0/bgu-vilenchi/users/sdolev/Thesis/VLMs/data/affectnet/human_annotated/validation_set/images/666.jpg,5,disgust,0.0,surprise,/gpfs0/bgu-vilenchi/users/sdolev/Thesis/VLMs/data/affectnet/human_annotated/validation_set/images/666.jpg
4454,/gpfs0/bgu-vilenchi/users/sdolev/Thesis/VLMs/data/affectnet/human_annotated/validation_set/images/4454.jpg,7,contempt,1.0,happy,/gpfs0/bgu-vilenchi/users/sdolev/Thesis/VLMs/data/affectnet/human_annotated/validation_set/images/4454.jpg
1273,/gpfs0/bgu-vilenchi/users/sdolev/Thesis/VLMs/data/affectnet/human_annotated/validation_set/images/1273.jpg,5,disgust,0.0,disgust,/gpfs0/bgu-vilenchi/users/sdolev/Thesis/VLMs/data/affectnet/human_annotated/validation_set/images/1273.jpg
3215,/gpfs0/bgu-vilenchi/users/sdolev/Thesis/VLMs/data/affectnet/human_annotated/validation_set/images/3215.jpg,6,angry,2.0,surprise,/gpfs0/bgu-vilenchi/users/sdolev/Thesis/VLMs/data/affectnet/human_annotated/validation_set/images/3215.jpg
3618,/gpfs0/bgu-vilenchi/users/sdolev/Thesis/VLMs/data/affectnet/human_annotated/validation_set/images/3618.jpg,6,angry,2.0,neutral,/gpfs0/bgu-vilenchi/users/sdolev/Thesis/VLMs/data/affectnet/human_annotated/validation_set/images/3618.jpg
4621,/gpfs0/bgu-vilenchi/users/sdolev/Thesis/VLMs/data/affectnet/human_annotated/validation_set/images/4621.jpg,3,surprise,2.0,happy,/gpfs0/bgu-vilenchi/users/sdolev/Thesis/VLMs/data/affectnet/human_annotated/validation_set/images/4621.jpg
1440,/gpfs0/bgu-vilenchi/users/sdolev/Thesis/VLMs/data/affectnet/human_annotated/validation_set/images/1440.jpg,6,angry,0.0,neutral,/gpfs0/bgu-vilenchi/users/sdolev/Thesis/VLMs/data/affectnet/human_annotated/validation_set/images/1440.jpg
176,/gpfs0/bgu-vilenchi/users/sdolev/Thesis/VLMs/data/affectnet/human_annotated/validation_set/images/176.jpg,6,angry,1.0,surprise,/gpfs0/bgu-vilenchi/users/sdolev/Thesis/VLMs/data/affectnet/human_annotated/validation_set/images/176.jpg
5180,/gpfs0/bgu-vilenchi/users/sdolev/Thesis/VLMs/data/affectnet/human_annotated/validation_set/images/5180.jpg,0,neutral,0.0,sad,/gpfs0/bgu-vilenchi/users/sdolev/Thesis/VLMs/data/affectnet/human_annotated/validation_set/images/5180.jpg
1843,/gpfs0/bgu-vilenchi/users/sdolev/Thesis/VLMs/data/affectnet/human_annotated/validation_set/images/1843.jpg,0,neutral,1.0,neutral,/gpfs0/bgu-vilenchi/users/sdolev/Thesis/VLMs/data/affectnet/human_annotated/validation_set/images/1843.jpg
577,/gpfs0/bgu-vilenchi/users/sdolev/Thesis/VLMs/data/affectnet/human_annotated/validation_set/images/577.jpg,3,surprise,1.0,happy,/gpfs0/bgu-vilenchi/users/sdolev/Thesis/VLMs/data/affectnet/human_annotated/validation_set/images/577.jpg
5277,/gpfs0/bgu-vilenchi/users/sdolev/Thesis/VLMs/data/affectnet/human_annotated/validation_set/images/5277.jpg,2,sad,2.0,neutral,/gpfs0/bgu-vilenchi/users/sdolev/Thesis/VLMs/data/affectnet/human_annotated/validation_set/images/5277.jpg
978,/gpfs0/bgu-vilenchi/users/sdolev/Thesis/VLMs/data/affectnet/human_annotated/validation_set/images/978.jpg,2,sad,1.0,neutral,/gpfs0/bgu-vilenchi/users/sdolev/Thesis/VLMs/data/affectnet/human_annotated/validation_set/images/978.jpg
4344,/gpfs0/bgu-vilenchi/users/sdolev/Thesis/VLMs/data/affectnet/human_annotated/validation_set/images/4344.jpg,4,fear,0.0,surprise,/gpfs0/bgu-vilenchi/users/sdolev/Thesis/VLMs/data/affectnet/human_annotated/validation_set/images/4344.jpg
2499,/gpfs0/bgu-vilenchi/users/sdolev/Thesis/VLMs/data/affectnet/human_annotated/validation_set/images/2499.jpg,6,angry,0.0,neutral,/gpfs0/bgu-vilenchi/users/sdolev/Thesis/VLMs/data/affectnet/human_annotated/validation_set/images/2499.jpg
4747,/gpfs0/bgu-vilenchi/users/sdolev/Thesis/VLMs/data/affectnet/human_annotated/validation_set/images/4747.jpg,7,contempt,1.0,happy,/gpfs0/bgu-vilenchi/users/sdolev/Thesis/VLMs/data/affectnet/human_annotated/validation_set/images/4747.jpg
2263,/gpfs0/bgu-vilenchi/users/sdolev/Thesis/VLMs/data/affectnet/human_annotated/validation_set/images/2263.jpg,4,fear,0.0,surprise,/gpfs0/bgu-vilenchi/users/sdolev/Thesis/VLMs/data/affectnet/human_annotated/validation_set/images/2263.jpg
1566,/gpfs0/bgu-vilenchi/users/sdolev/Thesis/VLMs/data/affectnet/human_annotated/validation_set/images/1566.jpg,6,angry,0.0,angry,/gpfs0/bgu-vilenchi/users/sdolev/Thesis/VLMs/data/affectnet/human_annotated/validation_set/images/1566.jpg
4205,/gpfs0/bgu-vilenchi/users/sdolev/Thesis/VLMs/data/affectnet/human_annotated/validation_set/images/4205.jpg,0,neutral,1.0,neutral,/gpfs0/bgu-vilenchi/users/sdolev/Thesis/VLMs/data/affectnet/human_annotated/validation_set/images/4205.jpg
1024,/gpfs0/bgu-vilenchi/users/sdolev/Thesis/VLMs/data/affectnet/human_annotated/validation_set/images/1024.jpg,3,surprise,2.0,happy,/gpfs0/bgu-vilenchi/users/sdolev/Thesis/VLMs/data/affectnet/human_annotated/validation_set/images/1024.jpg
4511,/gpfs0/bgu-vilenchi/users/sdolev/Thesis/VLMs/data/affectnet/human_annotated/validation_set/images/4511.jpg,0,neutral,0.0,neutral,/gpfs0/bgu-vilenchi/users/sdolev/Thesis/VLMs/data/affectnet/human_annotated/validation_set/images/4511.jpg
2666,/gpfs0/bgu-vilenchi/users/sdolev/Thesis/VLMs/data/affectnet/human_annotated/validation_set/images/2666.jpg,3,surprise,1.0,neutral,/gpfs0/bgu-vilenchi/users/sdolev/Thesis/VLMs/data/affectnet/human_annotated/validation_set/images/2666.jpg
1330,/gpfs0/bgu-vilenchi/users/sdolev/Thesis/VLMs/data/affectnet/human_annotated/validation_set/images/1330.jpg,2,sad,0.0,sad,/gpfs0/bgu-vilenchi/users/sdolev/Thesis/VLMs/data/affectnet/human_annotated/validation_set/images/1330.jpg
1969,/gpfs0/bgu-vilenchi/users/sdolev/Thesis/VLMs/data/affectnet/human_annotated/validation_set/images/1969.jpg,5,disgust,0.0,disgust,/gpfs0/bgu-vilenchi/users/sdolev/Thesis/VLMs/data/affectnet/human_annotated/validation_set/images/1969.jpg
591,/gpfs0/bgu-vilenchi/users/sdolev/Thesis/VLMs/data/affectnet/human_annotated/validation_set/images/591.jpg,5,disgust,0.0,disgust,/gpfs0/bgu-vilenchi/users/sdolev/Thesis/VLMs/data/affectnet/human_annotated/validation_set/images/591.jpg
5167,/gpfs0/bgu-vilenchi/users/sdolev/Thesis/VLMs/data/affectnet/human_annotated/validation_set/images/5167.jpg,2,sad,2.0,sad,/gpfs0/bgu-vilenchi/users/sdolev/Thesis/VLMs/data/affectnet/human_annotated/validation_set/images/5167.jpg
2389,/gpfs0/bgu-vilenchi/users/sdolev/Thesis/VLMs/data/affectnet/human_annotated/validation_set/images/2389.jpg,6,angry,1.0,surprise,/gpfs0/bgu-vilenchi/users/sdolev/Thesis/VLMs/data/affectnet/human_annotated/validation_set/images/2389.jpg
3392,/gpfs0/bgu-vilenchi/users/sdolev/Thesis/VLMs/data/affectnet/human_annotated/validation_set/images/3392.jpg,7,contempt,0.0,neutral,/gpfs0/bgu-vilenchi/users/sdolev/Thesis/VLMs/data/affectnet/human_annotated/validation_set/images/3392.jpg
1900,/gpfs0/bgu-vilenchi/users/sdolev/Thesis/VLMs/data/affectnet/human_annotated/validation_set/images/1900.jpg,6,angry,1.0,surprise,/gpfs0/bgu-vilenchi/users/sdolev/Thesis/VLMs/data/affectnet/human_annotated/validation_set/images/1900.jpg
5334,/gpfs0/bgu-vilenchi/users/sdolev/Thesis/VLMs/data/affectnet/human_annotated/validation_set/images/5334.jpg,2,sad,1.0,sad,/gpfs0/bgu-vilenchi/users/sdolev/Thesis/VLMs/data/affectnet/human_annotated/validation_set/images/5334.jpg
2153,/gpfs0/bgu-vilenchi/users/sdolev/Thesis/VLMs/data/affectnet/human_annotated/validation_set/images/2153.jpg,1,happy,0.0,happy,/gpfs0/bgu-vilenchi/users/sdolev/Thesis/VLMs/data/affectnet/human_annotated/validation_set/images/2153.jpg
3795,/gpfs0/bgu-vilenchi/users/sdolev/Thesis/VLMs/data/affectnet/human_annotated/validation_set/images/3795.jpg,2,sad,1.0,sad,/gpfs0/bgu-vilenchi/users/sdolev/Thesis/VLMs/data/affectnet/human_annotated/validation_set/images/3795.jpg
2556,/gpfs0/bgu-vilenchi/users/sdolev/Thesis/VLMs/data/affectnet/human_annotated/validation_set/images/2556.jpg,3,surprise,1.0,surprise,/gpfs0/bgu-vilenchi/users/sdolev/Thesis/VLMs/data/affectnet/human_annotated/validation_set/images/2556.jpg
2862,/gpfs0/bgu-vilenchi/users/sdolev/Thesis/VLMs/data/affectnet/human_annotated/validation_set/images/2862.jpg,0,neutral,1.0,angry,/gpfs0/bgu-vilenchi/users/sdolev/Thesis/VLMs/data/affectnet/human_annotated/validation_set/images/2862.jpg
399,/gpfs0/bgu-vilenchi/users/sdolev/Thesis/VLMs/data/affectnet/human_annotated/validation_set/images/399.jpg,5,disgust,2.0,neutral,/gpfs0/bgu-vilenchi/users/sdolev/Thesis/VLMs/data/affectnet/human_annotated/validation_set/images/399.jpg
1317,/gpfs0/bgu-vilenchi/users/sdolev/Thesis/VLMs/data/affectnet/human_annotated/validation_set/images/1317.jpg,5,disgust,2.0,neutral,/gpfs0/bgu-vilenchi/users/sdolev/Thesis/VLMs/data/affectnet/human_annotated/validation_set/images/1317.jpg
2320,/gpfs0/bgu-vilenchi/users/sdolev/Thesis/VLMs/data/affectnet/human_annotated/validation_set/images/2320.jpg,7,contempt,1.0,neutral,/gpfs0/bgu-vilenchi/users/sdolev/Thesis/VLMs/data/affectnet/human_annotated/validation_set/images/2320.jpg
500,/gpfs0/bgu-vilenchi/users/sdolev/Thesis/VLMs/data/affectnet/human_annotated/validation_set/images/500.jpg,7,contempt,1.0,happy,/gpfs0/bgu-vilenchi/users/sdolev/Thesis/VLMs/data/affectnet/human_annotated/validation_set/images/500.jpg
5057,/gpfs0/bgu-vilenchi/users/sdolev/Thesis/VLMs/data/affectnet/human_annotated/validation_set/images/5057.jpg,1,happy,0.0,happy,/gpfs0/bgu-vilenchi/users/sdolev/Thesis/VLMs/data/affectnet/human_annotated/validation_set/images/5057.jpg
901,/gpfs0/bgu-vilenchi/users/sdolev/Thesis/VLMs/data/affectnet/human_annotated/validation_set/images/901.jpg,6,angry,0.0,surprise,/gpfs0/bgu-vilenchi/users/sdolev/Thesis/VLMs/data/affectnet/human_annotated/validation_set/images/901.jpg
2723,/gpfs0/bgu-vilenchi/users/sdolev/Thesis/VLMs/data/affectnet/human_annotated/validation_set/images/2723.jpg,3,surprise,0.0,surprise,/gpfs0/bgu-vilenchi/users/sdolev/Thesis/VLMs/data/affectnet/human_annotated/validation_set/images/2723.jpg
2279,/gpfs0/bgu-vilenchi/users/sdolev/Thesis/VLMs/data/affectnet/human_annotated/validation_set/images/2279.jpg,4,fear,0.0,surprise,/gpfs0/bgu-vilenchi/users/sdolev/Thesis/VLMs/data/affectnet/human_annotated/validation_set/images/2279.jpg
3282,/gpfs0/bgu-vilenchi/users/sdolev/Thesis/VLMs/data/affectnet/human_annotated/validation_set/images/3282.jpg,1,happy,0.0,happy,/gpfs0/bgu-vilenchi/users/sdolev/Thesis/VLMs/data/affectnet/human_annotated/validation_set/images/3282.jpg
5224,/gpfs0/bgu-vilenchi/users/sdolev/Thesis/VLMs/data/affectnet/human_annotated/validation_set/images/5224.jpg,7,contempt,1.0,neutral,/gpfs0/bgu-vilenchi/users/sdolev/Thesis/VLMs/data/affectnet/human_annotated/validation_set/images/5224.jpg
2043,/gpfs0/bgu-vilenchi/users/sdolev/Thesis/VLMs/data/affectnet/human_annotated/validation_set/images/2043.jpg,5,disgust,0.0,angry,/gpfs0/bgu-vilenchi/users/sdolev/Thesis/VLMs/data/affectnet/human_annotated/validation_set/images/2043.jpg
3685,/gpfs0/bgu-vilenchi/users/sdolev/Thesis/VLMs/data/affectnet/human_annotated/validation_set/images/3685.jpg,2,sad,1.0,neutral,/gpfs0/bgu-vilenchi/users/sdolev/Thesis/VLMs/data/affectnet/human_annotated/validation_set/images/3685.jpg
2210,/gpfs0/bgu-vilenchi/users/sdolev/Thesis/VLMs/data/affectnet/human_annotated/validation_set/images/2210.jpg,7,contempt,2.0,neutral,/gpfs0/bgu-vilenchi/users/sdolev/Thesis/VLMs/data/affectnet/human_annotated/validation_set/images/2210.jpg
2849,/gpfs0/bgu-vilenchi/users/sdolev/Thesis/VLMs/data/affectnet/human_annotated/validation_set/images/2849.jpg,7,contempt,0.0,neutral,/gpfs0/bgu-vilenchi/users/sdolev/Thesis/VLMs/data/affectnet/human_annotated/validation_set/images/2849.jpg
812,/gpfs0/bgu-vilenchi/users/sdolev/Thesis/VLMs/data/affectnet/human_annotated/validation_set/images/812.jpg,4,fear,1.0,fear,/gpfs0/bgu-vilenchi/users/sdolev/Thesis/VLMs/data/affectnet/human_annotated/validation_set/images/812.jpg
709,/gpfs0/bgu-vilenchi/users/sdolev/Thesis/VLMs/data/affectnet/human_annotated/validation_set/images/709.jpg,0,neutral,1.0,neutral,/gpfs0/bgu-vilenchi/users/sdolev/Thesis/VLMs/data/affectnet/human_annotated/validation_set/images/709.jpg
2613,/gpfs0/bgu-vilenchi/users/sdolev/Thesis/VLMs/data/affectnet/human_annotated/validation_set/images/2613.jpg,2,sad,0.0,sad,/gpfs0/bgu-vilenchi/users/sdolev/Thesis/VLMs/data/affectnet/human_annotated/validation_set/images/2613.jpg
3172,/gpfs0/bgu-vilenchi/users/sdolev/Thesis/VLMs/data/affectnet/human_annotated/validation_set/images/3172.jpg,1,happy,0.0,happy,/gpfs0/bgu-vilenchi/users/sdolev/Thesis/VLMs/data/affectnet/human_annotated/validation_set/images/3172.jpg
3269,/gpfs0/bgu-vilenchi/users/sdolev/Thesis/VLMs/data/affectnet/human_annotated/validation_set/images/3269.jpg,6,angry,0.0,surprise,/gpfs0/bgu-vilenchi/users/sdolev/Thesis/VLMs/data/affectnet/human_annotated/validation_set/images/3269.jpg
3033,/gpfs0/bgu-vilenchi/users/sdolev/Thesis/VLMs/data/affectnet/human_annotated/validation_set/images/3033.jpg,0,neutral,2.0,happy,/gpfs0/bgu-vilenchi/users/sdolev/Thesis/VLMs/data/affectnet/human_annotated/validation_set/images/3033.jpg
2336,/gpfs0/bgu-vilenchi/users/sdolev/Thesis/VLMs/data/affectnet/human_annotated/validation_set/images/2336.jpg,6,angry,2.0,neutral,/gpfs0/bgu-vilenchi/users/sdolev/Thesis/VLMs/data/affectnet/human_annotated/validation_set/images/2336.jpg
3978,/gpfs0/bgu-vilenchi/users/sdolev/Thesis/VLMs/data/affectnet/human_annotated/validation_set/images/3978.jpg,7,contempt,0.0,happy,/gpfs0/bgu-vilenchi/users/sdolev/Thesis/VLMs/data/affectnet/human_annotated/validation_set/images/3978.jpg
1494,/gpfs0/bgu-vilenchi/users/sdolev/Thesis/VLMs/data/affectnet/human_annotated/validation_set/images/1494.jpg,5,disgust,0.0,surprise,/gpfs0/bgu-vilenchi/users/sdolev/Thesis/VLMs/data/affectnet/human_annotated/validation_set/images/1494.jpg
322,/gpfs0/bgu-vilenchi/users/sdolev/Thesis/VLMs/data/affectnet/human_annotated/validation_set/images/322.jpg,2,sad,2.0,neutral,/gpfs0/bgu-vilenchi/users/sdolev/Thesis/VLMs/data/affectnet/human_annotated/validation_set/images/322.jpg
3436,/gpfs0/bgu-vilenchi/users/sdolev/Thesis/VLMs/data/affectnet/human_annotated/validation_set/images/3436.jpg,7,contempt,1.0,happy,/gpfs0/bgu-vilenchi/users/sdolev/Thesis/VLMs/data/affectnet/human_annotated/validation_set/images/3436.jpg
723,/gpfs0/bgu-vilenchi/users/sdolev/Thesis/VLMs/data/affectnet/human_annotated/validation_set/images/723.jpg,0,neutral,0.0,neutral,/gpfs0/bgu-vilenchi/users/sdolev/Thesis/VLMs/data/affectnet/human_annotated/validation_set/images/723.jpg
2739,/gpfs0/bgu-vilenchi/users/sdolev/Thesis/VLMs/data/affectnet/human_annotated/validation_set/images/2739.jpg,5,disgust,1.0,neutral,/gpfs0/bgu-vilenchi/users/sdolev/Thesis/VLMs/data/affectnet/human_annotated/validation_set/images/2739.jpg
1897,/gpfs0/bgu-vilenchi/users/sdolev/Thesis/VLMs/data/affectnet/human_annotated/validation_set/images/1897.jpg,4,fear,2.0,happy,/gpfs0/bgu-vilenchi/users/sdolev/Thesis/VLMs/data/affectnet/human_annotated/validation_set/images/1897.jpg
3839,/gpfs0/bgu-vilenchi/users/sdolev/Thesis/VLMs/data/affectnet/human_annotated/validation_set/images/3839.jpg,4,fear,0.0,surprise,/gpfs0/bgu-vilenchi/users/sdolev/Thesis/VLMs/data/affectnet/human_annotated/validation_set/images/3839.jpg
2503,/gpfs0/bgu-vilenchi/users/sdolev/Thesis/VLMs/data/affectnet/human_annotated/validation_set/images/2503.jpg,5,disgust,1.0,happy,/gpfs0/bgu-vilenchi/users/sdolev/Thesis/VLMs/data/affectnet/human_annotated/validation_set/images/2503.jpg
4,/gpfs0/bgu-vilenchi/users/sdolev/Thesis/VLMs/data/affectnet/human_annotated/validation_set/images/4.jpg,2,sad,1.0,sad,/gpfs0/bgu-vilenchi/users/sdolev/Thesis/VLMs/data/affectnet/human_annotated/validation_set/images/4.jpg
2906,/gpfs0/bgu-vilenchi/users/sdolev/Thesis/VLMs/data/affectnet/human_annotated/validation_set/images/2906.jpg,2,sad,2.0,neutral,/gpfs0/bgu-vilenchi/users/sdolev/Thesis/VLMs/data/affectnet/human_annotated/validation_set/images/2906.jpg
3159,/gpfs0/bgu-vilenchi/users/sdolev/Thesis/VLMs/data/affectnet/human_annotated/validation_set/images/3159.jpg,4,fear,0.0,surprise,/gpfs0/bgu-vilenchi/users/sdolev/Thesis/VLMs/data/affectnet/human_annotated/validation_set/images/3159.jpg
4162,/gpfs0/bgu-vilenchi/users/sdolev/Thesis/VLMs/data/affectnet/human_annotated/validation_set/images/4162.jpg,0,neutral,0.0,neutral,/gpfs0/bgu-vilenchi/users/sdolev/Thesis/VLMs/data/affectnet/human_annotated/validation_set/images/4162.jpg
4565,/gpfs0/bgu-vilenchi/users/sdolev/Thesis/VLMs/data/affectnet/human_annotated/validation_set/images/4565.jpg,0,neutral,1.0,neutral,/gpfs0/bgu-vilenchi/users/sdolev/Thesis/VLMs/data/affectnet/human_annotated/validation_set/images/4565.jpg
1384,/gpfs0/bgu-vilenchi/users/sdolev/Thesis/VLMs/data/affectnet/human_annotated/validation_set/images/1384.jpg,7,contempt,0.0,angry,/gpfs0/bgu-vilenchi/users/sdolev/Thesis/VLMs/data/affectnet/human_annotated/validation_set/images/1384.jpg
4871,/gpfs0/bgu-vilenchi/users/sdolev/Thesis/VLMs/data/affectnet/human_annotated/validation_set/images/4871.jpg,7,contempt,1.0,neutral,/gpfs0/bgu-vilenchi/users/sdolev/Thesis/VLMs/data/affectnet/human_annotated/validation_set/images/4871.jpg
634,/gpfs0/bgu-vilenchi/users/sdolev/Thesis/VLMs/data/affectnet/human_annotated/validation_set/images/634.jpg,0,neutral,0.0,neutral,/gpfs0/bgu-vilenchi/users/sdolev/Thesis/VLMs/data/affectnet/human_annotated/validation_set/images/634.jpg
1690,/gpfs0/bgu-vilenchi/users/sdolev/Thesis/VLMs/data/affectnet/human_annotated/validation_set/images/1690.jpg,5,disgust,1.0,neutral,/gpfs0/bgu-vilenchi/users/sdolev/Thesis/VLMs/data/affectnet/human_annotated/validation_set/images/1690.jpg
3326,/gpfs0/bgu-vilenchi/users/sdolev/Thesis/VLMs/data/affectnet/human_annotated/validation_set/images/3326.jpg,2,sad,2.0,angry,/gpfs0/bgu-vilenchi/users/sdolev/Thesis/VLMs/data/affectnet/human_annotated/validation_set/images/3326.jpg
4968,/gpfs0/bgu-vilenchi/users/sdolev/Thesis/VLMs/data/affectnet/human_annotated/validation_set/images/4968.jpg,3,surprise,2.0,angry,/gpfs0/bgu-vilenchi/users/sdolev/Thesis/VLMs/data/affectnet/human_annotated/validation_set/images/4968.jpg
3632,/gpfs0/bgu-vilenchi/users/sdolev/Thesis/VLMs/data/affectnet/human_annotated/validation_set/images/3632.jpg,3,surprise,1.0,neutral,/gpfs0/bgu-vilenchi/users/sdolev/Thesis/VLMs/data/affectnet/human_annotated/validation_set/images/3632.jpg
1787,/gpfs0/bgu-vilenchi/users/sdolev/Thesis/VLMs/data/affectnet/human_annotated/validation_set/images/1787.jpg,4,fear,0.0,surprise,/gpfs0/bgu-vilenchi/users/sdolev/Thesis/VLMs/data/affectnet/human_annotated/validation_set/images/1787.jpg
2790,/gpfs0/bgu-vilenchi/users/sdolev/Thesis/VLMs/data/affectnet/human_annotated/validation_set/images/2790.jpg,4,fear,1.0,angry,/gpfs0/bgu-vilenchi/users/sdolev/Thesis/VLMs/data/affectnet/human_annotated/validation_set/images/2790.jpg
3729,/gpfs0/bgu-vilenchi/users/sdolev/Thesis/VLMs/data/affectnet/human_annotated/validation_set/images/3729.jpg,1,happy,0.0,happy,/gpfs0/bgu-vilenchi/users/sdolev/Thesis/VLMs/data/affectnet/human_annotated/validation_set/images/3729.jpg
4732,/gpfs0/bgu-vilenchi/users/sdolev/Thesis/VLMs/data/affectnet/human_annotated/validation_set/images/4732.jpg,0,neutral,1.0,neutral,/gpfs0/bgu-vilenchi/users/sdolev/Thesis/VLMs/data/affectnet/human_annotated/validation_set/images/4732.jpg
5291,/gpfs0/bgu-vilenchi/users/sdolev/Thesis/VLMs/data/affectnet/human_annotated/validation_set/images/5291.jpg,7,contempt,1.0,happy,/gpfs0/bgu-vilenchi/users/sdolev/Thesis/VLMs/data/affectnet/human_annotated/validation_set/images/5291.jpg
3049,/gpfs0/bgu-vilenchi/users/sdolev/Thesis/VLMs/data/affectnet/human_annotated/validation_set/images/3049.jpg,4,fear,2.0,sad,/gpfs0/bgu-vilenchi/users/sdolev/Thesis/VLMs/data/affectnet/human_annotated/validation_set/images/3049.jpg
4455,/gpfs0/bgu-vilenchi/users/sdolev/Thesis/VLMs/data/affectnet/human_annotated/validation_set/images/4455.jpg,7,contempt,2.0,happy,/gpfs0/bgu-vilenchi/users/sdolev/Thesis/VLMs/data/affectnet/human_annotated/validation_set/images/4455.jpg
545,/gpfs0/bgu-vilenchi/users/sdolev/Thesis/VLMs/data/affectnet/human_annotated/validation_set/images/545.jpg,2,sad,2.0,neutral,/gpfs0/bgu-vilenchi/users/sdolev/Thesis/VLMs/data/affectnet/human_annotated/validation_set/images/545.jpg
1274,/gpfs0/bgu-vilenchi/users/sdolev/Thesis/VLMs/data/affectnet/human_annotated/validation_set/images/1274.jpg,5,disgust,1.0,angry,/gpfs0/bgu-vilenchi/users/sdolev/Thesis/VLMs/data/affectnet/human_annotated/validation_set/images/1274.jpg
3216,/gpfs0/bgu-vilenchi/users/sdolev/Thesis/VLMs/data/affectnet/human_annotated/validation_set/images/3216.jpg,7,contempt,2.0,angry,/gpfs0/bgu-vilenchi/users/sdolev/Thesis/VLMs/data/affectnet/human_annotated/validation_set/images/3216.jpg
946,/gpfs0/bgu-vilenchi/users/sdolev/Thesis/VLMs/data/affectnet/human_annotated/validation_set/images/946.jpg,6,angry,2.0,surprise,/gpfs0/bgu-vilenchi/users/sdolev/Thesis/VLMs/data/affectnet/human_annotated/validation_set/images/946.jpg
1677,/gpfs0/bgu-vilenchi/users/sdolev/Thesis/VLMs/data/affectnet/human_annotated/validation_set/images/1677.jpg,0,neutral,0.0,neutral,/gpfs0/bgu-vilenchi/users/sdolev/Thesis/VLMs/data/affectnet/human_annotated/validation_set/images/1677.jpg
3619,/gpfs0/bgu-vilenchi/users/sdolev/Thesis/VLMs/data/affectnet/human_annotated/validation_set/images/3619.jpg,7,contempt,1.0,happy,/gpfs0/bgu-vilenchi/users/sdolev/Thesis/VLMs/data/affectnet/human_annotated/validation_set/images/3619.jpg
4622,/gpfs0/bgu-vilenchi/users/sdolev/Thesis/VLMs/data/affectnet/human_annotated/validation_set/images/4622.jpg,2,sad,0.0,sad,/gpfs0/bgu-vilenchi/users/sdolev/Thesis/VLMs/data/affectnet/human_annotated/validation_set/images/4622.jpg
1441,/gpfs0/bgu-vilenchi/users/sdolev/Thesis/VLMs/data/affectnet/human_annotated/validation_set/images/1441.jpg,3,surprise,2.0,neutral,/gpfs0/bgu-vilenchi/users/sdolev/Thesis/VLMs/data/affectnet/human_annotated/validation_set/images/1441.jpg
1844,/gpfs0/bgu-vilenchi/users/sdolev/Thesis/VLMs/data/affectnet/human_annotated/validation_set/images/1844.jpg,2,sad,1.0,sad,/gpfs0/bgu-vilenchi/users/sdolev/Thesis/VLMs/data/affectnet/human_annotated/validation_set/images/1844.jpg
2097,/gpfs0/bgu-vilenchi/users/sdolev/Thesis/VLMs/data/affectnet/human_annotated/validation_set/images/2097.jpg,2,sad,1.0,neutral,/gpfs0/bgu-vilenchi/users/sdolev/Thesis/VLMs/data/affectnet/human_annotated/validation_set/images/2097.jpg
319,/gpfs0/bgu-vilenchi/users/sdolev/Thesis/VLMs/data/affectnet/human_annotated/validation_set/images/319.jpg,2,sad,1.0,sad,/gpfs0/bgu-vilenchi/users/sdolev/Thesis/VLMs/data/affectnet/human_annotated/validation_set/images/319.jpg
4039,/gpfs0/bgu-vilenchi/users/sdolev/Thesis/VLMs/data/affectnet/human_annotated/validation_set/images/4039.jpg,7,contempt,1.0,happy,/gpfs0/bgu-vilenchi/users/sdolev/Thesis/VLMs/data/affectnet/human_annotated/validation_set/images/4039.jpg
4345,/gpfs0/bgu-vilenchi/users/sdolev/Thesis/VLMs/data/affectnet/human_annotated/validation_set/images/4345.jpg,2,sad,2.0,sad,/gpfs0/bgu-vilenchi/users/sdolev/Thesis/VLMs/data/affectnet/human_annotated/validation_set/images/4345.jpg
960,/gpfs0/bgu-vilenchi/users/sdolev/Thesis/VLMs/data/affectnet/human_annotated/validation_set/images/960.jpg,3,surprise,0.0,surprise,/gpfs0/bgu-vilenchi/users/sdolev/Thesis/VLMs/data/affectnet/human_annotated/validation_set/images/960.jpg
1164,/gpfs0/bgu-vilenchi/users/sdolev/Thesis/VLMs/data/affectnet/human_annotated/validation_set/images/1164.jpg,7,contempt,1.0,happy,/gpfs0/bgu-vilenchi/users/sdolev/Thesis/VLMs/data/affectnet/human_annotated/validation_set/images/1164.jpg
4748,/gpfs0/bgu-vilenchi/users/sdolev/Thesis/VLMs/data/affectnet/human_annotated/validation_set/images/4748.jpg,0,neutral,2.0,neutral,/gpfs0/bgu-vilenchi/users/sdolev/Thesis/VLMs/data/affectnet/human_annotated/validation_set/images/4748.jpg
2264,/gpfs0/bgu-vilenchi/users/sdolev/Thesis/VLMs/data/affectnet/human_annotated/validation_set/images/2264.jpg,7,contempt,1.0,neutral,/gpfs0/bgu-vilenchi/users/sdolev/Thesis/VLMs/data/affectnet/human_annotated/validation_set/images/2264.jpg
1567,/gpfs0/bgu-vilenchi/users/sdolev/Thesis/VLMs/data/affectnet/human_annotated/validation_set/images/1567.jpg,6,angry,0.0,angry,/gpfs0/bgu-vilenchi/users/sdolev/Thesis/VLMs/data/affectnet/human_annotated/validation_set/images/1567.jpg
2570,/gpfs0/bgu-vilenchi/users/sdolev/Thesis/VLMs/data/affectnet/human_annotated/validation_set/images/2570.jpg,6,angry,0.0,neutral,/gpfs0/bgu-vilenchi/users/sdolev/Thesis/VLMs/data/affectnet/human_annotated/validation_set/images/2570.jpg
4206,/gpfs0/bgu-vilenchi/users/sdolev/Thesis/VLMs/data/affectnet/human_annotated/validation_set/images/4206.jpg,7,contempt,1.0,neutral,/gpfs0/bgu-vilenchi/users/sdolev/Thesis/VLMs/data/affectnet/human_annotated/validation_set/images/4206.jpg
1025,/gpfs0/bgu-vilenchi/users/sdolev/Thesis/VLMs/data/affectnet/human_annotated/validation_set/images/1025.jpg,0,neutral,0.0,neutral,/gpfs0/bgu-vilenchi/users/sdolev/Thesis/VLMs/data/affectnet/human_annotated/validation_set/images/1025.jpg
4512,/gpfs0/bgu-vilenchi/users/sdolev/Thesis/VLMs/data/affectnet/human_annotated/validation_set/images/4512.jpg,1,happy,0.0,surprise,/gpfs0/bgu-vilenchi/users/sdolev/Thesis/VLMs/data/affectnet/human_annotated/validation_set/images/4512.jpg
2667,/gpfs0/bgu-vilenchi/users/sdolev/Thesis/VLMs/data/affectnet/human_annotated/validation_set/images/2667.jpg,5,disgust,2.0,sad,/gpfs0/bgu-vilenchi/users/sdolev/Thesis/VLMs/data/affectnet/human_annotated/validation_set/images/2667.jpg
1331,/gpfs0/bgu-vilenchi/users/sdolev/Thesis/VLMs/data/affectnet/human_annotated/validation_set/images/1331.jpg,0,neutral,0.0,neutral,/gpfs0/bgu-vilenchi/users/sdolev/Thesis/VLMs/data/affectnet/human_annotated/validation_set/images/1331.jpg
2973,/gpfs0/bgu-vilenchi/users/sdolev/Thesis/VLMs/data/affectnet/human_annotated/validation_set/images/2973.jpg,5,disgust,2.0,neutral,/gpfs0/bgu-vilenchi/users/sdolev/Thesis/VLMs/data/affectnet/human_annotated/validation_set/images/2973.jpg
1428,/gpfs0/bgu-vilenchi/users/sdolev/Thesis/VLMs/data/affectnet/human_annotated/validation_set/images/1428.jpg,3,surprise,1.0,happy,/gpfs0/bgu-vilenchi/users/sdolev/Thesis/VLMs/data/affectnet/human_annotated/validation_set/images/1428.jpg
4915,/gpfs0/bgu-vilenchi/users/sdolev/Thesis/VLMs/data/affectnet/human_annotated/validation_set/images/4915.jpg,6,angry,0.0,angry,/gpfs0/bgu-vilenchi/users/sdolev/Thesis/VLMs/data/affectnet/human_annotated/validation_set/images/4915.jpg
1734,/gpfs0/bgu-vilenchi/users/sdolev/Thesis/VLMs/data/affectnet/human_annotated/validation_set/images/1734.jpg,1,happy,0.0,happy,/gpfs0/bgu-vilenchi/users/sdolev/Thesis/VLMs/data/affectnet/human_annotated/validation_set/images/1734.jpg
5168,/gpfs0/bgu-vilenchi/users/sdolev/Thesis/VLMs/data/affectnet/human_annotated/validation_set/images/5168.jpg,4,fear,0.0,surprise,/gpfs0/bgu-vilenchi/users/sdolev/Thesis/VLMs/data/affectnet/human_annotated/validation_set/images/5168.jpg
333,/gpfs0/bgu-vilenchi/users/sdolev/Thesis/VLMs/data/affectnet/human_annotated/validation_set/images/333.jpg,2,sad,2.0,happy,/gpfs0/bgu-vilenchi/users/sdolev/Thesis/VLMs/data/affectnet/human_annotated/validation_set/images/333.jpg
871,/gpfs0/bgu-vilenchi/users/sdolev/Thesis/VLMs/data/affectnet/human_annotated/validation_set/images/871.jpg,2,sad,0.0,disgust,/gpfs0/bgu-vilenchi/users/sdolev/Thesis/VLMs/data/affectnet/human_annotated/validation_set/images/871.jpg
768,/gpfs0/bgu-vilenchi/users/sdolev/Thesis/VLMs/data/affectnet/human_annotated/validation_set/images/768.jpg,0,neutral,0.0,neutral,/gpfs0/bgu-vilenchi/users/sdolev/Thesis/VLMs/data/affectnet/human_annotated/validation_set/images/768.jpg
3393,/gpfs0/bgu-vilenchi/users/sdolev/Thesis/VLMs/data/affectnet/human_annotated/validation_set/images/3393.jpg,5,disgust,0.0,angry,/gpfs0/bgu-vilenchi/users/sdolev/Thesis/VLMs/data/affectnet/human_annotated/validation_set/images/3393.jpg
1901,/gpfs0/bgu-vilenchi/users/sdolev/Thesis/VLMs/data/affectnet/human_annotated/validation_set/images/1901.jpg,1,happy,0.0,happy,/gpfs0/bgu-vilenchi/users/sdolev/Thesis/VLMs/data/affectnet/human_annotated/validation_set/images/1901.jpg
2154,/gpfs0/bgu-vilenchi/users/sdolev/Thesis/VLMs/data/affectnet/human_annotated/validation_set/images/2154.jpg,3,surprise,2.0,happy,/gpfs0/bgu-vilenchi/users/sdolev/Thesis/VLMs/data/affectnet/human_annotated/validation_set/images/2154.jpg
60,/gpfs0/bgu-vilenchi/users/sdolev/Thesis/VLMs/data/affectnet/human_annotated/validation_set/images/60.jpg,3,surprise,1.0,neutral,/gpfs0/bgu-vilenchi/users/sdolev/Thesis/VLMs/data/affectnet/human_annotated/validation_set/images/60.jpg
2460,/gpfs0/bgu-vilenchi/users/sdolev/Thesis/VLMs/data/affectnet/human_annotated/validation_set/images/2460.jpg,3,surprise,2.0,angry,/gpfs0/bgu-vilenchi/users/sdolev/Thesis/VLMs/data/affectnet/human_annotated/validation_set/images/2460.jpg
1318,/gpfs0/bgu-vilenchi/users/sdolev/Thesis/VLMs/data/affectnet/human_annotated/validation_set/images/1318.jpg,0,neutral,2.0,happy,/gpfs0/bgu-vilenchi/users/sdolev/Thesis/VLMs/data/affectnet/human_annotated/validation_set/images/1318.jpg
2321,/gpfs0/bgu-vilenchi/users/sdolev/Thesis/VLMs/data/affectnet/human_annotated/validation_set/images/2321.jpg,5,disgust,0.0,angry,/gpfs0/bgu-vilenchi/users/sdolev/Thesis/VLMs/data/affectnet/human_annotated/validation_set/images/2321.jpg
3963,/gpfs0/bgu-vilenchi/users/sdolev/Thesis/VLMs/data/affectnet/human_annotated/validation_set/images/3963.jpg,7,contempt,1.0,neutral,/gpfs0/bgu-vilenchi/users/sdolev/Thesis/VLMs/data/affectnet/human_annotated/validation_set/images/3963.jpg
244,/gpfs0/bgu-vilenchi/users/sdolev/Thesis/VLMs/data/affectnet/human_annotated/validation_set/images/244.jpg,2,sad,1.0,sad,/gpfs0/bgu-vilenchi/users/sdolev/Thesis/VLMs/data/affectnet/human_annotated/validation_set/images/244.jpg
5058,/gpfs0/bgu-vilenchi/users/sdolev/Thesis/VLMs/data/affectnet/human_annotated/validation_set/images/5058.jpg,1,happy,1.0,happy,/gpfs0/bgu-vilenchi/users/sdolev/Thesis/VLMs/data/affectnet/human_annotated/validation_set/images/5058.jpg
2724,/gpfs0/bgu-vilenchi/users/sdolev/Thesis/VLMs/data/affectnet/human_annotated/validation_set/images/2724.jpg,2,sad,1.0,neutral,/gpfs0/bgu-vilenchi/users/sdolev/Thesis/VLMs/data/affectnet/human_annotated/validation_set/images/2724.jpg
782,/gpfs0/bgu-vilenchi/users/sdolev/Thesis/VLMs/data/affectnet/human_annotated/validation_set/images/782.jpg,4,fear,1.0,surprise,/gpfs0/bgu-vilenchi/users/sdolev/Thesis/VLMs/data/affectnet/human_annotated/validation_set/images/782.jpg
83,/gpfs0/bgu-vilenchi/users/sdolev/Thesis/VLMs/data/affectnet/human_annotated/validation_set/images/83.jpg,1,happy,0.0,happy,/gpfs0/bgu-vilenchi/users/sdolev/Thesis/VLMs/data/affectnet/human_annotated/validation_set/images/83.jpg
27,/gpfs0/bgu-vilenchi/users/sdolev/Thesis/VLMs/data/affectnet/human_annotated/validation_set/images/27.jpg,2,sad,1.0,sad,/gpfs0/bgu-vilenchi/users/sdolev/Thesis/VLMs/data/affectnet/human_annotated/validation_set/images/27.jpg
5225,/gpfs0/bgu-vilenchi/users/sdolev/Thesis/VLMs/data/affectnet/human_annotated/validation_set/images/5225.jpg,4,fear,2.0,sad,/gpfs0/bgu-vilenchi/users/sdolev/Thesis/VLMs/data/affectnet/human_annotated/validation_set/images/5225.jpg
3686,/gpfs0/bgu-vilenchi/users/sdolev/Thesis/VLMs/data/affectnet/human_annotated/validation_set/images/3686.jpg,7,contempt,1.0,happy,/gpfs0/bgu-vilenchi/users/sdolev/Thesis/VLMs/data/affectnet/human_annotated/validation_set/images/3686.jpg
2447,/gpfs0/bgu-vilenchi/users/sdolev/Thesis/VLMs/data/affectnet/human_annotated/validation_set/images/2447.jpg,4,fear,1.0,happy,/gpfs0/bgu-vilenchi/users/sdolev/Thesis/VLMs/data/affectnet/human_annotated/validation_set/images/2447.jpg
155,/gpfs0/bgu-vilenchi/users/sdolev/Thesis/VLMs/data/affectnet/human_annotated/validation_set/images/155.jpg,4,fear,0.0,surprise,/gpfs0/bgu-vilenchi/users/sdolev/Thesis/VLMs/data/affectnet/human_annotated/validation_set/images/155.jpg
1208,/gpfs0/bgu-vilenchi/users/sdolev/Thesis/VLMs/data/affectnet/human_annotated/validation_set/images/1208.jpg,2,sad,0.0,neutral,/gpfs0/bgu-vilenchi/users/sdolev/Thesis/VLMs/data/affectnet/human_annotated/validation_set/images/1208.jpg
2211,/gpfs0/bgu-vilenchi/users/sdolev/Thesis/VLMs/data/affectnet/human_annotated/validation_set/images/2211.jpg,5,disgust,0.0,disgust,/gpfs0/bgu-vilenchi/users/sdolev/Thesis/VLMs/data/affectnet/human_annotated/validation_set/images/2211.jpg
3853,/gpfs0/bgu-vilenchi/users/sdolev/Thesis/VLMs/data/affectnet/human_annotated/validation_set/images/3853.jpg,2,sad,1.0,surprise,/gpfs0/bgu-vilenchi/users/sdolev/Thesis/VLMs/data/affectnet/human_annotated/validation_set/images/3853.jpg
556,/gpfs0/bgu-vilenchi/users/sdolev/Thesis/VLMs/data/affectnet/human_annotated/validation_set/images/556.jpg,2,sad,0.0,surprise,/gpfs0/bgu-vilenchi/users/sdolev/Thesis/VLMs/data/affectnet/human_annotated/validation_set/images/556.jpg
693,/gpfs0/bgu-vilenchi/users/sdolev/Thesis/VLMs/data/affectnet/human_annotated/validation_set/images/693.jpg,1,happy,0.0,surprise,/gpfs0/bgu-vilenchi/users/sdolev/Thesis/VLMs/data/affectnet/human_annotated/validation_set/images/693.jpg
2614,/gpfs0/bgu-vilenchi/users/sdolev/Thesis/VLMs/data/affectnet/human_annotated/validation_set/images/2614.jpg,7,contempt,1.0,neutral,/gpfs0/bgu-vilenchi/users/sdolev/Thesis/VLMs/data/affectnet/human_annotated/validation_set/images/2614.jpg
3173,/gpfs0/bgu-vilenchi/users/sdolev/Thesis/VLMs/data/affectnet/human_annotated/validation_set/images/3173.jpg,0,neutral,1.0,neutral,/gpfs0/bgu-vilenchi/users/sdolev/Thesis/VLMs/data/affectnet/human_annotated/validation_set/images/3173.jpg
3576,/gpfs0/bgu-vilenchi/users/sdolev/Thesis/VLMs/data/affectnet/human_annotated/validation_set/images/3576.jpg,5,disgust,1.0,sad,/gpfs0/bgu-vilenchi/users/sdolev/Thesis/VLMs/data/affectnet/human_annotated/validation_set/images/3576.jpg
1092,/gpfs0/bgu-vilenchi/users/sdolev/Thesis/VLMs/data/affectnet/human_annotated/validation_set/images/1092.jpg,4,fear,2.0,neutral,/gpfs0/bgu-vilenchi/users/sdolev/Thesis/VLMs/data/affectnet/human_annotated/validation_set/images/1092.jpg
58,/gpfs0/bgu-vilenchi/users/sdolev/Thesis/VLMs/data/affectnet/human_annotated/validation_set/images/58.jpg,7,contempt,2.0,neutral,/gpfs0/bgu-vilenchi/users/sdolev/Thesis/VLMs/data/affectnet/human_annotated/validation_set/images/58.jpg
3034,/gpfs0/bgu-vilenchi/users/sdolev/Thesis/VLMs/data/affectnet/human_annotated/validation_set/images/3034.jpg,2,sad,2.0,neutral,/gpfs0/bgu-vilenchi/users/sdolev/Thesis/VLMs/data/affectnet/human_annotated/validation_set/images/3034.jpg
3340,/gpfs0/bgu-vilenchi/users/sdolev/Thesis/VLMs/data/affectnet/human_annotated/validation_set/images/3340.jpg,0,neutral,2.0,neutral,/gpfs0/bgu-vilenchi/users/sdolev/Thesis/VLMs/data/affectnet/human_annotated/validation_set/images/3340.jpg
3437,/gpfs0/bgu-vilenchi/users/sdolev/Thesis/VLMs/data/affectnet/human_annotated/validation_set/images/3437.jpg,7,contempt,1.0,happy,/gpfs0/bgu-vilenchi/users/sdolev/Thesis/VLMs/data/affectnet/human_annotated/validation_set/images/3437.jpg
467,/gpfs0/bgu-vilenchi/users/sdolev/Thesis/VLMs/data/affectnet/human_annotated/validation_set/images/467.jpg,5,disgust,2.0,surprise,/gpfs0/bgu-vilenchi/users/sdolev/Thesis/VLMs/data/affectnet/human_annotated/validation_set/images/467.jpg
1898,/gpfs0/bgu-vilenchi/users/sdolev/Thesis/VLMs/data/affectnet/human_annotated/validation_set/images/1898.jpg,1,happy,0.0,happy,/gpfs0/bgu-vilenchi/users/sdolev/Thesis/VLMs/data/affectnet/human_annotated/validation_set/images/1898.jpg
868,/gpfs0/bgu-vilenchi/users/sdolev/Thesis/VLMs/data/affectnet/human_annotated/validation_set/images/868.jpg,0,neutral,0.0,neutral,/gpfs0/bgu-vilenchi/users/sdolev/Thesis/VLMs/data/affectnet/human_annotated/validation_set/images/868.jpg
4399,/gpfs0/bgu-vilenchi/users/sdolev/Thesis/VLMs/data/affectnet/human_annotated/validation_set/images/4399.jpg,6,angry,2.0,happy,/gpfs0/bgu-vilenchi/users/sdolev/Thesis/VLMs/data/affectnet/human_annotated/validation_set/images/4399.jpg
2907,/gpfs0/bgu-vilenchi/users/sdolev/Thesis/VLMs/data/affectnet/human_annotated/validation_set/images/2907.jpg,3,surprise,2.0,surprise,/gpfs0/bgu-vilenchi/users/sdolev/Thesis/VLMs/data/affectnet/human_annotated/validation_set/images/2907.jpg
3910,/gpfs0/bgu-vilenchi/users/sdolev/Thesis/VLMs/data/affectnet/human_annotated/validation_set/images/3910.jpg,0,neutral,0.0,neutral,/gpfs0/bgu-vilenchi/users/sdolev/Thesis/VLMs/data/affectnet/human_annotated/validation_set/images/3910.jpg
4163,/gpfs0/bgu-vilenchi/users/sdolev/Thesis/VLMs/data/affectnet/human_annotated/validation_set/images/4163.jpg,1,happy,2.0,neutral,/gpfs0/bgu-vilenchi/users/sdolev/Thesis/VLMs/data/affectnet/human_annotated/validation_set/images/4163.jpg
4566,/gpfs0/bgu-vilenchi/users/sdolev/Thesis/VLMs/data/affectnet/human_annotated/validation_set/images/4566.jpg,2,sad,0.0,sad,/gpfs0/bgu-vilenchi/users/sdolev/Thesis/VLMs/data/affectnet/human_annotated/validation_set/images/4566.jpg
4872,/gpfs0/bgu-vilenchi/users/sdolev/Thesis/VLMs/data/affectnet/human_annotated/validation_set/images/4872.jpg,5,disgust,0.0,neutral,/gpfs0/bgu-vilenchi/users/sdolev/Thesis/VLMs/data/affectnet/human_annotated/validation_set/images/4872.jpg
481,/gpfs0/bgu-vilenchi/users/sdolev/Thesis/VLMs/data/affectnet/human_annotated/validation_set/images/481.jpg,4,fear,2.0,surprise,/gpfs0/bgu-vilenchi/users/sdolev/Thesis/VLMs/data/affectnet/human_annotated/validation_set/images/481.jpg
378,/gpfs0/bgu-vilenchi/users/sdolev/Thesis/VLMs/data/affectnet/human_annotated/validation_set/images/378.jpg,3,surprise,2.0,surprise,/gpfs0/bgu-vilenchi/users/sdolev/Thesis/VLMs/data/affectnet/human_annotated/validation_set/images/378.jpg
3327,/gpfs0/bgu-vilenchi/users/sdolev/Thesis/VLMs/data/affectnet/human_annotated/validation_set/images/3327.jpg,3,surprise,2.0,neutral,/gpfs0/bgu-vilenchi/users/sdolev/Thesis/VLMs/data/affectnet/human_annotated/validation_set/images/3327.jpg
4330,/gpfs0/bgu-vilenchi/users/sdolev/Thesis/VLMs/data/affectnet/human_annotated/validation_set/images/4330.jpg,2,sad,2.0,surprise,/gpfs0/bgu-vilenchi/users/sdolev/Thesis/VLMs/data/affectnet/human_annotated/validation_set/images/4330.jpg
4969,/gpfs0/bgu-vilenchi/users/sdolev/Thesis/VLMs/data/affectnet/human_annotated/validation_set/images/4969.jpg,6,angry,0.0,angry,/gpfs0/bgu-vilenchi/users/sdolev/Thesis/VLMs/data/affectnet/human_annotated/validation_set/images/4969.jpg
1788,/gpfs0/bgu-vilenchi/users/sdolev/Thesis/VLMs/data/affectnet/human_annotated/validation_set/images/1788.jpg,2,sad,1.0,sad,/gpfs0/bgu-vilenchi/users/sdolev/Thesis/VLMs/data/affectnet/human_annotated/validation_set/images/1788.jpg
2791,/gpfs0/bgu-vilenchi/users/sdolev/Thesis/VLMs/data/affectnet/human_annotated/validation_set/images/2791.jpg,4,fear,0.0,surprise,/gpfs0/bgu-vilenchi/users/sdolev/Thesis/VLMs/data/affectnet/human_annotated/validation_set/images/2791.jpg
779,/gpfs0/bgu-vilenchi/users/sdolev/Thesis/VLMs/data/affectnet/human_annotated/validation_set/images/779.jpg,7,contempt,0.0,happy,/gpfs0/bgu-vilenchi/users/sdolev/Thesis/VLMs/data/affectnet/human_annotated/validation_set/images/779.jpg
4733,/gpfs0/bgu-vilenchi/users/sdolev/Thesis/VLMs/data/affectnet/human_annotated/validation_set/images/4733.jpg,2,sad,0.0,neutral,/gpfs0/bgu-vilenchi/users/sdolev/Thesis/VLMs/data/affectnet/human_annotated/validation_set/images/4733.jpg
1552,/gpfs0/bgu-vilenchi/users/sdolev/Thesis/VLMs/data/affectnet/human_annotated/validation_set/images/1552.jpg,5,disgust,2.0,surprise,/gpfs0/bgu-vilenchi/users/sdolev/Thesis/VLMs/data/affectnet/human_annotated/validation_set/images/1552.jpg
4289,/gpfs0/bgu-vilenchi/users/sdolev/Thesis/VLMs/data/affectnet/human_annotated/validation_set/images/4289.jpg,6,angry,0.0,neutral,/gpfs0/bgu-vilenchi/users/sdolev/Thesis/VLMs/data/affectnet/human_annotated/validation_set/images/4289.jpg
5292,/gpfs0/bgu-vilenchi/users/sdolev/Thesis/VLMs/data/affectnet/human_annotated/validation_set/images/5292.jpg,3,surprise,1.0,surprise,/gpfs0/bgu-vilenchi/users/sdolev/Thesis/VLMs/data/affectnet/human_annotated/validation_set/images/5292.jpg
289,/gpfs0/bgu-vilenchi/users/sdolev/Thesis/VLMs/data/affectnet/human_annotated/validation_set/images/289.jpg,5,disgust,0.0,disgust,/gpfs0/bgu-vilenchi/users/sdolev/Thesis/VLMs/data/affectnet/human_annotated/validation_set/images/289.jpg
1275,/gpfs0/bgu-vilenchi/users/sdolev/Thesis/VLMs/data/affectnet/human_annotated/validation_set/images/1275.jpg,3,surprise,2.0,neutral,/gpfs0/bgu-vilenchi/users/sdolev/Thesis/VLMs/data/affectnet/human_annotated/validation_set/images/1275.jpg
793,/gpfs0/bgu-vilenchi/users/sdolev/Thesis/VLMs/data/affectnet/human_annotated/validation_set/images/793.jpg,7,contempt,2.0,happy,/gpfs0/bgu-vilenchi/users/sdolev/Thesis/VLMs/data/affectnet/human_annotated/validation_set/images/793.jpg
3217,/gpfs0/bgu-vilenchi/users/sdolev/Thesis/VLMs/data/affectnet/human_annotated/validation_set/images/3217.jpg,0,neutral,1.0,neutral,/gpfs0/bgu-vilenchi/users/sdolev/Thesis/VLMs/data/affectnet/human_annotated/validation_set/images/3217.jpg
4220,/gpfs0/bgu-vilenchi/users/sdolev/Thesis/VLMs/data/affectnet/human_annotated/validation_set/images/4220.jpg,1,happy,0.0,surprise,/gpfs0/bgu-vilenchi/users/sdolev/Thesis/VLMs/data/affectnet/human_annotated/validation_set/images/4220.jpg
1678,/gpfs0/bgu-vilenchi/users/sdolev/Thesis/VLMs/data/affectnet/human_annotated/validation_set/images/1678.jpg,7,contempt,2.0,happy,/gpfs0/bgu-vilenchi/users/sdolev/Thesis/VLMs/data/affectnet/human_annotated/validation_set/images/1678.jpg
2681,/gpfs0/bgu-vilenchi/users/sdolev/Thesis/VLMs/data/affectnet/human_annotated/validation_set/images/2681.jpg,1,happy,0.0,happy,/gpfs0/bgu-vilenchi/users/sdolev/Thesis/VLMs/data/affectnet/human_annotated/validation_set/images/2681.jpg
4623,/gpfs0/bgu-vilenchi/users/sdolev/Thesis/VLMs/data/affectnet/human_annotated/validation_set/images/4623.jpg,4,fear,1.0,surprise,/gpfs0/bgu-vilenchi/users/sdolev/Thesis/VLMs/data/affectnet/human_annotated/validation_set/images/4623.jpg
1442,/gpfs0/bgu-vilenchi/users/sdolev/Thesis/VLMs/data/affectnet/human_annotated/validation_set/images/1442.jpg,4,fear,0.0,surprise,/gpfs0/bgu-vilenchi/users/sdolev/Thesis/VLMs/data/affectnet/human_annotated/validation_set/images/1442.jpg
5182,/gpfs0/bgu-vilenchi/users/sdolev/Thesis/VLMs/data/affectnet/human_annotated/validation_set/images/5182.jpg,6,angry,0.0,neutral,/gpfs0/bgu-vilenchi/users/sdolev/Thesis/VLMs/data/affectnet/human_annotated/validation_set/images/5182.jpg
1845,/gpfs0/bgu-vilenchi/users/sdolev/Thesis/VLMs/data/affectnet/human_annotated/validation_set/images/1845.jpg,4,fear,1.0,surprise,/gpfs0/bgu-vilenchi/users/sdolev/Thesis/VLMs/data/affectnet/human_annotated/validation_set/images/1845.jpg
5279,/gpfs0/bgu-vilenchi/users/sdolev/Thesis/VLMs/data/affectnet/human_annotated/validation_set/images/5279.jpg,3,surprise,2.0,surprise,/gpfs0/bgu-vilenchi/users/sdolev/Thesis/VLMs/data/affectnet/human_annotated/validation_set/images/5279.jpg
2098,/gpfs0/bgu-vilenchi/users/sdolev/Thesis/VLMs/data/affectnet/human_annotated/validation_set/images/2098.jpg,2,sad,0.0,neutral,/gpfs0/bgu-vilenchi/users/sdolev/Thesis/VLMs/data/affectnet/human_annotated/validation_set/images/2098.jpg
4346,/gpfs0/bgu-vilenchi/users/sdolev/Thesis/VLMs/data/affectnet/human_annotated/validation_set/images/4346.jpg,0,neutral,2.0,neutral,/gpfs0/bgu-vilenchi/users/sdolev/Thesis/VLMs/data/affectnet/human_annotated/validation_set/images/4346.jpg
1165,/gpfs0/bgu-vilenchi/users/sdolev/Thesis/VLMs/data/affectnet/human_annotated/validation_set/images/1165.jpg,4,fear,0.0,happy,/gpfs0/bgu-vilenchi/users/sdolev/Thesis/VLMs/data/affectnet/human_annotated/validation_set/images/1165.jpg
4110,/gpfs0/bgu-vilenchi/users/sdolev/Thesis/VLMs/data/affectnet/human_annotated/validation_set/images/4110.jpg,2,sad,0.0,sad,/gpfs0/bgu-vilenchi/users/sdolev/Thesis/VLMs/data/affectnet/human_annotated/validation_set/images/4110.jpg
4749,/gpfs0/bgu-vilenchi/users/sdolev/Thesis/VLMs/data/affectnet/human_annotated/validation_set/images/4749.jpg,4,fear,1.0,surprise,/gpfs0/bgu-vilenchi/users/sdolev/Thesis/VLMs/data/affectnet/human_annotated/validation_set/images/4749.jpg
2265,/gpfs0/bgu-vilenchi/users/sdolev/Thesis/VLMs/data/affectnet/human_annotated/validation_set/images/2265.jpg,2,sad,1.0,neutral,/gpfs0/bgu-vilenchi/users/sdolev/Thesis/VLMs/data/affectnet/human_annotated/validation_set/images/2265.jpg
702,/gpfs0/bgu-vilenchi/users/sdolev/Thesis/VLMs/data/affectnet/human_annotated/validation_set/images/702.jpg,5,disgust,1.0,surprise,/gpfs0/bgu-vilenchi/users/sdolev/Thesis/VLMs/data/affectnet/human_annotated/validation_set/images/702.jpg
4207,/gpfs0/bgu-vilenchi/users/sdolev/Thesis/VLMs/data/affectnet/human_annotated/validation_set/images/4207.jpg,7,contempt,1.0,happy,/gpfs0/bgu-vilenchi/users/sdolev/Thesis/VLMs/data/affectnet/human_annotated/validation_set/images/4207.jpg
1026,/gpfs0/bgu-vilenchi/users/sdolev/Thesis/VLMs/data/affectnet/human_annotated/validation_set/images/1026.jpg,0,neutral,0.0,neutral,/gpfs0/bgu-vilenchi/users/sdolev/Thesis/VLMs/data/affectnet/human_annotated/validation_set/images/1026.jpg
4513,/gpfs0/bgu-vilenchi/users/sdolev/Thesis/VLMs/data/affectnet/human_annotated/validation_set/images/4513.jpg,6,angry,0.0,happy,/gpfs0/bgu-vilenchi/users/sdolev/Thesis/VLMs/data/affectnet/human_annotated/validation_set/images/4513.jpg
2668,/gpfs0/bgu-vilenchi/users/sdolev/Thesis/VLMs/data/affectnet/human_annotated/validation_set/images/2668.jpg,7,contempt,1.0,neutral,/gpfs0/bgu-vilenchi/users/sdolev/Thesis/VLMs/data/affectnet/human_annotated/validation_set/images/2668.jpg
1429,/gpfs0/bgu-vilenchi/users/sdolev/Thesis/VLMs/data/affectnet/human_annotated/validation_set/images/1429.jpg,2,sad,1.0,neutral,/gpfs0/bgu-vilenchi/users/sdolev/Thesis/VLMs/data/affectnet/human_annotated/validation_set/images/1429.jpg
1735,/gpfs0/bgu-vilenchi/users/sdolev/Thesis/VLMs/data/affectnet/human_annotated/validation_set/images/1735.jpg,6,angry,2.0,neutral,/gpfs0/bgu-vilenchi/users/sdolev/Thesis/VLMs/data/affectnet/human_annotated/validation_set/images/1735.jpg
5169,/gpfs0/bgu-vilenchi/users/sdolev/Thesis/VLMs/data/affectnet/human_annotated/validation_set/images/5169.jpg,6,angry,1.0,neutral,/gpfs0/bgu-vilenchi/users/sdolev/Thesis/VLMs/data/affectnet/human_annotated/validation_set/images/5169.jpg
1902,/gpfs0/bgu-vilenchi/users/sdolev/Thesis/VLMs/data/affectnet/human_annotated/validation_set/images/1902.jpg,3,surprise,1.0,neutral,/gpfs0/bgu-vilenchi/users/sdolev/Thesis/VLMs/data/affectnet/human_annotated/validation_set/images/1902.jpg
5336,/gpfs0/bgu-vilenchi/users/sdolev/Thesis/VLMs/data/affectnet/human_annotated/validation_set/images/5336.jpg,5,disgust,0.0,contempt,/gpfs0/bgu-vilenchi/users/sdolev/Thesis/VLMs/data/affectnet/human_annotated/validation_set/images/5336.jpg
2155,/gpfs0/bgu-vilenchi/users/sdolev/Thesis/VLMs/data/affectnet/human_annotated/validation_set/images/2155.jpg,4,fear,1.0,happy,/gpfs0/bgu-vilenchi/users/sdolev/Thesis/VLMs/data/affectnet/human_annotated/validation_set/images/2155.jpg
3797,/gpfs0/bgu-vilenchi/users/sdolev/Thesis/VLMs/data/affectnet/human_annotated/validation_set/images/3797.jpg,1,happy,1.0,neutral,/gpfs0/bgu-vilenchi/users/sdolev/Thesis/VLMs/data/affectnet/human_annotated/validation_set/images/3797.jpg
2461,/gpfs0/bgu-vilenchi/users/sdolev/Thesis/VLMs/data/affectnet/human_annotated/validation_set/images/2461.jpg,5,disgust,1.0,neutral,/gpfs0/bgu-vilenchi/users/sdolev/Thesis/VLMs/data/affectnet/human_annotated/validation_set/images/2461.jpg
5100,/gpfs0/bgu-vilenchi/users/sdolev/Thesis/VLMs/data/affectnet/human_annotated/validation_set/images/5100.jpg,3,surprise,2.0,neutral,/gpfs0/bgu-vilenchi/users/sdolev/Thesis/VLMs/data/affectnet/human_annotated/validation_set/images/5100.jpg
2558,/gpfs0/bgu-vilenchi/users/sdolev/Thesis/VLMs/data/affectnet/human_annotated/validation_set/images/2558.jpg,3,surprise,2.0,surprise,/gpfs0/bgu-vilenchi/users/sdolev/Thesis/VLMs/data/affectnet/human_annotated/validation_set/images/2558.jpg
3561,/gpfs0/bgu-vilenchi/users/sdolev/Thesis/VLMs/data/affectnet/human_annotated/validation_set/images/3561.jpg,7,contempt,1.0,neutral,/gpfs0/bgu-vilenchi/users/sdolev/Thesis/VLMs/data/affectnet/human_annotated/validation_set/images/3561.jpg
2864,/gpfs0/bgu-vilenchi/users/sdolev/Thesis/VLMs/data/affectnet/human_annotated/validation_set/images/2864.jpg,4,fear,1.0,surprise,/gpfs0/bgu-vilenchi/users/sdolev/Thesis/VLMs/data/affectnet/human_annotated/validation_set/images/2864.jpg
1319,/gpfs0/bgu-vilenchi/users/sdolev/Thesis/VLMs/data/affectnet/human_annotated/validation_set/images/1319.jpg,6,angry,2.0,neutral,/gpfs0/bgu-vilenchi/users/sdolev/Thesis/VLMs/data/affectnet/human_annotated/validation_set/images/1319.jpg
2322,/gpfs0/bgu-vilenchi/users/sdolev/Thesis/VLMs/data/affectnet/human_annotated/validation_set/images/2322.jpg,1,happy,2.0,neutral,/gpfs0/bgu-vilenchi/users/sdolev/Thesis/VLMs/data/affectnet/human_annotated/validation_set/images/2322.jpg
3964,/gpfs0/bgu-vilenchi/users/sdolev/Thesis/VLMs/data/affectnet/human_annotated/validation_set/images/3964.jpg,5,disgust,1.0,surprise,/gpfs0/bgu-vilenchi/users/sdolev/Thesis/VLMs/data/affectnet/human_annotated/validation_set/images/3964.jpg
2725,/gpfs0/bgu-vilenchi/users/sdolev/Thesis/VLMs/data/affectnet/human_annotated/validation_set/images/2725.jpg,5,disgust,1.0,angry,/gpfs0/bgu-vilenchi/users/sdolev/Thesis/VLMs/data/affectnet/human_annotated/validation_set/images/2725.jpg
3284,/gpfs0/bgu-vilenchi/users/sdolev/Thesis/VLMs/data/affectnet/human_annotated/validation_set/images/3284.jpg,5,disgust,2.0,neutral,/gpfs0/bgu-vilenchi/users/sdolev/Thesis/VLMs/data/affectnet/human_annotated/validation_set/images/3284.jpg
524,/gpfs0/bgu-vilenchi/users/sdolev/Thesis/VLMs/data/affectnet/human_annotated/validation_set/images/524.jpg,0,neutral,0.0,neutral,/gpfs0/bgu-vilenchi/users/sdolev/Thesis/VLMs/data/affectnet/human_annotated/validation_set/images/524.jpg
5226,/gpfs0/bgu-vilenchi/users/sdolev/Thesis/VLMs/data/affectnet/human_annotated/validation_set/images/5226.jpg,0,neutral,0.0,neutral,/gpfs0/bgu-vilenchi/users/sdolev/Thesis/VLMs/data/affectnet/human_annotated/validation_set/images/5226.jpg
925,/gpfs0/bgu-vilenchi/users/sdolev/Thesis/VLMs/data/affectnet/human_annotated/validation_set/images/925.jpg,3,surprise,0.0,surprise,/gpfs0/bgu-vilenchi/users/sdolev/Thesis/VLMs/data/affectnet/human_annotated/validation_set/images/925.jpg
2045,/gpfs0/bgu-vilenchi/users/sdolev/Thesis/VLMs/data/affectnet/human_annotated/validation_set/images/2045.jpg,2,sad,0.0,sad,/gpfs0/bgu-vilenchi/users/sdolev/Thesis/VLMs/data/affectnet/human_annotated/validation_set/images/2045.jpg
3687,/gpfs0/bgu-vilenchi/users/sdolev/Thesis/VLMs/data/affectnet/human_annotated/validation_set/images/3687.jpg,7,contempt,1.0,happy,/gpfs0/bgu-vilenchi/users/sdolev/Thesis/VLMs/data/affectnet/human_annotated/validation_set/images/3687.jpg
4690,/gpfs0/bgu-vilenchi/users/sdolev/Thesis/VLMs/data/affectnet/human_annotated/validation_set/images/4690.jpg,3,surprise,2.0,happy,/gpfs0/bgu-vilenchi/users/sdolev/Thesis/VLMs/data/affectnet/human_annotated/validation_set/images/4690.jpg
2448,/gpfs0/bgu-vilenchi/users/sdolev/Thesis/VLMs/data/affectnet/human_annotated/validation_set/images/2448.jpg,3,surprise,1.0,neutral,/gpfs0/bgu-vilenchi/users/sdolev/Thesis/VLMs/data/affectnet/human_annotated/validation_set/images/2448.jpg
3451,/gpfs0/bgu-vilenchi/users/sdolev/Thesis/VLMs/data/affectnet/human_annotated/validation_set/images/3451.jpg,6,angry,1.0,disgust,/gpfs0/bgu-vilenchi/users/sdolev/Thesis/VLMs/data/affectnet/human_annotated/validation_set/images/3451.jpg
1209,/gpfs0/bgu-vilenchi/users/sdolev/Thesis/VLMs/data/affectnet/human_annotated/validation_set/images/1209.jpg,4,fear,0.0,surprise,/gpfs0/bgu-vilenchi/users/sdolev/Thesis/VLMs/data/affectnet/human_annotated/validation_set/images/1209.jpg
3854,/gpfs0/bgu-vilenchi/users/sdolev/Thesis/VLMs/data/affectnet/human_annotated/validation_set/images/3854.jpg,1,happy,0.0,happy,/gpfs0/bgu-vilenchi/users/sdolev/Thesis/VLMs/data/affectnet/human_annotated/validation_set/images/3854.jpg
2615,/gpfs0/bgu-vilenchi/users/sdolev/Thesis/VLMs/data/affectnet/human_annotated/validation_set/images/2615.jpg,1,happy,0.0,happy,/gpfs0/bgu-vilenchi/users/sdolev/Thesis/VLMs/data/affectnet/human_annotated/validation_set/images/2615.jpg
435,/gpfs0/bgu-vilenchi/users/sdolev/Thesis/VLMs/data/affectnet/human_annotated/validation_set/images/435.jpg,2,sad,2.0,happy,/gpfs0/bgu-vilenchi/users/sdolev/Thesis/VLMs/data/affectnet/human_annotated/validation_set/images/435.jpg
3174,/gpfs0/bgu-vilenchi/users/sdolev/Thesis/VLMs/data/affectnet/human_annotated/validation_set/images/3174.jpg,2,sad,0.0,sad,/gpfs0/bgu-vilenchi/users/sdolev/Thesis/VLMs/data/affectnet/human_annotated/validation_set/images/3174.jpg
836,/gpfs0/bgu-vilenchi/users/sdolev/Thesis/VLMs/data/affectnet/human_annotated/validation_set/images/836.jpg,2,sad,0.0,sad,/gpfs0/bgu-vilenchi/users/sdolev/Thesis/VLMs/data/affectnet/human_annotated/validation_set/images/836.jpg
5116,/gpfs0/bgu-vilenchi/users/sdolev/Thesis/VLMs/data/affectnet/human_annotated/validation_set/images/5116.jpg,4,fear,0.0,surprise,/gpfs0/bgu-vilenchi/users/sdolev/Thesis/VLMs/data/affectnet/human_annotated/validation_set/images/5116.jpg
4580,/gpfs0/bgu-vilenchi/users/sdolev/Thesis/VLMs/data/affectnet/human_annotated/validation_set/images/4580.jpg,6,angry,0.0,angry,/gpfs0/bgu-vilenchi/users/sdolev/Thesis/VLMs/data/affectnet/human_annotated/validation_set/images/4580.jpg
3035,/gpfs0/bgu-vilenchi/users/sdolev/Thesis/VLMs/data/affectnet/human_annotated/validation_set/images/3035.jpg,6,angry,1.0,neutral,/gpfs0/bgu-vilenchi/users/sdolev/Thesis/VLMs/data/affectnet/human_annotated/validation_set/images/3035.jpg
3341,/gpfs0/bgu-vilenchi/users/sdolev/Thesis/VLMs/data/affectnet/human_annotated/validation_set/images/3341.jpg,1,happy,2.0,happy,/gpfs0/bgu-vilenchi/users/sdolev/Thesis/VLMs/data/affectnet/human_annotated/validation_set/images/3341.jpg
1496,/gpfs0/bgu-vilenchi/users/sdolev/Thesis/VLMs/data/affectnet/human_annotated/validation_set/images/1496.jpg,4,fear,0.0,neutral,/gpfs0/bgu-vilenchi/users/sdolev/Thesis/VLMs/data/affectnet/human_annotated/validation_set/images/1496.jpg
4983,/gpfs0/bgu-vilenchi/users/sdolev/Thesis/VLMs/data/affectnet/human_annotated/validation_set/images/4983.jpg,4,fear,2.0,neutral,/gpfs0/bgu-vilenchi/users/sdolev/Thesis/VLMs/data/affectnet/human_annotated/validation_set/images/4983.jpg
3438,/gpfs0/bgu-vilenchi/users/sdolev/Thesis/VLMs/data/affectnet/human_annotated/validation_set/images/3438.jpg,2,sad,2.0,neutral,/gpfs0/bgu-vilenchi/users/sdolev/Thesis/VLMs/data/affectnet/human_annotated/validation_set/images/3438.jpg
2102,/gpfs0/bgu-vilenchi/users/sdolev/Thesis/VLMs/data/affectnet/human_annotated/validation_set/images/2102.jpg,6,angry,0.0,surprise,/gpfs0/bgu-vilenchi/users/sdolev/Thesis/VLMs/data/affectnet/human_annotated/validation_set/images/2102.jpg
2505,/gpfs0/bgu-vilenchi/users/sdolev/Thesis/VLMs/data/affectnet/human_annotated/validation_set/images/2505.jpg,3,surprise,2.0,surprise,/gpfs0/bgu-vilenchi/users/sdolev/Thesis/VLMs/data/affectnet/human_annotated/validation_set/images/2505.jpg
209,/gpfs0/bgu-vilenchi/users/sdolev/Thesis/VLMs/data/affectnet/human_annotated/validation_set/images/209.jpg,7,contempt,1.0,happy,/gpfs0/bgu-vilenchi/users/sdolev/Thesis/VLMs/data/affectnet/human_annotated/validation_set/images/209.jpg
747,/gpfs0/bgu-vilenchi/users/sdolev/Thesis/VLMs/data/affectnet/human_annotated/validation_set/images/747.jpg,6,angry,2.0,neutral,/gpfs0/bgu-vilenchi/users/sdolev/Thesis/VLMs/data/affectnet/human_annotated/validation_set/images/747.jpg
4164,/gpfs0/bgu-vilenchi/users/sdolev/Thesis/VLMs/data/affectnet/human_annotated/validation_set/images/4164.jpg,6,angry,0.0,angry,/gpfs0/bgu-vilenchi/users/sdolev/Thesis/VLMs/data/affectnet/human_annotated/validation_set/images/4164.jpg
4470,/gpfs0/bgu-vilenchi/users/sdolev/Thesis/VLMs/data/affectnet/human_annotated/validation_set/images/4470.jpg,7,contempt,1.0,neutral,/gpfs0/bgu-vilenchi/users/sdolev/Thesis/VLMs/data/affectnet/human_annotated/validation_set/images/4470.jpg
1386,/gpfs0/bgu-vilenchi/users/sdolev/Thesis/VLMs/data/affectnet/human_annotated/validation_set/images/1386.jpg,7,contempt,2.0,happy,/gpfs0/bgu-vilenchi/users/sdolev/Thesis/VLMs/data/affectnet/human_annotated/validation_set/images/1386.jpg
1692,/gpfs0/bgu-vilenchi/users/sdolev/Thesis/VLMs/data/affectnet/human_annotated/validation_set/images/1692.jpg,0,neutral,1.0,neutral,/gpfs0/bgu-vilenchi/users/sdolev/Thesis/VLMs/data/affectnet/human_annotated/validation_set/images/1692.jpg
3328,/gpfs0/bgu-vilenchi/users/sdolev/Thesis/VLMs/data/affectnet/human_annotated/validation_set/images/3328.jpg,3,surprise,1.0,surprise,/gpfs0/bgu-vilenchi/users/sdolev/Thesis/VLMs/data/affectnet/human_annotated/validation_set/images/3328.jpg
1789,/gpfs0/bgu-vilenchi/users/sdolev/Thesis/VLMs/data/affectnet/human_annotated/validation_set/images/1789.jpg,2,sad,1.0,neutral,/gpfs0/bgu-vilenchi/users/sdolev/Thesis/VLMs/data/affectnet/human_annotated/validation_set/images/1789.jpg
2792,/gpfs0/bgu-vilenchi/users/sdolev/Thesis/VLMs/data/affectnet/human_annotated/validation_set/images/2792.jpg,6,angry,1.0,neutral,/gpfs0/bgu-vilenchi/users/sdolev/Thesis/VLMs/data/affectnet/human_annotated/validation_set/images/2792.jpg
223,/gpfs0/bgu-vilenchi/users/sdolev/Thesis/VLMs/data/affectnet/human_annotated/validation_set/images/223.jpg,2,sad,2.0,sad,/gpfs0/bgu-vilenchi/users/sdolev/Thesis/VLMs/data/affectnet/human_annotated/validation_set/images/223.jpg
360,/gpfs0/bgu-vilenchi/users/sdolev/Thesis/VLMs/data/affectnet/human_annotated/validation_set/images/360.jpg,0,neutral,0.0,neutral,/gpfs0/bgu-vilenchi/users/sdolev/Thesis/VLMs/data/affectnet/human_annotated/validation_set/images/360.jpg
4734,/gpfs0/bgu-vilenchi/users/sdolev/Thesis/VLMs/data/affectnet/human_annotated/validation_set/images/4734.jpg,5,disgust,0.0,disgust,/gpfs0/bgu-vilenchi/users/sdolev/Thesis/VLMs/data/affectnet/human_annotated/validation_set/images/4734.jpg
1553,/gpfs0/bgu-vilenchi/users/sdolev/Thesis/VLMs/data/affectnet/human_annotated/validation_set/images/1553.jpg,3,surprise,0.0,surprise,/gpfs0/bgu-vilenchi/users/sdolev/Thesis/VLMs/data/affectnet/human_annotated/validation_set/images/1553.jpg
658,/gpfs0/bgu-vilenchi/users/sdolev/Thesis/VLMs/data/affectnet/human_annotated/validation_set/images/658.jpg,1,happy,0.0,happy,/gpfs0/bgu-vilenchi/users/sdolev/Thesis/VLMs/data/affectnet/human_annotated/validation_set/images/658.jpg
5293,/gpfs0/bgu-vilenchi/users/sdolev/Thesis/VLMs/data/affectnet/human_annotated/validation_set/images/5293.jpg,1,happy,0.0,happy,/gpfs0/bgu-vilenchi/users/sdolev/Thesis/VLMs/data/affectnet/human_annotated/validation_set/images/5293.jpg
1956,/gpfs0/bgu-vilenchi/users/sdolev/Thesis/VLMs/data/affectnet/human_annotated/validation_set/images/1956.jpg,4,fear,1.0,surprise,/gpfs0/bgu-vilenchi/users/sdolev/Thesis/VLMs/data/affectnet/human_annotated/validation_set/images/1956.jpg
4054,/gpfs0/bgu-vilenchi/users/sdolev/Thesis/VLMs/data/affectnet/human_annotated/validation_set/images/4054.jpg,5,disgust,1.0,angry,/gpfs0/bgu-vilenchi/users/sdolev/Thesis/VLMs/data/affectnet/human_annotated/validation_set/images/4054.jpg
1720,/gpfs0/bgu-vilenchi/users/sdolev/Thesis/VLMs/data/affectnet/human_annotated/validation_set/images/1720.jpg,4,fear,2.0,happy,/gpfs0/bgu-vilenchi/users/sdolev/Thesis/VLMs/data/affectnet/human_annotated/validation_set/images/1720.jpg
4457,/gpfs0/bgu-vilenchi/users/sdolev/Thesis/VLMs/data/affectnet/human_annotated/validation_set/images/4457.jpg,7,contempt,2.0,happy,/gpfs0/bgu-vilenchi/users/sdolev/Thesis/VLMs/data/affectnet/human_annotated/validation_set/images/4457.jpg
5460,/gpfs0/bgu-vilenchi/users/sdolev/Thesis/VLMs/data/affectnet/human_annotated/validation_set/images/5460.jpg,2,sad,0.0,surprise,/gpfs0/bgu-vilenchi/users/sdolev/Thesis/VLMs/data/affectnet/human_annotated/validation_set/images/5460.jpg
1276,/gpfs0/bgu-vilenchi/users/sdolev/Thesis/VLMs/data/affectnet/human_annotated/validation_set/images/1276.jpg,0,neutral,0.0,neutral,/gpfs0/bgu-vilenchi/users/sdolev/Thesis/VLMs/data/affectnet/human_annotated/validation_set/images/1276.jpg
3218,/gpfs0/bgu-vilenchi/users/sdolev/Thesis/VLMs/data/affectnet/human_annotated/validation_set/images/3218.jpg,0,neutral,0.0,neutral,/gpfs0/bgu-vilenchi/users/sdolev/Thesis/VLMs/data/affectnet/human_annotated/validation_set/images/3218.jpg
4221,/gpfs0/bgu-vilenchi/users/sdolev/Thesis/VLMs/data/affectnet/human_annotated/validation_set/images/4221.jpg,1,happy,1.0,neutral,/gpfs0/bgu-vilenchi/users/sdolev/Thesis/VLMs/data/affectnet/human_annotated/validation_set/images/4221.jpg
134,/gpfs0/bgu-vilenchi/users/sdolev/Thesis/VLMs/data/affectnet/human_annotated/validation_set/images/134.jpg,7,contempt,2.0,happy,/gpfs0/bgu-vilenchi/users/sdolev/Thesis/VLMs/data/affectnet/human_annotated/validation_set/images/134.jpg
1040,/gpfs0/bgu-vilenchi/users/sdolev/Thesis/VLMs/data/affectnet/human_annotated/validation_set/images/1040.jpg,3,surprise,1.0,surprise,/gpfs0/bgu-vilenchi/users/sdolev/Thesis/VLMs/data/affectnet/human_annotated/validation_set/images/1040.jpg
1679,/gpfs0/bgu-vilenchi/users/sdolev/Thesis/VLMs/data/affectnet/human_annotated/validation_set/images/1679.jpg,2,sad,1.0,neutral,/gpfs0/bgu-vilenchi/users/sdolev/Thesis/VLMs/data/affectnet/human_annotated/validation_set/images/1679.jpg
4624,/gpfs0/bgu-vilenchi/users/sdolev/Thesis/VLMs/data/affectnet/human_annotated/validation_set/images/4624.jpg,2,sad,1.0,neutral,/gpfs0/bgu-vilenchi/users/sdolev/Thesis/VLMs/data/affectnet/human_annotated/validation_set/images/4624.jpg
1443,/gpfs0/bgu-vilenchi/users/sdolev/Thesis/VLMs/data/affectnet/human_annotated/validation_set/images/1443.jpg,0,neutral,1.0,happy,/gpfs0/bgu-vilenchi/users/sdolev/Thesis/VLMs/data/affectnet/human_annotated/validation_set/images/1443.jpg
5183,/gpfs0/bgu-vilenchi/users/sdolev/Thesis/VLMs/data/affectnet/human_annotated/validation_set/images/5183.jpg,1,happy,2.0,neutral,/gpfs0/bgu-vilenchi/users/sdolev/Thesis/VLMs/data/affectnet/human_annotated/validation_set/images/5183.jpg
2099,/gpfs0/bgu-vilenchi/users/sdolev/Thesis/VLMs/data/affectnet/human_annotated/validation_set/images/2099.jpg,3,surprise,1.0,neutral,/gpfs0/bgu-vilenchi/users/sdolev/Thesis/VLMs/data/affectnet/human_annotated/validation_set/images/2099.jpg
1610,/gpfs0/bgu-vilenchi/users/sdolev/Thesis/VLMs/data/affectnet/human_annotated/validation_set/images/1610.jpg,1,happy,0.0,happy,/gpfs0/bgu-vilenchi/users/sdolev/Thesis/VLMs/data/affectnet/human_annotated/validation_set/images/1610.jpg
5044,/gpfs0/bgu-vilenchi/users/sdolev/Thesis/VLMs/data/affectnet/human_annotated/validation_set/images/5044.jpg,6,angry,2.0,angry,/gpfs0/bgu-vilenchi/users/sdolev/Thesis/VLMs/data/affectnet/human_annotated/validation_set/images/5044.jpg
4111,/gpfs0/bgu-vilenchi/users/sdolev/Thesis/VLMs/data/affectnet/human_annotated/validation_set/images/4111.jpg,5,disgust,1.0,neutral,/gpfs0/bgu-vilenchi/users/sdolev/Thesis/VLMs/data/affectnet/human_annotated/validation_set/images/4111.jpg
2266,/gpfs0/bgu-vilenchi/users/sdolev/Thesis/VLMs/data/affectnet/human_annotated/validation_set/images/2266.jpg,7,contempt,1.0,neutral,/gpfs0/bgu-vilenchi/users/sdolev/Thesis/VLMs/data/affectnet/human_annotated/validation_set/images/2266.jpg
446,/gpfs0/bgu-vilenchi/users/sdolev/Thesis/VLMs/data/affectnet/human_annotated/validation_set/images/446.jpg,0,neutral,0.0,neutral,/gpfs0/bgu-vilenchi/users/sdolev/Thesis/VLMs/data/affectnet/human_annotated/validation_set/images/446.jpg
1569,/gpfs0/bgu-vilenchi/users/sdolev/Thesis/VLMs/data/affectnet/human_annotated/validation_set/images/1569.jpg,7,contempt,1.0,neutral,/gpfs0/bgu-vilenchi/users/sdolev/Thesis/VLMs/data/affectnet/human_annotated/validation_set/images/1569.jpg
583,/gpfs0/bgu-vilenchi/users/sdolev/Thesis/VLMs/data/affectnet/human_annotated/validation_set/images/583.jpg,0,neutral,0.0,neutral,/gpfs0/bgu-vilenchi/users/sdolev/Thesis/VLMs/data/affectnet/human_annotated/validation_set/images/583.jpg
2572,/gpfs0/bgu-vilenchi/users/sdolev/Thesis/VLMs/data/affectnet/human_annotated/validation_set/images/2572.jpg,3,surprise,2.0,neutral,/gpfs0/bgu-vilenchi/users/sdolev/Thesis/VLMs/data/affectnet/human_annotated/validation_set/images/2572.jpg
4208,/gpfs0/bgu-vilenchi/users/sdolev/Thesis/VLMs/data/affectnet/human_annotated/validation_set/images/4208.jpg,0,neutral,0.0,neutral,/gpfs0/bgu-vilenchi/users/sdolev/Thesis/VLMs/data/affectnet/human_annotated/validation_set/images/4208.jpg
4514,/gpfs0/bgu-vilenchi/users/sdolev/Thesis/VLMs/data/affectnet/human_annotated/validation_set/images/4514.jpg,4,fear,1.0,happy,/gpfs0/bgu-vilenchi/users/sdolev/Thesis/VLMs/data/affectnet/human_annotated/validation_set/images/4514.jpg
2669,/gpfs0/bgu-vilenchi/users/sdolev/Thesis/VLMs/data/affectnet/human_annotated/validation_set/images/2669.jpg,0,neutral,0.0,neutral,/gpfs0/bgu-vilenchi/users/sdolev/Thesis/VLMs/data/affectnet/human_annotated/validation_set/images/2669.jpg
984,/gpfs0/bgu-vilenchi/users/sdolev/Thesis/VLMs/data/affectnet/human_annotated/validation_set/images/984.jpg,1,happy,0.0,happy,/gpfs0/bgu-vilenchi/users/sdolev/Thesis/VLMs/data/affectnet/human_annotated/validation_set/images/984.jpg
1333,/gpfs0/bgu-vilenchi/users/sdolev/Thesis/VLMs/data/affectnet/human_annotated/validation_set/images/1333.jpg,6,angry,0.0,neutral,/gpfs0/bgu-vilenchi/users/sdolev/Thesis/VLMs/data/affectnet/human_annotated/validation_set/images/1333.jpg
2975,/gpfs0/bgu-vilenchi/users/sdolev/Thesis/VLMs/data/affectnet/human_annotated/validation_set/images/2975.jpg,2,sad,1.0,sad,/gpfs0/bgu-vilenchi/users/sdolev/Thesis/VLMs/data/affectnet/human_annotated/validation_set/images/2975.jpg
4917,/gpfs0/bgu-vilenchi/users/sdolev/Thesis/VLMs/data/affectnet/human_annotated/validation_set/images/4917.jpg,3,surprise,0.0,neutral,/gpfs0/bgu-vilenchi/users/sdolev/Thesis/VLMs/data/affectnet/human_annotated/validation_set/images/4917.jpg
1500,/gpfs0/bgu-vilenchi/users/sdolev/Thesis/VLMs/data/affectnet/human_annotated/validation_set/images/1500.jpg,4,fear,1.0,surprise,/gpfs0/bgu-vilenchi/users/sdolev/Thesis/VLMs/data/affectnet/human_annotated/validation_set/images/1500.jpg
5240,/gpfs0/bgu-vilenchi/users/sdolev/Thesis/VLMs/data/affectnet/human_annotated/validation_set/images/5240.jpg,1,happy,0.0,happy,/gpfs0/bgu-vilenchi/users/sdolev/Thesis/VLMs/data/affectnet/human_annotated/validation_set/images/5240.jpg
3395,/gpfs0/bgu-vilenchi/users/sdolev/Thesis/VLMs/data/affectnet/human_annotated/validation_set/images/3395.jpg,6,angry,1.0,neutral,/gpfs0/bgu-vilenchi/users/sdolev/Thesis/VLMs/data/affectnet/human_annotated/validation_set/images/3395.jpg
1903,/gpfs0/bgu-vilenchi/users/sdolev/Thesis/VLMs/data/affectnet/human_annotated/validation_set/images/1903.jpg,7,contempt,2.0,happy,/gpfs0/bgu-vilenchi/users/sdolev/Thesis/VLMs/data/affectnet/human_annotated/validation_set/images/1903.jpg
357,/gpfs0/bgu-vilenchi/users/sdolev/Thesis/VLMs/data/affectnet/human_annotated/validation_set/images/357.jpg,1,happy,0.0,happy,/gpfs0/bgu-vilenchi/users/sdolev/Thesis/VLMs/data/affectnet/human_annotated/validation_set/images/357.jpg
3798,/gpfs0/bgu-vilenchi/users/sdolev/Thesis/VLMs/data/affectnet/human_annotated/validation_set/images/3798.jpg,1,happy,0.0,happy,/gpfs0/bgu-vilenchi/users/sdolev/Thesis/VLMs/data/affectnet/human_annotated/validation_set/images/3798.jpg
2462,/gpfs0/bgu-vilenchi/users/sdolev/Thesis/VLMs/data/affectnet/human_annotated/validation_set/images/2462.jpg,7,contempt,1.0,happy,/gpfs0/bgu-vilenchi/users/sdolev/Thesis/VLMs/data/affectnet/human_annotated/validation_set/images/2462.jpg
758,/gpfs0/bgu-vilenchi/users/sdolev/Thesis/VLMs/data/affectnet/human_annotated/validation_set/images/758.jpg,5,disgust,1.0,angry,/gpfs0/bgu-vilenchi/users/sdolev/Thesis/VLMs/data/affectnet/human_annotated/validation_set/images/758.jpg
5101,/gpfs0/bgu-vilenchi/users/sdolev/Thesis/VLMs/data/affectnet/human_annotated/validation_set/images/5101.jpg,6,angry,0.0,anger,/gpfs0/bgu-vilenchi/users/sdolev/Thesis/VLMs/data/affectnet/human_annotated/validation_set/images/5101.jpg
895,/gpfs0/bgu-vilenchi/users/sdolev/Thesis/VLMs/data/affectnet/human_annotated/validation_set/images/895.jpg,1,happy,1.0,neutral,/gpfs0/bgu-vilenchi/users/sdolev/Thesis/VLMs/data/affectnet/human_annotated/validation_set/images/895.jpg
2559,/gpfs0/bgu-vilenchi/users/sdolev/Thesis/VLMs/data/affectnet/human_annotated/validation_set/images/2559.jpg,4,fear,1.0,surprise,/gpfs0/bgu-vilenchi/users/sdolev/Thesis/VLMs/data/affectnet/human_annotated/validation_set/images/2559.jpg
3562,/gpfs0/bgu-vilenchi/users/sdolev/Thesis/VLMs/data/affectnet/human_annotated/validation_set/images/3562.jpg,6,angry,0.0,angry,/gpfs0/bgu-vilenchi/users/sdolev/Thesis/VLMs/data/affectnet/human_annotated/validation_set/images/3562.jpg
2865,/gpfs0/bgu-vilenchi/users/sdolev/Thesis/VLMs/data/affectnet/human_annotated/validation_set/images/2865.jpg,2,sad,0.0,sad,/gpfs0/bgu-vilenchi/users/sdolev/Thesis/VLMs/data/affectnet/human_annotated/validation_set/images/2865.jpg
3965,/gpfs0/bgu-vilenchi/users/sdolev/Thesis/VLMs/data/affectnet/human_annotated/validation_set/images/3965.jpg,1,happy,0.0,happy,/gpfs0/bgu-vilenchi/users/sdolev/Thesis/VLMs/data/affectnet/human_annotated/validation_set/images/3965.jpg
2726,/gpfs0/bgu-vilenchi/users/sdolev/Thesis/VLMs/data/affectnet/human_annotated/validation_set/images/2726.jpg,4,fear,2.0,surprise,/gpfs0/bgu-vilenchi/users/sdolev/Thesis/VLMs/data/affectnet/human_annotated/validation_set/images/2726.jpg
371,/gpfs0/bgu-vilenchi/users/sdolev/Thesis/VLMs/data/affectnet/human_annotated/validation_set/images/371.jpg,7,contempt,1.0,happy,/gpfs0/bgu-vilenchi/users/sdolev/Thesis/VLMs/data/affectnet/human_annotated/validation_set/images/371.jpg
3285,/gpfs0/bgu-vilenchi/users/sdolev/Thesis/VLMs/data/affectnet/human_annotated/validation_set/images/3285.jpg,3,surprise,1.0,surprise,/gpfs0/bgu-vilenchi/users/sdolev/Thesis/VLMs/data/affectnet/human_annotated/validation_set/images/3285.jpg
5227,/gpfs0/bgu-vilenchi/users/sdolev/Thesis/VLMs/data/affectnet/human_annotated/validation_set/images/5227.jpg,5,disgust,1.0,surprise,/gpfs0/bgu-vilenchi/users/sdolev/Thesis/VLMs/data/affectnet/human_annotated/validation_set/images/5227.jpg
2046,/gpfs0/bgu-vilenchi/users/sdolev/Thesis/VLMs/data/affectnet/human_annotated/validation_set/images/2046.jpg,2,sad,0.0,sad,/gpfs0/bgu-vilenchi/users/sdolev/Thesis/VLMs/data/affectnet/human_annotated/validation_set/images/2046.jpg
669,/gpfs0/bgu-vilenchi/users/sdolev/Thesis/VLMs/data/affectnet/human_annotated/validation_set/images/669.jpg,0,neutral,0.0,neutral,/gpfs0/bgu-vilenchi/users/sdolev/Thesis/VLMs/data/affectnet/human_annotated/validation_set/images/669.jpg
3688,/gpfs0/bgu-vilenchi/users/sdolev/Thesis/VLMs/data/affectnet/human_annotated/validation_set/images/3688.jpg,1,happy,0.0,happy,/gpfs0/bgu-vilenchi/users/sdolev/Thesis/VLMs/data/affectnet/human_annotated/validation_set/images/3688.jpg
4691,/gpfs0/bgu-vilenchi/users/sdolev/Thesis/VLMs/data/affectnet/human_annotated/validation_set/images/4691.jpg,7,contempt,1.0,happy,/gpfs0/bgu-vilenchi/users/sdolev/Thesis/VLMs/data/affectnet/human_annotated/validation_set/images/4691.jpg
2449,/gpfs0/bgu-vilenchi/users/sdolev/Thesis/VLMs/data/affectnet/human_annotated/validation_set/images/2449.jpg,3,surprise,2.0,surprise,/gpfs0/bgu-vilenchi/users/sdolev/Thesis/VLMs/data/affectnet/human_annotated/validation_set/images/2449.jpg
3452,/gpfs0/bgu-vilenchi/users/sdolev/Thesis/VLMs/data/affectnet/human_annotated/validation_set/images/3452.jpg,7,contempt,1.0,disgust,/gpfs0/bgu-vilenchi/users/sdolev/Thesis/VLMs/data/affectnet/human_annotated/validation_set/images/3452.jpg
3855,/gpfs0/bgu-vilenchi/users/sdolev/Thesis/VLMs/data/affectnet/human_annotated/validation_set/images/3855.jpg,3,surprise,2.0,neutral,/gpfs0/bgu-vilenchi/users/sdolev/Thesis/VLMs/data/affectnet/human_annotated/validation_set/images/3855.jpg
282,/gpfs0/bgu-vilenchi/users/sdolev/Thesis/VLMs/data/affectnet/human_annotated/validation_set/images/282.jpg,4,fear,2.0,surprise,/gpfs0/bgu-vilenchi/users/sdolev/Thesis/VLMs/data/affectnet/human_annotated/validation_set/images/282.jpg
179,/gpfs0/bgu-vilenchi/users/sdolev/Thesis/VLMs/data/affectnet/human_annotated/validation_set/images/179.jpg,2,sad,1.0,sad,/gpfs0/bgu-vilenchi/users/sdolev/Thesis/VLMs/data/affectnet/human_annotated/validation_set/images/179.jpg
3175,/gpfs0/bgu-vilenchi/users/sdolev/Thesis/VLMs/data/affectnet/human_annotated/validation_set/images/3175.jpg,2,sad,0.0,surprise,/gpfs0/bgu-vilenchi/users/sdolev/Thesis/VLMs/data/affectnet/human_annotated/validation_set/images/3175.jpg
5117,/gpfs0/bgu-vilenchi/users/sdolev/Thesis/VLMs/data/affectnet/human_annotated/validation_set/images/5117.jpg,7,contempt,1.0,neutral,/gpfs0/bgu-vilenchi/users/sdolev/Thesis/VLMs/data/affectnet/human_annotated/validation_set/images/5117.jpg
3578,/gpfs0/bgu-vilenchi/users/sdolev/Thesis/VLMs/data/affectnet/human_annotated/validation_set/images/3578.jpg,5,disgust,1.0,neutral,/gpfs0/bgu-vilenchi/users/sdolev/Thesis/VLMs/data/affectnet/human_annotated/validation_set/images/3578.jpg
1094,/gpfs0/bgu-vilenchi/users/sdolev/Thesis/VLMs/data/affectnet/human_annotated/validation_set/images/1094.jpg,6,angry,2.0,neutral,/gpfs0/bgu-vilenchi/users/sdolev/Thesis/VLMs/data/affectnet/human_annotated/validation_set/images/1094.jpg
4984,/gpfs0/bgu-vilenchi/users/sdolev/Thesis/VLMs/data/affectnet/human_annotated/validation_set/images/4984.jpg,0,neutral,2.0,neutral,/gpfs0/bgu-vilenchi/users/sdolev/Thesis/VLMs/data/affectnet/human_annotated/validation_set/images/4984.jpg
3439,/gpfs0/bgu-vilenchi/users/sdolev/Thesis/VLMs/data/affectnet/human_annotated/validation_set/images/3439.jpg,2,sad,1.0,sad,/gpfs0/bgu-vilenchi/users/sdolev/Thesis/VLMs/data/affectnet/human_annotated/validation_set/images/3439.jpg
2103,/gpfs0/bgu-vilenchi/users/sdolev/Thesis/VLMs/data/affectnet/human_annotated/validation_set/images/2103.jpg,3,surprise,1.0,neutral,/gpfs0/bgu-vilenchi/users/sdolev/Thesis/VLMs/data/affectnet/human_annotated/validation_set/images/2103.jpg
3745,/gpfs0/bgu-vilenchi/users/sdolev/Thesis/VLMs/data/affectnet/human_annotated/validation_set/images/3745.jpg,3,surprise,1.0,happy,/gpfs0/bgu-vilenchi/users/sdolev/Thesis/VLMs/data/affectnet/human_annotated/validation_set/images/3745.jpg
2506,/gpfs0/bgu-vilenchi/users/sdolev/Thesis/VLMs/data/affectnet/human_annotated/validation_set/images/2506.jpg,3,surprise,0.0,surprise,/gpfs0/bgu-vilenchi/users/sdolev/Thesis/VLMs/data/affectnet/human_annotated/validation_set/images/2506.jpg
193,/gpfs0/bgu-vilenchi/users/sdolev/Thesis/VLMs/data/affectnet/human_annotated/validation_set/images/193.jpg,1,happy,0.0,happy,/gpfs0/bgu-vilenchi/users/sdolev/Thesis/VLMs/data/affectnet/human_annotated/validation_set/images/193.jpg
594,/gpfs0/bgu-vilenchi/users/sdolev/Thesis/VLMs/data/affectnet/human_annotated/validation_set/images/594.jpg,3,surprise,1.0,neutral,/gpfs0/bgu-vilenchi/users/sdolev/Thesis/VLMs/data/affectnet/human_annotated/validation_set/images/594.jpg
2909,/gpfs0/bgu-vilenchi/users/sdolev/Thesis/VLMs/data/affectnet/human_annotated/validation_set/images/2909.jpg,0,neutral,0.0,neutral,/gpfs0/bgu-vilenchi/users/sdolev/Thesis/VLMs/data/affectnet/human_annotated/validation_set/images/2909.jpg
3912,/gpfs0/bgu-vilenchi/users/sdolev/Thesis/VLMs/data/affectnet/human_annotated/validation_set/images/3912.jpg,1,happy,0.0,happy,/gpfs0/bgu-vilenchi/users/sdolev/Thesis/VLMs/data/affectnet/human_annotated/validation_set/images/3912.jpg
4165,/gpfs0/bgu-vilenchi/users/sdolev/Thesis/VLMs/data/affectnet/human_annotated/validation_set/images/4165.jpg,2,sad,0.0,sad,/gpfs0/bgu-vilenchi/users/sdolev/Thesis/VLMs/data/affectnet/human_annotated/validation_set/images/4165.jpg
4471,/gpfs0/bgu-vilenchi/users/sdolev/Thesis/VLMs/data/affectnet/human_annotated/validation_set/images/4471.jpg,0,neutral,0.0,neutral,/gpfs0/bgu-vilenchi/users/sdolev/Thesis/VLMs/data/affectnet/human_annotated/validation_set/images/4471.jpg
1290,/gpfs0/bgu-vilenchi/users/sdolev/Thesis/VLMs/data/affectnet/human_annotated/validation_set/images/1290.jpg,5,disgust,2.0,disgust,/gpfs0/bgu-vilenchi/users/sdolev/Thesis/VLMs/data/affectnet/human_annotated/validation_set/images/1290.jpg
4568,/gpfs0/bgu-vilenchi/users/sdolev/Thesis/VLMs/data/affectnet/human_annotated/validation_set/images/4568.jpg,3,surprise,2.0,neutral,/gpfs0/bgu-vilenchi/users/sdolev/Thesis/VLMs/data/affectnet/human_annotated/validation_set/images/4568.jpg
1387,/gpfs0/bgu-vilenchi/users/sdolev/Thesis/VLMs/data/affectnet/human_annotated/validation_set/images/1387.jpg,4,fear,0.0,surprise,/gpfs0/bgu-vilenchi/users/sdolev/Thesis/VLMs/data/affectnet/human_annotated/validation_set/images/1387.jpg
4874,/gpfs0/bgu-vilenchi/users/sdolev/Thesis/VLMs/data/affectnet/human_annotated/validation_set/images/4874.jpg,7,contempt,2.0,happy,/gpfs0/bgu-vilenchi/users/sdolev/Thesis/VLMs/data/affectnet/human_annotated/validation_set/images/4874.jpg
2390,/gpfs0/bgu-vilenchi/users/sdolev/Thesis/VLMs/data/affectnet/human_annotated/validation_set/images/2390.jpg,2,sad,1.0,sad,/gpfs0/bgu-vilenchi/users/sdolev/Thesis/VLMs/data/affectnet/human_annotated/validation_set/images/2390.jpg
1693,/gpfs0/bgu-vilenchi/users/sdolev/Thesis/VLMs/data/affectnet/human_annotated/validation_set/images/1693.jpg,1,happy,0.0,happy,/gpfs0/bgu-vilenchi/users/sdolev/Thesis/VLMs/data/affectnet/human_annotated/validation_set/images/1693.jpg
3329,/gpfs0/bgu-vilenchi/users/sdolev/Thesis/VLMs/data/affectnet/human_annotated/validation_set/images/3329.jpg,3,surprise,0.0,surprise,/gpfs0/bgu-vilenchi/users/sdolev/Thesis/VLMs/data/affectnet/human_annotated/validation_set/images/3329.jpg
1151,/gpfs0/bgu-vilenchi/users/sdolev/Thesis/VLMs/data/affectnet/human_annotated/validation_set/images/1151.jpg,4,fear,2.0,neutral,/gpfs0/bgu-vilenchi/users/sdolev/Thesis/VLMs/data/affectnet/human_annotated/validation_set/images/1151.jpg
2793,/gpfs0/bgu-vilenchi/users/sdolev/Thesis/VLMs/data/affectnet/human_annotated/validation_set/images/2793.jpg,4,fear,2.0,surprise,/gpfs0/bgu-vilenchi/users/sdolev/Thesis/VLMs/data/affectnet/human_annotated/validation_set/images/2793.jpg
4735,/gpfs0/bgu-vilenchi/users/sdolev/Thesis/VLMs/data/affectnet/human_annotated/validation_set/images/4735.jpg,4,fear,2.0,sad,/gpfs0/bgu-vilenchi/users/sdolev/Thesis/VLMs/data/affectnet/human_annotated/validation_set/images/4735.jpg
1554,/gpfs0/bgu-vilenchi/users/sdolev/Thesis/VLMs/data/affectnet/human_annotated/validation_set/images/1554.jpg,2,sad,1.0,sad,/gpfs0/bgu-vilenchi/users/sdolev/Thesis/VLMs/data/affectnet/human_annotated/validation_set/images/1554.jpg
102,/gpfs0/bgu-vilenchi/users/sdolev/Thesis/VLMs/data/affectnet/human_annotated/validation_set/images/102.jpg,2,sad,0.0,sad,/gpfs0/bgu-vilenchi/users/sdolev/Thesis/VLMs/data/affectnet/human_annotated/validation_set/images/102.jpg
1860,/gpfs0/bgu-vilenchi/users/sdolev/Thesis/VLMs/data/affectnet/human_annotated/validation_set/images/1860.jpg,6,angry,0.0,angry,/gpfs0/bgu-vilenchi/users/sdolev/Thesis/VLMs/data/affectnet/human_annotated/validation_set/images/1860.jpg
3802,/gpfs0/bgu-vilenchi/users/sdolev/Thesis/VLMs/data/affectnet/human_annotated/validation_set/images/3802.jpg,3,surprise,1.0,surprise,/gpfs0/bgu-vilenchi/users/sdolev/Thesis/VLMs/data/affectnet/human_annotated/validation_set/images/3802.jpg
503,/gpfs0/bgu-vilenchi/users/sdolev/Thesis/VLMs/data/affectnet/human_annotated/validation_set/images/503.jpg,4,fear,2.0,surprise,/gpfs0/bgu-vilenchi/users/sdolev/Thesis/VLMs/data/affectnet/human_annotated/validation_set/images/503.jpg
1957,/gpfs0/bgu-vilenchi/users/sdolev/Thesis/VLMs/data/affectnet/human_annotated/validation_set/images/1957.jpg,5,disgust,1.0,neutral,/gpfs0/bgu-vilenchi/users/sdolev/Thesis/VLMs/data/affectnet/human_annotated/validation_set/images/1957.jpg
4055,/gpfs0/bgu-vilenchi/users/sdolev/Thesis/VLMs/data/affectnet/human_annotated/validation_set/images/4055.jpg,4,fear,1.0,neutral,/gpfs0/bgu-vilenchi/users/sdolev/Thesis/VLMs/data/affectnet/human_annotated/validation_set/images/4055.jpg
904,/gpfs0/bgu-vilenchi/users/sdolev/Thesis/VLMs/data/affectnet/human_annotated/validation_set/images/904.jpg,7,contempt,1.0,happy,/gpfs0/bgu-vilenchi/users/sdolev/Thesis/VLMs/data/affectnet/human_annotated/validation_set/images/904.jpg
4458,/gpfs0/bgu-vilenchi/users/sdolev/Thesis/VLMs/data/affectnet/human_annotated/validation_set/images/4458.jpg,0,neutral,0.0,neutral,/gpfs0/bgu-vilenchi/users/sdolev/Thesis/VLMs/data/affectnet/human_annotated/validation_set/images/4458.jpg
5461,/gpfs0/bgu-vilenchi/users/sdolev/Thesis/VLMs/data/affectnet/human_annotated/validation_set/images/5461.jpg,0,neutral,0.0,neutral,/gpfs0/bgu-vilenchi/users/sdolev/Thesis/VLMs/data/affectnet/human_annotated/validation_set/images/5461.jpg
2280,/gpfs0/bgu-vilenchi/users/sdolev/Thesis/VLMs/data/affectnet/human_annotated/validation_set/images/2280.jpg,1,happy,2.0,happy,/gpfs0/bgu-vilenchi/users/sdolev/Thesis/VLMs/data/affectnet/human_annotated/validation_set/images/2280.jpg
3219,/gpfs0/bgu-vilenchi/users/sdolev/Thesis/VLMs/data/affectnet/human_annotated/validation_set/images/3219.jpg,7,contempt,1.0,neutral,/gpfs0/bgu-vilenchi/users/sdolev/Thesis/VLMs/data/affectnet/human_annotated/validation_set/images/3219.jpg
4222,/gpfs0/bgu-vilenchi/users/sdolev/Thesis/VLMs/data/affectnet/human_annotated/validation_set/images/4222.jpg,4,fear,2.0,sad,/gpfs0/bgu-vilenchi/users/sdolev/Thesis/VLMs/data/affectnet/human_annotated/validation_set/images/4222.jpg
1041,/gpfs0/bgu-vilenchi/users/sdolev/Thesis/VLMs/data/affectnet/human_annotated/validation_set/images/1041.jpg,0,neutral,0.0,happy,/gpfs0/bgu-vilenchi/users/sdolev/Thesis/VLMs/data/affectnet/human_annotated/validation_set/images/1041.jpg
4625,/gpfs0/bgu-vilenchi/users/sdolev/Thesis/VLMs/data/affectnet/human_annotated/validation_set/images/4625.jpg,4,fear,2.0,happy,/gpfs0/bgu-vilenchi/users/sdolev/Thesis/VLMs/data/affectnet/human_annotated/validation_set/images/4625.jpg
1444,/gpfs0/bgu-vilenchi/users/sdolev/Thesis/VLMs/data/affectnet/human_annotated/validation_set/images/1444.jpg,5,disgust,0.0,surprise,/gpfs0/bgu-vilenchi/users/sdolev/Thesis/VLMs/data/affectnet/human_annotated/validation_set/images/1444.jpg
414,/gpfs0/bgu-vilenchi/users/sdolev/Thesis/VLMs/data/affectnet/human_annotated/validation_set/images/414.jpg,2,sad,2.0,neutral,/gpfs0/bgu-vilenchi/users/sdolev/Thesis/VLMs/data/affectnet/human_annotated/validation_set/images/414.jpg
5184,/gpfs0/bgu-vilenchi/users/sdolev/Thesis/VLMs/data/affectnet/human_annotated/validation_set/images/5184.jpg,0,neutral,1.0,neutral,/gpfs0/bgu-vilenchi/users/sdolev/Thesis/VLMs/data/affectnet/human_annotated/validation_set/images/5184.jpg
1847,/gpfs0/bgu-vilenchi/users/sdolev/Thesis/VLMs/data/affectnet/human_annotated/validation_set/images/1847.jpg,4,fear,2.0,neutral,/gpfs0/bgu-vilenchi/users/sdolev/Thesis/VLMs/data/affectnet/human_annotated/validation_set/images/1847.jpg
2850,/gpfs0/bgu-vilenchi/users/sdolev/Thesis/VLMs/data/affectnet/human_annotated/validation_set/images/2850.jpg,0,neutral,2.0,surprise,/gpfs0/bgu-vilenchi/users/sdolev/Thesis/VLMs/data/affectnet/human_annotated/validation_set/images/2850.jpg
815,/gpfs0/bgu-vilenchi/users/sdolev/Thesis/VLMs/data/affectnet/human_annotated/validation_set/images/815.jpg,3,surprise,1.0,neutral,/gpfs0/bgu-vilenchi/users/sdolev/Thesis/VLMs/data/affectnet/human_annotated/validation_set/images/815.jpg
1611,/gpfs0/bgu-vilenchi/users/sdolev/Thesis/VLMs/data/affectnet/human_annotated/validation_set/images/1611.jpg,7,contempt,2.0,neutral,/gpfs0/bgu-vilenchi/users/sdolev/Thesis/VLMs/data/affectnet/human_annotated/validation_set/images/1611.jpg
5045,/gpfs0/bgu-vilenchi/users/sdolev/Thesis/VLMs/data/affectnet/human_annotated/validation_set/images/5045.jpg,2,sad,0.0,sad,/gpfs0/bgu-vilenchi/users/sdolev/Thesis/VLMs/data/affectnet/human_annotated/validation_set/images/5045.jpg
4348,/gpfs0/bgu-vilenchi/users/sdolev/Thesis/VLMs/data/affectnet/human_annotated/validation_set/images/4348.jpg,7,contempt,1.0,neutral,/gpfs0/bgu-vilenchi/users/sdolev/Thesis/VLMs/data/affectnet/human_annotated/validation_set/images/4348.jpg
5351,/gpfs0/bgu-vilenchi/users/sdolev/Thesis/VLMs/data/affectnet/human_annotated/validation_set/images/5351.jpg,6,angry,2.0,contempt,/gpfs0/bgu-vilenchi/users/sdolev/Thesis/VLMs/data/affectnet/human_annotated/validation_set/images/5351.jpg
1167,/gpfs0/bgu-vilenchi/users/sdolev/Thesis/VLMs/data/affectnet/human_annotated/validation_set/images/1167.jpg,3,surprise,1.0,happy,/gpfs0/bgu-vilenchi/users/sdolev/Thesis/VLMs/data/affectnet/human_annotated/validation_set/images/1167.jpg
2170,/gpfs0/bgu-vilenchi/users/sdolev/Thesis/VLMs/data/affectnet/human_annotated/validation_set/images/2170.jpg,0,neutral,2.0,neutral,/gpfs0/bgu-vilenchi/users/sdolev/Thesis/VLMs/data/affectnet/human_annotated/validation_set/images/2170.jpg
5448,/gpfs0/bgu-vilenchi/users/sdolev/Thesis/VLMs/data/affectnet/human_annotated/validation_set/images/5448.jpg,4,fear,1.0,surprise,/gpfs0/bgu-vilenchi/users/sdolev/Thesis/VLMs/data/affectnet/human_annotated/validation_set/images/5448.jpg
4112,/gpfs0/bgu-vilenchi/users/sdolev/Thesis/VLMs/data/affectnet/human_annotated/validation_set/images/4112.jpg,5,disgust,2.0,neutral,/gpfs0/bgu-vilenchi/users/sdolev/Thesis/VLMs/data/affectnet/human_annotated/validation_set/images/4112.jpg
2267,/gpfs0/bgu-vilenchi/users/sdolev/Thesis/VLMs/data/affectnet/human_annotated/validation_set/images/2267.jpg,7,contempt,2.0,happy,/gpfs0/bgu-vilenchi/users/sdolev/Thesis/VLMs/data/affectnet/human_annotated/validation_set/images/2267.jpg
4209,/gpfs0/bgu-vilenchi/users/sdolev/Thesis/VLMs/data/affectnet/human_annotated/validation_set/images/4209.jpg,6,angry,0.0,angry,/gpfs0/bgu-vilenchi/users/sdolev/Thesis/VLMs/data/affectnet/human_annotated/validation_set/images/4209.jpg
1028,/gpfs0/bgu-vilenchi/users/sdolev/Thesis/VLMs/data/affectnet/human_annotated/validation_set/images/1028.jpg,3,surprise,1.0,surprise,/gpfs0/bgu-vilenchi/users/sdolev/Thesis/VLMs/data/affectnet/human_annotated/validation_set/images/1028.jpg
1334,/gpfs0/bgu-vilenchi/users/sdolev/Thesis/VLMs/data/affectnet/human_annotated/validation_set/images/1334.jpg,3,surprise,0.0,neutral,/gpfs0/bgu-vilenchi/users/sdolev/Thesis/VLMs/data/affectnet/human_annotated/validation_set/images/1334.jpg
2976,/gpfs0/bgu-vilenchi/users/sdolev/Thesis/VLMs/data/affectnet/human_annotated/validation_set/images/2976.jpg,6,angry,0.0,angry,/gpfs0/bgu-vilenchi/users/sdolev/Thesis/VLMs/data/affectnet/human_annotated/validation_set/images/2976.jpg
4918,/gpfs0/bgu-vilenchi/users/sdolev/Thesis/VLMs/data/affectnet/human_annotated/validation_set/images/4918.jpg,3,surprise,0.0,neutral,/gpfs0/bgu-vilenchi/users/sdolev/Thesis/VLMs/data/affectnet/human_annotated/validation_set/images/4918.jpg
2740,/gpfs0/bgu-vilenchi/users/sdolev/Thesis/VLMs/data/affectnet/human_annotated/validation_set/images/2740.jpg,4,fear,2.0,neutral,/gpfs0/bgu-vilenchi/users/sdolev/Thesis/VLMs/data/affectnet/human_annotated/validation_set/images/2740.jpg
1501,/gpfs0/bgu-vilenchi/users/sdolev/Thesis/VLMs/data/affectnet/human_annotated/validation_set/images/1501.jpg,1,happy,0.0,happy,/gpfs0/bgu-vilenchi/users/sdolev/Thesis/VLMs/data/affectnet/human_annotated/validation_set/images/1501.jpg
5241,/gpfs0/bgu-vilenchi/users/sdolev/Thesis/VLMs/data/affectnet/human_annotated/validation_set/images/5241.jpg,0,neutral,0.0,neutral,/gpfs0/bgu-vilenchi/users/sdolev/Thesis/VLMs/data/affectnet/human_annotated/validation_set/images/5241.jpg
2060,/gpfs0/bgu-vilenchi/users/sdolev/Thesis/VLMs/data/affectnet/human_annotated/validation_set/images/2060.jpg,0,neutral,2.0,surprise,/gpfs0/bgu-vilenchi/users/sdolev/Thesis/VLMs/data/affectnet/human_annotated/validation_set/images/2060.jpg
1904,/gpfs0/bgu-vilenchi/users/sdolev/Thesis/VLMs/data/affectnet/human_annotated/validation_set/images/1904.jpg,0,neutral,0.0,neutral,/gpfs0/bgu-vilenchi/users/sdolev/Thesis/VLMs/data/affectnet/human_annotated/validation_set/images/1904.jpg
5338,/gpfs0/bgu-vilenchi/users/sdolev/Thesis/VLMs/data/affectnet/human_annotated/validation_set/images/5338.jpg,3,surprise,0.0,neutral,/gpfs0/bgu-vilenchi/users/sdolev/Thesis/VLMs/data/affectnet/human_annotated/validation_set/images/5338.jpg
2157,/gpfs0/bgu-vilenchi/users/sdolev/Thesis/VLMs/data/affectnet/human_annotated/validation_set/images/2157.jpg,3,surprise,0.0,happy,/gpfs0/bgu-vilenchi/users/sdolev/Thesis/VLMs/data/affectnet/human_annotated/validation_set/images/2157.jpg
3160,/gpfs0/bgu-vilenchi/users/sdolev/Thesis/VLMs/data/affectnet/human_annotated/validation_set/images/3160.jpg,5,disgust,1.0,angry,/gpfs0/bgu-vilenchi/users/sdolev/Thesis/VLMs/data/affectnet/human_annotated/validation_set/images/3160.jpg
740,/gpfs0/bgu-vilenchi/users/sdolev/Thesis/VLMs/data/affectnet/human_annotated/validation_set/images/740.jpg,6,angry,1.0,neutral,/gpfs0/bgu-vilenchi/users/sdolev/Thesis/VLMs/data/affectnet/human_annotated/validation_set/images/740.jpg
2324,/gpfs0/bgu-vilenchi/users/sdolev/Thesis/VLMs/data/affectnet/human_annotated/validation_set/images/2324.jpg,5,disgust,1.0,angry,/gpfs0/bgu-vilenchi/users/sdolev/Thesis/VLMs/data/affectnet/human_annotated/validation_set/images/2324.jpg
3966,/gpfs0/bgu-vilenchi/users/sdolev/Thesis/VLMs/data/affectnet/human_annotated/validation_set/images/3966.jpg,7,contempt,1.0,neutral,/gpfs0/bgu-vilenchi/users/sdolev/Thesis/VLMs/data/affectnet/human_annotated/validation_set/images/3966.jpg
2727,/gpfs0/bgu-vilenchi/users/sdolev/Thesis/VLMs/data/affectnet/human_annotated/validation_set/images/2727.jpg,5,disgust,2.0,sad,/gpfs0/bgu-vilenchi/users/sdolev/Thesis/VLMs/data/affectnet/human_annotated/validation_set/images/2727.jpg
3286,/gpfs0/bgu-vilenchi/users/sdolev/Thesis/VLMs/data/affectnet/human_annotated/validation_set/images/3286.jpg,0,neutral,0.0,neutral,/gpfs0/bgu-vilenchi/users/sdolev/Thesis/VLMs/data/affectnet/human_annotated/validation_set/images/3286.jpg
2047,/gpfs0/bgu-vilenchi/users/sdolev/Thesis/VLMs/data/affectnet/human_annotated/validation_set/images/2047.jpg,6,angry,1.0,angry,/gpfs0/bgu-vilenchi/users/sdolev/Thesis/VLMs/data/affectnet/human_annotated/validation_set/images/2047.jpg
113,/gpfs0/bgu-vilenchi/users/sdolev/Thesis/VLMs/data/affectnet/human_annotated/validation_set/images/113.jpg,4,fear,0.0,happy,/gpfs0/bgu-vilenchi/users/sdolev/Thesis/VLMs/data/affectnet/human_annotated/validation_set/images/113.jpg
3050,/gpfs0/bgu-vilenchi/users/sdolev/Thesis/VLMs/data/affectnet/human_annotated/validation_set/images/3050.jpg,7,contempt,0.0,neutral,/gpfs0/bgu-vilenchi/users/sdolev/Thesis/VLMs/data/affectnet/human_annotated/validation_set/images/3050.jpg
3689,/gpfs0/bgu-vilenchi/users/sdolev/Thesis/VLMs/data/affectnet/human_annotated/validation_set/images/3689.jpg,2,sad,0.0,neutral,/gpfs0/bgu-vilenchi/users/sdolev/Thesis/VLMs/data/affectnet/human_annotated/validation_set/images/3689.jpg
250,/gpfs0/bgu-vilenchi/users/sdolev/Thesis/VLMs/data/affectnet/human_annotated/validation_set/images/250.jpg,7,contempt,0.0,neutral,/gpfs0/bgu-vilenchi/users/sdolev/Thesis/VLMs/data/affectnet/human_annotated/validation_set/images/250.jpg
3453,/gpfs0/bgu-vilenchi/users/sdolev/Thesis/VLMs/data/affectnet/human_annotated/validation_set/images/3453.jpg,2,sad,1.0,sad,/gpfs0/bgu-vilenchi/users/sdolev/Thesis/VLMs/data/affectnet/human_annotated/validation_set/images/3453.jpg
548,/gpfs0/bgu-vilenchi/users/sdolev/Thesis/VLMs/data/affectnet/human_annotated/validation_set/images/548.jpg,2,sad,1.0,sad,/gpfs0/bgu-vilenchi/users/sdolev/Thesis/VLMs/data/affectnet/human_annotated/validation_set/images/548.jpg
2214,/gpfs0/bgu-vilenchi/users/sdolev/Thesis/VLMs/data/affectnet/human_annotated/validation_set/images/2214.jpg,6,angry,0.0,angry,/gpfs0/bgu-vilenchi/users/sdolev/Thesis/VLMs/data/affectnet/human_annotated/validation_set/images/2214.jpg
3856,/gpfs0/bgu-vilenchi/users/sdolev/Thesis/VLMs/data/affectnet/human_annotated/validation_set/images/3856.jpg,0,neutral,0.0,neutral,/gpfs0/bgu-vilenchi/users/sdolev/Thesis/VLMs/data/affectnet/human_annotated/validation_set/images/3856.jpg
2617,/gpfs0/bgu-vilenchi/users/sdolev/Thesis/VLMs/data/affectnet/human_annotated/validation_set/images/2617.jpg,6,angry,1.0,angry,/gpfs0/bgu-vilenchi/users/sdolev/Thesis/VLMs/data/affectnet/human_annotated/validation_set/images/2617.jpg
3620,/gpfs0/bgu-vilenchi/users/sdolev/Thesis/VLMs/data/affectnet/human_annotated/validation_set/images/3620.jpg,7,contempt,1.0,neutral,/gpfs0/bgu-vilenchi/users/sdolev/Thesis/VLMs/data/affectnet/human_annotated/validation_set/images/3620.jpg
3176,/gpfs0/bgu-vilenchi/users/sdolev/Thesis/VLMs/data/affectnet/human_annotated/validation_set/images/3176.jpg,0,neutral,0.0,neutral,/gpfs0/bgu-vilenchi/users/sdolev/Thesis/VLMs/data/affectnet/human_annotated/validation_set/images/3176.jpg
5118,/gpfs0/bgu-vilenchi/users/sdolev/Thesis/VLMs/data/affectnet/human_annotated/validation_set/images/5118.jpg,7,contempt,1.0,happy,/gpfs0/bgu-vilenchi/users/sdolev/Thesis/VLMs/data/affectnet/human_annotated/validation_set/images/5118.jpg
4276,/gpfs0/bgu-vilenchi/users/sdolev/Thesis/VLMs/data/affectnet/human_annotated/validation_set/images/4276.jpg,0,neutral,0.0,neutral,/gpfs0/bgu-vilenchi/users/sdolev/Thesis/VLMs/data/affectnet/human_annotated/validation_set/images/4276.jpg
3579,/gpfs0/bgu-vilenchi/users/sdolev/Thesis/VLMs/data/affectnet/human_annotated/validation_set/images/3579.jpg,5,disgust,2.0,surprise,/gpfs0/bgu-vilenchi/users/sdolev/Thesis/VLMs/data/affectnet/human_annotated/validation_set/images/3579.jpg
1095,/gpfs0/bgu-vilenchi/users/sdolev/Thesis/VLMs/data/affectnet/human_annotated/validation_set/images/1095.jpg,2,sad,1.0,sad,/gpfs0/bgu-vilenchi/users/sdolev/Thesis/VLMs/data/affectnet/human_annotated/validation_set/images/1095.jpg
562,/gpfs0/bgu-vilenchi/users/sdolev/Thesis/VLMs/data/affectnet/human_annotated/validation_set/images/562.jpg,7,contempt,1.0,happy,/gpfs0/bgu-vilenchi/users/sdolev/Thesis/VLMs/data/affectnet/human_annotated/validation_set/images/562.jpg
4679,/gpfs0/bgu-vilenchi/users/sdolev/Thesis/VLMs/data/affectnet/human_annotated/validation_set/images/4679.jpg,7,contempt,1.0,happy,/gpfs0/bgu-vilenchi/users/sdolev/Thesis/VLMs/data/affectnet/human_annotated/validation_set/images/4679.jpg
963,/gpfs0/bgu-vilenchi/users/sdolev/Thesis/VLMs/data/affectnet/human_annotated/validation_set/images/963.jpg,6,angry,1.0,surprise,/gpfs0/bgu-vilenchi/users/sdolev/Thesis/VLMs/data/affectnet/human_annotated/validation_set/images/963.jpg
1498,/gpfs0/bgu-vilenchi/users/sdolev/Thesis/VLMs/data/affectnet/human_annotated/validation_set/images/1498.jpg,5,disgust,0.0,neutral,/gpfs0/bgu-vilenchi/users/sdolev/Thesis/VLMs/data/affectnet/human_annotated/validation_set/images/1498.jpg
2104,/gpfs0/bgu-vilenchi/users/sdolev/Thesis/VLMs/data/affectnet/human_annotated/validation_set/images/2104.jpg,0,neutral,0.0,neutral,/gpfs0/bgu-vilenchi/users/sdolev/Thesis/VLMs/data/affectnet/human_annotated/validation_set/images/2104.jpg
2507,/gpfs0/bgu-vilenchi/users/sdolev/Thesis/VLMs/data/affectnet/human_annotated/validation_set/images/2507.jpg,1,happy,0.0,happy,/gpfs0/bgu-vilenchi/users/sdolev/Thesis/VLMs/data/affectnet/human_annotated/validation_set/images/2507.jpg
1971,/gpfs0/bgu-vilenchi/users/sdolev/Thesis/VLMs/data/affectnet/human_annotated/validation_set/images/1971.jpg,3,surprise,1.0,happy,/gpfs0/bgu-vilenchi/users/sdolev/Thesis/VLMs/data/affectnet/human_annotated/validation_set/images/1971.jpg
3913,/gpfs0/bgu-vilenchi/users/sdolev/Thesis/VLMs/data/affectnet/human_annotated/validation_set/images/3913.jpg,6,angry,1.0,surprise,/gpfs0/bgu-vilenchi/users/sdolev/Thesis/VLMs/data/affectnet/human_annotated/validation_set/images/3913.jpg
4166,/gpfs0/bgu-vilenchi/users/sdolev/Thesis/VLMs/data/affectnet/human_annotated/validation_set/images/4166.jpg,4,fear,1.0,sad,/gpfs0/bgu-vilenchi/users/sdolev/Thesis/VLMs/data/affectnet/human_annotated/validation_set/images/4166.jpg
336,/gpfs0/bgu-vilenchi/users/sdolev/Thesis/VLMs/data/affectnet/human_annotated/validation_set/images/336.jpg,6,angry,1.0,neutral,/gpfs0/bgu-vilenchi/users/sdolev/Thesis/VLMs/data/affectnet/human_annotated/validation_set/images/336.jpg
473,/gpfs0/bgu-vilenchi/users/sdolev/Thesis/VLMs/data/affectnet/human_annotated/validation_set/images/473.jpg,3,surprise,2.0,neutral,/gpfs0/bgu-vilenchi/users/sdolev/Thesis/VLMs/data/affectnet/human_annotated/validation_set/images/473.jpg
1291,/gpfs0/bgu-vilenchi/users/sdolev/Thesis/VLMs/data/affectnet/human_annotated/validation_set/images/1291.jpg,1,happy,0.0,happy,/gpfs0/bgu-vilenchi/users/sdolev/Thesis/VLMs/data/affectnet/human_annotated/validation_set/images/1291.jpg
874,/gpfs0/bgu-vilenchi/users/sdolev/Thesis/VLMs/data/affectnet/human_annotated/validation_set/images/874.jpg,3,surprise,2.0,neutral,/gpfs0/bgu-vilenchi/users/sdolev/Thesis/VLMs/data/affectnet/human_annotated/validation_set/images/874.jpg
4569,/gpfs0/bgu-vilenchi/users/sdolev/Thesis/VLMs/data/affectnet/human_annotated/validation_set/images/4569.jpg,5,disgust,1.0,neutral,/gpfs0/bgu-vilenchi/users/sdolev/Thesis/VLMs/data/affectnet/human_annotated/validation_set/images/4569.jpg
1388,/gpfs0/bgu-vilenchi/users/sdolev/Thesis/VLMs/data/affectnet/human_annotated/validation_set/images/1388.jpg,0,neutral,0.0,happy,/gpfs0/bgu-vilenchi/users/sdolev/Thesis/VLMs/data/affectnet/human_annotated/validation_set/images/1388.jpg
4875,/gpfs0/bgu-vilenchi/users/sdolev/Thesis/VLMs/data/affectnet/human_annotated/validation_set/images/4875.jpg,1,happy,0.0,happy,/gpfs0/bgu-vilenchi/users/sdolev/Thesis/VLMs/data/affectnet/human_annotated/validation_set/images/4875.jpg
4333,/gpfs0/bgu-vilenchi/users/sdolev/Thesis/VLMs/data/affectnet/human_annotated/validation_set/images/4333.jpg,4,fear,0.0,surprise,/gpfs0/bgu-vilenchi/users/sdolev/Thesis/VLMs/data/affectnet/human_annotated/validation_set/images/4333.jpg
1152,/gpfs0/bgu-vilenchi/users/sdolev/Thesis/VLMs/data/affectnet/human_annotated/validation_set/images/1152.jpg,4,fear,2.0,surprise,/gpfs0/bgu-vilenchi/users/sdolev/Thesis/VLMs/data/affectnet/human_annotated/validation_set/images/1152.jpg
2794,/gpfs0/bgu-vilenchi/users/sdolev/Thesis/VLMs/data/affectnet/human_annotated/validation_set/images/2794.jpg,2,sad,1.0,neutral,/gpfs0/bgu-vilenchi/users/sdolev/Thesis/VLMs/data/affectnet/human_annotated/validation_set/images/2794.jpg
3400,/gpfs0/bgu-vilenchi/users/sdolev/Thesis/VLMs/data/affectnet/human_annotated/validation_set/images/3400.jpg,0,neutral,0.0,surprise,/gpfs0/bgu-vilenchi/users/sdolev/Thesis/VLMs/data/affectnet/human_annotated/validation_set/images/3400.jpg
1555,/gpfs0/bgu-vilenchi/users/sdolev/Thesis/VLMs/data/affectnet/human_annotated/validation_set/images/1555.jpg,5,disgust,2.0,angry,/gpfs0/bgu-vilenchi/users/sdolev/Thesis/VLMs/data/affectnet/human_annotated/validation_set/images/1555.jpg
1861,/gpfs0/bgu-vilenchi/users/sdolev/Thesis/VLMs/data/affectnet/human_annotated/validation_set/images/1861.jpg,0,neutral,0.0,neutral,/gpfs0/bgu-vilenchi/users/sdolev/Thesis/VLMs/data/affectnet/human_annotated/validation_set/images/1861.jpg
3803,/gpfs0/bgu-vilenchi/users/sdolev/Thesis/VLMs/data/affectnet/human_annotated/validation_set/images/3803.jpg,3,surprise,2.0,surprise,/gpfs0/bgu-vilenchi/users/sdolev/Thesis/VLMs/data/affectnet/human_annotated/validation_set/images/3803.jpg
1958,/gpfs0/bgu-vilenchi/users/sdolev/Thesis/VLMs/data/affectnet/human_annotated/validation_set/images/1958.jpg,0,neutral,0.0,surprise,/gpfs0/bgu-vilenchi/users/sdolev/Thesis/VLMs/data/affectnet/human_annotated/validation_set/images/1958.jpg
648,/gpfs0/bgu-vilenchi/users/sdolev/Thesis/VLMs/data/affectnet/human_annotated/validation_set/images/648.jpg,1,happy,0.0,happy,/gpfs0/bgu-vilenchi/users/sdolev/Thesis/VLMs/data/affectnet/human_annotated/validation_set/images/648.jpg
4459,/gpfs0/bgu-vilenchi/users/sdolev/Thesis/VLMs/data/affectnet/human_annotated/validation_set/images/4459.jpg,4,fear,0.0,surprise,/gpfs0/bgu-vilenchi/users/sdolev/Thesis/VLMs/data/affectnet/human_annotated/validation_set/images/4459.jpg
30,/gpfs0/bgu-vilenchi/users/sdolev/Thesis/VLMs/data/affectnet/human_annotated/validation_set/images/30.jpg,3,surprise,2.0,neutral,/gpfs0/bgu-vilenchi/users/sdolev/Thesis/VLMs/data/affectnet/human_annotated/validation_set/images/30.jpg
5462,/gpfs0/bgu-vilenchi/users/sdolev/Thesis/VLMs/data/affectnet/human_annotated/validation_set/images/5462.jpg,1,happy,0.0,happy,/gpfs0/bgu-vilenchi/users/sdolev/Thesis/VLMs/data/affectnet/human_annotated/validation_set/images/5462.jpg
1278,/gpfs0/bgu-vilenchi/users/sdolev/Thesis/VLMs/data/affectnet/human_annotated/validation_set/images/1278.jpg,5,disgust,1.0,disgust,/gpfs0/bgu-vilenchi/users/sdolev/Thesis/VLMs/data/affectnet/human_annotated/validation_set/images/1278.jpg
2281,/gpfs0/bgu-vilenchi/users/sdolev/Thesis/VLMs/data/affectnet/human_annotated/validation_set/images/2281.jpg,7,contempt,1.0,neutral,/gpfs0/bgu-vilenchi/users/sdolev/Thesis/VLMs/data/affectnet/human_annotated/validation_set/images/2281.jpg
4223,/gpfs0/bgu-vilenchi/users/sdolev/Thesis/VLMs/data/affectnet/human_annotated/validation_set/images/4223.jpg,2,sad,0.0,sad,/gpfs0/bgu-vilenchi/users/sdolev/Thesis/VLMs/data/affectnet/human_annotated/validation_set/images/4223.jpg
2684,/gpfs0/bgu-vilenchi/users/sdolev/Thesis/VLMs/data/affectnet/human_annotated/validation_set/images/2684.jpg,1,happy,0.0,happy,/gpfs0/bgu-vilenchi/users/sdolev/Thesis/VLMs/data/affectnet/human_annotated/validation_set/images/2684.jpg
2990,/gpfs0/bgu-vilenchi/users/sdolev/Thesis/VLMs/data/affectnet/human_annotated/validation_set/images/2990.jpg,1,happy,0.0,happy,/gpfs0/bgu-vilenchi/users/sdolev/Thesis/VLMs/data/affectnet/human_annotated/validation_set/images/2990.jpg
4626,/gpfs0/bgu-vilenchi/users/sdolev/Thesis/VLMs/data/affectnet/human_annotated/validation_set/images/4626.jpg,4,fear,2.0,angry,/gpfs0/bgu-vilenchi/users/sdolev/Thesis/VLMs/data/affectnet/human_annotated/validation_set/images/4626.jpg
1445,/gpfs0/bgu-vilenchi/users/sdolev/Thesis/VLMs/data/affectnet/human_annotated/validation_set/images/1445.jpg,4,fear,2.0,surprise,/gpfs0/bgu-vilenchi/users/sdolev/Thesis/VLMs/data/affectnet/human_annotated/validation_set/images/1445.jpg
81,/gpfs0/bgu-vilenchi/users/sdolev/Thesis/VLMs/data/affectnet/human_annotated/validation_set/images/81.jpg,3,surprise,1.0,surprise,/gpfs0/bgu-vilenchi/users/sdolev/Thesis/VLMs/data/affectnet/human_annotated/validation_set/images/81.jpg
5185,/gpfs0/bgu-vilenchi/users/sdolev/Thesis/VLMs/data/affectnet/human_annotated/validation_set/images/5185.jpg,3,surprise,0.0,surprise,/gpfs0/bgu-vilenchi/users/sdolev/Thesis/VLMs/data/affectnet/human_annotated/validation_set/images/5185.jpg
158,/gpfs0/bgu-vilenchi/users/sdolev/Thesis/VLMs/data/affectnet/human_annotated/validation_set/images/158.jpg,0,neutral,0.0,neutral,/gpfs0/bgu-vilenchi/users/sdolev/Thesis/VLMs/data/affectnet/human_annotated/validation_set/images/158.jpg
2851,/gpfs0/bgu-vilenchi/users/sdolev/Thesis/VLMs/data/affectnet/human_annotated/validation_set/images/2851.jpg,2,sad,0.0,disgust,/gpfs0/bgu-vilenchi/users/sdolev/Thesis/VLMs/data/affectnet/human_annotated/validation_set/images/2851.jpg
25,/gpfs0/bgu-vilenchi/users/sdolev/Thesis/VLMs/data/affectnet/human_annotated/validation_set/images/25.jpg,4,fear,2.0,neutral,/gpfs0/bgu-vilenchi/users/sdolev/Thesis/VLMs/data/affectnet/human_annotated/validation_set/images/25.jpg
559,/gpfs0/bgu-vilenchi/users/sdolev/Thesis/VLMs/data/affectnet/human_annotated/validation_set/images/559.jpg,6,angry,2.0,neutral,/gpfs0/bgu-vilenchi/users/sdolev/Thesis/VLMs/data/affectnet/human_annotated/validation_set/images/559.jpg
5046,/gpfs0/bgu-vilenchi/users/sdolev/Thesis/VLMs/data/affectnet/human_annotated/validation_set/images/5046.jpg,1,happy,0.0,happy,/gpfs0/bgu-vilenchi/users/sdolev/Thesis/VLMs/data/affectnet/human_annotated/validation_set/images/5046.jpg
4349,/gpfs0/bgu-vilenchi/users/sdolev/Thesis/VLMs/data/affectnet/human_annotated/validation_set/images/4349.jpg,4,fear,0.0,surprise,/gpfs0/bgu-vilenchi/users/sdolev/Thesis/VLMs/data/affectnet/human_annotated/validation_set/images/4349.jpg
5352,/gpfs0/bgu-vilenchi/users/sdolev/Thesis/VLMs/data/affectnet/human_annotated/validation_set/images/5352.jpg,0,neutral,0.0,neutral,/gpfs0/bgu-vilenchi/users/sdolev/Thesis/VLMs/data/affectnet/human_annotated/validation_set/images/5352.jpg
2171,/gpfs0/bgu-vilenchi/users/sdolev/Thesis/VLMs/data/affectnet/human_annotated/validation_set/images/2171.jpg,2,sad,0.0,sad,/gpfs0/bgu-vilenchi/users/sdolev/Thesis/VLMs/data/affectnet/human_annotated/validation_set/images/2171.jpg
4113,/gpfs0/bgu-vilenchi/users/sdolev/Thesis/VLMs/data/affectnet/human_annotated/validation_set/images/4113.jpg,0,neutral,0.0,neutral,/gpfs0/bgu-vilenchi/users/sdolev/Thesis/VLMs/data/affectnet/human_annotated/validation_set/images/4113.jpg
2574,/gpfs0/bgu-vilenchi/users/sdolev/Thesis/VLMs/data/affectnet/human_annotated/validation_set/images/2574.jpg,4,fear,1.0,surprise,/gpfs0/bgu-vilenchi/users/sdolev/Thesis/VLMs/data/affectnet/human_annotated/validation_set/images/2574.jpg
1029,/gpfs0/bgu-vilenchi/users/sdolev/Thesis/VLMs/data/affectnet/human_annotated/validation_set/images/1029.jpg,0,neutral,1.0,neutral,/gpfs0/bgu-vilenchi/users/sdolev/Thesis/VLMs/data/affectnet/human_annotated/validation_set/images/1029.jpg
4516,/gpfs0/bgu-vilenchi/users/sdolev/Thesis/VLMs/data/affectnet/human_annotated/validation_set/images/4516.jpg,4,fear,2.0,surprise,/gpfs0/bgu-vilenchi/users/sdolev/Thesis/VLMs/data/affectnet/human_annotated/validation_set/images/4516.jpg
1335,/gpfs0/bgu-vilenchi/users/sdolev/Thesis/VLMs/data/affectnet/human_annotated/validation_set/images/1335.jpg,0,neutral,0.0,surprise,/gpfs0/bgu-vilenchi/users/sdolev/Thesis/VLMs/data/affectnet/human_annotated/validation_set/images/1335.jpg
2977,/gpfs0/bgu-vilenchi/users/sdolev/Thesis/VLMs/data/affectnet/human_annotated/validation_set/images/2977.jpg,0,neutral,0.0,neutral,/gpfs0/bgu-vilenchi/users/sdolev/Thesis/VLMs/data/affectnet/human_annotated/validation_set/images/2977.jpg
4919,/gpfs0/bgu-vilenchi/users/sdolev/Thesis/VLMs/data/affectnet/human_annotated/validation_set/images/4919.jpg,0,neutral,0.0,neutral,/gpfs0/bgu-vilenchi/users/sdolev/Thesis/VLMs/data/affectnet/human_annotated/validation_set/images/4919.jpg
1738,/gpfs0/bgu-vilenchi/users/sdolev/Thesis/VLMs/data/affectnet/human_annotated/validation_set/images/1738.jpg,7,contempt,2.0,surprise,/gpfs0/bgu-vilenchi/users/sdolev/Thesis/VLMs/data/affectnet/human_annotated/validation_set/images/1738.jpg
2741,/gpfs0/bgu-vilenchi/users/sdolev/Thesis/VLMs/data/affectnet/human_annotated/validation_set/images/2741.jpg,4,fear,2.0,surprise,/gpfs0/bgu-vilenchi/users/sdolev/Thesis/VLMs/data/affectnet/human_annotated/validation_set/images/2741.jpg
1502,/gpfs0/bgu-vilenchi/users/sdolev/Thesis/VLMs/data/affectnet/human_annotated/validation_set/images/1502.jpg,2,sad,0.0,sad,/gpfs0/bgu-vilenchi/users/sdolev/Thesis/VLMs/data/affectnet/human_annotated/validation_set/images/1502.jpg
5242,/gpfs0/bgu-vilenchi/users/sdolev/Thesis/VLMs/data/affectnet/human_annotated/validation_set/images/5242.jpg,7,contempt,0.0,neutral,/gpfs0/bgu-vilenchi/users/sdolev/Thesis/VLMs/data/affectnet/human_annotated/validation_set/images/5242.jpg
1905,/gpfs0/bgu-vilenchi/users/sdolev/Thesis/VLMs/data/affectnet/human_annotated/validation_set/images/1905.jpg,0,neutral,2.0,neutral,/gpfs0/bgu-vilenchi/users/sdolev/Thesis/VLMs/data/affectnet/human_annotated/validation_set/images/1905.jpg
5339,/gpfs0/bgu-vilenchi/users/sdolev/Thesis/VLMs/data/affectnet/human_annotated/validation_set/images/5339.jpg,0,neutral,0.0,neutral,/gpfs0/bgu-vilenchi/users/sdolev/Thesis/VLMs/data/affectnet/human_annotated/validation_set/images/5339.jpg
2158,/gpfs0/bgu-vilenchi/users/sdolev/Thesis/VLMs/data/affectnet/human_annotated/validation_set/images/2158.jpg,6,angry,1.0,angry,/gpfs0/bgu-vilenchi/users/sdolev/Thesis/VLMs/data/affectnet/human_annotated/validation_set/images/2158.jpg
5103,/gpfs0/bgu-vilenchi/users/sdolev/Thesis/VLMs/data/affectnet/human_annotated/validation_set/images/5103.jpg,4,fear,2.0,happy,/gpfs0/bgu-vilenchi/users/sdolev/Thesis/VLMs/data/affectnet/human_annotated/validation_set/images/5103.jpg
3564,/gpfs0/bgu-vilenchi/users/sdolev/Thesis/VLMs/data/affectnet/human_annotated/validation_set/images/3564.jpg,3,surprise,0.0,happy,/gpfs0/bgu-vilenchi/users/sdolev/Thesis/VLMs/data/affectnet/human_annotated/validation_set/images/3564.jpg
3870,/gpfs0/bgu-vilenchi/users/sdolev/Thesis/VLMs/data/affectnet/human_annotated/validation_set/images/3870.jpg,3,surprise,2.0,surprise,/gpfs0/bgu-vilenchi/users/sdolev/Thesis/VLMs/data/affectnet/human_annotated/validation_set/images/3870.jpg
79,/gpfs0/bgu-vilenchi/users/sdolev/Thesis/VLMs/data/affectnet/human_annotated/validation_set/images/79.jpg,3,surprise,2.0,neutral,/gpfs0/bgu-vilenchi/users/sdolev/Thesis/VLMs/data/affectnet/human_annotated/validation_set/images/79.jpg
2325,/gpfs0/bgu-vilenchi/users/sdolev/Thesis/VLMs/data/affectnet/human_annotated/validation_set/images/2325.jpg,5,disgust,2.0,surprise,/gpfs0/bgu-vilenchi/users/sdolev/Thesis/VLMs/data/affectnet/human_annotated/validation_set/images/2325.jpg
3967,/gpfs0/bgu-vilenchi/users/sdolev/Thesis/VLMs/data/affectnet/human_annotated/validation_set/images/3967.jpg,2,sad,1.0,neutral,/gpfs0/bgu-vilenchi/users/sdolev/Thesis/VLMs/data/affectnet/human_annotated/validation_set/images/3967.jpg
2631,/gpfs0/bgu-vilenchi/users/sdolev/Thesis/VLMs/data/affectnet/human_annotated/validation_set/images/2631.jpg,6,angry,0.0,angry,/gpfs0/bgu-vilenchi/users/sdolev/Thesis/VLMs/data/affectnet/human_annotated/validation_set/images/2631.jpg
2728,/gpfs0/bgu-vilenchi/users/sdolev/Thesis/VLMs/data/affectnet/human_annotated/validation_set/images/2728.jpg,5,disgust,1.0,angry,/gpfs0/bgu-vilenchi/users/sdolev/Thesis/VLMs/data/affectnet/human_annotated/validation_set/images/2728.jpg
3051,/gpfs0/bgu-vilenchi/users/sdolev/Thesis/VLMs/data/affectnet/human_annotated/validation_set/images/3051.jpg,1,happy,0.0,happy,/gpfs0/bgu-vilenchi/users/sdolev/Thesis/VLMs/data/affectnet/human_annotated/validation_set/images/3051.jpg
4693,/gpfs0/bgu-vilenchi/users/sdolev/Thesis/VLMs/data/affectnet/human_annotated/validation_set/images/4693.jpg,3,surprise,1.0,happy,/gpfs0/bgu-vilenchi/users/sdolev/Thesis/VLMs/data/affectnet/human_annotated/validation_set/images/4693.jpg
395,/gpfs0/bgu-vilenchi/users/sdolev/Thesis/VLMs/data/affectnet/human_annotated/validation_set/images/395.jpg,4,fear,2.0,surprise,/gpfs0/bgu-vilenchi/users/sdolev/Thesis/VLMs/data/affectnet/human_annotated/validation_set/images/395.jpg
796,/gpfs0/bgu-vilenchi/users/sdolev/Thesis/VLMs/data/affectnet/human_annotated/validation_set/images/796.jpg,3,surprise,2.0,sad,/gpfs0/bgu-vilenchi/users/sdolev/Thesis/VLMs/data/affectnet/human_annotated/validation_set/images/796.jpg
2215,/gpfs0/bgu-vilenchi/users/sdolev/Thesis/VLMs/data/affectnet/human_annotated/validation_set/images/2215.jpg,5,disgust,0.0,neutral,/gpfs0/bgu-vilenchi/users/sdolev/Thesis/VLMs/data/affectnet/human_annotated/validation_set/images/2215.jpg
4860,/gpfs0/bgu-vilenchi/users/sdolev/Thesis/VLMs/data/affectnet/human_annotated/validation_set/images/4860.jpg,5,disgust,1.0,neutral,/gpfs0/bgu-vilenchi/users/sdolev/Thesis/VLMs/data/affectnet/human_annotated/validation_set/images/4860.jpg
931,/gpfs0/bgu-vilenchi/users/sdolev/Thesis/VLMs/data/affectnet/human_annotated/validation_set/images/931.jpg,5,disgust,1.0,disgust,/gpfs0/bgu-vilenchi/users/sdolev/Thesis/VLMs/data/affectnet/human_annotated/validation_set/images/931.jpg
2618,/gpfs0/bgu-vilenchi/users/sdolev/Thesis/VLMs/data/affectnet/human_annotated/validation_set/images/2618.jpg,6,angry,0.0,neutral,/gpfs0/bgu-vilenchi/users/sdolev/Thesis/VLMs/data/affectnet/human_annotated/validation_set/images/2618.jpg
3177,/gpfs0/bgu-vilenchi/users/sdolev/Thesis/VLMs/data/affectnet/human_annotated/validation_set/images/3177.jpg,6,angry,0.0,surprise,/gpfs0/bgu-vilenchi/users/sdolev/Thesis/VLMs/data/affectnet/human_annotated/validation_set/images/3177.jpg
4180,/gpfs0/bgu-vilenchi/users/sdolev/Thesis/VLMs/data/affectnet/human_annotated/validation_set/images/4180.jpg,6,angry,1.0,surprise,/gpfs0/bgu-vilenchi/users/sdolev/Thesis/VLMs/data/affectnet/human_annotated/validation_set/images/4180.jpg
4277,/gpfs0/bgu-vilenchi/users/sdolev/Thesis/VLMs/data/affectnet/human_annotated/validation_set/images/4277.jpg,1,happy,0.0,happy,/gpfs0/bgu-vilenchi/users/sdolev/Thesis/VLMs/data/affectnet/human_annotated/validation_set/images/4277.jpg
1096,/gpfs0/bgu-vilenchi/users/sdolev/Thesis/VLMs/data/affectnet/human_annotated/validation_set/images/1096.jpg,2,sad,2.0,sad,/gpfs0/bgu-vilenchi/users/sdolev/Thesis/VLMs/data/affectnet/human_annotated/validation_set/images/1096.jpg
4583,/gpfs0/bgu-vilenchi/users/sdolev/Thesis/VLMs/data/affectnet/human_annotated/validation_set/images/4583.jpg,2,sad,0.0,neutral,/gpfs0/bgu-vilenchi/users/sdolev/Thesis/VLMs/data/affectnet/human_annotated/validation_set/images/4583.jpg
3038,/gpfs0/bgu-vilenchi/users/sdolev/Thesis/VLMs/data/affectnet/human_annotated/validation_set/images/3038.jpg,0,neutral,2.0,happy,/gpfs0/bgu-vilenchi/users/sdolev/Thesis/VLMs/data/affectnet/human_annotated/validation_set/images/3038.jpg
3344,/gpfs0/bgu-vilenchi/users/sdolev/Thesis/VLMs/data/affectnet/human_annotated/validation_set/images/3344.jpg,5,disgust,0.0,disgust,/gpfs0/bgu-vilenchi/users/sdolev/Thesis/VLMs/data/affectnet/human_annotated/validation_set/images/3344.jpg
1499,/gpfs0/bgu-vilenchi/users/sdolev/Thesis/VLMs/data/affectnet/human_annotated/validation_set/images/1499.jpg,5,disgust,1.0,neutral,/gpfs0/bgu-vilenchi/users/sdolev/Thesis/VLMs/data/affectnet/human_annotated/validation_set/images/1499.jpg
4986,/gpfs0/bgu-vilenchi/users/sdolev/Thesis/VLMs/data/affectnet/human_annotated/validation_set/images/4986.jpg,7,contempt,2.0,happy,/gpfs0/bgu-vilenchi/users/sdolev/Thesis/VLMs/data/affectnet/human_annotated/validation_set/images/4986.jpg
304,/gpfs0/bgu-vilenchi/users/sdolev/Thesis/VLMs/data/affectnet/human_annotated/validation_set/images/304.jpg,6,angry,0.0,angry,/gpfs0/bgu-vilenchi/users/sdolev/Thesis/VLMs/data/affectnet/human_annotated/validation_set/images/304.jpg
2105,/gpfs0/bgu-vilenchi/users/sdolev/Thesis/VLMs/data/affectnet/human_annotated/validation_set/images/2105.jpg,0,neutral,0.0,neutral,/gpfs0/bgu-vilenchi/users/sdolev/Thesis/VLMs/data/affectnet/human_annotated/validation_set/images/2105.jpg
3747,/gpfs0/bgu-vilenchi/users/sdolev/Thesis/VLMs/data/affectnet/human_annotated/validation_set/images/3747.jpg,3,surprise,0.0,surprise,/gpfs0/bgu-vilenchi/users/sdolev/Thesis/VLMs/data/affectnet/human_annotated/validation_set/images/3747.jpg
705,/gpfs0/bgu-vilenchi/users/sdolev/Thesis/VLMs/data/affectnet/human_annotated/validation_set/images/705.jpg,3,surprise,1.0,neutral,/gpfs0/bgu-vilenchi/users/sdolev/Thesis/VLMs/data/affectnet/human_annotated/validation_set/images/705.jpg
4750,/gpfs0/bgu-vilenchi/users/sdolev/Thesis/VLMs/data/affectnet/human_annotated/validation_set/images/4750.jpg,0,neutral,0.0,neutral,/gpfs0/bgu-vilenchi/users/sdolev/Thesis/VLMs/data/affectnet/human_annotated/validation_set/images/4750.jpg
1972,/gpfs0/bgu-vilenchi/users/sdolev/Thesis/VLMs/data/affectnet/human_annotated/validation_set/images/1972.jpg,2,sad,1.0,neutral,/gpfs0/bgu-vilenchi/users/sdolev/Thesis/VLMs/data/affectnet/human_annotated/validation_set/images/1972.jpg
4070,/gpfs0/bgu-vilenchi/users/sdolev/Thesis/VLMs/data/affectnet/human_annotated/validation_set/images/4070.jpg,2,sad,0.0,neutral,/gpfs0/bgu-vilenchi/users/sdolev/Thesis/VLMs/data/affectnet/human_annotated/validation_set/images/4070.jpg
4167,/gpfs0/bgu-vilenchi/users/sdolev/Thesis/VLMs/data/affectnet/human_annotated/validation_set/images/4167.jpg,3,surprise,0.0,surprise,/gpfs0/bgu-vilenchi/users/sdolev/Thesis/VLMs/data/affectnet/human_annotated/validation_set/images/4167.jpg
4473,/gpfs0/bgu-vilenchi/users/sdolev/Thesis/VLMs/data/affectnet/human_annotated/validation_set/images/4473.jpg,5,disgust,1.0,neutral,/gpfs0/bgu-vilenchi/users/sdolev/Thesis/VLMs/data/affectnet/human_annotated/validation_set/images/4473.jpg
215,/gpfs0/bgu-vilenchi/users/sdolev/Thesis/VLMs/data/affectnet/human_annotated/validation_set/images/215.jpg,4,fear,1.0,surprise,/gpfs0/bgu-vilenchi/users/sdolev/Thesis/VLMs/data/affectnet/human_annotated/validation_set/images/215.jpg
4876,/gpfs0/bgu-vilenchi/users/sdolev/Thesis/VLMs/data/affectnet/human_annotated/validation_set/images/4876.jpg,3,surprise,0.0,happy,/gpfs0/bgu-vilenchi/users/sdolev/Thesis/VLMs/data/affectnet/human_annotated/validation_set/images/4876.jpg
2392,/gpfs0/bgu-vilenchi/users/sdolev/Thesis/VLMs/data/affectnet/human_annotated/validation_set/images/2392.jpg,7,contempt,2.0,neutral,/gpfs0/bgu-vilenchi/users/sdolev/Thesis/VLMs/data/affectnet/human_annotated/validation_set/images/2392.jpg
1695,/gpfs0/bgu-vilenchi/users/sdolev/Thesis/VLMs/data/affectnet/human_annotated/validation_set/images/1695.jpg,3,surprise,0.0,surprise,/gpfs0/bgu-vilenchi/users/sdolev/Thesis/VLMs/data/affectnet/human_annotated/validation_set/images/1695.jpg
4334,/gpfs0/bgu-vilenchi/users/sdolev/Thesis/VLMs/data/affectnet/human_annotated/validation_set/images/4334.jpg,4,fear,1.0,happy,/gpfs0/bgu-vilenchi/users/sdolev/Thesis/VLMs/data/affectnet/human_annotated/validation_set/images/4334.jpg
1153,/gpfs0/bgu-vilenchi/users/sdolev/Thesis/VLMs/data/affectnet/human_annotated/validation_set/images/1153.jpg,5,disgust,1.0,happy,/gpfs0/bgu-vilenchi/users/sdolev/Thesis/VLMs/data/affectnet/human_annotated/validation_set/images/1153.jpg
4640,/gpfs0/bgu-vilenchi/users/sdolev/Thesis/VLMs/data/affectnet/human_annotated/validation_set/images/4640.jpg,0,neutral,0.0,neutral,/gpfs0/bgu-vilenchi/users/sdolev/Thesis/VLMs/data/affectnet/human_annotated/validation_set/images/4640.jpg
2795,/gpfs0/bgu-vilenchi/users/sdolev/Thesis/VLMs/data/affectnet/human_annotated/validation_set/images/2795.jpg,5,disgust,1.0,happy,/gpfs0/bgu-vilenchi/users/sdolev/Thesis/VLMs/data/affectnet/human_annotated/validation_set/images/2795.jpg
3401,/gpfs0/bgu-vilenchi/users/sdolev/Thesis/VLMs/data/affectnet/human_annotated/validation_set/images/3401.jpg,6,angry,0.0,neutral,/gpfs0/bgu-vilenchi/users/sdolev/Thesis/VLMs/data/affectnet/human_annotated/validation_set/images/3401.jpg
1556,/gpfs0/bgu-vilenchi/users/sdolev/Thesis/VLMs/data/affectnet/human_annotated/validation_set/images/1556.jpg,7,contempt,1.0,neutral,/gpfs0/bgu-vilenchi/users/sdolev/Thesis/VLMs/data/affectnet/human_annotated/validation_set/images/1556.jpg
1862,/gpfs0/bgu-vilenchi/users/sdolev/Thesis/VLMs/data/affectnet/human_annotated/validation_set/images/1862.jpg,3,surprise,1.0,surprise,/gpfs0/bgu-vilenchi/users/sdolev/Thesis/VLMs/data/affectnet/human_annotated/validation_set/images/1862.jpg
5296,/gpfs0/bgu-vilenchi/users/sdolev/Thesis/VLMs/data/affectnet/human_annotated/validation_set/images/5296.jpg,3,surprise,2.0,neutral,/gpfs0/bgu-vilenchi/users/sdolev/Thesis/VLMs/data/affectnet/human_annotated/validation_set/images/5296.jpg
3804,/gpfs0/bgu-vilenchi/users/sdolev/Thesis/VLMs/data/affectnet/human_annotated/validation_set/images/3804.jpg,4,fear,1.0,surprise,/gpfs0/bgu-vilenchi/users/sdolev/Thesis/VLMs/data/affectnet/human_annotated/validation_set/images/3804.jpg
1959,/gpfs0/bgu-vilenchi/users/sdolev/Thesis/VLMs/data/affectnet/human_annotated/validation_set/images/1959.jpg,0,neutral,1.0,neutral,/gpfs0/bgu-vilenchi/users/sdolev/Thesis/VLMs/data/affectnet/human_annotated/validation_set/images/1959.jpg
5060,/gpfs0/bgu-vilenchi/users/sdolev/Thesis/VLMs/data/affectnet/human_annotated/validation_set/images/5060.jpg,4,fear,2.0,surprise,/gpfs0/bgu-vilenchi/users/sdolev/Thesis/VLMs/data/affectnet/human_annotated/validation_set/images/5060.jpg
4904,/gpfs0/bgu-vilenchi/users/sdolev/Thesis/VLMs/data/affectnet/human_annotated/validation_set/images/4904.jpg,7,contempt,1.0,neutral,/gpfs0/bgu-vilenchi/users/sdolev/Thesis/VLMs/data/affectnet/human_annotated/validation_set/images/4904.jpg
5463,/gpfs0/bgu-vilenchi/users/sdolev/Thesis/VLMs/data/affectnet/human_annotated/validation_set/images/5463.jpg,7,contempt,1.0,happy,/gpfs0/bgu-vilenchi/users/sdolev/Thesis/VLMs/data/affectnet/human_annotated/validation_set/images/5463.jpg
630,/gpfs0/bgu-vilenchi/users/sdolev/Thesis/VLMs/data/affectnet/human_annotated/validation_set/images/630.jpg,1,happy,0.0,happy,/gpfs0/bgu-vilenchi/users/sdolev/Thesis/VLMs/data/affectnet/human_annotated/validation_set/images/630.jpg
1279,/gpfs0/bgu-vilenchi/users/sdolev/Thesis/VLMs/data/affectnet/human_annotated/validation_set/images/1279.jpg,3,surprise,2.0,surprise,/gpfs0/bgu-vilenchi/users/sdolev/Thesis/VLMs/data/affectnet/human_annotated/validation_set/images/1279.jpg
527,/gpfs0/bgu-vilenchi/users/sdolev/Thesis/VLMs/data/affectnet/human_annotated/validation_set/images/527.jpg,6,angry,1.0,neutral,/gpfs0/bgu-vilenchi/users/sdolev/Thesis/VLMs/data/affectnet/human_annotated/validation_set/images/527.jpg
2282,/gpfs0/bgu-vilenchi/users/sdolev/Thesis/VLMs/data/affectnet/human_annotated/validation_set/images/2282.jpg,1,happy,0.0,happy,/gpfs0/bgu-vilenchi/users/sdolev/Thesis/VLMs/data/affectnet/human_annotated/validation_set/images/2282.jpg
4224,/gpfs0/bgu-vilenchi/users/sdolev/Thesis/VLMs/data/affectnet/human_annotated/validation_set/images/4224.jpg,0,neutral,0.0,neutral,/gpfs0/bgu-vilenchi/users/sdolev/Thesis/VLMs/data/affectnet/human_annotated/validation_set/images/4224.jpg
928,/gpfs0/bgu-vilenchi/users/sdolev/Thesis/VLMs/data/affectnet/human_annotated/validation_set/images/928.jpg,2,sad,1.0,sad,/gpfs0/bgu-vilenchi/users/sdolev/Thesis/VLMs/data/affectnet/human_annotated/validation_set/images/928.jpg
1043,/gpfs0/bgu-vilenchi/users/sdolev/Thesis/VLMs/data/affectnet/human_annotated/validation_set/images/1043.jpg,1,happy,0.0,happy,/gpfs0/bgu-vilenchi/users/sdolev/Thesis/VLMs/data/affectnet/human_annotated/validation_set/images/1043.jpg
2685,/gpfs0/bgu-vilenchi/users/sdolev/Thesis/VLMs/data/affectnet/human_annotated/validation_set/images/2685.jpg,4,fear,2.0,surprise,/gpfs0/bgu-vilenchi/users/sdolev/Thesis/VLMs/data/affectnet/human_annotated/validation_set/images/2685.jpg
1446,/gpfs0/bgu-vilenchi/users/sdolev/Thesis/VLMs/data/affectnet/human_annotated/validation_set/images/1446.jpg,1,happy,0.0,happy,/gpfs0/bgu-vilenchi/users/sdolev/Thesis/VLMs/data/affectnet/human_annotated/validation_set/images/1446.jpg
5186,/gpfs0/bgu-vilenchi/users/sdolev/Thesis/VLMs/data/affectnet/human_annotated/validation_set/images/5186.jpg,5,disgust,1.0,anger,/gpfs0/bgu-vilenchi/users/sdolev/Thesis/VLMs/data/affectnet/human_annotated/validation_set/images/5186.jpg
1210,/gpfs0/bgu-vilenchi/users/sdolev/Thesis/VLMs/data/affectnet/human_annotated/validation_set/images/1210.jpg,5,disgust,1.0,angry,/gpfs0/bgu-vilenchi/users/sdolev/Thesis/VLMs/data/affectnet/human_annotated/validation_set/images/1210.jpg
1849,/gpfs0/bgu-vilenchi/users/sdolev/Thesis/VLMs/data/affectnet/human_annotated/validation_set/images/1849.jpg,1,happy,0.0,happy,/gpfs0/bgu-vilenchi/users/sdolev/Thesis/VLMs/data/affectnet/human_annotated/validation_set/images/1849.jpg
2852,/gpfs0/bgu-vilenchi/users/sdolev/Thesis/VLMs/data/affectnet/human_annotated/validation_set/images/2852.jpg,4,fear,1.0,surprise,/gpfs0/bgu-vilenchi/users/sdolev/Thesis/VLMs/data/affectnet/human_annotated/validation_set/images/2852.jpg
1613,/gpfs0/bgu-vilenchi/users/sdolev/Thesis/VLMs/data/affectnet/human_annotated/validation_set/images/1613.jpg,3,surprise,1.0,surprise,/gpfs0/bgu-vilenchi/users/sdolev/Thesis/VLMs/data/affectnet/human_annotated/validation_set/images/1613.jpg
541,/gpfs0/bgu-vilenchi/users/sdolev/Thesis/VLMs/data/affectnet/human_annotated/validation_set/images/541.jpg,6,angry,1.0,angry,/gpfs0/bgu-vilenchi/users/sdolev/Thesis/VLMs/data/affectnet/human_annotated/validation_set/images/541.jpg
5047,/gpfs0/bgu-vilenchi/users/sdolev/Thesis/VLMs/data/affectnet/human_annotated/validation_set/images/5047.jpg,6,angry,2.0,surprise,/gpfs0/bgu-vilenchi/users/sdolev/Thesis/VLMs/data/affectnet/human_annotated/validation_set/images/5047.jpg
438,/gpfs0/bgu-vilenchi/users/sdolev/Thesis/VLMs/data/affectnet/human_annotated/validation_set/images/438.jpg,1,happy,0.0,happy,/gpfs0/bgu-vilenchi/users/sdolev/Thesis/VLMs/data/affectnet/human_annotated/validation_set/images/438.jpg
5353,/gpfs0/bgu-vilenchi/users/sdolev/Thesis/VLMs/data/affectnet/human_annotated/validation_set/images/5353.jpg,1,happy,0.0,happy,/gpfs0/bgu-vilenchi/users/sdolev/Thesis/VLMs/data/affectnet/human_annotated/validation_set/images/5353.jpg
942,/gpfs0/bgu-vilenchi/users/sdolev/Thesis/VLMs/data/affectnet/human_annotated/validation_set/images/942.jpg,4,fear,1.0,surprise,/gpfs0/bgu-vilenchi/users/sdolev/Thesis/VLMs/data/affectnet/human_annotated/validation_set/images/942.jpg
2172,/gpfs0/bgu-vilenchi/users/sdolev/Thesis/VLMs/data/affectnet/human_annotated/validation_set/images/2172.jpg,7,contempt,2.0,neutral,/gpfs0/bgu-vilenchi/users/sdolev/Thesis/VLMs/data/affectnet/human_annotated/validation_set/images/2172.jpg
4114,/gpfs0/bgu-vilenchi/users/sdolev/Thesis/VLMs/data/affectnet/human_annotated/validation_set/images/4114.jpg,4,fear,1.0,neutral,/gpfs0/bgu-vilenchi/users/sdolev/Thesis/VLMs/data/affectnet/human_annotated/validation_set/images/4114.jpg
2269,/gpfs0/bgu-vilenchi/users/sdolev/Thesis/VLMs/data/affectnet/human_annotated/validation_set/images/2269.jpg,2,sad,2.0,neutral,/gpfs0/bgu-vilenchi/users/sdolev/Thesis/VLMs/data/affectnet/human_annotated/validation_set/images/2269.jpg
2575,/gpfs0/bgu-vilenchi/users/sdolev/Thesis/VLMs/data/affectnet/human_annotated/validation_set/images/2575.jpg,3,surprise,2.0,happy,/gpfs0/bgu-vilenchi/users/sdolev/Thesis/VLMs/data/affectnet/human_annotated/validation_set/images/2575.jpg
2978,/gpfs0/bgu-vilenchi/users/sdolev/Thesis/VLMs/data/affectnet/human_annotated/validation_set/images/2978.jpg,3,surprise,1.0,surprise,/gpfs0/bgu-vilenchi/users/sdolev/Thesis/VLMs/data/affectnet/human_annotated/validation_set/images/2978.jpg
3981,/gpfs0/bgu-vilenchi/users/sdolev/Thesis/VLMs/data/affectnet/human_annotated/validation_set/images/3981.jpg,3,surprise,1.0,happy,/gpfs0/bgu-vilenchi/users/sdolev/Thesis/VLMs/data/affectnet/human_annotated/validation_set/images/3981.jpg
1100,/gpfs0/bgu-vilenchi/users/sdolev/Thesis/VLMs/data/affectnet/human_annotated/validation_set/images/1100.jpg,7,contempt,1.0,neutral,/gpfs0/bgu-vilenchi/users/sdolev/Thesis/VLMs/data/affectnet/human_annotated/validation_set/images/1100.jpg
1739,/gpfs0/bgu-vilenchi/users/sdolev/Thesis/VLMs/data/affectnet/human_annotated/validation_set/images/1739.jpg,2,sad,1.0,sad,/gpfs0/bgu-vilenchi/users/sdolev/Thesis/VLMs/data/affectnet/human_annotated/validation_set/images/1739.jpg
452,/gpfs0/bgu-vilenchi/users/sdolev/Thesis/VLMs/data/affectnet/human_annotated/validation_set/images/452.jpg,2,sad,1.0,neutral,/gpfs0/bgu-vilenchi/users/sdolev/Thesis/VLMs/data/affectnet/human_annotated/validation_set/images/452.jpg
853,/gpfs0/bgu-vilenchi/users/sdolev/Thesis/VLMs/data/affectnet/human_annotated/validation_set/images/853.jpg,2,sad,0.0,neutral,/gpfs0/bgu-vilenchi/users/sdolev/Thesis/VLMs/data/affectnet/human_annotated/validation_set/images/853.jpg
5243,/gpfs0/bgu-vilenchi/users/sdolev/Thesis/VLMs/data/affectnet/human_annotated/validation_set/images/5243.jpg,3,surprise,0.0,surprise,/gpfs0/bgu-vilenchi/users/sdolev/Thesis/VLMs/data/affectnet/human_annotated/validation_set/images/5243.jpg
3398,/gpfs0/bgu-vilenchi/users/sdolev/Thesis/VLMs/data/affectnet/human_annotated/validation_set/images/3398.jpg,1,happy,0.0,happy,/gpfs0/bgu-vilenchi/users/sdolev/Thesis/VLMs/data/affectnet/human_annotated/validation_set/images/3398.jpg
2159,/gpfs0/bgu-vilenchi/users/sdolev/Thesis/VLMs/data/affectnet/human_annotated/validation_set/images/2159.jpg,7,contempt,2.0,angry,/gpfs0/bgu-vilenchi/users/sdolev/Thesis/VLMs/data/affectnet/human_annotated/validation_set/images/2159.jpg
3162,/gpfs0/bgu-vilenchi/users/sdolev/Thesis/VLMs/data/affectnet/human_annotated/validation_set/images/3162.jpg,6,angry,2.0,surprise,/gpfs0/bgu-vilenchi/users/sdolev/Thesis/VLMs/data/affectnet/human_annotated/validation_set/images/3162.jpg
5104,/gpfs0/bgu-vilenchi/users/sdolev/Thesis/VLMs/data/affectnet/human_annotated/validation_set/images/5104.jpg,0,neutral,0.0,neutral,/gpfs0/bgu-vilenchi/users/sdolev/Thesis/VLMs/data/affectnet/human_annotated/validation_set/images/5104.jpg
5410,/gpfs0/bgu-vilenchi/users/sdolev/Thesis/VLMs/data/affectnet/human_annotated/validation_set/images/5410.jpg,2,sad,1.0,sad,/gpfs0/bgu-vilenchi/users/sdolev/Thesis/VLMs/data/affectnet/human_annotated/validation_set/images/5410.jpg
3565,/gpfs0/bgu-vilenchi/users/sdolev/Thesis/VLMs/data/affectnet/human_annotated/validation_set/images/3565.jpg,7,contempt,1.0,neutral,/gpfs0/bgu-vilenchi/users/sdolev/Thesis/VLMs/data/affectnet/human_annotated/validation_set/images/3565.jpg
3871,/gpfs0/bgu-vilenchi/users/sdolev/Thesis/VLMs/data/affectnet/human_annotated/validation_set/images/3871.jpg,6,angry,1.0,angry,/gpfs0/bgu-vilenchi/users/sdolev/Thesis/VLMs/data/affectnet/human_annotated/validation_set/images/3871.jpg
2326,/gpfs0/bgu-vilenchi/users/sdolev/Thesis/VLMs/data/affectnet/human_annotated/validation_set/images/2326.jpg,0,neutral,2.0,neutral,/gpfs0/bgu-vilenchi/users/sdolev/Thesis/VLMs/data/affectnet/human_annotated/validation_set/images/2326.jpg
3968,/gpfs0/bgu-vilenchi/users/sdolev/Thesis/VLMs/data/affectnet/human_annotated/validation_set/images/3968.jpg,2,sad,0.0,sad,/gpfs0/bgu-vilenchi/users/sdolev/Thesis/VLMs/data/affectnet/human_annotated/validation_set/images/3968.jpg
2632,/gpfs0/bgu-vilenchi/users/sdolev/Thesis/VLMs/data/affectnet/human_annotated/validation_set/images/2632.jpg,7,contempt,1.0,sad,/gpfs0/bgu-vilenchi/users/sdolev/Thesis/VLMs/data/affectnet/human_annotated/validation_set/images/2632.jpg
226,/gpfs0/bgu-vilenchi/users/sdolev/Thesis/VLMs/data/affectnet/human_annotated/validation_set/images/226.jpg,3,surprise,1.0,neutral,/gpfs0/bgu-vilenchi/users/sdolev/Thesis/VLMs/data/affectnet/human_annotated/validation_set/images/226.jpg
363,/gpfs0/bgu-vilenchi/users/sdolev/Thesis/VLMs/data/affectnet/human_annotated/validation_set/images/363.jpg,5,disgust,1.0,surprise,/gpfs0/bgu-vilenchi/users/sdolev/Thesis/VLMs/data/affectnet/human_annotated/validation_set/images/363.jpg
2729,/gpfs0/bgu-vilenchi/users/sdolev/Thesis/VLMs/data/affectnet/human_annotated/validation_set/images/2729.jpg,0,neutral,0.0,happy,/gpfs0/bgu-vilenchi/users/sdolev/Thesis/VLMs/data/affectnet/human_annotated/validation_set/images/2729.jpg
764,/gpfs0/bgu-vilenchi/users/sdolev/Thesis/VLMs/data/affectnet/human_annotated/validation_set/images/764.jpg,0,neutral,0.0,neutral,/gpfs0/bgu-vilenchi/users/sdolev/Thesis/VLMs/data/affectnet/human_annotated/validation_set/images/764.jpg
3288,/gpfs0/bgu-vilenchi/users/sdolev/Thesis/VLMs/data/affectnet/human_annotated/validation_set/images/3288.jpg,2,sad,1.0,sad,/gpfs0/bgu-vilenchi/users/sdolev/Thesis/VLMs/data/affectnet/human_annotated/validation_set/images/3288.jpg
4291,/gpfs0/bgu-vilenchi/users/sdolev/Thesis/VLMs/data/affectnet/human_annotated/validation_set/images/4291.jpg,6,angry,2.0,angry,/gpfs0/bgu-vilenchi/users/sdolev/Thesis/VLMs/data/affectnet/human_annotated/validation_set/images/4291.jpg
2049,/gpfs0/bgu-vilenchi/users/sdolev/Thesis/VLMs/data/affectnet/human_annotated/validation_set/images/2049.jpg,1,happy,0.0,happy,/gpfs0/bgu-vilenchi/users/sdolev/Thesis/VLMs/data/affectnet/human_annotated/validation_set/images/2049.jpg
3052,/gpfs0/bgu-vilenchi/users/sdolev/Thesis/VLMs/data/affectnet/human_annotated/validation_set/images/3052.jpg,0,neutral,0.0,happy,/gpfs0/bgu-vilenchi/users/sdolev/Thesis/VLMs/data/affectnet/human_annotated/validation_set/images/3052.jpg
3455,/gpfs0/bgu-vilenchi/users/sdolev/Thesis/VLMs/data/affectnet/human_annotated/validation_set/images/3455.jpg,5,disgust,1.0,surprise,/gpfs0/bgu-vilenchi/users/sdolev/Thesis/VLMs/data/affectnet/human_annotated/validation_set/images/3455.jpg
137,/gpfs0/bgu-vilenchi/users/sdolev/Thesis/VLMs/data/affectnet/human_annotated/validation_set/images/137.jpg,6,angry,0.0,neutral,/gpfs0/bgu-vilenchi/users/sdolev/Thesis/VLMs/data/affectnet/human_annotated/validation_set/images/137.jpg
3858,/gpfs0/bgu-vilenchi/users/sdolev/Thesis/VLMs/data/affectnet/human_annotated/validation_set/images/3858.jpg,6,angry,1.0,neutral,/gpfs0/bgu-vilenchi/users/sdolev/Thesis/VLMs/data/affectnet/human_annotated/validation_set/images/3858.jpg
4861,/gpfs0/bgu-vilenchi/users/sdolev/Thesis/VLMs/data/affectnet/human_annotated/validation_set/images/4861.jpg,2,sad,2.0,neutral,/gpfs0/bgu-vilenchi/users/sdolev/Thesis/VLMs/data/affectnet/human_annotated/validation_set/images/4861.jpg
1680,/gpfs0/bgu-vilenchi/users/sdolev/Thesis/VLMs/data/affectnet/human_annotated/validation_set/images/1680.jpg,7,contempt,1.0,neutral,/gpfs0/bgu-vilenchi/users/sdolev/Thesis/VLMs/data/affectnet/human_annotated/validation_set/images/1680.jpg
2619,/gpfs0/bgu-vilenchi/users/sdolev/Thesis/VLMs/data/affectnet/human_annotated/validation_set/images/2619.jpg,7,contempt,1.0,neutral,/gpfs0/bgu-vilenchi/users/sdolev/Thesis/VLMs/data/affectnet/human_annotated/validation_set/images/2619.jpg
3178,/gpfs0/bgu-vilenchi/users/sdolev/Thesis/VLMs/data/affectnet/human_annotated/validation_set/images/3178.jpg,7,contempt,1.0,happy,/gpfs0/bgu-vilenchi/users/sdolev/Thesis/VLMs/data/affectnet/human_annotated/validation_set/images/3178.jpg
4181,/gpfs0/bgu-vilenchi/users/sdolev/Thesis/VLMs/data/affectnet/human_annotated/validation_set/images/4181.jpg,4,fear,1.0,surprise,/gpfs0/bgu-vilenchi/users/sdolev/Thesis/VLMs/data/affectnet/human_annotated/validation_set/images/4181.jpg
1097,/gpfs0/bgu-vilenchi/users/sdolev/Thesis/VLMs/data/affectnet/human_annotated/validation_set/images/1097.jpg,6,angry,1.0,neutral,/gpfs0/bgu-vilenchi/users/sdolev/Thesis/VLMs/data/affectnet/human_annotated/validation_set/images/1097.jpg
3039,/gpfs0/bgu-vilenchi/users/sdolev/Thesis/VLMs/data/affectnet/human_annotated/validation_set/images/3039.jpg,4,fear,1.0,surprise,/gpfs0/bgu-vilenchi/users/sdolev/Thesis/VLMs/data/affectnet/human_annotated/validation_set/images/3039.jpg
3345,/gpfs0/bgu-vilenchi/users/sdolev/Thesis/VLMs/data/affectnet/human_annotated/validation_set/images/3345.jpg,7,contempt,2.0,happy,/gpfs0/bgu-vilenchi/users/sdolev/Thesis/VLMs/data/affectnet/human_annotated/validation_set/images/3345.jpg
4987,/gpfs0/bgu-vilenchi/users/sdolev/Thesis/VLMs/data/affectnet/human_annotated/validation_set/images/4987.jpg,4,fear,2.0,neutral,/gpfs0/bgu-vilenchi/users/sdolev/Thesis/VLMs/data/affectnet/human_annotated/validation_set/images/4987.jpg
151,/gpfs0/bgu-vilenchi/users/sdolev/Thesis/VLMs/data/affectnet/human_annotated/validation_set/images/151.jpg,1,happy,0.0,happy,/gpfs0/bgu-vilenchi/users/sdolev/Thesis/VLMs/data/affectnet/human_annotated/validation_set/images/151.jpg
2106,/gpfs0/bgu-vilenchi/users/sdolev/Thesis/VLMs/data/affectnet/human_annotated/validation_set/images/2106.jpg,2,sad,1.0,neutral,/gpfs0/bgu-vilenchi/users/sdolev/Thesis/VLMs/data/affectnet/human_annotated/validation_set/images/2106.jpg
3748,/gpfs0/bgu-vilenchi/users/sdolev/Thesis/VLMs/data/affectnet/human_annotated/validation_set/images/3748.jpg,4,fear,1.0,fear,/gpfs0/bgu-vilenchi/users/sdolev/Thesis/VLMs/data/affectnet/human_annotated/validation_set/images/3748.jpg
4751,/gpfs0/bgu-vilenchi/users/sdolev/Thesis/VLMs/data/affectnet/human_annotated/validation_set/images/4751.jpg,3,surprise,0.0,surprise,/gpfs0/bgu-vilenchi/users/sdolev/Thesis/VLMs/data/affectnet/human_annotated/validation_set/images/4751.jpg
449,/gpfs0/bgu-vilenchi/users/sdolev/Thesis/VLMs/data/affectnet/human_annotated/validation_set/images/449.jpg,4,fear,0.0,surprise,/gpfs0/bgu-vilenchi/users/sdolev/Thesis/VLMs/data/affectnet/human_annotated/validation_set/images/449.jpg
1570,/gpfs0/bgu-vilenchi/users/sdolev/Thesis/VLMs/data/affectnet/human_annotated/validation_set/images/1570.jpg,1,happy,0.0,happy,/gpfs0/bgu-vilenchi/users/sdolev/Thesis/VLMs/data/affectnet/human_annotated/validation_set/images/1570.jpg
2509,/gpfs0/bgu-vilenchi/users/sdolev/Thesis/VLMs/data/affectnet/human_annotated/validation_set/images/2509.jpg,6,angry,0.0,angry,/gpfs0/bgu-vilenchi/users/sdolev/Thesis/VLMs/data/affectnet/human_annotated/validation_set/images/2509.jpg
3512,/gpfs0/bgu-vilenchi/users/sdolev/Thesis/VLMs/data/affectnet/human_annotated/validation_set/images/3512.jpg,4,fear,0.0,sad,/gpfs0/bgu-vilenchi/users/sdolev/Thesis/VLMs/data/affectnet/human_annotated/validation_set/images/3512.jpg
4071,/gpfs0/bgu-vilenchi/users/sdolev/Thesis/VLMs/data/affectnet/human_annotated/validation_set/images/4071.jpg,1,happy,0.0,happy,/gpfs0/bgu-vilenchi/users/sdolev/Thesis/VLMs/data/affectnet/human_annotated/validation_set/images/4071.jpg
4168,/gpfs0/bgu-vilenchi/users/sdolev/Thesis/VLMs/data/affectnet/human_annotated/validation_set/images/4168.jpg,7,contempt,1.0,happy,/gpfs0/bgu-vilenchi/users/sdolev/Thesis/VLMs/data/affectnet/human_annotated/validation_set/images/4168.jpg
5171,/gpfs0/bgu-vilenchi/users/sdolev/Thesis/VLMs/data/affectnet/human_annotated/validation_set/images/5171.jpg,7,contempt,2.0,neutral,/gpfs0/bgu-vilenchi/users/sdolev/Thesis/VLMs/data/affectnet/human_annotated/validation_set/images/5171.jpg
4474,/gpfs0/bgu-vilenchi/users/sdolev/Thesis/VLMs/data/affectnet/human_annotated/validation_set/images/4474.jpg,2,sad,1.0,sad,/gpfs0/bgu-vilenchi/users/sdolev/Thesis/VLMs/data/affectnet/human_annotated/validation_set/images/4474.jpg
2393,/gpfs0/bgu-vilenchi/users/sdolev/Thesis/VLMs/data/affectnet/human_annotated/validation_set/images/2393.jpg,3,surprise,1.0,surprise,/gpfs0/bgu-vilenchi/users/sdolev/Thesis/VLMs/data/affectnet/human_annotated/validation_set/images/2393.jpg
4641,/gpfs0/bgu-vilenchi/users/sdolev/Thesis/VLMs/data/affectnet/human_annotated/validation_set/images/4641.jpg,1,happy,0.0,happy,/gpfs0/bgu-vilenchi/users/sdolev/Thesis/VLMs/data/affectnet/human_annotated/validation_set/images/4641.jpg
1460,/gpfs0/bgu-vilenchi/users/sdolev/Thesis/VLMs/data/affectnet/human_annotated/validation_set/images/1460.jpg,0,neutral,0.0,surprise,/gpfs0/bgu-vilenchi/users/sdolev/Thesis/VLMs/data/affectnet/human_annotated/validation_set/images/1460.jpg
898,/gpfs0/bgu-vilenchi/users/sdolev/Thesis/VLMs/data/affectnet/human_annotated/validation_set/images/898.jpg,1,happy,0.0,happy,/gpfs0/bgu-vilenchi/users/sdolev/Thesis/VLMs/data/affectnet/human_annotated/validation_set/images/898.jpg
3402,/gpfs0/bgu-vilenchi/users/sdolev/Thesis/VLMs/data/affectnet/human_annotated/validation_set/images/3402.jpg,5,disgust,1.0,happy,/gpfs0/bgu-vilenchi/users/sdolev/Thesis/VLMs/data/affectnet/human_annotated/validation_set/images/3402.jpg
1557,/gpfs0/bgu-vilenchi/users/sdolev/Thesis/VLMs/data/affectnet/human_annotated/validation_set/images/1557.jpg,4,fear,0.0,surprise,/gpfs0/bgu-vilenchi/users/sdolev/Thesis/VLMs/data/affectnet/human_annotated/validation_set/images/1557.jpg
1863,/gpfs0/bgu-vilenchi/users/sdolev/Thesis/VLMs/data/affectnet/human_annotated/validation_set/images/1863.jpg,6,angry,1.0,surprise,/gpfs0/bgu-vilenchi/users/sdolev/Thesis/VLMs/data/affectnet/human_annotated/validation_set/images/1863.jpg
5297,/gpfs0/bgu-vilenchi/users/sdolev/Thesis/VLMs/data/affectnet/human_annotated/validation_set/images/5297.jpg,5,disgust,1.0,sad,/gpfs0/bgu-vilenchi/users/sdolev/Thesis/VLMs/data/affectnet/human_annotated/validation_set/images/5297.jpg
3805,/gpfs0/bgu-vilenchi/users/sdolev/Thesis/VLMs/data/affectnet/human_annotated/validation_set/images/3805.jpg,6,angry,0.0,angry,/gpfs0/bgu-vilenchi/users/sdolev/Thesis/VLMs/data/affectnet/human_annotated/validation_set/images/3805.jpg
4058,/gpfs0/bgu-vilenchi/users/sdolev/Thesis/VLMs/data/affectnet/human_annotated/validation_set/images/4058.jpg,6,angry,0.0,angry,/gpfs0/bgu-vilenchi/users/sdolev/Thesis/VLMs/data/affectnet/human_annotated/validation_set/images/4058.jpg
4905,/gpfs0/bgu-vilenchi/users/sdolev/Thesis/VLMs/data/affectnet/human_annotated/validation_set/images/4905.jpg,2,sad,1.0,sad,/gpfs0/bgu-vilenchi/users/sdolev/Thesis/VLMs/data/affectnet/human_annotated/validation_set/images/4905.jpg
374,/gpfs0/bgu-vilenchi/users/sdolev/Thesis/VLMs/data/affectnet/human_annotated/validation_set/images/374.jpg,7,contempt,1.0,happy,/gpfs0/bgu-vilenchi/users/sdolev/Thesis/VLMs/data/affectnet/human_annotated/validation_set/images/374.jpg
4225,/gpfs0/bgu-vilenchi/users/sdolev/Thesis/VLMs/data/affectnet/human_annotated/validation_set/images/4225.jpg,1,happy,0.0,happy,/gpfs0/bgu-vilenchi/users/sdolev/Thesis/VLMs/data/affectnet/human_annotated/validation_set/images/4225.jpg
2686,/gpfs0/bgu-vilenchi/users/sdolev/Thesis/VLMs/data/affectnet/human_annotated/validation_set/images/2686.jpg,0,neutral,2.0,neutral,/gpfs0/bgu-vilenchi/users/sdolev/Thesis/VLMs/data/affectnet/human_annotated/validation_set/images/2686.jpg
910,/gpfs0/bgu-vilenchi/users/sdolev/Thesis/VLMs/data/affectnet/human_annotated/validation_set/images/910.jpg,7,contempt,1.0,neutral,/gpfs0/bgu-vilenchi/users/sdolev/Thesis/VLMs/data/affectnet/human_annotated/validation_set/images/910.jpg
4628,/gpfs0/bgu-vilenchi/users/sdolev/Thesis/VLMs/data/affectnet/human_annotated/validation_set/images/4628.jpg,0,neutral,0.0,neutral,/gpfs0/bgu-vilenchi/users/sdolev/Thesis/VLMs/data/affectnet/human_annotated/validation_set/images/4628.jpg
1447,/gpfs0/bgu-vilenchi/users/sdolev/Thesis/VLMs/data/affectnet/human_annotated/validation_set/images/1447.jpg,2,sad,1.0,sad,/gpfs0/bgu-vilenchi/users/sdolev/Thesis/VLMs/data/affectnet/human_annotated/validation_set/images/1447.jpg
2450,/gpfs0/bgu-vilenchi/users/sdolev/Thesis/VLMs/data/affectnet/human_annotated/validation_set/images/2450.jpg,2,sad,1.0,sad,/gpfs0/bgu-vilenchi/users/sdolev/Thesis/VLMs/data/affectnet/human_annotated/validation_set/images/2450.jpg
1211,/gpfs0/bgu-vilenchi/users/sdolev/Thesis/VLMs/data/affectnet/human_annotated/validation_set/images/1211.jpg,5,disgust,2.0,neutral,/gpfs0/bgu-vilenchi/users/sdolev/Thesis/VLMs/data/affectnet/human_annotated/validation_set/images/1211.jpg
2853,/gpfs0/bgu-vilenchi/users/sdolev/Thesis/VLMs/data/affectnet/human_annotated/validation_set/images/2853.jpg,3,surprise,2.0,surprise,/gpfs0/bgu-vilenchi/users/sdolev/Thesis/VLMs/data/affectnet/human_annotated/validation_set/images/2853.jpg
1614,/gpfs0/bgu-vilenchi/users/sdolev/Thesis/VLMs/data/affectnet/human_annotated/validation_set/images/1614.jpg,2,sad,1.0,sad,/gpfs0/bgu-vilenchi/users/sdolev/Thesis/VLMs/data/affectnet/human_annotated/validation_set/images/1614.jpg
1920,/gpfs0/bgu-vilenchi/users/sdolev/Thesis/VLMs/data/affectnet/human_annotated/validation_set/images/1920.jpg,3,surprise,2.0,neutral,/gpfs0/bgu-vilenchi/users/sdolev/Thesis/VLMs/data/affectnet/human_annotated/validation_set/images/1920.jpg
5354,/gpfs0/bgu-vilenchi/users/sdolev/Thesis/VLMs/data/affectnet/human_annotated/validation_set/images/5354.jpg,5,disgust,1.0,neutral,/gpfs0/bgu-vilenchi/users/sdolev/Thesis/VLMs/data/affectnet/human_annotated/validation_set/images/5354.jpg
686,/gpfs0/bgu-vilenchi/users/sdolev/Thesis/VLMs/data/affectnet/human_annotated/validation_set/images/686.jpg,1,happy,0.0,happy,/gpfs0/bgu-vilenchi/users/sdolev/Thesis/VLMs/data/affectnet/human_annotated/validation_set/images/686.jpg
4115,/gpfs0/bgu-vilenchi/users/sdolev/Thesis/VLMs/data/affectnet/human_annotated/validation_set/images/4115.jpg,6,angry,2.0,angry,/gpfs0/bgu-vilenchi/users/sdolev/Thesis/VLMs/data/affectnet/human_annotated/validation_set/images/4115.jpg
2576,/gpfs0/bgu-vilenchi/users/sdolev/Thesis/VLMs/data/affectnet/human_annotated/validation_set/images/2576.jpg,0,neutral,0.0,neutral,/gpfs0/bgu-vilenchi/users/sdolev/Thesis/VLMs/data/affectnet/human_annotated/validation_set/images/2576.jpg
821,/gpfs0/bgu-vilenchi/users/sdolev/Thesis/VLMs/data/affectnet/human_annotated/validation_set/images/821.jpg,4,fear,2.0,surprise,/gpfs0/bgu-vilenchi/users/sdolev/Thesis/VLMs/data/affectnet/human_annotated/validation_set/images/821.jpg
4518,/gpfs0/bgu-vilenchi/users/sdolev/Thesis/VLMs/data/affectnet/human_annotated/validation_set/images/4518.jpg,3,surprise,2.0,surprise,/gpfs0/bgu-vilenchi/users/sdolev/Thesis/VLMs/data/affectnet/human_annotated/validation_set/images/4518.jpg
1337,/gpfs0/bgu-vilenchi/users/sdolev/Thesis/VLMs/data/affectnet/human_annotated/validation_set/images/1337.jpg,7,contempt,2.0,neutral,/gpfs0/bgu-vilenchi/users/sdolev/Thesis/VLMs/data/affectnet/human_annotated/validation_set/images/1337.jpg
2979,/gpfs0/bgu-vilenchi/users/sdolev/Thesis/VLMs/data/affectnet/human_annotated/validation_set/images/2979.jpg,5,disgust,0.0,disgust,/gpfs0/bgu-vilenchi/users/sdolev/Thesis/VLMs/data/affectnet/human_annotated/validation_set/images/2979.jpg
3982,/gpfs0/bgu-vilenchi/users/sdolev/Thesis/VLMs/data/affectnet/human_annotated/validation_set/images/3982.jpg,2,sad,1.0,surprise,/gpfs0/bgu-vilenchi/users/sdolev/Thesis/VLMs/data/affectnet/human_annotated/validation_set/images/3982.jpg
2743,/gpfs0/bgu-vilenchi/users/sdolev/Thesis/VLMs/data/affectnet/human_annotated/validation_set/images/2743.jpg,5,disgust,1.0,disgust,/gpfs0/bgu-vilenchi/users/sdolev/Thesis/VLMs/data/affectnet/human_annotated/validation_set/images/2743.jpg
196,/gpfs0/bgu-vilenchi/users/sdolev/Thesis/VLMs/data/affectnet/human_annotated/validation_set/images/196.jpg,4,fear,2.0,surprise,/gpfs0/bgu-vilenchi/users/sdolev/Thesis/VLMs/data/affectnet/human_annotated/validation_set/images/196.jpg
1504,/gpfs0/bgu-vilenchi/users/sdolev/Thesis/VLMs/data/affectnet/human_annotated/validation_set/images/1504.jpg,7,contempt,1.0,happy,/gpfs0/bgu-vilenchi/users/sdolev/Thesis/VLMs/data/affectnet/human_annotated/validation_set/images/1504.jpg
5244,/gpfs0/bgu-vilenchi/users/sdolev/Thesis/VLMs/data/affectnet/human_annotated/validation_set/images/5244.jpg,5,disgust,1.0,angry,/gpfs0/bgu-vilenchi/users/sdolev/Thesis/VLMs/data/affectnet/human_annotated/validation_set/images/5244.jpg
597,/gpfs0/bgu-vilenchi/users/sdolev/Thesis/VLMs/data/affectnet/human_annotated/validation_set/images/597.jpg,4,fear,2.0,surprise,/gpfs0/bgu-vilenchi/users/sdolev/Thesis/VLMs/data/affectnet/human_annotated/validation_set/images/597.jpg
3399,/gpfs0/bgu-vilenchi/users/sdolev/Thesis/VLMs/data/affectnet/human_annotated/validation_set/images/3399.jpg,1,happy,0.0,happy,/gpfs0/bgu-vilenchi/users/sdolev/Thesis/VLMs/data/affectnet/human_annotated/validation_set/images/3399.jpg
1907,/gpfs0/bgu-vilenchi/users/sdolev/Thesis/VLMs/data/affectnet/human_annotated/validation_set/images/1907.jpg,3,surprise,0.0,neutral,/gpfs0/bgu-vilenchi/users/sdolev/Thesis/VLMs/data/affectnet/human_annotated/validation_set/images/1907.jpg
2910,/gpfs0/bgu-vilenchi/users/sdolev/Thesis/VLMs/data/affectnet/human_annotated/validation_set/images/2910.jpg,5,disgust,2.0,neutral,/gpfs0/bgu-vilenchi/users/sdolev/Thesis/VLMs/data/affectnet/human_annotated/validation_set/images/2910.jpg
3163,/gpfs0/bgu-vilenchi/users/sdolev/Thesis/VLMs/data/affectnet/human_annotated/validation_set/images/3163.jpg,3,surprise,2.0,surprise,/gpfs0/bgu-vilenchi/users/sdolev/Thesis/VLMs/data/affectnet/human_annotated/validation_set/images/3163.jpg
5411,/gpfs0/bgu-vilenchi/users/sdolev/Thesis/VLMs/data/affectnet/human_annotated/validation_set/images/5411.jpg,0,neutral,1.0,happy,/gpfs0/bgu-vilenchi/users/sdolev/Thesis/VLMs/data/affectnet/human_annotated/validation_set/images/5411.jpg
2230,/gpfs0/bgu-vilenchi/users/sdolev/Thesis/VLMs/data/affectnet/human_annotated/validation_set/images/2230.jpg,1,happy,0.0,happy,/gpfs0/bgu-vilenchi/users/sdolev/Thesis/VLMs/data/affectnet/human_annotated/validation_set/images/2230.jpg
3872,/gpfs0/bgu-vilenchi/users/sdolev/Thesis/VLMs/data/affectnet/human_annotated/validation_set/images/3872.jpg,2,sad,0.0,sad,/gpfs0/bgu-vilenchi/users/sdolev/Thesis/VLMs/data/affectnet/human_annotated/validation_set/images/3872.jpg
2633,/gpfs0/bgu-vilenchi/users/sdolev/Thesis/VLMs/data/affectnet/human_annotated/validation_set/images/2633.jpg,2,sad,0.0,neutral,/gpfs0/bgu-vilenchi/users/sdolev/Thesis/VLMs/data/affectnet/human_annotated/validation_set/images/2633.jpg
105,/gpfs0/bgu-vilenchi/users/sdolev/Thesis/VLMs/data/affectnet/human_annotated/validation_set/images/105.jpg,2,sad,0.0,sad,/gpfs0/bgu-vilenchi/users/sdolev/Thesis/VLMs/data/affectnet/human_annotated/validation_set/images/105.jpg
4292,/gpfs0/bgu-vilenchi/users/sdolev/Thesis/VLMs/data/affectnet/human_annotated/validation_set/images/4292.jpg,0,neutral,0.0,neutral,/gpfs0/bgu-vilenchi/users/sdolev/Thesis/VLMs/data/affectnet/human_annotated/validation_set/images/4292.jpg
506,/gpfs0/bgu-vilenchi/users/sdolev/Thesis/VLMs/data/affectnet/human_annotated/validation_set/images/506.jpg,6,angry,1.0,neutral,/gpfs0/bgu-vilenchi/users/sdolev/Thesis/VLMs/data/affectnet/human_annotated/validation_set/images/506.jpg
2800,/gpfs0/bgu-vilenchi/users/sdolev/Thesis/VLMs/data/affectnet/human_annotated/validation_set/images/2800.jpg,5,disgust,1.0,disgust,/gpfs0/bgu-vilenchi/users/sdolev/Thesis/VLMs/data/affectnet/human_annotated/validation_set/images/2800.jpg
3053,/gpfs0/bgu-vilenchi/users/sdolev/Thesis/VLMs/data/affectnet/human_annotated/validation_set/images/3053.jpg,1,happy,0.0,happy,/gpfs0/bgu-vilenchi/users/sdolev/Thesis/VLMs/data/affectnet/human_annotated/validation_set/images/3053.jpg
907,/gpfs0/bgu-vilenchi/users/sdolev/Thesis/VLMs/data/affectnet/human_annotated/validation_set/images/907.jpg,5,disgust,1.0,surprise,/gpfs0/bgu-vilenchi/users/sdolev/Thesis/VLMs/data/affectnet/human_annotated/validation_set/images/907.jpg
4695,/gpfs0/bgu-vilenchi/users/sdolev/Thesis/VLMs/data/affectnet/human_annotated/validation_set/images/4695.jpg,0,neutral,1.0,neutral,/gpfs0/bgu-vilenchi/users/sdolev/Thesis/VLMs/data/affectnet/human_annotated/validation_set/images/4695.jpg
3220,/gpfs0/bgu-vilenchi/users/sdolev/Thesis/VLMs/data/affectnet/human_annotated/validation_set/images/3220.jpg,0,neutral,0.0,neutral,/gpfs0/bgu-vilenchi/users/sdolev/Thesis/VLMs/data/affectnet/human_annotated/validation_set/images/3220.jpg
3859,/gpfs0/bgu-vilenchi/users/sdolev/Thesis/VLMs/data/affectnet/human_annotated/validation_set/images/3859.jpg,7,contempt,1.0,neutral,/gpfs0/bgu-vilenchi/users/sdolev/Thesis/VLMs/data/affectnet/human_annotated/validation_set/images/3859.jpg
4862,/gpfs0/bgu-vilenchi/users/sdolev/Thesis/VLMs/data/affectnet/human_annotated/validation_set/images/4862.jpg,0,neutral,0.0,neutral,/gpfs0/bgu-vilenchi/users/sdolev/Thesis/VLMs/data/affectnet/human_annotated/validation_set/images/4862.jpg
3623,/gpfs0/bgu-vilenchi/users/sdolev/Thesis/VLMs/data/affectnet/human_annotated/validation_set/images/3623.jpg,7,contempt,2.0,happy,/gpfs0/bgu-vilenchi/users/sdolev/Thesis/VLMs/data/affectnet/human_annotated/validation_set/images/3623.jpg
520,/gpfs0/bgu-vilenchi/users/sdolev/Thesis/VLMs/data/affectnet/human_annotated/validation_set/images/520.jpg,2,sad,1.0,surprise,/gpfs0/bgu-vilenchi/users/sdolev/Thesis/VLMs/data/affectnet/human_annotated/validation_set/images/520.jpg
417,/gpfs0/bgu-vilenchi/users/sdolev/Thesis/VLMs/data/affectnet/human_annotated/validation_set/images/417.jpg,1,happy,1.0,neutral,/gpfs0/bgu-vilenchi/users/sdolev/Thesis/VLMs/data/affectnet/human_annotated/validation_set/images/417.jpg
3179,/gpfs0/bgu-vilenchi/users/sdolev/Thesis/VLMs/data/affectnet/human_annotated/validation_set/images/3179.jpg,3,surprise,1.0,neutral,/gpfs0/bgu-vilenchi/users/sdolev/Thesis/VLMs/data/affectnet/human_annotated/validation_set/images/3179.jpg
818,/gpfs0/bgu-vilenchi/users/sdolev/Thesis/VLMs/data/affectnet/human_annotated/validation_set/images/818.jpg,5,disgust,2.0,neutral,/gpfs0/bgu-vilenchi/users/sdolev/Thesis/VLMs/data/affectnet/human_annotated/validation_set/images/818.jpg
4585,/gpfs0/bgu-vilenchi/users/sdolev/Thesis/VLMs/data/affectnet/human_annotated/validation_set/images/4585.jpg,3,surprise,0.0,neutral,/gpfs0/bgu-vilenchi/users/sdolev/Thesis/VLMs/data/affectnet/human_annotated/validation_set/images/4585.jpg
3346,/gpfs0/bgu-vilenchi/users/sdolev/Thesis/VLMs/data/affectnet/human_annotated/validation_set/images/3346.jpg,1,happy,0.0,happy,/gpfs0/bgu-vilenchi/users/sdolev/Thesis/VLMs/data/affectnet/human_annotated/validation_set/images/3346.jpg
4988,/gpfs0/bgu-vilenchi/users/sdolev/Thesis/VLMs/data/affectnet/human_annotated/validation_set/images/4988.jpg,3,surprise,1.0,happy,/gpfs0/bgu-vilenchi/users/sdolev/Thesis/VLMs/data/affectnet/human_annotated/validation_set/images/4988.jpg
2107,/gpfs0/bgu-vilenchi/users/sdolev/Thesis/VLMs/data/affectnet/human_annotated/validation_set/images/2107.jpg,5,disgust,0.0,disgust,/gpfs0/bgu-vilenchi/users/sdolev/Thesis/VLMs/data/affectnet/human_annotated/validation_set/images/2107.jpg
3110,/gpfs0/bgu-vilenchi/users/sdolev/Thesis/VLMs/data/affectnet/human_annotated/validation_set/images/3110.jpg,5,disgust,1.0,surprise,/gpfs0/bgu-vilenchi/users/sdolev/Thesis/VLMs/data/affectnet/human_annotated/validation_set/images/3110.jpg
3749,/gpfs0/bgu-vilenchi/users/sdolev/Thesis/VLMs/data/affectnet/human_annotated/validation_set/images/3749.jpg,3,surprise,1.0,neutral,/gpfs0/bgu-vilenchi/users/sdolev/Thesis/VLMs/data/affectnet/human_annotated/validation_set/images/3749.jpg
4752,/gpfs0/bgu-vilenchi/users/sdolev/Thesis/VLMs/data/affectnet/human_annotated/validation_set/images/4752.jpg,2,sad,1.0,sad,/gpfs0/bgu-vilenchi/users/sdolev/Thesis/VLMs/data/affectnet/human_annotated/validation_set/images/4752.jpg
1571,/gpfs0/bgu-vilenchi/users/sdolev/Thesis/VLMs/data/affectnet/human_annotated/validation_set/images/1571.jpg,5,disgust,0.0,disgust,/gpfs0/bgu-vilenchi/users/sdolev/Thesis/VLMs/data/affectnet/human_annotated/validation_set/images/1571.jpg
3513,/gpfs0/bgu-vilenchi/users/sdolev/Thesis/VLMs/data/affectnet/human_annotated/validation_set/images/3513.jpg,4,fear,1.0,surprise,/gpfs0/bgu-vilenchi/users/sdolev/Thesis/VLMs/data/affectnet/human_annotated/validation_set/images/3513.jpg
431,/gpfs0/bgu-vilenchi/users/sdolev/Thesis/VLMs/data/affectnet/human_annotated/validation_set/images/431.jpg,3,surprise,1.0,happy,/gpfs0/bgu-vilenchi/users/sdolev/Thesis/VLMs/data/affectnet/human_annotated/validation_set/images/431.jpg
328,/gpfs0/bgu-vilenchi/users/sdolev/Thesis/VLMs/data/affectnet/human_annotated/validation_set/images/328.jpg,5,disgust,2.0,neutral,/gpfs0/bgu-vilenchi/users/sdolev/Thesis/VLMs/data/affectnet/human_annotated/validation_set/images/328.jpg
4072,/gpfs0/bgu-vilenchi/users/sdolev/Thesis/VLMs/data/affectnet/human_annotated/validation_set/images/4072.jpg,6,angry,0.0,angry,/gpfs0/bgu-vilenchi/users/sdolev/Thesis/VLMs/data/affectnet/human_annotated/validation_set/images/4072.jpg
3916,/gpfs0/bgu-vilenchi/users/sdolev/Thesis/VLMs/data/affectnet/human_annotated/validation_set/images/3916.jpg,3,surprise,0.0,surprise,/gpfs0/bgu-vilenchi/users/sdolev/Thesis/VLMs/data/affectnet/human_annotated/validation_set/images/3916.jpg
4169,/gpfs0/bgu-vilenchi/users/sdolev/Thesis/VLMs/data/affectnet/human_annotated/validation_set/images/4169.jpg,3,surprise,1.0,neutral,/gpfs0/bgu-vilenchi/users/sdolev/Thesis/VLMs/data/affectnet/human_annotated/validation_set/images/4169.jpg
5172,/gpfs0/bgu-vilenchi/users/sdolev/Thesis/VLMs/data/affectnet/human_annotated/validation_set/images/5172.jpg,5,disgust,2.0,sad,/gpfs0/bgu-vilenchi/users/sdolev/Thesis/VLMs/data/affectnet/human_annotated/validation_set/images/5172.jpg
4878,/gpfs0/bgu-vilenchi/users/sdolev/Thesis/VLMs/data/affectnet/human_annotated/validation_set/images/4878.jpg,4,fear,1.0,surprise,/gpfs0/bgu-vilenchi/users/sdolev/Thesis/VLMs/data/affectnet/human_annotated/validation_set/images/4878.jpg
2394,/gpfs0/bgu-vilenchi/users/sdolev/Thesis/VLMs/data/affectnet/human_annotated/validation_set/images/2394.jpg,2,sad,1.0,neutral,/gpfs0/bgu-vilenchi/users/sdolev/Thesis/VLMs/data/affectnet/human_annotated/validation_set/images/2394.jpg
4336,/gpfs0/bgu-vilenchi/users/sdolev/Thesis/VLMs/data/affectnet/human_annotated/validation_set/images/4336.jpg,4,fear,2.0,neutral,/gpfs0/bgu-vilenchi/users/sdolev/Thesis/VLMs/data/affectnet/human_annotated/validation_set/images/4336.jpg
1155,/gpfs0/bgu-vilenchi/users/sdolev/Thesis/VLMs/data/affectnet/human_annotated/validation_set/images/1155.jpg,0,neutral,0.0,neutral,/gpfs0/bgu-vilenchi/users/sdolev/Thesis/VLMs/data/affectnet/human_annotated/validation_set/images/1155.jpg
4642,/gpfs0/bgu-vilenchi/users/sdolev/Thesis/VLMs/data/affectnet/human_annotated/validation_set/images/4642.jpg,5,disgust,0.0,disgust,/gpfs0/bgu-vilenchi/users/sdolev/Thesis/VLMs/data/affectnet/human_annotated/validation_set/images/4642.jpg
2797,/gpfs0/bgu-vilenchi/users/sdolev/Thesis/VLMs/data/affectnet/human_annotated/validation_set/images/2797.jpg,6,angry,2.0,neutral,/gpfs0/bgu-vilenchi/users/sdolev/Thesis/VLMs/data/affectnet/human_annotated/validation_set/images/2797.jpg
4100,/gpfs0/bgu-vilenchi/users/sdolev/Thesis/VLMs/data/affectnet/human_annotated/validation_set/images/4100.jpg,6,angry,1.0,surprise,/gpfs0/bgu-vilenchi/users/sdolev/Thesis/VLMs/data/affectnet/human_annotated/validation_set/images/4100.jpg
4739,/gpfs0/bgu-vilenchi/users/sdolev/Thesis/VLMs/data/affectnet/human_annotated/validation_set/images/4739.jpg,7,contempt,1.0,neutral,/gpfs0/bgu-vilenchi/users/sdolev/Thesis/VLMs/data/affectnet/human_annotated/validation_set/images/4739.jpg
3403,/gpfs0/bgu-vilenchi/users/sdolev/Thesis/VLMs/data/affectnet/human_annotated/validation_set/images/3403.jpg,7,contempt,0.0,surprise,/gpfs0/bgu-vilenchi/users/sdolev/Thesis/VLMs/data/affectnet/human_annotated/validation_set/images/3403.jpg
743,/gpfs0/bgu-vilenchi/users/sdolev/Thesis/VLMs/data/affectnet/human_annotated/validation_set/images/743.jpg,1,happy,0.0,happy,/gpfs0/bgu-vilenchi/users/sdolev/Thesis/VLMs/data/affectnet/human_annotated/validation_set/images/743.jpg
1864,/gpfs0/bgu-vilenchi/users/sdolev/Thesis/VLMs/data/affectnet/human_annotated/validation_set/images/1864.jpg,7,contempt,2.0,happy,/gpfs0/bgu-vilenchi/users/sdolev/Thesis/VLMs/data/affectnet/human_annotated/validation_set/images/1864.jpg
4503,/gpfs0/bgu-vilenchi/users/sdolev/Thesis/VLMs/data/affectnet/human_annotated/validation_set/images/4503.jpg,2,sad,2.0,neutral,/gpfs0/bgu-vilenchi/users/sdolev/Thesis/VLMs/data/affectnet/human_annotated/validation_set/images/4503.jpg
5298,/gpfs0/bgu-vilenchi/users/sdolev/Thesis/VLMs/data/affectnet/human_annotated/validation_set/images/5298.jpg,0,neutral,0.0,neutral,/gpfs0/bgu-vilenchi/users/sdolev/Thesis/VLMs/data/affectnet/human_annotated/validation_set/images/5298.jpg
3806,/gpfs0/bgu-vilenchi/users/sdolev/Thesis/VLMs/data/affectnet/human_annotated/validation_set/images/3806.jpg,3,surprise,1.0,neutral,/gpfs0/bgu-vilenchi/users/sdolev/Thesis/VLMs/data/affectnet/human_annotated/validation_set/images/3806.jpg
4059,/gpfs0/bgu-vilenchi/users/sdolev/Thesis/VLMs/data/affectnet/human_annotated/validation_set/images/4059.jpg,0,neutral,0.0,neutral,/gpfs0/bgu-vilenchi/users/sdolev/Thesis/VLMs/data/affectnet/human_annotated/validation_set/images/4059.jpg
5062,/gpfs0/bgu-vilenchi/users/sdolev/Thesis/VLMs/data/affectnet/human_annotated/validation_set/images/5062.jpg,2,sad,2.0,sad,/gpfs0/bgu-vilenchi/users/sdolev/Thesis/VLMs/data/affectnet/human_annotated/validation_set/images/5062.jpg
4906,/gpfs0/bgu-vilenchi/users/sdolev/Thesis/VLMs/data/affectnet/human_annotated/validation_set/images/4906.jpg,7,contempt,1.0,happy,/gpfs0/bgu-vilenchi/users/sdolev/Thesis/VLMs/data/affectnet/human_annotated/validation_set/images/4906.jpg
1725,/gpfs0/bgu-vilenchi/users/sdolev/Thesis/VLMs/data/affectnet/human_annotated/validation_set/images/1725.jpg,0,neutral,0.0,neutral,/gpfs0/bgu-vilenchi/users/sdolev/Thesis/VLMs/data/affectnet/human_annotated/validation_set/images/1725.jpg
5465,/gpfs0/bgu-vilenchi/users/sdolev/Thesis/VLMs/data/affectnet/human_annotated/validation_set/images/5465.jpg,6,angry,0.0,angry,/gpfs0/bgu-vilenchi/users/sdolev/Thesis/VLMs/data/affectnet/human_annotated/validation_set/images/5465.jpg
2284,/gpfs0/bgu-vilenchi/users/sdolev/Thesis/VLMs/data/affectnet/human_annotated/validation_set/images/2284.jpg,4,fear,0.0,surprise,/gpfs0/bgu-vilenchi/users/sdolev/Thesis/VLMs/data/affectnet/human_annotated/validation_set/images/2284.jpg
116,/gpfs0/bgu-vilenchi/users/sdolev/Thesis/VLMs/data/affectnet/human_annotated/validation_set/images/116.jpg,1,happy,0.0,happy,/gpfs0/bgu-vilenchi/users/sdolev/Thesis/VLMs/data/affectnet/human_annotated/validation_set/images/116.jpg
1045,/gpfs0/bgu-vilenchi/users/sdolev/Thesis/VLMs/data/affectnet/human_annotated/validation_set/images/1045.jpg,2,sad,2.0,neutral,/gpfs0/bgu-vilenchi/users/sdolev/Thesis/VLMs/data/affectnet/human_annotated/validation_set/images/1045.jpg
253,/gpfs0/bgu-vilenchi/users/sdolev/Thesis/VLMs/data/affectnet/human_annotated/validation_set/images/253.jpg,7,contempt,1.0,neutral,/gpfs0/bgu-vilenchi/users/sdolev/Thesis/VLMs/data/affectnet/human_annotated/validation_set/images/253.jpg
3690,/gpfs0/bgu-vilenchi/users/sdolev/Thesis/VLMs/data/affectnet/human_annotated/validation_set/images/3690.jpg,2,sad,1.0,surprise,/gpfs0/bgu-vilenchi/users/sdolev/Thesis/VLMs/data/affectnet/human_annotated/validation_set/images/3690.jpg
4629,/gpfs0/bgu-vilenchi/users/sdolev/Thesis/VLMs/data/affectnet/human_annotated/validation_set/images/4629.jpg,2,sad,2.0,neutral,/gpfs0/bgu-vilenchi/users/sdolev/Thesis/VLMs/data/affectnet/human_annotated/validation_set/images/4629.jpg
7,/gpfs0/bgu-vilenchi/users/sdolev/Thesis/VLMs/data/affectnet/human_annotated/validation_set/images/7.jpg,5,disgust,0.0,disgust,/gpfs0/bgu-vilenchi/users/sdolev/Thesis/VLMs/data/affectnet/human_annotated/validation_set/images/7.jpg
654,/gpfs0/bgu-vilenchi/users/sdolev/Thesis/VLMs/data/affectnet/human_annotated/validation_set/images/654.jpg,6,angry,0.0,angry,/gpfs0/bgu-vilenchi/users/sdolev/Thesis/VLMs/data/affectnet/human_annotated/validation_set/images/654.jpg
1448,/gpfs0/bgu-vilenchi/users/sdolev/Thesis/VLMs/data/affectnet/human_annotated/validation_set/images/1448.jpg,1,happy,0.0,happy,/gpfs0/bgu-vilenchi/users/sdolev/Thesis/VLMs/data/affectnet/human_annotated/validation_set/images/1448.jpg
2451,/gpfs0/bgu-vilenchi/users/sdolev/Thesis/VLMs/data/affectnet/human_annotated/validation_set/images/2451.jpg,6,angry,0.0,angry,/gpfs0/bgu-vilenchi/users/sdolev/Thesis/VLMs/data/affectnet/human_annotated/validation_set/images/2451.jpg
5188,/gpfs0/bgu-vilenchi/users/sdolev/Thesis/VLMs/data/affectnet/human_annotated/validation_set/images/5188.jpg,2,sad,0.0,sad,/gpfs0/bgu-vilenchi/users/sdolev/Thesis/VLMs/data/affectnet/human_annotated/validation_set/images/5188.jpg
1212,/gpfs0/bgu-vilenchi/users/sdolev/Thesis/VLMs/data/affectnet/human_annotated/validation_set/images/1212.jpg,5,disgust,2.0,sad,/gpfs0/bgu-vilenchi/users/sdolev/Thesis/VLMs/data/affectnet/human_annotated/validation_set/images/1212.jpg
2854,/gpfs0/bgu-vilenchi/users/sdolev/Thesis/VLMs/data/affectnet/human_annotated/validation_set/images/2854.jpg,5,disgust,1.0,neutral,/gpfs0/bgu-vilenchi/users/sdolev/Thesis/VLMs/data/affectnet/human_annotated/validation_set/images/2854.jpg
1615,/gpfs0/bgu-vilenchi/users/sdolev/Thesis/VLMs/data/affectnet/human_annotated/validation_set/images/1615.jpg,5,disgust,0.0,neutral,/gpfs0/bgu-vilenchi/users/sdolev/Thesis/VLMs/data/affectnet/human_annotated/validation_set/images/1615.jpg
5049,/gpfs0/bgu-vilenchi/users/sdolev/Thesis/VLMs/data/affectnet/human_annotated/validation_set/images/5049.jpg,3,surprise,2.0,neutral,/gpfs0/bgu-vilenchi/users/sdolev/Thesis/VLMs/data/affectnet/human_annotated/validation_set/images/5049.jpg
1921,/gpfs0/bgu-vilenchi/users/sdolev/Thesis/VLMs/data/affectnet/human_annotated/validation_set/images/1921.jpg,6,angry,2.0,neutral,/gpfs0/bgu-vilenchi/users/sdolev/Thesis/VLMs/data/affectnet/human_annotated/validation_set/images/1921.jpg
5355,/gpfs0/bgu-vilenchi/users/sdolev/Thesis/VLMs/data/affectnet/human_annotated/validation_set/images/5355.jpg,0,neutral,0.0,neutral,/gpfs0/bgu-vilenchi/users/sdolev/Thesis/VLMs/data/affectnet/human_annotated/validation_set/images/5355.jpg
2174,/gpfs0/bgu-vilenchi/users/sdolev/Thesis/VLMs/data/affectnet/human_annotated/validation_set/images/2174.jpg,7,contempt,1.0,happy,/gpfs0/bgu-vilenchi/users/sdolev/Thesis/VLMs/data/affectnet/human_annotated/validation_set/images/2174.jpg
8,/gpfs0/bgu-vilenchi/users/sdolev/Thesis/VLMs/data/affectnet/human_annotated/validation_set/images/8.jpg,6,angry,0.0,angry,/gpfs0/bgu-vilenchi/users/sdolev/Thesis/VLMs/data/affectnet/human_annotated/validation_set/images/8.jpg
3580,/gpfs0/bgu-vilenchi/users/sdolev/Thesis/VLMs/data/affectnet/human_annotated/validation_set/images/3580.jpg,1,happy,0.0,happy,/gpfs0/bgu-vilenchi/users/sdolev/Thesis/VLMs/data/affectnet/human_annotated/validation_set/images/3580.jpg
565,/gpfs0/bgu-vilenchi/users/sdolev/Thesis/VLMs/data/affectnet/human_annotated/validation_set/images/565.jpg,4,fear,2.0,surprise,/gpfs0/bgu-vilenchi/users/sdolev/Thesis/VLMs/data/affectnet/human_annotated/validation_set/images/565.jpg
4519,/gpfs0/bgu-vilenchi/users/sdolev/Thesis/VLMs/data/affectnet/human_annotated/validation_set/images/4519.jpg,3,surprise,0.0,surprise,/gpfs0/bgu-vilenchi/users/sdolev/Thesis/VLMs/data/affectnet/human_annotated/validation_set/images/4519.jpg
1338,/gpfs0/bgu-vilenchi/users/sdolev/Thesis/VLMs/data/affectnet/human_annotated/validation_set/images/1338.jpg,7,contempt,1.0,sad,/gpfs0/bgu-vilenchi/users/sdolev/Thesis/VLMs/data/affectnet/human_annotated/validation_set/images/1338.jpg
966,/gpfs0/bgu-vilenchi/users/sdolev/Thesis/VLMs/data/affectnet/human_annotated/validation_set/images/966.jpg,6,angry,0.0,neutral,/gpfs0/bgu-vilenchi/users/sdolev/Thesis/VLMs/data/affectnet/human_annotated/validation_set/images/966.jpg
2341,/gpfs0/bgu-vilenchi/users/sdolev/Thesis/VLMs/data/affectnet/human_annotated/validation_set/images/2341.jpg,5,disgust,1.0,happy,/gpfs0/bgu-vilenchi/users/sdolev/Thesis/VLMs/data/affectnet/human_annotated/validation_set/images/2341.jpg
3983,/gpfs0/bgu-vilenchi/users/sdolev/Thesis/VLMs/data/affectnet/human_annotated/validation_set/images/3983.jpg,7,contempt,1.0,neutral,/gpfs0/bgu-vilenchi/users/sdolev/Thesis/VLMs/data/affectnet/human_annotated/validation_set/images/3983.jpg
1505,/gpfs0/bgu-vilenchi/users/sdolev/Thesis/VLMs/data/affectnet/human_annotated/validation_set/images/1505.jpg,0,neutral,1.0,neutral,/gpfs0/bgu-vilenchi/users/sdolev/Thesis/VLMs/data/affectnet/human_annotated/validation_set/images/1505.jpg
1908,/gpfs0/bgu-vilenchi/users/sdolev/Thesis/VLMs/data/affectnet/human_annotated/validation_set/images/1908.jpg,7,contempt,1.0,neutral,/gpfs0/bgu-vilenchi/users/sdolev/Thesis/VLMs/data/affectnet/human_annotated/validation_set/images/1908.jpg
339,/gpfs0/bgu-vilenchi/users/sdolev/Thesis/VLMs/data/affectnet/human_annotated/validation_set/images/339.jpg,7,contempt,1.0,neutral,/gpfs0/bgu-vilenchi/users/sdolev/Thesis/VLMs/data/affectnet/human_annotated/validation_set/images/339.jpg
3164,/gpfs0/bgu-vilenchi/users/sdolev/Thesis/VLMs/data/affectnet/human_annotated/validation_set/images/3164.jpg,4,fear,0.0,surprise,/gpfs0/bgu-vilenchi/users/sdolev/Thesis/VLMs/data/affectnet/human_annotated/validation_set/images/3164.jpg
476,/gpfs0/bgu-vilenchi/users/sdolev/Thesis/VLMs/data/affectnet/human_annotated/validation_set/images/476.jpg,3,surprise,2.0,surprise,/gpfs0/bgu-vilenchi/users/sdolev/Thesis/VLMs/data/affectnet/human_annotated/validation_set/images/476.jpg
3470,/gpfs0/bgu-vilenchi/users/sdolev/Thesis/VLMs/data/affectnet/human_annotated/validation_set/images/3470.jpg,3,surprise,2.0,neutral,/gpfs0/bgu-vilenchi/users/sdolev/Thesis/VLMs/data/affectnet/human_annotated/validation_set/images/3470.jpg
980,/gpfs0/bgu-vilenchi/users/sdolev/Thesis/VLMs/data/affectnet/human_annotated/validation_set/images/980.jpg,6,angry,0.0,neutral,/gpfs0/bgu-vilenchi/users/sdolev/Thesis/VLMs/data/affectnet/human_annotated/validation_set/images/980.jpg
5412,/gpfs0/bgu-vilenchi/users/sdolev/Thesis/VLMs/data/affectnet/human_annotated/validation_set/images/5412.jpg,0,neutral,1.0,happy,/gpfs0/bgu-vilenchi/users/sdolev/Thesis/VLMs/data/affectnet/human_annotated/validation_set/images/5412.jpg
3567,/gpfs0/bgu-vilenchi/users/sdolev/Thesis/VLMs/data/affectnet/human_annotated/validation_set/images/3567.jpg,5,disgust,1.0,disgust,/gpfs0/bgu-vilenchi/users/sdolev/Thesis/VLMs/data/affectnet/human_annotated/validation_set/images/3567.jpg
2231,/gpfs0/bgu-vilenchi/users/sdolev/Thesis/VLMs/data/affectnet/human_annotated/validation_set/images/2231.jpg,5,disgust,0.0,disgust,/gpfs0/bgu-vilenchi/users/sdolev/Thesis/VLMs/data/affectnet/human_annotated/validation_set/images/2231.jpg
3873,/gpfs0/bgu-vilenchi/users/sdolev/Thesis/VLMs/data/affectnet/human_annotated/validation_set/images/3873.jpg,5,disgust,1.0,surprise,/gpfs0/bgu-vilenchi/users/sdolev/Thesis/VLMs/data/affectnet/human_annotated/validation_set/images/3873.jpg
2328,/gpfs0/bgu-vilenchi/users/sdolev/Thesis/VLMs/data/affectnet/human_annotated/validation_set/images/2328.jpg,0,neutral,0.0,neutral,/gpfs0/bgu-vilenchi/users/sdolev/Thesis/VLMs/data/affectnet/human_annotated/validation_set/images/2328.jpg
2634,/gpfs0/bgu-vilenchi/users/sdolev/Thesis/VLMs/data/affectnet/human_annotated/validation_set/images/2634.jpg,7,contempt,0.0,neutral,/gpfs0/bgu-vilenchi/users/sdolev/Thesis/VLMs/data/affectnet/human_annotated/validation_set/images/2634.jpg
4293,/gpfs0/bgu-vilenchi/users/sdolev/Thesis/VLMs/data/affectnet/human_annotated/validation_set/images/4293.jpg,1,happy,0.0,happy,/gpfs0/bgu-vilenchi/users/sdolev/Thesis/VLMs/data/affectnet/human_annotated/validation_set/images/4293.jpg
3054,/gpfs0/bgu-vilenchi/users/sdolev/Thesis/VLMs/data/affectnet/human_annotated/validation_set/images/3054.jpg,4,fear,0.0,surprise,/gpfs0/bgu-vilenchi/users/sdolev/Thesis/VLMs/data/affectnet/human_annotated/validation_set/images/3054.jpg
4696,/gpfs0/bgu-vilenchi/users/sdolev/Thesis/VLMs/data/affectnet/human_annotated/validation_set/images/4696.jpg,3,surprise,0.0,surprise,/gpfs0/bgu-vilenchi/users/sdolev/Thesis/VLMs/data/affectnet/human_annotated/validation_set/images/4696.jpg
788,/gpfs0/bgu-vilenchi/users/sdolev/Thesis/VLMs/data/affectnet/human_annotated/validation_set/images/788.jpg,2,sad,0.0,surprise,/gpfs0/bgu-vilenchi/users/sdolev/Thesis/VLMs/data/affectnet/human_annotated/validation_set/images/788.jpg
3457,/gpfs0/bgu-vilenchi/users/sdolev/Thesis/VLMs/data/affectnet/human_annotated/validation_set/images/3457.jpg,3,surprise,1.0,surprise,/gpfs0/bgu-vilenchi/users/sdolev/Thesis/VLMs/data/affectnet/human_annotated/validation_set/images/3457.jpg
4460,/gpfs0/bgu-vilenchi/users/sdolev/Thesis/VLMs/data/affectnet/human_annotated/validation_set/images/4460.jpg,5,disgust,2.0,surprise,/gpfs0/bgu-vilenchi/users/sdolev/Thesis/VLMs/data/affectnet/human_annotated/validation_set/images/4460.jpg
2218,/gpfs0/bgu-vilenchi/users/sdolev/Thesis/VLMs/data/affectnet/human_annotated/validation_set/images/2218.jpg,3,surprise,0.0,surprise,/gpfs0/bgu-vilenchi/users/sdolev/Thesis/VLMs/data/affectnet/human_annotated/validation_set/images/2218.jpg
3221,/gpfs0/bgu-vilenchi/users/sdolev/Thesis/VLMs/data/affectnet/human_annotated/validation_set/images/3221.jpg,4,fear,1.0,surprise,/gpfs0/bgu-vilenchi/users/sdolev/Thesis/VLMs/data/affectnet/human_annotated/validation_set/images/3221.jpg
4863,/gpfs0/bgu-vilenchi/users/sdolev/Thesis/VLMs/data/affectnet/human_annotated/validation_set/images/4863.jpg,0,neutral,0.0,neutral,/gpfs0/bgu-vilenchi/users/sdolev/Thesis/VLMs/data/affectnet/human_annotated/validation_set/images/4863.jpg
3930,/gpfs0/bgu-vilenchi/users/sdolev/Thesis/VLMs/data/affectnet/human_annotated/validation_set/images/3930.jpg,6,angry,1.0,neutral,/gpfs0/bgu-vilenchi/users/sdolev/Thesis/VLMs/data/affectnet/human_annotated/validation_set/images/3930.jpg
264,/gpfs0/bgu-vilenchi/users/sdolev/Thesis/VLMs/data/affectnet/human_annotated/validation_set/images/264.jpg,2,sad,0.0,sad,/gpfs0/bgu-vilenchi/users/sdolev/Thesis/VLMs/data/affectnet/human_annotated/validation_set/images/264.jpg
4183,/gpfs0/bgu-vilenchi/users/sdolev/Thesis/VLMs/data/affectnet/human_annotated/validation_set/images/4183.jpg,3,surprise,2.0,happy,/gpfs0/bgu-vilenchi/users/sdolev/Thesis/VLMs/data/affectnet/human_annotated/validation_set/images/4183.jpg
1099,/gpfs0/bgu-vilenchi/users/sdolev/Thesis/VLMs/data/affectnet/human_annotated/validation_set/images/1099.jpg,1,happy,2.0,happy,/gpfs0/bgu-vilenchi/users/sdolev/Thesis/VLMs/data/affectnet/human_annotated/validation_set/images/1099.jpg
4586,/gpfs0/bgu-vilenchi/users/sdolev/Thesis/VLMs/data/affectnet/human_annotated/validation_set/images/4586.jpg,0,neutral,0.0,neutral,/gpfs0/bgu-vilenchi/users/sdolev/Thesis/VLMs/data/affectnet/human_annotated/validation_set/images/4586.jpg
800,/gpfs0/bgu-vilenchi/users/sdolev/Thesis/VLMs/data/affectnet/human_annotated/validation_set/images/800.jpg,0,neutral,2.0,happy,/gpfs0/bgu-vilenchi/users/sdolev/Thesis/VLMs/data/affectnet/human_annotated/validation_set/images/800.jpg
4350,/gpfs0/bgu-vilenchi/users/sdolev/Thesis/VLMs/data/affectnet/human_annotated/validation_set/images/4350.jpg,3,surprise,2.0,happy,/gpfs0/bgu-vilenchi/users/sdolev/Thesis/VLMs/data/affectnet/human_annotated/validation_set/images/4350.jpg
2108,/gpfs0/bgu-vilenchi/users/sdolev/Thesis/VLMs/data/affectnet/human_annotated/validation_set/images/2108.jpg,0,neutral,1.0,neutral,/gpfs0/bgu-vilenchi/users/sdolev/Thesis/VLMs/data/affectnet/human_annotated/validation_set/images/2108.jpg
3111,/gpfs0/bgu-vilenchi/users/sdolev/Thesis/VLMs/data/affectnet/human_annotated/validation_set/images/3111.jpg,6,angry,2.0,happy,/gpfs0/bgu-vilenchi/users/sdolev/Thesis/VLMs/data/affectnet/human_annotated/validation_set/images/3111.jpg
51,/gpfs0/bgu-vilenchi/users/sdolev/Thesis/VLMs/data/affectnet/human_annotated/validation_set/images/51.jpg,1,happy,0.0,happy,/gpfs0/bgu-vilenchi/users/sdolev/Thesis/VLMs/data/affectnet/human_annotated/validation_set/images/51.jpg
4753,/gpfs0/bgu-vilenchi/users/sdolev/Thesis/VLMs/data/affectnet/human_annotated/validation_set/images/4753.jpg,7,contempt,0.0,neutral,/gpfs0/bgu-vilenchi/users/sdolev/Thesis/VLMs/data/affectnet/human_annotated/validation_set/images/4753.jpg
23,/gpfs0/bgu-vilenchi/users/sdolev/Thesis/VLMs/data/affectnet/human_annotated/validation_set/images/23.jpg,4,fear,0.0,surprise,/gpfs0/bgu-vilenchi/users/sdolev/Thesis/VLMs/data/affectnet/human_annotated/validation_set/images/23.jpg
175,/gpfs0/bgu-vilenchi/users/sdolev/Thesis/VLMs/data/affectnet/human_annotated/validation_set/images/175.jpg,4,fear,0.0,surprise,/gpfs0/bgu-vilenchi/users/sdolev/Thesis/VLMs/data/affectnet/human_annotated/validation_set/images/175.jpg
576,/gpfs0/bgu-vilenchi/users/sdolev/Thesis/VLMs/data/affectnet/human_annotated/validation_set/images/576.jpg,6,angry,0.0,angry,/gpfs0/bgu-vilenchi/users/sdolev/Thesis/VLMs/data/affectnet/human_annotated/validation_set/images/576.jpg
3917,/gpfs0/bgu-vilenchi/users/sdolev/Thesis/VLMs/data/affectnet/human_annotated/validation_set/images/3917.jpg,5,disgust,1.0,surprise,/gpfs0/bgu-vilenchi/users/sdolev/Thesis/VLMs/data/affectnet/human_annotated/validation_set/images/3917.jpg
4920,/gpfs0/bgu-vilenchi/users/sdolev/Thesis/VLMs/data/affectnet/human_annotated/validation_set/images/4920.jpg,0,neutral,0.0,neutral,/gpfs0/bgu-vilenchi/users/sdolev/Thesis/VLMs/data/affectnet/human_annotated/validation_set/images/4920.jpg
5173,/gpfs0/bgu-vilenchi/users/sdolev/Thesis/VLMs/data/affectnet/human_annotated/validation_set/images/5173.jpg,5,disgust,0.0,disgust,/gpfs0/bgu-vilenchi/users/sdolev/Thesis/VLMs/data/affectnet/human_annotated/validation_set/images/5173.jpg
711,/gpfs0/bgu-vilenchi/users/sdolev/Thesis/VLMs/data/affectnet/human_annotated/validation_set/images/711.jpg,2,sad,1.0,sad,/gpfs0/bgu-vilenchi/users/sdolev/Thesis/VLMs/data/affectnet/human_annotated/validation_set/images/711.jpg
74,/gpfs0/bgu-vilenchi/users/sdolev/Thesis/VLMs/data/affectnet/human_annotated/validation_set/images/74.jpg,7,contempt,1.0,happy,/gpfs0/bgu-vilenchi/users/sdolev/Thesis/VLMs/data/affectnet/human_annotated/validation_set/images/74.jpg
2395,/gpfs0/bgu-vilenchi/users/sdolev/Thesis/VLMs/data/affectnet/human_annotated/validation_set/images/2395.jpg,5,disgust,1.0,surprise,/gpfs0/bgu-vilenchi/users/sdolev/Thesis/VLMs/data/affectnet/human_annotated/validation_set/images/2395.jpg
3001,/gpfs0/bgu-vilenchi/users/sdolev/Thesis/VLMs/data/affectnet/human_annotated/validation_set/images/3001.jpg,0,neutral,0.0,neutral,/gpfs0/bgu-vilenchi/users/sdolev/Thesis/VLMs/data/affectnet/human_annotated/validation_set/images/3001.jpg
2798,/gpfs0/bgu-vilenchi/users/sdolev/Thesis/VLMs/data/affectnet/human_annotated/validation_set/images/2798.jpg,4,fear,1.0,neutral,/gpfs0/bgu-vilenchi/users/sdolev/Thesis/VLMs/data/affectnet/human_annotated/validation_set/images/2798.jpg
1462,/gpfs0/bgu-vilenchi/users/sdolev/Thesis/VLMs/data/affectnet/human_annotated/validation_set/images/1462.jpg,0,neutral,0.0,neutral,/gpfs0/bgu-vilenchi/users/sdolev/Thesis/VLMs/data/affectnet/human_annotated/validation_set/images/1462.jpg
4101,/gpfs0/bgu-vilenchi/users/sdolev/Thesis/VLMs/data/affectnet/human_annotated/validation_set/images/4101.jpg,7,contempt,1.0,happy,/gpfs0/bgu-vilenchi/users/sdolev/Thesis/VLMs/data/affectnet/human_annotated/validation_set/images/4101.jpg
3404,/gpfs0/bgu-vilenchi/users/sdolev/Thesis/VLMs/data/affectnet/human_annotated/validation_set/images/3404.jpg,4,fear,0.0,surprise,/gpfs0/bgu-vilenchi/users/sdolev/Thesis/VLMs/data/affectnet/human_annotated/validation_set/images/3404.jpg
1865,/gpfs0/bgu-vilenchi/users/sdolev/Thesis/VLMs/data/affectnet/human_annotated/validation_set/images/1865.jpg,3,surprise,2.0,surprise,/gpfs0/bgu-vilenchi/users/sdolev/Thesis/VLMs/data/affectnet/human_annotated/validation_set/images/1865.jpg
4504,/gpfs0/bgu-vilenchi/users/sdolev/Thesis/VLMs/data/affectnet/human_annotated/validation_set/images/4504.jpg,5,disgust,0.0,disgust,/gpfs0/bgu-vilenchi/users/sdolev/Thesis/VLMs/data/affectnet/human_annotated/validation_set/images/4504.jpg
1323,/gpfs0/bgu-vilenchi/users/sdolev/Thesis/VLMs/data/affectnet/human_annotated/validation_set/images/1323.jpg,3,surprise,1.0,happy,/gpfs0/bgu-vilenchi/users/sdolev/Thesis/VLMs/data/affectnet/human_annotated/validation_set/images/1323.jpg
4810,/gpfs0/bgu-vilenchi/users/sdolev/Thesis/VLMs/data/affectnet/human_annotated/validation_set/images/4810.jpg,3,surprise,1.0,neutral,/gpfs0/bgu-vilenchi/users/sdolev/Thesis/VLMs/data/affectnet/human_annotated/validation_set/images/4810.jpg
5063,/gpfs0/bgu-vilenchi/users/sdolev/Thesis/VLMs/data/affectnet/human_annotated/validation_set/images/5063.jpg,4,fear,1.0,surprise,/gpfs0/bgu-vilenchi/users/sdolev/Thesis/VLMs/data/affectnet/human_annotated/validation_set/images/5063.jpg
4907,/gpfs0/bgu-vilenchi/users/sdolev/Thesis/VLMs/data/affectnet/human_annotated/validation_set/images/4907.jpg,7,contempt,2.0,happy,/gpfs0/bgu-vilenchi/users/sdolev/Thesis/VLMs/data/affectnet/human_annotated/validation_set/images/4907.jpg
5466,/gpfs0/bgu-vilenchi/users/sdolev/Thesis/VLMs/data/affectnet/human_annotated/validation_set/images/5466.jpg,7,contempt,2.0,neutral,/gpfs0/bgu-vilenchi/users/sdolev/Thesis/VLMs/data/affectnet/human_annotated/validation_set/images/5466.jpg
2285,/gpfs0/bgu-vilenchi/users/sdolev/Thesis/VLMs/data/affectnet/human_annotated/validation_set/images/2285.jpg,1,happy,0.0,happy,/gpfs0/bgu-vilenchi/users/sdolev/Thesis/VLMs/data/affectnet/human_annotated/validation_set/images/2285.jpg
5230,/gpfs0/bgu-vilenchi/users/sdolev/Thesis/VLMs/data/affectnet/human_annotated/validation_set/images/5230.jpg,6,angry,1.0,surprise,/gpfs0/bgu-vilenchi/users/sdolev/Thesis/VLMs/data/affectnet/human_annotated/validation_set/images/5230.jpg
77,/gpfs0/bgu-vilenchi/users/sdolev/Thesis/VLMs/data/affectnet/human_annotated/validation_set/images/77.jpg,0,neutral,0.0,neutral,/gpfs0/bgu-vilenchi/users/sdolev/Thesis/VLMs/data/affectnet/human_annotated/validation_set/images/77.jpg
1046,/gpfs0/bgu-vilenchi/users/sdolev/Thesis/VLMs/data/affectnet/human_annotated/validation_set/images/1046.jpg,7,contempt,0.0,neutral,/gpfs0/bgu-vilenchi/users/sdolev/Thesis/VLMs/data/affectnet/human_annotated/validation_set/images/1046.jpg
2688,/gpfs0/bgu-vilenchi/users/sdolev/Thesis/VLMs/data/affectnet/human_annotated/validation_set/images/2688.jpg,2,sad,0.0,angry,/gpfs0/bgu-vilenchi/users/sdolev/Thesis/VLMs/data/affectnet/human_annotated/validation_set/images/2688.jpg
3691,/gpfs0/bgu-vilenchi/users/sdolev/Thesis/VLMs/data/affectnet/human_annotated/validation_set/images/3691.jpg,3,surprise,1.0,surprise,/gpfs0/bgu-vilenchi/users/sdolev/Thesis/VLMs/data/affectnet/human_annotated/validation_set/images/3691.jpg
49,/gpfs0/bgu-vilenchi/users/sdolev/Thesis/VLMs/data/affectnet/human_annotated/validation_set/images/49.jpg,2,sad,2.0,neutral,/gpfs0/bgu-vilenchi/users/sdolev/Thesis/VLMs/data/affectnet/human_annotated/validation_set/images/49.jpg
398,/gpfs0/bgu-vilenchi/users/sdolev/Thesis/VLMs/data/affectnet/human_annotated/validation_set/images/398.jpg,5,disgust,2.0,happy,/gpfs0/bgu-vilenchi/users/sdolev/Thesis/VLMs/data/affectnet/human_annotated/validation_set/images/398.jpg
1449,/gpfs0/bgu-vilenchi/users/sdolev/Thesis/VLMs/data/affectnet/human_annotated/validation_set/images/1449.jpg,4,fear,2.0,neutral,/gpfs0/bgu-vilenchi/users/sdolev/Thesis/VLMs/data/affectnet/human_annotated/validation_set/images/1449.jpg
2452,/gpfs0/bgu-vilenchi/users/sdolev/Thesis/VLMs/data/affectnet/human_annotated/validation_set/images/2452.jpg,0,neutral,0.0,neutral,/gpfs0/bgu-vilenchi/users/sdolev/Thesis/VLMs/data/affectnet/human_annotated/validation_set/images/2452.jpg
1213,/gpfs0/bgu-vilenchi/users/sdolev/Thesis/VLMs/data/affectnet/human_annotated/validation_set/images/1213.jpg,7,contempt,1.0,neutral,/gpfs0/bgu-vilenchi/users/sdolev/Thesis/VLMs/data/affectnet/human_annotated/validation_set/images/1213.jpg
934,/gpfs0/bgu-vilenchi/users/sdolev/Thesis/VLMs/data/affectnet/human_annotated/validation_set/images/934.jpg,3,surprise,0.0,happy,/gpfs0/bgu-vilenchi/users/sdolev/Thesis/VLMs/data/affectnet/human_annotated/validation_set/images/934.jpg
1616,/gpfs0/bgu-vilenchi/users/sdolev/Thesis/VLMs/data/affectnet/human_annotated/validation_set/images/1616.jpg,5,disgust,2.0,sad,/gpfs0/bgu-vilenchi/users/sdolev/Thesis/VLMs/data/affectnet/human_annotated/validation_set/images/1616.jpg
5356,/gpfs0/bgu-vilenchi/users/sdolev/Thesis/VLMs/data/affectnet/human_annotated/validation_set/images/5356.jpg,6,angry,1.0,neutral,/gpfs0/bgu-vilenchi/users/sdolev/Thesis/VLMs/data/affectnet/human_annotated/validation_set/images/5356.jpg
2175,/gpfs0/bgu-vilenchi/users/sdolev/Thesis/VLMs/data/affectnet/human_annotated/validation_set/images/2175.jpg,6,angry,0.0,angry,/gpfs0/bgu-vilenchi/users/sdolev/Thesis/VLMs/data/affectnet/human_annotated/validation_set/images/2175.jpg
5120,/gpfs0/bgu-vilenchi/users/sdolev/Thesis/VLMs/data/affectnet/human_annotated/validation_set/images/5120.jpg,6,angry,1.0,neutral,/gpfs0/bgu-vilenchi/users/sdolev/Thesis/VLMs/data/affectnet/human_annotated/validation_set/images/5120.jpg
2578,/gpfs0/bgu-vilenchi/users/sdolev/Thesis/VLMs/data/affectnet/human_annotated/validation_set/images/2578.jpg,4,fear,0.0,surprise,/gpfs0/bgu-vilenchi/users/sdolev/Thesis/VLMs/data/affectnet/human_annotated/validation_set/images/2578.jpg
3581,/gpfs0/bgu-vilenchi/users/sdolev/Thesis/VLMs/data/affectnet/human_annotated/validation_set/images/3581.jpg,2,sad,1.0,neutral,/gpfs0/bgu-vilenchi/users/sdolev/Thesis/VLMs/data/affectnet/human_annotated/validation_set/images/3581.jpg
2036,/gpfs0/bgu-vilenchi/users/sdolev/Thesis/VLMs/data/affectnet/human_annotated/validation_set/images/2036.jpg,0,neutral,0.0,neutral,/gpfs0/bgu-vilenchi/users/sdolev/Thesis/VLMs/data/affectnet/human_annotated/validation_set/images/2036.jpg
410,/gpfs0/bgu-vilenchi/users/sdolev/Thesis/VLMs/data/affectnet/human_annotated/validation_set/images/410.jpg,4,fear,0.0,surprise,/gpfs0/bgu-vilenchi/users/sdolev/Thesis/VLMs/data/affectnet/human_annotated/validation_set/images/410.jpg
2342,/gpfs0/bgu-vilenchi/users/sdolev/Thesis/VLMs/data/affectnet/human_annotated/validation_set/images/2342.jpg,6,angry,1.0,neutral,/gpfs0/bgu-vilenchi/users/sdolev/Thesis/VLMs/data/affectnet/human_annotated/validation_set/images/2342.jpg
3984,/gpfs0/bgu-vilenchi/users/sdolev/Thesis/VLMs/data/affectnet/human_annotated/validation_set/images/3984.jpg,3,surprise,2.0,neutral,/gpfs0/bgu-vilenchi/users/sdolev/Thesis/VLMs/data/affectnet/human_annotated/validation_set/images/3984.jpg
307,/gpfs0/bgu-vilenchi/users/sdolev/Thesis/VLMs/data/affectnet/human_annotated/validation_set/images/307.jpg,5,disgust,2.0,neutral,/gpfs0/bgu-vilenchi/users/sdolev/Thesis/VLMs/data/affectnet/human_annotated/validation_set/images/307.jpg
2439,/gpfs0/bgu-vilenchi/users/sdolev/Thesis/VLMs/data/affectnet/human_annotated/validation_set/images/2439.jpg,4,fear,2.0,surprise,/gpfs0/bgu-vilenchi/users/sdolev/Thesis/VLMs/data/affectnet/human_annotated/validation_set/images/2439.jpg
1103,/gpfs0/bgu-vilenchi/users/sdolev/Thesis/VLMs/data/affectnet/human_annotated/validation_set/images/1103.jpg,0,neutral,1.0,neutral,/gpfs0/bgu-vilenchi/users/sdolev/Thesis/VLMs/data/affectnet/human_annotated/validation_set/images/1103.jpg
708,/gpfs0/bgu-vilenchi/users/sdolev/Thesis/VLMs/data/affectnet/human_annotated/validation_set/images/708.jpg,6,angry,1.0,angry,/gpfs0/bgu-vilenchi/users/sdolev/Thesis/VLMs/data/affectnet/human_annotated/validation_set/images/708.jpg
2745,/gpfs0/bgu-vilenchi/users/sdolev/Thesis/VLMs/data/affectnet/human_annotated/validation_set/images/2745.jpg,3,surprise,1.0,surprise,/gpfs0/bgu-vilenchi/users/sdolev/Thesis/VLMs/data/affectnet/human_annotated/validation_set/images/2745.jpg
1506,/gpfs0/bgu-vilenchi/users/sdolev/Thesis/VLMs/data/affectnet/human_annotated/validation_set/images/1506.jpg,0,neutral,0.0,neutral,/gpfs0/bgu-vilenchi/users/sdolev/Thesis/VLMs/data/affectnet/human_annotated/validation_set/images/1506.jpg
1909,/gpfs0/bgu-vilenchi/users/sdolev/Thesis/VLMs/data/affectnet/human_annotated/validation_set/images/1909.jpg,0,neutral,0.0,neutral,/gpfs0/bgu-vilenchi/users/sdolev/Thesis/VLMs/data/affectnet/human_annotated/validation_set/images/1909.jpg
2912,/gpfs0/bgu-vilenchi/users/sdolev/Thesis/VLMs/data/affectnet/human_annotated/validation_set/images/2912.jpg,4,fear,2.0,surprise,/gpfs0/bgu-vilenchi/users/sdolev/Thesis/VLMs/data/affectnet/human_annotated/validation_set/images/2912.jpg
5010,/gpfs0/bgu-vilenchi/users/sdolev/Thesis/VLMs/data/affectnet/human_annotated/validation_set/images/5010.jpg,7,contempt,1.0,neutral,/gpfs0/bgu-vilenchi/users/sdolev/Thesis/VLMs/data/affectnet/human_annotated/validation_set/images/5010.jpg
3165,/gpfs0/bgu-vilenchi/users/sdolev/Thesis/VLMs/data/affectnet/human_annotated/validation_set/images/3165.jpg,1,happy,0.0,happy,/gpfs0/bgu-vilenchi/users/sdolev/Thesis/VLMs/data/affectnet/human_annotated/validation_set/images/3165.jpg
3471,/gpfs0/bgu-vilenchi/users/sdolev/Thesis/VLMs/data/affectnet/human_annotated/validation_set/images/3471.jpg,6,angry,0.0,sad,/gpfs0/bgu-vilenchi/users/sdolev/Thesis/VLMs/data/affectnet/human_annotated/validation_set/images/3471.jpg
5107,/gpfs0/bgu-vilenchi/users/sdolev/Thesis/VLMs/data/affectnet/human_annotated/validation_set/images/5107.jpg,6,angry,0.0,neutral,/gpfs0/bgu-vilenchi/users/sdolev/Thesis/VLMs/data/affectnet/human_annotated/validation_set/images/5107.jpg
321,/gpfs0/bgu-vilenchi/users/sdolev/Thesis/VLMs/data/affectnet/human_annotated/validation_set/images/321.jpg,0,neutral,0.0,neutral,/gpfs0/bgu-vilenchi/users/sdolev/Thesis/VLMs/data/affectnet/human_annotated/validation_set/images/321.jpg
218,/gpfs0/bgu-vilenchi/users/sdolev/Thesis/VLMs/data/affectnet/human_annotated/validation_set/images/218.jpg,1,happy,0.0,happy,/gpfs0/bgu-vilenchi/users/sdolev/Thesis/VLMs/data/affectnet/human_annotated/validation_set/images/218.jpg
3874,/gpfs0/bgu-vilenchi/users/sdolev/Thesis/VLMs/data/affectnet/human_annotated/validation_set/images/3874.jpg,4,fear,1.0,neutral,/gpfs0/bgu-vilenchi/users/sdolev/Thesis/VLMs/data/affectnet/human_annotated/validation_set/images/3874.jpg
722,/gpfs0/bgu-vilenchi/users/sdolev/Thesis/VLMs/data/affectnet/human_annotated/validation_set/images/722.jpg,4,fear,1.0,surprise,/gpfs0/bgu-vilenchi/users/sdolev/Thesis/VLMs/data/affectnet/human_annotated/validation_set/images/722.jpg
3332,/gpfs0/bgu-vilenchi/users/sdolev/Thesis/VLMs/data/affectnet/human_annotated/validation_set/images/3332.jpg,1,happy,0.0,happy,/gpfs0/bgu-vilenchi/users/sdolev/Thesis/VLMs/data/affectnet/human_annotated/validation_set/images/3332.jpg
2635,/gpfs0/bgu-vilenchi/users/sdolev/Thesis/VLMs/data/affectnet/human_annotated/validation_set/images/2635.jpg,5,disgust,0.0,anger,/gpfs0/bgu-vilenchi/users/sdolev/Thesis/VLMs/data/affectnet/human_annotated/validation_set/images/2635.jpg
3735,/gpfs0/bgu-vilenchi/users/sdolev/Thesis/VLMs/data/affectnet/human_annotated/validation_set/images/3735.jpg,0,neutral,0.0,neutral,/gpfs0/bgu-vilenchi/users/sdolev/Thesis/VLMs/data/affectnet/human_annotated/validation_set/images/3735.jpg
2802,/gpfs0/bgu-vilenchi/users/sdolev/Thesis/VLMs/data/affectnet/human_annotated/validation_set/images/2802.jpg,5,disgust,2.0,surprise,/gpfs0/bgu-vilenchi/users/sdolev/Thesis/VLMs/data/affectnet/human_annotated/validation_set/images/2802.jpg
4697,/gpfs0/bgu-vilenchi/users/sdolev/Thesis/VLMs/data/affectnet/human_annotated/validation_set/images/4697.jpg,0,neutral,2.0,happy,/gpfs0/bgu-vilenchi/users/sdolev/Thesis/VLMs/data/affectnet/human_annotated/validation_set/images/4697.jpg
232,/gpfs0/bgu-vilenchi/users/sdolev/Thesis/VLMs/data/affectnet/human_annotated/validation_set/images/232.jpg,2,sad,1.0,sad,/gpfs0/bgu-vilenchi/users/sdolev/Thesis/VLMs/data/affectnet/human_annotated/validation_set/images/232.jpg
3458,/gpfs0/bgu-vilenchi/users/sdolev/Thesis/VLMs/data/affectnet/human_annotated/validation_set/images/3458.jpg,5,disgust,1.0,neutral,/gpfs0/bgu-vilenchi/users/sdolev/Thesis/VLMs/data/affectnet/human_annotated/validation_set/images/3458.jpg
1280,/gpfs0/bgu-vilenchi/users/sdolev/Thesis/VLMs/data/affectnet/human_annotated/validation_set/images/1280.jpg,3,surprise,1.0,surprise,/gpfs0/bgu-vilenchi/users/sdolev/Thesis/VLMs/data/affectnet/human_annotated/validation_set/images/1280.jpg
2219,/gpfs0/bgu-vilenchi/users/sdolev/Thesis/VLMs/data/affectnet/human_annotated/validation_set/images/2219.jpg,2,sad,2.0,neutral,/gpfs0/bgu-vilenchi/users/sdolev/Thesis/VLMs/data/affectnet/human_annotated/validation_set/images/2219.jpg
3222,/gpfs0/bgu-vilenchi/users/sdolev/Thesis/VLMs/data/affectnet/human_annotated/validation_set/images/3222.jpg,2,sad,0.0,sad,/gpfs0/bgu-vilenchi/users/sdolev/Thesis/VLMs/data/affectnet/human_annotated/validation_set/images/3222.jpg
4864,/gpfs0/bgu-vilenchi/users/sdolev/Thesis/VLMs/data/affectnet/human_annotated/validation_set/images/4864.jpg,5,disgust,1.0,angry,/gpfs0/bgu-vilenchi/users/sdolev/Thesis/VLMs/data/affectnet/human_annotated/validation_set/images/4864.jpg
1683,/gpfs0/bgu-vilenchi/users/sdolev/Thesis/VLMs/data/affectnet/human_annotated/validation_set/images/1683.jpg,7,contempt,1.0,neutral,/gpfs0/bgu-vilenchi/users/sdolev/Thesis/VLMs/data/affectnet/human_annotated/validation_set/images/1683.jpg
3625,/gpfs0/bgu-vilenchi/users/sdolev/Thesis/VLMs/data/affectnet/human_annotated/validation_set/images/3625.jpg,0,neutral,0.0,neutral,/gpfs0/bgu-vilenchi/users/sdolev/Thesis/VLMs/data/affectnet/human_annotated/validation_set/images/3625.jpg
3931,/gpfs0/bgu-vilenchi/users/sdolev/Thesis/VLMs/data/affectnet/human_annotated/validation_set/images/3931.jpg,0,neutral,0.0,neutral,/gpfs0/bgu-vilenchi/users/sdolev/Thesis/VLMs/data/affectnet/human_annotated/validation_set/images/3931.jpg
4184,/gpfs0/bgu-vilenchi/users/sdolev/Thesis/VLMs/data/affectnet/human_annotated/validation_set/images/4184.jpg,7,contempt,1.0,neutral,/gpfs0/bgu-vilenchi/users/sdolev/Thesis/VLMs/data/affectnet/human_annotated/validation_set/images/4184.jpg
1850,/gpfs0/bgu-vilenchi/users/sdolev/Thesis/VLMs/data/affectnet/human_annotated/validation_set/images/1850.jpg,3,surprise,1.0,surprise,/gpfs0/bgu-vilenchi/users/sdolev/Thesis/VLMs/data/affectnet/human_annotated/validation_set/images/1850.jpg
4587,/gpfs0/bgu-vilenchi/users/sdolev/Thesis/VLMs/data/affectnet/human_annotated/validation_set/images/4587.jpg,1,happy,0.0,happy,/gpfs0/bgu-vilenchi/users/sdolev/Thesis/VLMs/data/affectnet/human_annotated/validation_set/images/4587.jpg
945,/gpfs0/bgu-vilenchi/users/sdolev/Thesis/VLMs/data/affectnet/human_annotated/validation_set/images/945.jpg,1,happy,0.0,happy,/gpfs0/bgu-vilenchi/users/sdolev/Thesis/VLMs/data/affectnet/human_annotated/validation_set/images/945.jpg
1170,/gpfs0/bgu-vilenchi/users/sdolev/Thesis/VLMs/data/affectnet/human_annotated/validation_set/images/1170.jpg,4,fear,2.0,surprise,/gpfs0/bgu-vilenchi/users/sdolev/Thesis/VLMs/data/affectnet/human_annotated/validation_set/images/1170.jpg
2109,/gpfs0/bgu-vilenchi/users/sdolev/Thesis/VLMs/data/affectnet/human_annotated/validation_set/images/2109.jpg,0,neutral,0.0,neutral,/gpfs0/bgu-vilenchi/users/sdolev/Thesis/VLMs/data/affectnet/human_annotated/validation_set/images/2109.jpg
4754,/gpfs0/bgu-vilenchi/users/sdolev/Thesis/VLMs/data/affectnet/human_annotated/validation_set/images/4754.jpg,1,happy,0.0,happy,/gpfs0/bgu-vilenchi/users/sdolev/Thesis/VLMs/data/affectnet/human_annotated/validation_set/images/4754.jpg
1573,/gpfs0/bgu-vilenchi/users/sdolev/Thesis/VLMs/data/affectnet/human_annotated/validation_set/images/1573.jpg,1,happy,0.0,happy,/gpfs0/bgu-vilenchi/users/sdolev/Thesis/VLMs/data/affectnet/human_annotated/validation_set/images/1573.jpg
3209,/gpfs0/bgu-vilenchi/users/sdolev/Thesis/VLMs/data/affectnet/human_annotated/validation_set/images/3209.jpg,1,happy,0.0,happy,/gpfs0/bgu-vilenchi/users/sdolev/Thesis/VLMs/data/affectnet/human_annotated/validation_set/images/3209.jpg
3515,/gpfs0/bgu-vilenchi/users/sdolev/Thesis/VLMs/data/affectnet/human_annotated/validation_set/images/3515.jpg,4,fear,0.0,surprise,/gpfs0/bgu-vilenchi/users/sdolev/Thesis/VLMs/data/affectnet/human_annotated/validation_set/images/3515.jpg
1976,/gpfs0/bgu-vilenchi/users/sdolev/Thesis/VLMs/data/affectnet/human_annotated/validation_set/images/1976.jpg,2,sad,1.0,neutral,/gpfs0/bgu-vilenchi/users/sdolev/Thesis/VLMs/data/affectnet/human_annotated/validation_set/images/1976.jpg
4921,/gpfs0/bgu-vilenchi/users/sdolev/Thesis/VLMs/data/affectnet/human_annotated/validation_set/images/4921.jpg,1,happy,0.0,happy,/gpfs0/bgu-vilenchi/users/sdolev/Thesis/VLMs/data/affectnet/human_annotated/validation_set/images/4921.jpg
1740,/gpfs0/bgu-vilenchi/users/sdolev/Thesis/VLMs/data/affectnet/human_annotated/validation_set/images/1740.jpg,1,happy,0.0,happy,/gpfs0/bgu-vilenchi/users/sdolev/Thesis/VLMs/data/affectnet/human_annotated/validation_set/images/1740.jpg
5174,/gpfs0/bgu-vilenchi/users/sdolev/Thesis/VLMs/data/affectnet/human_annotated/validation_set/images/5174.jpg,1,happy,2.0,neutral,/gpfs0/bgu-vilenchi/users/sdolev/Thesis/VLMs/data/affectnet/human_annotated/validation_set/images/5174.jpg
455,/gpfs0/bgu-vilenchi/users/sdolev/Thesis/VLMs/data/affectnet/human_annotated/validation_set/images/455.jpg,5,disgust,1.0,contempt,/gpfs0/bgu-vilenchi/users/sdolev/Thesis/VLMs/data/affectnet/human_annotated/validation_set/images/455.jpg
5480,/gpfs0/bgu-vilenchi/users/sdolev/Thesis/VLMs/data/affectnet/human_annotated/validation_set/images/5480.jpg,4,fear,2.0,surprise,/gpfs0/bgu-vilenchi/users/sdolev/Thesis/VLMs/data/affectnet/human_annotated/validation_set/images/5480.jpg
4241,/gpfs0/bgu-vilenchi/users/sdolev/Thesis/VLMs/data/affectnet/human_annotated/validation_set/images/4241.jpg,4,fear,0.0,surprise,/gpfs0/bgu-vilenchi/users/sdolev/Thesis/VLMs/data/affectnet/human_annotated/validation_set/images/4241.jpg
1060,/gpfs0/bgu-vilenchi/users/sdolev/Thesis/VLMs/data/affectnet/human_annotated/validation_set/images/1060.jpg,4,fear,0.0,surprise,/gpfs0/bgu-vilenchi/users/sdolev/Thesis/VLMs/data/affectnet/human_annotated/validation_set/images/1060.jpg
3002,/gpfs0/bgu-vilenchi/users/sdolev/Thesis/VLMs/data/affectnet/human_annotated/validation_set/images/3002.jpg,6,angry,2.0,surprise,/gpfs0/bgu-vilenchi/users/sdolev/Thesis/VLMs/data/affectnet/human_annotated/validation_set/images/3002.jpg
1157,/gpfs0/bgu-vilenchi/users/sdolev/Thesis/VLMs/data/affectnet/human_annotated/validation_set/images/1157.jpg,4,fear,0.0,surprise,/gpfs0/bgu-vilenchi/users/sdolev/Thesis/VLMs/data/affectnet/human_annotated/validation_set/images/1157.jpg
4644,/gpfs0/bgu-vilenchi/users/sdolev/Thesis/VLMs/data/affectnet/human_annotated/validation_set/images/4644.jpg,6,angry,0.0,surprise,/gpfs0/bgu-vilenchi/users/sdolev/Thesis/VLMs/data/affectnet/human_annotated/validation_set/images/4644.jpg
1463,/gpfs0/bgu-vilenchi/users/sdolev/Thesis/VLMs/data/affectnet/human_annotated/validation_set/images/1463.jpg,4,fear,0.0,surprise,/gpfs0/bgu-vilenchi/users/sdolev/Thesis/VLMs/data/affectnet/human_annotated/validation_set/images/1463.jpg
4102,/gpfs0/bgu-vilenchi/users/sdolev/Thesis/VLMs/data/affectnet/human_annotated/validation_set/images/4102.jpg,3,surprise,1.0,happy,/gpfs0/bgu-vilenchi/users/sdolev/Thesis/VLMs/data/affectnet/human_annotated/validation_set/images/4102.jpg
3405,/gpfs0/bgu-vilenchi/users/sdolev/Thesis/VLMs/data/affectnet/human_annotated/validation_set/images/3405.jpg,6,angry,0.0,angry,/gpfs0/bgu-vilenchi/users/sdolev/Thesis/VLMs/data/affectnet/human_annotated/validation_set/images/3405.jpg
4505,/gpfs0/bgu-vilenchi/users/sdolev/Thesis/VLMs/data/affectnet/human_annotated/validation_set/images/4505.jpg,1,happy,0.0,happy,/gpfs0/bgu-vilenchi/users/sdolev/Thesis/VLMs/data/affectnet/human_annotated/validation_set/images/4505.jpg
3808,/gpfs0/bgu-vilenchi/users/sdolev/Thesis/VLMs/data/affectnet/human_annotated/validation_set/images/3808.jpg,3,surprise,0.0,neutral,/gpfs0/bgu-vilenchi/users/sdolev/Thesis/VLMs/data/affectnet/human_annotated/validation_set/images/3808.jpg
1324,/gpfs0/bgu-vilenchi/users/sdolev/Thesis/VLMs/data/affectnet/human_annotated/validation_set/images/1324.jpg,5,disgust,0.0,disgust,/gpfs0/bgu-vilenchi/users/sdolev/Thesis/VLMs/data/affectnet/human_annotated/validation_set/images/1324.jpg
4811,/gpfs0/bgu-vilenchi/users/sdolev/Thesis/VLMs/data/affectnet/human_annotated/validation_set/images/4811.jpg,0,neutral,0.0,neutral,/gpfs0/bgu-vilenchi/users/sdolev/Thesis/VLMs/data/affectnet/human_annotated/validation_set/images/4811.jpg
2966,/gpfs0/bgu-vilenchi/users/sdolev/Thesis/VLMs/data/affectnet/human_annotated/validation_set/images/2966.jpg,6,angry,0.0,surprise,/gpfs0/bgu-vilenchi/users/sdolev/Thesis/VLMs/data/affectnet/human_annotated/validation_set/images/2966.jpg
366,/gpfs0/bgu-vilenchi/users/sdolev/Thesis/VLMs/data/affectnet/human_annotated/validation_set/images/366.jpg,5,disgust,0.0,surprise,/gpfs0/bgu-vilenchi/users/sdolev/Thesis/VLMs/data/affectnet/human_annotated/validation_set/images/366.jpg
5064,/gpfs0/bgu-vilenchi/users/sdolev/Thesis/VLMs/data/affectnet/human_annotated/validation_set/images/5064.jpg,2,sad,2.0,neutral,/gpfs0/bgu-vilenchi/users/sdolev/Thesis/VLMs/data/affectnet/human_annotated/validation_set/images/5064.jpg
4908,/gpfs0/bgu-vilenchi/users/sdolev/Thesis/VLMs/data/affectnet/human_annotated/validation_set/images/4908.jpg,2,sad,1.0,sad,/gpfs0/bgu-vilenchi/users/sdolev/Thesis/VLMs/data/affectnet/human_annotated/validation_set/images/4908.jpg
870,/gpfs0/bgu-vilenchi/users/sdolev/Thesis/VLMs/data/affectnet/human_annotated/validation_set/images/870.jpg,6,angry,2.0,neutral,/gpfs0/bgu-vilenchi/users/sdolev/Thesis/VLMs/data/affectnet/human_annotated/validation_set/images/870.jpg
1727,/gpfs0/bgu-vilenchi/users/sdolev/Thesis/VLMs/data/affectnet/human_annotated/validation_set/images/1727.jpg,2,sad,0.0,sad,/gpfs0/bgu-vilenchi/users/sdolev/Thesis/VLMs/data/affectnet/human_annotated/validation_set/images/1727.jpg
2286,/gpfs0/bgu-vilenchi/users/sdolev/Thesis/VLMs/data/affectnet/human_annotated/validation_set/images/2286.jpg,6,angry,0.0,neutral,/gpfs0/bgu-vilenchi/users/sdolev/Thesis/VLMs/data/affectnet/human_annotated/validation_set/images/2286.jpg
4228,/gpfs0/bgu-vilenchi/users/sdolev/Thesis/VLMs/data/affectnet/human_annotated/validation_set/images/4228.jpg,4,fear,2.0,neutral,/gpfs0/bgu-vilenchi/users/sdolev/Thesis/VLMs/data/affectnet/human_annotated/validation_set/images/4228.jpg
5231,/gpfs0/bgu-vilenchi/users/sdolev/Thesis/VLMs/data/affectnet/human_annotated/validation_set/images/5231.jpg,3,surprise,1.0,neutral,/gpfs0/bgu-vilenchi/users/sdolev/Thesis/VLMs/data/affectnet/human_annotated/validation_set/images/5231.jpg
2050,/gpfs0/bgu-vilenchi/users/sdolev/Thesis/VLMs/data/affectnet/human_annotated/validation_set/images/2050.jpg,5,disgust,1.0,surprise,/gpfs0/bgu-vilenchi/users/sdolev/Thesis/VLMs/data/affectnet/human_annotated/validation_set/images/2050.jpg
2689,/gpfs0/bgu-vilenchi/users/sdolev/Thesis/VLMs/data/affectnet/human_annotated/validation_set/images/2689.jpg,0,neutral,2.0,neutral,/gpfs0/bgu-vilenchi/users/sdolev/Thesis/VLMs/data/affectnet/human_annotated/validation_set/images/2689.jpg
3692,/gpfs0/bgu-vilenchi/users/sdolev/Thesis/VLMs/data/affectnet/human_annotated/validation_set/images/3692.jpg,3,surprise,1.0,surprise,/gpfs0/bgu-vilenchi/users/sdolev/Thesis/VLMs/data/affectnet/human_annotated/validation_set/images/3692.jpg
380,/gpfs0/bgu-vilenchi/users/sdolev/Thesis/VLMs/data/affectnet/human_annotated/validation_set/images/380.jpg,6,angry,1.0,angry,/gpfs0/bgu-vilenchi/users/sdolev/Thesis/VLMs/data/affectnet/human_annotated/validation_set/images/380.jpg
1214,/gpfs0/bgu-vilenchi/users/sdolev/Thesis/VLMs/data/affectnet/human_annotated/validation_set/images/1214.jpg,2,sad,0.0,sad,/gpfs0/bgu-vilenchi/users/sdolev/Thesis/VLMs/data/affectnet/human_annotated/validation_set/images/1214.jpg
4701,/gpfs0/bgu-vilenchi/users/sdolev/Thesis/VLMs/data/affectnet/human_annotated/validation_set/images/4701.jpg,2,sad,1.0,neutral,/gpfs0/bgu-vilenchi/users/sdolev/Thesis/VLMs/data/affectnet/human_annotated/validation_set/images/4701.jpg
781,/gpfs0/bgu-vilenchi/users/sdolev/Thesis/VLMs/data/affectnet/human_annotated/validation_set/images/781.jpg,7,contempt,1.0,neutral,/gpfs0/bgu-vilenchi/users/sdolev/Thesis/VLMs/data/affectnet/human_annotated/validation_set/images/781.jpg
678,/gpfs0/bgu-vilenchi/users/sdolev/Thesis/VLMs/data/affectnet/human_annotated/validation_set/images/678.jpg,7,contempt,2.0,happy,/gpfs0/bgu-vilenchi/users/sdolev/Thesis/VLMs/data/affectnet/human_annotated/validation_set/images/678.jpg
1617,/gpfs0/bgu-vilenchi/users/sdolev/Thesis/VLMs/data/affectnet/human_annotated/validation_set/images/1617.jpg,7,contempt,1.0,happy,/gpfs0/bgu-vilenchi/users/sdolev/Thesis/VLMs/data/affectnet/human_annotated/validation_set/images/1617.jpg
2620,/gpfs0/bgu-vilenchi/users/sdolev/Thesis/VLMs/data/affectnet/human_annotated/validation_set/images/2620.jpg,6,angry,1.0,neutral,/gpfs0/bgu-vilenchi/users/sdolev/Thesis/VLMs/data/affectnet/human_annotated/validation_set/images/2620.jpg
2176,/gpfs0/bgu-vilenchi/users/sdolev/Thesis/VLMs/data/affectnet/human_annotated/validation_set/images/2176.jpg,5,disgust,1.0,neutral,/gpfs0/bgu-vilenchi/users/sdolev/Thesis/VLMs/data/affectnet/human_annotated/validation_set/images/2176.jpg
4118,/gpfs0/bgu-vilenchi/users/sdolev/Thesis/VLMs/data/affectnet/human_annotated/validation_set/images/4118.jpg,7,contempt,2.0,neutral,/gpfs0/bgu-vilenchi/users/sdolev/Thesis/VLMs/data/affectnet/human_annotated/validation_set/images/4118.jpg
5121,/gpfs0/bgu-vilenchi/users/sdolev/Thesis/VLMs/data/affectnet/human_annotated/validation_set/images/5121.jpg,4,fear,2.0,surprise,/gpfs0/bgu-vilenchi/users/sdolev/Thesis/VLMs/data/affectnet/human_annotated/validation_set/images/5121.jpg
2579,/gpfs0/bgu-vilenchi/users/sdolev/Thesis/VLMs/data/affectnet/human_annotated/validation_set/images/2579.jpg,3,surprise,0.0,surprise,/gpfs0/bgu-vilenchi/users/sdolev/Thesis/VLMs/data/affectnet/human_annotated/validation_set/images/2579.jpg
2343,/gpfs0/bgu-vilenchi/users/sdolev/Thesis/VLMs/data/affectnet/human_annotated/validation_set/images/2343.jpg,0,neutral,0.0,neutral,/gpfs0/bgu-vilenchi/users/sdolev/Thesis/VLMs/data/affectnet/human_annotated/validation_set/images/2343.jpg
154,/gpfs0/bgu-vilenchi/users/sdolev/Thesis/VLMs/data/affectnet/human_annotated/validation_set/images/154.jpg,1,happy,0.0,happy,/gpfs0/bgu-vilenchi/users/sdolev/Thesis/VLMs/data/affectnet/human_annotated/validation_set/images/154.jpg
3985,/gpfs0/bgu-vilenchi/users/sdolev/Thesis/VLMs/data/affectnet/human_annotated/validation_set/images/3985.jpg,3,surprise,0.0,surprise,/gpfs0/bgu-vilenchi/users/sdolev/Thesis/VLMs/data/affectnet/human_annotated/validation_set/images/3985.jpg
291,/gpfs0/bgu-vilenchi/users/sdolev/Thesis/VLMs/data/affectnet/human_annotated/validation_set/images/291.jpg,3,surprise,1.0,surprise,/gpfs0/bgu-vilenchi/users/sdolev/Thesis/VLMs/data/affectnet/human_annotated/validation_set/images/291.jpg
692,/gpfs0/bgu-vilenchi/users/sdolev/Thesis/VLMs/data/affectnet/human_annotated/validation_set/images/692.jpg,3,surprise,0.0,surprise,/gpfs0/bgu-vilenchi/users/sdolev/Thesis/VLMs/data/affectnet/human_annotated/validation_set/images/692.jpg
2746,/gpfs0/bgu-vilenchi/users/sdolev/Thesis/VLMs/data/affectnet/human_annotated/validation_set/images/2746.jpg,1,happy,0.0,happy,/gpfs0/bgu-vilenchi/users/sdolev/Thesis/VLMs/data/affectnet/human_annotated/validation_set/images/2746.jpg
1507,/gpfs0/bgu-vilenchi/users/sdolev/Thesis/VLMs/data/affectnet/human_annotated/validation_set/images/1507.jpg,4,fear,2.0,surprise,/gpfs0/bgu-vilenchi/users/sdolev/Thesis/VLMs/data/affectnet/human_annotated/validation_set/images/1507.jpg
5011,/gpfs0/bgu-vilenchi/users/sdolev/Thesis/VLMs/data/affectnet/human_annotated/validation_set/images/5011.jpg,3,surprise,2.0,happy,/gpfs0/bgu-vilenchi/users/sdolev/Thesis/VLMs/data/affectnet/human_annotated/validation_set/images/5011.jpg
3166,/gpfs0/bgu-vilenchi/users/sdolev/Thesis/VLMs/data/affectnet/human_annotated/validation_set/images/3166.jpg,2,sad,1.0,neutral,/gpfs0/bgu-vilenchi/users/sdolev/Thesis/VLMs/data/affectnet/human_annotated/validation_set/images/3166.jpg
3472,/gpfs0/bgu-vilenchi/users/sdolev/Thesis/VLMs/data/affectnet/human_annotated/validation_set/images/3472.jpg,1,happy,0.0,happy,/gpfs0/bgu-vilenchi/users/sdolev/Thesis/VLMs/data/affectnet/human_annotated/validation_set/images/3472.jpg
5108,/gpfs0/bgu-vilenchi/users/sdolev/Thesis/VLMs/data/affectnet/human_annotated/validation_set/images/5108.jpg,3,surprise,0.0,neutral,/gpfs0/bgu-vilenchi/users/sdolev/Thesis/VLMs/data/affectnet/human_annotated/validation_set/images/5108.jpg
5414,/gpfs0/bgu-vilenchi/users/sdolev/Thesis/VLMs/data/affectnet/human_annotated/validation_set/images/5414.jpg,1,happy,0.0,happy,/gpfs0/bgu-vilenchi/users/sdolev/Thesis/VLMs/data/affectnet/human_annotated/validation_set/images/5414.jpg
2233,/gpfs0/bgu-vilenchi/users/sdolev/Thesis/VLMs/data/affectnet/human_annotated/validation_set/images/2233.jpg,4,fear,1.0,surprise,/gpfs0/bgu-vilenchi/users/sdolev/Thesis/VLMs/data/affectnet/human_annotated/validation_set/images/2233.jpg
3875,/gpfs0/bgu-vilenchi/users/sdolev/Thesis/VLMs/data/affectnet/human_annotated/validation_set/images/3875.jpg,4,fear,1.0,neutral,/gpfs0/bgu-vilenchi/users/sdolev/Thesis/VLMs/data/affectnet/human_annotated/validation_set/images/3875.jpg
466,/gpfs0/bgu-vilenchi/users/sdolev/Thesis/VLMs/data/affectnet/human_annotated/validation_set/images/466.jpg,5,disgust,1.0,disgust,/gpfs0/bgu-vilenchi/users/sdolev/Thesis/VLMs/data/affectnet/human_annotated/validation_set/images/466.jpg
3333,/gpfs0/bgu-vilenchi/users/sdolev/Thesis/VLMs/data/affectnet/human_annotated/validation_set/images/3333.jpg,0,neutral,0.0,neutral,/gpfs0/bgu-vilenchi/users/sdolev/Thesis/VLMs/data/affectnet/human_annotated/validation_set/images/3333.jpg
2636,/gpfs0/bgu-vilenchi/users/sdolev/Thesis/VLMs/data/affectnet/human_annotated/validation_set/images/2636.jpg,7,contempt,2.0,neutral,/gpfs0/bgu-vilenchi/users/sdolev/Thesis/VLMs/data/affectnet/human_annotated/validation_set/images/2636.jpg
601,/gpfs0/bgu-vilenchi/users/sdolev/Thesis/VLMs/data/affectnet/human_annotated/validation_set/images/601.jpg,5,disgust,2.0,neutral,/gpfs0/bgu-vilenchi/users/sdolev/Thesis/VLMs/data/affectnet/human_annotated/validation_set/images/601.jpg
2400,/gpfs0/bgu-vilenchi/users/sdolev/Thesis/VLMs/data/affectnet/human_annotated/validation_set/images/2400.jpg,4,fear,0.0,surprise,/gpfs0/bgu-vilenchi/users/sdolev/Thesis/VLMs/data/affectnet/human_annotated/validation_set/images/2400.jpg
3056,/gpfs0/bgu-vilenchi/users/sdolev/Thesis/VLMs/data/affectnet/human_annotated/validation_set/images/3056.jpg,7,contempt,1.0,neutral,/gpfs0/bgu-vilenchi/users/sdolev/Thesis/VLMs/data/affectnet/human_annotated/validation_set/images/3056.jpg
4698,/gpfs0/bgu-vilenchi/users/sdolev/Thesis/VLMs/data/affectnet/human_annotated/validation_set/images/4698.jpg,3,surprise,2.0,surprise,/gpfs0/bgu-vilenchi/users/sdolev/Thesis/VLMs/data/affectnet/human_annotated/validation_set/images/4698.jpg
3459,/gpfs0/bgu-vilenchi/users/sdolev/Thesis/VLMs/data/affectnet/human_annotated/validation_set/images/3459.jpg,0,neutral,1.0,angry,/gpfs0/bgu-vilenchi/users/sdolev/Thesis/VLMs/data/affectnet/human_annotated/validation_set/images/3459.jpg
4462,/gpfs0/bgu-vilenchi/users/sdolev/Thesis/VLMs/data/affectnet/human_annotated/validation_set/images/4462.jpg,7,contempt,2.0,happy,/gpfs0/bgu-vilenchi/users/sdolev/Thesis/VLMs/data/affectnet/human_annotated/validation_set/images/4462.jpg
377,/gpfs0/bgu-vilenchi/users/sdolev/Thesis/VLMs/data/affectnet/human_annotated/validation_set/images/377.jpg,1,happy,0.0,happy,/gpfs0/bgu-vilenchi/users/sdolev/Thesis/VLMs/data/affectnet/human_annotated/validation_set/images/377.jpg
1281,/gpfs0/bgu-vilenchi/users/sdolev/Thesis/VLMs/data/affectnet/human_annotated/validation_set/images/1281.jpg,1,happy,2.0,happy,/gpfs0/bgu-vilenchi/users/sdolev/Thesis/VLMs/data/affectnet/human_annotated/validation_set/images/1281.jpg
3223,/gpfs0/bgu-vilenchi/users/sdolev/Thesis/VLMs/data/affectnet/human_annotated/validation_set/images/3223.jpg,2,sad,1.0,neutral,/gpfs0/bgu-vilenchi/users/sdolev/Thesis/VLMs/data/affectnet/human_annotated/validation_set/images/3223.jpg
4865,/gpfs0/bgu-vilenchi/users/sdolev/Thesis/VLMs/data/affectnet/human_annotated/validation_set/images/4865.jpg,3,surprise,2.0,neutral,/gpfs0/bgu-vilenchi/users/sdolev/Thesis/VLMs/data/affectnet/human_annotated/validation_set/images/4865.jpg
1990,/gpfs0/bgu-vilenchi/users/sdolev/Thesis/VLMs/data/affectnet/human_annotated/validation_set/images/1990.jpg,0,neutral,0.0,neutral,/gpfs0/bgu-vilenchi/users/sdolev/Thesis/VLMs/data/affectnet/human_annotated/validation_set/images/1990.jpg
3932,/gpfs0/bgu-vilenchi/users/sdolev/Thesis/VLMs/data/affectnet/human_annotated/validation_set/images/3932.jpg,2,sad,2.0,neutral,/gpfs0/bgu-vilenchi/users/sdolev/Thesis/VLMs/data/affectnet/human_annotated/validation_set/images/3932.jpg
4185,/gpfs0/bgu-vilenchi/users/sdolev/Thesis/VLMs/data/affectnet/human_annotated/validation_set/images/4185.jpg,5,disgust,1.0,angry,/gpfs0/bgu-vilenchi/users/sdolev/Thesis/VLMs/data/affectnet/human_annotated/validation_set/images/4185.jpg
1851,/gpfs0/bgu-vilenchi/users/sdolev/Thesis/VLMs/data/affectnet/human_annotated/validation_set/images/1851.jpg,0,neutral,0.0,neutral,/gpfs0/bgu-vilenchi/users/sdolev/Thesis/VLMs/data/affectnet/human_annotated/validation_set/images/1851.jpg
391,/gpfs0/bgu-vilenchi/users/sdolev/Thesis/VLMs/data/affectnet/human_annotated/validation_set/images/391.jpg,3,surprise,1.0,happy,/gpfs0/bgu-vilenchi/users/sdolev/Thesis/VLMs/data/affectnet/human_annotated/validation_set/images/391.jpg
288,/gpfs0/bgu-vilenchi/users/sdolev/Thesis/VLMs/data/affectnet/human_annotated/validation_set/images/288.jpg,7,contempt,1.0,neutral,/gpfs0/bgu-vilenchi/users/sdolev/Thesis/VLMs/data/affectnet/human_annotated/validation_set/images/288.jpg
3349,/gpfs0/bgu-vilenchi/users/sdolev/Thesis/VLMs/data/affectnet/human_annotated/validation_set/images/3349.jpg,6,angry,1.0,happy,/gpfs0/bgu-vilenchi/users/sdolev/Thesis/VLMs/data/affectnet/human_annotated/validation_set/images/3349.jpg
4352,/gpfs0/bgu-vilenchi/users/sdolev/Thesis/VLMs/data/affectnet/human_annotated/validation_set/images/4352.jpg,1,happy,0.0,happy,/gpfs0/bgu-vilenchi/users/sdolev/Thesis/VLMs/data/affectnet/human_annotated/validation_set/images/4352.jpg
1171,/gpfs0/bgu-vilenchi/users/sdolev/Thesis/VLMs/data/affectnet/human_annotated/validation_set/images/1171.jpg,1,happy,0.0,happy,/gpfs0/bgu-vilenchi/users/sdolev/Thesis/VLMs/data/affectnet/human_annotated/validation_set/images/1171.jpg
689,/gpfs0/bgu-vilenchi/users/sdolev/Thesis/VLMs/data/affectnet/human_annotated/validation_set/images/689.jpg,0,neutral,1.0,neutral,/gpfs0/bgu-vilenchi/users/sdolev/Thesis/VLMs/data/affectnet/human_annotated/validation_set/images/689.jpg
1268,/gpfs0/bgu-vilenchi/users/sdolev/Thesis/VLMs/data/affectnet/human_annotated/validation_set/images/1268.jpg,4,fear,2.0,surprise,/gpfs0/bgu-vilenchi/users/sdolev/Thesis/VLMs/data/affectnet/human_annotated/validation_set/images/1268.jpg
4755,/gpfs0/bgu-vilenchi/users/sdolev/Thesis/VLMs/data/affectnet/human_annotated/validation_set/images/4755.jpg,5,disgust,1.0,angry,/gpfs0/bgu-vilenchi/users/sdolev/Thesis/VLMs/data/affectnet/human_annotated/validation_set/images/4755.jpg
824,/gpfs0/bgu-vilenchi/users/sdolev/Thesis/VLMs/data/affectnet/human_annotated/validation_set/images/824.jpg,2,sad,0.0,sad,/gpfs0/bgu-vilenchi/users/sdolev/Thesis/VLMs/data/affectnet/human_annotated/validation_set/images/824.jpg
2980,/gpfs0/bgu-vilenchi/users/sdolev/Thesis/VLMs/data/affectnet/human_annotated/validation_set/images/2980.jpg,2,sad,1.0,neutral,/gpfs0/bgu-vilenchi/users/sdolev/Thesis/VLMs/data/affectnet/human_annotated/validation_set/images/2980.jpg
5175,/gpfs0/bgu-vilenchi/users/sdolev/Thesis/VLMs/data/affectnet/human_annotated/validation_set/images/5175.jpg,3,surprise,2.0,neutral,/gpfs0/bgu-vilenchi/users/sdolev/Thesis/VLMs/data/affectnet/human_annotated/validation_set/images/5175.jpg
5481,/gpfs0/bgu-vilenchi/users/sdolev/Thesis/VLMs/data/affectnet/human_annotated/validation_set/images/5481.jpg,2,sad,0.0,sad,/gpfs0/bgu-vilenchi/users/sdolev/Thesis/VLMs/data/affectnet/human_annotated/validation_set/images/5481.jpg
199,/gpfs0/bgu-vilenchi/users/sdolev/Thesis/VLMs/data/affectnet/human_annotated/validation_set/images/199.jpg,6,angry,2.0,neutral,/gpfs0/bgu-vilenchi/users/sdolev/Thesis/VLMs/data/affectnet/human_annotated/validation_set/images/199.jpg
300,/gpfs0/bgu-vilenchi/users/sdolev/Thesis/VLMs/data/affectnet/human_annotated/validation_set/images/300.jpg,5,disgust,0.0,neutral,/gpfs0/bgu-vilenchi/users/sdolev/Thesis/VLMs/data/affectnet/human_annotated/validation_set/images/300.jpg
1061,/gpfs0/bgu-vilenchi/users/sdolev/Thesis/VLMs/data/affectnet/human_annotated/validation_set/images/1061.jpg,2,sad,2.0,surprise,/gpfs0/bgu-vilenchi/users/sdolev/Thesis/VLMs/data/affectnet/human_annotated/validation_set/images/1061.jpg
4339,/gpfs0/bgu-vilenchi/users/sdolev/Thesis/VLMs/data/affectnet/human_annotated/validation_set/images/4339.jpg,7,contempt,1.0,happy,/gpfs0/bgu-vilenchi/users/sdolev/Thesis/VLMs/data/affectnet/human_annotated/validation_set/images/4339.jpg
2161,/gpfs0/bgu-vilenchi/users/sdolev/Thesis/VLMs/data/affectnet/human_annotated/validation_set/images/2161.jpg,3,surprise,0.0,surprise,/gpfs0/bgu-vilenchi/users/sdolev/Thesis/VLMs/data/affectnet/human_annotated/validation_set/images/2161.jpg
1464,/gpfs0/bgu-vilenchi/users/sdolev/Thesis/VLMs/data/affectnet/human_annotated/validation_set/images/1464.jpg,1,happy,1.0,neutral,/gpfs0/bgu-vilenchi/users/sdolev/Thesis/VLMs/data/affectnet/human_annotated/validation_set/images/1464.jpg
3406,/gpfs0/bgu-vilenchi/users/sdolev/Thesis/VLMs/data/affectnet/human_annotated/validation_set/images/3406.jpg,6,angry,0.0,angry,/gpfs0/bgu-vilenchi/users/sdolev/Thesis/VLMs/data/affectnet/human_annotated/validation_set/images/3406.jpg
2564,/gpfs0/bgu-vilenchi/users/sdolev/Thesis/VLMs/data/affectnet/human_annotated/validation_set/images/2564.jpg,1,happy,0.0,neutral,/gpfs0/bgu-vilenchi/users/sdolev/Thesis/VLMs/data/affectnet/human_annotated/validation_set/images/2564.jpg
1867,/gpfs0/bgu-vilenchi/users/sdolev/Thesis/VLMs/data/affectnet/human_annotated/validation_set/images/1867.jpg,0,neutral,0.0,neutral,/gpfs0/bgu-vilenchi/users/sdolev/Thesis/VLMs/data/affectnet/human_annotated/validation_set/images/1867.jpg
2870,/gpfs0/bgu-vilenchi/users/sdolev/Thesis/VLMs/data/affectnet/human_annotated/validation_set/images/2870.jpg,3,surprise,1.0,happy,/gpfs0/bgu-vilenchi/users/sdolev/Thesis/VLMs/data/affectnet/human_annotated/validation_set/images/2870.jpg
4506,/gpfs0/bgu-vilenchi/users/sdolev/Thesis/VLMs/data/affectnet/human_annotated/validation_set/images/4506.jpg,7,contempt,1.0,happy,/gpfs0/bgu-vilenchi/users/sdolev/Thesis/VLMs/data/affectnet/human_annotated/validation_set/images/4506.jpg
2967,/gpfs0/bgu-vilenchi/users/sdolev/Thesis/VLMs/data/affectnet/human_annotated/validation_set/images/2967.jpg,2,sad,2.0,neutral,/gpfs0/bgu-vilenchi/users/sdolev/Thesis/VLMs/data/affectnet/human_annotated/validation_set/images/2967.jpg
1631,/gpfs0/bgu-vilenchi/users/sdolev/Thesis/VLMs/data/affectnet/human_annotated/validation_set/images/1631.jpg,4,fear,2.0,angry,/gpfs0/bgu-vilenchi/users/sdolev/Thesis/VLMs/data/affectnet/human_annotated/validation_set/images/1631.jpg
1728,/gpfs0/bgu-vilenchi/users/sdolev/Thesis/VLMs/data/affectnet/human_annotated/validation_set/images/1728.jpg,2,sad,1.0,sad,/gpfs0/bgu-vilenchi/users/sdolev/Thesis/VLMs/data/affectnet/human_annotated/validation_set/images/1728.jpg
5468,/gpfs0/bgu-vilenchi/users/sdolev/Thesis/VLMs/data/affectnet/human_annotated/validation_set/images/5468.jpg,5,disgust,1.0,surprise,/gpfs0/bgu-vilenchi/users/sdolev/Thesis/VLMs/data/affectnet/human_annotated/validation_set/images/5468.jpg
612,/gpfs0/bgu-vilenchi/users/sdolev/Thesis/VLMs/data/affectnet/human_annotated/validation_set/images/612.jpg,3,surprise,0.0,neutral,/gpfs0/bgu-vilenchi/users/sdolev/Thesis/VLMs/data/affectnet/human_annotated/validation_set/images/612.jpg
2287,/gpfs0/bgu-vilenchi/users/sdolev/Thesis/VLMs/data/affectnet/human_annotated/validation_set/images/2287.jpg,3,surprise,1.0,neutral,/gpfs0/bgu-vilenchi/users/sdolev/Thesis/VLMs/data/affectnet/human_annotated/validation_set/images/2287.jpg
509,/gpfs0/bgu-vilenchi/users/sdolev/Thesis/VLMs/data/affectnet/human_annotated/validation_set/images/509.jpg,0,neutral,0.0,neutral,/gpfs0/bgu-vilenchi/users/sdolev/Thesis/VLMs/data/affectnet/human_annotated/validation_set/images/509.jpg
4229,/gpfs0/bgu-vilenchi/users/sdolev/Thesis/VLMs/data/affectnet/human_annotated/validation_set/images/4229.jpg,6,angry,2.0,neutral,/gpfs0/bgu-vilenchi/users/sdolev/Thesis/VLMs/data/affectnet/human_annotated/validation_set/images/4229.jpg
5232,/gpfs0/bgu-vilenchi/users/sdolev/Thesis/VLMs/data/affectnet/human_annotated/validation_set/images/5232.jpg,4,fear,1.0,surprise,/gpfs0/bgu-vilenchi/users/sdolev/Thesis/VLMs/data/affectnet/human_annotated/validation_set/images/5232.jpg
1048,/gpfs0/bgu-vilenchi/users/sdolev/Thesis/VLMs/data/affectnet/human_annotated/validation_set/images/1048.jpg,4,fear,2.0,surprise,/gpfs0/bgu-vilenchi/users/sdolev/Thesis/VLMs/data/affectnet/human_annotated/validation_set/images/1048.jpg
3693,/gpfs0/bgu-vilenchi/users/sdolev/Thesis/VLMs/data/affectnet/human_annotated/validation_set/images/3693.jpg,3,surprise,0.0,surprise,/gpfs0/bgu-vilenchi/users/sdolev/Thesis/VLMs/data/affectnet/human_annotated/validation_set/images/3693.jpg
2454,/gpfs0/bgu-vilenchi/users/sdolev/Thesis/VLMs/data/affectnet/human_annotated/validation_set/images/2454.jpg,7,contempt,2.0,neutral,/gpfs0/bgu-vilenchi/users/sdolev/Thesis/VLMs/data/affectnet/human_annotated/validation_set/images/2454.jpg
1215,/gpfs0/bgu-vilenchi/users/sdolev/Thesis/VLMs/data/affectnet/human_annotated/validation_set/images/1215.jpg,5,disgust,0.0,happy,/gpfs0/bgu-vilenchi/users/sdolev/Thesis/VLMs/data/affectnet/human_annotated/validation_set/images/1215.jpg
4702,/gpfs0/bgu-vilenchi/users/sdolev/Thesis/VLMs/data/affectnet/human_annotated/validation_set/images/4702.jpg,2,sad,1.0,neutral,/gpfs0/bgu-vilenchi/users/sdolev/Thesis/VLMs/data/affectnet/human_annotated/validation_set/images/4702.jpg
122,/gpfs0/bgu-vilenchi/users/sdolev/Thesis/VLMs/data/affectnet/human_annotated/validation_set/images/122.jpg,1,happy,0.0,happy,/gpfs0/bgu-vilenchi/users/sdolev/Thesis/VLMs/data/affectnet/human_annotated/validation_set/images/122.jpg
1618,/gpfs0/bgu-vilenchi/users/sdolev/Thesis/VLMs/data/affectnet/human_annotated/validation_set/images/1618.jpg,1,happy,0.0,happy,/gpfs0/bgu-vilenchi/users/sdolev/Thesis/VLMs/data/affectnet/human_annotated/validation_set/images/1618.jpg
2621,/gpfs0/bgu-vilenchi/users/sdolev/Thesis/VLMs/data/affectnet/human_annotated/validation_set/images/2621.jpg,7,contempt,1.0,happy,/gpfs0/bgu-vilenchi/users/sdolev/Thesis/VLMs/data/affectnet/human_annotated/validation_set/images/2621.jpg
523,/gpfs0/bgu-vilenchi/users/sdolev/Thesis/VLMs/data/affectnet/human_annotated/validation_set/images/523.jpg,1,happy,0.0,happy,/gpfs0/bgu-vilenchi/users/sdolev/Thesis/VLMs/data/affectnet/human_annotated/validation_set/images/523.jpg
5358,/gpfs0/bgu-vilenchi/users/sdolev/Thesis/VLMs/data/affectnet/human_annotated/validation_set/images/5358.jpg,2,sad,0.0,sad,/gpfs0/bgu-vilenchi/users/sdolev/Thesis/VLMs/data/affectnet/human_annotated/validation_set/images/5358.jpg
2177,/gpfs0/bgu-vilenchi/users/sdolev/Thesis/VLMs/data/affectnet/human_annotated/validation_set/images/2177.jpg,1,happy,0.0,happy,/gpfs0/bgu-vilenchi/users/sdolev/Thesis/VLMs/data/affectnet/human_annotated/validation_set/images/2177.jpg
5122,/gpfs0/bgu-vilenchi/users/sdolev/Thesis/VLMs/data/affectnet/human_annotated/validation_set/images/5122.jpg,3,surprise,2.0,happy,/gpfs0/bgu-vilenchi/users/sdolev/Thesis/VLMs/data/affectnet/human_annotated/validation_set/images/5122.jpg
3583,/gpfs0/bgu-vilenchi/users/sdolev/Thesis/VLMs/data/affectnet/human_annotated/validation_set/images/3583.jpg,4,fear,1.0,surprise,/gpfs0/bgu-vilenchi/users/sdolev/Thesis/VLMs/data/affectnet/human_annotated/validation_set/images/3583.jpg
2038,/gpfs0/bgu-vilenchi/users/sdolev/Thesis/VLMs/data/affectnet/human_annotated/validation_set/images/2038.jpg,5,disgust,1.0,surprise,/gpfs0/bgu-vilenchi/users/sdolev/Thesis/VLMs/data/affectnet/human_annotated/validation_set/images/2038.jpg
3986,/gpfs0/bgu-vilenchi/users/sdolev/Thesis/VLMs/data/affectnet/human_annotated/validation_set/images/3986.jpg,6,angry,2.0,neutral,/gpfs0/bgu-vilenchi/users/sdolev/Thesis/VLMs/data/affectnet/human_annotated/validation_set/images/3986.jpg
1105,/gpfs0/bgu-vilenchi/users/sdolev/Thesis/VLMs/data/affectnet/human_annotated/validation_set/images/1105.jpg,7,contempt,0.0,happy,/gpfs0/bgu-vilenchi/users/sdolev/Thesis/VLMs/data/affectnet/human_annotated/validation_set/images/1105.jpg
2747,/gpfs0/bgu-vilenchi/users/sdolev/Thesis/VLMs/data/affectnet/human_annotated/validation_set/images/2747.jpg,2,sad,1.0,sad,/gpfs0/bgu-vilenchi/users/sdolev/Thesis/VLMs/data/affectnet/human_annotated/validation_set/images/2747.jpg
434,/gpfs0/bgu-vilenchi/users/sdolev/Thesis/VLMs/data/affectnet/human_annotated/validation_set/images/434.jpg,5,disgust,1.0,happy,/gpfs0/bgu-vilenchi/users/sdolev/Thesis/VLMs/data/affectnet/human_annotated/validation_set/images/434.jpg
2511,/gpfs0/bgu-vilenchi/users/sdolev/Thesis/VLMs/data/affectnet/human_annotated/validation_set/images/2511.jpg,4,fear,1.0,sad,/gpfs0/bgu-vilenchi/users/sdolev/Thesis/VLMs/data/affectnet/human_annotated/validation_set/images/2511.jpg
835,/gpfs0/bgu-vilenchi/users/sdolev/Thesis/VLMs/data/affectnet/human_annotated/validation_set/images/835.jpg,3,surprise,2.0,neutral,/gpfs0/bgu-vilenchi/users/sdolev/Thesis/VLMs/data/affectnet/human_annotated/validation_set/images/835.jpg
972,/gpfs0/bgu-vilenchi/users/sdolev/Thesis/VLMs/data/affectnet/human_annotated/validation_set/images/972.jpg,1,happy,0.0,happy,/gpfs0/bgu-vilenchi/users/sdolev/Thesis/VLMs/data/affectnet/human_annotated/validation_set/images/972.jpg
5012,/gpfs0/bgu-vilenchi/users/sdolev/Thesis/VLMs/data/affectnet/human_annotated/validation_set/images/5012.jpg,4,fear,0.0,surprise,/gpfs0/bgu-vilenchi/users/sdolev/Thesis/VLMs/data/affectnet/human_annotated/validation_set/images/5012.jpg
3167,/gpfs0/bgu-vilenchi/users/sdolev/Thesis/VLMs/data/affectnet/human_annotated/validation_set/images/3167.jpg,3,surprise,2.0,happy,/gpfs0/bgu-vilenchi/users/sdolev/Thesis/VLMs/data/affectnet/human_annotated/validation_set/images/3167.jpg
3473,/gpfs0/bgu-vilenchi/users/sdolev/Thesis/VLMs/data/affectnet/human_annotated/validation_set/images/3473.jpg,0,neutral,0.0,neutral,/gpfs0/bgu-vilenchi/users/sdolev/Thesis/VLMs/data/affectnet/human_annotated/validation_set/images/3473.jpg
5109,/gpfs0/bgu-vilenchi/users/sdolev/Thesis/VLMs/data/affectnet/human_annotated/validation_set/images/5109.jpg,6,angry,1.0,angry,/gpfs0/bgu-vilenchi/users/sdolev/Thesis/VLMs/data/affectnet/human_annotated/validation_set/images/5109.jpg
5415,/gpfs0/bgu-vilenchi/users/sdolev/Thesis/VLMs/data/affectnet/human_annotated/validation_set/images/5415.jpg,4,fear,2.0,surprise,/gpfs0/bgu-vilenchi/users/sdolev/Thesis/VLMs/data/affectnet/human_annotated/validation_set/images/5415.jpg
3876,/gpfs0/bgu-vilenchi/users/sdolev/Thesis/VLMs/data/affectnet/human_annotated/validation_set/images/3876.jpg,3,surprise,2.0,surprise,/gpfs0/bgu-vilenchi/users/sdolev/Thesis/VLMs/data/affectnet/human_annotated/validation_set/images/3876.jpg
3334,/gpfs0/bgu-vilenchi/users/sdolev/Thesis/VLMs/data/affectnet/human_annotated/validation_set/images/3334.jpg,5,disgust,1.0,angry,/gpfs0/bgu-vilenchi/users/sdolev/Thesis/VLMs/data/affectnet/human_annotated/validation_set/images/3334.jpg
2637,/gpfs0/bgu-vilenchi/users/sdolev/Thesis/VLMs/data/affectnet/human_annotated/validation_set/images/2637.jpg,3,surprise,0.0,neutral,/gpfs0/bgu-vilenchi/users/sdolev/Thesis/VLMs/data/affectnet/human_annotated/validation_set/images/2637.jpg
746,/gpfs0/bgu-vilenchi/users/sdolev/Thesis/VLMs/data/affectnet/human_annotated/validation_set/images/746.jpg,4,fear,1.0,surprise,/gpfs0/bgu-vilenchi/users/sdolev/Thesis/VLMs/data/affectnet/human_annotated/validation_set/images/746.jpg
4296,/gpfs0/bgu-vilenchi/users/sdolev/Thesis/VLMs/data/affectnet/human_annotated/validation_set/images/4296.jpg,1,happy,0.0,happy,/gpfs0/bgu-vilenchi/users/sdolev/Thesis/VLMs/data/affectnet/human_annotated/validation_set/images/4296.jpg
2804,/gpfs0/bgu-vilenchi/users/sdolev/Thesis/VLMs/data/affectnet/human_annotated/validation_set/images/2804.jpg,7,contempt,0.0,neutral,/gpfs0/bgu-vilenchi/users/sdolev/Thesis/VLMs/data/affectnet/human_annotated/validation_set/images/2804.jpg
4060,/gpfs0/bgu-vilenchi/users/sdolev/Thesis/VLMs/data/affectnet/human_annotated/validation_set/images/4060.jpg,4,fear,2.0,surprise,/gpfs0/bgu-vilenchi/users/sdolev/Thesis/VLMs/data/affectnet/human_annotated/validation_set/images/4060.jpg
4699,/gpfs0/bgu-vilenchi/users/sdolev/Thesis/VLMs/data/affectnet/human_annotated/validation_set/images/4699.jpg,6,angry,2.0,neutral,/gpfs0/bgu-vilenchi/users/sdolev/Thesis/VLMs/data/affectnet/human_annotated/validation_set/images/4699.jpg
4463,/gpfs0/bgu-vilenchi/users/sdolev/Thesis/VLMs/data/affectnet/human_annotated/validation_set/images/4463.jpg,3,surprise,2.0,neutral,/gpfs0/bgu-vilenchi/users/sdolev/Thesis/VLMs/data/affectnet/human_annotated/validation_set/images/4463.jpg
1282,/gpfs0/bgu-vilenchi/users/sdolev/Thesis/VLMs/data/affectnet/human_annotated/validation_set/images/1282.jpg,0,neutral,0.0,neutral,/gpfs0/bgu-vilenchi/users/sdolev/Thesis/VLMs/data/affectnet/human_annotated/validation_set/images/1282.jpg
3224,/gpfs0/bgu-vilenchi/users/sdolev/Thesis/VLMs/data/affectnet/human_annotated/validation_set/images/3224.jpg,4,fear,2.0,surprise,/gpfs0/bgu-vilenchi/users/sdolev/Thesis/VLMs/data/affectnet/human_annotated/validation_set/images/3224.jpg
4866,/gpfs0/bgu-vilenchi/users/sdolev/Thesis/VLMs/data/affectnet/human_annotated/validation_set/images/4866.jpg,7,contempt,1.0,neutral,/gpfs0/bgu-vilenchi/users/sdolev/Thesis/VLMs/data/affectnet/human_annotated/validation_set/images/4866.jpg
119,/gpfs0/bgu-vilenchi/users/sdolev/Thesis/VLMs/data/affectnet/human_annotated/validation_set/images/119.jpg,0,neutral,1.0,neutral,/gpfs0/bgu-vilenchi/users/sdolev/Thesis/VLMs/data/affectnet/human_annotated/validation_set/images/119.jpg
256,/gpfs0/bgu-vilenchi/users/sdolev/Thesis/VLMs/data/affectnet/human_annotated/validation_set/images/256.jpg,1,happy,0.0,happy,/gpfs0/bgu-vilenchi/users/sdolev/Thesis/VLMs/data/affectnet/human_annotated/validation_set/images/256.jpg
3530,/gpfs0/bgu-vilenchi/users/sdolev/Thesis/VLMs/data/affectnet/human_annotated/validation_set/images/3530.jpg,6,angry,0.0,neutral,/gpfs0/bgu-vilenchi/users/sdolev/Thesis/VLMs/data/affectnet/human_annotated/validation_set/images/3530.jpg
1685,/gpfs0/bgu-vilenchi/users/sdolev/Thesis/VLMs/data/affectnet/human_annotated/validation_set/images/1685.jpg,2,sad,2.0,angry,/gpfs0/bgu-vilenchi/users/sdolev/Thesis/VLMs/data/affectnet/human_annotated/validation_set/images/1685.jpg
1991,/gpfs0/bgu-vilenchi/users/sdolev/Thesis/VLMs/data/affectnet/human_annotated/validation_set/images/1991.jpg,4,fear,0.0,fear,/gpfs0/bgu-vilenchi/users/sdolev/Thesis/VLMs/data/affectnet/human_annotated/validation_set/images/1991.jpg
3627,/gpfs0/bgu-vilenchi/users/sdolev/Thesis/VLMs/data/affectnet/human_annotated/validation_set/images/3627.jpg,4,fear,1.0,surprise,/gpfs0/bgu-vilenchi/users/sdolev/Thesis/VLMs/data/affectnet/human_annotated/validation_set/images/3627.jpg
657,/gpfs0/bgu-vilenchi/users/sdolev/Thesis/VLMs/data/affectnet/human_annotated/validation_set/images/657.jpg,1,happy,0.0,happy,/gpfs0/bgu-vilenchi/users/sdolev/Thesis/VLMs/data/affectnet/human_annotated/validation_set/images/657.jpg
4630,/gpfs0/bgu-vilenchi/users/sdolev/Thesis/VLMs/data/affectnet/human_annotated/validation_set/images/4630.jpg,0,neutral,1.0,neutral,/gpfs0/bgu-vilenchi/users/sdolev/Thesis/VLMs/data/affectnet/human_annotated/validation_set/images/4630.jpg
3933,/gpfs0/bgu-vilenchi/users/sdolev/Thesis/VLMs/data/affectnet/human_annotated/validation_set/images/3933.jpg,5,disgust,0.0,surprise,/gpfs0/bgu-vilenchi/users/sdolev/Thesis/VLMs/data/affectnet/human_annotated/validation_set/images/3933.jpg
4186,/gpfs0/bgu-vilenchi/users/sdolev/Thesis/VLMs/data/affectnet/human_annotated/validation_set/images/4186.jpg,0,neutral,0.0,neutral,/gpfs0/bgu-vilenchi/users/sdolev/Thesis/VLMs/data/affectnet/human_annotated/validation_set/images/4186.jpg
4589,/gpfs0/bgu-vilenchi/users/sdolev/Thesis/VLMs/data/affectnet/human_annotated/validation_set/images/4589.jpg,7,contempt,1.0,neutral,/gpfs0/bgu-vilenchi/users/sdolev/Thesis/VLMs/data/affectnet/human_annotated/validation_set/images/4589.jpg
4353,/gpfs0/bgu-vilenchi/users/sdolev/Thesis/VLMs/data/affectnet/human_annotated/validation_set/images/4353.jpg,4,fear,0.0,surprise,/gpfs0/bgu-vilenchi/users/sdolev/Thesis/VLMs/data/affectnet/human_annotated/validation_set/images/4353.jpg
1172,/gpfs0/bgu-vilenchi/users/sdolev/Thesis/VLMs/data/affectnet/human_annotated/validation_set/images/1172.jpg,4,fear,0.0,surprise,/gpfs0/bgu-vilenchi/users/sdolev/Thesis/VLMs/data/affectnet/human_annotated/validation_set/images/1172.jpg
270,/gpfs0/bgu-vilenchi/users/sdolev/Thesis/VLMs/data/affectnet/human_annotated/validation_set/images/270.jpg,6,angry,0.0,neutral,/gpfs0/bgu-vilenchi/users/sdolev/Thesis/VLMs/data/affectnet/human_annotated/validation_set/images/270.jpg
3114,/gpfs0/bgu-vilenchi/users/sdolev/Thesis/VLMs/data/affectnet/human_annotated/validation_set/images/3114.jpg,4,fear,1.0,surprise,/gpfs0/bgu-vilenchi/users/sdolev/Thesis/VLMs/data/affectnet/human_annotated/validation_set/images/3114.jpg
1269,/gpfs0/bgu-vilenchi/users/sdolev/Thesis/VLMs/data/affectnet/human_annotated/validation_set/images/1269.jpg,4,fear,2.0,surprise,/gpfs0/bgu-vilenchi/users/sdolev/Thesis/VLMs/data/affectnet/human_annotated/validation_set/images/1269.jpg
4756,/gpfs0/bgu-vilenchi/users/sdolev/Thesis/VLMs/data/affectnet/human_annotated/validation_set/images/4756.jpg,3,surprise,0.0,surprise,/gpfs0/bgu-vilenchi/users/sdolev/Thesis/VLMs/data/affectnet/human_annotated/validation_set/images/4756.jpg
671,/gpfs0/bgu-vilenchi/users/sdolev/Thesis/VLMs/data/affectnet/human_annotated/validation_set/images/671.jpg,1,happy,0.0,happy,/gpfs0/bgu-vilenchi/users/sdolev/Thesis/VLMs/data/affectnet/human_annotated/validation_set/images/671.jpg
568,/gpfs0/bgu-vilenchi/users/sdolev/Thesis/VLMs/data/affectnet/human_annotated/validation_set/images/568.jpg,5,disgust,1.0,disgust,/gpfs0/bgu-vilenchi/users/sdolev/Thesis/VLMs/data/affectnet/human_annotated/validation_set/images/568.jpg
3517,/gpfs0/bgu-vilenchi/users/sdolev/Thesis/VLMs/data/affectnet/human_annotated/validation_set/images/3517.jpg,4,fear,2.0,surprise,/gpfs0/bgu-vilenchi/users/sdolev/Thesis/VLMs/data/affectnet/human_annotated/validation_set/images/3517.jpg
4520,/gpfs0/bgu-vilenchi/users/sdolev/Thesis/VLMs/data/affectnet/human_annotated/validation_set/images/4520.jpg,2,sad,2.0,angry,/gpfs0/bgu-vilenchi/users/sdolev/Thesis/VLMs/data/affectnet/human_annotated/validation_set/images/4520.jpg
969,/gpfs0/bgu-vilenchi/users/sdolev/Thesis/VLMs/data/affectnet/human_annotated/validation_set/images/969.jpg,7,contempt,2.0,neutral,/gpfs0/bgu-vilenchi/users/sdolev/Thesis/VLMs/data/affectnet/human_annotated/validation_set/images/969.jpg
2981,/gpfs0/bgu-vilenchi/users/sdolev/Thesis/VLMs/data/affectnet/human_annotated/validation_set/images/2981.jpg,7,contempt,1.0,happy,/gpfs0/bgu-vilenchi/users/sdolev/Thesis/VLMs/data/affectnet/human_annotated/validation_set/images/2981.jpg
4923,/gpfs0/bgu-vilenchi/users/sdolev/Thesis/VLMs/data/affectnet/human_annotated/validation_set/images/4923.jpg,3,surprise,1.0,happy,/gpfs0/bgu-vilenchi/users/sdolev/Thesis/VLMs/data/affectnet/human_annotated/validation_set/images/4923.jpg
1742,/gpfs0/bgu-vilenchi/users/sdolev/Thesis/VLMs/data/affectnet/human_annotated/validation_set/images/1742.jpg,6,angry,1.0,neutral,/gpfs0/bgu-vilenchi/users/sdolev/Thesis/VLMs/data/affectnet/human_annotated/validation_set/images/1742.jpg
5176,/gpfs0/bgu-vilenchi/users/sdolev/Thesis/VLMs/data/affectnet/human_annotated/validation_set/images/5176.jpg,1,happy,0.0,happy,/gpfs0/bgu-vilenchi/users/sdolev/Thesis/VLMs/data/affectnet/human_annotated/validation_set/images/5176.jpg
2,/gpfs0/bgu-vilenchi/users/sdolev/Thesis/VLMs/data/affectnet/human_annotated/validation_set/images/2.jpg,4,fear,2.0,surprise,/gpfs0/bgu-vilenchi/users/sdolev/Thesis/VLMs/data/affectnet/human_annotated/validation_set/images/2.jpg
4243,/gpfs0/bgu-vilenchi/users/sdolev/Thesis/VLMs/data/affectnet/human_annotated/validation_set/images/4243.jpg,6,angry,1.0,angry,/gpfs0/bgu-vilenchi/users/sdolev/Thesis/VLMs/data/affectnet/human_annotated/validation_set/images/4243.jpg
181,/gpfs0/bgu-vilenchi/users/sdolev/Thesis/VLMs/data/affectnet/human_annotated/validation_set/images/181.jpg,4,fear,0.0,surprise,/gpfs0/bgu-vilenchi/users/sdolev/Thesis/VLMs/data/affectnet/human_annotated/validation_set/images/181.jpg
2398,/gpfs0/bgu-vilenchi/users/sdolev/Thesis/VLMs/data/affectnet/human_annotated/validation_set/images/2398.jpg,0,neutral,0.0,neutral,/gpfs0/bgu-vilenchi/users/sdolev/Thesis/VLMs/data/affectnet/human_annotated/validation_set/images/2398.jpg
1062,/gpfs0/bgu-vilenchi/users/sdolev/Thesis/VLMs/data/affectnet/human_annotated/validation_set/images/1062.jpg,5,disgust,2.0,surprise,/gpfs0/bgu-vilenchi/users/sdolev/Thesis/VLMs/data/affectnet/human_annotated/validation_set/images/1062.jpg
582,/gpfs0/bgu-vilenchi/users/sdolev/Thesis/VLMs/data/affectnet/human_annotated/validation_set/images/582.jpg,7,contempt,0.0,happy,/gpfs0/bgu-vilenchi/users/sdolev/Thesis/VLMs/data/affectnet/human_annotated/validation_set/images/582.jpg
1159,/gpfs0/bgu-vilenchi/users/sdolev/Thesis/VLMs/data/affectnet/human_annotated/validation_set/images/1159.jpg,0,neutral,0.0,neutral,/gpfs0/bgu-vilenchi/users/sdolev/Thesis/VLMs/data/affectnet/human_annotated/validation_set/images/1159.jpg
2162,/gpfs0/bgu-vilenchi/users/sdolev/Thesis/VLMs/data/affectnet/human_annotated/validation_set/images/2162.jpg,5,disgust,1.0,happy,/gpfs0/bgu-vilenchi/users/sdolev/Thesis/VLMs/data/affectnet/human_annotated/validation_set/images/2162.jpg
1465,/gpfs0/bgu-vilenchi/users/sdolev/Thesis/VLMs/data/affectnet/human_annotated/validation_set/images/1465.jpg,4,fear,1.0,happy,/gpfs0/bgu-vilenchi/users/sdolev/Thesis/VLMs/data/affectnet/human_annotated/validation_set/images/1465.jpg
4104,/gpfs0/bgu-vilenchi/users/sdolev/Thesis/VLMs/data/affectnet/human_annotated/validation_set/images/4104.jpg,3,surprise,2.0,neutral,/gpfs0/bgu-vilenchi/users/sdolev/Thesis/VLMs/data/affectnet/human_annotated/validation_set/images/4104.jpg
1868,/gpfs0/bgu-vilenchi/users/sdolev/Thesis/VLMs/data/affectnet/human_annotated/validation_set/images/1868.jpg,7,contempt,1.0,neutral,/gpfs0/bgu-vilenchi/users/sdolev/Thesis/VLMs/data/affectnet/human_annotated/validation_set/images/1868.jpg
2871,/gpfs0/bgu-vilenchi/users/sdolev/Thesis/VLMs/data/affectnet/human_annotated/validation_set/images/2871.jpg,2,sad,0.0,sad,/gpfs0/bgu-vilenchi/users/sdolev/Thesis/VLMs/data/affectnet/human_annotated/validation_set/images/2871.jpg
4507,/gpfs0/bgu-vilenchi/users/sdolev/Thesis/VLMs/data/affectnet/human_annotated/validation_set/images/4507.jpg,6,angry,1.0,neutral,/gpfs0/bgu-vilenchi/users/sdolev/Thesis/VLMs/data/affectnet/human_annotated/validation_set/images/4507.jpg
1326,/gpfs0/bgu-vilenchi/users/sdolev/Thesis/VLMs/data/affectnet/human_annotated/validation_set/images/1326.jpg,2,sad,0.0,sad,/gpfs0/bgu-vilenchi/users/sdolev/Thesis/VLMs/data/affectnet/human_annotated/validation_set/images/1326.jpg
4813,/gpfs0/bgu-vilenchi/users/sdolev/Thesis/VLMs/data/affectnet/human_annotated/validation_set/images/4813.jpg,6,angry,1.0,disgust,/gpfs0/bgu-vilenchi/users/sdolev/Thesis/VLMs/data/affectnet/human_annotated/validation_set/images/4813.jpg
2968,/gpfs0/bgu-vilenchi/users/sdolev/Thesis/VLMs/data/affectnet/human_annotated/validation_set/images/2968.jpg,2,sad,0.0,sad,/gpfs0/bgu-vilenchi/users/sdolev/Thesis/VLMs/data/affectnet/human_annotated/validation_set/images/2968.jpg
1632,/gpfs0/bgu-vilenchi/users/sdolev/Thesis/VLMs/data/affectnet/human_annotated/validation_set/images/1632.jpg,2,sad,0.0,sad,/gpfs0/bgu-vilenchi/users/sdolev/Thesis/VLMs/data/affectnet/human_annotated/validation_set/images/1632.jpg
5066,/gpfs0/bgu-vilenchi/users/sdolev/Thesis/VLMs/data/affectnet/human_annotated/validation_set/images/5066.jpg,2,sad,1.0,neutral,/gpfs0/bgu-vilenchi/users/sdolev/Thesis/VLMs/data/affectnet/human_annotated/validation_set/images/5066.jpg
1729,/gpfs0/bgu-vilenchi/users/sdolev/Thesis/VLMs/data/affectnet/human_annotated/validation_set/images/1729.jpg,1,happy,0.0,neutral,/gpfs0/bgu-vilenchi/users/sdolev/Thesis/VLMs/data/affectnet/human_annotated/validation_set/images/1729.jpg
5469,/gpfs0/bgu-vilenchi/users/sdolev/Thesis/VLMs/data/affectnet/human_annotated/validation_set/images/5469.jpg,1,happy,0.0,happy,/gpfs0/bgu-vilenchi/users/sdolev/Thesis/VLMs/data/affectnet/human_annotated/validation_set/images/5469.jpg
2288,/gpfs0/bgu-vilenchi/users/sdolev/Thesis/VLMs/data/affectnet/human_annotated/validation_set/images/2288.jpg,0,neutral,0.0,happy,/gpfs0/bgu-vilenchi/users/sdolev/Thesis/VLMs/data/affectnet/human_annotated/validation_set/images/2288.jpg
3291,/gpfs0/bgu-vilenchi/users/sdolev/Thesis/VLMs/data/affectnet/human_annotated/validation_set/images/3291.jpg,3,surprise,1.0,surprise,/gpfs0/bgu-vilenchi/users/sdolev/Thesis/VLMs/data/affectnet/human_annotated/validation_set/images/3291.jpg
356,/gpfs0/bgu-vilenchi/users/sdolev/Thesis/VLMs/data/affectnet/human_annotated/validation_set/images/356.jpg,6,angry,2.0,happy,/gpfs0/bgu-vilenchi/users/sdolev/Thesis/VLMs/data/affectnet/human_annotated/validation_set/images/356.jpg
5233,/gpfs0/bgu-vilenchi/users/sdolev/Thesis/VLMs/data/affectnet/human_annotated/validation_set/images/5233.jpg,2,sad,1.0,neutral,/gpfs0/bgu-vilenchi/users/sdolev/Thesis/VLMs/data/affectnet/human_annotated/validation_set/images/5233.jpg
1049,/gpfs0/bgu-vilenchi/users/sdolev/Thesis/VLMs/data/affectnet/human_annotated/validation_set/images/1049.jpg,6,angry,1.0,sad,/gpfs0/bgu-vilenchi/users/sdolev/Thesis/VLMs/data/affectnet/human_annotated/validation_set/images/1049.jpg
2052,/gpfs0/bgu-vilenchi/users/sdolev/Thesis/VLMs/data/affectnet/human_annotated/validation_set/images/2052.jpg,5,disgust,0.0,angry,/gpfs0/bgu-vilenchi/users/sdolev/Thesis/VLMs/data/affectnet/human_annotated/validation_set/images/2052.jpg
2455,/gpfs0/bgu-vilenchi/users/sdolev/Thesis/VLMs/data/affectnet/human_annotated/validation_set/images/2455.jpg,1,happy,0.0,happy,/gpfs0/bgu-vilenchi/users/sdolev/Thesis/VLMs/data/affectnet/human_annotated/validation_set/images/2455.jpg
2761,/gpfs0/bgu-vilenchi/users/sdolev/Thesis/VLMs/data/affectnet/human_annotated/validation_set/images/2761.jpg,1,happy,0.0,happy,/gpfs0/bgu-vilenchi/users/sdolev/Thesis/VLMs/data/affectnet/human_annotated/validation_set/images/2761.jpg
5400,/gpfs0/bgu-vilenchi/users/sdolev/Thesis/VLMs/data/affectnet/human_annotated/validation_set/images/5400.jpg,1,happy,0.0,happy,/gpfs0/bgu-vilenchi/users/sdolev/Thesis/VLMs/data/affectnet/human_annotated/validation_set/images/5400.jpg
1216,/gpfs0/bgu-vilenchi/users/sdolev/Thesis/VLMs/data/affectnet/human_annotated/validation_set/images/1216.jpg,7,contempt,1.0,neutral,/gpfs0/bgu-vilenchi/users/sdolev/Thesis/VLMs/data/affectnet/human_annotated/validation_set/images/1216.jpg
2858,/gpfs0/bgu-vilenchi/users/sdolev/Thesis/VLMs/data/affectnet/human_annotated/validation_set/images/2858.jpg,1,happy,0.0,happy,/gpfs0/bgu-vilenchi/users/sdolev/Thesis/VLMs/data/affectnet/human_annotated/validation_set/images/2858.jpg
3861,/gpfs0/bgu-vilenchi/users/sdolev/Thesis/VLMs/data/affectnet/human_annotated/validation_set/images/3861.jpg,0,neutral,0.0,happy,/gpfs0/bgu-vilenchi/users/sdolev/Thesis/VLMs/data/affectnet/human_annotated/validation_set/images/3861.jpg
2622,/gpfs0/bgu-vilenchi/users/sdolev/Thesis/VLMs/data/affectnet/human_annotated/validation_set/images/2622.jpg,1,happy,0.0,happy,/gpfs0/bgu-vilenchi/users/sdolev/Thesis/VLMs/data/affectnet/human_annotated/validation_set/images/2622.jpg
5359,/gpfs0/bgu-vilenchi/users/sdolev/Thesis/VLMs/data/affectnet/human_annotated/validation_set/images/5359.jpg,7,contempt,2.0,happy,/gpfs0/bgu-vilenchi/users/sdolev/Thesis/VLMs/data/affectnet/human_annotated/validation_set/images/5359.jpg
2178,/gpfs0/bgu-vilenchi/users/sdolev/Thesis/VLMs/data/affectnet/human_annotated/validation_set/images/2178.jpg,4,fear,2.0,surprise,/gpfs0/bgu-vilenchi/users/sdolev/Thesis/VLMs/data/affectnet/human_annotated/validation_set/images/2178.jpg
3181,/gpfs0/bgu-vilenchi/users/sdolev/Thesis/VLMs/data/affectnet/human_annotated/validation_set/images/3181.jpg,1,happy,0.0,happy,/gpfs0/bgu-vilenchi/users/sdolev/Thesis/VLMs/data/affectnet/human_annotated/validation_set/images/3181.jpg
5123,/gpfs0/bgu-vilenchi/users/sdolev/Thesis/VLMs/data/affectnet/human_annotated/validation_set/images/5123.jpg,6,angry,2.0,sad,/gpfs0/bgu-vilenchi/users/sdolev/Thesis/VLMs/data/affectnet/human_annotated/validation_set/images/5123.jpg
3584,/gpfs0/bgu-vilenchi/users/sdolev/Thesis/VLMs/data/affectnet/human_annotated/validation_set/images/3584.jpg,0,neutral,0.0,neutral,/gpfs0/bgu-vilenchi/users/sdolev/Thesis/VLMs/data/affectnet/human_annotated/validation_set/images/3584.jpg
803,/gpfs0/bgu-vilenchi/users/sdolev/Thesis/VLMs/data/affectnet/human_annotated/validation_set/images/803.jpg,0,neutral,1.0,neutral,/gpfs0/bgu-vilenchi/users/sdolev/Thesis/VLMs/data/affectnet/human_annotated/validation_set/images/803.jpg
2039,/gpfs0/bgu-vilenchi/users/sdolev/Thesis/VLMs/data/affectnet/human_annotated/validation_set/images/2039.jpg,2,sad,0.0,neutral,/gpfs0/bgu-vilenchi/users/sdolev/Thesis/VLMs/data/affectnet/human_annotated/validation_set/images/2039.jpg
2345,/gpfs0/bgu-vilenchi/users/sdolev/Thesis/VLMs/data/affectnet/human_annotated/validation_set/images/2345.jpg,0,neutral,0.0,neutral,/gpfs0/bgu-vilenchi/users/sdolev/Thesis/VLMs/data/affectnet/human_annotated/validation_set/images/2345.jpg
3987,/gpfs0/bgu-vilenchi/users/sdolev/Thesis/VLMs/data/affectnet/human_annotated/validation_set/images/3987.jpg,7,contempt,1.0,neutral,/gpfs0/bgu-vilenchi/users/sdolev/Thesis/VLMs/data/affectnet/human_annotated/validation_set/images/3987.jpg
4990,/gpfs0/bgu-vilenchi/users/sdolev/Thesis/VLMs/data/affectnet/human_annotated/validation_set/images/4990.jpg,0,neutral,0.0,neutral,/gpfs0/bgu-vilenchi/users/sdolev/Thesis/VLMs/data/affectnet/human_annotated/validation_set/images/4990.jpg
1106,/gpfs0/bgu-vilenchi/users/sdolev/Thesis/VLMs/data/affectnet/human_annotated/validation_set/images/1106.jpg,0,neutral,0.0,neutral,/gpfs0/bgu-vilenchi/users/sdolev/Thesis/VLMs/data/affectnet/human_annotated/validation_set/images/1106.jpg
2748,/gpfs0/bgu-vilenchi/users/sdolev/Thesis/VLMs/data/affectnet/human_annotated/validation_set/images/2748.jpg,4,fear,0.0,surprise,/gpfs0/bgu-vilenchi/users/sdolev/Thesis/VLMs/data/affectnet/human_annotated/validation_set/images/2748.jpg
3751,/gpfs0/bgu-vilenchi/users/sdolev/Thesis/VLMs/data/affectnet/human_annotated/validation_set/images/3751.jpg,4,fear,2.0,surprise,/gpfs0/bgu-vilenchi/users/sdolev/Thesis/VLMs/data/affectnet/human_annotated/validation_set/images/3751.jpg
281,/gpfs0/bgu-vilenchi/users/sdolev/Thesis/VLMs/data/affectnet/human_annotated/validation_set/images/281.jpg,6,angry,0.0,angry,/gpfs0/bgu-vilenchi/users/sdolev/Thesis/VLMs/data/affectnet/human_annotated/validation_set/images/281.jpg
1509,/gpfs0/bgu-vilenchi/users/sdolev/Thesis/VLMs/data/affectnet/human_annotated/validation_set/images/1509.jpg,0,neutral,1.0,neutral,/gpfs0/bgu-vilenchi/users/sdolev/Thesis/VLMs/data/affectnet/human_annotated/validation_set/images/1509.jpg
2512,/gpfs0/bgu-vilenchi/users/sdolev/Thesis/VLMs/data/affectnet/human_annotated/validation_set/images/2512.jpg,4,fear,0.0,surprise,/gpfs0/bgu-vilenchi/users/sdolev/Thesis/VLMs/data/affectnet/human_annotated/validation_set/images/2512.jpg
178,/gpfs0/bgu-vilenchi/users/sdolev/Thesis/VLMs/data/affectnet/human_annotated/validation_set/images/178.jpg,5,disgust,2.0,neutral,/gpfs0/bgu-vilenchi/users/sdolev/Thesis/VLMs/data/affectnet/human_annotated/validation_set/images/178.jpg
579,/gpfs0/bgu-vilenchi/users/sdolev/Thesis/VLMs/data/affectnet/human_annotated/validation_set/images/579.jpg,5,disgust,1.0,neutral,/gpfs0/bgu-vilenchi/users/sdolev/Thesis/VLMs/data/affectnet/human_annotated/validation_set/images/579.jpg
3071,/gpfs0/bgu-vilenchi/users/sdolev/Thesis/VLMs/data/affectnet/human_annotated/validation_set/images/3071.jpg,0,neutral,2.0,neutral,/gpfs0/bgu-vilenchi/users/sdolev/Thesis/VLMs/data/affectnet/human_annotated/validation_set/images/3071.jpg
2915,/gpfs0/bgu-vilenchi/users/sdolev/Thesis/VLMs/data/affectnet/human_annotated/validation_set/images/2915.jpg,6,angry,2.0,neutral,/gpfs0/bgu-vilenchi/users/sdolev/Thesis/VLMs/data/affectnet/human_annotated/validation_set/images/2915.jpg
5013,/gpfs0/bgu-vilenchi/users/sdolev/Thesis/VLMs/data/affectnet/human_annotated/validation_set/images/5013.jpg,7,contempt,1.0,surprise,/gpfs0/bgu-vilenchi/users/sdolev/Thesis/VLMs/data/affectnet/human_annotated/validation_set/images/5013.jpg
3168,/gpfs0/bgu-vilenchi/users/sdolev/Thesis/VLMs/data/affectnet/human_annotated/validation_set/images/3168.jpg,4,fear,0.0,surprise,/gpfs0/bgu-vilenchi/users/sdolev/Thesis/VLMs/data/affectnet/human_annotated/validation_set/images/3168.jpg
714,/gpfs0/bgu-vilenchi/users/sdolev/Thesis/VLMs/data/affectnet/human_annotated/validation_set/images/714.jpg,4,fear,1.0,surprise,/gpfs0/bgu-vilenchi/users/sdolev/Thesis/VLMs/data/affectnet/human_annotated/validation_set/images/714.jpg
3474,/gpfs0/bgu-vilenchi/users/sdolev/Thesis/VLMs/data/affectnet/human_annotated/validation_set/images/3474.jpg,3,surprise,0.0,neutral,/gpfs0/bgu-vilenchi/users/sdolev/Thesis/VLMs/data/affectnet/human_annotated/validation_set/images/3474.jpg
21,/gpfs0/bgu-vilenchi/users/sdolev/Thesis/VLMs/data/affectnet/human_annotated/validation_set/images/21.jpg,7,contempt,1.0,happy,/gpfs0/bgu-vilenchi/users/sdolev/Thesis/VLMs/data/affectnet/human_annotated/validation_set/images/21.jpg
5416,/gpfs0/bgu-vilenchi/users/sdolev/Thesis/VLMs/data/affectnet/human_annotated/validation_set/images/5416.jpg,1,happy,0.0,happy,/gpfs0/bgu-vilenchi/users/sdolev/Thesis/VLMs/data/affectnet/human_annotated/validation_set/images/5416.jpg
2235,/gpfs0/bgu-vilenchi/users/sdolev/Thesis/VLMs/data/affectnet/human_annotated/validation_set/images/2235.jpg,4,fear,0.0,surprise,/gpfs0/bgu-vilenchi/users/sdolev/Thesis/VLMs/data/affectnet/human_annotated/validation_set/images/2235.jpg
3877,/gpfs0/bgu-vilenchi/users/sdolev/Thesis/VLMs/data/affectnet/human_annotated/validation_set/images/3877.jpg,1,happy,0.0,happy,/gpfs0/bgu-vilenchi/users/sdolev/Thesis/VLMs/data/affectnet/human_annotated/validation_set/images/3877.jpg
4880,/gpfs0/bgu-vilenchi/users/sdolev/Thesis/VLMs/data/affectnet/human_annotated/validation_set/images/4880.jpg,5,disgust,0.0,disgust,/gpfs0/bgu-vilenchi/users/sdolev/Thesis/VLMs/data/affectnet/human_annotated/validation_set/images/4880.jpg
2638,/gpfs0/bgu-vilenchi/users/sdolev/Thesis/VLMs/data/affectnet/human_annotated/validation_set/images/2638.jpg,0,neutral,1.0,surprise,/gpfs0/bgu-vilenchi/users/sdolev/Thesis/VLMs/data/affectnet/human_annotated/validation_set/images/2638.jpg
3641,/gpfs0/bgu-vilenchi/users/sdolev/Thesis/VLMs/data/affectnet/human_annotated/validation_set/images/3641.jpg,7,contempt,1.0,happy,/gpfs0/bgu-vilenchi/users/sdolev/Thesis/VLMs/data/affectnet/human_annotated/validation_set/images/3641.jpg
1796,/gpfs0/bgu-vilenchi/users/sdolev/Thesis/VLMs/data/affectnet/human_annotated/validation_set/images/1796.jpg,5,disgust,2.0,happy,/gpfs0/bgu-vilenchi/users/sdolev/Thesis/VLMs/data/affectnet/human_annotated/validation_set/images/1796.jpg
3738,/gpfs0/bgu-vilenchi/users/sdolev/Thesis/VLMs/data/affectnet/human_annotated/validation_set/images/3738.jpg,6,angry,1.0,neutral,/gpfs0/bgu-vilenchi/users/sdolev/Thesis/VLMs/data/affectnet/human_annotated/validation_set/images/3738.jpg
2402,/gpfs0/bgu-vilenchi/users/sdolev/Thesis/VLMs/data/affectnet/human_annotated/validation_set/images/2402.jpg,6,angry,2.0,happy,/gpfs0/bgu-vilenchi/users/sdolev/Thesis/VLMs/data/affectnet/human_annotated/validation_set/images/2402.jpg
44,/gpfs0/bgu-vilenchi/users/sdolev/Thesis/VLMs/data/affectnet/human_annotated/validation_set/images/44.jpg,7,contempt,1.0,neutral,/gpfs0/bgu-vilenchi/users/sdolev/Thesis/VLMs/data/affectnet/human_annotated/validation_set/images/44.jpg
4297,/gpfs0/bgu-vilenchi/users/sdolev/Thesis/VLMs/data/affectnet/human_annotated/validation_set/images/4297.jpg,6,angry,0.0,neutral,/gpfs0/bgu-vilenchi/users/sdolev/Thesis/VLMs/data/affectnet/human_annotated/validation_set/images/4297.jpg
2805,/gpfs0/bgu-vilenchi/users/sdolev/Thesis/VLMs/data/affectnet/human_annotated/validation_set/images/2805.jpg,1,happy,0.0,happy,/gpfs0/bgu-vilenchi/users/sdolev/Thesis/VLMs/data/affectnet/human_annotated/validation_set/images/2805.jpg
16,/gpfs0/bgu-vilenchi/users/sdolev/Thesis/VLMs/data/affectnet/human_annotated/validation_set/images/16.jpg,1,happy,0.0,happy,/gpfs0/bgu-vilenchi/users/sdolev/Thesis/VLMs/data/affectnet/human_annotated/validation_set/images/16.jpg
4061,/gpfs0/bgu-vilenchi/users/sdolev/Thesis/VLMs/data/affectnet/human_annotated/validation_set/images/4061.jpg,2,sad,0.0,neutral,/gpfs0/bgu-vilenchi/users/sdolev/Thesis/VLMs/data/affectnet/human_annotated/validation_set/images/4061.jpg
4464,/gpfs0/bgu-vilenchi/users/sdolev/Thesis/VLMs/data/affectnet/human_annotated/validation_set/images/4464.jpg,3,surprise,0.0,surprise,/gpfs0/bgu-vilenchi/users/sdolev/Thesis/VLMs/data/affectnet/human_annotated/validation_set/images/4464.jpg
1283,/gpfs0/bgu-vilenchi/users/sdolev/Thesis/VLMs/data/affectnet/human_annotated/validation_set/images/1283.jpg,5,disgust,0.0,surprise,/gpfs0/bgu-vilenchi/users/sdolev/Thesis/VLMs/data/affectnet/human_annotated/validation_set/images/1283.jpg
4770,/gpfs0/bgu-vilenchi/users/sdolev/Thesis/VLMs/data/affectnet/human_annotated/validation_set/images/4770.jpg,3,surprise,0.0,surprise,/gpfs0/bgu-vilenchi/users/sdolev/Thesis/VLMs/data/affectnet/human_annotated/validation_set/images/4770.jpg
3225,/gpfs0/bgu-vilenchi/users/sdolev/Thesis/VLMs/data/affectnet/human_annotated/validation_set/images/3225.jpg,3,surprise,0.0,surprise,/gpfs0/bgu-vilenchi/users/sdolev/Thesis/VLMs/data/affectnet/human_annotated/validation_set/images/3225.jpg
4867,/gpfs0/bgu-vilenchi/users/sdolev/Thesis/VLMs/data/affectnet/human_annotated/validation_set/images/4867.jpg,0,neutral,0.0,neutral,/gpfs0/bgu-vilenchi/users/sdolev/Thesis/VLMs/data/affectnet/human_annotated/validation_set/images/4867.jpg
3531,/gpfs0/bgu-vilenchi/users/sdolev/Thesis/VLMs/data/affectnet/human_annotated/validation_set/images/3531.jpg,6,angry,0.0,surprise,/gpfs0/bgu-vilenchi/users/sdolev/Thesis/VLMs/data/affectnet/human_annotated/validation_set/images/3531.jpg
1686,/gpfs0/bgu-vilenchi/users/sdolev/Thesis/VLMs/data/affectnet/human_annotated/validation_set/images/1686.jpg,0,neutral,1.0,happy,/gpfs0/bgu-vilenchi/users/sdolev/Thesis/VLMs/data/affectnet/human_annotated/validation_set/images/1686.jpg
1992,/gpfs0/bgu-vilenchi/users/sdolev/Thesis/VLMs/data/affectnet/human_annotated/validation_set/images/1992.jpg,1,happy,0.0,happy,/gpfs0/bgu-vilenchi/users/sdolev/Thesis/VLMs/data/affectnet/human_annotated/validation_set/images/1992.jpg
101,/gpfs0/bgu-vilenchi/users/sdolev/Thesis/VLMs/data/affectnet/human_annotated/validation_set/images/101.jpg,1,happy,0.0,happy,/gpfs0/bgu-vilenchi/users/sdolev/Thesis/VLMs/data/affectnet/human_annotated/validation_set/images/101.jpg
4631,/gpfs0/bgu-vilenchi/users/sdolev/Thesis/VLMs/data/affectnet/human_annotated/validation_set/images/4631.jpg,7,contempt,1.0,happy,/gpfs0/bgu-vilenchi/users/sdolev/Thesis/VLMs/data/affectnet/human_annotated/validation_set/images/4631.jpg
3934,/gpfs0/bgu-vilenchi/users/sdolev/Thesis/VLMs/data/affectnet/human_annotated/validation_set/images/3934.jpg,6,angry,0.0,angry,/gpfs0/bgu-vilenchi/users/sdolev/Thesis/VLMs/data/affectnet/human_annotated/validation_set/images/3934.jpg
1450,/gpfs0/bgu-vilenchi/users/sdolev/Thesis/VLMs/data/affectnet/human_annotated/validation_set/images/1450.jpg,2,sad,1.0,surprise,/gpfs0/bgu-vilenchi/users/sdolev/Thesis/VLMs/data/affectnet/human_annotated/validation_set/images/1450.jpg
502,/gpfs0/bgu-vilenchi/users/sdolev/Thesis/VLMs/data/affectnet/human_annotated/validation_set/images/502.jpg,6,angry,1.0,neutral,/gpfs0/bgu-vilenchi/users/sdolev/Thesis/VLMs/data/affectnet/human_annotated/validation_set/images/502.jpg
4187,/gpfs0/bgu-vilenchi/users/sdolev/Thesis/VLMs/data/affectnet/human_annotated/validation_set/images/4187.jpg,7,contempt,0.0,happy,/gpfs0/bgu-vilenchi/users/sdolev/Thesis/VLMs/data/affectnet/human_annotated/validation_set/images/4187.jpg
5190,/gpfs0/bgu-vilenchi/users/sdolev/Thesis/VLMs/data/affectnet/human_annotated/validation_set/images/5190.jpg,1,happy,1.0,happy,/gpfs0/bgu-vilenchi/users/sdolev/Thesis/VLMs/data/affectnet/human_annotated/validation_set/images/5190.jpg
1853,/gpfs0/bgu-vilenchi/users/sdolev/Thesis/VLMs/data/affectnet/human_annotated/validation_set/images/1853.jpg,5,disgust,0.0,happy,/gpfs0/bgu-vilenchi/users/sdolev/Thesis/VLMs/data/affectnet/human_annotated/validation_set/images/1853.jpg
47,/gpfs0/bgu-vilenchi/users/sdolev/Thesis/VLMs/data/affectnet/human_annotated/validation_set/images/47.jpg,6,angry,0.0,angry,/gpfs0/bgu-vilenchi/users/sdolev/Thesis/VLMs/data/affectnet/human_annotated/validation_set/images/47.jpg
19,/gpfs0/bgu-vilenchi/users/sdolev/Thesis/VLMs/data/affectnet/human_annotated/validation_set/images/19.jpg,2,sad,0.0,sad,/gpfs0/bgu-vilenchi/users/sdolev/Thesis/VLMs/data/affectnet/human_annotated/validation_set/images/19.jpg
1173,/gpfs0/bgu-vilenchi/users/sdolev/Thesis/VLMs/data/affectnet/human_annotated/validation_set/images/1173.jpg,3,surprise,0.0,surprise,/gpfs0/bgu-vilenchi/users/sdolev/Thesis/VLMs/data/affectnet/human_annotated/validation_set/images/1173.jpg
3115,/gpfs0/bgu-vilenchi/users/sdolev/Thesis/VLMs/data/affectnet/human_annotated/validation_set/images/3115.jpg,0,neutral,0.0,surprise,/gpfs0/bgu-vilenchi/users/sdolev/Thesis/VLMs/data/affectnet/human_annotated/validation_set/images/3115.jpg
4757,/gpfs0/bgu-vilenchi/users/sdolev/Thesis/VLMs/data/affectnet/human_annotated/validation_set/images/4757.jpg,5,disgust,2.0,surprise,/gpfs0/bgu-vilenchi/users/sdolev/Thesis/VLMs/data/affectnet/human_annotated/validation_set/images/4757.jpg
1576,/gpfs0/bgu-vilenchi/users/sdolev/Thesis/VLMs/data/affectnet/human_annotated/validation_set/images/1576.jpg,0,neutral,0.0,neutral,/gpfs0/bgu-vilenchi/users/sdolev/Thesis/VLMs/data/affectnet/human_annotated/validation_set/images/1576.jpg
3518,/gpfs0/bgu-vilenchi/users/sdolev/Thesis/VLMs/data/affectnet/human_annotated/validation_set/images/3518.jpg,2,sad,1.0,sad,/gpfs0/bgu-vilenchi/users/sdolev/Thesis/VLMs/data/affectnet/human_annotated/validation_set/images/3518.jpg
98,/gpfs0/bgu-vilenchi/users/sdolev/Thesis/VLMs/data/affectnet/human_annotated/validation_set/images/98.jpg,4,fear,1.0,surprise,/gpfs0/bgu-vilenchi/users/sdolev/Thesis/VLMs/data/affectnet/human_annotated/validation_set/images/98.jpg
4521,/gpfs0/bgu-vilenchi/users/sdolev/Thesis/VLMs/data/affectnet/human_annotated/validation_set/images/4521.jpg,6,angry,2.0,sad,/gpfs0/bgu-vilenchi/users/sdolev/Thesis/VLMs/data/affectnet/human_annotated/validation_set/images/4521.jpg
413,/gpfs0/bgu-vilenchi/users/sdolev/Thesis/VLMs/data/affectnet/human_annotated/validation_set/images/413.jpg,2,sad,1.0,neutral,/gpfs0/bgu-vilenchi/users/sdolev/Thesis/VLMs/data/affectnet/human_annotated/validation_set/images/413.jpg
1340,/gpfs0/bgu-vilenchi/users/sdolev/Thesis/VLMs/data/affectnet/human_annotated/validation_set/images/1340.jpg,7,contempt,2.0,happy,/gpfs0/bgu-vilenchi/users/sdolev/Thesis/VLMs/data/affectnet/human_annotated/validation_set/images/1340.jpg
1979,/gpfs0/bgu-vilenchi/users/sdolev/Thesis/VLMs/data/affectnet/human_annotated/validation_set/images/1979.jpg,7,contempt,0.0,happy,/gpfs0/bgu-vilenchi/users/sdolev/Thesis/VLMs/data/affectnet/human_annotated/validation_set/images/1979.jpg
2982,/gpfs0/bgu-vilenchi/users/sdolev/Thesis/VLMs/data/affectnet/human_annotated/validation_set/images/2982.jpg,7,contempt,2.0,neutral,/gpfs0/bgu-vilenchi/users/sdolev/Thesis/VLMs/data/affectnet/human_annotated/validation_set/images/2982.jpg
5080,/gpfs0/bgu-vilenchi/users/sdolev/Thesis/VLMs/data/affectnet/human_annotated/validation_set/images/5080.jpg,6,angry,0.0,angry,/gpfs0/bgu-vilenchi/users/sdolev/Thesis/VLMs/data/affectnet/human_annotated/validation_set/images/5080.jpg
4924,/gpfs0/bgu-vilenchi/users/sdolev/Thesis/VLMs/data/affectnet/human_annotated/validation_set/images/4924.jpg,4,fear,2.0,surprise,/gpfs0/bgu-vilenchi/users/sdolev/Thesis/VLMs/data/affectnet/human_annotated/validation_set/images/4924.jpg
1743,/gpfs0/bgu-vilenchi/users/sdolev/Thesis/VLMs/data/affectnet/human_annotated/validation_set/images/1743.jpg,0,neutral,1.0,neutral,/gpfs0/bgu-vilenchi/users/sdolev/Thesis/VLMs/data/affectnet/human_annotated/validation_set/images/1743.jpg
5483,/gpfs0/bgu-vilenchi/users/sdolev/Thesis/VLMs/data/affectnet/human_annotated/validation_set/images/5483.jpg,5,disgust,2.0,angry,/gpfs0/bgu-vilenchi/users/sdolev/Thesis/VLMs/data/affectnet/human_annotated/validation_set/images/5483.jpg
4244,/gpfs0/bgu-vilenchi/users/sdolev/Thesis/VLMs/data/affectnet/human_annotated/validation_set/images/4244.jpg,1,happy,0.0,happy,/gpfs0/bgu-vilenchi/users/sdolev/Thesis/VLMs/data/affectnet/human_annotated/validation_set/images/4244.jpg
1063,/gpfs0/bgu-vilenchi/users/sdolev/Thesis/VLMs/data/affectnet/human_annotated/validation_set/images/1063.jpg,7,contempt,0.0,happy,/gpfs0/bgu-vilenchi/users/sdolev/Thesis/VLMs/data/affectnet/human_annotated/validation_set/images/1063.jpg
4647,/gpfs0/bgu-vilenchi/users/sdolev/Thesis/VLMs/data/affectnet/human_annotated/validation_set/images/4647.jpg,7,contempt,1.0,neutral,/gpfs0/bgu-vilenchi/users/sdolev/Thesis/VLMs/data/affectnet/human_annotated/validation_set/images/4647.jpg
1466,/gpfs0/bgu-vilenchi/users/sdolev/Thesis/VLMs/data/affectnet/human_annotated/validation_set/images/1466.jpg,3,surprise,1.0,surprise,/gpfs0/bgu-vilenchi/users/sdolev/Thesis/VLMs/data/affectnet/human_annotated/validation_set/images/1466.jpg
4105,/gpfs0/bgu-vilenchi/users/sdolev/Thesis/VLMs/data/affectnet/human_annotated/validation_set/images/4105.jpg,1,happy,1.0,neutral,/gpfs0/bgu-vilenchi/users/sdolev/Thesis/VLMs/data/affectnet/human_annotated/validation_set/images/4105.jpg
725,/gpfs0/bgu-vilenchi/users/sdolev/Thesis/VLMs/data/affectnet/human_annotated/validation_set/images/725.jpg,1,happy,0.0,happy,/gpfs0/bgu-vilenchi/users/sdolev/Thesis/VLMs/data/affectnet/human_annotated/validation_set/images/725.jpg
2872,/gpfs0/bgu-vilenchi/users/sdolev/Thesis/VLMs/data/affectnet/human_annotated/validation_set/images/2872.jpg,1,happy,0.0,happy,/gpfs0/bgu-vilenchi/users/sdolev/Thesis/VLMs/data/affectnet/human_annotated/validation_set/images/2872.jpg
862,/gpfs0/bgu-vilenchi/users/sdolev/Thesis/VLMs/data/affectnet/human_annotated/validation_set/images/862.jpg,2,sad,1.0,neutral,/gpfs0/bgu-vilenchi/users/sdolev/Thesis/VLMs/data/affectnet/human_annotated/validation_set/images/862.jpg
4508,/gpfs0/bgu-vilenchi/users/sdolev/Thesis/VLMs/data/affectnet/human_annotated/validation_set/images/4508.jpg,0,neutral,0.0,neutral,/gpfs0/bgu-vilenchi/users/sdolev/Thesis/VLMs/data/affectnet/human_annotated/validation_set/images/4508.jpg
1633,/gpfs0/bgu-vilenchi/users/sdolev/Thesis/VLMs/data/affectnet/human_annotated/validation_set/images/1633.jpg,7,contempt,0.0,neutral,/gpfs0/bgu-vilenchi/users/sdolev/Thesis/VLMs/data/affectnet/human_annotated/validation_set/images/1633.jpg
5067,/gpfs0/bgu-vilenchi/users/sdolev/Thesis/VLMs/data/affectnet/human_annotated/validation_set/images/5067.jpg,6,angry,2.0,neutral,/gpfs0/bgu-vilenchi/users/sdolev/Thesis/VLMs/data/affectnet/human_annotated/validation_set/images/5067.jpg
2289,/gpfs0/bgu-vilenchi/users/sdolev/Thesis/VLMs/data/affectnet/human_annotated/validation_set/images/2289.jpg,5,disgust,2.0,neutral,/gpfs0/bgu-vilenchi/users/sdolev/Thesis/VLMs/data/affectnet/human_annotated/validation_set/images/2289.jpg
1800,/gpfs0/bgu-vilenchi/users/sdolev/Thesis/VLMs/data/affectnet/human_annotated/validation_set/images/1800.jpg,6,angry,2.0,neutral,/gpfs0/bgu-vilenchi/users/sdolev/Thesis/VLMs/data/affectnet/human_annotated/validation_set/images/1800.jpg
5234,/gpfs0/bgu-vilenchi/users/sdolev/Thesis/VLMs/data/affectnet/human_annotated/validation_set/images/5234.jpg,3,surprise,2.0,neutral,/gpfs0/bgu-vilenchi/users/sdolev/Thesis/VLMs/data/affectnet/human_annotated/validation_set/images/5234.jpg
636,/gpfs0/bgu-vilenchi/users/sdolev/Thesis/VLMs/data/affectnet/human_annotated/validation_set/images/636.jpg,1,happy,0.0,happy,/gpfs0/bgu-vilenchi/users/sdolev/Thesis/VLMs/data/affectnet/human_annotated/validation_set/images/636.jpg
2456,/gpfs0/bgu-vilenchi/users/sdolev/Thesis/VLMs/data/affectnet/human_annotated/validation_set/images/2456.jpg,4,fear,0.0,surprise,/gpfs0/bgu-vilenchi/users/sdolev/Thesis/VLMs/data/affectnet/human_annotated/validation_set/images/2456.jpg
2762,/gpfs0/bgu-vilenchi/users/sdolev/Thesis/VLMs/data/affectnet/human_annotated/validation_set/images/2762.jpg,6,angry,1.0,neutral,/gpfs0/bgu-vilenchi/users/sdolev/Thesis/VLMs/data/affectnet/human_annotated/validation_set/images/2762.jpg
1217,/gpfs0/bgu-vilenchi/users/sdolev/Thesis/VLMs/data/affectnet/human_annotated/validation_set/images/1217.jpg,7,contempt,2.0,neutral,/gpfs0/bgu-vilenchi/users/sdolev/Thesis/VLMs/data/affectnet/human_annotated/validation_set/images/1217.jpg
2859,/gpfs0/bgu-vilenchi/users/sdolev/Thesis/VLMs/data/affectnet/human_annotated/validation_set/images/2859.jpg,4,fear,2.0,surprise,/gpfs0/bgu-vilenchi/users/sdolev/Thesis/VLMs/data/affectnet/human_annotated/validation_set/images/2859.jpg
2623,/gpfs0/bgu-vilenchi/users/sdolev/Thesis/VLMs/data/affectnet/human_annotated/validation_set/images/2623.jpg,5,disgust,2.0,neutral,/gpfs0/bgu-vilenchi/users/sdolev/Thesis/VLMs/data/affectnet/human_annotated/validation_set/images/2623.jpg
2179,/gpfs0/bgu-vilenchi/users/sdolev/Thesis/VLMs/data/affectnet/human_annotated/validation_set/images/2179.jpg,7,contempt,2.0,surprise,/gpfs0/bgu-vilenchi/users/sdolev/Thesis/VLMs/data/affectnet/human_annotated/validation_set/images/2179.jpg
3182,/gpfs0/bgu-vilenchi/users/sdolev/Thesis/VLMs/data/affectnet/human_annotated/validation_set/images/3182.jpg,2,sad,1.0,sad,/gpfs0/bgu-vilenchi/users/sdolev/Thesis/VLMs/data/affectnet/human_annotated/validation_set/images/3182.jpg
5124,/gpfs0/bgu-vilenchi/users/sdolev/Thesis/VLMs/data/affectnet/human_annotated/validation_set/images/5124.jpg,7,contempt,1.0,neutral,/gpfs0/bgu-vilenchi/users/sdolev/Thesis/VLMs/data/affectnet/human_annotated/validation_set/images/5124.jpg
146,/gpfs0/bgu-vilenchi/users/sdolev/Thesis/VLMs/data/affectnet/human_annotated/validation_set/images/146.jpg,1,happy,0.0,happy,/gpfs0/bgu-vilenchi/users/sdolev/Thesis/VLMs/data/affectnet/human_annotated/validation_set/images/146.jpg
3585,/gpfs0/bgu-vilenchi/users/sdolev/Thesis/VLMs/data/affectnet/human_annotated/validation_set/images/3585.jpg,7,contempt,0.0,neutral,/gpfs0/bgu-vilenchi/users/sdolev/Thesis/VLMs/data/affectnet/human_annotated/validation_set/images/3585.jpg
650,/gpfs0/bgu-vilenchi/users/sdolev/Thesis/VLMs/data/affectnet/human_annotated/validation_set/images/650.jpg,6,angry,1.0,neutral,/gpfs0/bgu-vilenchi/users/sdolev/Thesis/VLMs/data/affectnet/human_annotated/validation_set/images/650.jpg
547,/gpfs0/bgu-vilenchi/users/sdolev/Thesis/VLMs/data/affectnet/human_annotated/validation_set/images/547.jpg,2,sad,1.0,angry,/gpfs0/bgu-vilenchi/users/sdolev/Thesis/VLMs/data/affectnet/human_annotated/validation_set/images/547.jpg
2346,/gpfs0/bgu-vilenchi/users/sdolev/Thesis/VLMs/data/affectnet/human_annotated/validation_set/images/2346.jpg,1,happy,0.0,happy,/gpfs0/bgu-vilenchi/users/sdolev/Thesis/VLMs/data/affectnet/human_annotated/validation_set/images/2346.jpg
948,/gpfs0/bgu-vilenchi/users/sdolev/Thesis/VLMs/data/affectnet/human_annotated/validation_set/images/948.jpg,4,fear,2.0,happy,/gpfs0/bgu-vilenchi/users/sdolev/Thesis/VLMs/data/affectnet/human_annotated/validation_set/images/948.jpg
4991,/gpfs0/bgu-vilenchi/users/sdolev/Thesis/VLMs/data/affectnet/human_annotated/validation_set/images/4991.jpg,4,fear,2.0,happy,/gpfs0/bgu-vilenchi/users/sdolev/Thesis/VLMs/data/affectnet/human_annotated/validation_set/images/4991.jpg
1107,/gpfs0/bgu-vilenchi/users/sdolev/Thesis/VLMs/data/affectnet/human_annotated/validation_set/images/1107.jpg,1,happy,0.0,happy,/gpfs0/bgu-vilenchi/users/sdolev/Thesis/VLMs/data/affectnet/human_annotated/validation_set/images/1107.jpg
2110,/gpfs0/bgu-vilenchi/users/sdolev/Thesis/VLMs/data/affectnet/human_annotated/validation_set/images/2110.jpg,4,fear,0.0,surprise,/gpfs0/bgu-vilenchi/users/sdolev/Thesis/VLMs/data/affectnet/human_annotated/validation_set/images/2110.jpg
160,/gpfs0/bgu-vilenchi/users/sdolev/Thesis/VLMs/data/affectnet/human_annotated/validation_set/images/160.jpg,7,contempt,1.0,neutral,/gpfs0/bgu-vilenchi/users/sdolev/Thesis/VLMs/data/affectnet/human_annotated/validation_set/images/160.jpg
3072,/gpfs0/bgu-vilenchi/users/sdolev/Thesis/VLMs/data/affectnet/human_annotated/validation_set/images/3072.jpg,2,sad,0.0,sad,/gpfs0/bgu-vilenchi/users/sdolev/Thesis/VLMs/data/affectnet/human_annotated/validation_set/images/3072.jpg
2916,/gpfs0/bgu-vilenchi/users/sdolev/Thesis/VLMs/data/affectnet/human_annotated/validation_set/images/2916.jpg,6,angry,0.0,neutral,/gpfs0/bgu-vilenchi/users/sdolev/Thesis/VLMs/data/affectnet/human_annotated/validation_set/images/2916.jpg
3169,/gpfs0/bgu-vilenchi/users/sdolev/Thesis/VLMs/data/affectnet/human_annotated/validation_set/images/3169.jpg,7,contempt,2.0,neutral,/gpfs0/bgu-vilenchi/users/sdolev/Thesis/VLMs/data/affectnet/human_annotated/validation_set/images/3169.jpg
561,/gpfs0/bgu-vilenchi/users/sdolev/Thesis/VLMs/data/affectnet/human_annotated/validation_set/images/561.jpg,0,neutral,0.0,happy,/gpfs0/bgu-vilenchi/users/sdolev/Thesis/VLMs/data/affectnet/human_annotated/validation_set/images/561.jpg
458,/gpfs0/bgu-vilenchi/users/sdolev/Thesis/VLMs/data/affectnet/human_annotated/validation_set/images/458.jpg,7,contempt,1.0,neutral,/gpfs0/bgu-vilenchi/users/sdolev/Thesis/VLMs/data/affectnet/human_annotated/validation_set/images/458.jpg
962,/gpfs0/bgu-vilenchi/users/sdolev/Thesis/VLMs/data/affectnet/human_annotated/validation_set/images/962.jpg,5,disgust,0.0,surprise,/gpfs0/bgu-vilenchi/users/sdolev/Thesis/VLMs/data/affectnet/human_annotated/validation_set/images/962.jpg
5417,/gpfs0/bgu-vilenchi/users/sdolev/Thesis/VLMs/data/affectnet/human_annotated/validation_set/images/5417.jpg,2,sad,0.0,sad,/gpfs0/bgu-vilenchi/users/sdolev/Thesis/VLMs/data/affectnet/human_annotated/validation_set/images/5417.jpg
859,/gpfs0/bgu-vilenchi/users/sdolev/Thesis/VLMs/data/affectnet/human_annotated/validation_set/images/859.jpg,6,angry,0.0,surprise,/gpfs0/bgu-vilenchi/users/sdolev/Thesis/VLMs/data/affectnet/human_annotated/validation_set/images/859.jpg
2236,/gpfs0/bgu-vilenchi/users/sdolev/Thesis/VLMs/data/affectnet/human_annotated/validation_set/images/2236.jpg,3,surprise,1.0,neutral,/gpfs0/bgu-vilenchi/users/sdolev/Thesis/VLMs/data/affectnet/human_annotated/validation_set/images/2236.jpg
3878,/gpfs0/bgu-vilenchi/users/sdolev/Thesis/VLMs/data/affectnet/human_annotated/validation_set/images/3878.jpg,3,surprise,2.0,neutral,/gpfs0/bgu-vilenchi/users/sdolev/Thesis/VLMs/data/affectnet/human_annotated/validation_set/images/3878.jpg
1394,/gpfs0/bgu-vilenchi/users/sdolev/Thesis/VLMs/data/affectnet/human_annotated/validation_set/images/1394.jpg,7,contempt,2.0,happy,/gpfs0/bgu-vilenchi/users/sdolev/Thesis/VLMs/data/affectnet/human_annotated/validation_set/images/1394.jpg
4881,/gpfs0/bgu-vilenchi/users/sdolev/Thesis/VLMs/data/affectnet/human_annotated/validation_set/images/4881.jpg,4,fear,2.0,neutral,/gpfs0/bgu-vilenchi/users/sdolev/Thesis/VLMs/data/affectnet/human_annotated/validation_set/images/4881.jpg
2000,/gpfs0/bgu-vilenchi/users/sdolev/Thesis/VLMs/data/affectnet/human_annotated/validation_set/images/2000.jpg,7,contempt,1.0,neutral,/gpfs0/bgu-vilenchi/users/sdolev/Thesis/VLMs/data/affectnet/human_annotated/validation_set/images/2000.jpg
2639,/gpfs0/bgu-vilenchi/users/sdolev/Thesis/VLMs/data/affectnet/human_annotated/validation_set/images/2639.jpg,6,angry,1.0,angry,/gpfs0/bgu-vilenchi/users/sdolev/Thesis/VLMs/data/affectnet/human_annotated/validation_set/images/2639.jpg
3642,/gpfs0/bgu-vilenchi/users/sdolev/Thesis/VLMs/data/affectnet/human_annotated/validation_set/images/3642.jpg,7,contempt,2.0,neutral,/gpfs0/bgu-vilenchi/users/sdolev/Thesis/VLMs/data/affectnet/human_annotated/validation_set/images/3642.jpg
1797,/gpfs0/bgu-vilenchi/users/sdolev/Thesis/VLMs/data/affectnet/human_annotated/validation_set/images/1797.jpg,7,contempt,2.0,neutral,/gpfs0/bgu-vilenchi/users/sdolev/Thesis/VLMs/data/affectnet/human_annotated/validation_set/images/1797.jpg
2403,/gpfs0/bgu-vilenchi/users/sdolev/Thesis/VLMs/data/affectnet/human_annotated/validation_set/images/2403.jpg,1,happy,0.0,happy,/gpfs0/bgu-vilenchi/users/sdolev/Thesis/VLMs/data/affectnet/human_annotated/validation_set/images/2403.jpg
472,/gpfs0/bgu-vilenchi/users/sdolev/Thesis/VLMs/data/affectnet/human_annotated/validation_set/images/472.jpg,4,fear,0.0,surprise,/gpfs0/bgu-vilenchi/users/sdolev/Thesis/VLMs/data/affectnet/human_annotated/validation_set/images/472.jpg
3059,/gpfs0/bgu-vilenchi/users/sdolev/Thesis/VLMs/data/affectnet/human_annotated/validation_set/images/3059.jpg,6,angry,1.0,surprise,/gpfs0/bgu-vilenchi/users/sdolev/Thesis/VLMs/data/affectnet/human_annotated/validation_set/images/3059.jpg
873,/gpfs0/bgu-vilenchi/users/sdolev/Thesis/VLMs/data/affectnet/human_annotated/validation_set/images/873.jpg,6,angry,0.0,neutral,/gpfs0/bgu-vilenchi/users/sdolev/Thesis/VLMs/data/affectnet/human_annotated/validation_set/images/873.jpg
1284,/gpfs0/bgu-vilenchi/users/sdolev/Thesis/VLMs/data/affectnet/human_annotated/validation_set/images/1284.jpg,1,happy,0.0,happy,/gpfs0/bgu-vilenchi/users/sdolev/Thesis/VLMs/data/affectnet/human_annotated/validation_set/images/1284.jpg
4771,/gpfs0/bgu-vilenchi/users/sdolev/Thesis/VLMs/data/affectnet/human_annotated/validation_set/images/4771.jpg,0,neutral,0.0,neutral,/gpfs0/bgu-vilenchi/users/sdolev/Thesis/VLMs/data/affectnet/human_annotated/validation_set/images/4771.jpg
1590,/gpfs0/bgu-vilenchi/users/sdolev/Thesis/VLMs/data/affectnet/human_annotated/validation_set/images/1590.jpg,2,sad,2.0,neutral,/gpfs0/bgu-vilenchi/users/sdolev/Thesis/VLMs/data/affectnet/human_annotated/validation_set/images/1590.jpg
3226,/gpfs0/bgu-vilenchi/users/sdolev/Thesis/VLMs/data/affectnet/human_annotated/validation_set/images/3226.jpg,3,surprise,2.0,happy,/gpfs0/bgu-vilenchi/users/sdolev/Thesis/VLMs/data/affectnet/human_annotated/validation_set/images/3226.jpg
4868,/gpfs0/bgu-vilenchi/users/sdolev/Thesis/VLMs/data/affectnet/human_annotated/validation_set/images/4868.jpg,2,sad,2.0,neutral,/gpfs0/bgu-vilenchi/users/sdolev/Thesis/VLMs/data/affectnet/human_annotated/validation_set/images/4868.jpg
1687,/gpfs0/bgu-vilenchi/users/sdolev/Thesis/VLMs/data/affectnet/human_annotated/validation_set/images/1687.jpg,4,fear,2.0,surprise,/gpfs0/bgu-vilenchi/users/sdolev/Thesis/VLMs/data/affectnet/human_annotated/validation_set/images/1687.jpg
2690,/gpfs0/bgu-vilenchi/users/sdolev/Thesis/VLMs/data/affectnet/human_annotated/validation_set/images/2690.jpg,1,happy,0.0,happy,/gpfs0/bgu-vilenchi/users/sdolev/Thesis/VLMs/data/affectnet/human_annotated/validation_set/images/2690.jpg
1993,/gpfs0/bgu-vilenchi/users/sdolev/Thesis/VLMs/data/affectnet/human_annotated/validation_set/images/1993.jpg,0,neutral,2.0,neutral,/gpfs0/bgu-vilenchi/users/sdolev/Thesis/VLMs/data/affectnet/human_annotated/validation_set/images/1993.jpg
3629,/gpfs0/bgu-vilenchi/users/sdolev/Thesis/VLMs/data/affectnet/human_annotated/validation_set/images/3629.jpg,6,angry,2.0,angry,/gpfs0/bgu-vilenchi/users/sdolev/Thesis/VLMs/data/affectnet/human_annotated/validation_set/images/3629.jpg
1451,/gpfs0/bgu-vilenchi/users/sdolev/Thesis/VLMs/data/affectnet/human_annotated/validation_set/images/1451.jpg,1,happy,0.0,happy,/gpfs0/bgu-vilenchi/users/sdolev/Thesis/VLMs/data/affectnet/human_annotated/validation_set/images/1451.jpg
246,/gpfs0/bgu-vilenchi/users/sdolev/Thesis/VLMs/data/affectnet/human_annotated/validation_set/images/246.jpg,5,disgust,1.0,neutral,/gpfs0/bgu-vilenchi/users/sdolev/Thesis/VLMs/data/affectnet/human_annotated/validation_set/images/246.jpg
383,/gpfs0/bgu-vilenchi/users/sdolev/Thesis/VLMs/data/affectnet/human_annotated/validation_set/images/383.jpg,6,angry,1.0,surprise,/gpfs0/bgu-vilenchi/users/sdolev/Thesis/VLMs/data/affectnet/human_annotated/validation_set/images/383.jpg
5191,/gpfs0/bgu-vilenchi/users/sdolev/Thesis/VLMs/data/affectnet/human_annotated/validation_set/images/5191.jpg,6,angry,0.0,angry,/gpfs0/bgu-vilenchi/users/sdolev/Thesis/VLMs/data/affectnet/human_annotated/validation_set/images/5191.jpg
1854,/gpfs0/bgu-vilenchi/users/sdolev/Thesis/VLMs/data/affectnet/human_annotated/validation_set/images/1854.jpg,4,fear,0.0,surprise,/gpfs0/bgu-vilenchi/users/sdolev/Thesis/VLMs/data/affectnet/human_annotated/validation_set/images/1854.jpg
4355,/gpfs0/bgu-vilenchi/users/sdolev/Thesis/VLMs/data/affectnet/human_annotated/validation_set/images/4355.jpg,3,surprise,2.0,neutral,/gpfs0/bgu-vilenchi/users/sdolev/Thesis/VLMs/data/affectnet/human_annotated/validation_set/images/4355.jpg
1174,/gpfs0/bgu-vilenchi/users/sdolev/Thesis/VLMs/data/affectnet/human_annotated/validation_set/images/1174.jpg,4,fear,0.0,surprise,/gpfs0/bgu-vilenchi/users/sdolev/Thesis/VLMs/data/affectnet/human_annotated/validation_set/images/1174.jpg
4758,/gpfs0/bgu-vilenchi/users/sdolev/Thesis/VLMs/data/affectnet/human_annotated/validation_set/images/4758.jpg,0,neutral,2.0,neutral,/gpfs0/bgu-vilenchi/users/sdolev/Thesis/VLMs/data/affectnet/human_annotated/validation_set/images/4758.jpg
1577,/gpfs0/bgu-vilenchi/users/sdolev/Thesis/VLMs/data/affectnet/human_annotated/validation_set/images/1577.jpg,7,contempt,1.0,neutral,/gpfs0/bgu-vilenchi/users/sdolev/Thesis/VLMs/data/affectnet/human_annotated/validation_set/images/1577.jpg
2580,/gpfs0/bgu-vilenchi/users/sdolev/Thesis/VLMs/data/affectnet/human_annotated/validation_set/images/2580.jpg,1,happy,0.0,happy,/gpfs0/bgu-vilenchi/users/sdolev/Thesis/VLMs/data/affectnet/human_annotated/validation_set/images/2580.jpg
3519,/gpfs0/bgu-vilenchi/users/sdolev/Thesis/VLMs/data/affectnet/human_annotated/validation_set/images/3519.jpg,2,sad,0.0,sad,/gpfs0/bgu-vilenchi/users/sdolev/Thesis/VLMs/data/affectnet/human_annotated/validation_set/images/3519.jpg
1341,/gpfs0/bgu-vilenchi/users/sdolev/Thesis/VLMs/data/affectnet/human_annotated/validation_set/images/1341.jpg,0,neutral,1.0,neutral,/gpfs0/bgu-vilenchi/users/sdolev/Thesis/VLMs/data/affectnet/human_annotated/validation_set/images/1341.jpg
157,/gpfs0/bgu-vilenchi/users/sdolev/Thesis/VLMs/data/affectnet/human_annotated/validation_set/images/157.jpg,1,happy,0.0,happy,/gpfs0/bgu-vilenchi/users/sdolev/Thesis/VLMs/data/affectnet/human_annotated/validation_set/images/157.jpg
2983,/gpfs0/bgu-vilenchi/users/sdolev/Thesis/VLMs/data/affectnet/human_annotated/validation_set/images/2983.jpg,3,surprise,0.0,surprise,/gpfs0/bgu-vilenchi/users/sdolev/Thesis/VLMs/data/affectnet/human_annotated/validation_set/images/2983.jpg
5081,/gpfs0/bgu-vilenchi/users/sdolev/Thesis/VLMs/data/affectnet/human_annotated/validation_set/images/5081.jpg,5,disgust,2.0,fear,/gpfs0/bgu-vilenchi/users/sdolev/Thesis/VLMs/data/affectnet/human_annotated/validation_set/images/5081.jpg
4925,/gpfs0/bgu-vilenchi/users/sdolev/Thesis/VLMs/data/affectnet/human_annotated/validation_set/images/4925.jpg,7,contempt,2.0,neutral,/gpfs0/bgu-vilenchi/users/sdolev/Thesis/VLMs/data/affectnet/human_annotated/validation_set/images/4925.jpg
695,/gpfs0/bgu-vilenchi/users/sdolev/Thesis/VLMs/data/affectnet/human_annotated/validation_set/images/695.jpg,4,fear,2.0,surprise,/gpfs0/bgu-vilenchi/users/sdolev/Thesis/VLMs/data/affectnet/human_annotated/validation_set/images/695.jpg
1744,/gpfs0/bgu-vilenchi/users/sdolev/Thesis/VLMs/data/affectnet/human_annotated/validation_set/images/1744.jpg,0,neutral,0.0,neutral,/gpfs0/bgu-vilenchi/users/sdolev/Thesis/VLMs/data/affectnet/human_annotated/validation_set/images/1744.jpg
5178,/gpfs0/bgu-vilenchi/users/sdolev/Thesis/VLMs/data/affectnet/human_annotated/validation_set/images/5178.jpg,2,sad,0.0,sad,/gpfs0/bgu-vilenchi/users/sdolev/Thesis/VLMs/data/affectnet/human_annotated/validation_set/images/5178.jpg
4245,/gpfs0/bgu-vilenchi/users/sdolev/Thesis/VLMs/data/affectnet/human_annotated/validation_set/images/4245.jpg,2,sad,1.0,sad,/gpfs0/bgu-vilenchi/users/sdolev/Thesis/VLMs/data/affectnet/human_annotated/validation_set/images/4245.jpg
1064,/gpfs0/bgu-vilenchi/users/sdolev/Thesis/VLMs/data/affectnet/human_annotated/validation_set/images/1064.jpg,6,angry,0.0,angry,/gpfs0/bgu-vilenchi/users/sdolev/Thesis/VLMs/data/affectnet/human_annotated/validation_set/images/1064.jpg
2164,/gpfs0/bgu-vilenchi/users/sdolev/Thesis/VLMs/data/affectnet/human_annotated/validation_set/images/2164.jpg,1,happy,0.0,happy,/gpfs0/bgu-vilenchi/users/sdolev/Thesis/VLMs/data/affectnet/human_annotated/validation_set/images/2164.jpg
2470,/gpfs0/bgu-vilenchi/users/sdolev/Thesis/VLMs/data/affectnet/human_annotated/validation_set/images/2470.jpg,7,contempt,1.0,happy,/gpfs0/bgu-vilenchi/users/sdolev/Thesis/VLMs/data/affectnet/human_annotated/validation_set/images/2470.jpg
4106,/gpfs0/bgu-vilenchi/users/sdolev/Thesis/VLMs/data/affectnet/human_annotated/validation_set/images/4106.jpg,5,disgust,0.0,disgust,/gpfs0/bgu-vilenchi/users/sdolev/Thesis/VLMs/data/affectnet/human_annotated/validation_set/images/4106.jpg
171,/gpfs0/bgu-vilenchi/users/sdolev/Thesis/VLMs/data/affectnet/human_annotated/validation_set/images/171.jpg,0,neutral,0.0,neutral,/gpfs0/bgu-vilenchi/users/sdolev/Thesis/VLMs/data/affectnet/human_annotated/validation_set/images/171.jpg
4412,/gpfs0/bgu-vilenchi/users/sdolev/Thesis/VLMs/data/affectnet/human_annotated/validation_set/images/4412.jpg,0,neutral,2.0,neutral,/gpfs0/bgu-vilenchi/users/sdolev/Thesis/VLMs/data/affectnet/human_annotated/validation_set/images/4412.jpg
1231,/gpfs0/bgu-vilenchi/users/sdolev/Thesis/VLMs/data/affectnet/human_annotated/validation_set/images/1231.jpg,6,angry,2.0,neutral,/gpfs0/bgu-vilenchi/users/sdolev/Thesis/VLMs/data/affectnet/human_annotated/validation_set/images/1231.jpg
2873,/gpfs0/bgu-vilenchi/users/sdolev/Thesis/VLMs/data/affectnet/human_annotated/validation_set/images/2873.jpg,0,neutral,1.0,neutral,/gpfs0/bgu-vilenchi/users/sdolev/Thesis/VLMs/data/affectnet/human_annotated/validation_set/images/2873.jpg
469,/gpfs0/bgu-vilenchi/users/sdolev/Thesis/VLMs/data/affectnet/human_annotated/validation_set/images/469.jpg,5,disgust,1.0,disgust,/gpfs0/bgu-vilenchi/users/sdolev/Thesis/VLMs/data/affectnet/human_annotated/validation_set/images/469.jpg
4509,/gpfs0/bgu-vilenchi/users/sdolev/Thesis/VLMs/data/affectnet/human_annotated/validation_set/images/4509.jpg,4,fear,1.0,neutral,/gpfs0/bgu-vilenchi/users/sdolev/Thesis/VLMs/data/affectnet/human_annotated/validation_set/images/4509.jpg
1328,/gpfs0/bgu-vilenchi/users/sdolev/Thesis/VLMs/data/affectnet/human_annotated/validation_set/images/1328.jpg,6,angry,1.0,angry,/gpfs0/bgu-vilenchi/users/sdolev/Thesis/VLMs/data/affectnet/human_annotated/validation_set/images/1328.jpg
4815,/gpfs0/bgu-vilenchi/users/sdolev/Thesis/VLMs/data/affectnet/human_annotated/validation_set/images/4815.jpg,5,disgust,0.0,angry,/gpfs0/bgu-vilenchi/users/sdolev/Thesis/VLMs/data/affectnet/human_annotated/validation_set/images/4815.jpg
604,/gpfs0/bgu-vilenchi/users/sdolev/Thesis/VLMs/data/affectnet/human_annotated/validation_set/images/604.jpg,1,happy,0.0,happy,/gpfs0/bgu-vilenchi/users/sdolev/Thesis/VLMs/data/affectnet/human_annotated/validation_set/images/604.jpg
3293,/gpfs0/bgu-vilenchi/users/sdolev/Thesis/VLMs/data/affectnet/human_annotated/validation_set/images/3293.jpg,7,contempt,1.0,happy,/gpfs0/bgu-vilenchi/users/sdolev/Thesis/VLMs/data/affectnet/human_annotated/validation_set/images/3293.jpg
1801,/gpfs0/bgu-vilenchi/users/sdolev/Thesis/VLMs/data/affectnet/human_annotated/validation_set/images/1801.jpg,1,happy,0.0,happy,/gpfs0/bgu-vilenchi/users/sdolev/Thesis/VLMs/data/affectnet/human_annotated/validation_set/images/1801.jpg
5235,/gpfs0/bgu-vilenchi/users/sdolev/Thesis/VLMs/data/affectnet/human_annotated/validation_set/images/5235.jpg,0,neutral,0.0,neutral,/gpfs0/bgu-vilenchi/users/sdolev/Thesis/VLMs/data/affectnet/human_annotated/validation_set/images/5235.jpg
2054,/gpfs0/bgu-vilenchi/users/sdolev/Thesis/VLMs/data/affectnet/human_annotated/validation_set/images/2054.jpg,0,neutral,1.0,neutral,/gpfs0/bgu-vilenchi/users/sdolev/Thesis/VLMs/data/affectnet/human_annotated/validation_set/images/2054.jpg
3696,/gpfs0/bgu-vilenchi/users/sdolev/Thesis/VLMs/data/affectnet/human_annotated/validation_set/images/3696.jpg,2,sad,0.0,neutral,/gpfs0/bgu-vilenchi/users/sdolev/Thesis/VLMs/data/affectnet/human_annotated/validation_set/images/3696.jpg
2360,/gpfs0/bgu-vilenchi/users/sdolev/Thesis/VLMs/data/affectnet/human_annotated/validation_set/images/2360.jpg,6,angry,0.0,angry,/gpfs0/bgu-vilenchi/users/sdolev/Thesis/VLMs/data/affectnet/human_annotated/validation_set/images/2360.jpg
2457,/gpfs0/bgu-vilenchi/users/sdolev/Thesis/VLMs/data/affectnet/human_annotated/validation_set/images/2457.jpg,1,happy,0.0,happy,/gpfs0/bgu-vilenchi/users/sdolev/Thesis/VLMs/data/affectnet/human_annotated/validation_set/images/2457.jpg
3460,/gpfs0/bgu-vilenchi/users/sdolev/Thesis/VLMs/data/affectnet/human_annotated/validation_set/images/3460.jpg,4,fear,0.0,fear,/gpfs0/bgu-vilenchi/users/sdolev/Thesis/VLMs/data/affectnet/human_annotated/validation_set/images/3460.jpg
2763,/gpfs0/bgu-vilenchi/users/sdolev/Thesis/VLMs/data/affectnet/human_annotated/validation_set/images/2763.jpg,2,sad,1.0,sad,/gpfs0/bgu-vilenchi/users/sdolev/Thesis/VLMs/data/affectnet/human_annotated/validation_set/images/2763.jpg
2624,/gpfs0/bgu-vilenchi/users/sdolev/Thesis/VLMs/data/affectnet/human_annotated/validation_set/images/2624.jpg,6,angry,0.0,angry,/gpfs0/bgu-vilenchi/users/sdolev/Thesis/VLMs/data/affectnet/human_annotated/validation_set/images/2624.jpg
5125,/gpfs0/bgu-vilenchi/users/sdolev/Thesis/VLMs/data/affectnet/human_annotated/validation_set/images/5125.jpg,7,contempt,1.0,neutral,/gpfs0/bgu-vilenchi/users/sdolev/Thesis/VLMs/data/affectnet/human_annotated/validation_set/images/5125.jpg
3586,/gpfs0/bgu-vilenchi/users/sdolev/Thesis/VLMs/data/affectnet/human_annotated/validation_set/images/3586.jpg,2,sad,1.0,neutral,/gpfs0/bgu-vilenchi/users/sdolev/Thesis/VLMs/data/affectnet/human_annotated/validation_set/images/3586.jpg
394,/gpfs0/bgu-vilenchi/users/sdolev/Thesis/VLMs/data/affectnet/human_annotated/validation_set/images/394.jpg,4,fear,2.0,neutral,/gpfs0/bgu-vilenchi/users/sdolev/Thesis/VLMs/data/affectnet/human_annotated/validation_set/images/394.jpg
3350,/gpfs0/bgu-vilenchi/users/sdolev/Thesis/VLMs/data/affectnet/human_annotated/validation_set/images/3350.jpg,7,contempt,2.0,happy,/gpfs0/bgu-vilenchi/users/sdolev/Thesis/VLMs/data/affectnet/human_annotated/validation_set/images/3350.jpg
1108,/gpfs0/bgu-vilenchi/users/sdolev/Thesis/VLMs/data/affectnet/human_annotated/validation_set/images/1108.jpg,7,contempt,1.0,happy,/gpfs0/bgu-vilenchi/users/sdolev/Thesis/VLMs/data/affectnet/human_annotated/validation_set/images/1108.jpg
930,/gpfs0/bgu-vilenchi/users/sdolev/Thesis/VLMs/data/affectnet/human_annotated/validation_set/images/930.jpg,4,fear,2.0,surprise,/gpfs0/bgu-vilenchi/users/sdolev/Thesis/VLMs/data/affectnet/human_annotated/validation_set/images/930.jpg
3753,/gpfs0/bgu-vilenchi/users/sdolev/Thesis/VLMs/data/affectnet/human_annotated/validation_set/images/3753.jpg,6,angry,0.0,neutral,/gpfs0/bgu-vilenchi/users/sdolev/Thesis/VLMs/data/affectnet/human_annotated/validation_set/images/3753.jpg
827,/gpfs0/bgu-vilenchi/users/sdolev/Thesis/VLMs/data/affectnet/human_annotated/validation_set/images/827.jpg,1,happy,0.0,happy,/gpfs0/bgu-vilenchi/users/sdolev/Thesis/VLMs/data/affectnet/human_annotated/validation_set/images/827.jpg
2514,/gpfs0/bgu-vilenchi/users/sdolev/Thesis/VLMs/data/affectnet/human_annotated/validation_set/images/2514.jpg,7,contempt,1.0,neutral,/gpfs0/bgu-vilenchi/users/sdolev/Thesis/VLMs/data/affectnet/human_annotated/validation_set/images/2514.jpg
3073,/gpfs0/bgu-vilenchi/users/sdolev/Thesis/VLMs/data/affectnet/human_annotated/validation_set/images/3073.jpg,3,surprise,2.0,neutral,/gpfs0/bgu-vilenchi/users/sdolev/Thesis/VLMs/data/affectnet/human_annotated/validation_set/images/3073.jpg
2917,/gpfs0/bgu-vilenchi/users/sdolev/Thesis/VLMs/data/affectnet/human_annotated/validation_set/images/2917.jpg,7,contempt,2.0,neutral,/gpfs0/bgu-vilenchi/users/sdolev/Thesis/VLMs/data/affectnet/human_annotated/validation_set/images/2917.jpg
3920,/gpfs0/bgu-vilenchi/users/sdolev/Thesis/VLMs/data/affectnet/human_annotated/validation_set/images/3920.jpg,1,happy,0.0,happy,/gpfs0/bgu-vilenchi/users/sdolev/Thesis/VLMs/data/affectnet/human_annotated/validation_set/images/3920.jpg
5015,/gpfs0/bgu-vilenchi/users/sdolev/Thesis/VLMs/data/affectnet/human_annotated/validation_set/images/5015.jpg,2,sad,1.0,neutral,/gpfs0/bgu-vilenchi/users/sdolev/Thesis/VLMs/data/affectnet/human_annotated/validation_set/images/5015.jpg
5418,/gpfs0/bgu-vilenchi/users/sdolev/Thesis/VLMs/data/affectnet/human_annotated/validation_set/images/5418.jpg,2,sad,1.0,neutral,/gpfs0/bgu-vilenchi/users/sdolev/Thesis/VLMs/data/affectnet/human_annotated/validation_set/images/5418.jpg
303,/gpfs0/bgu-vilenchi/users/sdolev/Thesis/VLMs/data/affectnet/human_annotated/validation_set/images/303.jpg,5,disgust,2.0,neutral,/gpfs0/bgu-vilenchi/users/sdolev/Thesis/VLMs/data/affectnet/human_annotated/validation_set/images/303.jpg
3240,/gpfs0/bgu-vilenchi/users/sdolev/Thesis/VLMs/data/affectnet/human_annotated/validation_set/images/3240.jpg,3,surprise,1.0,neutral,/gpfs0/bgu-vilenchi/users/sdolev/Thesis/VLMs/data/affectnet/human_annotated/validation_set/images/3240.jpg
3879,/gpfs0/bgu-vilenchi/users/sdolev/Thesis/VLMs/data/affectnet/human_annotated/validation_set/images/3879.jpg,5,disgust,2.0,surprise,/gpfs0/bgu-vilenchi/users/sdolev/Thesis/VLMs/data/affectnet/human_annotated/validation_set/images/3879.jpg
4882,/gpfs0/bgu-vilenchi/users/sdolev/Thesis/VLMs/data/affectnet/human_annotated/validation_set/images/4882.jpg,5,disgust,0.0,happy,/gpfs0/bgu-vilenchi/users/sdolev/Thesis/VLMs/data/affectnet/human_annotated/validation_set/images/4882.jpg
841,/gpfs0/bgu-vilenchi/users/sdolev/Thesis/VLMs/data/affectnet/human_annotated/validation_set/images/841.jpg,2,sad,2.0,sad,/gpfs0/bgu-vilenchi/users/sdolev/Thesis/VLMs/data/affectnet/human_annotated/validation_set/images/841.jpg
3337,/gpfs0/bgu-vilenchi/users/sdolev/Thesis/VLMs/data/affectnet/human_annotated/validation_set/images/3337.jpg,1,happy,0.0,happy,/gpfs0/bgu-vilenchi/users/sdolev/Thesis/VLMs/data/affectnet/human_annotated/validation_set/images/3337.jpg
2001,/gpfs0/bgu-vilenchi/users/sdolev/Thesis/VLMs/data/affectnet/human_annotated/validation_set/images/2001.jpg,6,angry,0.0,angry,/gpfs0/bgu-vilenchi/users/sdolev/Thesis/VLMs/data/affectnet/human_annotated/validation_set/images/2001.jpg
3643,/gpfs0/bgu-vilenchi/users/sdolev/Thesis/VLMs/data/affectnet/human_annotated/validation_set/images/3643.jpg,2,sad,1.0,neutral,/gpfs0/bgu-vilenchi/users/sdolev/Thesis/VLMs/data/affectnet/human_annotated/validation_set/images/3643.jpg
1798,/gpfs0/bgu-vilenchi/users/sdolev/Thesis/VLMs/data/affectnet/human_annotated/validation_set/images/1798.jpg,4,fear,2.0,surprise,/gpfs0/bgu-vilenchi/users/sdolev/Thesis/VLMs/data/affectnet/human_annotated/validation_set/images/1798.jpg
4299,/gpfs0/bgu-vilenchi/users/sdolev/Thesis/VLMs/data/affectnet/human_annotated/validation_set/images/4299.jpg,3,surprise,1.0,neutral,/gpfs0/bgu-vilenchi/users/sdolev/Thesis/VLMs/data/affectnet/human_annotated/validation_set/images/4299.jpg
2807,/gpfs0/bgu-vilenchi/users/sdolev/Thesis/VLMs/data/affectnet/human_annotated/validation_set/images/2807.jpg,4,fear,0.0,surprise,/gpfs0/bgu-vilenchi/users/sdolev/Thesis/VLMs/data/affectnet/human_annotated/validation_set/images/2807.jpg
3810,/gpfs0/bgu-vilenchi/users/sdolev/Thesis/VLMs/data/affectnet/human_annotated/validation_set/images/3810.jpg,0,neutral,0.0,neutral,/gpfs0/bgu-vilenchi/users/sdolev/Thesis/VLMs/data/affectnet/human_annotated/validation_set/images/3810.jpg
214,/gpfs0/bgu-vilenchi/users/sdolev/Thesis/VLMs/data/affectnet/human_annotated/validation_set/images/214.jpg,0,neutral,0.0,neutral,/gpfs0/bgu-vilenchi/users/sdolev/Thesis/VLMs/data/affectnet/human_annotated/validation_set/images/214.jpg
4466,/gpfs0/bgu-vilenchi/users/sdolev/Thesis/VLMs/data/affectnet/human_annotated/validation_set/images/4466.jpg,2,sad,0.0,neutral,/gpfs0/bgu-vilenchi/users/sdolev/Thesis/VLMs/data/affectnet/human_annotated/validation_set/images/4466.jpg
615,/gpfs0/bgu-vilenchi/users/sdolev/Thesis/VLMs/data/affectnet/human_annotated/validation_set/images/615.jpg,2,sad,0.0,neutral,/gpfs0/bgu-vilenchi/users/sdolev/Thesis/VLMs/data/affectnet/human_annotated/validation_set/images/615.jpg
752,/gpfs0/bgu-vilenchi/users/sdolev/Thesis/VLMs/data/affectnet/human_annotated/validation_set/images/752.jpg,5,disgust,1.0,angry,/gpfs0/bgu-vilenchi/users/sdolev/Thesis/VLMs/data/affectnet/human_annotated/validation_set/images/752.jpg
1285,/gpfs0/bgu-vilenchi/users/sdolev/Thesis/VLMs/data/affectnet/human_annotated/validation_set/images/1285.jpg,3,surprise,0.0,surprise,/gpfs0/bgu-vilenchi/users/sdolev/Thesis/VLMs/data/affectnet/human_annotated/validation_set/images/1285.jpg
4772,/gpfs0/bgu-vilenchi/users/sdolev/Thesis/VLMs/data/affectnet/human_annotated/validation_set/images/4772.jpg,5,disgust,1.0,sad,/gpfs0/bgu-vilenchi/users/sdolev/Thesis/VLMs/data/affectnet/human_annotated/validation_set/images/4772.jpg
1591,/gpfs0/bgu-vilenchi/users/sdolev/Thesis/VLMs/data/affectnet/human_annotated/validation_set/images/1591.jpg,0,neutral,0.0,neutral,/gpfs0/bgu-vilenchi/users/sdolev/Thesis/VLMs/data/affectnet/human_annotated/validation_set/images/1591.jpg
3227,/gpfs0/bgu-vilenchi/users/sdolev/Thesis/VLMs/data/affectnet/human_annotated/validation_set/images/3227.jpg,0,neutral,1.0,neutral,/gpfs0/bgu-vilenchi/users/sdolev/Thesis/VLMs/data/affectnet/human_annotated/validation_set/images/3227.jpg
4230,/gpfs0/bgu-vilenchi/users/sdolev/Thesis/VLMs/data/affectnet/human_annotated/validation_set/images/4230.jpg,1,happy,0.0,surprise,/gpfs0/bgu-vilenchi/users/sdolev/Thesis/VLMs/data/affectnet/human_annotated/validation_set/images/4230.jpg
2691,/gpfs0/bgu-vilenchi/users/sdolev/Thesis/VLMs/data/affectnet/human_annotated/validation_set/images/2691.jpg,4,fear,0.0,surprise,/gpfs0/bgu-vilenchi/users/sdolev/Thesis/VLMs/data/affectnet/human_annotated/validation_set/images/2691.jpg
1994,/gpfs0/bgu-vilenchi/users/sdolev/Thesis/VLMs/data/affectnet/human_annotated/validation_set/images/1994.jpg,1,happy,0.0,happy,/gpfs0/bgu-vilenchi/users/sdolev/Thesis/VLMs/data/affectnet/human_annotated/validation_set/images/1994.jpg
4633,/gpfs0/bgu-vilenchi/users/sdolev/Thesis/VLMs/data/affectnet/human_annotated/validation_set/images/4633.jpg,6,angry,1.0,angry,/gpfs0/bgu-vilenchi/users/sdolev/Thesis/VLMs/data/affectnet/human_annotated/validation_set/images/4633.jpg
1452,/gpfs0/bgu-vilenchi/users/sdolev/Thesis/VLMs/data/affectnet/human_annotated/validation_set/images/1452.jpg,2,sad,1.0,surprise,/gpfs0/bgu-vilenchi/users/sdolev/Thesis/VLMs/data/affectnet/human_annotated/validation_set/images/1452.jpg
4189,/gpfs0/bgu-vilenchi/users/sdolev/Thesis/VLMs/data/affectnet/human_annotated/validation_set/images/4189.jpg,7,contempt,1.0,neutral,/gpfs0/bgu-vilenchi/users/sdolev/Thesis/VLMs/data/affectnet/human_annotated/validation_set/images/4189.jpg
5192,/gpfs0/bgu-vilenchi/users/sdolev/Thesis/VLMs/data/affectnet/human_annotated/validation_set/images/5192.jpg,0,neutral,0.0,happy,/gpfs0/bgu-vilenchi/users/sdolev/Thesis/VLMs/data/affectnet/human_annotated/validation_set/images/5192.jpg
3700,/gpfs0/bgu-vilenchi/users/sdolev/Thesis/VLMs/data/affectnet/human_annotated/validation_set/images/3700.jpg,1,happy,0.0,happy,/gpfs0/bgu-vilenchi/users/sdolev/Thesis/VLMs/data/affectnet/human_annotated/validation_set/images/3700.jpg
526,/gpfs0/bgu-vilenchi/users/sdolev/Thesis/VLMs/data/affectnet/human_annotated/validation_set/images/526.jpg,3,surprise,2.0,surprise,/gpfs0/bgu-vilenchi/users/sdolev/Thesis/VLMs/data/affectnet/human_annotated/validation_set/images/526.jpg
3117,/gpfs0/bgu-vilenchi/users/sdolev/Thesis/VLMs/data/affectnet/human_annotated/validation_set/images/3117.jpg,4,fear,1.0,surprise,/gpfs0/bgu-vilenchi/users/sdolev/Thesis/VLMs/data/affectnet/human_annotated/validation_set/images/3117.jpg
4120,/gpfs0/bgu-vilenchi/users/sdolev/Thesis/VLMs/data/affectnet/human_annotated/validation_set/images/4120.jpg,5,disgust,1.0,neutral,/gpfs0/bgu-vilenchi/users/sdolev/Thesis/VLMs/data/affectnet/human_annotated/validation_set/images/4120.jpg
4759,/gpfs0/bgu-vilenchi/users/sdolev/Thesis/VLMs/data/affectnet/human_annotated/validation_set/images/4759.jpg,3,surprise,0.0,neutral,/gpfs0/bgu-vilenchi/users/sdolev/Thesis/VLMs/data/affectnet/human_annotated/validation_set/images/4759.jpg
1578,/gpfs0/bgu-vilenchi/users/sdolev/Thesis/VLMs/data/affectnet/human_annotated/validation_set/images/1578.jpg,1,happy,0.0,happy,/gpfs0/bgu-vilenchi/users/sdolev/Thesis/VLMs/data/affectnet/human_annotated/validation_set/images/1578.jpg
2581,/gpfs0/bgu-vilenchi/users/sdolev/Thesis/VLMs/data/affectnet/human_annotated/validation_set/images/2581.jpg,2,sad,2.0,surprise,/gpfs0/bgu-vilenchi/users/sdolev/Thesis/VLMs/data/affectnet/human_annotated/validation_set/images/2581.jpg
4523,/gpfs0/bgu-vilenchi/users/sdolev/Thesis/VLMs/data/affectnet/human_annotated/validation_set/images/4523.jpg,5,disgust,2.0,happy,/gpfs0/bgu-vilenchi/users/sdolev/Thesis/VLMs/data/affectnet/human_annotated/validation_set/images/4523.jpg
1342,/gpfs0/bgu-vilenchi/users/sdolev/Thesis/VLMs/data/affectnet/human_annotated/validation_set/images/1342.jpg,0,neutral,0.0,sad,/gpfs0/bgu-vilenchi/users/sdolev/Thesis/VLMs/data/affectnet/human_annotated/validation_set/images/1342.jpg
2984,/gpfs0/bgu-vilenchi/users/sdolev/Thesis/VLMs/data/affectnet/human_annotated/validation_set/images/2984.jpg,3,surprise,2.0,happy,/gpfs0/bgu-vilenchi/users/sdolev/Thesis/VLMs/data/affectnet/human_annotated/validation_set/images/2984.jpg
5082,/gpfs0/bgu-vilenchi/users/sdolev/Thesis/VLMs/data/affectnet/human_annotated/validation_set/images/5082.jpg,6,angry,1.0,neutral,/gpfs0/bgu-vilenchi/users/sdolev/Thesis/VLMs/data/affectnet/human_annotated/validation_set/images/5082.jpg
4926,/gpfs0/bgu-vilenchi/users/sdolev/Thesis/VLMs/data/affectnet/human_annotated/validation_set/images/4926.jpg,0,neutral,0.0,neutral,/gpfs0/bgu-vilenchi/users/sdolev/Thesis/VLMs/data/affectnet/human_annotated/validation_set/images/4926.jpg
1745,/gpfs0/bgu-vilenchi/users/sdolev/Thesis/VLMs/data/affectnet/human_annotated/validation_set/images/1745.jpg,3,surprise,1.0,neutral,/gpfs0/bgu-vilenchi/users/sdolev/Thesis/VLMs/data/affectnet/human_annotated/validation_set/images/1745.jpg
5179,/gpfs0/bgu-vilenchi/users/sdolev/Thesis/VLMs/data/affectnet/human_annotated/validation_set/images/5179.jpg,7,contempt,1.0,happy,/gpfs0/bgu-vilenchi/users/sdolev/Thesis/VLMs/data/affectnet/human_annotated/validation_set/images/5179.jpg
437,/gpfs0/bgu-vilenchi/users/sdolev/Thesis/VLMs/data/affectnet/human_annotated/validation_set/images/437.jpg,3,surprise,2.0,neutral,/gpfs0/bgu-vilenchi/users/sdolev/Thesis/VLMs/data/affectnet/human_annotated/validation_set/images/437.jpg
838,/gpfs0/bgu-vilenchi/users/sdolev/Thesis/VLMs/data/affectnet/human_annotated/validation_set/images/838.jpg,1,happy,0.0,happy,/gpfs0/bgu-vilenchi/users/sdolev/Thesis/VLMs/data/affectnet/human_annotated/validation_set/images/838.jpg
1912,/gpfs0/bgu-vilenchi/users/sdolev/Thesis/VLMs/data/affectnet/human_annotated/validation_set/images/1912.jpg,3,surprise,2.0,surprise,/gpfs0/bgu-vilenchi/users/sdolev/Thesis/VLMs/data/affectnet/human_annotated/validation_set/images/1912.jpg
4010,/gpfs0/bgu-vilenchi/users/sdolev/Thesis/VLMs/data/affectnet/human_annotated/validation_set/images/4010.jpg,7,contempt,1.0,happy,/gpfs0/bgu-vilenchi/users/sdolev/Thesis/VLMs/data/affectnet/human_annotated/validation_set/images/4010.jpg
2165,/gpfs0/bgu-vilenchi/users/sdolev/Thesis/VLMs/data/affectnet/human_annotated/validation_set/images/2165.jpg,5,disgust,2.0,neutral,/gpfs0/bgu-vilenchi/users/sdolev/Thesis/VLMs/data/affectnet/human_annotated/validation_set/images/2165.jpg
1468,/gpfs0/bgu-vilenchi/users/sdolev/Thesis/VLMs/data/affectnet/human_annotated/validation_set/images/1468.jpg,1,happy,0.0,happy,/gpfs0/bgu-vilenchi/users/sdolev/Thesis/VLMs/data/affectnet/human_annotated/validation_set/images/1468.jpg
4107,/gpfs0/bgu-vilenchi/users/sdolev/Thesis/VLMs/data/affectnet/human_annotated/validation_set/images/4107.jpg,2,sad,0.0,sad,/gpfs0/bgu-vilenchi/users/sdolev/Thesis/VLMs/data/affectnet/human_annotated/validation_set/images/4107.jpg
2568,/gpfs0/bgu-vilenchi/users/sdolev/Thesis/VLMs/data/affectnet/human_annotated/validation_set/images/2568.jpg,0,neutral,0.0,neutral,/gpfs0/bgu-vilenchi/users/sdolev/Thesis/VLMs/data/affectnet/human_annotated/validation_set/images/2568.jpg
1232,/gpfs0/bgu-vilenchi/users/sdolev/Thesis/VLMs/data/affectnet/human_annotated/validation_set/images/1232.jpg,1,happy,0.0,happy,/gpfs0/bgu-vilenchi/users/sdolev/Thesis/VLMs/data/affectnet/human_annotated/validation_set/images/1232.jpg
2874,/gpfs0/bgu-vilenchi/users/sdolev/Thesis/VLMs/data/affectnet/human_annotated/validation_set/images/2874.jpg,7,contempt,1.0,happy,/gpfs0/bgu-vilenchi/users/sdolev/Thesis/VLMs/data/affectnet/human_annotated/validation_set/images/2874.jpg
1329,/gpfs0/bgu-vilenchi/users/sdolev/Thesis/VLMs/data/affectnet/human_annotated/validation_set/images/1329.jpg,6,angry,1.0,sad,/gpfs0/bgu-vilenchi/users/sdolev/Thesis/VLMs/data/affectnet/human_annotated/validation_set/images/1329.jpg
4816,/gpfs0/bgu-vilenchi/users/sdolev/Thesis/VLMs/data/affectnet/human_annotated/validation_set/images/4816.jpg,6,angry,1.0,neutral,/gpfs0/bgu-vilenchi/users/sdolev/Thesis/VLMs/data/affectnet/human_annotated/validation_set/images/4816.jpg
1635,/gpfs0/bgu-vilenchi/users/sdolev/Thesis/VLMs/data/affectnet/human_annotated/validation_set/images/1635.jpg,0,neutral,0.0,neutral,/gpfs0/bgu-vilenchi/users/sdolev/Thesis/VLMs/data/affectnet/human_annotated/validation_set/images/1635.jpg
451,/gpfs0/bgu-vilenchi/users/sdolev/Thesis/VLMs/data/affectnet/human_annotated/validation_set/images/451.jpg,5,disgust,1.0,disgust,/gpfs0/bgu-vilenchi/users/sdolev/Thesis/VLMs/data/affectnet/human_annotated/validation_set/images/451.jpg
5069,/gpfs0/bgu-vilenchi/users/sdolev/Thesis/VLMs/data/affectnet/human_annotated/validation_set/images/5069.jpg,5,disgust,2.0,neutral,/gpfs0/bgu-vilenchi/users/sdolev/Thesis/VLMs/data/affectnet/human_annotated/validation_set/images/5069.jpg
852,/gpfs0/bgu-vilenchi/users/sdolev/Thesis/VLMs/data/affectnet/human_annotated/validation_set/images/852.jpg,6,angry,1.0,neutral,/gpfs0/bgu-vilenchi/users/sdolev/Thesis/VLMs/data/affectnet/human_annotated/validation_set/images/852.jpg
749,/gpfs0/bgu-vilenchi/users/sdolev/Thesis/VLMs/data/affectnet/human_annotated/validation_set/images/749.jpg,3,surprise,2.0,surprise,/gpfs0/bgu-vilenchi/users/sdolev/Thesis/VLMs/data/affectnet/human_annotated/validation_set/images/749.jpg
3294,/gpfs0/bgu-vilenchi/users/sdolev/Thesis/VLMs/data/affectnet/human_annotated/validation_set/images/3294.jpg,1,happy,0.0,happy,/gpfs0/bgu-vilenchi/users/sdolev/Thesis/VLMs/data/affectnet/human_annotated/validation_set/images/3294.jpg
1802,/gpfs0/bgu-vilenchi/users/sdolev/Thesis/VLMs/data/affectnet/human_annotated/validation_set/images/1802.jpg,6,angry,1.0,neutral,/gpfs0/bgu-vilenchi/users/sdolev/Thesis/VLMs/data/affectnet/human_annotated/validation_set/images/1802.jpg
5236,/gpfs0/bgu-vilenchi/users/sdolev/Thesis/VLMs/data/affectnet/human_annotated/validation_set/images/5236.jpg,2,sad,2.0,sad,/gpfs0/bgu-vilenchi/users/sdolev/Thesis/VLMs/data/affectnet/human_annotated/validation_set/images/5236.jpg
3697,/gpfs0/bgu-vilenchi/users/sdolev/Thesis/VLMs/data/affectnet/human_annotated/validation_set/images/3697.jpg,1,happy,0.0,happy,/gpfs0/bgu-vilenchi/users/sdolev/Thesis/VLMs/data/affectnet/human_annotated/validation_set/images/3697.jpg
2361,/gpfs0/bgu-vilenchi/users/sdolev/Thesis/VLMs/data/affectnet/human_annotated/validation_set/images/2361.jpg,0,neutral,0.0,neutral,/gpfs0/bgu-vilenchi/users/sdolev/Thesis/VLMs/data/affectnet/human_annotated/validation_set/images/2361.jpg
2458,/gpfs0/bgu-vilenchi/users/sdolev/Thesis/VLMs/data/affectnet/human_annotated/validation_set/images/2458.jpg,1,happy,0.0,happy,/gpfs0/bgu-vilenchi/users/sdolev/Thesis/VLMs/data/affectnet/human_annotated/validation_set/images/2458.jpg
3461,/gpfs0/bgu-vilenchi/users/sdolev/Thesis/VLMs/data/affectnet/human_annotated/validation_set/images/3461.jpg,6,angry,1.0,neutral,/gpfs0/bgu-vilenchi/users/sdolev/Thesis/VLMs/data/affectnet/human_annotated/validation_set/images/3461.jpg
362,/gpfs0/bgu-vilenchi/users/sdolev/Thesis/VLMs/data/affectnet/human_annotated/validation_set/images/362.jpg,1,happy,0.0,happy,/gpfs0/bgu-vilenchi/users/sdolev/Thesis/VLMs/data/affectnet/human_annotated/validation_set/images/362.jpg
259,/gpfs0/bgu-vilenchi/users/sdolev/Thesis/VLMs/data/affectnet/human_annotated/validation_set/images/259.jpg,7,contempt,2.0,angry,/gpfs0/bgu-vilenchi/users/sdolev/Thesis/VLMs/data/affectnet/human_annotated/validation_set/images/259.jpg
763,/gpfs0/bgu-vilenchi/users/sdolev/Thesis/VLMs/data/affectnet/human_annotated/validation_set/images/763.jpg,1,happy,0.0,happy,/gpfs0/bgu-vilenchi/users/sdolev/Thesis/VLMs/data/affectnet/human_annotated/validation_set/images/763.jpg
3587,/gpfs0/bgu-vilenchi/users/sdolev/Thesis/VLMs/data/affectnet/human_annotated/validation_set/images/3587.jpg,5,disgust,1.0,disgust,/gpfs0/bgu-vilenchi/users/sdolev/Thesis/VLMs/data/affectnet/human_annotated/validation_set/images/3587.jpg
2348,/gpfs0/bgu-vilenchi/users/sdolev/Thesis/VLMs/data/affectnet/human_annotated/validation_set/images/2348.jpg,7,contempt,2.0,surprise,/gpfs0/bgu-vilenchi/users/sdolev/Thesis/VLMs/data/affectnet/human_annotated/validation_set/images/2348.jpg
3351,/gpfs0/bgu-vilenchi/users/sdolev/Thesis/VLMs/data/affectnet/human_annotated/validation_set/images/3351.jpg,1,happy,0.0,happy,/gpfs0/bgu-vilenchi/users/sdolev/Thesis/VLMs/data/affectnet/human_annotated/validation_set/images/3351.jpg
136,/gpfs0/bgu-vilenchi/users/sdolev/Thesis/VLMs/data/affectnet/human_annotated/validation_set/images/136.jpg,1,happy,0.0,happy,/gpfs0/bgu-vilenchi/users/sdolev/Thesis/VLMs/data/affectnet/human_annotated/validation_set/images/136.jpg
273,/gpfs0/bgu-vilenchi/users/sdolev/Thesis/VLMs/data/affectnet/human_annotated/validation_set/images/273.jpg,6,angry,2.0,neutral,/gpfs0/bgu-vilenchi/users/sdolev/Thesis/VLMs/data/affectnet/human_annotated/validation_set/images/273.jpg
1109,/gpfs0/bgu-vilenchi/users/sdolev/Thesis/VLMs/data/affectnet/human_annotated/validation_set/images/1109.jpg,0,neutral,0.0,neutral,/gpfs0/bgu-vilenchi/users/sdolev/Thesis/VLMs/data/affectnet/human_annotated/validation_set/images/1109.jpg
2112,/gpfs0/bgu-vilenchi/users/sdolev/Thesis/VLMs/data/affectnet/human_annotated/validation_set/images/2112.jpg,0,neutral,2.0,happy,/gpfs0/bgu-vilenchi/users/sdolev/Thesis/VLMs/data/affectnet/human_annotated/validation_set/images/2112.jpg
3754,/gpfs0/bgu-vilenchi/users/sdolev/Thesis/VLMs/data/affectnet/human_annotated/validation_set/images/3754.jpg,5,disgust,2.0,surprise,/gpfs0/bgu-vilenchi/users/sdolev/Thesis/VLMs/data/affectnet/human_annotated/validation_set/images/3754.jpg
674,/gpfs0/bgu-vilenchi/users/sdolev/Thesis/VLMs/data/affectnet/human_annotated/validation_set/images/674.jpg,0,neutral,2.0,neutral,/gpfs0/bgu-vilenchi/users/sdolev/Thesis/VLMs/data/affectnet/human_annotated/validation_set/images/674.jpg
3074,/gpfs0/bgu-vilenchi/users/sdolev/Thesis/VLMs/data/affectnet/human_annotated/validation_set/images/3074.jpg,5,disgust,1.0,surprise,/gpfs0/bgu-vilenchi/users/sdolev/Thesis/VLMs/data/affectnet/human_annotated/validation_set/images/3074.jpg
2918,/gpfs0/bgu-vilenchi/users/sdolev/Thesis/VLMs/data/affectnet/human_annotated/validation_set/images/2918.jpg,2,sad,0.0,sad,/gpfs0/bgu-vilenchi/users/sdolev/Thesis/VLMs/data/affectnet/human_annotated/validation_set/images/2918.jpg
3921,/gpfs0/bgu-vilenchi/users/sdolev/Thesis/VLMs/data/affectnet/human_annotated/validation_set/images/3921.jpg,0,neutral,0.0,neutral,/gpfs0/bgu-vilenchi/users/sdolev/Thesis/VLMs/data/affectnet/human_annotated/validation_set/images/3921.jpg
5016,/gpfs0/bgu-vilenchi/users/sdolev/Thesis/VLMs/data/affectnet/human_annotated/validation_set/images/5016.jpg,7,contempt,2.0,disgust,/gpfs0/bgu-vilenchi/users/sdolev/Thesis/VLMs/data/affectnet/human_annotated/validation_set/images/5016.jpg
3477,/gpfs0/bgu-vilenchi/users/sdolev/Thesis/VLMs/data/affectnet/human_annotated/validation_set/images/3477.jpg,2,sad,2.0,angry,/gpfs0/bgu-vilenchi/users/sdolev/Thesis/VLMs/data/affectnet/human_annotated/validation_set/images/3477.jpg
4480,/gpfs0/bgu-vilenchi/users/sdolev/Thesis/VLMs/data/affectnet/human_annotated/validation_set/images/4480.jpg,2,sad,1.0,happy,/gpfs0/bgu-vilenchi/users/sdolev/Thesis/VLMs/data/affectnet/human_annotated/validation_set/images/4480.jpg
5419,/gpfs0/bgu-vilenchi/users/sdolev/Thesis/VLMs/data/affectnet/human_annotated/validation_set/images/5419.jpg,1,happy,0.0,happy,/gpfs0/bgu-vilenchi/users/sdolev/Thesis/VLMs/data/affectnet/human_annotated/validation_set/images/5419.jpg
4577,/gpfs0/bgu-vilenchi/users/sdolev/Thesis/VLMs/data/affectnet/human_annotated/validation_set/images/4577.jpg,5,disgust,1.0,surprise,/gpfs0/bgu-vilenchi/users/sdolev/Thesis/VLMs/data/affectnet/human_annotated/validation_set/images/4577.jpg
184,/gpfs0/bgu-vilenchi/users/sdolev/Thesis/VLMs/data/affectnet/human_annotated/validation_set/images/184.jpg,0,neutral,0.0,neutral,/gpfs0/bgu-vilenchi/users/sdolev/Thesis/VLMs/data/affectnet/human_annotated/validation_set/images/184.jpg
3241,/gpfs0/bgu-vilenchi/users/sdolev/Thesis/VLMs/data/affectnet/human_annotated/validation_set/images/3241.jpg,1,happy,0.0,happy,/gpfs0/bgu-vilenchi/users/sdolev/Thesis/VLMs/data/affectnet/human_annotated/validation_set/images/3241.jpg
1396,/gpfs0/bgu-vilenchi/users/sdolev/Thesis/VLMs/data/affectnet/human_annotated/validation_set/images/1396.jpg,5,disgust,0.0,neutral,/gpfs0/bgu-vilenchi/users/sdolev/Thesis/VLMs/data/affectnet/human_annotated/validation_set/images/1396.jpg
4883,/gpfs0/bgu-vilenchi/users/sdolev/Thesis/VLMs/data/affectnet/human_annotated/validation_set/images/4883.jpg,5,disgust,2.0,neutral,/gpfs0/bgu-vilenchi/users/sdolev/Thesis/VLMs/data/affectnet/human_annotated/validation_set/images/4883.jpg
3338,/gpfs0/bgu-vilenchi/users/sdolev/Thesis/VLMs/data/affectnet/human_annotated/validation_set/images/3338.jpg,0,neutral,0.0,neutral,/gpfs0/bgu-vilenchi/users/sdolev/Thesis/VLMs/data/affectnet/human_annotated/validation_set/images/3338.jpg
2002,/gpfs0/bgu-vilenchi/users/sdolev/Thesis/VLMs/data/affectnet/human_annotated/validation_set/images/2002.jpg,5,disgust,2.0,happy,/gpfs0/bgu-vilenchi/users/sdolev/Thesis/VLMs/data/affectnet/human_annotated/validation_set/images/2002.jpg
1799,/gpfs0/bgu-vilenchi/users/sdolev/Thesis/VLMs/data/affectnet/human_annotated/validation_set/images/1799.jpg,5,disgust,1.0,surprise,/gpfs0/bgu-vilenchi/users/sdolev/Thesis/VLMs/data/affectnet/human_annotated/validation_set/images/1799.jpg
986,/gpfs0/bgu-vilenchi/users/sdolev/Thesis/VLMs/data/affectnet/human_annotated/validation_set/images/986.jpg,1,happy,0.0,happy,/gpfs0/bgu-vilenchi/users/sdolev/Thesis/VLMs/data/affectnet/human_annotated/validation_set/images/986.jpg
2405,/gpfs0/bgu-vilenchi/users/sdolev/Thesis/VLMs/data/affectnet/human_annotated/validation_set/images/2405.jpg,3,surprise,1.0,surprise,/gpfs0/bgu-vilenchi/users/sdolev/Thesis/VLMs/data/affectnet/human_annotated/validation_set/images/2405.jpg
2808,/gpfs0/bgu-vilenchi/users/sdolev/Thesis/VLMs/data/affectnet/human_annotated/validation_set/images/2808.jpg,1,happy,0.0,happy,/gpfs0/bgu-vilenchi/users/sdolev/Thesis/VLMs/data/affectnet/human_annotated/validation_set/images/2808.jpg
3811,/gpfs0/bgu-vilenchi/users/sdolev/Thesis/VLMs/data/affectnet/human_annotated/validation_set/images/3811.jpg,6,angry,0.0,angry,/gpfs0/bgu-vilenchi/users/sdolev/Thesis/VLMs/data/affectnet/human_annotated/validation_set/images/3811.jpg
4064,/gpfs0/bgu-vilenchi/users/sdolev/Thesis/VLMs/data/affectnet/human_annotated/validation_set/images/4064.jpg,0,neutral,0.0,neutral,/gpfs0/bgu-vilenchi/users/sdolev/Thesis/VLMs/data/affectnet/human_annotated/validation_set/images/4064.jpg
4370,/gpfs0/bgu-vilenchi/users/sdolev/Thesis/VLMs/data/affectnet/human_annotated/validation_set/images/4370.jpg,2,sad,2.0,neutral,/gpfs0/bgu-vilenchi/users/sdolev/Thesis/VLMs/data/affectnet/human_annotated/validation_set/images/4370.jpg
5470,/gpfs0/bgu-vilenchi/users/sdolev/Thesis/VLMs/data/affectnet/human_annotated/validation_set/images/5470.jpg,0,neutral,2.0,happy,/gpfs0/bgu-vilenchi/users/sdolev/Thesis/VLMs/data/affectnet/human_annotated/validation_set/images/5470.jpg
1286,/gpfs0/bgu-vilenchi/users/sdolev/Thesis/VLMs/data/affectnet/human_annotated/validation_set/images/1286.jpg,3,surprise,1.0,surprise,/gpfs0/bgu-vilenchi/users/sdolev/Thesis/VLMs/data/affectnet/human_annotated/validation_set/images/1286.jpg
4773,/gpfs0/bgu-vilenchi/users/sdolev/Thesis/VLMs/data/affectnet/human_annotated/validation_set/images/4773.jpg,0,neutral,0.0,neutral,/gpfs0/bgu-vilenchi/users/sdolev/Thesis/VLMs/data/affectnet/human_annotated/validation_set/images/4773.jpg
496,/gpfs0/bgu-vilenchi/users/sdolev/Thesis/VLMs/data/affectnet/human_annotated/validation_set/images/496.jpg,0,neutral,0.0,neutral,/gpfs0/bgu-vilenchi/users/sdolev/Thesis/VLMs/data/affectnet/human_annotated/validation_set/images/496.jpg
1592,/gpfs0/bgu-vilenchi/users/sdolev/Thesis/VLMs/data/affectnet/human_annotated/validation_set/images/1592.jpg,5,disgust,1.0,happy,/gpfs0/bgu-vilenchi/users/sdolev/Thesis/VLMs/data/affectnet/human_annotated/validation_set/images/1592.jpg
3228,/gpfs0/bgu-vilenchi/users/sdolev/Thesis/VLMs/data/affectnet/human_annotated/validation_set/images/3228.jpg,7,contempt,2.0,happy,/gpfs0/bgu-vilenchi/users/sdolev/Thesis/VLMs/data/affectnet/human_annotated/validation_set/images/3228.jpg
4231,/gpfs0/bgu-vilenchi/users/sdolev/Thesis/VLMs/data/affectnet/human_annotated/validation_set/images/4231.jpg,0,neutral,2.0,surprise,/gpfs0/bgu-vilenchi/users/sdolev/Thesis/VLMs/data/affectnet/human_annotated/validation_set/images/4231.jpg
1050,/gpfs0/bgu-vilenchi/users/sdolev/Thesis/VLMs/data/affectnet/human_annotated/validation_set/images/1050.jpg,0,neutral,0.0,neutral,/gpfs0/bgu-vilenchi/users/sdolev/Thesis/VLMs/data/affectnet/human_annotated/validation_set/images/1050.jpg
1689,/gpfs0/bgu-vilenchi/users/sdolev/Thesis/VLMs/data/affectnet/human_annotated/validation_set/images/1689.jpg,7,contempt,1.0,neutral,/gpfs0/bgu-vilenchi/users/sdolev/Thesis/VLMs/data/affectnet/human_annotated/validation_set/images/1689.jpg
2692,/gpfs0/bgu-vilenchi/users/sdolev/Thesis/VLMs/data/affectnet/human_annotated/validation_set/images/2692.jpg,2,sad,2.0,neutral,/gpfs0/bgu-vilenchi/users/sdolev/Thesis/VLMs/data/affectnet/human_annotated/validation_set/images/2692.jpg
4634,/gpfs0/bgu-vilenchi/users/sdolev/Thesis/VLMs/data/affectnet/human_annotated/validation_set/images/4634.jpg,3,surprise,2.0,sad,/gpfs0/bgu-vilenchi/users/sdolev/Thesis/VLMs/data/affectnet/human_annotated/validation_set/images/4634.jpg
1453,/gpfs0/bgu-vilenchi/users/sdolev/Thesis/VLMs/data/affectnet/human_annotated/validation_set/images/1453.jpg,4,fear,2.0,surprise,/gpfs0/bgu-vilenchi/users/sdolev/Thesis/VLMs/data/affectnet/human_annotated/validation_set/images/1453.jpg
4940,/gpfs0/bgu-vilenchi/users/sdolev/Thesis/VLMs/data/affectnet/human_annotated/validation_set/images/4940.jpg,1,happy,0.0,happy,/gpfs0/bgu-vilenchi/users/sdolev/Thesis/VLMs/data/affectnet/human_annotated/validation_set/images/4940.jpg
5193,/gpfs0/bgu-vilenchi/users/sdolev/Thesis/VLMs/data/affectnet/human_annotated/validation_set/images/5193.jpg,7,contempt,1.0,happy,/gpfs0/bgu-vilenchi/users/sdolev/Thesis/VLMs/data/affectnet/human_annotated/validation_set/images/5193.jpg
3701,/gpfs0/bgu-vilenchi/users/sdolev/Thesis/VLMs/data/affectnet/human_annotated/validation_set/images/3701.jpg,7,contempt,0.0,neutral,/gpfs0/bgu-vilenchi/users/sdolev/Thesis/VLMs/data/affectnet/human_annotated/validation_set/images/3701.jpg
1856,/gpfs0/bgu-vilenchi/users/sdolev/Thesis/VLMs/data/affectnet/human_annotated/validation_set/images/1856.jpg,0,neutral,0.0,neutral,/gpfs0/bgu-vilenchi/users/sdolev/Thesis/VLMs/data/affectnet/human_annotated/validation_set/images/1856.jpg
4357,/gpfs0/bgu-vilenchi/users/sdolev/Thesis/VLMs/data/affectnet/human_annotated/validation_set/images/4357.jpg,1,happy,0.0,happy,/gpfs0/bgu-vilenchi/users/sdolev/Thesis/VLMs/data/affectnet/human_annotated/validation_set/images/4357.jpg
5360,/gpfs0/bgu-vilenchi/users/sdolev/Thesis/VLMs/data/affectnet/human_annotated/validation_set/images/5360.jpg,3,surprise,0.0,surprise,/gpfs0/bgu-vilenchi/users/sdolev/Thesis/VLMs/data/affectnet/human_annotated/validation_set/images/5360.jpg
1176,/gpfs0/bgu-vilenchi/users/sdolev/Thesis/VLMs/data/affectnet/human_annotated/validation_set/images/1176.jpg,4,fear,1.0,surprise,/gpfs0/bgu-vilenchi/users/sdolev/Thesis/VLMs/data/affectnet/human_annotated/validation_set/images/1176.jpg
3118,/gpfs0/bgu-vilenchi/users/sdolev/Thesis/VLMs/data/affectnet/human_annotated/validation_set/images/3118.jpg,3,surprise,1.0,happy,/gpfs0/bgu-vilenchi/users/sdolev/Thesis/VLMs/data/affectnet/human_annotated/validation_set/images/3118.jpg
4121,/gpfs0/bgu-vilenchi/users/sdolev/Thesis/VLMs/data/affectnet/human_annotated/validation_set/images/4121.jpg,1,happy,0.0,happy,/gpfs0/bgu-vilenchi/users/sdolev/Thesis/VLMs/data/affectnet/human_annotated/validation_set/images/4121.jpg
1579,/gpfs0/bgu-vilenchi/users/sdolev/Thesis/VLMs/data/affectnet/human_annotated/validation_set/images/1579.jpg,7,contempt,0.0,neutral,/gpfs0/bgu-vilenchi/users/sdolev/Thesis/VLMs/data/affectnet/human_annotated/validation_set/images/1579.jpg
2582,/gpfs0/bgu-vilenchi/users/sdolev/Thesis/VLMs/data/affectnet/human_annotated/validation_set/images/2582.jpg,4,fear,2.0,surprise,/gpfs0/bgu-vilenchi/users/sdolev/Thesis/VLMs/data/affectnet/human_annotated/validation_set/images/2582.jpg
806,/gpfs0/bgu-vilenchi/users/sdolev/Thesis/VLMs/data/affectnet/human_annotated/validation_set/images/806.jpg,3,surprise,2.0,surprise,/gpfs0/bgu-vilenchi/users/sdolev/Thesis/VLMs/data/affectnet/human_annotated/validation_set/images/806.jpg
4524,/gpfs0/bgu-vilenchi/users/sdolev/Thesis/VLMs/data/affectnet/human_annotated/validation_set/images/4524.jpg,2,sad,0.0,sad,/gpfs0/bgu-vilenchi/users/sdolev/Thesis/VLMs/data/affectnet/human_annotated/validation_set/images/4524.jpg
1343,/gpfs0/bgu-vilenchi/users/sdolev/Thesis/VLMs/data/affectnet/human_annotated/validation_set/images/1343.jpg,1,happy,0.0,happy,/gpfs0/bgu-vilenchi/users/sdolev/Thesis/VLMs/data/affectnet/human_annotated/validation_set/images/1343.jpg
5083,/gpfs0/bgu-vilenchi/users/sdolev/Thesis/VLMs/data/affectnet/human_annotated/validation_set/images/5083.jpg,5,disgust,0.0,angry,/gpfs0/bgu-vilenchi/users/sdolev/Thesis/VLMs/data/affectnet/human_annotated/validation_set/images/5083.jpg
1746,/gpfs0/bgu-vilenchi/users/sdolev/Thesis/VLMs/data/affectnet/human_annotated/validation_set/images/1746.jpg,4,fear,2.0,fear,/gpfs0/bgu-vilenchi/users/sdolev/Thesis/VLMs/data/affectnet/human_annotated/validation_set/images/1746.jpg
5486,/gpfs0/bgu-vilenchi/users/sdolev/Thesis/VLMs/data/affectnet/human_annotated/validation_set/images/5486.jpg,5,disgust,0.0,neutral,/gpfs0/bgu-vilenchi/users/sdolev/Thesis/VLMs/data/affectnet/human_annotated/validation_set/images/5486.jpg
1510,/gpfs0/bgu-vilenchi/users/sdolev/Thesis/VLMs/data/affectnet/human_annotated/validation_set/images/1510.jpg,3,surprise,1.0,sad,/gpfs0/bgu-vilenchi/users/sdolev/Thesis/VLMs/data/affectnet/human_annotated/validation_set/images/1510.jpg
4247,/gpfs0/bgu-vilenchi/users/sdolev/Thesis/VLMs/data/affectnet/human_annotated/validation_set/images/4247.jpg,0,neutral,0.0,neutral,/gpfs0/bgu-vilenchi/users/sdolev/Thesis/VLMs/data/affectnet/human_annotated/validation_set/images/4247.jpg
5250,/gpfs0/bgu-vilenchi/users/sdolev/Thesis/VLMs/data/affectnet/human_annotated/validation_set/images/5250.jpg,4,fear,1.0,surprise,/gpfs0/bgu-vilenchi/users/sdolev/Thesis/VLMs/data/affectnet/human_annotated/validation_set/images/5250.jpg
1066,/gpfs0/bgu-vilenchi/users/sdolev/Thesis/VLMs/data/affectnet/human_annotated/validation_set/images/1066.jpg,7,contempt,1.0,happy,/gpfs0/bgu-vilenchi/users/sdolev/Thesis/VLMs/data/affectnet/human_annotated/validation_set/images/1066.jpg
5347,/gpfs0/bgu-vilenchi/users/sdolev/Thesis/VLMs/data/affectnet/human_annotated/validation_set/images/5347.jpg,6,angry,0.0,neutral,/gpfs0/bgu-vilenchi/users/sdolev/Thesis/VLMs/data/affectnet/human_annotated/validation_set/images/5347.jpg
4011,/gpfs0/bgu-vilenchi/users/sdolev/Thesis/VLMs/data/affectnet/human_annotated/validation_set/images/4011.jpg,1,happy,2.0,neutral,/gpfs0/bgu-vilenchi/users/sdolev/Thesis/VLMs/data/affectnet/human_annotated/validation_set/images/4011.jpg
2166,/gpfs0/bgu-vilenchi/users/sdolev/Thesis/VLMs/data/affectnet/human_annotated/validation_set/images/2166.jpg,4,fear,1.0,surprise,/gpfs0/bgu-vilenchi/users/sdolev/Thesis/VLMs/data/affectnet/human_annotated/validation_set/images/2166.jpg
717,/gpfs0/bgu-vilenchi/users/sdolev/Thesis/VLMs/data/affectnet/human_annotated/validation_set/images/717.jpg,1,happy,0.0,happy,/gpfs0/bgu-vilenchi/users/sdolev/Thesis/VLMs/data/affectnet/human_annotated/validation_set/images/717.jpg
1469,/gpfs0/bgu-vilenchi/users/sdolev/Thesis/VLMs/data/affectnet/human_annotated/validation_set/images/1469.jpg,2,sad,2.0,surprise,/gpfs0/bgu-vilenchi/users/sdolev/Thesis/VLMs/data/affectnet/human_annotated/validation_set/images/1469.jpg
2472,/gpfs0/bgu-vilenchi/users/sdolev/Thesis/VLMs/data/affectnet/human_annotated/validation_set/images/2472.jpg,3,surprise,2.0,neutral,/gpfs0/bgu-vilenchi/users/sdolev/Thesis/VLMs/data/affectnet/human_annotated/validation_set/images/2472.jpg
4414,/gpfs0/bgu-vilenchi/users/sdolev/Thesis/VLMs/data/affectnet/human_annotated/validation_set/images/4414.jpg,2,sad,1.0,neutral,/gpfs0/bgu-vilenchi/users/sdolev/Thesis/VLMs/data/affectnet/human_annotated/validation_set/images/4414.jpg
2569,/gpfs0/bgu-vilenchi/users/sdolev/Thesis/VLMs/data/affectnet/human_annotated/validation_set/images/2569.jpg,5,disgust,1.0,neutral,/gpfs0/bgu-vilenchi/users/sdolev/Thesis/VLMs/data/affectnet/human_annotated/validation_set/images/2569.jpg
1233,/gpfs0/bgu-vilenchi/users/sdolev/Thesis/VLMs/data/affectnet/human_annotated/validation_set/images/1233.jpg,6,angry,0.0,surprise,/gpfs0/bgu-vilenchi/users/sdolev/Thesis/VLMs/data/affectnet/human_annotated/validation_set/images/1233.jpg
2875,/gpfs0/bgu-vilenchi/users/sdolev/Thesis/VLMs/data/affectnet/human_annotated/validation_set/images/2875.jpg,4,fear,2.0,neutral,/gpfs0/bgu-vilenchi/users/sdolev/Thesis/VLMs/data/affectnet/human_annotated/validation_set/images/2875.jpg
4817,/gpfs0/bgu-vilenchi/users/sdolev/Thesis/VLMs/data/affectnet/human_annotated/validation_set/images/4817.jpg,7,contempt,1.0,happy,/gpfs0/bgu-vilenchi/users/sdolev/Thesis/VLMs/data/affectnet/human_annotated/validation_set/images/4817.jpg
1636,/gpfs0/bgu-vilenchi/users/sdolev/Thesis/VLMs/data/affectnet/human_annotated/validation_set/images/1636.jpg,3,surprise,0.0,surprise,/gpfs0/bgu-vilenchi/users/sdolev/Thesis/VLMs/data/affectnet/human_annotated/validation_set/images/1636.jpg
195,/gpfs0/bgu-vilenchi/users/sdolev/Thesis/VLMs/data/affectnet/human_annotated/validation_set/images/195.jpg,2,sad,1.0,sad,/gpfs0/bgu-vilenchi/users/sdolev/Thesis/VLMs/data/affectnet/human_annotated/validation_set/images/195.jpg
1400,/gpfs0/bgu-vilenchi/users/sdolev/Thesis/VLMs/data/affectnet/human_annotated/validation_set/images/1400.jpg,2,sad,0.0,sad,/gpfs0/bgu-vilenchi/users/sdolev/Thesis/VLMs/data/affectnet/human_annotated/validation_set/images/1400.jpg
5140,/gpfs0/bgu-vilenchi/users/sdolev/Thesis/VLMs/data/affectnet/human_annotated/validation_set/images/5140.jpg,0,neutral,1.0,neutral,/gpfs0/bgu-vilenchi/users/sdolev/Thesis/VLMs/data/affectnet/human_annotated/validation_set/images/5140.jpg
3295,/gpfs0/bgu-vilenchi/users/sdolev/Thesis/VLMs/data/affectnet/human_annotated/validation_set/images/3295.jpg,7,contempt,0.0,neutral,/gpfs0/bgu-vilenchi/users/sdolev/Thesis/VLMs/data/affectnet/human_annotated/validation_set/images/3295.jpg
731,/gpfs0/bgu-vilenchi/users/sdolev/Thesis/VLMs/data/affectnet/human_annotated/validation_set/images/731.jpg,2,sad,0.0,sad,/gpfs0/bgu-vilenchi/users/sdolev/Thesis/VLMs/data/affectnet/human_annotated/validation_set/images/731.jpg
1803,/gpfs0/bgu-vilenchi/users/sdolev/Thesis/VLMs/data/affectnet/human_annotated/validation_set/images/1803.jpg,7,contempt,2.0,happy,/gpfs0/bgu-vilenchi/users/sdolev/Thesis/VLMs/data/affectnet/human_annotated/validation_set/images/1803.jpg
5237,/gpfs0/bgu-vilenchi/users/sdolev/Thesis/VLMs/data/affectnet/human_annotated/validation_set/images/5237.jpg,4,fear,2.0,surprise,/gpfs0/bgu-vilenchi/users/sdolev/Thesis/VLMs/data/affectnet/human_annotated/validation_set/images/5237.jpg
2056,/gpfs0/bgu-vilenchi/users/sdolev/Thesis/VLMs/data/affectnet/human_annotated/validation_set/images/2056.jpg,3,surprise,2.0,happy,/gpfs0/bgu-vilenchi/users/sdolev/Thesis/VLMs/data/affectnet/human_annotated/validation_set/images/2056.jpg
3698,/gpfs0/bgu-vilenchi/users/sdolev/Thesis/VLMs/data/affectnet/human_annotated/validation_set/images/3698.jpg,4,fear,1.0,surprise,/gpfs0/bgu-vilenchi/users/sdolev/Thesis/VLMs/data/affectnet/human_annotated/validation_set/images/3698.jpg
5001,/gpfs0/bgu-vilenchi/users/sdolev/Thesis/VLMs/data/affectnet/human_annotated/validation_set/images/5001.jpg,3,surprise,1.0,neutral,/gpfs0/bgu-vilenchi/users/sdolev/Thesis/VLMs/data/affectnet/human_annotated/validation_set/images/5001.jpg
2459,/gpfs0/bgu-vilenchi/users/sdolev/Thesis/VLMs/data/affectnet/human_annotated/validation_set/images/2459.jpg,1,happy,0.0,happy,/gpfs0/bgu-vilenchi/users/sdolev/Thesis/VLMs/data/affectnet/human_annotated/validation_set/images/2459.jpg
70,/gpfs0/bgu-vilenchi/users/sdolev/Thesis/VLMs/data/affectnet/human_annotated/validation_set/images/70.jpg,5,disgust,1.0,happy,/gpfs0/bgu-vilenchi/users/sdolev/Thesis/VLMs/data/affectnet/human_annotated/validation_set/images/70.jpg
5404,/gpfs0/bgu-vilenchi/users/sdolev/Thesis/VLMs/data/affectnet/human_annotated/validation_set/images/5404.jpg,1,happy,0.0,happy,/gpfs0/bgu-vilenchi/users/sdolev/Thesis/VLMs/data/affectnet/human_annotated/validation_set/images/5404.jpg
42,/gpfs0/bgu-vilenchi/users/sdolev/Thesis/VLMs/data/affectnet/human_annotated/validation_set/images/42.jpg,2,sad,0.0,sad,/gpfs0/bgu-vilenchi/users/sdolev/Thesis/VLMs/data/affectnet/human_annotated/validation_set/images/42.jpg
2223,/gpfs0/bgu-vilenchi/users/sdolev/Thesis/VLMs/data/affectnet/human_annotated/validation_set/images/2223.jpg,7,contempt,1.0,happy,/gpfs0/bgu-vilenchi/users/sdolev/Thesis/VLMs/data/affectnet/human_annotated/validation_set/images/2223.jpg
3865,/gpfs0/bgu-vilenchi/users/sdolev/Thesis/VLMs/data/affectnet/human_annotated/validation_set/images/3865.jpg,7,contempt,1.0,neutral,/gpfs0/bgu-vilenchi/users/sdolev/Thesis/VLMs/data/affectnet/human_annotated/validation_set/images/3865.jpg
14,/gpfs0/bgu-vilenchi/users/sdolev/Thesis/VLMs/data/affectnet/human_annotated/validation_set/images/14.jpg,7,contempt,1.0,neutral,/gpfs0/bgu-vilenchi/users/sdolev/Thesis/VLMs/data/affectnet/human_annotated/validation_set/images/14.jpg
104,/gpfs0/bgu-vilenchi/users/sdolev/Thesis/VLMs/data/affectnet/human_annotated/validation_set/images/104.jpg,2,sad,2.0,angry,/gpfs0/bgu-vilenchi/users/sdolev/Thesis/VLMs/data/affectnet/human_annotated/validation_set/images/104.jpg
2626,/gpfs0/bgu-vilenchi/users/sdolev/Thesis/VLMs/data/affectnet/human_annotated/validation_set/images/2626.jpg,7,contempt,1.0,happy,/gpfs0/bgu-vilenchi/users/sdolev/Thesis/VLMs/data/affectnet/human_annotated/validation_set/images/2626.jpg
2932,/gpfs0/bgu-vilenchi/users/sdolev/Thesis/VLMs/data/affectnet/human_annotated/validation_set/images/2932.jpg,7,contempt,2.0,neutral,/gpfs0/bgu-vilenchi/users/sdolev/Thesis/VLMs/data/affectnet/human_annotated/validation_set/images/2932.jpg
642,/gpfs0/bgu-vilenchi/users/sdolev/Thesis/VLMs/data/affectnet/human_annotated/validation_set/images/642.jpg,5,disgust,1.0,disgust,/gpfs0/bgu-vilenchi/users/sdolev/Thesis/VLMs/data/affectnet/human_annotated/validation_set/images/642.jpg
3185,/gpfs0/bgu-vilenchi/users/sdolev/Thesis/VLMs/data/affectnet/human_annotated/validation_set/images/3185.jpg,0,neutral,0.0,neutral,/gpfs0/bgu-vilenchi/users/sdolev/Thesis/VLMs/data/affectnet/human_annotated/validation_set/images/3185.jpg
5127,/gpfs0/bgu-vilenchi/users/sdolev/Thesis/VLMs/data/affectnet/human_annotated/validation_set/images/5127.jpg,2,sad,2.0,sad,/gpfs0/bgu-vilenchi/users/sdolev/Thesis/VLMs/data/affectnet/human_annotated/validation_set/images/5127.jpg
65,/gpfs0/bgu-vilenchi/users/sdolev/Thesis/VLMs/data/affectnet/human_annotated/validation_set/images/65.jpg,5,disgust,2.0,surprise,/gpfs0/bgu-vilenchi/users/sdolev/Thesis/VLMs/data/affectnet/human_annotated/validation_set/images/65.jpg
3588,/gpfs0/bgu-vilenchi/users/sdolev/Thesis/VLMs/data/affectnet/human_annotated/validation_set/images/3588.jpg,3,surprise,1.0,surprise,/gpfs0/bgu-vilenchi/users/sdolev/Thesis/VLMs/data/affectnet/human_annotated/validation_set/images/3588.jpg
4591,/gpfs0/bgu-vilenchi/users/sdolev/Thesis/VLMs/data/affectnet/human_annotated/validation_set/images/4591.jpg,3,surprise,0.0,surprise,/gpfs0/bgu-vilenchi/users/sdolev/Thesis/VLMs/data/affectnet/human_annotated/validation_set/images/4591.jpg
37,/gpfs0/bgu-vilenchi/users/sdolev/Thesis/VLMs/data/affectnet/human_annotated/validation_set/images/37.jpg,2,sad,0.0,sad,/gpfs0/bgu-vilenchi/users/sdolev/Thesis/VLMs/data/affectnet/human_annotated/validation_set/images/37.jpg
3352,/gpfs0/bgu-vilenchi/users/sdolev/Thesis/VLMs/data/affectnet/human_annotated/validation_set/images/3352.jpg,4,fear,1.0,surprise,/gpfs0/bgu-vilenchi/users/sdolev/Thesis/VLMs/data/affectnet/human_annotated/validation_set/images/3352.jpg
4994,/gpfs0/bgu-vilenchi/users/sdolev/Thesis/VLMs/data/affectnet/human_annotated/validation_set/images/4994.jpg,5,disgust,1.0,angry,/gpfs0/bgu-vilenchi/users/sdolev/Thesis/VLMs/data/affectnet/human_annotated/validation_set/images/4994.jpg
2113,/gpfs0/bgu-vilenchi/users/sdolev/Thesis/VLMs/data/affectnet/human_annotated/validation_set/images/2113.jpg,1,happy,0.0,neutral,/gpfs0/bgu-vilenchi/users/sdolev/Thesis/VLMs/data/affectnet/human_annotated/validation_set/images/2113.jpg
3755,/gpfs0/bgu-vilenchi/users/sdolev/Thesis/VLMs/data/affectnet/human_annotated/validation_set/images/3755.jpg,1,happy,0.0,happy,/gpfs0/bgu-vilenchi/users/sdolev/Thesis/VLMs/data/affectnet/human_annotated/validation_set/images/3755.jpg
2516,/gpfs0/bgu-vilenchi/users/sdolev/Thesis/VLMs/data/affectnet/human_annotated/validation_set/images/2516.jpg,6,angry,2.0,angry,/gpfs0/bgu-vilenchi/users/sdolev/Thesis/VLMs/data/affectnet/human_annotated/validation_set/images/2516.jpg
416,/gpfs0/bgu-vilenchi/users/sdolev/Thesis/VLMs/data/affectnet/human_annotated/validation_set/images/416.jpg,2,sad,1.0,sad,/gpfs0/bgu-vilenchi/users/sdolev/Thesis/VLMs/data/affectnet/human_annotated/validation_set/images/416.jpg
1980,/gpfs0/bgu-vilenchi/users/sdolev/Thesis/VLMs/data/affectnet/human_annotated/validation_set/images/1980.jpg,7,contempt,1.0,surprise,/gpfs0/bgu-vilenchi/users/sdolev/Thesis/VLMs/data/affectnet/human_annotated/validation_set/images/1980.jpg
817,/gpfs0/bgu-vilenchi/users/sdolev/Thesis/VLMs/data/affectnet/human_annotated/validation_set/images/817.jpg,1,happy,0.0,happy,/gpfs0/bgu-vilenchi/users/sdolev/Thesis/VLMs/data/affectnet/human_annotated/validation_set/images/817.jpg
3075,/gpfs0/bgu-vilenchi/users/sdolev/Thesis/VLMs/data/affectnet/human_annotated/validation_set/images/3075.jpg,2,sad,1.0,neutral,/gpfs0/bgu-vilenchi/users/sdolev/Thesis/VLMs/data/affectnet/human_annotated/validation_set/images/3075.jpg
2919,/gpfs0/bgu-vilenchi/users/sdolev/Thesis/VLMs/data/affectnet/human_annotated/validation_set/images/2919.jpg,5,disgust,0.0,neutral,/gpfs0/bgu-vilenchi/users/sdolev/Thesis/VLMs/data/affectnet/human_annotated/validation_set/images/2919.jpg
3922,/gpfs0/bgu-vilenchi/users/sdolev/Thesis/VLMs/data/affectnet/human_annotated/validation_set/images/3922.jpg,7,contempt,1.0,neutral,/gpfs0/bgu-vilenchi/users/sdolev/Thesis/VLMs/data/affectnet/human_annotated/validation_set/images/3922.jpg
5017,/gpfs0/bgu-vilenchi/users/sdolev/Thesis/VLMs/data/affectnet/human_annotated/validation_set/images/5017.jpg,5,disgust,1.0,neutral,/gpfs0/bgu-vilenchi/users/sdolev/Thesis/VLMs/data/affectnet/human_annotated/validation_set/images/5017.jpg
3478,/gpfs0/bgu-vilenchi/users/sdolev/Thesis/VLMs/data/affectnet/human_annotated/validation_set/images/3478.jpg,4,fear,2.0,surprise,/gpfs0/bgu-vilenchi/users/sdolev/Thesis/VLMs/data/affectnet/human_annotated/validation_set/images/3478.jpg
4481,/gpfs0/bgu-vilenchi/users/sdolev/Thesis/VLMs/data/affectnet/human_annotated/validation_set/images/4481.jpg,1,happy,0.0,happy,/gpfs0/bgu-vilenchi/users/sdolev/Thesis/VLMs/data/affectnet/human_annotated/validation_set/images/4481.jpg
4578,/gpfs0/bgu-vilenchi/users/sdolev/Thesis/VLMs/data/affectnet/human_annotated/validation_set/images/4578.jpg,2,sad,2.0,sad,/gpfs0/bgu-vilenchi/users/sdolev/Thesis/VLMs/data/affectnet/human_annotated/validation_set/images/4578.jpg
96,/gpfs0/bgu-vilenchi/users/sdolev/Thesis/VLMs/data/affectnet/human_annotated/validation_set/images/96.jpg,4,fear,1.0,surprise,/gpfs0/bgu-vilenchi/users/sdolev/Thesis/VLMs/data/affectnet/human_annotated/validation_set/images/96.jpg
3242,/gpfs0/bgu-vilenchi/users/sdolev/Thesis/VLMs/data/affectnet/human_annotated/validation_set/images/3242.jpg,5,disgust,2.0,neutral,/gpfs0/bgu-vilenchi/users/sdolev/Thesis/VLMs/data/affectnet/human_annotated/validation_set/images/3242.jpg
1397,/gpfs0/bgu-vilenchi/users/sdolev/Thesis/VLMs/data/affectnet/human_annotated/validation_set/images/1397.jpg,5,disgust,2.0,surprise,/gpfs0/bgu-vilenchi/users/sdolev/Thesis/VLMs/data/affectnet/human_annotated/validation_set/images/1397.jpg
4884,/gpfs0/bgu-vilenchi/users/sdolev/Thesis/VLMs/data/affectnet/human_annotated/validation_set/images/4884.jpg,4,fear,1.0,surprise,/gpfs0/bgu-vilenchi/users/sdolev/Thesis/VLMs/data/affectnet/human_annotated/validation_set/images/4884.jpg
68,/gpfs0/bgu-vilenchi/users/sdolev/Thesis/VLMs/data/affectnet/human_annotated/validation_set/images/68.jpg,4,fear,1.0,surprise,/gpfs0/bgu-vilenchi/users/sdolev/Thesis/VLMs/data/affectnet/human_annotated/validation_set/images/68.jpg
3339,/gpfs0/bgu-vilenchi/users/sdolev/Thesis/VLMs/data/affectnet/human_annotated/validation_set/images/3339.jpg,6,angry,0.0,angry,/gpfs0/bgu-vilenchi/users/sdolev/Thesis/VLMs/data/affectnet/human_annotated/validation_set/images/3339.jpg
2003,/gpfs0/bgu-vilenchi/users/sdolev/Thesis/VLMs/data/affectnet/human_annotated/validation_set/images/2003.jpg,1,happy,0.0,happy,/gpfs0/bgu-vilenchi/users/sdolev/Thesis/VLMs/data/affectnet/human_annotated/validation_set/images/2003.jpg
3645,/gpfs0/bgu-vilenchi/users/sdolev/Thesis/VLMs/data/affectnet/human_annotated/validation_set/images/3645.jpg,3,surprise,1.0,surprise,/gpfs0/bgu-vilenchi/users/sdolev/Thesis/VLMs/data/affectnet/human_annotated/validation_set/images/3645.jpg
430,/gpfs0/bgu-vilenchi/users/sdolev/Thesis/VLMs/data/affectnet/human_annotated/validation_set/images/430.jpg,0,neutral,1.0,neutral,/gpfs0/bgu-vilenchi/users/sdolev/Thesis/VLMs/data/affectnet/human_annotated/validation_set/images/430.jpg
327,/gpfs0/bgu-vilenchi/users/sdolev/Thesis/VLMs/data/affectnet/human_annotated/validation_set/images/327.jpg,2,sad,2.0,neutral,/gpfs0/bgu-vilenchi/users/sdolev/Thesis/VLMs/data/affectnet/human_annotated/validation_set/images/327.jpg
728,/gpfs0/bgu-vilenchi/users/sdolev/Thesis/VLMs/data/affectnet/human_annotated/validation_set/images/728.jpg,4,fear,1.0,sad,/gpfs0/bgu-vilenchi/users/sdolev/Thesis/VLMs/data/affectnet/human_annotated/validation_set/images/728.jpg
3812,/gpfs0/bgu-vilenchi/users/sdolev/Thesis/VLMs/data/affectnet/human_annotated/validation_set/images/3812.jpg,7,contempt,1.0,happy,/gpfs0/bgu-vilenchi/users/sdolev/Thesis/VLMs/data/affectnet/human_annotated/validation_set/images/3812.jpg
4065,/gpfs0/bgu-vilenchi/users/sdolev/Thesis/VLMs/data/affectnet/human_annotated/validation_set/images/4065.jpg,4,fear,2.0,surprise,/gpfs0/bgu-vilenchi/users/sdolev/Thesis/VLMs/data/affectnet/human_annotated/validation_set/images/4065.jpg
4371,/gpfs0/bgu-vilenchi/users/sdolev/Thesis/VLMs/data/affectnet/human_annotated/validation_set/images/4371.jpg,5,disgust,1.0,neutral,/gpfs0/bgu-vilenchi/users/sdolev/Thesis/VLMs/data/affectnet/human_annotated/validation_set/images/4371.jpg
1190,/gpfs0/bgu-vilenchi/users/sdolev/Thesis/VLMs/data/affectnet/human_annotated/validation_set/images/1190.jpg,5,disgust,2.0,disgust,/gpfs0/bgu-vilenchi/users/sdolev/Thesis/VLMs/data/affectnet/human_annotated/validation_set/images/1190.jpg
4468,/gpfs0/bgu-vilenchi/users/sdolev/Thesis/VLMs/data/affectnet/human_annotated/validation_set/images/4468.jpg,2,sad,1.0,neutral,/gpfs0/bgu-vilenchi/users/sdolev/Thesis/VLMs/data/affectnet/human_annotated/validation_set/images/4468.jpg
5471,/gpfs0/bgu-vilenchi/users/sdolev/Thesis/VLMs/data/affectnet/human_annotated/validation_set/images/5471.jpg,7,contempt,1.0,happy,/gpfs0/bgu-vilenchi/users/sdolev/Thesis/VLMs/data/affectnet/human_annotated/validation_set/images/5471.jpg
4774,/gpfs0/bgu-vilenchi/users/sdolev/Thesis/VLMs/data/affectnet/human_annotated/validation_set/images/4774.jpg,2,sad,2.0,neutral,/gpfs0/bgu-vilenchi/users/sdolev/Thesis/VLMs/data/affectnet/human_annotated/validation_set/images/4774.jpg
2290,/gpfs0/bgu-vilenchi/users/sdolev/Thesis/VLMs/data/affectnet/human_annotated/validation_set/images/2290.jpg,3,surprise,0.0,happy,/gpfs0/bgu-vilenchi/users/sdolev/Thesis/VLMs/data/affectnet/human_annotated/validation_set/images/2290.jpg
1593,/gpfs0/bgu-vilenchi/users/sdolev/Thesis/VLMs/data/affectnet/human_annotated/validation_set/images/1593.jpg,7,contempt,2.0,neutral,/gpfs0/bgu-vilenchi/users/sdolev/Thesis/VLMs/data/affectnet/human_annotated/validation_set/images/1593.jpg
3229,/gpfs0/bgu-vilenchi/users/sdolev/Thesis/VLMs/data/affectnet/human_annotated/validation_set/images/3229.jpg,6,angry,1.0,angry,/gpfs0/bgu-vilenchi/users/sdolev/Thesis/VLMs/data/affectnet/human_annotated/validation_set/images/3229.jpg
4232,/gpfs0/bgu-vilenchi/users/sdolev/Thesis/VLMs/data/affectnet/human_annotated/validation_set/images/4232.jpg,7,contempt,1.0,sad,/gpfs0/bgu-vilenchi/users/sdolev/Thesis/VLMs/data/affectnet/human_annotated/validation_set/images/4232.jpg
341,/gpfs0/bgu-vilenchi/users/sdolev/Thesis/VLMs/data/affectnet/human_annotated/validation_set/images/341.jpg,4,fear,1.0,surprise,/gpfs0/bgu-vilenchi/users/sdolev/Thesis/VLMs/data/affectnet/human_annotated/validation_set/images/341.jpg
1051,/gpfs0/bgu-vilenchi/users/sdolev/Thesis/VLMs/data/affectnet/human_annotated/validation_set/images/1051.jpg,7,contempt,1.0,neutral,/gpfs0/bgu-vilenchi/users/sdolev/Thesis/VLMs/data/affectnet/human_annotated/validation_set/images/1051.jpg
238,/gpfs0/bgu-vilenchi/users/sdolev/Thesis/VLMs/data/affectnet/human_annotated/validation_set/images/238.jpg,5,disgust,1.0,neutral,/gpfs0/bgu-vilenchi/users/sdolev/Thesis/VLMs/data/affectnet/human_annotated/validation_set/images/238.jpg
2693,/gpfs0/bgu-vilenchi/users/sdolev/Thesis/VLMs/data/affectnet/human_annotated/validation_set/images/2693.jpg,7,contempt,1.0,happy,/gpfs0/bgu-vilenchi/users/sdolev/Thesis/VLMs/data/affectnet/human_annotated/validation_set/images/2693.jpg
742,/gpfs0/bgu-vilenchi/users/sdolev/Thesis/VLMs/data/affectnet/human_annotated/validation_set/images/742.jpg,7,contempt,1.0,happy,/gpfs0/bgu-vilenchi/users/sdolev/Thesis/VLMs/data/affectnet/human_annotated/validation_set/images/742.jpg
639,/gpfs0/bgu-vilenchi/users/sdolev/Thesis/VLMs/data/affectnet/human_annotated/validation_set/images/639.jpg,7,contempt,2.0,neutral,/gpfs0/bgu-vilenchi/users/sdolev/Thesis/VLMs/data/affectnet/human_annotated/validation_set/images/639.jpg
1454,/gpfs0/bgu-vilenchi/users/sdolev/Thesis/VLMs/data/affectnet/human_annotated/validation_set/images/1454.jpg,2,sad,2.0,neutral,/gpfs0/bgu-vilenchi/users/sdolev/Thesis/VLMs/data/affectnet/human_annotated/validation_set/images/1454.jpg
4941,/gpfs0/bgu-vilenchi/users/sdolev/Thesis/VLMs/data/affectnet/human_annotated/validation_set/images/4941.jpg,2,sad,1.0,surprise,/gpfs0/bgu-vilenchi/users/sdolev/Thesis/VLMs/data/affectnet/human_annotated/validation_set/images/4941.jpg
1760,/gpfs0/bgu-vilenchi/users/sdolev/Thesis/VLMs/data/affectnet/human_annotated/validation_set/images/1760.jpg,0,neutral,0.0,neutral,/gpfs0/bgu-vilenchi/users/sdolev/Thesis/VLMs/data/affectnet/human_annotated/validation_set/images/1760.jpg
3702,/gpfs0/bgu-vilenchi/users/sdolev/Thesis/VLMs/data/affectnet/human_annotated/validation_set/images/3702.jpg,5,disgust,1.0,angry,/gpfs0/bgu-vilenchi/users/sdolev/Thesis/VLMs/data/affectnet/human_annotated/validation_set/images/3702.jpg
1621,/gpfs0/bgu-vilenchi/users/sdolev/Thesis/VLMs/data/affectnet/human_annotated/validation_set/images/1621.jpg,7,contempt,1.0,neutral,/gpfs0/bgu-vilenchi/users/sdolev/Thesis/VLMs/data/affectnet/human_annotated/validation_set/images/1621.jpg
4358,/gpfs0/bgu-vilenchi/users/sdolev/Thesis/VLMs/data/affectnet/human_annotated/validation_set/images/4358.jpg,4,fear,2.0,surprise,/gpfs0/bgu-vilenchi/users/sdolev/Thesis/VLMs/data/affectnet/human_annotated/validation_set/images/4358.jpg
5361,/gpfs0/bgu-vilenchi/users/sdolev/Thesis/VLMs/data/affectnet/human_annotated/validation_set/images/5361.jpg,7,contempt,1.0,happy,/gpfs0/bgu-vilenchi/users/sdolev/Thesis/VLMs/data/affectnet/human_annotated/validation_set/images/5361.jpg
1177,/gpfs0/bgu-vilenchi/users/sdolev/Thesis/VLMs/data/affectnet/human_annotated/validation_set/images/1177.jpg,7,contempt,2.0,angry,/gpfs0/bgu-vilenchi/users/sdolev/Thesis/VLMs/data/affectnet/human_annotated/validation_set/images/1177.jpg
2180,/gpfs0/bgu-vilenchi/users/sdolev/Thesis/VLMs/data/affectnet/human_annotated/validation_set/images/2180.jpg,4,fear,2.0,surprise,/gpfs0/bgu-vilenchi/users/sdolev/Thesis/VLMs/data/affectnet/human_annotated/validation_set/images/2180.jpg
3119,/gpfs0/bgu-vilenchi/users/sdolev/Thesis/VLMs/data/affectnet/human_annotated/validation_set/images/3119.jpg,5,disgust,1.0,disgust,/gpfs0/bgu-vilenchi/users/sdolev/Thesis/VLMs/data/affectnet/human_annotated/validation_set/images/3119.jpg
4122,/gpfs0/bgu-vilenchi/users/sdolev/Thesis/VLMs/data/affectnet/human_annotated/validation_set/images/4122.jpg,6,angry,1.0,neutral,/gpfs0/bgu-vilenchi/users/sdolev/Thesis/VLMs/data/affectnet/human_annotated/validation_set/images/4122.jpg
149,/gpfs0/bgu-vilenchi/users/sdolev/Thesis/VLMs/data/affectnet/human_annotated/validation_set/images/149.jpg,2,sad,2.0,neutral,/gpfs0/bgu-vilenchi/users/sdolev/Thesis/VLMs/data/affectnet/human_annotated/validation_set/images/149.jpg
653,/gpfs0/bgu-vilenchi/users/sdolev/Thesis/VLMs/data/affectnet/human_annotated/validation_set/images/653.jpg,3,surprise,2.0,surprise,/gpfs0/bgu-vilenchi/users/sdolev/Thesis/VLMs/data/affectnet/human_annotated/validation_set/images/653.jpg
4525,/gpfs0/bgu-vilenchi/users/sdolev/Thesis/VLMs/data/affectnet/human_annotated/validation_set/images/4525.jpg,0,neutral,1.0,neutral,/gpfs0/bgu-vilenchi/users/sdolev/Thesis/VLMs/data/affectnet/human_annotated/validation_set/images/4525.jpg
1344,/gpfs0/bgu-vilenchi/users/sdolev/Thesis/VLMs/data/affectnet/human_annotated/validation_set/images/1344.jpg,6,angry,0.0,contempt,/gpfs0/bgu-vilenchi/users/sdolev/Thesis/VLMs/data/affectnet/human_annotated/validation_set/images/1344.jpg
2986,/gpfs0/bgu-vilenchi/users/sdolev/Thesis/VLMs/data/affectnet/human_annotated/validation_set/images/2986.jpg,7,contempt,1.0,neutral,/gpfs0/bgu-vilenchi/users/sdolev/Thesis/VLMs/data/affectnet/human_annotated/validation_set/images/2986.jpg
4928,/gpfs0/bgu-vilenchi/users/sdolev/Thesis/VLMs/data/affectnet/human_annotated/validation_set/images/4928.jpg,7,contempt,1.0,neutral,/gpfs0/bgu-vilenchi/users/sdolev/Thesis/VLMs/data/affectnet/human_annotated/validation_set/images/4928.jpg
1747,/gpfs0/bgu-vilenchi/users/sdolev/Thesis/VLMs/data/affectnet/human_annotated/validation_set/images/1747.jpg,1,happy,1.0,happy,/gpfs0/bgu-vilenchi/users/sdolev/Thesis/VLMs/data/affectnet/human_annotated/validation_set/images/1747.jpg
2750,/gpfs0/bgu-vilenchi/users/sdolev/Thesis/VLMs/data/affectnet/human_annotated/validation_set/images/2750.jpg,6,angry,0.0,angry,/gpfs0/bgu-vilenchi/users/sdolev/Thesis/VLMs/data/affectnet/human_annotated/validation_set/images/2750.jpg
5487,/gpfs0/bgu-vilenchi/users/sdolev/Thesis/VLMs/data/affectnet/human_annotated/validation_set/images/5487.jpg,5,disgust,2.0,surprise,/gpfs0/bgu-vilenchi/users/sdolev/Thesis/VLMs/data/affectnet/human_annotated/validation_set/images/5487.jpg
1511,/gpfs0/bgu-vilenchi/users/sdolev/Thesis/VLMs/data/affectnet/human_annotated/validation_set/images/1511.jpg,5,disgust,2.0,neutral,/gpfs0/bgu-vilenchi/users/sdolev/Thesis/VLMs/data/affectnet/human_annotated/validation_set/images/1511.jpg
4248,/gpfs0/bgu-vilenchi/users/sdolev/Thesis/VLMs/data/affectnet/human_annotated/validation_set/images/4248.jpg,3,surprise,0.0,surprise,/gpfs0/bgu-vilenchi/users/sdolev/Thesis/VLMs/data/affectnet/human_annotated/validation_set/images/4248.jpg
1914,/gpfs0/bgu-vilenchi/users/sdolev/Thesis/VLMs/data/affectnet/human_annotated/validation_set/images/1914.jpg,2,sad,2.0,neutral,/gpfs0/bgu-vilenchi/users/sdolev/Thesis/VLMs/data/affectnet/human_annotated/validation_set/images/1914.jpg
5348,/gpfs0/bgu-vilenchi/users/sdolev/Thesis/VLMs/data/affectnet/human_annotated/validation_set/images/5348.jpg,0,neutral,0.0,neutral,/gpfs0/bgu-vilenchi/users/sdolev/Thesis/VLMs/data/affectnet/human_annotated/validation_set/images/5348.jpg
2167,/gpfs0/bgu-vilenchi/users/sdolev/Thesis/VLMs/data/affectnet/human_annotated/validation_set/images/2167.jpg,1,happy,0.0,happy,/gpfs0/bgu-vilenchi/users/sdolev/Thesis/VLMs/data/affectnet/human_annotated/validation_set/images/2167.jpg
2473,/gpfs0/bgu-vilenchi/users/sdolev/Thesis/VLMs/data/affectnet/human_annotated/validation_set/images/2473.jpg,1,happy,0.0,happy,/gpfs0/bgu-vilenchi/users/sdolev/Thesis/VLMs/data/affectnet/human_annotated/validation_set/images/2473.jpg
965,/gpfs0/bgu-vilenchi/users/sdolev/Thesis/VLMs/data/affectnet/human_annotated/validation_set/images/965.jpg,3,surprise,1.0,neutral,/gpfs0/bgu-vilenchi/users/sdolev/Thesis/VLMs/data/affectnet/human_annotated/validation_set/images/965.jpg
4415,/gpfs0/bgu-vilenchi/users/sdolev/Thesis/VLMs/data/affectnet/human_annotated/validation_set/images/4415.jpg,6,angry,0.0,angry,/gpfs0/bgu-vilenchi/users/sdolev/Thesis/VLMs/data/affectnet/human_annotated/validation_set/images/4415.jpg
2876,/gpfs0/bgu-vilenchi/users/sdolev/Thesis/VLMs/data/affectnet/human_annotated/validation_set/images/2876.jpg,4,fear,2.0,neutral,/gpfs0/bgu-vilenchi/users/sdolev/Thesis/VLMs/data/affectnet/human_annotated/validation_set/images/2876.jpg
1637,/gpfs0/bgu-vilenchi/users/sdolev/Thesis/VLMs/data/affectnet/human_annotated/validation_set/images/1637.jpg,2,sad,1.0,sad,/gpfs0/bgu-vilenchi/users/sdolev/Thesis/VLMs/data/affectnet/human_annotated/validation_set/images/1637.jpg
2640,/gpfs0/bgu-vilenchi/users/sdolev/Thesis/VLMs/data/affectnet/human_annotated/validation_set/images/2640.jpg,3,surprise,1.0,neutral,/gpfs0/bgu-vilenchi/users/sdolev/Thesis/VLMs/data/affectnet/human_annotated/validation_set/images/2640.jpg
5141,/gpfs0/bgu-vilenchi/users/sdolev/Thesis/VLMs/data/affectnet/human_annotated/validation_set/images/5141.jpg,0,neutral,0.0,neutral,/gpfs0/bgu-vilenchi/users/sdolev/Thesis/VLMs/data/affectnet/human_annotated/validation_set/images/5141.jpg
3296,/gpfs0/bgu-vilenchi/users/sdolev/Thesis/VLMs/data/affectnet/human_annotated/validation_set/images/3296.jpg,6,angry,1.0,angry,/gpfs0/bgu-vilenchi/users/sdolev/Thesis/VLMs/data/affectnet/human_annotated/validation_set/images/3296.jpg
1804,/gpfs0/bgu-vilenchi/users/sdolev/Thesis/VLMs/data/affectnet/human_annotated/validation_set/images/1804.jpg,7,contempt,1.0,neutral,/gpfs0/bgu-vilenchi/users/sdolev/Thesis/VLMs/data/affectnet/human_annotated/validation_set/images/1804.jpg
475,/gpfs0/bgu-vilenchi/users/sdolev/Thesis/VLMs/data/affectnet/human_annotated/validation_set/images/475.jpg,0,neutral,0.0,neutral,/gpfs0/bgu-vilenchi/users/sdolev/Thesis/VLMs/data/affectnet/human_annotated/validation_set/images/475.jpg
5238,/gpfs0/bgu-vilenchi/users/sdolev/Thesis/VLMs/data/affectnet/human_annotated/validation_set/images/5238.jpg,4,fear,2.0,surprise,/gpfs0/bgu-vilenchi/users/sdolev/Thesis/VLMs/data/affectnet/human_annotated/validation_set/images/5238.jpg
876,/gpfs0/bgu-vilenchi/users/sdolev/Thesis/VLMs/data/affectnet/human_annotated/validation_set/images/876.jpg,0,neutral,0.0,neutral,/gpfs0/bgu-vilenchi/users/sdolev/Thesis/VLMs/data/affectnet/human_annotated/validation_set/images/876.jpg
5002,/gpfs0/bgu-vilenchi/users/sdolev/Thesis/VLMs/data/affectnet/human_annotated/validation_set/images/5002.jpg,5,disgust,1.0,sad,/gpfs0/bgu-vilenchi/users/sdolev/Thesis/VLMs/data/affectnet/human_annotated/validation_set/images/5002.jpg
3463,/gpfs0/bgu-vilenchi/users/sdolev/Thesis/VLMs/data/affectnet/human_annotated/validation_set/images/3463.jpg,4,fear,2.0,surprise,/gpfs0/bgu-vilenchi/users/sdolev/Thesis/VLMs/data/affectnet/human_annotated/validation_set/images/3463.jpg
5405,/gpfs0/bgu-vilenchi/users/sdolev/Thesis/VLMs/data/affectnet/human_annotated/validation_set/images/5405.jpg,1,happy,1.0,neutral,/gpfs0/bgu-vilenchi/users/sdolev/Thesis/VLMs/data/affectnet/human_annotated/validation_set/images/5405.jpg
2224,/gpfs0/bgu-vilenchi/users/sdolev/Thesis/VLMs/data/affectnet/human_annotated/validation_set/images/2224.jpg,0,neutral,0.0,neutral,/gpfs0/bgu-vilenchi/users/sdolev/Thesis/VLMs/data/affectnet/human_annotated/validation_set/images/2224.jpg
3866,/gpfs0/bgu-vilenchi/users/sdolev/Thesis/VLMs/data/affectnet/human_annotated/validation_set/images/3866.jpg,4,fear,0.0,sad,/gpfs0/bgu-vilenchi/users/sdolev/Thesis/VLMs/data/affectnet/human_annotated/validation_set/images/3866.jpg
249,/gpfs0/bgu-vilenchi/users/sdolev/Thesis/VLMs/data/affectnet/human_annotated/validation_set/images/249.jpg,1,happy,0.0,happy,/gpfs0/bgu-vilenchi/users/sdolev/Thesis/VLMs/data/affectnet/human_annotated/validation_set/images/249.jpg
386,/gpfs0/bgu-vilenchi/users/sdolev/Thesis/VLMs/data/affectnet/human_annotated/validation_set/images/386.jpg,6,angry,0.0,angry,/gpfs0/bgu-vilenchi/users/sdolev/Thesis/VLMs/data/affectnet/human_annotated/validation_set/images/386.jpg
3186,/gpfs0/bgu-vilenchi/users/sdolev/Thesis/VLMs/data/affectnet/human_annotated/validation_set/images/3186.jpg,6,angry,1.0,angry,/gpfs0/bgu-vilenchi/users/sdolev/Thesis/VLMs/data/affectnet/human_annotated/validation_set/images/3186.jpg
890,/gpfs0/bgu-vilenchi/users/sdolev/Thesis/VLMs/data/affectnet/human_annotated/validation_set/images/890.jpg,6,angry,0.0,surprise,/gpfs0/bgu-vilenchi/users/sdolev/Thesis/VLMs/data/affectnet/human_annotated/validation_set/images/890.jpg
5128,/gpfs0/bgu-vilenchi/users/sdolev/Thesis/VLMs/data/affectnet/human_annotated/validation_set/images/5128.jpg,3,surprise,2.0,happy,/gpfs0/bgu-vilenchi/users/sdolev/Thesis/VLMs/data/affectnet/human_annotated/validation_set/images/5128.jpg
787,/gpfs0/bgu-vilenchi/users/sdolev/Thesis/VLMs/data/affectnet/human_annotated/validation_set/images/787.jpg,5,disgust,2.0,surprise,/gpfs0/bgu-vilenchi/users/sdolev/Thesis/VLMs/data/affectnet/human_annotated/validation_set/images/787.jpg
3589,/gpfs0/bgu-vilenchi/users/sdolev/Thesis/VLMs/data/affectnet/human_annotated/validation_set/images/3589.jpg,7,contempt,1.0,happy,/gpfs0/bgu-vilenchi/users/sdolev/Thesis/VLMs/data/affectnet/human_annotated/validation_set/images/3589.jpg
3353,/gpfs0/bgu-vilenchi/users/sdolev/Thesis/VLMs/data/affectnet/human_annotated/validation_set/images/3353.jpg,6,angry,0.0,neutral,/gpfs0/bgu-vilenchi/users/sdolev/Thesis/VLMs/data/affectnet/human_annotated/validation_set/images/3353.jpg
2114,/gpfs0/bgu-vilenchi/users/sdolev/Thesis/VLMs/data/affectnet/human_annotated/validation_set/images/2114.jpg,7,contempt,1.0,happy,/gpfs0/bgu-vilenchi/users/sdolev/Thesis/VLMs/data/affectnet/human_annotated/validation_set/images/2114.jpg
3756,/gpfs0/bgu-vilenchi/users/sdolev/Thesis/VLMs/data/affectnet/human_annotated/validation_set/images/3756.jpg,0,neutral,0.0,neutral,/gpfs0/bgu-vilenchi/users/sdolev/Thesis/VLMs/data/affectnet/human_annotated/validation_set/images/3756.jpg
2517,/gpfs0/bgu-vilenchi/users/sdolev/Thesis/VLMs/data/affectnet/human_annotated/validation_set/images/2517.jpg,7,contempt,2.0,neutral,/gpfs0/bgu-vilenchi/users/sdolev/Thesis/VLMs/data/affectnet/human_annotated/validation_set/images/2517.jpg
1981,/gpfs0/bgu-vilenchi/users/sdolev/Thesis/VLMs/data/affectnet/human_annotated/validation_set/images/1981.jpg,0,neutral,0.0,neutral,/gpfs0/bgu-vilenchi/users/sdolev/Thesis/VLMs/data/affectnet/human_annotated/validation_set/images/1981.jpg
3076,/gpfs0/bgu-vilenchi/users/sdolev/Thesis/VLMs/data/affectnet/human_annotated/validation_set/images/3076.jpg,1,happy,0.0,happy,/gpfs0/bgu-vilenchi/users/sdolev/Thesis/VLMs/data/affectnet/human_annotated/validation_set/images/3076.jpg
698,/gpfs0/bgu-vilenchi/users/sdolev/Thesis/VLMs/data/affectnet/human_annotated/validation_set/images/698.jpg,2,sad,2.0,neutral,/gpfs0/bgu-vilenchi/users/sdolev/Thesis/VLMs/data/affectnet/human_annotated/validation_set/images/698.jpg
5018,/gpfs0/bgu-vilenchi/users/sdolev/Thesis/VLMs/data/affectnet/human_annotated/validation_set/images/5018.jpg,7,contempt,1.0,neutral,/gpfs0/bgu-vilenchi/users/sdolev/Thesis/VLMs/data/affectnet/human_annotated/validation_set/images/5018.jpg
4176,/gpfs0/bgu-vilenchi/users/sdolev/Thesis/VLMs/data/affectnet/human_annotated/validation_set/images/4176.jpg,1,happy,0.0,happy,/gpfs0/bgu-vilenchi/users/sdolev/Thesis/VLMs/data/affectnet/human_annotated/validation_set/images/4176.jpg
3479,/gpfs0/bgu-vilenchi/users/sdolev/Thesis/VLMs/data/affectnet/human_annotated/validation_set/images/3479.jpg,6,angry,0.0,angry,/gpfs0/bgu-vilenchi/users/sdolev/Thesis/VLMs/data/affectnet/human_annotated/validation_set/images/3479.jpg
4482,/gpfs0/bgu-vilenchi/users/sdolev/Thesis/VLMs/data/affectnet/human_annotated/validation_set/images/4482.jpg,6,angry,2.0,neutral,/gpfs0/bgu-vilenchi/users/sdolev/Thesis/VLMs/data/affectnet/human_annotated/validation_set/images/4482.jpg
3243,/gpfs0/bgu-vilenchi/users/sdolev/Thesis/VLMs/data/affectnet/human_annotated/validation_set/images/3243.jpg,5,disgust,2.0,neutral,/gpfs0/bgu-vilenchi/users/sdolev/Thesis/VLMs/data/affectnet/human_annotated/validation_set/images/3243.jpg
1398,/gpfs0/bgu-vilenchi/users/sdolev/Thesis/VLMs/data/affectnet/human_annotated/validation_set/images/1398.jpg,3,surprise,0.0,surprise,/gpfs0/bgu-vilenchi/users/sdolev/Thesis/VLMs/data/affectnet/human_annotated/validation_set/images/1398.jpg
4885,/gpfs0/bgu-vilenchi/users/sdolev/Thesis/VLMs/data/affectnet/human_annotated/validation_set/images/4885.jpg,7,contempt,1.0,neutral,/gpfs0/bgu-vilenchi/users/sdolev/Thesis/VLMs/data/affectnet/human_annotated/validation_set/images/4885.jpg
2004,/gpfs0/bgu-vilenchi/users/sdolev/Thesis/VLMs/data/affectnet/human_annotated/validation_set/images/2004.jpg,4,fear,1.0,surprise,/gpfs0/bgu-vilenchi/users/sdolev/Thesis/VLMs/data/affectnet/human_annotated/validation_set/images/2004.jpg
3646,/gpfs0/bgu-vilenchi/users/sdolev/Thesis/VLMs/data/affectnet/human_annotated/validation_set/images/3646.jpg,6,angry,0.0,neutral,/gpfs0/bgu-vilenchi/users/sdolev/Thesis/VLMs/data/affectnet/human_annotated/validation_set/images/3646.jpg
174,/gpfs0/bgu-vilenchi/users/sdolev/Thesis/VLMs/data/affectnet/human_annotated/validation_set/images/174.jpg,4,fear,0.0,neutral,/gpfs0/bgu-vilenchi/users/sdolev/Thesis/VLMs/data/affectnet/human_annotated/validation_set/images/174.jpg
1871,/gpfs0/bgu-vilenchi/users/sdolev/Thesis/VLMs/data/affectnet/human_annotated/validation_set/images/1871.jpg,0,neutral,0.0,neutral,/gpfs0/bgu-vilenchi/users/sdolev/Thesis/VLMs/data/affectnet/human_annotated/validation_set/images/1871.jpg
3813,/gpfs0/bgu-vilenchi/users/sdolev/Thesis/VLMs/data/affectnet/human_annotated/validation_set/images/3813.jpg,6,angry,2.0,neutral,/gpfs0/bgu-vilenchi/users/sdolev/Thesis/VLMs/data/affectnet/human_annotated/validation_set/images/3813.jpg
710,/gpfs0/bgu-vilenchi/users/sdolev/Thesis/VLMs/data/affectnet/human_annotated/validation_set/images/710.jpg,0,neutral,0.0,neutral,/gpfs0/bgu-vilenchi/users/sdolev/Thesis/VLMs/data/affectnet/human_annotated/validation_set/images/710.jpg
4066,/gpfs0/bgu-vilenchi/users/sdolev/Thesis/VLMs/data/affectnet/human_annotated/validation_set/images/4066.jpg,2,sad,1.0,neutral,/gpfs0/bgu-vilenchi/users/sdolev/Thesis/VLMs/data/affectnet/human_annotated/validation_set/images/4066.jpg
1191,/gpfs0/bgu-vilenchi/users/sdolev/Thesis/VLMs/data/affectnet/human_annotated/validation_set/images/1191.jpg,7,contempt,0.0,neutral,/gpfs0/bgu-vilenchi/users/sdolev/Thesis/VLMs/data/affectnet/human_annotated/validation_set/images/1191.jpg
4469,/gpfs0/bgu-vilenchi/users/sdolev/Thesis/VLMs/data/affectnet/human_annotated/validation_set/images/4469.jpg,4,fear,2.0,surprise,/gpfs0/bgu-vilenchi/users/sdolev/Thesis/VLMs/data/affectnet/human_annotated/validation_set/images/4469.jpg
5472,/gpfs0/bgu-vilenchi/users/sdolev/Thesis/VLMs/data/affectnet/human_annotated/validation_set/images/5472.jpg,7,contempt,2.0,neutral,/gpfs0/bgu-vilenchi/users/sdolev/Thesis/VLMs/data/affectnet/human_annotated/validation_set/images/5472.jpg
4775,/gpfs0/bgu-vilenchi/users/sdolev/Thesis/VLMs/data/affectnet/human_annotated/validation_set/images/4775.jpg,1,happy,0.0,surprise,/gpfs0/bgu-vilenchi/users/sdolev/Thesis/VLMs/data/affectnet/human_annotated/validation_set/images/4775.jpg
2291,/gpfs0/bgu-vilenchi/users/sdolev/Thesis/VLMs/data/affectnet/human_annotated/validation_set/images/2291.jpg,7,contempt,2.0,happy,/gpfs0/bgu-vilenchi/users/sdolev/Thesis/VLMs/data/affectnet/human_annotated/validation_set/images/2291.jpg
1052,/gpfs0/bgu-vilenchi/users/sdolev/Thesis/VLMs/data/affectnet/human_annotated/validation_set/images/1052.jpg,1,happy,0.0,happy,/gpfs0/bgu-vilenchi/users/sdolev/Thesis/VLMs/data/affectnet/human_annotated/validation_set/images/1052.jpg
2694,/gpfs0/bgu-vilenchi/users/sdolev/Thesis/VLMs/data/affectnet/human_annotated/validation_set/images/2694.jpg,3,surprise,0.0,neutral,/gpfs0/bgu-vilenchi/users/sdolev/Thesis/VLMs/data/affectnet/human_annotated/validation_set/images/2694.jpg
4636,/gpfs0/bgu-vilenchi/users/sdolev/Thesis/VLMs/data/affectnet/human_annotated/validation_set/images/4636.jpg,3,surprise,2.0,happy,/gpfs0/bgu-vilenchi/users/sdolev/Thesis/VLMs/data/affectnet/human_annotated/validation_set/images/4636.jpg
1455,/gpfs0/bgu-vilenchi/users/sdolev/Thesis/VLMs/data/affectnet/human_annotated/validation_set/images/1455.jpg,6,angry,1.0,angry,/gpfs0/bgu-vilenchi/users/sdolev/Thesis/VLMs/data/affectnet/human_annotated/validation_set/images/1455.jpg
4942,/gpfs0/bgu-vilenchi/users/sdolev/Thesis/VLMs/data/affectnet/human_annotated/validation_set/images/4942.jpg,4,fear,0.0,surprise,/gpfs0/bgu-vilenchi/users/sdolev/Thesis/VLMs/data/affectnet/human_annotated/validation_set/images/4942.jpg
5195,/gpfs0/bgu-vilenchi/users/sdolev/Thesis/VLMs/data/affectnet/human_annotated/validation_set/images/5195.jpg,4,fear,1.0,neutral,/gpfs0/bgu-vilenchi/users/sdolev/Thesis/VLMs/data/affectnet/human_annotated/validation_set/images/5195.jpg
621,/gpfs0/bgu-vilenchi/users/sdolev/Thesis/VLMs/data/affectnet/human_annotated/validation_set/images/621.jpg,7,contempt,0.0,neutral,/gpfs0/bgu-vilenchi/users/sdolev/Thesis/VLMs/data/affectnet/human_annotated/validation_set/images/621.jpg
3703,/gpfs0/bgu-vilenchi/users/sdolev/Thesis/VLMs/data/affectnet/human_annotated/validation_set/images/3703.jpg,1,happy,0.0,happy,/gpfs0/bgu-vilenchi/users/sdolev/Thesis/VLMs/data/affectnet/human_annotated/validation_set/images/3703.jpg
1858,/gpfs0/bgu-vilenchi/users/sdolev/Thesis/VLMs/data/affectnet/human_annotated/validation_set/images/1858.jpg,7,contempt,1.0,neutral,/gpfs0/bgu-vilenchi/users/sdolev/Thesis/VLMs/data/affectnet/human_annotated/validation_set/images/1858.jpg
919,/gpfs0/bgu-vilenchi/users/sdolev/Thesis/VLMs/data/affectnet/human_annotated/validation_set/images/919.jpg,6,angry,0.0,neutral,/gpfs0/bgu-vilenchi/users/sdolev/Thesis/VLMs/data/affectnet/human_annotated/validation_set/images/919.jpg
1622,/gpfs0/bgu-vilenchi/users/sdolev/Thesis/VLMs/data/affectnet/human_annotated/validation_set/images/1622.jpg,4,fear,2.0,fear,/gpfs0/bgu-vilenchi/users/sdolev/Thesis/VLMs/data/affectnet/human_annotated/validation_set/images/1622.jpg
5362,/gpfs0/bgu-vilenchi/users/sdolev/Thesis/VLMs/data/affectnet/human_annotated/validation_set/images/5362.jpg,7,contempt,2.0,happy,/gpfs0/bgu-vilenchi/users/sdolev/Thesis/VLMs/data/affectnet/human_annotated/validation_set/images/5362.jpg
1178,/gpfs0/bgu-vilenchi/users/sdolev/Thesis/VLMs/data/affectnet/human_annotated/validation_set/images/1178.jpg,3,surprise,1.0,neutral,/gpfs0/bgu-vilenchi/users/sdolev/Thesis/VLMs/data/affectnet/human_annotated/validation_set/images/1178.jpg
4123,/gpfs0/bgu-vilenchi/users/sdolev/Thesis/VLMs/data/affectnet/human_annotated/validation_set/images/4123.jpg,5,disgust,0.0,surprise,/gpfs0/bgu-vilenchi/users/sdolev/Thesis/VLMs/data/affectnet/human_annotated/validation_set/images/4123.jpg
2584,/gpfs0/bgu-vilenchi/users/sdolev/Thesis/VLMs/data/affectnet/human_annotated/validation_set/images/2584.jpg,1,happy,0.0,happy,/gpfs0/bgu-vilenchi/users/sdolev/Thesis/VLMs/data/affectnet/human_annotated/validation_set/images/2584.jpg
397,/gpfs0/bgu-vilenchi/users/sdolev/Thesis/VLMs/data/affectnet/human_annotated/validation_set/images/397.jpg,3,surprise,0.0,surprise,/gpfs0/bgu-vilenchi/users/sdolev/Thesis/VLMs/data/affectnet/human_annotated/validation_set/images/397.jpg
4526,/gpfs0/bgu-vilenchi/users/sdolev/Thesis/VLMs/data/affectnet/human_annotated/validation_set/images/4526.jpg,3,surprise,0.0,happy,/gpfs0/bgu-vilenchi/users/sdolev/Thesis/VLMs/data/affectnet/human_annotated/validation_set/images/4526.jpg
1345,/gpfs0/bgu-vilenchi/users/sdolev/Thesis/VLMs/data/affectnet/human_annotated/validation_set/images/1345.jpg,6,angry,2.0,neutral,/gpfs0/bgu-vilenchi/users/sdolev/Thesis/VLMs/data/affectnet/human_annotated/validation_set/images/1345.jpg
2987,/gpfs0/bgu-vilenchi/users/sdolev/Thesis/VLMs/data/affectnet/human_annotated/validation_set/images/2987.jpg,7,contempt,2.0,happy,/gpfs0/bgu-vilenchi/users/sdolev/Thesis/VLMs/data/affectnet/human_annotated/validation_set/images/2987.jpg
532,/gpfs0/bgu-vilenchi/users/sdolev/Thesis/VLMs/data/affectnet/human_annotated/validation_set/images/532.jpg,6,angry,1.0,angry,/gpfs0/bgu-vilenchi/users/sdolev/Thesis/VLMs/data/affectnet/human_annotated/validation_set/images/532.jpg
5085,/gpfs0/bgu-vilenchi/users/sdolev/Thesis/VLMs/data/affectnet/human_annotated/validation_set/images/5085.jpg,7,contempt,1.0,happy,/gpfs0/bgu-vilenchi/users/sdolev/Thesis/VLMs/data/affectnet/human_annotated/validation_set/images/5085.jpg
933,/gpfs0/bgu-vilenchi/users/sdolev/Thesis/VLMs/data/affectnet/human_annotated/validation_set/images/933.jpg,4,fear,0.0,surprise,/gpfs0/bgu-vilenchi/users/sdolev/Thesis/VLMs/data/affectnet/human_annotated/validation_set/images/933.jpg
2751,/gpfs0/bgu-vilenchi/users/sdolev/Thesis/VLMs/data/affectnet/human_annotated/validation_set/images/2751.jpg,5,disgust,0.0,disgust,/gpfs0/bgu-vilenchi/users/sdolev/Thesis/VLMs/data/affectnet/human_annotated/validation_set/images/2751.jpg
1512,/gpfs0/bgu-vilenchi/users/sdolev/Thesis/VLMs/data/affectnet/human_annotated/validation_set/images/1512.jpg,3,surprise,2.0,happy,/gpfs0/bgu-vilenchi/users/sdolev/Thesis/VLMs/data/affectnet/human_annotated/validation_set/images/1512.jpg
5252,/gpfs0/bgu-vilenchi/users/sdolev/Thesis/VLMs/data/affectnet/human_annotated/validation_set/images/5252.jpg,7,contempt,2.0,neutral,/gpfs0/bgu-vilenchi/users/sdolev/Thesis/VLMs/data/affectnet/human_annotated/validation_set/images/5252.jpg
1915,/gpfs0/bgu-vilenchi/users/sdolev/Thesis/VLMs/data/affectnet/human_annotated/validation_set/images/1915.jpg,5,disgust,0.0,disgust,/gpfs0/bgu-vilenchi/users/sdolev/Thesis/VLMs/data/affectnet/human_annotated/validation_set/images/1915.jpg
5349,/gpfs0/bgu-vilenchi/users/sdolev/Thesis/VLMs/data/affectnet/human_annotated/validation_set/images/5349.jpg,5,disgust,2.0,angry,/gpfs0/bgu-vilenchi/users/sdolev/Thesis/VLMs/data/affectnet/human_annotated/validation_set/images/5349.jpg
4013,/gpfs0/bgu-vilenchi/users/sdolev/Thesis/VLMs/data/affectnet/human_annotated/validation_set/images/4013.jpg,0,neutral,2.0,neutral,/gpfs0/bgu-vilenchi/users/sdolev/Thesis/VLMs/data/affectnet/human_annotated/validation_set/images/4013.jpg
2474,/gpfs0/bgu-vilenchi/users/sdolev/Thesis/VLMs/data/affectnet/human_annotated/validation_set/images/2474.jpg,2,sad,0.0,sad,/gpfs0/bgu-vilenchi/users/sdolev/Thesis/VLMs/data/affectnet/human_annotated/validation_set/images/2474.jpg
4416,/gpfs0/bgu-vilenchi/users/sdolev/Thesis/VLMs/data/affectnet/human_annotated/validation_set/images/4416.jpg,4,fear,1.0,surprise,/gpfs0/bgu-vilenchi/users/sdolev/Thesis/VLMs/data/affectnet/human_annotated/validation_set/images/4416.jpg
1235,/gpfs0/bgu-vilenchi/users/sdolev/Thesis/VLMs/data/affectnet/human_annotated/validation_set/images/1235.jpg,0,neutral,0.0,neutral,/gpfs0/bgu-vilenchi/users/sdolev/Thesis/VLMs/data/affectnet/human_annotated/validation_set/images/1235.jpg
2877,/gpfs0/bgu-vilenchi/users/sdolev/Thesis/VLMs/data/affectnet/human_annotated/validation_set/images/2877.jpg,5,disgust,1.0,disgust,/gpfs0/bgu-vilenchi/users/sdolev/Thesis/VLMs/data/affectnet/human_annotated/validation_set/images/2877.jpg
3880,/gpfs0/bgu-vilenchi/users/sdolev/Thesis/VLMs/data/affectnet/human_annotated/validation_set/images/3880.jpg,6,angry,1.0,neutral,/gpfs0/bgu-vilenchi/users/sdolev/Thesis/VLMs/data/affectnet/human_annotated/validation_set/images/3880.jpg
707,/gpfs0/bgu-vilenchi/users/sdolev/Thesis/VLMs/data/affectnet/human_annotated/validation_set/images/707.jpg,3,surprise,1.0,surprise,/gpfs0/bgu-vilenchi/users/sdolev/Thesis/VLMs/data/affectnet/human_annotated/validation_set/images/707.jpg
844,/gpfs0/bgu-vilenchi/users/sdolev/Thesis/VLMs/data/affectnet/human_annotated/validation_set/images/844.jpg,1,happy,0.0,happy,/gpfs0/bgu-vilenchi/users/sdolev/Thesis/VLMs/data/affectnet/human_annotated/validation_set/images/844.jpg
4819,/gpfs0/bgu-vilenchi/users/sdolev/Thesis/VLMs/data/affectnet/human_annotated/validation_set/images/4819.jpg,2,sad,2.0,neutral,/gpfs0/bgu-vilenchi/users/sdolev/Thesis/VLMs/data/affectnet/human_annotated/validation_set/images/4819.jpg
1638,/gpfs0/bgu-vilenchi/users/sdolev/Thesis/VLMs/data/affectnet/human_annotated/validation_set/images/1638.jpg,1,happy,0.0,happy,/gpfs0/bgu-vilenchi/users/sdolev/Thesis/VLMs/data/affectnet/human_annotated/validation_set/images/1638.jpg
1402,/gpfs0/bgu-vilenchi/users/sdolev/Thesis/VLMs/data/affectnet/human_annotated/validation_set/images/1402.jpg,7,contempt,1.0,happy,/gpfs0/bgu-vilenchi/users/sdolev/Thesis/VLMs/data/affectnet/human_annotated/validation_set/images/1402.jpg
3297,/gpfs0/bgu-vilenchi/users/sdolev/Thesis/VLMs/data/affectnet/human_annotated/validation_set/images/3297.jpg,1,happy,0.0,happy,/gpfs0/bgu-vilenchi/users/sdolev/Thesis/VLMs/data/affectnet/human_annotated/validation_set/images/3297.jpg
1805,/gpfs0/bgu-vilenchi/users/sdolev/Thesis/VLMs/data/affectnet/human_annotated/validation_set/images/1805.jpg,5,disgust,1.0,happy,/gpfs0/bgu-vilenchi/users/sdolev/Thesis/VLMs/data/affectnet/human_annotated/validation_set/images/1805.jpg
5239,/gpfs0/bgu-vilenchi/users/sdolev/Thesis/VLMs/data/affectnet/human_annotated/validation_set/images/5239.jpg,4,fear,2.0,surprise,/gpfs0/bgu-vilenchi/users/sdolev/Thesis/VLMs/data/affectnet/human_annotated/validation_set/images/5239.jpg
2058,/gpfs0/bgu-vilenchi/users/sdolev/Thesis/VLMs/data/affectnet/human_annotated/validation_set/images/2058.jpg,6,angry,0.0,neutral,/gpfs0/bgu-vilenchi/users/sdolev/Thesis/VLMs/data/affectnet/human_annotated/validation_set/images/2058.jpg
320,/gpfs0/bgu-vilenchi/users/sdolev/Thesis/VLMs/data/affectnet/human_annotated/validation_set/images/320.jpg,0,neutral,0.0,neutral,/gpfs0/bgu-vilenchi/users/sdolev/Thesis/VLMs/data/affectnet/human_annotated/validation_set/images/320.jpg
5003,/gpfs0/bgu-vilenchi/users/sdolev/Thesis/VLMs/data/affectnet/human_annotated/validation_set/images/5003.jpg,7,contempt,1.0,neutral,/gpfs0/bgu-vilenchi/users/sdolev/Thesis/VLMs/data/affectnet/human_annotated/validation_set/images/5003.jpg
3464,/gpfs0/bgu-vilenchi/users/sdolev/Thesis/VLMs/data/affectnet/human_annotated/validation_set/images/3464.jpg,3,surprise,0.0,surprise,/gpfs0/bgu-vilenchi/users/sdolev/Thesis/VLMs/data/affectnet/human_annotated/validation_set/images/3464.jpg
618,/gpfs0/bgu-vilenchi/users/sdolev/Thesis/VLMs/data/affectnet/human_annotated/validation_set/images/618.jpg,5,disgust,2.0,neutral,/gpfs0/bgu-vilenchi/users/sdolev/Thesis/VLMs/data/affectnet/human_annotated/validation_set/images/618.jpg
755,/gpfs0/bgu-vilenchi/users/sdolev/Thesis/VLMs/data/affectnet/human_annotated/validation_set/images/755.jpg,7,contempt,0.0,happy,/gpfs0/bgu-vilenchi/users/sdolev/Thesis/VLMs/data/affectnet/human_annotated/validation_set/images/755.jpg
5406,/gpfs0/bgu-vilenchi/users/sdolev/Thesis/VLMs/data/affectnet/human_annotated/validation_set/images/5406.jpg,5,disgust,1.0,surprise,/gpfs0/bgu-vilenchi/users/sdolev/Thesis/VLMs/data/affectnet/human_annotated/validation_set/images/5406.jpg
3867,/gpfs0/bgu-vilenchi/users/sdolev/Thesis/VLMs/data/affectnet/human_annotated/validation_set/images/3867.jpg,5,disgust,2.0,sad,/gpfs0/bgu-vilenchi/users/sdolev/Thesis/VLMs/data/affectnet/human_annotated/validation_set/images/3867.jpg
2531,/gpfs0/bgu-vilenchi/users/sdolev/Thesis/VLMs/data/affectnet/human_annotated/validation_set/images/2531.jpg,5,disgust,1.0,angry,/gpfs0/bgu-vilenchi/users/sdolev/Thesis/VLMs/data/affectnet/human_annotated/validation_set/images/2531.jpg
2628,/gpfs0/bgu-vilenchi/users/sdolev/Thesis/VLMs/data/affectnet/human_annotated/validation_set/images/2628.jpg,0,neutral,0.0,neutral,/gpfs0/bgu-vilenchi/users/sdolev/Thesis/VLMs/data/affectnet/human_annotated/validation_set/images/2628.jpg
2934,/gpfs0/bgu-vilenchi/users/sdolev/Thesis/VLMs/data/affectnet/human_annotated/validation_set/images/2934.jpg,0,neutral,2.0,happy,/gpfs0/bgu-vilenchi/users/sdolev/Thesis/VLMs/data/affectnet/human_annotated/validation_set/images/2934.jpg
4190,/gpfs0/bgu-vilenchi/users/sdolev/Thesis/VLMs/data/affectnet/human_annotated/validation_set/images/4190.jpg,7,contempt,2.0,neutral,/gpfs0/bgu-vilenchi/users/sdolev/Thesis/VLMs/data/affectnet/human_annotated/validation_set/images/4190.jpg
5129,/gpfs0/bgu-vilenchi/users/sdolev/Thesis/VLMs/data/affectnet/human_annotated/validation_set/images/5129.jpg,1,happy,0.0,happy,/gpfs0/bgu-vilenchi/users/sdolev/Thesis/VLMs/data/affectnet/human_annotated/validation_set/images/5129.jpg
231,/gpfs0/bgu-vilenchi/users/sdolev/Thesis/VLMs/data/affectnet/human_annotated/validation_set/images/231.jpg,6,angry,0.0,angry,/gpfs0/bgu-vilenchi/users/sdolev/Thesis/VLMs/data/affectnet/human_annotated/validation_set/images/231.jpg
128,/gpfs0/bgu-vilenchi/users/sdolev/Thesis/VLMs/data/affectnet/human_annotated/validation_set/images/128.jpg,0,neutral,0.0,neutral,/gpfs0/bgu-vilenchi/users/sdolev/Thesis/VLMs/data/affectnet/human_annotated/validation_set/images/128.jpg
4593,/gpfs0/bgu-vilenchi/users/sdolev/Thesis/VLMs/data/affectnet/human_annotated/validation_set/images/4593.jpg,4,fear,2.0,sad,/gpfs0/bgu-vilenchi/users/sdolev/Thesis/VLMs/data/affectnet/human_annotated/validation_set/images/4593.jpg
632,/gpfs0/bgu-vilenchi/users/sdolev/Thesis/VLMs/data/affectnet/human_annotated/validation_set/images/632.jpg,0,neutral,0.0,neutral,/gpfs0/bgu-vilenchi/users/sdolev/Thesis/VLMs/data/affectnet/human_annotated/validation_set/images/632.jpg
529,/gpfs0/bgu-vilenchi/users/sdolev/Thesis/VLMs/data/affectnet/human_annotated/validation_set/images/529.jpg,4,fear,1.0,surprise,/gpfs0/bgu-vilenchi/users/sdolev/Thesis/VLMs/data/affectnet/human_annotated/validation_set/images/529.jpg
3354,/gpfs0/bgu-vilenchi/users/sdolev/Thesis/VLMs/data/affectnet/human_annotated/validation_set/images/3354.jpg,0,neutral,0.0,neutral,/gpfs0/bgu-vilenchi/users/sdolev/Thesis/VLMs/data/affectnet/human_annotated/validation_set/images/3354.jpg
2115,/gpfs0/bgu-vilenchi/users/sdolev/Thesis/VLMs/data/affectnet/human_annotated/validation_set/images/2115.jpg,1,happy,0.0,happy,/gpfs0/bgu-vilenchi/users/sdolev/Thesis/VLMs/data/affectnet/human_annotated/validation_set/images/2115.jpg
3757,/gpfs0/bgu-vilenchi/users/sdolev/Thesis/VLMs/data/affectnet/human_annotated/validation_set/images/3757.jpg,6,angry,0.0,neutral,/gpfs0/bgu-vilenchi/users/sdolev/Thesis/VLMs/data/affectnet/human_annotated/validation_set/images/3757.jpg
3521,/gpfs0/bgu-vilenchi/users/sdolev/Thesis/VLMs/data/affectnet/human_annotated/validation_set/images/3521.jpg,4,fear,2.0,surprise,/gpfs0/bgu-vilenchi/users/sdolev/Thesis/VLMs/data/affectnet/human_annotated/validation_set/images/3521.jpg
1982,/gpfs0/bgu-vilenchi/users/sdolev/Thesis/VLMs/data/affectnet/human_annotated/validation_set/images/1982.jpg,3,surprise,1.0,happy,/gpfs0/bgu-vilenchi/users/sdolev/Thesis/VLMs/data/affectnet/human_annotated/validation_set/images/1982.jpg
3077,/gpfs0/bgu-vilenchi/users/sdolev/Thesis/VLMs/data/affectnet/human_annotated/validation_set/images/3077.jpg,0,neutral,0.0,neutral,/gpfs0/bgu-vilenchi/users/sdolev/Thesis/VLMs/data/affectnet/human_annotated/validation_set/images/3077.jpg
4080,/gpfs0/bgu-vilenchi/users/sdolev/Thesis/VLMs/data/affectnet/human_annotated/validation_set/images/4080.jpg,1,happy,2.0,happy,/gpfs0/bgu-vilenchi/users/sdolev/Thesis/VLMs/data/affectnet/human_annotated/validation_set/images/4080.jpg
142,/gpfs0/bgu-vilenchi/users/sdolev/Thesis/VLMs/data/affectnet/human_annotated/validation_set/images/142.jpg,5,disgust,2.0,happy,/gpfs0/bgu-vilenchi/users/sdolev/Thesis/VLMs/data/affectnet/human_annotated/validation_set/images/142.jpg
4177,/gpfs0/bgu-vilenchi/users/sdolev/Thesis/VLMs/data/affectnet/human_annotated/validation_set/images/4177.jpg,7,contempt,1.0,happy,/gpfs0/bgu-vilenchi/users/sdolev/Thesis/VLMs/data/affectnet/human_annotated/validation_set/images/4177.jpg
543,/gpfs0/bgu-vilenchi/users/sdolev/Thesis/VLMs/data/affectnet/human_annotated/validation_set/images/543.jpg,3,surprise,2.0,happy,/gpfs0/bgu-vilenchi/users/sdolev/Thesis/VLMs/data/affectnet/human_annotated/validation_set/images/543.jpg
680,/gpfs0/bgu-vilenchi/users/sdolev/Thesis/VLMs/data/affectnet/human_annotated/validation_set/images/680.jpg,4,fear,1.0,surprise,/gpfs0/bgu-vilenchi/users/sdolev/Thesis/VLMs/data/affectnet/human_annotated/validation_set/images/680.jpg
4483,/gpfs0/bgu-vilenchi/users/sdolev/Thesis/VLMs/data/affectnet/human_annotated/validation_set/images/4483.jpg,5,disgust,2.0,sad,/gpfs0/bgu-vilenchi/users/sdolev/Thesis/VLMs/data/affectnet/human_annotated/validation_set/images/4483.jpg
3244,/gpfs0/bgu-vilenchi/users/sdolev/Thesis/VLMs/data/affectnet/human_annotated/validation_set/images/3244.jpg,0,neutral,0.0,neutral,/gpfs0/bgu-vilenchi/users/sdolev/Thesis/VLMs/data/affectnet/human_annotated/validation_set/images/3244.jpg
2005,/gpfs0/bgu-vilenchi/users/sdolev/Thesis/VLMs/data/affectnet/human_annotated/validation_set/images/2005.jpg,4,fear,1.0,surprise,/gpfs0/bgu-vilenchi/users/sdolev/Thesis/VLMs/data/affectnet/human_annotated/validation_set/images/2005.jpg
2408,/gpfs0/bgu-vilenchi/users/sdolev/Thesis/VLMs/data/affectnet/human_annotated/validation_set/images/2408.jpg,6,angry,0.0,surprise,/gpfs0/bgu-vilenchi/users/sdolev/Thesis/VLMs/data/affectnet/human_annotated/validation_set/images/2408.jpg
3411,/gpfs0/bgu-vilenchi/users/sdolev/Thesis/VLMs/data/affectnet/human_annotated/validation_set/images/3411.jpg,2,sad,2.0,neutral,/gpfs0/bgu-vilenchi/users/sdolev/Thesis/VLMs/data/affectnet/human_annotated/validation_set/images/3411.jpg
3814,/gpfs0/bgu-vilenchi/users/sdolev/Thesis/VLMs/data/affectnet/human_annotated/validation_set/images/3814.jpg,5,disgust,0.0,surprise,/gpfs0/bgu-vilenchi/users/sdolev/Thesis/VLMs/data/affectnet/human_annotated/validation_set/images/3814.jpg
454,/gpfs0/bgu-vilenchi/users/sdolev/Thesis/VLMs/data/affectnet/human_annotated/validation_set/images/454.jpg,3,surprise,2.0,neutral,/gpfs0/bgu-vilenchi/users/sdolev/Thesis/VLMs/data/affectnet/human_annotated/validation_set/images/454.jpg
4067,/gpfs0/bgu-vilenchi/users/sdolev/Thesis/VLMs/data/affectnet/human_annotated/validation_set/images/4067.jpg,6,angry,2.0,surprise,/gpfs0/bgu-vilenchi/users/sdolev/Thesis/VLMs/data/affectnet/human_annotated/validation_set/images/4067.jpg
5070,/gpfs0/bgu-vilenchi/users/sdolev/Thesis/VLMs/data/affectnet/human_annotated/validation_set/images/5070.jpg,4,fear,1.0,happy,/gpfs0/bgu-vilenchi/users/sdolev/Thesis/VLMs/data/affectnet/human_annotated/validation_set/images/5070.jpg
855,/gpfs0/bgu-vilenchi/users/sdolev/Thesis/VLMs/data/affectnet/human_annotated/validation_set/images/855.jpg,2,sad,2.0,neutral,/gpfs0/bgu-vilenchi/users/sdolev/Thesis/VLMs/data/affectnet/human_annotated/validation_set/images/855.jpg
992,/gpfs0/bgu-vilenchi/users/sdolev/Thesis/VLMs/data/affectnet/human_annotated/validation_set/images/992.jpg,5,disgust,2.0,angry,/gpfs0/bgu-vilenchi/users/sdolev/Thesis/VLMs/data/affectnet/human_annotated/validation_set/images/992.jpg
5473,/gpfs0/bgu-vilenchi/users/sdolev/Thesis/VLMs/data/affectnet/human_annotated/validation_set/images/5473.jpg,3,surprise,0.0,surprise,/gpfs0/bgu-vilenchi/users/sdolev/Thesis/VLMs/data/affectnet/human_annotated/validation_set/images/5473.jpg
4776,/gpfs0/bgu-vilenchi/users/sdolev/Thesis/VLMs/data/affectnet/human_annotated/validation_set/images/4776.jpg,0,neutral,0.0,neutral,/gpfs0/bgu-vilenchi/users/sdolev/Thesis/VLMs/data/affectnet/human_annotated/validation_set/images/4776.jpg
1053,/gpfs0/bgu-vilenchi/users/sdolev/Thesis/VLMs/data/affectnet/human_annotated/validation_set/images/1053.jpg,3,surprise,0.0,surprise,/gpfs0/bgu-vilenchi/users/sdolev/Thesis/VLMs/data/affectnet/human_annotated/validation_set/images/1053.jpg
3301,/gpfs0/bgu-vilenchi/users/sdolev/Thesis/VLMs/data/affectnet/human_annotated/validation_set/images/3301.jpg,4,fear,1.0,surprise,/gpfs0/bgu-vilenchi/users/sdolev/Thesis/VLMs/data/affectnet/human_annotated/validation_set/images/3301.jpg
1456,/gpfs0/bgu-vilenchi/users/sdolev/Thesis/VLMs/data/affectnet/human_annotated/validation_set/images/1456.jpg,0,neutral,0.0,neutral,/gpfs0/bgu-vilenchi/users/sdolev/Thesis/VLMs/data/affectnet/human_annotated/validation_set/images/1456.jpg
1762,/gpfs0/bgu-vilenchi/users/sdolev/Thesis/VLMs/data/affectnet/human_annotated/validation_set/images/1762.jpg,4,fear,2.0,surprise,/gpfs0/bgu-vilenchi/users/sdolev/Thesis/VLMs/data/affectnet/human_annotated/validation_set/images/1762.jpg
5196,/gpfs0/bgu-vilenchi/users/sdolev/Thesis/VLMs/data/affectnet/human_annotated/validation_set/images/5196.jpg,3,surprise,1.0,surprise,/gpfs0/bgu-vilenchi/users/sdolev/Thesis/VLMs/data/affectnet/human_annotated/validation_set/images/5196.jpg
365,/gpfs0/bgu-vilenchi/users/sdolev/Thesis/VLMs/data/affectnet/human_annotated/validation_set/images/365.jpg,0,neutral,0.0,neutral,/gpfs0/bgu-vilenchi/users/sdolev/Thesis/VLMs/data/affectnet/human_annotated/validation_set/images/365.jpg
3704,/gpfs0/bgu-vilenchi/users/sdolev/Thesis/VLMs/data/affectnet/human_annotated/validation_set/images/3704.jpg,0,neutral,1.0,neutral,/gpfs0/bgu-vilenchi/users/sdolev/Thesis/VLMs/data/affectnet/human_annotated/validation_set/images/3704.jpg
1859,/gpfs0/bgu-vilenchi/users/sdolev/Thesis/VLMs/data/affectnet/human_annotated/validation_set/images/1859.jpg,3,surprise,0.0,surprise,/gpfs0/bgu-vilenchi/users/sdolev/Thesis/VLMs/data/affectnet/human_annotated/validation_set/images/1859.jpg
766,/gpfs0/bgu-vilenchi/users/sdolev/Thesis/VLMs/data/affectnet/human_annotated/validation_set/images/766.jpg,6,angry,2.0,neutral,/gpfs0/bgu-vilenchi/users/sdolev/Thesis/VLMs/data/affectnet/human_annotated/validation_set/images/766.jpg
4804,/gpfs0/bgu-vilenchi/users/sdolev/Thesis/VLMs/data/affectnet/human_annotated/validation_set/images/4804.jpg,0,neutral,0.0,neutral,/gpfs0/bgu-vilenchi/users/sdolev/Thesis/VLMs/data/affectnet/human_annotated/validation_set/images/4804.jpg
1623,/gpfs0/bgu-vilenchi/users/sdolev/Thesis/VLMs/data/affectnet/human_annotated/validation_set/images/1623.jpg,0,neutral,0.0,neutral,/gpfs0/bgu-vilenchi/users/sdolev/Thesis/VLMs/data/affectnet/human_annotated/validation_set/images/1623.jpg
5363,/gpfs0/bgu-vilenchi/users/sdolev/Thesis/VLMs/data/affectnet/human_annotated/validation_set/images/5363.jpg,6,angry,2.0,neutral,/gpfs0/bgu-vilenchi/users/sdolev/Thesis/VLMs/data/affectnet/human_annotated/validation_set/images/5363.jpg
1179,/gpfs0/bgu-vilenchi/users/sdolev/Thesis/VLMs/data/affectnet/human_annotated/validation_set/images/1179.jpg,3,surprise,0.0,surprise,/gpfs0/bgu-vilenchi/users/sdolev/Thesis/VLMs/data/affectnet/human_annotated/validation_set/images/1179.jpg
4124,/gpfs0/bgu-vilenchi/users/sdolev/Thesis/VLMs/data/affectnet/human_annotated/validation_set/images/4124.jpg,0,neutral,0.0,neutral,/gpfs0/bgu-vilenchi/users/sdolev/Thesis/VLMs/data/affectnet/human_annotated/validation_set/images/4124.jpg
2585,/gpfs0/bgu-vilenchi/users/sdolev/Thesis/VLMs/data/affectnet/human_annotated/validation_set/images/2585.jpg,6,angry,0.0,angry,/gpfs0/bgu-vilenchi/users/sdolev/Thesis/VLMs/data/affectnet/human_annotated/validation_set/images/2585.jpg
4527,/gpfs0/bgu-vilenchi/users/sdolev/Thesis/VLMs/data/affectnet/human_annotated/validation_set/images/4527.jpg,1,happy,0.0,happy,/gpfs0/bgu-vilenchi/users/sdolev/Thesis/VLMs/data/affectnet/human_annotated/validation_set/images/4527.jpg
2988,/gpfs0/bgu-vilenchi/users/sdolev/Thesis/VLMs/data/affectnet/human_annotated/validation_set/images/2988.jpg,0,neutral,1.0,neutral,/gpfs0/bgu-vilenchi/users/sdolev/Thesis/VLMs/data/affectnet/human_annotated/validation_set/images/2988.jpg
3991,/gpfs0/bgu-vilenchi/users/sdolev/Thesis/VLMs/data/affectnet/human_annotated/validation_set/images/3991.jpg,6,angry,0.0,angry,/gpfs0/bgu-vilenchi/users/sdolev/Thesis/VLMs/data/affectnet/human_annotated/validation_set/images/3991.jpg
139,/gpfs0/bgu-vilenchi/users/sdolev/Thesis/VLMs/data/affectnet/human_annotated/validation_set/images/139.jpg,3,surprise,1.0,happy,/gpfs0/bgu-vilenchi/users/sdolev/Thesis/VLMs/data/affectnet/human_annotated/validation_set/images/139.jpg
276,/gpfs0/bgu-vilenchi/users/sdolev/Thesis/VLMs/data/affectnet/human_annotated/validation_set/images/276.jpg,0,neutral,0.0,neutral,/gpfs0/bgu-vilenchi/users/sdolev/Thesis/VLMs/data/affectnet/human_annotated/validation_set/images/276.jpg
2752,/gpfs0/bgu-vilenchi/users/sdolev/Thesis/VLMs/data/affectnet/human_annotated/validation_set/images/2752.jpg,0,neutral,2.0,neutral,/gpfs0/bgu-vilenchi/users/sdolev/Thesis/VLMs/data/affectnet/human_annotated/validation_set/images/2752.jpg
5489,/gpfs0/bgu-vilenchi/users/sdolev/Thesis/VLMs/data/affectnet/human_annotated/validation_set/images/5489.jpg,0,neutral,0.0,neutral,/gpfs0/bgu-vilenchi/users/sdolev/Thesis/VLMs/data/affectnet/human_annotated/validation_set/images/5489.jpg
1513,/gpfs0/bgu-vilenchi/users/sdolev/Thesis/VLMs/data/affectnet/human_annotated/validation_set/images/1513.jpg,7,contempt,1.0,neutral,/gpfs0/bgu-vilenchi/users/sdolev/Thesis/VLMs/data/affectnet/human_annotated/validation_set/images/1513.jpg
1916,/gpfs0/bgu-vilenchi/users/sdolev/Thesis/VLMs/data/affectnet/human_annotated/validation_set/images/1916.jpg,2,sad,0.0,sad,/gpfs0/bgu-vilenchi/users/sdolev/Thesis/VLMs/data/affectnet/human_annotated/validation_set/images/1916.jpg
4014,/gpfs0/bgu-vilenchi/users/sdolev/Thesis/VLMs/data/affectnet/human_annotated/validation_set/images/4014.jpg,6,angry,1.0,neutral,/gpfs0/bgu-vilenchi/users/sdolev/Thesis/VLMs/data/affectnet/human_annotated/validation_set/images/4014.jpg
2169,/gpfs0/bgu-vilenchi/users/sdolev/Thesis/VLMs/data/affectnet/human_annotated/validation_set/images/2169.jpg,0,neutral,1.0,neutral,/gpfs0/bgu-vilenchi/users/sdolev/Thesis/VLMs/data/affectnet/human_annotated/validation_set/images/2169.jpg
2475,/gpfs0/bgu-vilenchi/users/sdolev/Thesis/VLMs/data/affectnet/human_annotated/validation_set/images/2475.jpg,7,contempt,2.0,neutral,/gpfs0/bgu-vilenchi/users/sdolev/Thesis/VLMs/data/affectnet/human_annotated/validation_set/images/2475.jpg
290,/gpfs0/bgu-vilenchi/users/sdolev/Thesis/VLMs/data/affectnet/human_annotated/validation_set/images/290.jpg,3,surprise,2.0,surprise,/gpfs0/bgu-vilenchi/users/sdolev/Thesis/VLMs/data/affectnet/human_annotated/validation_set/images/290.jpg
5420,/gpfs0/bgu-vilenchi/users/sdolev/Thesis/VLMs/data/affectnet/human_annotated/validation_set/images/5420.jpg,7,contempt,2.0,neutral,/gpfs0/bgu-vilenchi/users/sdolev/Thesis/VLMs/data/affectnet/human_annotated/validation_set/images/5420.jpg
1236,/gpfs0/bgu-vilenchi/users/sdolev/Thesis/VLMs/data/affectnet/human_annotated/validation_set/images/1236.jpg,6,angry,0.0,angry,/gpfs0/bgu-vilenchi/users/sdolev/Thesis/VLMs/data/affectnet/human_annotated/validation_set/images/1236.jpg
2878,/gpfs0/bgu-vilenchi/users/sdolev/Thesis/VLMs/data/affectnet/human_annotated/validation_set/images/2878.jpg,5,disgust,0.0,disgust,/gpfs0/bgu-vilenchi/users/sdolev/Thesis/VLMs/data/affectnet/human_annotated/validation_set/images/2878.jpg
3881,/gpfs0/bgu-vilenchi/users/sdolev/Thesis/VLMs/data/affectnet/human_annotated/validation_set/images/3881.jpg,7,contempt,1.0,surprise,/gpfs0/bgu-vilenchi/users/sdolev/Thesis/VLMs/data/affectnet/human_annotated/validation_set/images/3881.jpg
691,/gpfs0/bgu-vilenchi/users/sdolev/Thesis/VLMs/data/affectnet/human_annotated/validation_set/images/691.jpg,4,fear,1.0,surprise,/gpfs0/bgu-vilenchi/users/sdolev/Thesis/VLMs/data/affectnet/human_annotated/validation_set/images/691.jpg
588,/gpfs0/bgu-vilenchi/users/sdolev/Thesis/VLMs/data/affectnet/human_annotated/validation_set/images/588.jpg,6,angry,0.0,angry,/gpfs0/bgu-vilenchi/users/sdolev/Thesis/VLMs/data/affectnet/human_annotated/validation_set/images/588.jpg
1639,/gpfs0/bgu-vilenchi/users/sdolev/Thesis/VLMs/data/affectnet/human_annotated/validation_set/images/1639.jpg,6,angry,0.0,neutral,/gpfs0/bgu-vilenchi/users/sdolev/Thesis/VLMs/data/affectnet/human_annotated/validation_set/images/1639.jpg
2642,/gpfs0/bgu-vilenchi/users/sdolev/Thesis/VLMs/data/affectnet/human_annotated/validation_set/images/2642.jpg,7,contempt,1.0,angry,/gpfs0/bgu-vilenchi/users/sdolev/Thesis/VLMs/data/affectnet/human_annotated/validation_set/images/2642.jpg
1403,/gpfs0/bgu-vilenchi/users/sdolev/Thesis/VLMs/data/affectnet/human_annotated/validation_set/images/1403.jpg,4,fear,1.0,surprise,/gpfs0/bgu-vilenchi/users/sdolev/Thesis/VLMs/data/affectnet/human_annotated/validation_set/images/1403.jpg
5143,/gpfs0/bgu-vilenchi/users/sdolev/Thesis/VLMs/data/affectnet/human_annotated/validation_set/images/5143.jpg,5,disgust,1.0,neutral,/gpfs0/bgu-vilenchi/users/sdolev/Thesis/VLMs/data/affectnet/human_annotated/validation_set/images/5143.jpg
1806,/gpfs0/bgu-vilenchi/users/sdolev/Thesis/VLMs/data/affectnet/human_annotated/validation_set/images/1806.jpg,3,surprise,1.0,happy,/gpfs0/bgu-vilenchi/users/sdolev/Thesis/VLMs/data/affectnet/human_annotated/validation_set/images/1806.jpg
2059,/gpfs0/bgu-vilenchi/users/sdolev/Thesis/VLMs/data/affectnet/human_annotated/validation_set/images/2059.jpg,2,sad,1.0,neutral,/gpfs0/bgu-vilenchi/users/sdolev/Thesis/VLMs/data/affectnet/human_annotated/validation_set/images/2059.jpg
5004,/gpfs0/bgu-vilenchi/users/sdolev/Thesis/VLMs/data/affectnet/human_annotated/validation_set/images/5004.jpg,5,disgust,0.0,sad,/gpfs0/bgu-vilenchi/users/sdolev/Thesis/VLMs/data/affectnet/human_annotated/validation_set/images/5004.jpg
3465,/gpfs0/bgu-vilenchi/users/sdolev/Thesis/VLMs/data/affectnet/human_annotated/validation_set/images/3465.jpg,6,angry,2.0,happy,/gpfs0/bgu-vilenchi/users/sdolev/Thesis/VLMs/data/affectnet/human_annotated/validation_set/images/3465.jpg
499,/gpfs0/bgu-vilenchi/users/sdolev/Thesis/VLMs/data/affectnet/human_annotated/validation_set/images/499.jpg,0,neutral,2.0,happy,/gpfs0/bgu-vilenchi/users/sdolev/Thesis/VLMs/data/affectnet/human_annotated/validation_set/images/499.jpg
3771,/gpfs0/bgu-vilenchi/users/sdolev/Thesis/VLMs/data/affectnet/human_annotated/validation_set/images/3771.jpg,1,happy,0.0,happy,/gpfs0/bgu-vilenchi/users/sdolev/Thesis/VLMs/data/affectnet/human_annotated/validation_set/images/3771.jpg
5407,/gpfs0/bgu-vilenchi/users/sdolev/Thesis/VLMs/data/affectnet/human_annotated/validation_set/images/5407.jpg,4,fear,0.0,surprise,/gpfs0/bgu-vilenchi/users/sdolev/Thesis/VLMs/data/affectnet/human_annotated/validation_set/images/5407.jpg
600,/gpfs0/bgu-vilenchi/users/sdolev/Thesis/VLMs/data/affectnet/human_annotated/validation_set/images/600.jpg,7,contempt,1.0,neutral,/gpfs0/bgu-vilenchi/users/sdolev/Thesis/VLMs/data/affectnet/human_annotated/validation_set/images/600.jpg
2532,/gpfs0/bgu-vilenchi/users/sdolev/Thesis/VLMs/data/affectnet/human_annotated/validation_set/images/2532.jpg,7,contempt,1.0,happy,/gpfs0/bgu-vilenchi/users/sdolev/Thesis/VLMs/data/affectnet/human_annotated/validation_set/images/2532.jpg
2629,/gpfs0/bgu-vilenchi/users/sdolev/Thesis/VLMs/data/affectnet/human_annotated/validation_set/images/2629.jpg,7,contempt,1.0,happy,/gpfs0/bgu-vilenchi/users/sdolev/Thesis/VLMs/data/affectnet/human_annotated/validation_set/images/2629.jpg
3188,/gpfs0/bgu-vilenchi/users/sdolev/Thesis/VLMs/data/affectnet/human_annotated/validation_set/images/3188.jpg,3,surprise,2.0,surprise,/gpfs0/bgu-vilenchi/users/sdolev/Thesis/VLMs/data/affectnet/human_annotated/validation_set/images/3188.jpg
4191,/gpfs0/bgu-vilenchi/users/sdolev/Thesis/VLMs/data/affectnet/human_annotated/validation_set/images/4191.jpg,5,disgust,0.0,disgust,/gpfs0/bgu-vilenchi/users/sdolev/Thesis/VLMs/data/affectnet/human_annotated/validation_set/images/4191.jpg
4594,/gpfs0/bgu-vilenchi/users/sdolev/Thesis/VLMs/data/affectnet/human_annotated/validation_set/images/4594.jpg,2,sad,0.0,neutral,/gpfs0/bgu-vilenchi/users/sdolev/Thesis/VLMs/data/affectnet/human_annotated/validation_set/images/4594.jpg
3355,/gpfs0/bgu-vilenchi/users/sdolev/Thesis/VLMs/data/affectnet/human_annotated/validation_set/images/3355.jpg,5,disgust,0.0,surprise,/gpfs0/bgu-vilenchi/users/sdolev/Thesis/VLMs/data/affectnet/human_annotated/validation_set/images/3355.jpg
4997,/gpfs0/bgu-vilenchi/users/sdolev/Thesis/VLMs/data/affectnet/human_annotated/validation_set/images/4997.jpg,3,surprise,1.0,surprise,/gpfs0/bgu-vilenchi/users/sdolev/Thesis/VLMs/data/affectnet/human_annotated/validation_set/images/4997.jpg
511,/gpfs0/bgu-vilenchi/users/sdolev/Thesis/VLMs/data/affectnet/human_annotated/validation_set/images/511.jpg,1,happy,0.0,happy,/gpfs0/bgu-vilenchi/users/sdolev/Thesis/VLMs/data/affectnet/human_annotated/validation_set/images/511.jpg
2116,/gpfs0/bgu-vilenchi/users/sdolev/Thesis/VLMs/data/affectnet/human_annotated/validation_set/images/2116.jpg,4,fear,1.0,surprise,/gpfs0/bgu-vilenchi/users/sdolev/Thesis/VLMs/data/affectnet/human_annotated/validation_set/images/2116.jpg
3758,/gpfs0/bgu-vilenchi/users/sdolev/Thesis/VLMs/data/affectnet/human_annotated/validation_set/images/3758.jpg,5,disgust,1.0,neutral,/gpfs0/bgu-vilenchi/users/sdolev/Thesis/VLMs/data/affectnet/human_annotated/validation_set/images/3758.jpg
912,/gpfs0/bgu-vilenchi/users/sdolev/Thesis/VLMs/data/affectnet/human_annotated/validation_set/images/912.jpg,7,contempt,0.0,happy,/gpfs0/bgu-vilenchi/users/sdolev/Thesis/VLMs/data/affectnet/human_annotated/validation_set/images/912.jpg
1580,/gpfs0/bgu-vilenchi/users/sdolev/Thesis/VLMs/data/affectnet/human_annotated/validation_set/images/1580.jpg,1,happy,0.0,happy,/gpfs0/bgu-vilenchi/users/sdolev/Thesis/VLMs/data/affectnet/human_annotated/validation_set/images/1580.jpg
809,/gpfs0/bgu-vilenchi/users/sdolev/Thesis/VLMs/data/affectnet/human_annotated/validation_set/images/809.jpg,2,sad,1.0,surprise,/gpfs0/bgu-vilenchi/users/sdolev/Thesis/VLMs/data/affectnet/human_annotated/validation_set/images/809.jpg
2519,/gpfs0/bgu-vilenchi/users/sdolev/Thesis/VLMs/data/affectnet/human_annotated/validation_set/images/2519.jpg,5,disgust,0.0,disgust,/gpfs0/bgu-vilenchi/users/sdolev/Thesis/VLMs/data/affectnet/human_annotated/validation_set/images/2519.jpg
3522,/gpfs0/bgu-vilenchi/users/sdolev/Thesis/VLMs/data/affectnet/human_annotated/validation_set/images/3522.jpg,6,angry,1.0,angry,/gpfs0/bgu-vilenchi/users/sdolev/Thesis/VLMs/data/affectnet/human_annotated/validation_set/images/3522.jpg
4081,/gpfs0/bgu-vilenchi/users/sdolev/Thesis/VLMs/data/affectnet/human_annotated/validation_set/images/4081.jpg,6,angry,2.0,neutral,/gpfs0/bgu-vilenchi/users/sdolev/Thesis/VLMs/data/affectnet/human_annotated/validation_set/images/4081.jpg
3925,/gpfs0/bgu-vilenchi/users/sdolev/Thesis/VLMs/data/affectnet/human_annotated/validation_set/images/3925.jpg,4,fear,2.0,surprise,/gpfs0/bgu-vilenchi/users/sdolev/Thesis/VLMs/data/affectnet/human_annotated/validation_set/images/3925.jpg
4178,/gpfs0/bgu-vilenchi/users/sdolev/Thesis/VLMs/data/affectnet/human_annotated/validation_set/images/4178.jpg,1,happy,0.0,happy,/gpfs0/bgu-vilenchi/users/sdolev/Thesis/VLMs/data/affectnet/human_annotated/validation_set/images/4178.jpg
3245,/gpfs0/bgu-vilenchi/users/sdolev/Thesis/VLMs/data/affectnet/human_annotated/validation_set/images/3245.jpg,6,angry,1.0,disgust,/gpfs0/bgu-vilenchi/users/sdolev/Thesis/VLMs/data/affectnet/human_annotated/validation_set/images/3245.jpg
422,/gpfs0/bgu-vilenchi/users/sdolev/Thesis/VLMs/data/affectnet/human_annotated/validation_set/images/422.jpg,2,sad,2.0,surprise,/gpfs0/bgu-vilenchi/users/sdolev/Thesis/VLMs/data/affectnet/human_annotated/validation_set/images/422.jpg
4887,/gpfs0/bgu-vilenchi/users/sdolev/Thesis/VLMs/data/affectnet/human_annotated/validation_set/images/4887.jpg,2,sad,1.0,happy,/gpfs0/bgu-vilenchi/users/sdolev/Thesis/VLMs/data/affectnet/human_annotated/validation_set/images/4887.jpg
2006,/gpfs0/bgu-vilenchi/users/sdolev/Thesis/VLMs/data/affectnet/human_annotated/validation_set/images/2006.jpg,1,happy,0.0,happy,/gpfs0/bgu-vilenchi/users/sdolev/Thesis/VLMs/data/affectnet/human_annotated/validation_set/images/2006.jpg
3648,/gpfs0/bgu-vilenchi/users/sdolev/Thesis/VLMs/data/affectnet/human_annotated/validation_set/images/3648.jpg,6,angry,0.0,neutral,/gpfs0/bgu-vilenchi/users/sdolev/Thesis/VLMs/data/affectnet/human_annotated/validation_set/images/3648.jpg
4651,/gpfs0/bgu-vilenchi/users/sdolev/Thesis/VLMs/data/affectnet/human_annotated/validation_set/images/4651.jpg,6,angry,2.0,neutral,/gpfs0/bgu-vilenchi/users/sdolev/Thesis/VLMs/data/affectnet/human_annotated/validation_set/images/4651.jpg
1470,/gpfs0/bgu-vilenchi/users/sdolev/Thesis/VLMs/data/affectnet/human_annotated/validation_set/images/1470.jpg,7,contempt,2.0,neutral,/gpfs0/bgu-vilenchi/users/sdolev/Thesis/VLMs/data/affectnet/human_annotated/validation_set/images/1470.jpg
3106,/gpfs0/bgu-vilenchi/users/sdolev/Thesis/VLMs/data/affectnet/human_annotated/validation_set/images/3106.jpg,7,contempt,0.0,neutral,/gpfs0/bgu-vilenchi/users/sdolev/Thesis/VLMs/data/affectnet/human_annotated/validation_set/images/3106.jpg
3412,/gpfs0/bgu-vilenchi/users/sdolev/Thesis/VLMs/data/affectnet/human_annotated/validation_set/images/3412.jpg,7,contempt,0.0,happy,/gpfs0/bgu-vilenchi/users/sdolev/Thesis/VLMs/data/affectnet/human_annotated/validation_set/images/3412.jpg
1873,/gpfs0/bgu-vilenchi/users/sdolev/Thesis/VLMs/data/affectnet/human_annotated/validation_set/images/1873.jpg,7,contempt,2.0,neutral,/gpfs0/bgu-vilenchi/users/sdolev/Thesis/VLMs/data/affectnet/human_annotated/validation_set/images/1873.jpg
3509,/gpfs0/bgu-vilenchi/users/sdolev/Thesis/VLMs/data/affectnet/human_annotated/validation_set/images/3509.jpg,1,happy,0.0,happy,/gpfs0/bgu-vilenchi/users/sdolev/Thesis/VLMs/data/affectnet/human_annotated/validation_set/images/3509.jpg
198,/gpfs0/bgu-vilenchi/users/sdolev/Thesis/VLMs/data/affectnet/human_annotated/validation_set/images/198.jpg,4,fear,0.0,surprise,/gpfs0/bgu-vilenchi/users/sdolev/Thesis/VLMs/data/affectnet/human_annotated/validation_set/images/198.jpg
4068,/gpfs0/bgu-vilenchi/users/sdolev/Thesis/VLMs/data/affectnet/human_annotated/validation_set/images/4068.jpg,5,disgust,1.0,disgust,/gpfs0/bgu-vilenchi/users/sdolev/Thesis/VLMs/data/affectnet/human_annotated/validation_set/images/4068.jpg
5071,/gpfs0/bgu-vilenchi/users/sdolev/Thesis/VLMs/data/affectnet/human_annotated/validation_set/images/5071.jpg,1,happy,0.0,happy,/gpfs0/bgu-vilenchi/users/sdolev/Thesis/VLMs/data/affectnet/human_annotated/validation_set/images/5071.jpg
4374,/gpfs0/bgu-vilenchi/users/sdolev/Thesis/VLMs/data/affectnet/human_annotated/validation_set/images/4374.jpg,4,fear,0.0,surprise,/gpfs0/bgu-vilenchi/users/sdolev/Thesis/VLMs/data/affectnet/human_annotated/validation_set/images/4374.jpg
5474,/gpfs0/bgu-vilenchi/users/sdolev/Thesis/VLMs/data/affectnet/human_annotated/validation_set/images/5474.jpg,5,disgust,1.0,angry,/gpfs0/bgu-vilenchi/users/sdolev/Thesis/VLMs/data/affectnet/human_annotated/validation_set/images/5474.jpg
4777,/gpfs0/bgu-vilenchi/users/sdolev/Thesis/VLMs/data/affectnet/human_annotated/validation_set/images/4777.jpg,2,sad,2.0,neutral,/gpfs0/bgu-vilenchi/users/sdolev/Thesis/VLMs/data/affectnet/human_annotated/validation_set/images/4777.jpg
2293,/gpfs0/bgu-vilenchi/users/sdolev/Thesis/VLMs/data/affectnet/human_annotated/validation_set/images/2293.jpg,0,neutral,1.0,neutral,/gpfs0/bgu-vilenchi/users/sdolev/Thesis/VLMs/data/affectnet/human_annotated/validation_set/images/2293.jpg
734,/gpfs0/bgu-vilenchi/users/sdolev/Thesis/VLMs/data/affectnet/human_annotated/validation_set/images/734.jpg,2,sad,2.0,neutral,/gpfs0/bgu-vilenchi/users/sdolev/Thesis/VLMs/data/affectnet/human_annotated/validation_set/images/734.jpg
4235,/gpfs0/bgu-vilenchi/users/sdolev/Thesis/VLMs/data/affectnet/human_annotated/validation_set/images/4235.jpg,7,contempt,1.0,happy,/gpfs0/bgu-vilenchi/users/sdolev/Thesis/VLMs/data/affectnet/human_annotated/validation_set/images/4235.jpg
4541,/gpfs0/bgu-vilenchi/users/sdolev/Thesis/VLMs/data/affectnet/human_annotated/validation_set/images/4541.jpg,6,angry,2.0,sad,/gpfs0/bgu-vilenchi/users/sdolev/Thesis/VLMs/data/affectnet/human_annotated/validation_set/images/4541.jpg
2696,/gpfs0/bgu-vilenchi/users/sdolev/Thesis/VLMs/data/affectnet/human_annotated/validation_set/images/2696.jpg,7,contempt,1.0,happy,/gpfs0/bgu-vilenchi/users/sdolev/Thesis/VLMs/data/affectnet/human_annotated/validation_set/images/2696.jpg
4638,/gpfs0/bgu-vilenchi/users/sdolev/Thesis/VLMs/data/affectnet/human_annotated/validation_set/images/4638.jpg,7,contempt,1.0,happy,/gpfs0/bgu-vilenchi/users/sdolev/Thesis/VLMs/data/affectnet/human_annotated/validation_set/images/4638.jpg
3302,/gpfs0/bgu-vilenchi/users/sdolev/Thesis/VLMs/data/affectnet/human_annotated/validation_set/images/3302.jpg,4,fear,2.0,neutral,/gpfs0/bgu-vilenchi/users/sdolev/Thesis/VLMs/data/affectnet/human_annotated/validation_set/images/3302.jpg
1457,/gpfs0/bgu-vilenchi/users/sdolev/Thesis/VLMs/data/affectnet/human_annotated/validation_set/images/1457.jpg,5,disgust,2.0,neutral,/gpfs0/bgu-vilenchi/users/sdolev/Thesis/VLMs/data/affectnet/human_annotated/validation_set/images/1457.jpg
4944,/gpfs0/bgu-vilenchi/users/sdolev/Thesis/VLMs/data/affectnet/human_annotated/validation_set/images/4944.jpg,7,contempt,1.0,neutral,/gpfs0/bgu-vilenchi/users/sdolev/Thesis/VLMs/data/affectnet/human_annotated/validation_set/images/4944.jpg
1763,/gpfs0/bgu-vilenchi/users/sdolev/Thesis/VLMs/data/affectnet/human_annotated/validation_set/images/1763.jpg,4,fear,1.0,surprise,/gpfs0/bgu-vilenchi/users/sdolev/Thesis/VLMs/data/affectnet/human_annotated/validation_set/images/1763.jpg
4402,/gpfs0/bgu-vilenchi/users/sdolev/Thesis/VLMs/data/affectnet/human_annotated/validation_set/images/4402.jpg,6,angry,1.0,happy,/gpfs0/bgu-vilenchi/users/sdolev/Thesis/VLMs/data/affectnet/human_annotated/validation_set/images/4402.jpg
107,/gpfs0/bgu-vilenchi/users/sdolev/Thesis/VLMs/data/affectnet/human_annotated/validation_set/images/107.jpg,2,sad,2.0,sad,/gpfs0/bgu-vilenchi/users/sdolev/Thesis/VLMs/data/affectnet/human_annotated/validation_set/images/107.jpg
1624,/gpfs0/bgu-vilenchi/users/sdolev/Thesis/VLMs/data/affectnet/human_annotated/validation_set/images/1624.jpg,0,neutral,0.0,happy,/gpfs0/bgu-vilenchi/users/sdolev/Thesis/VLMs/data/affectnet/human_annotated/validation_set/images/1624.jpg
1930,/gpfs0/bgu-vilenchi/users/sdolev/Thesis/VLMs/data/affectnet/human_annotated/validation_set/images/1930.jpg,5,disgust,1.0,neutral,/gpfs0/bgu-vilenchi/users/sdolev/Thesis/VLMs/data/affectnet/human_annotated/validation_set/images/1930.jpg
508,/gpfs0/bgu-vilenchi/users/sdolev/Thesis/VLMs/data/affectnet/human_annotated/validation_set/images/508.jpg,5,disgust,1.0,happy,/gpfs0/bgu-vilenchi/users/sdolev/Thesis/VLMs/data/affectnet/human_annotated/validation_set/images/508.jpg
5364,/gpfs0/bgu-vilenchi/users/sdolev/Thesis/VLMs/data/affectnet/human_annotated/validation_set/images/5364.jpg,6,angry,0.0,surprise,/gpfs0/bgu-vilenchi/users/sdolev/Thesis/VLMs/data/affectnet/human_annotated/validation_set/images/5364.jpg
2183,/gpfs0/bgu-vilenchi/users/sdolev/Thesis/VLMs/data/affectnet/human_annotated/validation_set/images/2183.jpg,6,angry,2.0,neutral,/gpfs0/bgu-vilenchi/users/sdolev/Thesis/VLMs/data/affectnet/human_annotated/validation_set/images/2183.jpg
4125,/gpfs0/bgu-vilenchi/users/sdolev/Thesis/VLMs/data/affectnet/human_annotated/validation_set/images/4125.jpg,0,neutral,0.0,neutral,/gpfs0/bgu-vilenchi/users/sdolev/Thesis/VLMs/data/affectnet/human_annotated/validation_set/images/4125.jpg
1347,/gpfs0/bgu-vilenchi/users/sdolev/Thesis/VLMs/data/affectnet/human_annotated/validation_set/images/1347.jpg,7,contempt,1.0,happy,/gpfs0/bgu-vilenchi/users/sdolev/Thesis/VLMs/data/affectnet/human_annotated/validation_set/images/1347.jpg
2989,/gpfs0/bgu-vilenchi/users/sdolev/Thesis/VLMs/data/affectnet/human_annotated/validation_set/images/2989.jpg,7,contempt,1.0,happy,/gpfs0/bgu-vilenchi/users/sdolev/Thesis/VLMs/data/affectnet/human_annotated/validation_set/images/2989.jpg
5087,/gpfs0/bgu-vilenchi/users/sdolev/Thesis/VLMs/data/affectnet/human_annotated/validation_set/images/5087.jpg,2,sad,2.0,sad,/gpfs0/bgu-vilenchi/users/sdolev/Thesis/VLMs/data/affectnet/human_annotated/validation_set/images/5087.jpg
91,/gpfs0/bgu-vilenchi/users/sdolev/Thesis/VLMs/data/affectnet/human_annotated/validation_set/images/91.jpg,2,sad,1.0,neutral,/gpfs0/bgu-vilenchi/users/sdolev/Thesis/VLMs/data/affectnet/human_annotated/validation_set/images/91.jpg
121,/gpfs0/bgu-vilenchi/users/sdolev/Thesis/VLMs/data/affectnet/human_annotated/validation_set/images/121.jpg,4,fear,1.0,sad,/gpfs0/bgu-vilenchi/users/sdolev/Thesis/VLMs/data/affectnet/human_annotated/validation_set/images/121.jpg
2753,/gpfs0/bgu-vilenchi/users/sdolev/Thesis/VLMs/data/affectnet/human_annotated/validation_set/images/2753.jpg,4,fear,2.0,surprise,/gpfs0/bgu-vilenchi/users/sdolev/Thesis/VLMs/data/affectnet/human_annotated/validation_set/images/2753.jpg
63,/gpfs0/bgu-vilenchi/users/sdolev/Thesis/VLMs/data/affectnet/human_annotated/validation_set/images/63.jpg,1,happy,1.0,neutral,/gpfs0/bgu-vilenchi/users/sdolev/Thesis/VLMs/data/affectnet/human_annotated/validation_set/images/63.jpg
1514,/gpfs0/bgu-vilenchi/users/sdolev/Thesis/VLMs/data/affectnet/human_annotated/validation_set/images/1514.jpg,7,contempt,2.0,happy,/gpfs0/bgu-vilenchi/users/sdolev/Thesis/VLMs/data/affectnet/human_annotated/validation_set/images/1514.jpg
419,/gpfs0/bgu-vilenchi/users/sdolev/Thesis/VLMs/data/affectnet/human_annotated/validation_set/images/419.jpg,4,fear,1.0,surprise,/gpfs0/bgu-vilenchi/users/sdolev/Thesis/VLMs/data/affectnet/human_annotated/validation_set/images/419.jpg
35,/gpfs0/bgu-vilenchi/users/sdolev/Thesis/VLMs/data/affectnet/human_annotated/validation_set/images/35.jpg,1,happy,0.0,neutral,/gpfs0/bgu-vilenchi/users/sdolev/Thesis/VLMs/data/affectnet/human_annotated/validation_set/images/35.jpg
5254,/gpfs0/bgu-vilenchi/users/sdolev/Thesis/VLMs/data/affectnet/human_annotated/validation_set/images/5254.jpg,7,contempt,1.0,happy,/gpfs0/bgu-vilenchi/users/sdolev/Thesis/VLMs/data/affectnet/human_annotated/validation_set/images/5254.jpg
957,/gpfs0/bgu-vilenchi/users/sdolev/Thesis/VLMs/data/affectnet/human_annotated/validation_set/images/957.jpg,2,sad,0.0,sad,/gpfs0/bgu-vilenchi/users/sdolev/Thesis/VLMs/data/affectnet/human_annotated/validation_set/images/957.jpg
2073,/gpfs0/bgu-vilenchi/users/sdolev/Thesis/VLMs/data/affectnet/human_annotated/validation_set/images/2073.jpg,4,fear,1.0,surprise,/gpfs0/bgu-vilenchi/users/sdolev/Thesis/VLMs/data/affectnet/human_annotated/validation_set/images/2073.jpg
1917,/gpfs0/bgu-vilenchi/users/sdolev/Thesis/VLMs/data/affectnet/human_annotated/validation_set/images/1917.jpg,6,angry,2.0,neutral,/gpfs0/bgu-vilenchi/users/sdolev/Thesis/VLMs/data/affectnet/human_annotated/validation_set/images/1917.jpg
4015,/gpfs0/bgu-vilenchi/users/sdolev/Thesis/VLMs/data/affectnet/human_annotated/validation_set/images/4015.jpg,6,angry,1.0,neutral,/gpfs0/bgu-vilenchi/users/sdolev/Thesis/VLMs/data/affectnet/human_annotated/validation_set/images/4015.jpg
2476,/gpfs0/bgu-vilenchi/users/sdolev/Thesis/VLMs/data/affectnet/human_annotated/validation_set/images/2476.jpg,1,happy,0.0,happy,/gpfs0/bgu-vilenchi/users/sdolev/Thesis/VLMs/data/affectnet/human_annotated/validation_set/images/2476.jpg
4418,/gpfs0/bgu-vilenchi/users/sdolev/Thesis/VLMs/data/affectnet/human_annotated/validation_set/images/4418.jpg,1,happy,0.0,neutral,/gpfs0/bgu-vilenchi/users/sdolev/Thesis/VLMs/data/affectnet/human_annotated/validation_set/images/4418.jpg
2879,/gpfs0/bgu-vilenchi/users/sdolev/Thesis/VLMs/data/affectnet/human_annotated/validation_set/images/2879.jpg,3,surprise,1.0,neutral,/gpfs0/bgu-vilenchi/users/sdolev/Thesis/VLMs/data/affectnet/human_annotated/validation_set/images/2879.jpg
3882,/gpfs0/bgu-vilenchi/users/sdolev/Thesis/VLMs/data/affectnet/human_annotated/validation_set/images/3882.jpg,6,angry,0.0,surprise,/gpfs0/bgu-vilenchi/users/sdolev/Thesis/VLMs/data/affectnet/human_annotated/validation_set/images/3882.jpg
1001,/gpfs0/bgu-vilenchi/users/sdolev/Thesis/VLMs/data/affectnet/human_annotated/validation_set/images/1001.jpg,0,neutral,0.0,neutral,/gpfs0/bgu-vilenchi/users/sdolev/Thesis/VLMs/data/affectnet/human_annotated/validation_set/images/1001.jpg
433,/gpfs0/bgu-vilenchi/users/sdolev/Thesis/VLMs/data/affectnet/human_annotated/validation_set/images/433.jpg,2,sad,0.0,neutral,/gpfs0/bgu-vilenchi/users/sdolev/Thesis/VLMs/data/affectnet/human_annotated/validation_set/images/433.jpg
570,/gpfs0/bgu-vilenchi/users/sdolev/Thesis/VLMs/data/affectnet/human_annotated/validation_set/images/570.jpg,3,surprise,1.0,neutral,/gpfs0/bgu-vilenchi/users/sdolev/Thesis/VLMs/data/affectnet/human_annotated/validation_set/images/570.jpg
1404,/gpfs0/bgu-vilenchi/users/sdolev/Thesis/VLMs/data/affectnet/human_annotated/validation_set/images/1404.jpg,6,angry,0.0,neutral,/gpfs0/bgu-vilenchi/users/sdolev/Thesis/VLMs/data/affectnet/human_annotated/validation_set/images/1404.jpg
971,/gpfs0/bgu-vilenchi/users/sdolev/Thesis/VLMs/data/affectnet/human_annotated/validation_set/images/971.jpg,7,contempt,1.0,neutral,/gpfs0/bgu-vilenchi/users/sdolev/Thesis/VLMs/data/affectnet/human_annotated/validation_set/images/971.jpg
2810,/gpfs0/bgu-vilenchi/users/sdolev/Thesis/VLMs/data/affectnet/human_annotated/validation_set/images/2810.jpg,4,fear,1.0,surprise,/gpfs0/bgu-vilenchi/users/sdolev/Thesis/VLMs/data/affectnet/human_annotated/validation_set/images/2810.jpg
66,/gpfs0/bgu-vilenchi/users/sdolev/Thesis/VLMs/data/affectnet/human_annotated/validation_set/images/66.jpg,1,happy,0.0,happy,/gpfs0/bgu-vilenchi/users/sdolev/Thesis/VLMs/data/affectnet/human_annotated/validation_set/images/66.jpg
3063,/gpfs0/bgu-vilenchi/users/sdolev/Thesis/VLMs/data/affectnet/human_annotated/validation_set/images/3063.jpg,7,contempt,1.0,happy,/gpfs0/bgu-vilenchi/users/sdolev/Thesis/VLMs/data/affectnet/human_annotated/validation_set/images/3063.jpg
38,/gpfs0/bgu-vilenchi/users/sdolev/Thesis/VLMs/data/affectnet/human_annotated/validation_set/images/38.jpg,5,disgust,2.0,surprise,/gpfs0/bgu-vilenchi/users/sdolev/Thesis/VLMs/data/affectnet/human_annotated/validation_set/images/38.jpg
5005,/gpfs0/bgu-vilenchi/users/sdolev/Thesis/VLMs/data/affectnet/human_annotated/validation_set/images/5005.jpg,1,happy,0.0,happy,/gpfs0/bgu-vilenchi/users/sdolev/Thesis/VLMs/data/affectnet/human_annotated/validation_set/images/5005.jpg
3466,/gpfs0/bgu-vilenchi/users/sdolev/Thesis/VLMs/data/affectnet/human_annotated/validation_set/images/3466.jpg,4,fear,0.0,surprise,/gpfs0/bgu-vilenchi/users/sdolev/Thesis/VLMs/data/affectnet/human_annotated/validation_set/images/3466.jpg
3772,/gpfs0/bgu-vilenchi/users/sdolev/Thesis/VLMs/data/affectnet/human_annotated/validation_set/images/3772.jpg,1,happy,0.0,happy,/gpfs0/bgu-vilenchi/users/sdolev/Thesis/VLMs/data/affectnet/human_annotated/validation_set/images/3772.jpg
5408,/gpfs0/bgu-vilenchi/users/sdolev/Thesis/VLMs/data/affectnet/human_annotated/validation_set/images/5408.jpg,6,angry,0.0,angry,/gpfs0/bgu-vilenchi/users/sdolev/Thesis/VLMs/data/affectnet/human_annotated/validation_set/images/5408.jpg
3869,/gpfs0/bgu-vilenchi/users/sdolev/Thesis/VLMs/data/affectnet/human_annotated/validation_set/images/3869.jpg,1,happy,0.0,happy,/gpfs0/bgu-vilenchi/users/sdolev/Thesis/VLMs/data/affectnet/human_annotated/validation_set/images/3869.jpg
2533,/gpfs0/bgu-vilenchi/users/sdolev/Thesis/VLMs/data/affectnet/human_annotated/validation_set/images/2533.jpg,6,angry,0.0,neutral,/gpfs0/bgu-vilenchi/users/sdolev/Thesis/VLMs/data/affectnet/human_annotated/validation_set/images/2533.jpg
89,/gpfs0/bgu-vilenchi/users/sdolev/Thesis/VLMs/data/affectnet/human_annotated/validation_set/images/89.jpg,1,happy,0.0,happy,/gpfs0/bgu-vilenchi/users/sdolev/Thesis/VLMs/data/affectnet/human_annotated/validation_set/images/89.jpg
745,/gpfs0/bgu-vilenchi/users/sdolev/Thesis/VLMs/data/affectnet/human_annotated/validation_set/images/745.jpg,4,fear,1.0,surprise,/gpfs0/bgu-vilenchi/users/sdolev/Thesis/VLMs/data/affectnet/human_annotated/validation_set/images/745.jpg
882,/gpfs0/bgu-vilenchi/users/sdolev/Thesis/VLMs/data/affectnet/human_annotated/validation_set/images/882.jpg,6,angry,1.0,neutral,/gpfs0/bgu-vilenchi/users/sdolev/Thesis/VLMs/data/affectnet/human_annotated/validation_set/images/882.jpg
3633,/gpfs0/bgu-vilenchi/users/sdolev/Thesis/VLMs/data/affectnet/human_annotated/validation_set/images/3633.jpg,6,angry,0.0,neutral,/gpfs0/bgu-vilenchi/users/sdolev/Thesis/VLMs/data/affectnet/human_annotated/validation_set/images/3633.jpg
2936,/gpfs0/bgu-vilenchi/users/sdolev/Thesis/VLMs/data/affectnet/human_annotated/validation_set/images/2936.jpg,3,surprise,1.0,surprise,/gpfs0/bgu-vilenchi/users/sdolev/Thesis/VLMs/data/affectnet/human_annotated/validation_set/images/2936.jpg
3189,/gpfs0/bgu-vilenchi/users/sdolev/Thesis/VLMs/data/affectnet/human_annotated/validation_set/images/3189.jpg,1,happy,0.0,happy,/gpfs0/bgu-vilenchi/users/sdolev/Thesis/VLMs/data/affectnet/human_annotated/validation_set/images/3189.jpg
2700,/gpfs0/bgu-vilenchi/users/sdolev/Thesis/VLMs/data/affectnet/human_annotated/validation_set/images/2700.jpg,5,disgust,0.0,disgust,/gpfs0/bgu-vilenchi/users/sdolev/Thesis/VLMs/data/affectnet/human_annotated/validation_set/images/2700.jpg
2117,/gpfs0/bgu-vilenchi/users/sdolev/Thesis/VLMs/data/affectnet/human_annotated/validation_set/images/2117.jpg,3,surprise,2.0,surprise,/gpfs0/bgu-vilenchi/users/sdolev/Thesis/VLMs/data/affectnet/human_annotated/validation_set/images/2117.jpg
3120,/gpfs0/bgu-vilenchi/users/sdolev/Thesis/VLMs/data/affectnet/human_annotated/validation_set/images/3120.jpg,3,surprise,2.0,neutral,/gpfs0/bgu-vilenchi/users/sdolev/Thesis/VLMs/data/affectnet/human_annotated/validation_set/images/3120.jpg
3759,/gpfs0/bgu-vilenchi/users/sdolev/Thesis/VLMs/data/affectnet/human_annotated/validation_set/images/3759.jpg,1,happy,0.0,happy,/gpfs0/bgu-vilenchi/users/sdolev/Thesis/VLMs/data/affectnet/human_annotated/validation_set/images/3759.jpg
656,/gpfs0/bgu-vilenchi/users/sdolev/Thesis/VLMs/data/affectnet/human_annotated/validation_set/images/656.jpg,3,surprise,2.0,neutral,/gpfs0/bgu-vilenchi/users/sdolev/Thesis/VLMs/data/affectnet/human_annotated/validation_set/images/656.jpg
1581,/gpfs0/bgu-vilenchi/users/sdolev/Thesis/VLMs/data/affectnet/human_annotated/validation_set/images/1581.jpg,1,happy,0.0,happy,/gpfs0/bgu-vilenchi/users/sdolev/Thesis/VLMs/data/affectnet/human_annotated/validation_set/images/1581.jpg
3523,/gpfs0/bgu-vilenchi/users/sdolev/Thesis/VLMs/data/affectnet/human_annotated/validation_set/images/3523.jpg,6,angry,2.0,neutral,/gpfs0/bgu-vilenchi/users/sdolev/Thesis/VLMs/data/affectnet/human_annotated/validation_set/images/3523.jpg
4082,/gpfs0/bgu-vilenchi/users/sdolev/Thesis/VLMs/data/affectnet/human_annotated/validation_set/images/4082.jpg,0,neutral,1.0,neutral,/gpfs0/bgu-vilenchi/users/sdolev/Thesis/VLMs/data/affectnet/human_annotated/validation_set/images/4082.jpg
3926,/gpfs0/bgu-vilenchi/users/sdolev/Thesis/VLMs/data/affectnet/human_annotated/validation_set/images/3926.jpg,6,angry,0.0,angry,/gpfs0/bgu-vilenchi/users/sdolev/Thesis/VLMs/data/affectnet/human_annotated/validation_set/images/3926.jpg
4179,/gpfs0/bgu-vilenchi/users/sdolev/Thesis/VLMs/data/affectnet/human_annotated/validation_set/images/4179.jpg,5,disgust,2.0,surprise,/gpfs0/bgu-vilenchi/users/sdolev/Thesis/VLMs/data/affectnet/human_annotated/validation_set/images/4179.jpg
3246,/gpfs0/bgu-vilenchi/users/sdolev/Thesis/VLMs/data/affectnet/human_annotated/validation_set/images/3246.jpg,6,angry,0.0,anger,/gpfs0/bgu-vilenchi/users/sdolev/Thesis/VLMs/data/affectnet/human_annotated/validation_set/images/3246.jpg
166,/gpfs0/bgu-vilenchi/users/sdolev/Thesis/VLMs/data/affectnet/human_annotated/validation_set/images/166.jpg,5,disgust,2.0,neutral,/gpfs0/bgu-vilenchi/users/sdolev/Thesis/VLMs/data/affectnet/human_annotated/validation_set/images/166.jpg
2007,/gpfs0/bgu-vilenchi/users/sdolev/Thesis/VLMs/data/affectnet/human_annotated/validation_set/images/2007.jpg,4,fear,1.0,surprise,/gpfs0/bgu-vilenchi/users/sdolev/Thesis/VLMs/data/affectnet/human_annotated/validation_set/images/2007.jpg
567,/gpfs0/bgu-vilenchi/users/sdolev/Thesis/VLMs/data/affectnet/human_annotated/validation_set/images/567.jpg,2,sad,1.0,neutral,/gpfs0/bgu-vilenchi/users/sdolev/Thesis/VLMs/data/affectnet/human_annotated/validation_set/images/567.jpg
3010,/gpfs0/bgu-vilenchi/users/sdolev/Thesis/VLMs/data/affectnet/human_annotated/validation_set/images/3010.jpg,2,sad,1.0,sad,/gpfs0/bgu-vilenchi/users/sdolev/Thesis/VLMs/data/affectnet/human_annotated/validation_set/images/3010.jpg
3649,/gpfs0/bgu-vilenchi/users/sdolev/Thesis/VLMs/data/affectnet/human_annotated/validation_set/images/3649.jpg,1,happy,0.0,happy,/gpfs0/bgu-vilenchi/users/sdolev/Thesis/VLMs/data/affectnet/human_annotated/validation_set/images/3649.jpg
4652,/gpfs0/bgu-vilenchi/users/sdolev/Thesis/VLMs/data/affectnet/human_annotated/validation_set/images/4652.jpg,1,happy,1.0,happy,/gpfs0/bgu-vilenchi/users/sdolev/Thesis/VLMs/data/affectnet/human_annotated/validation_set/images/4652.jpg
3107,/gpfs0/bgu-vilenchi/users/sdolev/Thesis/VLMs/data/affectnet/human_annotated/validation_set/images/3107.jpg,6,angry,2.0,neutral,/gpfs0/bgu-vilenchi/users/sdolev/Thesis/VLMs/data/affectnet/human_annotated/validation_set/images/3107.jpg
968,/gpfs0/bgu-vilenchi/users/sdolev/Thesis/VLMs/data/affectnet/human_annotated/validation_set/images/968.jpg,4,fear,2.0,surprise,/gpfs0/bgu-vilenchi/users/sdolev/Thesis/VLMs/data/affectnet/human_annotated/validation_set/images/968.jpg
3413,/gpfs0/bgu-vilenchi/users/sdolev/Thesis/VLMs/data/affectnet/human_annotated/validation_set/images/3413.jpg,0,neutral,0.0,neutral,/gpfs0/bgu-vilenchi/users/sdolev/Thesis/VLMs/data/affectnet/human_annotated/validation_set/images/3413.jpg
1874,/gpfs0/bgu-vilenchi/users/sdolev/Thesis/VLMs/data/affectnet/human_annotated/validation_set/images/1874.jpg,3,surprise,0.0,surprise,/gpfs0/bgu-vilenchi/users/sdolev/Thesis/VLMs/data/affectnet/human_annotated/validation_set/images/1874.jpg
5072,/gpfs0/bgu-vilenchi/users/sdolev/Thesis/VLMs/data/affectnet/human_annotated/validation_set/images/5072.jpg,0,neutral,0.0,sad,/gpfs0/bgu-vilenchi/users/sdolev/Thesis/VLMs/data/affectnet/human_annotated/validation_set/images/5072.jpg
4375,/gpfs0/bgu-vilenchi/users/sdolev/Thesis/VLMs/data/affectnet/human_annotated/validation_set/images/4375.jpg,3,surprise,0.0,neutral,/gpfs0/bgu-vilenchi/users/sdolev/Thesis/VLMs/data/affectnet/human_annotated/validation_set/images/4375.jpg
180,/gpfs0/bgu-vilenchi/users/sdolev/Thesis/VLMs/data/affectnet/human_annotated/validation_set/images/180.jpg,1,happy,0.0,happy,/gpfs0/bgu-vilenchi/users/sdolev/Thesis/VLMs/data/affectnet/human_annotated/validation_set/images/180.jpg
5475,/gpfs0/bgu-vilenchi/users/sdolev/Thesis/VLMs/data/affectnet/human_annotated/validation_set/images/5475.jpg,1,happy,0.0,happy,/gpfs0/bgu-vilenchi/users/sdolev/Thesis/VLMs/data/affectnet/human_annotated/validation_set/images/5475.jpg
4778,/gpfs0/bgu-vilenchi/users/sdolev/Thesis/VLMs/data/affectnet/human_annotated/validation_set/images/4778.jpg,2,sad,0.0,sad,/gpfs0/bgu-vilenchi/users/sdolev/Thesis/VLMs/data/affectnet/human_annotated/validation_set/images/4778.jpg
581,/gpfs0/bgu-vilenchi/users/sdolev/Thesis/VLMs/data/affectnet/human_annotated/validation_set/images/581.jpg,1,happy,0.0,happy,/gpfs0/bgu-vilenchi/users/sdolev/Thesis/VLMs/data/affectnet/human_annotated/validation_set/images/581.jpg
478,/gpfs0/bgu-vilenchi/users/sdolev/Thesis/VLMs/data/affectnet/human_annotated/validation_set/images/478.jpg,1,happy,0.0,happy,/gpfs0/bgu-vilenchi/users/sdolev/Thesis/VLMs/data/affectnet/human_annotated/validation_set/images/478.jpg
4236,/gpfs0/bgu-vilenchi/users/sdolev/Thesis/VLMs/data/affectnet/human_annotated/validation_set/images/4236.jpg,7,contempt,2.0,happy,/gpfs0/bgu-vilenchi/users/sdolev/Thesis/VLMs/data/affectnet/human_annotated/validation_set/images/4236.jpg
879,/gpfs0/bgu-vilenchi/users/sdolev/Thesis/VLMs/data/affectnet/human_annotated/validation_set/images/879.jpg,7,contempt,0.0,neutral,/gpfs0/bgu-vilenchi/users/sdolev/Thesis/VLMs/data/affectnet/human_annotated/validation_set/images/879.jpg
1361,/gpfs0/bgu-vilenchi/users/sdolev/Thesis/VLMs/data/affectnet/human_annotated/validation_set/images/1361.jpg,3,surprise,0.0,surprise,/gpfs0/bgu-vilenchi/users/sdolev/Thesis/VLMs/data/affectnet/human_annotated/validation_set/images/1361.jpg
4639,/gpfs0/bgu-vilenchi/users/sdolev/Thesis/VLMs/data/affectnet/human_annotated/validation_set/images/4639.jpg,1,happy,0.0,happy,/gpfs0/bgu-vilenchi/users/sdolev/Thesis/VLMs/data/affectnet/human_annotated/validation_set/images/4639.jpg
3303,/gpfs0/bgu-vilenchi/users/sdolev/Thesis/VLMs/data/affectnet/human_annotated/validation_set/images/3303.jpg,4,fear,2.0,surprise,/gpfs0/bgu-vilenchi/users/sdolev/Thesis/VLMs/data/affectnet/human_annotated/validation_set/images/3303.jpg
1458,/gpfs0/bgu-vilenchi/users/sdolev/Thesis/VLMs/data/affectnet/human_annotated/validation_set/images/1458.jpg,0,neutral,0.0,neutral,/gpfs0/bgu-vilenchi/users/sdolev/Thesis/VLMs/data/affectnet/human_annotated/validation_set/images/1458.jpg
1764,/gpfs0/bgu-vilenchi/users/sdolev/Thesis/VLMs/data/affectnet/human_annotated/validation_set/images/1764.jpg,2,sad,2.0,surprise,/gpfs0/bgu-vilenchi/users/sdolev/Thesis/VLMs/data/affectnet/human_annotated/validation_set/images/1764.jpg
4403,/gpfs0/bgu-vilenchi/users/sdolev/Thesis/VLMs/data/affectnet/human_annotated/validation_set/images/4403.jpg,6,angry,2.0,neutral,/gpfs0/bgu-vilenchi/users/sdolev/Thesis/VLMs/data/affectnet/human_annotated/validation_set/images/4403.jpg
5198,/gpfs0/bgu-vilenchi/users/sdolev/Thesis/VLMs/data/affectnet/human_annotated/validation_set/images/5198.jpg,4,fear,2.0,surprise,/gpfs0/bgu-vilenchi/users/sdolev/Thesis/VLMs/data/affectnet/human_annotated/validation_set/images/5198.jpg
3706,/gpfs0/bgu-vilenchi/users/sdolev/Thesis/VLMs/data/affectnet/human_annotated/validation_set/images/3706.jpg,3,surprise,2.0,neutral,/gpfs0/bgu-vilenchi/users/sdolev/Thesis/VLMs/data/affectnet/human_annotated/validation_set/images/3706.jpg
1222,/gpfs0/bgu-vilenchi/users/sdolev/Thesis/VLMs/data/affectnet/human_annotated/validation_set/images/1222.jpg,6,angry,1.0,neutral,/gpfs0/bgu-vilenchi/users/sdolev/Thesis/VLMs/data/affectnet/human_annotated/validation_set/images/1222.jpg
4806,/gpfs0/bgu-vilenchi/users/sdolev/Thesis/VLMs/data/affectnet/human_annotated/validation_set/images/4806.jpg,6,angry,1.0,neutral,/gpfs0/bgu-vilenchi/users/sdolev/Thesis/VLMs/data/affectnet/human_annotated/validation_set/images/4806.jpg
1625,/gpfs0/bgu-vilenchi/users/sdolev/Thesis/VLMs/data/affectnet/human_annotated/validation_set/images/1625.jpg,1,happy,0.0,happy,/gpfs0/bgu-vilenchi/users/sdolev/Thesis/VLMs/data/affectnet/human_annotated/validation_set/images/1625.jpg
1931,/gpfs0/bgu-vilenchi/users/sdolev/Thesis/VLMs/data/affectnet/human_annotated/validation_set/images/1931.jpg,2,sad,1.0,neutral,/gpfs0/bgu-vilenchi/users/sdolev/Thesis/VLMs/data/affectnet/human_annotated/validation_set/images/1931.jpg
492,/gpfs0/bgu-vilenchi/users/sdolev/Thesis/VLMs/data/affectnet/human_annotated/validation_set/images/492.jpg,1,happy,0.0,happy,/gpfs0/bgu-vilenchi/users/sdolev/Thesis/VLMs/data/affectnet/human_annotated/validation_set/images/492.jpg
5365,/gpfs0/bgu-vilenchi/users/sdolev/Thesis/VLMs/data/affectnet/human_annotated/validation_set/images/5365.jpg,5,disgust,0.0,disgust,/gpfs0/bgu-vilenchi/users/sdolev/Thesis/VLMs/data/affectnet/human_annotated/validation_set/images/5365.jpg
389,/gpfs0/bgu-vilenchi/users/sdolev/Thesis/VLMs/data/affectnet/human_annotated/validation_set/images/389.jpg,5,disgust,2.0,neutral,/gpfs0/bgu-vilenchi/users/sdolev/Thesis/VLMs/data/affectnet/human_annotated/validation_set/images/389.jpg
2184,/gpfs0/bgu-vilenchi/users/sdolev/Thesis/VLMs/data/affectnet/human_annotated/validation_set/images/2184.jpg,3,surprise,1.0,neutral,/gpfs0/bgu-vilenchi/users/sdolev/Thesis/VLMs/data/affectnet/human_annotated/validation_set/images/2184.jpg
893,/gpfs0/bgu-vilenchi/users/sdolev/Thesis/VLMs/data/affectnet/human_annotated/validation_set/images/893.jpg,7,contempt,2.0,neutral,/gpfs0/bgu-vilenchi/users/sdolev/Thesis/VLMs/data/affectnet/human_annotated/validation_set/images/893.jpg
2587,/gpfs0/bgu-vilenchi/users/sdolev/Thesis/VLMs/data/affectnet/human_annotated/validation_set/images/2587.jpg,7,contempt,2.0,neutral,/gpfs0/bgu-vilenchi/users/sdolev/Thesis/VLMs/data/affectnet/human_annotated/validation_set/images/2587.jpg
3590,/gpfs0/bgu-vilenchi/users/sdolev/Thesis/VLMs/data/affectnet/human_annotated/validation_set/images/3590.jpg,7,contempt,1.0,neutral,/gpfs0/bgu-vilenchi/users/sdolev/Thesis/VLMs/data/affectnet/human_annotated/validation_set/images/3590.jpg
4529,/gpfs0/bgu-vilenchi/users/sdolev/Thesis/VLMs/data/affectnet/human_annotated/validation_set/images/4529.jpg,1,happy,1.0,neutral,/gpfs0/bgu-vilenchi/users/sdolev/Thesis/VLMs/data/affectnet/human_annotated/validation_set/images/4529.jpg
3993,/gpfs0/bgu-vilenchi/users/sdolev/Thesis/VLMs/data/affectnet/human_annotated/validation_set/images/3993.jpg,1,happy,0.0,happy,/gpfs0/bgu-vilenchi/users/sdolev/Thesis/VLMs/data/affectnet/human_annotated/validation_set/images/3993.jpg
1112,/gpfs0/bgu-vilenchi/users/sdolev/Thesis/VLMs/data/affectnet/human_annotated/validation_set/images/1112.jpg,6,angry,2.0,neutral,/gpfs0/bgu-vilenchi/users/sdolev/Thesis/VLMs/data/affectnet/human_annotated/validation_set/images/1112.jpg
2754,/gpfs0/bgu-vilenchi/users/sdolev/Thesis/VLMs/data/affectnet/human_annotated/validation_set/images/2754.jpg,1,happy,0.0,happy,/gpfs0/bgu-vilenchi/users/sdolev/Thesis/VLMs/data/affectnet/human_annotated/validation_set/images/2754.jpg
1515,/gpfs0/bgu-vilenchi/users/sdolev/Thesis/VLMs/data/affectnet/human_annotated/validation_set/images/1515.jpg,4,fear,2.0,neutral,/gpfs0/bgu-vilenchi/users/sdolev/Thesis/VLMs/data/affectnet/human_annotated/validation_set/images/1515.jpg
5255,/gpfs0/bgu-vilenchi/users/sdolev/Thesis/VLMs/data/affectnet/human_annotated/validation_set/images/5255.jpg,5,disgust,1.0,neutral,/gpfs0/bgu-vilenchi/users/sdolev/Thesis/VLMs/data/affectnet/human_annotated/validation_set/images/5255.jpg
401,/gpfs0/bgu-vilenchi/users/sdolev/Thesis/VLMs/data/affectnet/human_annotated/validation_set/images/401.jpg,3,surprise,1.0,neutral,/gpfs0/bgu-vilenchi/users/sdolev/Thesis/VLMs/data/affectnet/human_annotated/validation_set/images/401.jpg
2074,/gpfs0/bgu-vilenchi/users/sdolev/Thesis/VLMs/data/affectnet/human_annotated/validation_set/images/2074.jpg,5,disgust,0.0,surprise,/gpfs0/bgu-vilenchi/users/sdolev/Thesis/VLMs/data/affectnet/human_annotated/validation_set/images/2074.jpg
1918,/gpfs0/bgu-vilenchi/users/sdolev/Thesis/VLMs/data/affectnet/human_annotated/validation_set/images/1918.jpg,0,neutral,1.0,neutral,/gpfs0/bgu-vilenchi/users/sdolev/Thesis/VLMs/data/affectnet/human_annotated/validation_set/images/1918.jpg
2921,/gpfs0/bgu-vilenchi/users/sdolev/Thesis/VLMs/data/affectnet/human_annotated/validation_set/images/2921.jpg,1,happy,0.0,happy,/gpfs0/bgu-vilenchi/users/sdolev/Thesis/VLMs/data/affectnet/human_annotated/validation_set/images/2921.jpg
4016,/gpfs0/bgu-vilenchi/users/sdolev/Thesis/VLMs/data/affectnet/human_annotated/validation_set/images/4016.jpg,1,happy,0.0,happy,/gpfs0/bgu-vilenchi/users/sdolev/Thesis/VLMs/data/affectnet/human_annotated/validation_set/images/4016.jpg
802,/gpfs0/bgu-vilenchi/users/sdolev/Thesis/VLMs/data/affectnet/human_annotated/validation_set/images/802.jpg,4,fear,1.0,surprise,/gpfs0/bgu-vilenchi/users/sdolev/Thesis/VLMs/data/affectnet/human_annotated/validation_set/images/802.jpg
2477,/gpfs0/bgu-vilenchi/users/sdolev/Thesis/VLMs/data/affectnet/human_annotated/validation_set/images/2477.jpg,2,sad,0.0,sad,/gpfs0/bgu-vilenchi/users/sdolev/Thesis/VLMs/data/affectnet/human_annotated/validation_set/images/2477.jpg
3480,/gpfs0/bgu-vilenchi/users/sdolev/Thesis/VLMs/data/affectnet/human_annotated/validation_set/images/3480.jpg,0,neutral,0.0,neutral,/gpfs0/bgu-vilenchi/users/sdolev/Thesis/VLMs/data/affectnet/human_annotated/validation_set/images/3480.jpg
4419,/gpfs0/bgu-vilenchi/users/sdolev/Thesis/VLMs/data/affectnet/human_annotated/validation_set/images/4419.jpg,2,sad,1.0,neutral,/gpfs0/bgu-vilenchi/users/sdolev/Thesis/VLMs/data/affectnet/human_annotated/validation_set/images/4419.jpg
5422,/gpfs0/bgu-vilenchi/users/sdolev/Thesis/VLMs/data/affectnet/human_annotated/validation_set/images/5422.jpg,2,sad,1.0,sad,/gpfs0/bgu-vilenchi/users/sdolev/Thesis/VLMs/data/affectnet/human_annotated/validation_set/images/5422.jpg
1238,/gpfs0/bgu-vilenchi/users/sdolev/Thesis/VLMs/data/affectnet/human_annotated/validation_set/images/1238.jpg,6,angry,1.0,angry,/gpfs0/bgu-vilenchi/users/sdolev/Thesis/VLMs/data/affectnet/human_annotated/validation_set/images/1238.jpg
2241,/gpfs0/bgu-vilenchi/users/sdolev/Thesis/VLMs/data/affectnet/human_annotated/validation_set/images/2241.jpg,1,happy,2.0,neutral,/gpfs0/bgu-vilenchi/users/sdolev/Thesis/VLMs/data/affectnet/human_annotated/validation_set/images/2241.jpg
3883,/gpfs0/bgu-vilenchi/users/sdolev/Thesis/VLMs/data/affectnet/human_annotated/validation_set/images/3883.jpg,4,fear,0.0,disgust,/gpfs0/bgu-vilenchi/users/sdolev/Thesis/VLMs/data/affectnet/human_annotated/validation_set/images/3883.jpg
2338,/gpfs0/bgu-vilenchi/users/sdolev/Thesis/VLMs/data/affectnet/human_annotated/validation_set/images/2338.jpg,6,angry,1.0,neutral,/gpfs0/bgu-vilenchi/users/sdolev/Thesis/VLMs/data/affectnet/human_annotated/validation_set/images/2338.jpg
1002,/gpfs0/bgu-vilenchi/users/sdolev/Thesis/VLMs/data/affectnet/human_annotated/validation_set/images/1002.jpg,4,fear,1.0,surprise,/gpfs0/bgu-vilenchi/users/sdolev/Thesis/VLMs/data/affectnet/human_annotated/validation_set/images/1002.jpg
2644,/gpfs0/bgu-vilenchi/users/sdolev/Thesis/VLMs/data/affectnet/human_annotated/validation_set/images/2644.jpg,5,disgust,2.0,neutral,/gpfs0/bgu-vilenchi/users/sdolev/Thesis/VLMs/data/affectnet/human_annotated/validation_set/images/2644.jpg
177,/gpfs0/bgu-vilenchi/users/sdolev/Thesis/VLMs/data/affectnet/human_annotated/validation_set/images/177.jpg,4,fear,1.0,sad,/gpfs0/bgu-vilenchi/users/sdolev/Thesis/VLMs/data/affectnet/human_annotated/validation_set/images/177.jpg
1405,/gpfs0/bgu-vilenchi/users/sdolev/Thesis/VLMs/data/affectnet/human_annotated/validation_set/images/1405.jpg,7,contempt,1.0,happy,/gpfs0/bgu-vilenchi/users/sdolev/Thesis/VLMs/data/affectnet/human_annotated/validation_set/images/1405.jpg
312,/gpfs0/bgu-vilenchi/users/sdolev/Thesis/VLMs/data/affectnet/human_annotated/validation_set/images/312.jpg,4,fear,1.0,happy,/gpfs0/bgu-vilenchi/users/sdolev/Thesis/VLMs/data/affectnet/human_annotated/validation_set/images/312.jpg
1808,/gpfs0/bgu-vilenchi/users/sdolev/Thesis/VLMs/data/affectnet/human_annotated/validation_set/images/1808.jpg,0,neutral,0.0,neutral,/gpfs0/bgu-vilenchi/users/sdolev/Thesis/VLMs/data/affectnet/human_annotated/validation_set/images/1808.jpg
2811,/gpfs0/bgu-vilenchi/users/sdolev/Thesis/VLMs/data/affectnet/human_annotated/validation_set/images/2811.jpg,2,sad,0.0,sad,/gpfs0/bgu-vilenchi/users/sdolev/Thesis/VLMs/data/affectnet/human_annotated/validation_set/images/2811.jpg
713,/gpfs0/bgu-vilenchi/users/sdolev/Thesis/VLMs/data/affectnet/human_annotated/validation_set/images/713.jpg,7,contempt,1.0,neutral,/gpfs0/bgu-vilenchi/users/sdolev/Thesis/VLMs/data/affectnet/human_annotated/validation_set/images/713.jpg
3064,/gpfs0/bgu-vilenchi/users/sdolev/Thesis/VLMs/data/affectnet/human_annotated/validation_set/images/3064.jpg,6,angry,0.0,neutral,/gpfs0/bgu-vilenchi/users/sdolev/Thesis/VLMs/data/affectnet/human_annotated/validation_set/images/3064.jpg
5006,/gpfs0/bgu-vilenchi/users/sdolev/Thesis/VLMs/data/affectnet/human_annotated/validation_set/images/5006.jpg,1,happy,0.0,happy,/gpfs0/bgu-vilenchi/users/sdolev/Thesis/VLMs/data/affectnet/human_annotated/validation_set/images/5006.jpg
5312,/gpfs0/bgu-vilenchi/users/sdolev/Thesis/VLMs/data/affectnet/human_annotated/validation_set/images/5312.jpg,2,sad,0.0,sad,/gpfs0/bgu-vilenchi/users/sdolev/Thesis/VLMs/data/affectnet/human_annotated/validation_set/images/5312.jpg
3467,/gpfs0/bgu-vilenchi/users/sdolev/Thesis/VLMs/data/affectnet/human_annotated/validation_set/images/3467.jpg,3,surprise,2.0,happy,/gpfs0/bgu-vilenchi/users/sdolev/Thesis/VLMs/data/affectnet/human_annotated/validation_set/images/3467.jpg
3773,/gpfs0/bgu-vilenchi/users/sdolev/Thesis/VLMs/data/affectnet/human_annotated/validation_set/images/3773.jpg,3,surprise,2.0,surprise,/gpfs0/bgu-vilenchi/users/sdolev/Thesis/VLMs/data/affectnet/human_annotated/validation_set/images/3773.jpg
5409,/gpfs0/bgu-vilenchi/users/sdolev/Thesis/VLMs/data/affectnet/human_annotated/validation_set/images/5409.jpg,0,neutral,2.0,neutral,/gpfs0/bgu-vilenchi/users/sdolev/Thesis/VLMs/data/affectnet/human_annotated/validation_set/images/5409.jpg
2228,/gpfs0/bgu-vilenchi/users/sdolev/Thesis/VLMs/data/affectnet/human_annotated/validation_set/images/2228.jpg,6,angry,1.0,neutral,/gpfs0/bgu-vilenchi/users/sdolev/Thesis/VLMs/data/affectnet/human_annotated/validation_set/images/2228.jpg
2534,/gpfs0/bgu-vilenchi/users/sdolev/Thesis/VLMs/data/affectnet/human_annotated/validation_set/images/2534.jpg,1,happy,0.0,happy,/gpfs0/bgu-vilenchi/users/sdolev/Thesis/VLMs/data/affectnet/human_annotated/validation_set/images/2534.jpg
3634,/gpfs0/bgu-vilenchi/users/sdolev/Thesis/VLMs/data/affectnet/human_annotated/validation_set/images/3634.jpg,6,angry,2.0,neutral,/gpfs0/bgu-vilenchi/users/sdolev/Thesis/VLMs/data/affectnet/human_annotated/validation_set/images/3634.jpg
2937,/gpfs0/bgu-vilenchi/users/sdolev/Thesis/VLMs/data/affectnet/human_annotated/validation_set/images/2937.jpg,4,fear,2.0,surprise,/gpfs0/bgu-vilenchi/users/sdolev/Thesis/VLMs/data/affectnet/human_annotated/validation_set/images/2937.jpg
3940,/gpfs0/bgu-vilenchi/users/sdolev/Thesis/VLMs/data/affectnet/human_annotated/validation_set/images/3940.jpg,5,disgust,0.0,disgust,/gpfs0/bgu-vilenchi/users/sdolev/Thesis/VLMs/data/affectnet/human_annotated/validation_set/images/3940.jpg
4193,/gpfs0/bgu-vilenchi/users/sdolev/Thesis/VLMs/data/affectnet/human_annotated/validation_set/images/4193.jpg,2,sad,2.0,neutral,/gpfs0/bgu-vilenchi/users/sdolev/Thesis/VLMs/data/affectnet/human_annotated/validation_set/images/4193.jpg
4596,/gpfs0/bgu-vilenchi/users/sdolev/Thesis/VLMs/data/affectnet/human_annotated/validation_set/images/4596.jpg,4,fear,0.0,surprise,/gpfs0/bgu-vilenchi/users/sdolev/Thesis/VLMs/data/affectnet/human_annotated/validation_set/images/4596.jpg
3357,/gpfs0/bgu-vilenchi/users/sdolev/Thesis/VLMs/data/affectnet/human_annotated/validation_set/images/3357.jpg,1,happy,0.0,happy,/gpfs0/bgu-vilenchi/users/sdolev/Thesis/VLMs/data/affectnet/human_annotated/validation_set/images/3357.jpg
4360,/gpfs0/bgu-vilenchi/users/sdolev/Thesis/VLMs/data/affectnet/human_annotated/validation_set/images/4360.jpg,3,surprise,1.0,happy,/gpfs0/bgu-vilenchi/users/sdolev/Thesis/VLMs/data/affectnet/human_annotated/validation_set/images/4360.jpg
2118,/gpfs0/bgu-vilenchi/users/sdolev/Thesis/VLMs/data/affectnet/human_annotated/validation_set/images/2118.jpg,5,disgust,1.0,angry,/gpfs0/bgu-vilenchi/users/sdolev/Thesis/VLMs/data/affectnet/human_annotated/validation_set/images/2118.jpg
4763,/gpfs0/bgu-vilenchi/users/sdolev/Thesis/VLMs/data/affectnet/human_annotated/validation_set/images/4763.jpg,2,sad,1.0,sad,/gpfs0/bgu-vilenchi/users/sdolev/Thesis/VLMs/data/affectnet/human_annotated/validation_set/images/4763.jpg
100,/gpfs0/bgu-vilenchi/users/sdolev/Thesis/VLMs/data/affectnet/human_annotated/validation_set/images/100.jpg,3,surprise,2.0,neutral,/gpfs0/bgu-vilenchi/users/sdolev/Thesis/VLMs/data/affectnet/human_annotated/validation_set/images/100.jpg
3524,/gpfs0/bgu-vilenchi/users/sdolev/Thesis/VLMs/data/affectnet/human_annotated/validation_set/images/3524.jpg,2,sad,1.0,neutral,/gpfs0/bgu-vilenchi/users/sdolev/Thesis/VLMs/data/affectnet/human_annotated/validation_set/images/3524.jpg
3830,/gpfs0/bgu-vilenchi/users/sdolev/Thesis/VLMs/data/affectnet/human_annotated/validation_set/images/3830.jpg,6,angry,0.0,surprise,/gpfs0/bgu-vilenchi/users/sdolev/Thesis/VLMs/data/affectnet/human_annotated/validation_set/images/3830.jpg
1985,/gpfs0/bgu-vilenchi/users/sdolev/Thesis/VLMs/data/affectnet/human_annotated/validation_set/images/1985.jpg,4,fear,2.0,sad,/gpfs0/bgu-vilenchi/users/sdolev/Thesis/VLMs/data/affectnet/human_annotated/validation_set/images/1985.jpg
4083,/gpfs0/bgu-vilenchi/users/sdolev/Thesis/VLMs/data/affectnet/human_annotated/validation_set/images/4083.jpg,0,neutral,0.0,neutral,/gpfs0/bgu-vilenchi/users/sdolev/Thesis/VLMs/data/affectnet/human_annotated/validation_set/images/4083.jpg
3927,/gpfs0/bgu-vilenchi/users/sdolev/Thesis/VLMs/data/affectnet/human_annotated/validation_set/images/3927.jpg,4,fear,1.0,surprise,/gpfs0/bgu-vilenchi/users/sdolev/Thesis/VLMs/data/affectnet/human_annotated/validation_set/images/3927.jpg
4930,/gpfs0/bgu-vilenchi/users/sdolev/Thesis/VLMs/data/affectnet/human_annotated/validation_set/images/4930.jpg,4,fear,2.0,disgust,/gpfs0/bgu-vilenchi/users/sdolev/Thesis/VLMs/data/affectnet/human_annotated/validation_set/images/4930.jpg
936,/gpfs0/bgu-vilenchi/users/sdolev/Thesis/VLMs/data/affectnet/human_annotated/validation_set/images/936.jpg,4,fear,1.0,surprise,/gpfs0/bgu-vilenchi/users/sdolev/Thesis/VLMs/data/affectnet/human_annotated/validation_set/images/936.jpg
4486,/gpfs0/bgu-vilenchi/users/sdolev/Thesis/VLMs/data/affectnet/human_annotated/validation_set/images/4486.jpg,6,angry,1.0,neutral,/gpfs0/bgu-vilenchi/users/sdolev/Thesis/VLMs/data/affectnet/human_annotated/validation_set/images/4486.jpg
3247,/gpfs0/bgu-vilenchi/users/sdolev/Thesis/VLMs/data/affectnet/human_annotated/validation_set/images/3247.jpg,2,sad,2.0,neutral,/gpfs0/bgu-vilenchi/users/sdolev/Thesis/VLMs/data/affectnet/human_annotated/validation_set/images/3247.jpg
4250,/gpfs0/bgu-vilenchi/users/sdolev/Thesis/VLMs/data/affectnet/human_annotated/validation_set/images/4250.jpg,4,fear,0.0,surprise,/gpfs0/bgu-vilenchi/users/sdolev/Thesis/VLMs/data/affectnet/human_annotated/validation_set/images/4250.jpg
2008,/gpfs0/bgu-vilenchi/users/sdolev/Thesis/VLMs/data/affectnet/human_annotated/validation_set/images/2008.jpg,7,contempt,1.0,neutral,/gpfs0/bgu-vilenchi/users/sdolev/Thesis/VLMs/data/affectnet/human_annotated/validation_set/images/2008.jpg
4653,/gpfs0/bgu-vilenchi/users/sdolev/Thesis/VLMs/data/affectnet/human_annotated/validation_set/images/4653.jpg,2,sad,2.0,neutral,/gpfs0/bgu-vilenchi/users/sdolev/Thesis/VLMs/data/affectnet/human_annotated/validation_set/images/4653.jpg
1472,/gpfs0/bgu-vilenchi/users/sdolev/Thesis/VLMs/data/affectnet/human_annotated/validation_set/images/1472.jpg,0,neutral,0.0,neutral,/gpfs0/bgu-vilenchi/users/sdolev/Thesis/VLMs/data/affectnet/human_annotated/validation_set/images/1472.jpg
309,/gpfs0/bgu-vilenchi/users/sdolev/Thesis/VLMs/data/affectnet/human_annotated/validation_set/images/309.jpg,5,disgust,1.0,disgust,/gpfs0/bgu-vilenchi/users/sdolev/Thesis/VLMs/data/affectnet/human_annotated/validation_set/images/309.jpg
3414,/gpfs0/bgu-vilenchi/users/sdolev/Thesis/VLMs/data/affectnet/human_annotated/validation_set/images/3414.jpg,5,disgust,1.0,neutral,/gpfs0/bgu-vilenchi/users/sdolev/Thesis/VLMs/data/affectnet/human_annotated/validation_set/images/3414.jpg
950,/gpfs0/bgu-vilenchi/users/sdolev/Thesis/VLMs/data/affectnet/human_annotated/validation_set/images/950.jpg,5,disgust,2.0,neutral,/gpfs0/bgu-vilenchi/users/sdolev/Thesis/VLMs/data/affectnet/human_annotated/validation_set/images/950.jpg
1875,/gpfs0/bgu-vilenchi/users/sdolev/Thesis/VLMs/data/affectnet/human_annotated/validation_set/images/1875.jpg,0,neutral,1.0,neutral,/gpfs0/bgu-vilenchi/users/sdolev/Thesis/VLMs/data/affectnet/human_annotated/validation_set/images/1875.jpg
847,/gpfs0/bgu-vilenchi/users/sdolev/Thesis/VLMs/data/affectnet/human_annotated/validation_set/images/847.jpg,4,fear,2.0,surprise,/gpfs0/bgu-vilenchi/users/sdolev/Thesis/VLMs/data/affectnet/human_annotated/validation_set/images/847.jpg
3817,/gpfs0/bgu-vilenchi/users/sdolev/Thesis/VLMs/data/affectnet/human_annotated/validation_set/images/3817.jpg,2,sad,0.0,sad,/gpfs0/bgu-vilenchi/users/sdolev/Thesis/VLMs/data/affectnet/human_annotated/validation_set/images/3817.jpg
5073,/gpfs0/bgu-vilenchi/users/sdolev/Thesis/VLMs/data/affectnet/human_annotated/validation_set/images/5073.jpg,1,happy,0.0,happy,/gpfs0/bgu-vilenchi/users/sdolev/Thesis/VLMs/data/affectnet/human_annotated/validation_set/images/5073.jpg
4140,/gpfs0/bgu-vilenchi/users/sdolev/Thesis/VLMs/data/affectnet/human_annotated/validation_set/images/4140.jpg,4,fear,2.0,neutral,/gpfs0/bgu-vilenchi/users/sdolev/Thesis/VLMs/data/affectnet/human_annotated/validation_set/images/4140.jpg
4237,/gpfs0/bgu-vilenchi/users/sdolev/Thesis/VLMs/data/affectnet/human_annotated/validation_set/images/4237.jpg,6,angry,1.0,neutral,/gpfs0/bgu-vilenchi/users/sdolev/Thesis/VLMs/data/affectnet/human_annotated/validation_set/images/4237.jpg
1056,/gpfs0/bgu-vilenchi/users/sdolev/Thesis/VLMs/data/affectnet/human_annotated/validation_set/images/1056.jpg,7,contempt,1.0,happy,/gpfs0/bgu-vilenchi/users/sdolev/Thesis/VLMs/data/affectnet/human_annotated/validation_set/images/1056.jpg
460,/gpfs0/bgu-vilenchi/users/sdolev/Thesis/VLMs/data/affectnet/human_annotated/validation_set/images/460.jpg,1,happy,0.0,happy,/gpfs0/bgu-vilenchi/users/sdolev/Thesis/VLMs/data/affectnet/human_annotated/validation_set/images/460.jpg
4001,/gpfs0/bgu-vilenchi/users/sdolev/Thesis/VLMs/data/affectnet/human_annotated/validation_set/images/4001.jpg,5,disgust,2.0,neutral,/gpfs0/bgu-vilenchi/users/sdolev/Thesis/VLMs/data/affectnet/human_annotated/validation_set/images/4001.jpg
861,/gpfs0/bgu-vilenchi/users/sdolev/Thesis/VLMs/data/affectnet/human_annotated/validation_set/images/861.jpg,5,disgust,1.0,neutral,/gpfs0/bgu-vilenchi/users/sdolev/Thesis/VLMs/data/affectnet/human_annotated/validation_set/images/861.jpg
1459,/gpfs0/bgu-vilenchi/users/sdolev/Thesis/VLMs/data/affectnet/human_annotated/validation_set/images/1459.jpg,1,happy,0.0,happy,/gpfs0/bgu-vilenchi/users/sdolev/Thesis/VLMs/data/affectnet/human_annotated/validation_set/images/1459.jpg
4946,/gpfs0/bgu-vilenchi/users/sdolev/Thesis/VLMs/data/affectnet/human_annotated/validation_set/images/4946.jpg,5,disgust,2.0,neutral,/gpfs0/bgu-vilenchi/users/sdolev/Thesis/VLMs/data/affectnet/human_annotated/validation_set/images/4946.jpg
1765,/gpfs0/bgu-vilenchi/users/sdolev/Thesis/VLMs/data/affectnet/human_annotated/validation_set/images/1765.jpg,3,surprise,1.0,surprise,/gpfs0/bgu-vilenchi/users/sdolev/Thesis/VLMs/data/affectnet/human_annotated/validation_set/images/1765.jpg
4404,/gpfs0/bgu-vilenchi/users/sdolev/Thesis/VLMs/data/affectnet/human_annotated/validation_set/images/4404.jpg,1,happy,0.0,happy,/gpfs0/bgu-vilenchi/users/sdolev/Thesis/VLMs/data/affectnet/human_annotated/validation_set/images/4404.jpg
5199,/gpfs0/bgu-vilenchi/users/sdolev/Thesis/VLMs/data/affectnet/human_annotated/validation_set/images/5199.jpg,4,fear,0.0,surprise,/gpfs0/bgu-vilenchi/users/sdolev/Thesis/VLMs/data/affectnet/human_annotated/validation_set/images/5199.jpg
3707,/gpfs0/bgu-vilenchi/users/sdolev/Thesis/VLMs/data/affectnet/human_annotated/validation_set/images/3707.jpg,5,disgust,2.0,neutral,/gpfs0/bgu-vilenchi/users/sdolev/Thesis/VLMs/data/affectnet/human_annotated/validation_set/images/3707.jpg
1223,/gpfs0/bgu-vilenchi/users/sdolev/Thesis/VLMs/data/affectnet/human_annotated/validation_set/images/1223.jpg,5,disgust,1.0,happy,/gpfs0/bgu-vilenchi/users/sdolev/Thesis/VLMs/data/affectnet/human_annotated/validation_set/images/1223.jpg
4710,/gpfs0/bgu-vilenchi/users/sdolev/Thesis/VLMs/data/affectnet/human_annotated/validation_set/images/4710.jpg,0,neutral,0.0,neutral,/gpfs0/bgu-vilenchi/users/sdolev/Thesis/VLMs/data/affectnet/human_annotated/validation_set/images/4710.jpg
4807,/gpfs0/bgu-vilenchi/users/sdolev/Thesis/VLMs/data/affectnet/human_annotated/validation_set/images/4807.jpg,4,fear,2.0,surprise,/gpfs0/bgu-vilenchi/users/sdolev/Thesis/VLMs/data/affectnet/human_annotated/validation_set/images/4807.jpg
1626,/gpfs0/bgu-vilenchi/users/sdolev/Thesis/VLMs/data/affectnet/human_annotated/validation_set/images/1626.jpg,7,contempt,1.0,happy,/gpfs0/bgu-vilenchi/users/sdolev/Thesis/VLMs/data/affectnet/human_annotated/validation_set/images/1626.jpg
1932,/gpfs0/bgu-vilenchi/users/sdolev/Thesis/VLMs/data/affectnet/human_annotated/validation_set/images/1932.jpg,6,angry,1.0,surprise,/gpfs0/bgu-vilenchi/users/sdolev/Thesis/VLMs/data/affectnet/human_annotated/validation_set/images/1932.jpg
5366,/gpfs0/bgu-vilenchi/users/sdolev/Thesis/VLMs/data/affectnet/human_annotated/validation_set/images/5366.jpg,0,neutral,0.0,surprise,/gpfs0/bgu-vilenchi/users/sdolev/Thesis/VLMs/data/affectnet/human_annotated/validation_set/images/5366.jpg
2185,/gpfs0/bgu-vilenchi/users/sdolev/Thesis/VLMs/data/affectnet/human_annotated/validation_set/images/2185.jpg,2,sad,2.0,neutral,/gpfs0/bgu-vilenchi/users/sdolev/Thesis/VLMs/data/affectnet/human_annotated/validation_set/images/2185.jpg
4127,/gpfs0/bgu-vilenchi/users/sdolev/Thesis/VLMs/data/affectnet/human_annotated/validation_set/images/4127.jpg,6,angry,1.0,surprise,/gpfs0/bgu-vilenchi/users/sdolev/Thesis/VLMs/data/affectnet/human_annotated/validation_set/images/4127.jpg
3591,/gpfs0/bgu-vilenchi/users/sdolev/Thesis/VLMs/data/affectnet/human_annotated/validation_set/images/3591.jpg,6,angry,1.0,sad,/gpfs0/bgu-vilenchi/users/sdolev/Thesis/VLMs/data/affectnet/human_annotated/validation_set/images/3591.jpg
635,/gpfs0/bgu-vilenchi/users/sdolev/Thesis/VLMs/data/affectnet/human_annotated/validation_set/images/635.jpg,3,surprise,2.0,neutral,/gpfs0/bgu-vilenchi/users/sdolev/Thesis/VLMs/data/affectnet/human_annotated/validation_set/images/635.jpg
772,/gpfs0/bgu-vilenchi/users/sdolev/Thesis/VLMs/data/affectnet/human_annotated/validation_set/images/772.jpg,0,neutral,2.0,neutral,/gpfs0/bgu-vilenchi/users/sdolev/Thesis/VLMs/data/affectnet/human_annotated/validation_set/images/772.jpg
1349,/gpfs0/bgu-vilenchi/users/sdolev/Thesis/VLMs/data/affectnet/human_annotated/validation_set/images/1349.jpg,1,happy,0.0,happy,/gpfs0/bgu-vilenchi/users/sdolev/Thesis/VLMs/data/affectnet/human_annotated/validation_set/images/1349.jpg
2352,/gpfs0/bgu-vilenchi/users/sdolev/Thesis/VLMs/data/affectnet/human_annotated/validation_set/images/2352.jpg,3,surprise,2.0,surprise,/gpfs0/bgu-vilenchi/users/sdolev/Thesis/VLMs/data/affectnet/human_annotated/validation_set/images/2352.jpg
3994,/gpfs0/bgu-vilenchi/users/sdolev/Thesis/VLMs/data/affectnet/human_annotated/validation_set/images/3994.jpg,0,neutral,0.0,neutral,/gpfs0/bgu-vilenchi/users/sdolev/Thesis/VLMs/data/affectnet/human_annotated/validation_set/images/3994.jpg
1113,/gpfs0/bgu-vilenchi/users/sdolev/Thesis/VLMs/data/affectnet/human_annotated/validation_set/images/1113.jpg,6,angry,1.0,neutral,/gpfs0/bgu-vilenchi/users/sdolev/Thesis/VLMs/data/affectnet/human_annotated/validation_set/images/1113.jpg
1919,/gpfs0/bgu-vilenchi/users/sdolev/Thesis/VLMs/data/affectnet/human_annotated/validation_set/images/1919.jpg,2,sad,2.0,neutral,/gpfs0/bgu-vilenchi/users/sdolev/Thesis/VLMs/data/affectnet/human_annotated/validation_set/images/1919.jpg
145,/gpfs0/bgu-vilenchi/users/sdolev/Thesis/VLMs/data/affectnet/human_annotated/validation_set/images/145.jpg,5,disgust,0.0,angry,/gpfs0/bgu-vilenchi/users/sdolev/Thesis/VLMs/data/affectnet/human_annotated/validation_set/images/145.jpg
5020,/gpfs0/bgu-vilenchi/users/sdolev/Thesis/VLMs/data/affectnet/human_annotated/validation_set/images/5020.jpg,5,disgust,1.0,angry,/gpfs0/bgu-vilenchi/users/sdolev/Thesis/VLMs/data/affectnet/human_annotated/validation_set/images/5020.jpg
2478,/gpfs0/bgu-vilenchi/users/sdolev/Thesis/VLMs/data/affectnet/human_annotated/validation_set/images/2478.jpg,0,neutral,1.0,neutral,/gpfs0/bgu-vilenchi/users/sdolev/Thesis/VLMs/data/affectnet/human_annotated/validation_set/images/2478.jpg
1239,/gpfs0/bgu-vilenchi/users/sdolev/Thesis/VLMs/data/affectnet/human_annotated/validation_set/images/1239.jpg,7,contempt,2.0,neutral,/gpfs0/bgu-vilenchi/users/sdolev/Thesis/VLMs/data/affectnet/human_annotated/validation_set/images/1239.jpg
2242,/gpfs0/bgu-vilenchi/users/sdolev/Thesis/VLMs/data/affectnet/human_annotated/validation_set/images/2242.jpg,1,happy,0.0,happy,/gpfs0/bgu-vilenchi/users/sdolev/Thesis/VLMs/data/affectnet/human_annotated/validation_set/images/2242.jpg
3884,/gpfs0/bgu-vilenchi/users/sdolev/Thesis/VLMs/data/affectnet/human_annotated/validation_set/images/3884.jpg,5,disgust,2.0,surprise,/gpfs0/bgu-vilenchi/users/sdolev/Thesis/VLMs/data/affectnet/human_annotated/validation_set/images/3884.jpg
2339,/gpfs0/bgu-vilenchi/users/sdolev/Thesis/VLMs/data/affectnet/human_annotated/validation_set/images/2339.jpg,6,angry,2.0,angry,/gpfs0/bgu-vilenchi/users/sdolev/Thesis/VLMs/data/affectnet/human_annotated/validation_set/images/2339.jpg
1003,/gpfs0/bgu-vilenchi/users/sdolev/Thesis/VLMs/data/affectnet/human_annotated/validation_set/images/1003.jpg,5,disgust,2.0,angry,/gpfs0/bgu-vilenchi/users/sdolev/Thesis/VLMs/data/affectnet/human_annotated/validation_set/images/1003.jpg
2645,/gpfs0/bgu-vilenchi/users/sdolev/Thesis/VLMs/data/affectnet/human_annotated/validation_set/images/2645.jpg,7,contempt,0.0,neutral,/gpfs0/bgu-vilenchi/users/sdolev/Thesis/VLMs/data/affectnet/human_annotated/validation_set/images/2645.jpg
1406,/gpfs0/bgu-vilenchi/users/sdolev/Thesis/VLMs/data/affectnet/human_annotated/validation_set/images/1406.jpg,3,surprise,2.0,happy,/gpfs0/bgu-vilenchi/users/sdolev/Thesis/VLMs/data/affectnet/human_annotated/validation_set/images/1406.jpg
1809,/gpfs0/bgu-vilenchi/users/sdolev/Thesis/VLMs/data/affectnet/human_annotated/validation_set/images/1809.jpg,4,fear,1.0,surprise,/gpfs0/bgu-vilenchi/users/sdolev/Thesis/VLMs/data/affectnet/human_annotated/validation_set/images/1809.jpg
560,/gpfs0/bgu-vilenchi/users/sdolev/Thesis/VLMs/data/affectnet/human_annotated/validation_set/images/560.jpg,5,disgust,1.0,disgust,/gpfs0/bgu-vilenchi/users/sdolev/Thesis/VLMs/data/affectnet/human_annotated/validation_set/images/560.jpg
858,/gpfs0/bgu-vilenchi/users/sdolev/Thesis/VLMs/data/affectnet/human_annotated/validation_set/images/858.jpg,3,surprise,0.0,neutral,/gpfs0/bgu-vilenchi/users/sdolev/Thesis/VLMs/data/affectnet/human_annotated/validation_set/images/858.jpg
3371,/gpfs0/bgu-vilenchi/users/sdolev/Thesis/VLMs/data/affectnet/human_annotated/validation_set/images/3371.jpg,0,neutral,0.0,neutral,/gpfs0/bgu-vilenchi/users/sdolev/Thesis/VLMs/data/affectnet/human_annotated/validation_set/images/3371.jpg
995,/gpfs0/bgu-vilenchi/users/sdolev/Thesis/VLMs/data/affectnet/human_annotated/validation_set/images/995.jpg,1,happy,0.0,happy,/gpfs0/bgu-vilenchi/users/sdolev/Thesis/VLMs/data/affectnet/human_annotated/validation_set/images/995.jpg
5007,/gpfs0/bgu-vilenchi/users/sdolev/Thesis/VLMs/data/affectnet/human_annotated/validation_set/images/5007.jpg,2,sad,0.0,neutral,/gpfs0/bgu-vilenchi/users/sdolev/Thesis/VLMs/data/affectnet/human_annotated/validation_set/images/5007.jpg
3468,/gpfs0/bgu-vilenchi/users/sdolev/Thesis/VLMs/data/affectnet/human_annotated/validation_set/images/3468.jpg,2,sad,0.0,sad,/gpfs0/bgu-vilenchi/users/sdolev/Thesis/VLMs/data/affectnet/human_annotated/validation_set/images/3468.jpg
2132,/gpfs0/bgu-vilenchi/users/sdolev/Thesis/VLMs/data/affectnet/human_annotated/validation_set/images/2132.jpg,2,sad,1.0,neutral,/gpfs0/bgu-vilenchi/users/sdolev/Thesis/VLMs/data/affectnet/human_annotated/validation_set/images/2132.jpg
3774,/gpfs0/bgu-vilenchi/users/sdolev/Thesis/VLMs/data/affectnet/human_annotated/validation_set/images/3774.jpg,3,surprise,0.0,surprise,/gpfs0/bgu-vilenchi/users/sdolev/Thesis/VLMs/data/affectnet/human_annotated/validation_set/images/3774.jpg
2229,/gpfs0/bgu-vilenchi/users/sdolev/Thesis/VLMs/data/affectnet/human_annotated/validation_set/images/2229.jpg,7,contempt,1.0,happy,/gpfs0/bgu-vilenchi/users/sdolev/Thesis/VLMs/data/affectnet/human_annotated/validation_set/images/2229.jpg
3232,/gpfs0/bgu-vilenchi/users/sdolev/Thesis/VLMs/data/affectnet/human_annotated/validation_set/images/3232.jpg,5,disgust,1.0,surprise,/gpfs0/bgu-vilenchi/users/sdolev/Thesis/VLMs/data/affectnet/human_annotated/validation_set/images/3232.jpg
3635,/gpfs0/bgu-vilenchi/users/sdolev/Thesis/VLMs/data/affectnet/human_annotated/validation_set/images/3635.jpg,6,angry,0.0,angry,/gpfs0/bgu-vilenchi/users/sdolev/Thesis/VLMs/data/affectnet/human_annotated/validation_set/images/3635.jpg
2938,/gpfs0/bgu-vilenchi/users/sdolev/Thesis/VLMs/data/affectnet/human_annotated/validation_set/images/2938.jpg,3,surprise,1.0,happy,/gpfs0/bgu-vilenchi/users/sdolev/Thesis/VLMs/data/affectnet/human_annotated/validation_set/images/2938.jpg
471,/gpfs0/bgu-vilenchi/users/sdolev/Thesis/VLMs/data/affectnet/human_annotated/validation_set/images/471.jpg,4,fear,0.0,surprise,/gpfs0/bgu-vilenchi/users/sdolev/Thesis/VLMs/data/affectnet/human_annotated/validation_set/images/471.jpg
4194,/gpfs0/bgu-vilenchi/users/sdolev/Thesis/VLMs/data/affectnet/human_annotated/validation_set/images/4194.jpg,1,happy,0.0,happy,/gpfs0/bgu-vilenchi/users/sdolev/Thesis/VLMs/data/affectnet/human_annotated/validation_set/images/4194.jpg
2702,/gpfs0/bgu-vilenchi/users/sdolev/Thesis/VLMs/data/affectnet/human_annotated/validation_set/images/2702.jpg,7,contempt,2.0,neutral,/gpfs0/bgu-vilenchi/users/sdolev/Thesis/VLMs/data/affectnet/human_annotated/validation_set/images/2702.jpg
4597,/gpfs0/bgu-vilenchi/users/sdolev/Thesis/VLMs/data/affectnet/human_annotated/validation_set/images/4597.jpg,1,happy,0.0,happy,/gpfs0/bgu-vilenchi/users/sdolev/Thesis/VLMs/data/affectnet/human_annotated/validation_set/images/4597.jpg
3358,/gpfs0/bgu-vilenchi/users/sdolev/Thesis/VLMs/data/affectnet/human_annotated/validation_set/images/3358.jpg,7,contempt,1.0,neutral,/gpfs0/bgu-vilenchi/users/sdolev/Thesis/VLMs/data/affectnet/human_annotated/validation_set/images/3358.jpg
4361,/gpfs0/bgu-vilenchi/users/sdolev/Thesis/VLMs/data/affectnet/human_annotated/validation_set/images/4361.jpg,5,disgust,0.0,disgust,/gpfs0/bgu-vilenchi/users/sdolev/Thesis/VLMs/data/affectnet/human_annotated/validation_set/images/4361.jpg
1180,/gpfs0/bgu-vilenchi/users/sdolev/Thesis/VLMs/data/affectnet/human_annotated/validation_set/images/1180.jpg,7,contempt,2.0,neutral,/gpfs0/bgu-vilenchi/users/sdolev/Thesis/VLMs/data/affectnet/human_annotated/validation_set/images/1180.jpg
2119,/gpfs0/bgu-vilenchi/users/sdolev/Thesis/VLMs/data/affectnet/human_annotated/validation_set/images/2119.jpg,3,surprise,0.0,surprise,/gpfs0/bgu-vilenchi/users/sdolev/Thesis/VLMs/data/affectnet/human_annotated/validation_set/images/2119.jpg
3122,/gpfs0/bgu-vilenchi/users/sdolev/Thesis/VLMs/data/affectnet/human_annotated/validation_set/images/3122.jpg,6,angry,0.0,neutral,/gpfs0/bgu-vilenchi/users/sdolev/Thesis/VLMs/data/affectnet/human_annotated/validation_set/images/3122.jpg
4764,/gpfs0/bgu-vilenchi/users/sdolev/Thesis/VLMs/data/affectnet/human_annotated/validation_set/images/4764.jpg,4,fear,1.0,surprise,/gpfs0/bgu-vilenchi/users/sdolev/Thesis/VLMs/data/affectnet/human_annotated/validation_set/images/4764.jpg
3525,/gpfs0/bgu-vilenchi/users/sdolev/Thesis/VLMs/data/affectnet/human_annotated/validation_set/images/3525.jpg,3,surprise,0.0,happy,/gpfs0/bgu-vilenchi/users/sdolev/Thesis/VLMs/data/affectnet/human_annotated/validation_set/images/3525.jpg
382,/gpfs0/bgu-vilenchi/users/sdolev/Thesis/VLMs/data/affectnet/human_annotated/validation_set/images/382.jpg,7,contempt,1.0,neutral,/gpfs0/bgu-vilenchi/users/sdolev/Thesis/VLMs/data/affectnet/human_annotated/validation_set/images/382.jpg
3831,/gpfs0/bgu-vilenchi/users/sdolev/Thesis/VLMs/data/affectnet/human_annotated/validation_set/images/3831.jpg,4,fear,2.0,surprise,/gpfs0/bgu-vilenchi/users/sdolev/Thesis/VLMs/data/affectnet/human_annotated/validation_set/images/3831.jpg
4084,/gpfs0/bgu-vilenchi/users/sdolev/Thesis/VLMs/data/affectnet/human_annotated/validation_set/images/4084.jpg,5,disgust,0.0,disgust,/gpfs0/bgu-vilenchi/users/sdolev/Thesis/VLMs/data/affectnet/human_annotated/validation_set/images/4084.jpg
783,/gpfs0/bgu-vilenchi/users/sdolev/Thesis/VLMs/data/affectnet/human_annotated/validation_set/images/783.jpg,4,fear,1.0,surprise,/gpfs0/bgu-vilenchi/users/sdolev/Thesis/VLMs/data/affectnet/human_annotated/validation_set/images/783.jpg
4931,/gpfs0/bgu-vilenchi/users/sdolev/Thesis/VLMs/data/affectnet/human_annotated/validation_set/images/4931.jpg,5,disgust,2.0,happy,/gpfs0/bgu-vilenchi/users/sdolev/Thesis/VLMs/data/affectnet/human_annotated/validation_set/images/4931.jpg
1750,/gpfs0/bgu-vilenchi/users/sdolev/Thesis/VLMs/data/affectnet/human_annotated/validation_set/images/1750.jpg,1,happy,1.0,neutral,/gpfs0/bgu-vilenchi/users/sdolev/Thesis/VLMs/data/affectnet/human_annotated/validation_set/images/1750.jpg
4487,/gpfs0/bgu-vilenchi/users/sdolev/Thesis/VLMs/data/affectnet/human_annotated/validation_set/images/4487.jpg,6,angry,1.0,disgust,/gpfs0/bgu-vilenchi/users/sdolev/Thesis/VLMs/data/affectnet/human_annotated/validation_set/images/4487.jpg
5490,/gpfs0/bgu-vilenchi/users/sdolev/Thesis/VLMs/data/affectnet/human_annotated/validation_set/images/5490.jpg,6,angry,1.0,angry,/gpfs0/bgu-vilenchi/users/sdolev/Thesis/VLMs/data/affectnet/human_annotated/validation_set/images/5490.jpg
3248,/gpfs0/bgu-vilenchi/users/sdolev/Thesis/VLMs/data/affectnet/human_annotated/validation_set/images/3248.jpg,5,disgust,1.0,neutral,/gpfs0/bgu-vilenchi/users/sdolev/Thesis/VLMs/data/affectnet/human_annotated/validation_set/images/3248.jpg
2009,/gpfs0/bgu-vilenchi/users/sdolev/Thesis/VLMs/data/affectnet/human_annotated/validation_set/images/2009.jpg,7,contempt,2.0,happy,/gpfs0/bgu-vilenchi/users/sdolev/Thesis/VLMs/data/affectnet/human_annotated/validation_set/images/2009.jpg
3012,/gpfs0/bgu-vilenchi/users/sdolev/Thesis/VLMs/data/affectnet/human_annotated/validation_set/images/3012.jpg,1,happy,0.0,happy,/gpfs0/bgu-vilenchi/users/sdolev/Thesis/VLMs/data/affectnet/human_annotated/validation_set/images/3012.jpg
4654,/gpfs0/bgu-vilenchi/users/sdolev/Thesis/VLMs/data/affectnet/human_annotated/validation_set/images/4654.jpg,1,happy,0.0,happy,/gpfs0/bgu-vilenchi/users/sdolev/Thesis/VLMs/data/affectnet/human_annotated/validation_set/images/4654.jpg
1473,/gpfs0/bgu-vilenchi/users/sdolev/Thesis/VLMs/data/affectnet/human_annotated/validation_set/images/1473.jpg,5,disgust,1.0,neutral,/gpfs0/bgu-vilenchi/users/sdolev/Thesis/VLMs/data/affectnet/human_annotated/validation_set/images/1473.jpg
3109,/gpfs0/bgu-vilenchi/users/sdolev/Thesis/VLMs/data/affectnet/human_annotated/validation_set/images/3109.jpg,0,neutral,0.0,neutral,/gpfs0/bgu-vilenchi/users/sdolev/Thesis/VLMs/data/affectnet/human_annotated/validation_set/images/3109.jpg
3415,/gpfs0/bgu-vilenchi/users/sdolev/Thesis/VLMs/data/affectnet/human_annotated/validation_set/images/3415.jpg,5,disgust,1.0,disgust,/gpfs0/bgu-vilenchi/users/sdolev/Thesis/VLMs/data/affectnet/human_annotated/validation_set/images/3415.jpg
694,/gpfs0/bgu-vilenchi/users/sdolev/Thesis/VLMs/data/affectnet/human_annotated/validation_set/images/694.jpg,2,sad,2.0,neutral,/gpfs0/bgu-vilenchi/users/sdolev/Thesis/VLMs/data/affectnet/human_annotated/validation_set/images/694.jpg
3818,/gpfs0/bgu-vilenchi/users/sdolev/Thesis/VLMs/data/affectnet/human_annotated/validation_set/images/3818.jpg,6,angry,1.0,sad,/gpfs0/bgu-vilenchi/users/sdolev/Thesis/VLMs/data/affectnet/human_annotated/validation_set/images/3818.jpg
4821,/gpfs0/bgu-vilenchi/users/sdolev/Thesis/VLMs/data/affectnet/human_annotated/validation_set/images/4821.jpg,3,surprise,0.0,surprise,/gpfs0/bgu-vilenchi/users/sdolev/Thesis/VLMs/data/affectnet/human_annotated/validation_set/images/4821.jpg
1640,/gpfs0/bgu-vilenchi/users/sdolev/Thesis/VLMs/data/affectnet/human_annotated/validation_set/images/1640.jpg,0,neutral,0.0,neutral,/gpfs0/bgu-vilenchi/users/sdolev/Thesis/VLMs/data/affectnet/human_annotated/validation_set/images/1640.jpg
5074,/gpfs0/bgu-vilenchi/users/sdolev/Thesis/VLMs/data/affectnet/human_annotated/validation_set/images/5074.jpg,4,fear,0.0,surprise,/gpfs0/bgu-vilenchi/users/sdolev/Thesis/VLMs/data/affectnet/human_annotated/validation_set/images/5074.jpg
5380,/gpfs0/bgu-vilenchi/users/sdolev/Thesis/VLMs/data/affectnet/human_annotated/validation_set/images/5380.jpg,0,neutral,2.0,neutral,/gpfs0/bgu-vilenchi/users/sdolev/Thesis/VLMs/data/affectnet/human_annotated/validation_set/images/5380.jpg
5477,/gpfs0/bgu-vilenchi/users/sdolev/Thesis/VLMs/data/affectnet/human_annotated/validation_set/images/5477.jpg,0,neutral,1.0,neutral,/gpfs0/bgu-vilenchi/users/sdolev/Thesis/VLMs/data/affectnet/human_annotated/validation_set/images/5477.jpg
4141,/gpfs0/bgu-vilenchi/users/sdolev/Thesis/VLMs/data/affectnet/human_annotated/validation_set/images/4141.jpg,7,contempt,2.0,neutral,/gpfs0/bgu-vilenchi/users/sdolev/Thesis/VLMs/data/affectnet/human_annotated/validation_set/images/4141.jpg
2296,/gpfs0/bgu-vilenchi/users/sdolev/Thesis/VLMs/data/affectnet/human_annotated/validation_set/images/2296.jpg,7,contempt,1.0,happy,/gpfs0/bgu-vilenchi/users/sdolev/Thesis/VLMs/data/affectnet/human_annotated/validation_set/images/2296.jpg
4238,/gpfs0/bgu-vilenchi/users/sdolev/Thesis/VLMs/data/affectnet/human_annotated/validation_set/images/4238.jpg,3,surprise,1.0,neutral,/gpfs0/bgu-vilenchi/users/sdolev/Thesis/VLMs/data/affectnet/human_annotated/validation_set/images/4238.jpg
1057,/gpfs0/bgu-vilenchi/users/sdolev/Thesis/VLMs/data/affectnet/human_annotated/validation_set/images/1057.jpg,2,sad,1.0,neutral,/gpfs0/bgu-vilenchi/users/sdolev/Thesis/VLMs/data/affectnet/human_annotated/validation_set/images/1057.jpg
2699,/gpfs0/bgu-vilenchi/users/sdolev/Thesis/VLMs/data/affectnet/human_annotated/validation_set/images/2699.jpg,1,happy,0.0,happy,/gpfs0/bgu-vilenchi/users/sdolev/Thesis/VLMs/data/affectnet/human_annotated/validation_set/images/2699.jpg
1363,/gpfs0/bgu-vilenchi/users/sdolev/Thesis/VLMs/data/affectnet/human_annotated/validation_set/images/1363.jpg,4,fear,1.0,surprise,/gpfs0/bgu-vilenchi/users/sdolev/Thesis/VLMs/data/affectnet/human_annotated/validation_set/images/1363.jpg
3305,/gpfs0/bgu-vilenchi/users/sdolev/Thesis/VLMs/data/affectnet/human_annotated/validation_set/images/3305.jpg,6,angry,1.0,angry,/gpfs0/bgu-vilenchi/users/sdolev/Thesis/VLMs/data/affectnet/human_annotated/validation_set/images/3305.jpg
4947,/gpfs0/bgu-vilenchi/users/sdolev/Thesis/VLMs/data/affectnet/human_annotated/validation_set/images/4947.jpg,4,fear,0.0,surprise,/gpfs0/bgu-vilenchi/users/sdolev/Thesis/VLMs/data/affectnet/human_annotated/validation_set/images/4947.jpg
2463,/gpfs0/bgu-vilenchi/users/sdolev/Thesis/VLMs/data/affectnet/human_annotated/validation_set/images/2463.jpg,7,contempt,2.0,happy,/gpfs0/bgu-vilenchi/users/sdolev/Thesis/VLMs/data/affectnet/human_annotated/validation_set/images/2463.jpg
202,/gpfs0/bgu-vilenchi/users/sdolev/Thesis/VLMs/data/affectnet/human_annotated/validation_set/images/202.jpg,7,contempt,1.0,angry,/gpfs0/bgu-vilenchi/users/sdolev/Thesis/VLMs/data/affectnet/human_annotated/validation_set/images/202.jpg
1766,/gpfs0/bgu-vilenchi/users/sdolev/Thesis/VLMs/data/affectnet/human_annotated/validation_set/images/1766.jpg,5,disgust,0.0,disgust,/gpfs0/bgu-vilenchi/users/sdolev/Thesis/VLMs/data/affectnet/human_annotated/validation_set/images/1766.jpg
4405,/gpfs0/bgu-vilenchi/users/sdolev/Thesis/VLMs/data/affectnet/human_annotated/validation_set/images/4405.jpg,6,angry,0.0,angry,/gpfs0/bgu-vilenchi/users/sdolev/Thesis/VLMs/data/affectnet/human_annotated/validation_set/images/4405.jpg
3708,/gpfs0/bgu-vilenchi/users/sdolev/Thesis/VLMs/data/affectnet/human_annotated/validation_set/images/3708.jpg,1,happy,0.0,happy,/gpfs0/bgu-vilenchi/users/sdolev/Thesis/VLMs/data/affectnet/human_annotated/validation_set/images/3708.jpg
1224,/gpfs0/bgu-vilenchi/users/sdolev/Thesis/VLMs/data/affectnet/human_annotated/validation_set/images/1224.jpg,0,neutral,0.0,neutral,/gpfs0/bgu-vilenchi/users/sdolev/Thesis/VLMs/data/affectnet/human_annotated/validation_set/images/1224.jpg
2866,/gpfs0/bgu-vilenchi/users/sdolev/Thesis/VLMs/data/affectnet/human_annotated/validation_set/images/2866.jpg,0,neutral,1.0,neutral,/gpfs0/bgu-vilenchi/users/sdolev/Thesis/VLMs/data/affectnet/human_annotated/validation_set/images/2866.jpg
1530,/gpfs0/bgu-vilenchi/users/sdolev/Thesis/VLMs/data/affectnet/human_annotated/validation_set/images/1530.jpg,3,surprise,0.0,neutral,/gpfs0/bgu-vilenchi/users/sdolev/Thesis/VLMs/data/affectnet/human_annotated/validation_set/images/1530.jpg
4808,/gpfs0/bgu-vilenchi/users/sdolev/Thesis/VLMs/data/affectnet/human_annotated/validation_set/images/4808.jpg,4,fear,0.0,surprise,/gpfs0/bgu-vilenchi/users/sdolev/Thesis/VLMs/data/affectnet/human_annotated/validation_set/images/4808.jpg
1627,/gpfs0/bgu-vilenchi/users/sdolev/Thesis/VLMs/data/affectnet/human_annotated/validation_set/images/1627.jpg,6,angry,1.0,angry,/gpfs0/bgu-vilenchi/users/sdolev/Thesis/VLMs/data/affectnet/human_annotated/validation_set/images/1627.jpg
5367,/gpfs0/bgu-vilenchi/users/sdolev/Thesis/VLMs/data/affectnet/human_annotated/validation_set/images/5367.jpg,5,disgust,1.0,surprise,/gpfs0/bgu-vilenchi/users/sdolev/Thesis/VLMs/data/affectnet/human_annotated/validation_set/images/5367.jpg
2186,/gpfs0/bgu-vilenchi/users/sdolev/Thesis/VLMs/data/affectnet/human_annotated/validation_set/images/2186.jpg,5,disgust,1.0,neutral,/gpfs0/bgu-vilenchi/users/sdolev/Thesis/VLMs/data/affectnet/human_annotated/validation_set/images/2186.jpg
4128,/gpfs0/bgu-vilenchi/users/sdolev/Thesis/VLMs/data/affectnet/human_annotated/validation_set/images/4128.jpg,5,disgust,2.0,happy,/gpfs0/bgu-vilenchi/users/sdolev/Thesis/VLMs/data/affectnet/human_annotated/validation_set/images/4128.jpg
5131,/gpfs0/bgu-vilenchi/users/sdolev/Thesis/VLMs/data/affectnet/human_annotated/validation_set/images/5131.jpg,2,sad,1.0,sad,/gpfs0/bgu-vilenchi/users/sdolev/Thesis/VLMs/data/affectnet/human_annotated/validation_set/images/5131.jpg
2589,/gpfs0/bgu-vilenchi/users/sdolev/Thesis/VLMs/data/affectnet/human_annotated/validation_set/images/2589.jpg,1,happy,0.0,happy,/gpfs0/bgu-vilenchi/users/sdolev/Thesis/VLMs/data/affectnet/human_annotated/validation_set/images/2589.jpg
2353,/gpfs0/bgu-vilenchi/users/sdolev/Thesis/VLMs/data/affectnet/human_annotated/validation_set/images/2353.jpg,0,neutral,0.0,neutral,/gpfs0/bgu-vilenchi/users/sdolev/Thesis/VLMs/data/affectnet/human_annotated/validation_set/images/2353.jpg
3995,/gpfs0/bgu-vilenchi/users/sdolev/Thesis/VLMs/data/affectnet/human_annotated/validation_set/images/3995.jpg,1,happy,0.0,neutral,/gpfs0/bgu-vilenchi/users/sdolev/Thesis/VLMs/data/affectnet/human_annotated/validation_set/images/3995.jpg
514,/gpfs0/bgu-vilenchi/users/sdolev/Thesis/VLMs/data/affectnet/human_annotated/validation_set/images/514.jpg,7,contempt,2.0,happy,/gpfs0/bgu-vilenchi/users/sdolev/Thesis/VLMs/data/affectnet/human_annotated/validation_set/images/514.jpg
4601,/gpfs0/bgu-vilenchi/users/sdolev/Thesis/VLMs/data/affectnet/human_annotated/validation_set/images/4601.jpg,7,contempt,1.0,neutral,/gpfs0/bgu-vilenchi/users/sdolev/Thesis/VLMs/data/affectnet/human_annotated/validation_set/images/4601.jpg
2756,/gpfs0/bgu-vilenchi/users/sdolev/Thesis/VLMs/data/affectnet/human_annotated/validation_set/images/2756.jpg,1,happy,0.0,happy,/gpfs0/bgu-vilenchi/users/sdolev/Thesis/VLMs/data/affectnet/human_annotated/validation_set/images/2756.jpg
915,/gpfs0/bgu-vilenchi/users/sdolev/Thesis/VLMs/data/affectnet/human_annotated/validation_set/images/915.jpg,4,fear,1.0,surprise,/gpfs0/bgu-vilenchi/users/sdolev/Thesis/VLMs/data/affectnet/human_annotated/validation_set/images/915.jpg
1517,/gpfs0/bgu-vilenchi/users/sdolev/Thesis/VLMs/data/affectnet/human_annotated/validation_set/images/1517.jpg,1,happy,1.0,neutral,/gpfs0/bgu-vilenchi/users/sdolev/Thesis/VLMs/data/affectnet/human_annotated/validation_set/images/1517.jpg
2520,/gpfs0/bgu-vilenchi/users/sdolev/Thesis/VLMs/data/affectnet/human_annotated/validation_set/images/2520.jpg,0,neutral,2.0,sad,/gpfs0/bgu-vilenchi/users/sdolev/Thesis/VLMs/data/affectnet/human_annotated/validation_set/images/2520.jpg
5257,/gpfs0/bgu-vilenchi/users/sdolev/Thesis/VLMs/data/affectnet/human_annotated/validation_set/images/5257.jpg,2,sad,0.0,sad,/gpfs0/bgu-vilenchi/users/sdolev/Thesis/VLMs/data/affectnet/human_annotated/validation_set/images/5257.jpg
2076,/gpfs0/bgu-vilenchi/users/sdolev/Thesis/VLMs/data/affectnet/human_annotated/validation_set/images/2076.jpg,7,contempt,1.0,happy,/gpfs0/bgu-vilenchi/users/sdolev/Thesis/VLMs/data/affectnet/human_annotated/validation_set/images/2076.jpg
2923,/gpfs0/bgu-vilenchi/users/sdolev/Thesis/VLMs/data/affectnet/human_annotated/validation_set/images/2923.jpg,5,disgust,1.0,neutral,/gpfs0/bgu-vilenchi/users/sdolev/Thesis/VLMs/data/affectnet/human_annotated/validation_set/images/2923.jpg
4018,/gpfs0/bgu-vilenchi/users/sdolev/Thesis/VLMs/data/affectnet/human_annotated/validation_set/images/4018.jpg,7,contempt,1.0,happy,/gpfs0/bgu-vilenchi/users/sdolev/Thesis/VLMs/data/affectnet/human_annotated/validation_set/images/4018.jpg
5021,/gpfs0/bgu-vilenchi/users/sdolev/Thesis/VLMs/data/affectnet/human_annotated/validation_set/images/5021.jpg,4,fear,1.0,surprise,/gpfs0/bgu-vilenchi/users/sdolev/Thesis/VLMs/data/affectnet/human_annotated/validation_set/images/5021.jpg
2479,/gpfs0/bgu-vilenchi/users/sdolev/Thesis/VLMs/data/affectnet/human_annotated/validation_set/images/2479.jpg,2,sad,1.0,neutral,/gpfs0/bgu-vilenchi/users/sdolev/Thesis/VLMs/data/affectnet/human_annotated/validation_set/images/2479.jpg
3482,/gpfs0/bgu-vilenchi/users/sdolev/Thesis/VLMs/data/affectnet/human_annotated/validation_set/images/3482.jpg,1,happy,2.0,neutral,/gpfs0/bgu-vilenchi/users/sdolev/Thesis/VLMs/data/affectnet/human_annotated/validation_set/images/3482.jpg
5424,/gpfs0/bgu-vilenchi/users/sdolev/Thesis/VLMs/data/affectnet/human_annotated/validation_set/images/5424.jpg,3,surprise,0.0,surprise,/gpfs0/bgu-vilenchi/users/sdolev/Thesis/VLMs/data/affectnet/human_annotated/validation_set/images/5424.jpg
0,/gpfs0/bgu-vilenchi/users/sdolev/Thesis/VLMs/data/affectnet/human_annotated/validation_set/images/0.jpg,0,neutral,0.0,sad,/gpfs0/bgu-vilenchi/users/sdolev/Thesis/VLMs/data/affectnet/human_annotated/validation_set/images/0.jpg
2243,/gpfs0/bgu-vilenchi/users/sdolev/Thesis/VLMs/data/affectnet/human_annotated/validation_set/images/2243.jpg,0,neutral,0.0,neutral,/gpfs0/bgu-vilenchi/users/sdolev/Thesis/VLMs/data/affectnet/human_annotated/validation_set/images/2243.jpg
3885,/gpfs0/bgu-vilenchi/users/sdolev/Thesis/VLMs/data/affectnet/human_annotated/validation_set/images/3885.jpg,6,angry,0.0,surprise,/gpfs0/bgu-vilenchi/users/sdolev/Thesis/VLMs/data/affectnet/human_annotated/validation_set/images/3885.jpg
826,/gpfs0/bgu-vilenchi/users/sdolev/Thesis/VLMs/data/affectnet/human_annotated/validation_set/images/826.jpg,7,contempt,1.0,neutral,/gpfs0/bgu-vilenchi/users/sdolev/Thesis/VLMs/data/affectnet/human_annotated/validation_set/images/826.jpg
2646,/gpfs0/bgu-vilenchi/users/sdolev/Thesis/VLMs/data/affectnet/human_annotated/validation_set/images/2646.jpg,2,sad,2.0,neutral,/gpfs0/bgu-vilenchi/users/sdolev/Thesis/VLMs/data/affectnet/human_annotated/validation_set/images/2646.jpg
1407,/gpfs0/bgu-vilenchi/users/sdolev/Thesis/VLMs/data/affectnet/human_annotated/validation_set/images/1407.jpg,0,neutral,2.0,neutral,/gpfs0/bgu-vilenchi/users/sdolev/Thesis/VLMs/data/affectnet/human_annotated/validation_set/images/1407.jpg
2410,/gpfs0/bgu-vilenchi/users/sdolev/Thesis/VLMs/data/affectnet/human_annotated/validation_set/images/2410.jpg,3,surprise,2.0,surprise,/gpfs0/bgu-vilenchi/users/sdolev/Thesis/VLMs/data/affectnet/human_annotated/validation_set/images/2410.jpg
2813,/gpfs0/bgu-vilenchi/users/sdolev/Thesis/VLMs/data/affectnet/human_annotated/validation_set/images/2813.jpg,1,happy,0.0,happy,/gpfs0/bgu-vilenchi/users/sdolev/Thesis/VLMs/data/affectnet/human_annotated/validation_set/images/2813.jpg
3066,/gpfs0/bgu-vilenchi/users/sdolev/Thesis/VLMs/data/affectnet/human_annotated/validation_set/images/3066.jpg,7,contempt,1.0,neutral,/gpfs0/bgu-vilenchi/users/sdolev/Thesis/VLMs/data/affectnet/human_annotated/validation_set/images/3066.jpg
3372,/gpfs0/bgu-vilenchi/users/sdolev/Thesis/VLMs/data/affectnet/human_annotated/validation_set/images/3372.jpg,4,fear,1.0,surprise,/gpfs0/bgu-vilenchi/users/sdolev/Thesis/VLMs/data/affectnet/human_annotated/validation_set/images/3372.jpg
5008,/gpfs0/bgu-vilenchi/users/sdolev/Thesis/VLMs/data/affectnet/human_annotated/validation_set/images/5008.jpg,0,neutral,2.0,neutral,/gpfs0/bgu-vilenchi/users/sdolev/Thesis/VLMs/data/affectnet/human_annotated/validation_set/images/5008.jpg
3469,/gpfs0/bgu-vilenchi/users/sdolev/Thesis/VLMs/data/affectnet/human_annotated/validation_set/images/3469.jpg,2,sad,1.0,neutral,/gpfs0/bgu-vilenchi/users/sdolev/Thesis/VLMs/data/affectnet/human_annotated/validation_set/images/3469.jpg
840,/gpfs0/bgu-vilenchi/users/sdolev/Thesis/VLMs/data/affectnet/human_annotated/validation_set/images/840.jpg,1,happy,1.0,happy,/gpfs0/bgu-vilenchi/users/sdolev/Thesis/VLMs/data/affectnet/human_annotated/validation_set/images/840.jpg
737,/gpfs0/bgu-vilenchi/users/sdolev/Thesis/VLMs/data/affectnet/human_annotated/validation_set/images/737.jpg,7,contempt,1.0,neutral,/gpfs0/bgu-vilenchi/users/sdolev/Thesis/VLMs/data/affectnet/human_annotated/validation_set/images/737.jpg
3233,/gpfs0/bgu-vilenchi/users/sdolev/Thesis/VLMs/data/affectnet/human_annotated/validation_set/images/3233.jpg,2,sad,2.0,sad,/gpfs0/bgu-vilenchi/users/sdolev/Thesis/VLMs/data/affectnet/human_annotated/validation_set/images/3233.jpg
2536,/gpfs0/bgu-vilenchi/users/sdolev/Thesis/VLMs/data/affectnet/human_annotated/validation_set/images/2536.jpg,2,sad,0.0,sad,/gpfs0/bgu-vilenchi/users/sdolev/Thesis/VLMs/data/affectnet/human_annotated/validation_set/images/2536.jpg
3636,/gpfs0/bgu-vilenchi/users/sdolev/Thesis/VLMs/data/affectnet/human_annotated/validation_set/images/3636.jpg,0,neutral,1.0,happy,/gpfs0/bgu-vilenchi/users/sdolev/Thesis/VLMs/data/affectnet/human_annotated/validation_set/images/3636.jpg
2300,/gpfs0/bgu-vilenchi/users/sdolev/Thesis/VLMs/data/affectnet/human_annotated/validation_set/images/2300.jpg,1,happy,0.0,happy,/gpfs0/bgu-vilenchi/users/sdolev/Thesis/VLMs/data/affectnet/human_annotated/validation_set/images/2300.jpg
2939,/gpfs0/bgu-vilenchi/users/sdolev/Thesis/VLMs/data/affectnet/human_annotated/validation_set/images/2939.jpg,4,fear,2.0,happy,/gpfs0/bgu-vilenchi/users/sdolev/Thesis/VLMs/data/affectnet/human_annotated/validation_set/images/2939.jpg
4195,/gpfs0/bgu-vilenchi/users/sdolev/Thesis/VLMs/data/affectnet/human_annotated/validation_set/images/4195.jpg,0,neutral,0.0,neutral,/gpfs0/bgu-vilenchi/users/sdolev/Thesis/VLMs/data/affectnet/human_annotated/validation_set/images/4195.jpg
213,/gpfs0/bgu-vilenchi/users/sdolev/Thesis/VLMs/data/affectnet/human_annotated/validation_set/images/213.jpg,4,fear,1.0,surprise,/gpfs0/bgu-vilenchi/users/sdolev/Thesis/VLMs/data/affectnet/human_annotated/validation_set/images/213.jpg
350,/gpfs0/bgu-vilenchi/users/sdolev/Thesis/VLMs/data/affectnet/human_annotated/validation_set/images/350.jpg,1,happy,0.0,happy,/gpfs0/bgu-vilenchi/users/sdolev/Thesis/VLMs/data/affectnet/human_annotated/validation_set/images/350.jpg
4598,/gpfs0/bgu-vilenchi/users/sdolev/Thesis/VLMs/data/affectnet/human_annotated/validation_set/images/4598.jpg,7,contempt,1.0,neutral,/gpfs0/bgu-vilenchi/users/sdolev/Thesis/VLMs/data/affectnet/human_annotated/validation_set/images/4598.jpg
751,/gpfs0/bgu-vilenchi/users/sdolev/Thesis/VLMs/data/affectnet/human_annotated/validation_set/images/751.jpg,0,neutral,0.0,neutral,/gpfs0/bgu-vilenchi/users/sdolev/Thesis/VLMs/data/affectnet/human_annotated/validation_set/images/751.jpg
3359,/gpfs0/bgu-vilenchi/users/sdolev/Thesis/VLMs/data/affectnet/human_annotated/validation_set/images/3359.jpg,6,angry,1.0,neutral,/gpfs0/bgu-vilenchi/users/sdolev/Thesis/VLMs/data/affectnet/human_annotated/validation_set/images/3359.jpg
1181,/gpfs0/bgu-vilenchi/users/sdolev/Thesis/VLMs/data/affectnet/human_annotated/validation_set/images/1181.jpg,1,happy,0.0,happy,/gpfs0/bgu-vilenchi/users/sdolev/Thesis/VLMs/data/affectnet/human_annotated/validation_set/images/1181.jpg
4765,/gpfs0/bgu-vilenchi/users/sdolev/Thesis/VLMs/data/affectnet/human_annotated/validation_set/images/4765.jpg,2,sad,1.0,sad,/gpfs0/bgu-vilenchi/users/sdolev/Thesis/VLMs/data/affectnet/human_annotated/validation_set/images/4765.jpg
1584,/gpfs0/bgu-vilenchi/users/sdolev/Thesis/VLMs/data/affectnet/human_annotated/validation_set/images/1584.jpg,5,disgust,2.0,surprise,/gpfs0/bgu-vilenchi/users/sdolev/Thesis/VLMs/data/affectnet/human_annotated/validation_set/images/1584.jpg
1987,/gpfs0/bgu-vilenchi/users/sdolev/Thesis/VLMs/data/affectnet/human_annotated/validation_set/images/1987.jpg,0,neutral,2.0,neutral,/gpfs0/bgu-vilenchi/users/sdolev/Thesis/VLMs/data/affectnet/human_annotated/validation_set/images/1987.jpg
3929,/gpfs0/bgu-vilenchi/users/sdolev/Thesis/VLMs/data/affectnet/human_annotated/validation_set/images/3929.jpg,0,neutral,0.0,neutral,/gpfs0/bgu-vilenchi/users/sdolev/Thesis/VLMs/data/affectnet/human_annotated/validation_set/images/3929.jpg
4932,/gpfs0/bgu-vilenchi/users/sdolev/Thesis/VLMs/data/affectnet/human_annotated/validation_set/images/4932.jpg,4,fear,2.0,surprise,/gpfs0/bgu-vilenchi/users/sdolev/Thesis/VLMs/data/affectnet/human_annotated/validation_set/images/4932.jpg
1751,/gpfs0/bgu-vilenchi/users/sdolev/Thesis/VLMs/data/affectnet/human_annotated/validation_set/images/1751.jpg,2,sad,1.0,sad,/gpfs0/bgu-vilenchi/users/sdolev/Thesis/VLMs/data/affectnet/human_annotated/validation_set/images/1751.jpg
525,/gpfs0/bgu-vilenchi/users/sdolev/Thesis/VLMs/data/affectnet/human_annotated/validation_set/images/525.jpg,3,surprise,1.0,neutral,/gpfs0/bgu-vilenchi/users/sdolev/Thesis/VLMs/data/affectnet/human_annotated/validation_set/images/525.jpg
662,/gpfs0/bgu-vilenchi/users/sdolev/Thesis/VLMs/data/affectnet/human_annotated/validation_set/images/662.jpg,0,neutral,0.0,neutral,/gpfs0/bgu-vilenchi/users/sdolev/Thesis/VLMs/data/affectnet/human_annotated/validation_set/images/662.jpg
3249,/gpfs0/bgu-vilenchi/users/sdolev/Thesis/VLMs/data/affectnet/human_annotated/validation_set/images/3249.jpg,2,sad,1.0,sad,/gpfs0/bgu-vilenchi/users/sdolev/Thesis/VLMs/data/affectnet/human_annotated/validation_set/images/3249.jpg
4252,/gpfs0/bgu-vilenchi/users/sdolev/Thesis/VLMs/data/affectnet/human_annotated/validation_set/images/4252.jpg,1,happy,0.0,happy,/gpfs0/bgu-vilenchi/users/sdolev/Thesis/VLMs/data/affectnet/human_annotated/validation_set/images/4252.jpg
1071,/gpfs0/bgu-vilenchi/users/sdolev/Thesis/VLMs/data/affectnet/human_annotated/validation_set/images/1071.jpg,5,disgust,0.0,disgust,/gpfs0/bgu-vilenchi/users/sdolev/Thesis/VLMs/data/affectnet/human_annotated/validation_set/images/1071.jpg
1168,/gpfs0/bgu-vilenchi/users/sdolev/Thesis/VLMs/data/affectnet/human_annotated/validation_set/images/1168.jpg,5,disgust,1.0,angry,/gpfs0/bgu-vilenchi/users/sdolev/Thesis/VLMs/data/affectnet/human_annotated/validation_set/images/1168.jpg
4655,/gpfs0/bgu-vilenchi/users/sdolev/Thesis/VLMs/data/affectnet/human_annotated/validation_set/images/4655.jpg,7,contempt,2.0,sad,/gpfs0/bgu-vilenchi/users/sdolev/Thesis/VLMs/data/affectnet/human_annotated/validation_set/images/4655.jpg
61,/gpfs0/bgu-vilenchi/users/sdolev/Thesis/VLMs/data/affectnet/human_annotated/validation_set/images/61.jpg,6,angry,1.0,angry,/gpfs0/bgu-vilenchi/users/sdolev/Thesis/VLMs/data/affectnet/human_annotated/validation_set/images/61.jpg
3416,/gpfs0/bgu-vilenchi/users/sdolev/Thesis/VLMs/data/affectnet/human_annotated/validation_set/images/3416.jpg,6,angry,0.0,surprise,/gpfs0/bgu-vilenchi/users/sdolev/Thesis/VLMs/data/affectnet/human_annotated/validation_set/images/3416.jpg
2880,/gpfs0/bgu-vilenchi/users/sdolev/Thesis/VLMs/data/affectnet/human_annotated/validation_set/images/2880.jpg,5,disgust,2.0,happy,/gpfs0/bgu-vilenchi/users/sdolev/Thesis/VLMs/data/affectnet/human_annotated/validation_set/images/2880.jpg
3819,/gpfs0/bgu-vilenchi/users/sdolev/Thesis/VLMs/data/affectnet/human_annotated/validation_set/images/3819.jpg,0,neutral,0.0,neutral,/gpfs0/bgu-vilenchi/users/sdolev/Thesis/VLMs/data/affectnet/human_annotated/validation_set/images/3819.jpg
4822,/gpfs0/bgu-vilenchi/users/sdolev/Thesis/VLMs/data/affectnet/human_annotated/validation_set/images/4822.jpg,0,neutral,0.0,neutral,/gpfs0/bgu-vilenchi/users/sdolev/Thesis/VLMs/data/affectnet/human_annotated/validation_set/images/4822.jpg
1641,/gpfs0/bgu-vilenchi/users/sdolev/Thesis/VLMs/data/affectnet/human_annotated/validation_set/images/1641.jpg,4,fear,2.0,happy,/gpfs0/bgu-vilenchi/users/sdolev/Thesis/VLMs/data/affectnet/human_annotated/validation_set/images/1641.jpg
5075,/gpfs0/bgu-vilenchi/users/sdolev/Thesis/VLMs/data/affectnet/human_annotated/validation_set/images/5075.jpg,2,sad,0.0,sad,/gpfs0/bgu-vilenchi/users/sdolev/Thesis/VLMs/data/affectnet/human_annotated/validation_set/images/5075.jpg
974,/gpfs0/bgu-vilenchi/users/sdolev/Thesis/VLMs/data/affectnet/human_annotated/validation_set/images/974.jpg,4,fear,2.0,neutral,/gpfs0/bgu-vilenchi/users/sdolev/Thesis/VLMs/data/affectnet/human_annotated/validation_set/images/974.jpg
84,/gpfs0/bgu-vilenchi/users/sdolev/Thesis/VLMs/data/affectnet/human_annotated/validation_set/images/84.jpg,3,surprise,1.0,surprise,/gpfs0/bgu-vilenchi/users/sdolev/Thesis/VLMs/data/affectnet/human_annotated/validation_set/images/84.jpg
4142,/gpfs0/bgu-vilenchi/users/sdolev/Thesis/VLMs/data/affectnet/human_annotated/validation_set/images/4142.jpg,6,angry,0.0,angry,/gpfs0/bgu-vilenchi/users/sdolev/Thesis/VLMs/data/affectnet/human_annotated/validation_set/images/4142.jpg
56,/gpfs0/bgu-vilenchi/users/sdolev/Thesis/VLMs/data/affectnet/human_annotated/validation_set/images/56.jpg,7,contempt,1.0,neutral,/gpfs0/bgu-vilenchi/users/sdolev/Thesis/VLMs/data/affectnet/human_annotated/validation_set/images/56.jpg
4239,/gpfs0/bgu-vilenchi/users/sdolev/Thesis/VLMs/data/affectnet/human_annotated/validation_set/images/4239.jpg,4,fear,1.0,surprise,/gpfs0/bgu-vilenchi/users/sdolev/Thesis/VLMs/data/affectnet/human_annotated/validation_set/images/4239.jpg
1058,/gpfs0/bgu-vilenchi/users/sdolev/Thesis/VLMs/data/affectnet/human_annotated/validation_set/images/1058.jpg,7,contempt,2.0,neutral,/gpfs0/bgu-vilenchi/users/sdolev/Thesis/VLMs/data/affectnet/human_annotated/validation_set/images/1058.jpg
4545,/gpfs0/bgu-vilenchi/users/sdolev/Thesis/VLMs/data/affectnet/human_annotated/validation_set/images/4545.jpg,2,sad,0.0,sad,/gpfs0/bgu-vilenchi/users/sdolev/Thesis/VLMs/data/affectnet/human_annotated/validation_set/images/4545.jpg
2061,/gpfs0/bgu-vilenchi/users/sdolev/Thesis/VLMs/data/affectnet/human_annotated/validation_set/images/2061.jpg,1,happy,0.0,happy,/gpfs0/bgu-vilenchi/users/sdolev/Thesis/VLMs/data/affectnet/human_annotated/validation_set/images/2061.jpg
1364,/gpfs0/bgu-vilenchi/users/sdolev/Thesis/VLMs/data/affectnet/human_annotated/validation_set/images/1364.jpg,6,angry,0.0,angry,/gpfs0/bgu-vilenchi/users/sdolev/Thesis/VLMs/data/affectnet/human_annotated/validation_set/images/1364.jpg
3306,/gpfs0/bgu-vilenchi/users/sdolev/Thesis/VLMs/data/affectnet/human_annotated/validation_set/images/3306.jpg,0,neutral,1.0,neutral,/gpfs0/bgu-vilenchi/users/sdolev/Thesis/VLMs/data/affectnet/human_annotated/validation_set/images/3306.jpg
4948,/gpfs0/bgu-vilenchi/users/sdolev/Thesis/VLMs/data/affectnet/human_annotated/validation_set/images/4948.jpg,3,surprise,2.0,neutral,/gpfs0/bgu-vilenchi/users/sdolev/Thesis/VLMs/data/affectnet/human_annotated/validation_set/images/4948.jpg
2464,/gpfs0/bgu-vilenchi/users/sdolev/Thesis/VLMs/data/affectnet/human_annotated/validation_set/images/2464.jpg,5,disgust,1.0,neutral,/gpfs0/bgu-vilenchi/users/sdolev/Thesis/VLMs/data/affectnet/human_annotated/validation_set/images/2464.jpg
1767,/gpfs0/bgu-vilenchi/users/sdolev/Thesis/VLMs/data/affectnet/human_annotated/validation_set/images/1767.jpg,3,surprise,1.0,happy,/gpfs0/bgu-vilenchi/users/sdolev/Thesis/VLMs/data/affectnet/human_annotated/validation_set/images/1767.jpg
2770,/gpfs0/bgu-vilenchi/users/sdolev/Thesis/VLMs/data/affectnet/human_annotated/validation_set/images/2770.jpg,5,disgust,1.0,neutral,/gpfs0/bgu-vilenchi/users/sdolev/Thesis/VLMs/data/affectnet/human_annotated/validation_set/images/2770.jpg
4406,/gpfs0/bgu-vilenchi/users/sdolev/Thesis/VLMs/data/affectnet/human_annotated/validation_set/images/4406.jpg,2,sad,1.0,neutral,/gpfs0/bgu-vilenchi/users/sdolev/Thesis/VLMs/data/affectnet/human_annotated/validation_set/images/4406.jpg
450,/gpfs0/bgu-vilenchi/users/sdolev/Thesis/VLMs/data/affectnet/human_annotated/validation_set/images/450.jpg,1,happy,0.0,happy,/gpfs0/bgu-vilenchi/users/sdolev/Thesis/VLMs/data/affectnet/human_annotated/validation_set/images/450.jpg
2867,/gpfs0/bgu-vilenchi/users/sdolev/Thesis/VLMs/data/affectnet/human_annotated/validation_set/images/2867.jpg,5,disgust,2.0,disgust,/gpfs0/bgu-vilenchi/users/sdolev/Thesis/VLMs/data/affectnet/human_annotated/validation_set/images/2867.jpg
1531,/gpfs0/bgu-vilenchi/users/sdolev/Thesis/VLMs/data/affectnet/human_annotated/validation_set/images/1531.jpg,2,sad,0.0,sad,/gpfs0/bgu-vilenchi/users/sdolev/Thesis/VLMs/data/affectnet/human_annotated/validation_set/images/1531.jpg
748,/gpfs0/bgu-vilenchi/users/sdolev/Thesis/VLMs/data/affectnet/human_annotated/validation_set/images/748.jpg,5,disgust,1.0,surprise,/gpfs0/bgu-vilenchi/users/sdolev/Thesis/VLMs/data/affectnet/human_annotated/validation_set/images/748.jpg
885,/gpfs0/bgu-vilenchi/users/sdolev/Thesis/VLMs/data/affectnet/human_annotated/validation_set/images/885.jpg,5,disgust,1.0,neutral,/gpfs0/bgu-vilenchi/users/sdolev/Thesis/VLMs/data/affectnet/human_annotated/validation_set/images/885.jpg
1628,/gpfs0/bgu-vilenchi/users/sdolev/Thesis/VLMs/data/affectnet/human_annotated/validation_set/images/1628.jpg,6,angry,0.0,angry,/gpfs0/bgu-vilenchi/users/sdolev/Thesis/VLMs/data/affectnet/human_annotated/validation_set/images/1628.jpg
1934,/gpfs0/bgu-vilenchi/users/sdolev/Thesis/VLMs/data/affectnet/human_annotated/validation_set/images/1934.jpg,6,angry,0.0,surprise,/gpfs0/bgu-vilenchi/users/sdolev/Thesis/VLMs/data/affectnet/human_annotated/validation_set/images/1934.jpg
5368,/gpfs0/bgu-vilenchi/users/sdolev/Thesis/VLMs/data/affectnet/human_annotated/validation_set/images/5368.jpg,3,surprise,1.0,happy,/gpfs0/bgu-vilenchi/users/sdolev/Thesis/VLMs/data/affectnet/human_annotated/validation_set/images/5368.jpg
2187,/gpfs0/bgu-vilenchi/users/sdolev/Thesis/VLMs/data/affectnet/human_annotated/validation_set/images/2187.jpg,0,neutral,0.0,neutral,/gpfs0/bgu-vilenchi/users/sdolev/Thesis/VLMs/data/affectnet/human_annotated/validation_set/images/2187.jpg
3190,/gpfs0/bgu-vilenchi/users/sdolev/Thesis/VLMs/data/affectnet/human_annotated/validation_set/images/3190.jpg,4,fear,1.0,surprise,/gpfs0/bgu-vilenchi/users/sdolev/Thesis/VLMs/data/affectnet/human_annotated/validation_set/images/3190.jpg
5132,/gpfs0/bgu-vilenchi/users/sdolev/Thesis/VLMs/data/affectnet/human_annotated/validation_set/images/5132.jpg,7,contempt,0.0,happy,/gpfs0/bgu-vilenchi/users/sdolev/Thesis/VLMs/data/affectnet/human_annotated/validation_set/images/5132.jpg
3593,/gpfs0/bgu-vilenchi/users/sdolev/Thesis/VLMs/data/affectnet/human_annotated/validation_set/images/3593.jpg,4,fear,0.0,surprise,/gpfs0/bgu-vilenchi/users/sdolev/Thesis/VLMs/data/affectnet/human_annotated/validation_set/images/3593.jpg
2354,/gpfs0/bgu-vilenchi/users/sdolev/Thesis/VLMs/data/affectnet/human_annotated/validation_set/images/2354.jpg,7,contempt,2.0,neutral,/gpfs0/bgu-vilenchi/users/sdolev/Thesis/VLMs/data/affectnet/human_annotated/validation_set/images/2354.jpg
3996,/gpfs0/bgu-vilenchi/users/sdolev/Thesis/VLMs/data/affectnet/human_annotated/validation_set/images/3996.jpg,0,neutral,0.0,surprise,/gpfs0/bgu-vilenchi/users/sdolev/Thesis/VLMs/data/affectnet/human_annotated/validation_set/images/3996.jpg
361,/gpfs0/bgu-vilenchi/users/sdolev/Thesis/VLMs/data/affectnet/human_annotated/validation_set/images/361.jpg,1,happy,2.0,happy,/gpfs0/bgu-vilenchi/users/sdolev/Thesis/VLMs/data/affectnet/human_annotated/validation_set/images/361.jpg
2660,/gpfs0/bgu-vilenchi/users/sdolev/Thesis/VLMs/data/affectnet/human_annotated/validation_set/images/2660.jpg,0,neutral,0.0,surprise,/gpfs0/bgu-vilenchi/users/sdolev/Thesis/VLMs/data/affectnet/human_annotated/validation_set/images/2660.jpg
258,/gpfs0/bgu-vilenchi/users/sdolev/Thesis/VLMs/data/affectnet/human_annotated/validation_set/images/258.jpg,3,surprise,2.0,neutral,/gpfs0/bgu-vilenchi/users/sdolev/Thesis/VLMs/data/affectnet/human_annotated/validation_set/images/258.jpg
1115,/gpfs0/bgu-vilenchi/users/sdolev/Thesis/VLMs/data/affectnet/human_annotated/validation_set/images/1115.jpg,4,fear,0.0,surprise,/gpfs0/bgu-vilenchi/users/sdolev/Thesis/VLMs/data/affectnet/human_annotated/validation_set/images/1115.jpg
2757,/gpfs0/bgu-vilenchi/users/sdolev/Thesis/VLMs/data/affectnet/human_annotated/validation_set/images/2757.jpg,1,happy,0.0,happy,/gpfs0/bgu-vilenchi/users/sdolev/Thesis/VLMs/data/affectnet/human_annotated/validation_set/images/2757.jpg
3760,/gpfs0/bgu-vilenchi/users/sdolev/Thesis/VLMs/data/affectnet/human_annotated/validation_set/images/3760.jpg,0,neutral,1.0,neutral,/gpfs0/bgu-vilenchi/users/sdolev/Thesis/VLMs/data/affectnet/human_annotated/validation_set/images/3760.jpg
659,/gpfs0/bgu-vilenchi/users/sdolev/Thesis/VLMs/data/affectnet/human_annotated/validation_set/images/659.jpg,0,neutral,1.0,neutral,/gpfs0/bgu-vilenchi/users/sdolev/Thesis/VLMs/data/affectnet/human_annotated/validation_set/images/659.jpg
1518,/gpfs0/bgu-vilenchi/users/sdolev/Thesis/VLMs/data/affectnet/human_annotated/validation_set/images/1518.jpg,2,sad,1.0,sad,/gpfs0/bgu-vilenchi/users/sdolev/Thesis/VLMs/data/affectnet/human_annotated/validation_set/images/1518.jpg
2521,/gpfs0/bgu-vilenchi/users/sdolev/Thesis/VLMs/data/affectnet/human_annotated/validation_set/images/2521.jpg,1,happy,1.0,neutral,/gpfs0/bgu-vilenchi/users/sdolev/Thesis/VLMs/data/affectnet/human_annotated/validation_set/images/2521.jpg
2077,/gpfs0/bgu-vilenchi/users/sdolev/Thesis/VLMs/data/affectnet/human_annotated/validation_set/images/2077.jpg,6,angry,1.0,surprise,/gpfs0/bgu-vilenchi/users/sdolev/Thesis/VLMs/data/affectnet/human_annotated/validation_set/images/2077.jpg
3080,/gpfs0/bgu-vilenchi/users/sdolev/Thesis/VLMs/data/affectnet/human_annotated/validation_set/images/3080.jpg,2,sad,0.0,neutral,/gpfs0/bgu-vilenchi/users/sdolev/Thesis/VLMs/data/affectnet/human_annotated/validation_set/images/3080.jpg
2924,/gpfs0/bgu-vilenchi/users/sdolev/Thesis/VLMs/data/affectnet/human_annotated/validation_set/images/2924.jpg,7,contempt,1.0,neutral,/gpfs0/bgu-vilenchi/users/sdolev/Thesis/VLMs/data/affectnet/human_annotated/validation_set/images/2924.jpg
4019,/gpfs0/bgu-vilenchi/users/sdolev/Thesis/VLMs/data/affectnet/human_annotated/validation_set/images/4019.jpg,2,sad,0.0,neutral,/gpfs0/bgu-vilenchi/users/sdolev/Thesis/VLMs/data/affectnet/human_annotated/validation_set/images/4019.jpg
5022,/gpfs0/bgu-vilenchi/users/sdolev/Thesis/VLMs/data/affectnet/human_annotated/validation_set/images/5022.jpg,4,fear,2.0,surprise,/gpfs0/bgu-vilenchi/users/sdolev/Thesis/VLMs/data/affectnet/human_annotated/validation_set/images/5022.jpg
3483,/gpfs0/bgu-vilenchi/users/sdolev/Thesis/VLMs/data/affectnet/human_annotated/validation_set/images/3483.jpg,0,neutral,1.0,neutral,/gpfs0/bgu-vilenchi/users/sdolev/Thesis/VLMs/data/affectnet/human_annotated/validation_set/images/3483.jpg
5119,/gpfs0/bgu-vilenchi/users/sdolev/Thesis/VLMs/data/affectnet/human_annotated/validation_set/images/5119.jpg,6,angry,1.0,neutral,/gpfs0/bgu-vilenchi/users/sdolev/Thesis/VLMs/data/affectnet/human_annotated/validation_set/images/5119.jpg
5425,/gpfs0/bgu-vilenchi/users/sdolev/Thesis/VLMs/data/affectnet/human_annotated/validation_set/images/5425.jpg,5,disgust,1.0,surprise,/gpfs0/bgu-vilenchi/users/sdolev/Thesis/VLMs/data/affectnet/human_annotated/validation_set/images/5425.jpg
272,/gpfs0/bgu-vilenchi/users/sdolev/Thesis/VLMs/data/affectnet/human_annotated/validation_set/images/272.jpg,3,surprise,2.0,surprise,/gpfs0/bgu-vilenchi/users/sdolev/Thesis/VLMs/data/affectnet/human_annotated/validation_set/images/272.jpg
2244,/gpfs0/bgu-vilenchi/users/sdolev/Thesis/VLMs/data/affectnet/human_annotated/validation_set/images/2244.jpg,5,disgust,2.0,disgust,/gpfs0/bgu-vilenchi/users/sdolev/Thesis/VLMs/data/affectnet/human_annotated/validation_set/images/2244.jpg
169,/gpfs0/bgu-vilenchi/users/sdolev/Thesis/VLMs/data/affectnet/human_annotated/validation_set/images/169.jpg,7,contempt,2.0,happy,/gpfs0/bgu-vilenchi/users/sdolev/Thesis/VLMs/data/affectnet/human_annotated/validation_set/images/169.jpg
3886,/gpfs0/bgu-vilenchi/users/sdolev/Thesis/VLMs/data/affectnet/human_annotated/validation_set/images/3886.jpg,4,fear,0.0,surprise,/gpfs0/bgu-vilenchi/users/sdolev/Thesis/VLMs/data/affectnet/human_annotated/validation_set/images/3886.jpg
673,/gpfs0/bgu-vilenchi/users/sdolev/Thesis/VLMs/data/affectnet/human_annotated/validation_set/images/673.jpg,3,surprise,1.0,happy,/gpfs0/bgu-vilenchi/users/sdolev/Thesis/VLMs/data/affectnet/human_annotated/validation_set/images/673.jpg
2411,/gpfs0/bgu-vilenchi/users/sdolev/Thesis/VLMs/data/affectnet/human_annotated/validation_set/images/2411.jpg,5,disgust,1.0,neutral,/gpfs0/bgu-vilenchi/users/sdolev/Thesis/VLMs/data/affectnet/human_annotated/validation_set/images/2411.jpg
2814,/gpfs0/bgu-vilenchi/users/sdolev/Thesis/VLMs/data/affectnet/human_annotated/validation_set/images/2814.jpg,5,disgust,1.0,sad,/gpfs0/bgu-vilenchi/users/sdolev/Thesis/VLMs/data/affectnet/human_annotated/validation_set/images/2814.jpg
3067,/gpfs0/bgu-vilenchi/users/sdolev/Thesis/VLMs/data/affectnet/human_annotated/validation_set/images/3067.jpg,2,sad,1.0,surprise,/gpfs0/bgu-vilenchi/users/sdolev/Thesis/VLMs/data/affectnet/human_annotated/validation_set/images/3067.jpg
3373,/gpfs0/bgu-vilenchi/users/sdolev/Thesis/VLMs/data/affectnet/human_annotated/validation_set/images/3373.jpg,4,fear,1.0,surprise,/gpfs0/bgu-vilenchi/users/sdolev/Thesis/VLMs/data/affectnet/human_annotated/validation_set/images/3373.jpg
5009,/gpfs0/bgu-vilenchi/users/sdolev/Thesis/VLMs/data/affectnet/human_annotated/validation_set/images/5009.jpg,5,disgust,1.0,neutral,/gpfs0/bgu-vilenchi/users/sdolev/Thesis/VLMs/data/affectnet/human_annotated/validation_set/images/5009.jpg
183,/gpfs0/bgu-vilenchi/users/sdolev/Thesis/VLMs/data/affectnet/human_annotated/validation_set/images/183.jpg,5,disgust,1.0,angry,/gpfs0/bgu-vilenchi/users/sdolev/Thesis/VLMs/data/affectnet/human_annotated/validation_set/images/183.jpg
5315,/gpfs0/bgu-vilenchi/users/sdolev/Thesis/VLMs/data/affectnet/human_annotated/validation_set/images/5315.jpg,4,fear,1.0,surprise,/gpfs0/bgu-vilenchi/users/sdolev/Thesis/VLMs/data/affectnet/human_annotated/validation_set/images/5315.jpg
2537,/gpfs0/bgu-vilenchi/users/sdolev/Thesis/VLMs/data/affectnet/human_annotated/validation_set/images/2537.jpg,6,angry,0.0,angry,/gpfs0/bgu-vilenchi/users/sdolev/Thesis/VLMs/data/affectnet/human_annotated/validation_set/images/2537.jpg
3637,/gpfs0/bgu-vilenchi/users/sdolev/Thesis/VLMs/data/affectnet/human_annotated/validation_set/images/3637.jpg,0,neutral,1.0,happy,/gpfs0/bgu-vilenchi/users/sdolev/Thesis/VLMs/data/affectnet/human_annotated/validation_set/images/3637.jpg
2301,/gpfs0/bgu-vilenchi/users/sdolev/Thesis/VLMs/data/affectnet/human_annotated/validation_set/images/2301.jpg,3,surprise,1.0,neutral,/gpfs0/bgu-vilenchi/users/sdolev/Thesis/VLMs/data/affectnet/human_annotated/validation_set/images/2301.jpg
3943,/gpfs0/bgu-vilenchi/users/sdolev/Thesis/VLMs/data/affectnet/human_annotated/validation_set/images/3943.jpg,2,sad,1.0,neutral,/gpfs0/bgu-vilenchi/users/sdolev/Thesis/VLMs/data/affectnet/human_annotated/validation_set/images/3943.jpg
4196,/gpfs0/bgu-vilenchi/users/sdolev/Thesis/VLMs/data/affectnet/human_annotated/validation_set/images/4196.jpg,3,surprise,1.0,happy,/gpfs0/bgu-vilenchi/users/sdolev/Thesis/VLMs/data/affectnet/human_annotated/validation_set/images/4196.jpg
2704,/gpfs0/bgu-vilenchi/users/sdolev/Thesis/VLMs/data/affectnet/human_annotated/validation_set/images/2704.jpg,0,neutral,0.0,neutral,/gpfs0/bgu-vilenchi/users/sdolev/Thesis/VLMs/data/affectnet/human_annotated/validation_set/images/2704.jpg
4599,/gpfs0/bgu-vilenchi/users/sdolev/Thesis/VLMs/data/affectnet/human_annotated/validation_set/images/4599.jpg,3,surprise,1.0,sad,/gpfs0/bgu-vilenchi/users/sdolev/Thesis/VLMs/data/affectnet/human_annotated/validation_set/images/4599.jpg
495,/gpfs0/bgu-vilenchi/users/sdolev/Thesis/VLMs/data/affectnet/human_annotated/validation_set/images/495.jpg,1,happy,0.0,happy,/gpfs0/bgu-vilenchi/users/sdolev/Thesis/VLMs/data/affectnet/human_annotated/validation_set/images/495.jpg
4363,/gpfs0/bgu-vilenchi/users/sdolev/Thesis/VLMs/data/affectnet/human_annotated/validation_set/images/4363.jpg,4,fear,1.0,surprise,/gpfs0/bgu-vilenchi/users/sdolev/Thesis/VLMs/data/affectnet/human_annotated/validation_set/images/4363.jpg
3124,/gpfs0/bgu-vilenchi/users/sdolev/Thesis/VLMs/data/affectnet/human_annotated/validation_set/images/3124.jpg,5,disgust,1.0,sad,/gpfs0/bgu-vilenchi/users/sdolev/Thesis/VLMs/data/affectnet/human_annotated/validation_set/images/3124.jpg
4766,/gpfs0/bgu-vilenchi/users/sdolev/Thesis/VLMs/data/affectnet/human_annotated/validation_set/images/4766.jpg,3,surprise,0.0,surprise,/gpfs0/bgu-vilenchi/users/sdolev/Thesis/VLMs/data/affectnet/human_annotated/validation_set/images/4766.jpg
1891,/gpfs0/bgu-vilenchi/users/sdolev/Thesis/VLMs/data/affectnet/human_annotated/validation_set/images/1891.jpg,0,neutral,0.0,neutral,/gpfs0/bgu-vilenchi/users/sdolev/Thesis/VLMs/data/affectnet/human_annotated/validation_set/images/1891.jpg
3527,/gpfs0/bgu-vilenchi/users/sdolev/Thesis/VLMs/data/affectnet/human_annotated/validation_set/images/3527.jpg,0,neutral,0.0,neutral,/gpfs0/bgu-vilenchi/users/sdolev/Thesis/VLMs/data/affectnet/human_annotated/validation_set/images/3527.jpg
4530,/gpfs0/bgu-vilenchi/users/sdolev/Thesis/VLMs/data/affectnet/human_annotated/validation_set/images/4530.jpg,0,neutral,0.0,neutral,/gpfs0/bgu-vilenchi/users/sdolev/Thesis/VLMs/data/affectnet/human_annotated/validation_set/images/4530.jpg
3833,/gpfs0/bgu-vilenchi/users/sdolev/Thesis/VLMs/data/affectnet/human_annotated/validation_set/images/3833.jpg,6,angry,1.0,neutral,/gpfs0/bgu-vilenchi/users/sdolev/Thesis/VLMs/data/affectnet/human_annotated/validation_set/images/3833.jpg
1988,/gpfs0/bgu-vilenchi/users/sdolev/Thesis/VLMs/data/affectnet/human_annotated/validation_set/images/1988.jpg,7,contempt,2.0,neutral,/gpfs0/bgu-vilenchi/users/sdolev/Thesis/VLMs/data/affectnet/human_annotated/validation_set/images/1988.jpg
4086,/gpfs0/bgu-vilenchi/users/sdolev/Thesis/VLMs/data/affectnet/human_annotated/validation_set/images/4086.jpg,4,fear,2.0,sad,/gpfs0/bgu-vilenchi/users/sdolev/Thesis/VLMs/data/affectnet/human_annotated/validation_set/images/4086.jpg
4933,/gpfs0/bgu-vilenchi/users/sdolev/Thesis/VLMs/data/affectnet/human_annotated/validation_set/images/4933.jpg,4,fear,1.0,surprise,/gpfs0/bgu-vilenchi/users/sdolev/Thesis/VLMs/data/affectnet/human_annotated/validation_set/images/4933.jpg
1752,/gpfs0/bgu-vilenchi/users/sdolev/Thesis/VLMs/data/affectnet/human_annotated/validation_set/images/1752.jpg,0,neutral,2.0,neutral,/gpfs0/bgu-vilenchi/users/sdolev/Thesis/VLMs/data/affectnet/human_annotated/validation_set/images/1752.jpg
4489,/gpfs0/bgu-vilenchi/users/sdolev/Thesis/VLMs/data/affectnet/human_annotated/validation_set/images/4489.jpg,5,disgust,1.0,neutral,/gpfs0/bgu-vilenchi/users/sdolev/Thesis/VLMs/data/affectnet/human_annotated/validation_set/images/4489.jpg
5492,/gpfs0/bgu-vilenchi/users/sdolev/Thesis/VLMs/data/affectnet/human_annotated/validation_set/images/5492.jpg,6,angry,0.0,neutral,/gpfs0/bgu-vilenchi/users/sdolev/Thesis/VLMs/data/affectnet/human_annotated/validation_set/images/5492.jpg
3014,/gpfs0/bgu-vilenchi/users/sdolev/Thesis/VLMs/data/affectnet/human_annotated/validation_set/images/3014.jpg,3,surprise,1.0,surprise,/gpfs0/bgu-vilenchi/users/sdolev/Thesis/VLMs/data/affectnet/human_annotated/validation_set/images/3014.jpg
805,/gpfs0/bgu-vilenchi/users/sdolev/Thesis/VLMs/data/affectnet/human_annotated/validation_set/images/805.jpg,4,fear,2.0,neutral,/gpfs0/bgu-vilenchi/users/sdolev/Thesis/VLMs/data/affectnet/human_annotated/validation_set/images/805.jpg
1169,/gpfs0/bgu-vilenchi/users/sdolev/Thesis/VLMs/data/affectnet/human_annotated/validation_set/images/1169.jpg,2,sad,1.0,sad,/gpfs0/bgu-vilenchi/users/sdolev/Thesis/VLMs/data/affectnet/human_annotated/validation_set/images/1169.jpg
4656,/gpfs0/bgu-vilenchi/users/sdolev/Thesis/VLMs/data/affectnet/human_annotated/validation_set/images/4656.jpg,0,neutral,2.0,neutral,/gpfs0/bgu-vilenchi/users/sdolev/Thesis/VLMs/data/affectnet/human_annotated/validation_set/images/4656.jpg
3417,/gpfs0/bgu-vilenchi/users/sdolev/Thesis/VLMs/data/affectnet/human_annotated/validation_set/images/3417.jpg,6,angry,2.0,angry,/gpfs0/bgu-vilenchi/users/sdolev/Thesis/VLMs/data/affectnet/human_annotated/validation_set/images/3417.jpg
4420,/gpfs0/bgu-vilenchi/users/sdolev/Thesis/VLMs/data/affectnet/human_annotated/validation_set/images/4420.jpg,6,angry,2.0,surprise,/gpfs0/bgu-vilenchi/users/sdolev/Thesis/VLMs/data/affectnet/human_annotated/validation_set/images/4420.jpg
1878,/gpfs0/bgu-vilenchi/users/sdolev/Thesis/VLMs/data/affectnet/human_annotated/validation_set/images/1878.jpg,2,sad,1.0,sad,/gpfs0/bgu-vilenchi/users/sdolev/Thesis/VLMs/data/affectnet/human_annotated/validation_set/images/1878.jpg
2881,/gpfs0/bgu-vilenchi/users/sdolev/Thesis/VLMs/data/affectnet/human_annotated/validation_set/images/2881.jpg,2,sad,0.0,sad,/gpfs0/bgu-vilenchi/users/sdolev/Thesis/VLMs/data/affectnet/human_annotated/validation_set/images/2881.jpg
4823,/gpfs0/bgu-vilenchi/users/sdolev/Thesis/VLMs/data/affectnet/human_annotated/validation_set/images/4823.jpg,5,disgust,1.0,happy,/gpfs0/bgu-vilenchi/users/sdolev/Thesis/VLMs/data/affectnet/human_annotated/validation_set/images/4823.jpg
5076,/gpfs0/bgu-vilenchi/users/sdolev/Thesis/VLMs/data/affectnet/human_annotated/validation_set/images/5076.jpg,3,surprise,1.0,happy,/gpfs0/bgu-vilenchi/users/sdolev/Thesis/VLMs/data/affectnet/human_annotated/validation_set/images/5076.jpg
5479,/gpfs0/bgu-vilenchi/users/sdolev/Thesis/VLMs/data/affectnet/human_annotated/validation_set/images/5479.jpg,5,disgust,2.0,disgust,/gpfs0/bgu-vilenchi/users/sdolev/Thesis/VLMs/data/affectnet/human_annotated/validation_set/images/5479.jpg
4143,/gpfs0/bgu-vilenchi/users/sdolev/Thesis/VLMs/data/affectnet/human_annotated/validation_set/images/4143.jpg,4,fear,2.0,surprise,/gpfs0/bgu-vilenchi/users/sdolev/Thesis/VLMs/data/affectnet/human_annotated/validation_set/images/4143.jpg
2298,/gpfs0/bgu-vilenchi/users/sdolev/Thesis/VLMs/data/affectnet/human_annotated/validation_set/images/2298.jpg,3,surprise,1.0,neutral,/gpfs0/bgu-vilenchi/users/sdolev/Thesis/VLMs/data/affectnet/human_annotated/validation_set/images/2298.jpg
716,/gpfs0/bgu-vilenchi/users/sdolev/Thesis/VLMs/data/affectnet/human_annotated/validation_set/images/716.jpg,4,fear,2.0,surprise,/gpfs0/bgu-vilenchi/users/sdolev/Thesis/VLMs/data/affectnet/human_annotated/validation_set/images/716.jpg
1059,/gpfs0/bgu-vilenchi/users/sdolev/Thesis/VLMs/data/affectnet/human_annotated/validation_set/images/1059.jpg,7,contempt,2.0,happy,/gpfs0/bgu-vilenchi/users/sdolev/Thesis/VLMs/data/affectnet/human_annotated/validation_set/images/1059.jpg
2062,/gpfs0/bgu-vilenchi/users/sdolev/Thesis/VLMs/data/affectnet/human_annotated/validation_set/images/2062.jpg,0,neutral,0.0,neutral,/gpfs0/bgu-vilenchi/users/sdolev/Thesis/VLMs/data/affectnet/human_annotated/validation_set/images/2062.jpg
1365,/gpfs0/bgu-vilenchi/users/sdolev/Thesis/VLMs/data/affectnet/human_annotated/validation_set/images/1365.jpg,3,surprise,2.0,surprise,/gpfs0/bgu-vilenchi/users/sdolev/Thesis/VLMs/data/affectnet/human_annotated/validation_set/images/1365.jpg
4004,/gpfs0/bgu-vilenchi/users/sdolev/Thesis/VLMs/data/affectnet/human_annotated/validation_set/images/4004.jpg,2,sad,0.0,neutral,/gpfs0/bgu-vilenchi/users/sdolev/Thesis/VLMs/data/affectnet/human_annotated/validation_set/images/4004.jpg
4310,/gpfs0/bgu-vilenchi/users/sdolev/Thesis/VLMs/data/affectnet/human_annotated/validation_set/images/4310.jpg,3,surprise,2.0,happy,/gpfs0/bgu-vilenchi/users/sdolev/Thesis/VLMs/data/affectnet/human_annotated/validation_set/images/4310.jpg
2771,/gpfs0/bgu-vilenchi/users/sdolev/Thesis/VLMs/data/affectnet/human_annotated/validation_set/images/2771.jpg,0,neutral,0.0,neutral,/gpfs0/bgu-vilenchi/users/sdolev/Thesis/VLMs/data/affectnet/human_annotated/validation_set/images/2771.jpg
4407,/gpfs0/bgu-vilenchi/users/sdolev/Thesis/VLMs/data/affectnet/human_annotated/validation_set/images/4407.jpg,2,sad,0.0,sad,/gpfs0/bgu-vilenchi/users/sdolev/Thesis/VLMs/data/affectnet/human_annotated/validation_set/images/4407.jpg
4713,/gpfs0/bgu-vilenchi/users/sdolev/Thesis/VLMs/data/affectnet/human_annotated/validation_set/images/4713.jpg,7,contempt,1.0,happy,/gpfs0/bgu-vilenchi/users/sdolev/Thesis/VLMs/data/affectnet/human_annotated/validation_set/images/4713.jpg
1532,/gpfs0/bgu-vilenchi/users/sdolev/Thesis/VLMs/data/affectnet/human_annotated/validation_set/images/1532.jpg,0,neutral,0.0,neutral,/gpfs0/bgu-vilenchi/users/sdolev/Thesis/VLMs/data/affectnet/human_annotated/validation_set/images/1532.jpg
1629,/gpfs0/bgu-vilenchi/users/sdolev/Thesis/VLMs/data/affectnet/human_annotated/validation_set/images/1629.jpg,2,sad,0.0,sad,/gpfs0/bgu-vilenchi/users/sdolev/Thesis/VLMs/data/affectnet/human_annotated/validation_set/images/1629.jpg
1935,/gpfs0/bgu-vilenchi/users/sdolev/Thesis/VLMs/data/affectnet/human_annotated/validation_set/images/1935.jpg,7,contempt,1.0,neutral,/gpfs0/bgu-vilenchi/users/sdolev/Thesis/VLMs/data/affectnet/human_annotated/validation_set/images/1935.jpg
730,/gpfs0/bgu-vilenchi/users/sdolev/Thesis/VLMs/data/affectnet/human_annotated/validation_set/images/730.jpg,0,neutral,1.0,neutral,/gpfs0/bgu-vilenchi/users/sdolev/Thesis/VLMs/data/affectnet/human_annotated/validation_set/images/730.jpg
5369,/gpfs0/bgu-vilenchi/users/sdolev/Thesis/VLMs/data/affectnet/human_annotated/validation_set/images/5369.jpg,7,contempt,1.0,neutral,/gpfs0/bgu-vilenchi/users/sdolev/Thesis/VLMs/data/affectnet/human_annotated/validation_set/images/5369.jpg
3191,/gpfs0/bgu-vilenchi/users/sdolev/Thesis/VLMs/data/affectnet/human_annotated/validation_set/images/3191.jpg,6,angry,0.0,sad,/gpfs0/bgu-vilenchi/users/sdolev/Thesis/VLMs/data/affectnet/human_annotated/validation_set/images/3191.jpg
5133,/gpfs0/bgu-vilenchi/users/sdolev/Thesis/VLMs/data/affectnet/human_annotated/validation_set/images/5133.jpg,3,surprise,2.0,happy,/gpfs0/bgu-vilenchi/users/sdolev/Thesis/VLMs/data/affectnet/human_annotated/validation_set/images/5133.jpg
1116,/gpfs0/bgu-vilenchi/users/sdolev/Thesis/VLMs/data/affectnet/human_annotated/validation_set/images/1116.jpg,4,fear,1.0,surprise,/gpfs0/bgu-vilenchi/users/sdolev/Thesis/VLMs/data/affectnet/human_annotated/validation_set/images/1116.jpg
2758,/gpfs0/bgu-vilenchi/users/sdolev/Thesis/VLMs/data/affectnet/human_annotated/validation_set/images/2758.jpg,0,neutral,0.0,surprise,/gpfs0/bgu-vilenchi/users/sdolev/Thesis/VLMs/data/affectnet/human_annotated/validation_set/images/2758.jpg
3761,/gpfs0/bgu-vilenchi/users/sdolev/Thesis/VLMs/data/affectnet/human_annotated/validation_set/images/3761.jpg,7,contempt,2.0,surprise,/gpfs0/bgu-vilenchi/users/sdolev/Thesis/VLMs/data/affectnet/human_annotated/validation_set/images/3761.jpg
103,/gpfs0/bgu-vilenchi/users/sdolev/Thesis/VLMs/data/affectnet/human_annotated/validation_set/images/103.jpg,2,sad,2.0,neutral,/gpfs0/bgu-vilenchi/users/sdolev/Thesis/VLMs/data/affectnet/human_annotated/validation_set/images/103.jpg
1519,/gpfs0/bgu-vilenchi/users/sdolev/Thesis/VLMs/data/affectnet/human_annotated/validation_set/images/1519.jpg,7,contempt,2.0,neutral,/gpfs0/bgu-vilenchi/users/sdolev/Thesis/VLMs/data/affectnet/human_annotated/validation_set/images/1519.jpg
641,/gpfs0/bgu-vilenchi/users/sdolev/Thesis/VLMs/data/affectnet/human_annotated/validation_set/images/641.jpg,2,sad,1.0,sad,/gpfs0/bgu-vilenchi/users/sdolev/Thesis/VLMs/data/affectnet/human_annotated/validation_set/images/641.jpg
2078,/gpfs0/bgu-vilenchi/users/sdolev/Thesis/VLMs/data/affectnet/human_annotated/validation_set/images/2078.jpg,3,surprise,0.0,surprise,/gpfs0/bgu-vilenchi/users/sdolev/Thesis/VLMs/data/affectnet/human_annotated/validation_set/images/2078.jpg
3081,/gpfs0/bgu-vilenchi/users/sdolev/Thesis/VLMs/data/affectnet/human_annotated/validation_set/images/3081.jpg,5,disgust,1.0,disgust,/gpfs0/bgu-vilenchi/users/sdolev/Thesis/VLMs/data/affectnet/human_annotated/validation_set/images/3081.jpg
2925,/gpfs0/bgu-vilenchi/users/sdolev/Thesis/VLMs/data/affectnet/human_annotated/validation_set/images/2925.jpg,5,disgust,2.0,neutral,/gpfs0/bgu-vilenchi/users/sdolev/Thesis/VLMs/data/affectnet/human_annotated/validation_set/images/2925.jpg
939,/gpfs0/bgu-vilenchi/users/sdolev/Thesis/VLMs/data/affectnet/human_annotated/validation_set/images/939.jpg,1,happy,0.0,happy,/gpfs0/bgu-vilenchi/users/sdolev/Thesis/VLMs/data/affectnet/human_annotated/validation_set/images/939.jpg
5023,/gpfs0/bgu-vilenchi/users/sdolev/Thesis/VLMs/data/affectnet/human_annotated/validation_set/images/5023.jpg,3,surprise,0.0,happy,/gpfs0/bgu-vilenchi/users/sdolev/Thesis/VLMs/data/affectnet/human_annotated/validation_set/images/5023.jpg
3484,/gpfs0/bgu-vilenchi/users/sdolev/Thesis/VLMs/data/affectnet/human_annotated/validation_set/images/3484.jpg,7,contempt,2.0,neutral,/gpfs0/bgu-vilenchi/users/sdolev/Thesis/VLMs/data/affectnet/human_annotated/validation_set/images/3484.jpg
5426,/gpfs0/bgu-vilenchi/users/sdolev/Thesis/VLMs/data/affectnet/human_annotated/validation_set/images/5426.jpg,5,disgust,2.0,neutral,/gpfs0/bgu-vilenchi/users/sdolev/Thesis/VLMs/data/affectnet/human_annotated/validation_set/images/5426.jpg
2245,/gpfs0/bgu-vilenchi/users/sdolev/Thesis/VLMs/data/affectnet/human_annotated/validation_set/images/2245.jpg,6,angry,1.0,neutral,/gpfs0/bgu-vilenchi/users/sdolev/Thesis/VLMs/data/affectnet/human_annotated/validation_set/images/2245.jpg
3887,/gpfs0/bgu-vilenchi/users/sdolev/Thesis/VLMs/data/affectnet/human_annotated/validation_set/images/3887.jpg,1,happy,0.0,happy,/gpfs0/bgu-vilenchi/users/sdolev/Thesis/VLMs/data/affectnet/human_annotated/validation_set/images/3887.jpg
4890,/gpfs0/bgu-vilenchi/users/sdolev/Thesis/VLMs/data/affectnet/human_annotated/validation_set/images/4890.jpg,6,angry,0.0,angry,/gpfs0/bgu-vilenchi/users/sdolev/Thesis/VLMs/data/affectnet/human_annotated/validation_set/images/4890.jpg
2648,/gpfs0/bgu-vilenchi/users/sdolev/Thesis/VLMs/data/affectnet/human_annotated/validation_set/images/2648.jpg,0,neutral,2.0,neutral,/gpfs0/bgu-vilenchi/users/sdolev/Thesis/VLMs/data/affectnet/human_annotated/validation_set/images/2648.jpg
415,/gpfs0/bgu-vilenchi/users/sdolev/Thesis/VLMs/data/affectnet/human_annotated/validation_set/images/415.jpg,6,angry,0.0,neutral,/gpfs0/bgu-vilenchi/users/sdolev/Thesis/VLMs/data/affectnet/human_annotated/validation_set/images/415.jpg
552,/gpfs0/bgu-vilenchi/users/sdolev/Thesis/VLMs/data/affectnet/human_annotated/validation_set/images/552.jpg,3,surprise,0.0,neutral,/gpfs0/bgu-vilenchi/users/sdolev/Thesis/VLMs/data/affectnet/human_annotated/validation_set/images/552.jpg
1409,/gpfs0/bgu-vilenchi/users/sdolev/Thesis/VLMs/data/affectnet/human_annotated/validation_set/images/1409.jpg,2,sad,1.0,sad,/gpfs0/bgu-vilenchi/users/sdolev/Thesis/VLMs/data/affectnet/human_annotated/validation_set/images/1409.jpg
953,/gpfs0/bgu-vilenchi/users/sdolev/Thesis/VLMs/data/affectnet/human_annotated/validation_set/images/953.jpg,1,happy,2.0,surprise,/gpfs0/bgu-vilenchi/users/sdolev/Thesis/VLMs/data/affectnet/human_annotated/validation_set/images/953.jpg
2815,/gpfs0/bgu-vilenchi/users/sdolev/Thesis/VLMs/data/affectnet/human_annotated/validation_set/images/2815.jpg,2,sad,2.0,neutral,/gpfs0/bgu-vilenchi/users/sdolev/Thesis/VLMs/data/affectnet/human_annotated/validation_set/images/2815.jpg
3374,/gpfs0/bgu-vilenchi/users/sdolev/Thesis/VLMs/data/affectnet/human_annotated/validation_set/images/3374.jpg,0,neutral,1.0,neutral,/gpfs0/bgu-vilenchi/users/sdolev/Thesis/VLMs/data/affectnet/human_annotated/validation_set/images/3374.jpg
5316,/gpfs0/bgu-vilenchi/users/sdolev/Thesis/VLMs/data/affectnet/human_annotated/validation_set/images/5316.jpg,6,angry,0.0,sad,/gpfs0/bgu-vilenchi/users/sdolev/Thesis/VLMs/data/affectnet/human_annotated/validation_set/images/5316.jpg
2135,/gpfs0/bgu-vilenchi/users/sdolev/Thesis/VLMs/data/affectnet/human_annotated/validation_set/images/2135.jpg,4,fear,2.0,fear,/gpfs0/bgu-vilenchi/users/sdolev/Thesis/VLMs/data/affectnet/human_annotated/validation_set/images/2135.jpg
3777,/gpfs0/bgu-vilenchi/users/sdolev/Thesis/VLMs/data/affectnet/human_annotated/validation_set/images/3777.jpg,2,sad,2.0,neutral,/gpfs0/bgu-vilenchi/users/sdolev/Thesis/VLMs/data/affectnet/human_annotated/validation_set/images/3777.jpg
1293,/gpfs0/bgu-vilenchi/users/sdolev/Thesis/VLMs/data/affectnet/human_annotated/validation_set/images/1293.jpg,2,sad,1.0,sad,/gpfs0/bgu-vilenchi/users/sdolev/Thesis/VLMs/data/affectnet/human_annotated/validation_set/images/1293.jpg
4780,/gpfs0/bgu-vilenchi/users/sdolev/Thesis/VLMs/data/affectnet/human_annotated/validation_set/images/4780.jpg,3,surprise,1.0,happy,/gpfs0/bgu-vilenchi/users/sdolev/Thesis/VLMs/data/affectnet/human_annotated/validation_set/images/4780.jpg
3235,/gpfs0/bgu-vilenchi/users/sdolev/Thesis/VLMs/data/affectnet/human_annotated/validation_set/images/3235.jpg,1,happy,0.0,happy,/gpfs0/bgu-vilenchi/users/sdolev/Thesis/VLMs/data/affectnet/human_annotated/validation_set/images/3235.jpg
3541,/gpfs0/bgu-vilenchi/users/sdolev/Thesis/VLMs/data/affectnet/human_annotated/validation_set/images/3541.jpg,5,disgust,2.0,neutral,/gpfs0/bgu-vilenchi/users/sdolev/Thesis/VLMs/data/affectnet/human_annotated/validation_set/images/3541.jpg
1696,/gpfs0/bgu-vilenchi/users/sdolev/Thesis/VLMs/data/affectnet/human_annotated/validation_set/images/1696.jpg,3,surprise,0.0,neutral,/gpfs0/bgu-vilenchi/users/sdolev/Thesis/VLMs/data/affectnet/human_annotated/validation_set/images/1696.jpg
864,/gpfs0/bgu-vilenchi/users/sdolev/Thesis/VLMs/data/affectnet/human_annotated/validation_set/images/864.jpg,6,angry,2.0,surprise,/gpfs0/bgu-vilenchi/users/sdolev/Thesis/VLMs/data/affectnet/human_annotated/validation_set/images/864.jpg
4197,/gpfs0/bgu-vilenchi/users/sdolev/Thesis/VLMs/data/affectnet/human_annotated/validation_set/images/4197.jpg,7,contempt,1.0,neutral,/gpfs0/bgu-vilenchi/users/sdolev/Thesis/VLMs/data/affectnet/human_annotated/validation_set/images/4197.jpg
2705,/gpfs0/bgu-vilenchi/users/sdolev/Thesis/VLMs/data/affectnet/human_annotated/validation_set/images/2705.jpg,7,contempt,1.0,happy,/gpfs0/bgu-vilenchi/users/sdolev/Thesis/VLMs/data/affectnet/human_annotated/validation_set/images/2705.jpg
4364,/gpfs0/bgu-vilenchi/users/sdolev/Thesis/VLMs/data/affectnet/human_annotated/validation_set/images/4364.jpg,3,surprise,2.0,neutral,/gpfs0/bgu-vilenchi/users/sdolev/Thesis/VLMs/data/affectnet/human_annotated/validation_set/images/4364.jpg
1183,/gpfs0/bgu-vilenchi/users/sdolev/Thesis/VLMs/data/affectnet/human_annotated/validation_set/images/1183.jpg,5,disgust,1.0,sad,/gpfs0/bgu-vilenchi/users/sdolev/Thesis/VLMs/data/affectnet/human_annotated/validation_set/images/1183.jpg
237,/gpfs0/bgu-vilenchi/users/sdolev/Thesis/VLMs/data/affectnet/human_annotated/validation_set/images/237.jpg,7,contempt,2.0,happy,/gpfs0/bgu-vilenchi/users/sdolev/Thesis/VLMs/data/affectnet/human_annotated/validation_set/images/237.jpg
3125,/gpfs0/bgu-vilenchi/users/sdolev/Thesis/VLMs/data/affectnet/human_annotated/validation_set/images/3125.jpg,4,fear,2.0,surprise,/gpfs0/bgu-vilenchi/users/sdolev/Thesis/VLMs/data/affectnet/human_annotated/validation_set/images/3125.jpg
4767,/gpfs0/bgu-vilenchi/users/sdolev/Thesis/VLMs/data/affectnet/human_annotated/validation_set/images/4767.jpg,5,disgust,1.0,neutral,/gpfs0/bgu-vilenchi/users/sdolev/Thesis/VLMs/data/affectnet/human_annotated/validation_set/images/4767.jpg
1586,/gpfs0/bgu-vilenchi/users/sdolev/Thesis/VLMs/data/affectnet/human_annotated/validation_set/images/1586.jpg,4,fear,0.0,surprise,/gpfs0/bgu-vilenchi/users/sdolev/Thesis/VLMs/data/affectnet/human_annotated/validation_set/images/1586.jpg
638,/gpfs0/bgu-vilenchi/users/sdolev/Thesis/VLMs/data/affectnet/human_annotated/validation_set/images/638.jpg,4,fear,0.0,surprise,/gpfs0/bgu-vilenchi/users/sdolev/Thesis/VLMs/data/affectnet/human_annotated/validation_set/images/638.jpg
3528,/gpfs0/bgu-vilenchi/users/sdolev/Thesis/VLMs/data/affectnet/human_annotated/validation_set/images/3528.jpg,3,surprise,0.0,surprise,/gpfs0/bgu-vilenchi/users/sdolev/Thesis/VLMs/data/affectnet/human_annotated/validation_set/images/3528.jpg
4531,/gpfs0/bgu-vilenchi/users/sdolev/Thesis/VLMs/data/affectnet/human_annotated/validation_set/images/4531.jpg,3,surprise,2.0,surprise,/gpfs0/bgu-vilenchi/users/sdolev/Thesis/VLMs/data/affectnet/human_annotated/validation_set/images/4531.jpg
3834,/gpfs0/bgu-vilenchi/users/sdolev/Thesis/VLMs/data/affectnet/human_annotated/validation_set/images/3834.jpg,3,surprise,2.0,happy,/gpfs0/bgu-vilenchi/users/sdolev/Thesis/VLMs/data/affectnet/human_annotated/validation_set/images/3834.jpg
1350,/gpfs0/bgu-vilenchi/users/sdolev/Thesis/VLMs/data/affectnet/human_annotated/validation_set/images/1350.jpg,2,sad,2.0,neutral,/gpfs0/bgu-vilenchi/users/sdolev/Thesis/VLMs/data/affectnet/human_annotated/validation_set/images/1350.jpg
1989,/gpfs0/bgu-vilenchi/users/sdolev/Thesis/VLMs/data/affectnet/human_annotated/validation_set/images/1989.jpg,1,happy,0.0,happy,/gpfs0/bgu-vilenchi/users/sdolev/Thesis/VLMs/data/affectnet/human_annotated/validation_set/images/1989.jpg
2992,/gpfs0/bgu-vilenchi/users/sdolev/Thesis/VLMs/data/affectnet/human_annotated/validation_set/images/2992.jpg,5,disgust,1.0,neutral,/gpfs0/bgu-vilenchi/users/sdolev/Thesis/VLMs/data/affectnet/human_annotated/validation_set/images/2992.jpg
4087,/gpfs0/bgu-vilenchi/users/sdolev/Thesis/VLMs/data/affectnet/human_annotated/validation_set/images/4087.jpg,0,neutral,0.0,neutral,/gpfs0/bgu-vilenchi/users/sdolev/Thesis/VLMs/data/affectnet/human_annotated/validation_set/images/4087.jpg
4934,/gpfs0/bgu-vilenchi/users/sdolev/Thesis/VLMs/data/affectnet/human_annotated/validation_set/images/4934.jpg,0,neutral,0.0,neutral,/gpfs0/bgu-vilenchi/users/sdolev/Thesis/VLMs/data/affectnet/human_annotated/validation_set/images/4934.jpg
4254,/gpfs0/bgu-vilenchi/users/sdolev/Thesis/VLMs/data/affectnet/human_annotated/validation_set/images/4254.jpg,0,neutral,0.0,neutral,/gpfs0/bgu-vilenchi/users/sdolev/Thesis/VLMs/data/affectnet/human_annotated/validation_set/images/4254.jpg
1073,/gpfs0/bgu-vilenchi/users/sdolev/Thesis/VLMs/data/affectnet/human_annotated/validation_set/images/1073.jpg,7,contempt,1.0,happy,/gpfs0/bgu-vilenchi/users/sdolev/Thesis/VLMs/data/affectnet/human_annotated/validation_set/images/1073.jpg
148,/gpfs0/bgu-vilenchi/users/sdolev/Thesis/VLMs/data/affectnet/human_annotated/validation_set/images/148.jpg,5,disgust,1.0,surprise,/gpfs0/bgu-vilenchi/users/sdolev/Thesis/VLMs/data/affectnet/human_annotated/validation_set/images/148.jpg
3015,/gpfs0/bgu-vilenchi/users/sdolev/Thesis/VLMs/data/affectnet/human_annotated/validation_set/images/3015.jpg,5,disgust,0.0,surprise,/gpfs0/bgu-vilenchi/users/sdolev/Thesis/VLMs/data/affectnet/human_annotated/validation_set/images/3015.jpg
549,/gpfs0/bgu-vilenchi/users/sdolev/Thesis/VLMs/data/affectnet/human_annotated/validation_set/images/549.jpg,6,angry,1.0,neutral,/gpfs0/bgu-vilenchi/users/sdolev/Thesis/VLMs/data/affectnet/human_annotated/validation_set/images/549.jpg
1476,/gpfs0/bgu-vilenchi/users/sdolev/Thesis/VLMs/data/affectnet/human_annotated/validation_set/images/1476.jpg,6,angry,2.0,surprise,/gpfs0/bgu-vilenchi/users/sdolev/Thesis/VLMs/data/affectnet/human_annotated/validation_set/images/1476.jpg
4421,/gpfs0/bgu-vilenchi/users/sdolev/Thesis/VLMs/data/affectnet/human_annotated/validation_set/images/4421.jpg,7,contempt,1.0,neutral,/gpfs0/bgu-vilenchi/users/sdolev/Thesis/VLMs/data/affectnet/human_annotated/validation_set/images/4421.jpg
1879,/gpfs0/bgu-vilenchi/users/sdolev/Thesis/VLMs/data/affectnet/human_annotated/validation_set/images/1879.jpg,1,happy,0.0,happy,/gpfs0/bgu-vilenchi/users/sdolev/Thesis/VLMs/data/affectnet/human_annotated/validation_set/images/1879.jpg
2882,/gpfs0/bgu-vilenchi/users/sdolev/Thesis/VLMs/data/affectnet/human_annotated/validation_set/images/2882.jpg,5,disgust,1.0,happy,/gpfs0/bgu-vilenchi/users/sdolev/Thesis/VLMs/data/affectnet/human_annotated/validation_set/images/2882.jpg
1643,/gpfs0/bgu-vilenchi/users/sdolev/Thesis/VLMs/data/affectnet/human_annotated/validation_set/images/1643.jpg,0,neutral,0.0,neutral,/gpfs0/bgu-vilenchi/users/sdolev/Thesis/VLMs/data/affectnet/human_annotated/validation_set/images/1643.jpg
5077,/gpfs0/bgu-vilenchi/users/sdolev/Thesis/VLMs/data/affectnet/human_annotated/validation_set/images/5077.jpg,4,fear,0.0,surprise,/gpfs0/bgu-vilenchi/users/sdolev/Thesis/VLMs/data/affectnet/human_annotated/validation_set/images/5077.jpg
5383,/gpfs0/bgu-vilenchi/users/sdolev/Thesis/VLMs/data/affectnet/human_annotated/validation_set/images/5383.jpg,4,fear,2.0,neutral,/gpfs0/bgu-vilenchi/users/sdolev/Thesis/VLMs/data/affectnet/human_annotated/validation_set/images/5383.jpg
162,/gpfs0/bgu-vilenchi/users/sdolev/Thesis/VLMs/data/affectnet/human_annotated/validation_set/images/162.jpg,4,fear,0.0,surprise,/gpfs0/bgu-vilenchi/users/sdolev/Thesis/VLMs/data/affectnet/human_annotated/validation_set/images/162.jpg
4144,/gpfs0/bgu-vilenchi/users/sdolev/Thesis/VLMs/data/affectnet/human_annotated/validation_set/images/4144.jpg,7,contempt,2.0,neutral,/gpfs0/bgu-vilenchi/users/sdolev/Thesis/VLMs/data/affectnet/human_annotated/validation_set/images/4144.jpg
2299,/gpfs0/bgu-vilenchi/users/sdolev/Thesis/VLMs/data/affectnet/human_annotated/validation_set/images/2299.jpg,2,sad,0.0,neutral,/gpfs0/bgu-vilenchi/users/sdolev/Thesis/VLMs/data/affectnet/human_annotated/validation_set/images/2299.jpg
563,/gpfs0/bgu-vilenchi/users/sdolev/Thesis/VLMs/data/affectnet/human_annotated/validation_set/images/563.jpg,3,surprise,2.0,surprise,/gpfs0/bgu-vilenchi/users/sdolev/Thesis/VLMs/data/affectnet/human_annotated/validation_set/images/563.jpg
4547,/gpfs0/bgu-vilenchi/users/sdolev/Thesis/VLMs/data/affectnet/human_annotated/validation_set/images/4547.jpg,4,fear,1.0,neutral,/gpfs0/bgu-vilenchi/users/sdolev/Thesis/VLMs/data/affectnet/human_annotated/validation_set/images/4547.jpg
2063,/gpfs0/bgu-vilenchi/users/sdolev/Thesis/VLMs/data/affectnet/human_annotated/validation_set/images/2063.jpg,4,fear,2.0,neutral,/gpfs0/bgu-vilenchi/users/sdolev/Thesis/VLMs/data/affectnet/human_annotated/validation_set/images/2063.jpg
1366,/gpfs0/bgu-vilenchi/users/sdolev/Thesis/VLMs/data/affectnet/human_annotated/validation_set/images/1366.jpg,6,angry,2.0,neutral,/gpfs0/bgu-vilenchi/users/sdolev/Thesis/VLMs/data/affectnet/human_annotated/validation_set/images/1366.jpg
4005,/gpfs0/bgu-vilenchi/users/sdolev/Thesis/VLMs/data/affectnet/human_annotated/validation_set/images/4005.jpg,0,neutral,0.0,happy,/gpfs0/bgu-vilenchi/users/sdolev/Thesis/VLMs/data/affectnet/human_annotated/validation_set/images/4005.jpg
2466,/gpfs0/bgu-vilenchi/users/sdolev/Thesis/VLMs/data/affectnet/human_annotated/validation_set/images/2466.jpg,3,surprise,2.0,happy,/gpfs0/bgu-vilenchi/users/sdolev/Thesis/VLMs/data/affectnet/human_annotated/validation_set/images/2466.jpg
1130,/gpfs0/bgu-vilenchi/users/sdolev/Thesis/VLMs/data/affectnet/human_annotated/validation_set/images/1130.jpg,5,disgust,2.0,sad,/gpfs0/bgu-vilenchi/users/sdolev/Thesis/VLMs/data/affectnet/human_annotated/validation_set/images/1130.jpg
4714,/gpfs0/bgu-vilenchi/users/sdolev/Thesis/VLMs/data/affectnet/human_annotated/validation_set/images/4714.jpg,3,surprise,1.0,neutral,/gpfs0/bgu-vilenchi/users/sdolev/Thesis/VLMs/data/affectnet/human_annotated/validation_set/images/4714.jpg
2869,/gpfs0/bgu-vilenchi/users/sdolev/Thesis/VLMs/data/affectnet/human_annotated/validation_set/images/2869.jpg,5,disgust,1.0,neutral,/gpfs0/bgu-vilenchi/users/sdolev/Thesis/VLMs/data/affectnet/human_annotated/validation_set/images/2869.jpg
1533,/gpfs0/bgu-vilenchi/users/sdolev/Thesis/VLMs/data/affectnet/human_annotated/validation_set/images/1533.jpg,2,sad,1.0,sad,/gpfs0/bgu-vilenchi/users/sdolev/Thesis/VLMs/data/affectnet/human_annotated/validation_set/images/1533.jpg
1936,/gpfs0/bgu-vilenchi/users/sdolev/Thesis/VLMs/data/affectnet/human_annotated/validation_set/images/1936.jpg,0,neutral,0.0,neutral,/gpfs0/bgu-vilenchi/users/sdolev/Thesis/VLMs/data/affectnet/human_annotated/validation_set/images/1936.jpg
474,/gpfs0/bgu-vilenchi/users/sdolev/Thesis/VLMs/data/affectnet/human_annotated/validation_set/images/474.jpg,5,disgust,2.0,neutral,/gpfs0/bgu-vilenchi/users/sdolev/Thesis/VLMs/data/affectnet/human_annotated/validation_set/images/474.jpg
2189,/gpfs0/bgu-vilenchi/users/sdolev/Thesis/VLMs/data/affectnet/human_annotated/validation_set/images/2189.jpg,3,surprise,1.0,neutral,/gpfs0/bgu-vilenchi/users/sdolev/Thesis/VLMs/data/affectnet/human_annotated/validation_set/images/2189.jpg
3192,/gpfs0/bgu-vilenchi/users/sdolev/Thesis/VLMs/data/affectnet/human_annotated/validation_set/images/3192.jpg,6,angry,1.0,neutral,/gpfs0/bgu-vilenchi/users/sdolev/Thesis/VLMs/data/affectnet/human_annotated/validation_set/images/3192.jpg
1700,/gpfs0/bgu-vilenchi/users/sdolev/Thesis/VLMs/data/affectnet/human_annotated/validation_set/images/1700.jpg,1,happy,0.0,happy,/gpfs0/bgu-vilenchi/users/sdolev/Thesis/VLMs/data/affectnet/human_annotated/validation_set/images/1700.jpg
5134,/gpfs0/bgu-vilenchi/users/sdolev/Thesis/VLMs/data/affectnet/human_annotated/validation_set/images/5134.jpg,0,neutral,0.0,happy,/gpfs0/bgu-vilenchi/users/sdolev/Thesis/VLMs/data/affectnet/human_annotated/validation_set/images/5134.jpg
5440,/gpfs0/bgu-vilenchi/users/sdolev/Thesis/VLMs/data/affectnet/human_annotated/validation_set/images/5440.jpg,1,happy,1.0,happy,/gpfs0/bgu-vilenchi/users/sdolev/Thesis/VLMs/data/affectnet/human_annotated/validation_set/images/5440.jpg
3595,/gpfs0/bgu-vilenchi/users/sdolev/Thesis/VLMs/data/affectnet/human_annotated/validation_set/images/3595.jpg,3,surprise,1.0,surprise,/gpfs0/bgu-vilenchi/users/sdolev/Thesis/VLMs/data/affectnet/human_annotated/validation_set/images/3595.jpg
2356,/gpfs0/bgu-vilenchi/users/sdolev/Thesis/VLMs/data/affectnet/human_annotated/validation_set/images/2356.jpg,4,fear,0.0,surprise,/gpfs0/bgu-vilenchi/users/sdolev/Thesis/VLMs/data/affectnet/human_annotated/validation_set/images/2356.jpg
3998,/gpfs0/bgu-vilenchi/users/sdolev/Thesis/VLMs/data/affectnet/human_annotated/validation_set/images/3998.jpg,7,contempt,1.0,neutral,/gpfs0/bgu-vilenchi/users/sdolev/Thesis/VLMs/data/affectnet/human_annotated/validation_set/images/3998.jpg
5301,/gpfs0/bgu-vilenchi/users/sdolev/Thesis/VLMs/data/affectnet/human_annotated/validation_set/images/5301.jpg,2,sad,1.0,sad,/gpfs0/bgu-vilenchi/users/sdolev/Thesis/VLMs/data/affectnet/human_annotated/validation_set/images/5301.jpg
1117,/gpfs0/bgu-vilenchi/users/sdolev/Thesis/VLMs/data/affectnet/human_annotated/validation_set/images/1117.jpg,6,angry,0.0,neutral,/gpfs0/bgu-vilenchi/users/sdolev/Thesis/VLMs/data/affectnet/human_annotated/validation_set/images/1117.jpg
2120,/gpfs0/bgu-vilenchi/users/sdolev/Thesis/VLMs/data/affectnet/human_annotated/validation_set/images/2120.jpg,5,disgust,1.0,happy,/gpfs0/bgu-vilenchi/users/sdolev/Thesis/VLMs/data/affectnet/human_annotated/validation_set/images/2120.jpg
2759,/gpfs0/bgu-vilenchi/users/sdolev/Thesis/VLMs/data/affectnet/human_annotated/validation_set/images/2759.jpg,6,angry,0.0,angry,/gpfs0/bgu-vilenchi/users/sdolev/Thesis/VLMs/data/affectnet/human_annotated/validation_set/images/2759.jpg
3762,/gpfs0/bgu-vilenchi/users/sdolev/Thesis/VLMs/data/affectnet/human_annotated/validation_set/images/3762.jpg,5,disgust,0.0,neutral,/gpfs0/bgu-vilenchi/users/sdolev/Thesis/VLMs/data/affectnet/human_annotated/validation_set/images/3762.jpg
2523,/gpfs0/bgu-vilenchi/users/sdolev/Thesis/VLMs/data/affectnet/human_annotated/validation_set/images/2523.jpg,3,surprise,0.0,surprise,/gpfs0/bgu-vilenchi/users/sdolev/Thesis/VLMs/data/affectnet/human_annotated/validation_set/images/2523.jpg
385,/gpfs0/bgu-vilenchi/users/sdolev/Thesis/VLMs/data/affectnet/human_annotated/validation_set/images/385.jpg,4,fear,0.0,surprise,/gpfs0/bgu-vilenchi/users/sdolev/Thesis/VLMs/data/affectnet/human_annotated/validation_set/images/385.jpg
786,/gpfs0/bgu-vilenchi/users/sdolev/Thesis/VLMs/data/affectnet/human_annotated/validation_set/images/786.jpg,5,disgust,1.0,sad,/gpfs0/bgu-vilenchi/users/sdolev/Thesis/VLMs/data/affectnet/human_annotated/validation_set/images/786.jpg
3082,/gpfs0/bgu-vilenchi/users/sdolev/Thesis/VLMs/data/affectnet/human_annotated/validation_set/images/3082.jpg,1,happy,1.0,neutral,/gpfs0/bgu-vilenchi/users/sdolev/Thesis/VLMs/data/affectnet/human_annotated/validation_set/images/3082.jpg
5024,/gpfs0/bgu-vilenchi/users/sdolev/Thesis/VLMs/data/affectnet/human_annotated/validation_set/images/5024.jpg,5,disgust,0.0,surprise,/gpfs0/bgu-vilenchi/users/sdolev/Thesis/VLMs/data/affectnet/human_annotated/validation_set/images/5024.jpg
921,/gpfs0/bgu-vilenchi/users/sdolev/Thesis/VLMs/data/affectnet/human_annotated/validation_set/images/921.jpg,6,angry,2.0,neutral,/gpfs0/bgu-vilenchi/users/sdolev/Thesis/VLMs/data/affectnet/human_annotated/validation_set/images/921.jpg
3485,/gpfs0/bgu-vilenchi/users/sdolev/Thesis/VLMs/data/affectnet/human_annotated/validation_set/images/3485.jpg,1,happy,0.0,happy,/gpfs0/bgu-vilenchi/users/sdolev/Thesis/VLMs/data/affectnet/human_annotated/validation_set/images/3485.jpg
5427,/gpfs0/bgu-vilenchi/users/sdolev/Thesis/VLMs/data/affectnet/human_annotated/validation_set/images/5427.jpg,3,surprise,1.0,surprise,/gpfs0/bgu-vilenchi/users/sdolev/Thesis/VLMs/data/affectnet/human_annotated/validation_set/images/5427.jpg
2246,/gpfs0/bgu-vilenchi/users/sdolev/Thesis/VLMs/data/affectnet/human_annotated/validation_set/images/2246.jpg,6,angry,0.0,neutral,/gpfs0/bgu-vilenchi/users/sdolev/Thesis/VLMs/data/affectnet/human_annotated/validation_set/images/2246.jpg
3888,/gpfs0/bgu-vilenchi/users/sdolev/Thesis/VLMs/data/affectnet/human_annotated/validation_set/images/3888.jpg,4,fear,1.0,surprise,/gpfs0/bgu-vilenchi/users/sdolev/Thesis/VLMs/data/affectnet/human_annotated/validation_set/images/3888.jpg
1007,/gpfs0/bgu-vilenchi/users/sdolev/Thesis/VLMs/data/affectnet/human_annotated/validation_set/images/1007.jpg,2,sad,2.0,neutral,/gpfs0/bgu-vilenchi/users/sdolev/Thesis/VLMs/data/affectnet/human_annotated/validation_set/images/1007.jpg
2010,/gpfs0/bgu-vilenchi/users/sdolev/Thesis/VLMs/data/affectnet/human_annotated/validation_set/images/2010.jpg,3,surprise,2.0,neutral,/gpfs0/bgu-vilenchi/users/sdolev/Thesis/VLMs/data/affectnet/human_annotated/validation_set/images/2010.jpg
3652,/gpfs0/bgu-vilenchi/users/sdolev/Thesis/VLMs/data/affectnet/human_annotated/validation_set/images/3652.jpg,1,happy,0.0,happy,/gpfs0/bgu-vilenchi/users/sdolev/Thesis/VLMs/data/affectnet/human_annotated/validation_set/images/3652.jpg
697,/gpfs0/bgu-vilenchi/users/sdolev/Thesis/VLMs/data/affectnet/human_annotated/validation_set/images/697.jpg,4,fear,2.0,neutral,/gpfs0/bgu-vilenchi/users/sdolev/Thesis/VLMs/data/affectnet/human_annotated/validation_set/images/697.jpg
3375,/gpfs0/bgu-vilenchi/users/sdolev/Thesis/VLMs/data/affectnet/human_annotated/validation_set/images/3375.jpg,3,surprise,1.0,surprise,/gpfs0/bgu-vilenchi/users/sdolev/Thesis/VLMs/data/affectnet/human_annotated/validation_set/images/3375.jpg
2136,/gpfs0/bgu-vilenchi/users/sdolev/Thesis/VLMs/data/affectnet/human_annotated/validation_set/images/2136.jpg,2,sad,2.0,sad,/gpfs0/bgu-vilenchi/users/sdolev/Thesis/VLMs/data/affectnet/human_annotated/validation_set/images/2136.jpg
1294,/gpfs0/bgu-vilenchi/users/sdolev/Thesis/VLMs/data/affectnet/human_annotated/validation_set/images/1294.jpg,4,fear,1.0,surprise,/gpfs0/bgu-vilenchi/users/sdolev/Thesis/VLMs/data/affectnet/human_annotated/validation_set/images/1294.jpg
3236,/gpfs0/bgu-vilenchi/users/sdolev/Thesis/VLMs/data/affectnet/human_annotated/validation_set/images/3236.jpg,3,surprise,1.0,surprise,/gpfs0/bgu-vilenchi/users/sdolev/Thesis/VLMs/data/affectnet/human_annotated/validation_set/images/3236.jpg
3542,/gpfs0/bgu-vilenchi/users/sdolev/Thesis/VLMs/data/affectnet/human_annotated/validation_set/images/3542.jpg,4,fear,1.0,surprise,/gpfs0/bgu-vilenchi/users/sdolev/Thesis/VLMs/data/affectnet/human_annotated/validation_set/images/3542.jpg
3639,/gpfs0/bgu-vilenchi/users/sdolev/Thesis/VLMs/data/affectnet/human_annotated/validation_set/images/3639.jpg,0,neutral,2.0,neutral,/gpfs0/bgu-vilenchi/users/sdolev/Thesis/VLMs/data/affectnet/human_annotated/validation_set/images/3639.jpg
205,/gpfs0/bgu-vilenchi/users/sdolev/Thesis/VLMs/data/affectnet/human_annotated/validation_set/images/205.jpg,4,fear,0.0,surprise,/gpfs0/bgu-vilenchi/users/sdolev/Thesis/VLMs/data/affectnet/human_annotated/validation_set/images/205.jpg
4198,/gpfs0/bgu-vilenchi/users/sdolev/Thesis/VLMs/data/affectnet/human_annotated/validation_set/images/4198.jpg,2,sad,1.0,neutral,/gpfs0/bgu-vilenchi/users/sdolev/Thesis/VLMs/data/affectnet/human_annotated/validation_set/images/4198.jpg
606,/gpfs0/bgu-vilenchi/users/sdolev/Thesis/VLMs/data/affectnet/human_annotated/validation_set/images/606.jpg,4,fear,2.0,surprise,/gpfs0/bgu-vilenchi/users/sdolev/Thesis/VLMs/data/affectnet/human_annotated/validation_set/images/606.jpg
2706,/gpfs0/bgu-vilenchi/users/sdolev/Thesis/VLMs/data/affectnet/human_annotated/validation_set/images/2706.jpg,4,fear,0.0,surprise,/gpfs0/bgu-vilenchi/users/sdolev/Thesis/VLMs/data/affectnet/human_annotated/validation_set/images/2706.jpg
4365,/gpfs0/bgu-vilenchi/users/sdolev/Thesis/VLMs/data/affectnet/human_annotated/validation_set/images/4365.jpg,1,happy,0.0,happy,/gpfs0/bgu-vilenchi/users/sdolev/Thesis/VLMs/data/affectnet/human_annotated/validation_set/images/4365.jpg
1184,/gpfs0/bgu-vilenchi/users/sdolev/Thesis/VLMs/data/affectnet/human_annotated/validation_set/images/1184.jpg,3,surprise,2.0,happy,/gpfs0/bgu-vilenchi/users/sdolev/Thesis/VLMs/data/affectnet/human_annotated/validation_set/images/1184.jpg
4671,/gpfs0/bgu-vilenchi/users/sdolev/Thesis/VLMs/data/affectnet/human_annotated/validation_set/images/4671.jpg,1,happy,0.0,happy,/gpfs0/bgu-vilenchi/users/sdolev/Thesis/VLMs/data/affectnet/human_annotated/validation_set/images/4671.jpg
3126,/gpfs0/bgu-vilenchi/users/sdolev/Thesis/VLMs/data/affectnet/human_annotated/validation_set/images/3126.jpg,5,disgust,2.0,neutral,/gpfs0/bgu-vilenchi/users/sdolev/Thesis/VLMs/data/affectnet/human_annotated/validation_set/images/3126.jpg
4768,/gpfs0/bgu-vilenchi/users/sdolev/Thesis/VLMs/data/affectnet/human_annotated/validation_set/images/4768.jpg,0,neutral,0.0,neutral,/gpfs0/bgu-vilenchi/users/sdolev/Thesis/VLMs/data/affectnet/human_annotated/validation_set/images/4768.jpg
1587,/gpfs0/bgu-vilenchi/users/sdolev/Thesis/VLMs/data/affectnet/human_annotated/validation_set/images/1587.jpg,0,neutral,0.0,neutral,/gpfs0/bgu-vilenchi/users/sdolev/Thesis/VLMs/data/affectnet/human_annotated/validation_set/images/1587.jpg
2590,/gpfs0/bgu-vilenchi/users/sdolev/Thesis/VLMs/data/affectnet/human_annotated/validation_set/images/2590.jpg,5,disgust,1.0,sad,/gpfs0/bgu-vilenchi/users/sdolev/Thesis/VLMs/data/affectnet/human_annotated/validation_set/images/2590.jpg
1893,/gpfs0/bgu-vilenchi/users/sdolev/Thesis/VLMs/data/affectnet/human_annotated/validation_set/images/1893.jpg,2,sad,0.0,happy,/gpfs0/bgu-vilenchi/users/sdolev/Thesis/VLMs/data/affectnet/human_annotated/validation_set/images/1893.jpg
3529,/gpfs0/bgu-vilenchi/users/sdolev/Thesis/VLMs/data/affectnet/human_annotated/validation_set/images/3529.jpg,0,neutral,0.0,neutral,/gpfs0/bgu-vilenchi/users/sdolev/Thesis/VLMs/data/affectnet/human_annotated/validation_set/images/3529.jpg
4532,/gpfs0/bgu-vilenchi/users/sdolev/Thesis/VLMs/data/affectnet/human_annotated/validation_set/images/4532.jpg,1,happy,0.0,happy,/gpfs0/bgu-vilenchi/users/sdolev/Thesis/VLMs/data/affectnet/human_annotated/validation_set/images/4532.jpg
1351,/gpfs0/bgu-vilenchi/users/sdolev/Thesis/VLMs/data/affectnet/human_annotated/validation_set/images/1351.jpg,4,fear,1.0,surprise,/gpfs0/bgu-vilenchi/users/sdolev/Thesis/VLMs/data/affectnet/human_annotated/validation_set/images/1351.jpg
620,/gpfs0/bgu-vilenchi/users/sdolev/Thesis/VLMs/data/affectnet/human_annotated/validation_set/images/620.jpg,1,happy,0.0,happy,/gpfs0/bgu-vilenchi/users/sdolev/Thesis/VLMs/data/affectnet/human_annotated/validation_set/images/620.jpg
2993,/gpfs0/bgu-vilenchi/users/sdolev/Thesis/VLMs/data/affectnet/human_annotated/validation_set/images/2993.jpg,5,disgust,2.0,neutral,/gpfs0/bgu-vilenchi/users/sdolev/Thesis/VLMs/data/affectnet/human_annotated/validation_set/images/2993.jpg
517,/gpfs0/bgu-vilenchi/users/sdolev/Thesis/VLMs/data/affectnet/human_annotated/validation_set/images/517.jpg,1,happy,0.0,happy,/gpfs0/bgu-vilenchi/users/sdolev/Thesis/VLMs/data/affectnet/human_annotated/validation_set/images/517.jpg
4088,/gpfs0/bgu-vilenchi/users/sdolev/Thesis/VLMs/data/affectnet/human_annotated/validation_set/images/4088.jpg,4,fear,0.0,surprise,/gpfs0/bgu-vilenchi/users/sdolev/Thesis/VLMs/data/affectnet/human_annotated/validation_set/images/4088.jpg
918,/gpfs0/bgu-vilenchi/users/sdolev/Thesis/VLMs/data/affectnet/human_annotated/validation_set/images/918.jpg,7,contempt,0.0,neutral,/gpfs0/bgu-vilenchi/users/sdolev/Thesis/VLMs/data/affectnet/human_annotated/validation_set/images/918.jpg
1754,/gpfs0/bgu-vilenchi/users/sdolev/Thesis/VLMs/data/affectnet/human_annotated/validation_set/images/1754.jpg,7,contempt,1.0,happy,/gpfs0/bgu-vilenchi/users/sdolev/Thesis/VLMs/data/affectnet/human_annotated/validation_set/images/1754.jpg
5494,/gpfs0/bgu-vilenchi/users/sdolev/Thesis/VLMs/data/affectnet/human_annotated/validation_set/images/5494.jpg,3,surprise,2.0,neutral,/gpfs0/bgu-vilenchi/users/sdolev/Thesis/VLMs/data/affectnet/human_annotated/validation_set/images/5494.jpg
1074,/gpfs0/bgu-vilenchi/users/sdolev/Thesis/VLMs/data/affectnet/human_annotated/validation_set/images/1074.jpg,2,sad,2.0,surprise,/gpfs0/bgu-vilenchi/users/sdolev/Thesis/VLMs/data/affectnet/human_annotated/validation_set/images/1074.jpg
4658,/gpfs0/bgu-vilenchi/users/sdolev/Thesis/VLMs/data/affectnet/human_annotated/validation_set/images/4658.jpg,7,contempt,1.0,happy,/gpfs0/bgu-vilenchi/users/sdolev/Thesis/VLMs/data/affectnet/human_annotated/validation_set/images/4658.jpg
130,/gpfs0/bgu-vilenchi/users/sdolev/Thesis/VLMs/data/affectnet/human_annotated/validation_set/images/130.jpg,2,sad,2.0,neutral,/gpfs0/bgu-vilenchi/users/sdolev/Thesis/VLMs/data/affectnet/human_annotated/validation_set/images/130.jpg
2480,/gpfs0/bgu-vilenchi/users/sdolev/Thesis/VLMs/data/affectnet/human_annotated/validation_set/images/2480.jpg,4,fear,0.0,surprise,/gpfs0/bgu-vilenchi/users/sdolev/Thesis/VLMs/data/affectnet/human_annotated/validation_set/images/2480.jpg
4422,/gpfs0/bgu-vilenchi/users/sdolev/Thesis/VLMs/data/affectnet/human_annotated/validation_set/images/4422.jpg,6,angry,1.0,angry,/gpfs0/bgu-vilenchi/users/sdolev/Thesis/VLMs/data/affectnet/human_annotated/validation_set/images/4422.jpg
428,/gpfs0/bgu-vilenchi/users/sdolev/Thesis/VLMs/data/affectnet/human_annotated/validation_set/images/428.jpg,0,neutral,0.0,angry,/gpfs0/bgu-vilenchi/users/sdolev/Thesis/VLMs/data/affectnet/human_annotated/validation_set/images/428.jpg
1241,/gpfs0/bgu-vilenchi/users/sdolev/Thesis/VLMs/data/affectnet/human_annotated/validation_set/images/1241.jpg,5,disgust,0.0,happy,/gpfs0/bgu-vilenchi/users/sdolev/Thesis/VLMs/data/affectnet/human_annotated/validation_set/images/1241.jpg
4825,/gpfs0/bgu-vilenchi/users/sdolev/Thesis/VLMs/data/affectnet/human_annotated/validation_set/images/4825.jpg,5,disgust,1.0,surprise,/gpfs0/bgu-vilenchi/users/sdolev/Thesis/VLMs/data/affectnet/human_annotated/validation_set/images/4825.jpg
1644,/gpfs0/bgu-vilenchi/users/sdolev/Thesis/VLMs/data/affectnet/human_annotated/validation_set/images/1644.jpg,1,happy,0.0,happy,/gpfs0/bgu-vilenchi/users/sdolev/Thesis/VLMs/data/affectnet/human_annotated/validation_set/images/1644.jpg
5384,/gpfs0/bgu-vilenchi/users/sdolev/Thesis/VLMs/data/affectnet/human_annotated/validation_set/images/5384.jpg,6,angry,1.0,surprise,/gpfs0/bgu-vilenchi/users/sdolev/Thesis/VLMs/data/affectnet/human_annotated/validation_set/images/5384.jpg
4145,/gpfs0/bgu-vilenchi/users/sdolev/Thesis/VLMs/data/affectnet/human_annotated/validation_set/images/4145.jpg,2,sad,0.0,sad,/gpfs0/bgu-vilenchi/users/sdolev/Thesis/VLMs/data/affectnet/human_annotated/validation_set/images/4145.jpg
9,/gpfs0/bgu-vilenchi/users/sdolev/Thesis/VLMs/data/affectnet/human_annotated/validation_set/images/9.jpg,0,neutral,2.0,neutral,/gpfs0/bgu-vilenchi/users/sdolev/Thesis/VLMs/data/affectnet/human_annotated/validation_set/images/9.jpg
5245,/gpfs0/bgu-vilenchi/users/sdolev/Thesis/VLMs/data/affectnet/human_annotated/validation_set/images/5245.jpg,1,happy,0.0,happy,/gpfs0/bgu-vilenchi/users/sdolev/Thesis/VLMs/data/affectnet/human_annotated/validation_set/images/5245.jpg
4548,/gpfs0/bgu-vilenchi/users/sdolev/Thesis/VLMs/data/affectnet/human_annotated/validation_set/images/4548.jpg,5,disgust,1.0,disgust,/gpfs0/bgu-vilenchi/users/sdolev/Thesis/VLMs/data/affectnet/human_annotated/validation_set/images/4548.jpg
2064,/gpfs0/bgu-vilenchi/users/sdolev/Thesis/VLMs/data/affectnet/human_annotated/validation_set/images/2064.jpg,1,happy,0.0,happy,/gpfs0/bgu-vilenchi/users/sdolev/Thesis/VLMs/data/affectnet/human_annotated/validation_set/images/2064.jpg
1367,/gpfs0/bgu-vilenchi/users/sdolev/Thesis/VLMs/data/affectnet/human_annotated/validation_set/images/1367.jpg,6,angry,1.0,neutral,/gpfs0/bgu-vilenchi/users/sdolev/Thesis/VLMs/data/affectnet/human_annotated/validation_set/images/1367.jpg
2370,/gpfs0/bgu-vilenchi/users/sdolev/Thesis/VLMs/data/affectnet/human_annotated/validation_set/images/2370.jpg,1,happy,0.0,happy,/gpfs0/bgu-vilenchi/users/sdolev/Thesis/VLMs/data/affectnet/human_annotated/validation_set/images/2370.jpg
442,/gpfs0/bgu-vilenchi/users/sdolev/Thesis/VLMs/data/affectnet/human_annotated/validation_set/images/442.jpg,0,neutral,0.0,neutral,/gpfs0/bgu-vilenchi/users/sdolev/Thesis/VLMs/data/affectnet/human_annotated/validation_set/images/442.jpg
4312,/gpfs0/bgu-vilenchi/users/sdolev/Thesis/VLMs/data/affectnet/human_annotated/validation_set/images/4312.jpg,2,sad,1.0,surprise,/gpfs0/bgu-vilenchi/users/sdolev/Thesis/VLMs/data/affectnet/human_annotated/validation_set/images/4312.jpg
2467,/gpfs0/bgu-vilenchi/users/sdolev/Thesis/VLMs/data/affectnet/human_annotated/validation_set/images/2467.jpg,4,fear,0.0,surprise,/gpfs0/bgu-vilenchi/users/sdolev/Thesis/VLMs/data/affectnet/human_annotated/validation_set/images/2467.jpg
1131,/gpfs0/bgu-vilenchi/users/sdolev/Thesis/VLMs/data/affectnet/human_annotated/validation_set/images/1131.jpg,7,contempt,2.0,happy,/gpfs0/bgu-vilenchi/users/sdolev/Thesis/VLMs/data/affectnet/human_annotated/validation_set/images/1131.jpg
2773,/gpfs0/bgu-vilenchi/users/sdolev/Thesis/VLMs/data/affectnet/human_annotated/validation_set/images/2773.jpg,5,disgust,1.0,anger,/gpfs0/bgu-vilenchi/users/sdolev/Thesis/VLMs/data/affectnet/human_annotated/validation_set/images/2773.jpg
1228,/gpfs0/bgu-vilenchi/users/sdolev/Thesis/VLMs/data/affectnet/human_annotated/validation_set/images/1228.jpg,7,contempt,1.0,neutral,/gpfs0/bgu-vilenchi/users/sdolev/Thesis/VLMs/data/affectnet/human_annotated/validation_set/images/1228.jpg
4715,/gpfs0/bgu-vilenchi/users/sdolev/Thesis/VLMs/data/affectnet/human_annotated/validation_set/images/4715.jpg,2,sad,1.0,neutral,/gpfs0/bgu-vilenchi/users/sdolev/Thesis/VLMs/data/affectnet/human_annotated/validation_set/images/4715.jpg
1534,/gpfs0/bgu-vilenchi/users/sdolev/Thesis/VLMs/data/affectnet/human_annotated/validation_set/images/1534.jpg,5,disgust,2.0,neutral,/gpfs0/bgu-vilenchi/users/sdolev/Thesis/VLMs/data/affectnet/human_annotated/validation_set/images/1534.jpg
1937,/gpfs0/bgu-vilenchi/users/sdolev/Thesis/VLMs/data/affectnet/human_annotated/validation_set/images/1937.jpg,2,sad,1.0,neutral,/gpfs0/bgu-vilenchi/users/sdolev/Thesis/VLMs/data/affectnet/human_annotated/validation_set/images/1937.jpg
2940,/gpfs0/bgu-vilenchi/users/sdolev/Thesis/VLMs/data/affectnet/human_annotated/validation_set/images/2940.jpg,4,fear,2.0,surprise,/gpfs0/bgu-vilenchi/users/sdolev/Thesis/VLMs/data/affectnet/human_annotated/validation_set/images/2940.jpg
3193,/gpfs0/bgu-vilenchi/users/sdolev/Thesis/VLMs/data/affectnet/human_annotated/validation_set/images/3193.jpg,7,contempt,1.0,happy,/gpfs0/bgu-vilenchi/users/sdolev/Thesis/VLMs/data/affectnet/human_annotated/validation_set/images/3193.jpg
1701,/gpfs0/bgu-vilenchi/users/sdolev/Thesis/VLMs/data/affectnet/human_annotated/validation_set/images/1701.jpg,2,sad,0.0,sad,/gpfs0/bgu-vilenchi/users/sdolev/Thesis/VLMs/data/affectnet/human_annotated/validation_set/images/1701.jpg
353,/gpfs0/bgu-vilenchi/users/sdolev/Thesis/VLMs/data/affectnet/human_annotated/validation_set/images/353.jpg,5,disgust,1.0,neutral,/gpfs0/bgu-vilenchi/users/sdolev/Thesis/VLMs/data/affectnet/human_annotated/validation_set/images/353.jpg
5441,/gpfs0/bgu-vilenchi/users/sdolev/Thesis/VLMs/data/affectnet/human_annotated/validation_set/images/5441.jpg,6,angry,0.0,neutral,/gpfs0/bgu-vilenchi/users/sdolev/Thesis/VLMs/data/affectnet/human_annotated/validation_set/images/5441.jpg
2260,/gpfs0/bgu-vilenchi/users/sdolev/Thesis/VLMs/data/affectnet/human_annotated/validation_set/images/2260.jpg,6,angry,0.0,neutral,/gpfs0/bgu-vilenchi/users/sdolev/Thesis/VLMs/data/affectnet/human_annotated/validation_set/images/2260.jpg
754,/gpfs0/bgu-vilenchi/users/sdolev/Thesis/VLMs/data/affectnet/human_annotated/validation_set/images/754.jpg,3,surprise,2.0,neutral,/gpfs0/bgu-vilenchi/users/sdolev/Thesis/VLMs/data/affectnet/human_annotated/validation_set/images/754.jpg
2357,/gpfs0/bgu-vilenchi/users/sdolev/Thesis/VLMs/data/affectnet/human_annotated/validation_set/images/2357.jpg,3,surprise,0.0,surprise,/gpfs0/bgu-vilenchi/users/sdolev/Thesis/VLMs/data/affectnet/human_annotated/validation_set/images/2357.jpg
2663,/gpfs0/bgu-vilenchi/users/sdolev/Thesis/VLMs/data/affectnet/human_annotated/validation_set/images/2663.jpg,2,sad,0.0,sad,/gpfs0/bgu-vilenchi/users/sdolev/Thesis/VLMs/data/affectnet/human_annotated/validation_set/images/2663.jpg
5302,/gpfs0/bgu-vilenchi/users/sdolev/Thesis/VLMs/data/affectnet/human_annotated/validation_set/images/5302.jpg,0,neutral,1.0,neutral,/gpfs0/bgu-vilenchi/users/sdolev/Thesis/VLMs/data/affectnet/human_annotated/validation_set/images/5302.jpg
1118,/gpfs0/bgu-vilenchi/users/sdolev/Thesis/VLMs/data/affectnet/human_annotated/validation_set/images/1118.jpg,6,angry,0.0,angry,/gpfs0/bgu-vilenchi/users/sdolev/Thesis/VLMs/data/affectnet/human_annotated/validation_set/images/1118.jpg
2121,/gpfs0/bgu-vilenchi/users/sdolev/Thesis/VLMs/data/affectnet/human_annotated/validation_set/images/2121.jpg,1,happy,0.0,happy,/gpfs0/bgu-vilenchi/users/sdolev/Thesis/VLMs/data/affectnet/human_annotated/validation_set/images/2121.jpg
3763,/gpfs0/bgu-vilenchi/users/sdolev/Thesis/VLMs/data/affectnet/human_annotated/validation_set/images/3763.jpg,0,neutral,1.0,neutral,/gpfs0/bgu-vilenchi/users/sdolev/Thesis/VLMs/data/affectnet/human_annotated/validation_set/images/3763.jpg
2524,/gpfs0/bgu-vilenchi/users/sdolev/Thesis/VLMs/data/affectnet/human_annotated/validation_set/images/2524.jpg,5,disgust,1.0,disgust,/gpfs0/bgu-vilenchi/users/sdolev/Thesis/VLMs/data/affectnet/human_annotated/validation_set/images/2524.jpg
2830,/gpfs0/bgu-vilenchi/users/sdolev/Thesis/VLMs/data/affectnet/human_annotated/validation_set/images/2830.jpg,6,angry,0.0,angry,/gpfs0/bgu-vilenchi/users/sdolev/Thesis/VLMs/data/affectnet/human_annotated/validation_set/images/2830.jpg
3083,/gpfs0/bgu-vilenchi/users/sdolev/Thesis/VLMs/data/affectnet/human_annotated/validation_set/images/3083.jpg,1,happy,0.0,happy,/gpfs0/bgu-vilenchi/users/sdolev/Thesis/VLMs/data/affectnet/human_annotated/validation_set/images/3083.jpg
5025,/gpfs0/bgu-vilenchi/users/sdolev/Thesis/VLMs/data/affectnet/human_annotated/validation_set/images/5025.jpg,6,angry,1.0,angry,/gpfs0/bgu-vilenchi/users/sdolev/Thesis/VLMs/data/affectnet/human_annotated/validation_set/images/5025.jpg
528,/gpfs0/bgu-vilenchi/users/sdolev/Thesis/VLMs/data/affectnet/human_annotated/validation_set/images/528.jpg,0,neutral,2.0,neutral,/gpfs0/bgu-vilenchi/users/sdolev/Thesis/VLMs/data/affectnet/human_annotated/validation_set/images/528.jpg
3486,/gpfs0/bgu-vilenchi/users/sdolev/Thesis/VLMs/data/affectnet/human_annotated/validation_set/images/3486.jpg,3,surprise,1.0,surprise,/gpfs0/bgu-vilenchi/users/sdolev/Thesis/VLMs/data/affectnet/human_annotated/validation_set/images/3486.jpg
665,/gpfs0/bgu-vilenchi/users/sdolev/Thesis/VLMs/data/affectnet/human_annotated/validation_set/images/665.jpg,7,contempt,2.0,neutral,/gpfs0/bgu-vilenchi/users/sdolev/Thesis/VLMs/data/affectnet/human_annotated/validation_set/images/665.jpg
3889,/gpfs0/bgu-vilenchi/users/sdolev/Thesis/VLMs/data/affectnet/human_annotated/validation_set/images/3889.jpg,2,sad,2.0,neutral,/gpfs0/bgu-vilenchi/users/sdolev/Thesis/VLMs/data/affectnet/human_annotated/validation_set/images/3889.jpg
4892,/gpfs0/bgu-vilenchi/users/sdolev/Thesis/VLMs/data/affectnet/human_annotated/validation_set/images/4892.jpg,7,contempt,2.0,happy,/gpfs0/bgu-vilenchi/users/sdolev/Thesis/VLMs/data/affectnet/human_annotated/validation_set/images/4892.jpg
1008,/gpfs0/bgu-vilenchi/users/sdolev/Thesis/VLMs/data/affectnet/human_annotated/validation_set/images/1008.jpg,6,angry,0.0,surprise,/gpfs0/bgu-vilenchi/users/sdolev/Thesis/VLMs/data/affectnet/human_annotated/validation_set/images/1008.jpg
2011,/gpfs0/bgu-vilenchi/users/sdolev/Thesis/VLMs/data/affectnet/human_annotated/validation_set/images/2011.jpg,3,surprise,2.0,happy,/gpfs0/bgu-vilenchi/users/sdolev/Thesis/VLMs/data/affectnet/human_annotated/validation_set/images/2011.jpg
2817,/gpfs0/bgu-vilenchi/users/sdolev/Thesis/VLMs/data/affectnet/human_annotated/validation_set/images/2817.jpg,5,disgust,1.0,angry,/gpfs0/bgu-vilenchi/users/sdolev/Thesis/VLMs/data/affectnet/human_annotated/validation_set/images/2817.jpg
3820,/gpfs0/bgu-vilenchi/users/sdolev/Thesis/VLMs/data/affectnet/human_annotated/validation_set/images/3820.jpg,0,neutral,0.0,surprise,/gpfs0/bgu-vilenchi/users/sdolev/Thesis/VLMs/data/affectnet/human_annotated/validation_set/images/3820.jpg
439,/gpfs0/bgu-vilenchi/users/sdolev/Thesis/VLMs/data/affectnet/human_annotated/validation_set/images/439.jpg,7,contempt,0.0,happy,/gpfs0/bgu-vilenchi/users/sdolev/Thesis/VLMs/data/affectnet/human_annotated/validation_set/images/439.jpg
3376,/gpfs0/bgu-vilenchi/users/sdolev/Thesis/VLMs/data/affectnet/human_annotated/validation_set/images/3376.jpg,7,contempt,1.0,happy,/gpfs0/bgu-vilenchi/users/sdolev/Thesis/VLMs/data/affectnet/human_annotated/validation_set/images/3376.jpg
977,/gpfs0/bgu-vilenchi/users/sdolev/Thesis/VLMs/data/affectnet/human_annotated/validation_set/images/977.jpg,5,disgust,2.0,happy,/gpfs0/bgu-vilenchi/users/sdolev/Thesis/VLMs/data/affectnet/human_annotated/validation_set/images/977.jpg
5318,/gpfs0/bgu-vilenchi/users/sdolev/Thesis/VLMs/data/affectnet/human_annotated/validation_set/images/5318.jpg,4,fear,0.0,surprise,/gpfs0/bgu-vilenchi/users/sdolev/Thesis/VLMs/data/affectnet/human_annotated/validation_set/images/5318.jpg
3779,/gpfs0/bgu-vilenchi/users/sdolev/Thesis/VLMs/data/affectnet/human_annotated/validation_set/images/3779.jpg,2,sad,0.0,neutral,/gpfs0/bgu-vilenchi/users/sdolev/Thesis/VLMs/data/affectnet/human_annotated/validation_set/images/3779.jpg
1295,/gpfs0/bgu-vilenchi/users/sdolev/Thesis/VLMs/data/affectnet/human_annotated/validation_set/images/1295.jpg,1,happy,0.0,happy,/gpfs0/bgu-vilenchi/users/sdolev/Thesis/VLMs/data/affectnet/human_annotated/validation_set/images/1295.jpg
4782,/gpfs0/bgu-vilenchi/users/sdolev/Thesis/VLMs/data/affectnet/human_annotated/validation_set/images/4782.jpg,1,happy,0.0,happy,/gpfs0/bgu-vilenchi/users/sdolev/Thesis/VLMs/data/affectnet/human_annotated/validation_set/images/4782.jpg
31,/gpfs0/bgu-vilenchi/users/sdolev/Thesis/VLMs/data/affectnet/human_annotated/validation_set/images/31.jpg,0,neutral,0.0,neutral,/gpfs0/bgu-vilenchi/users/sdolev/Thesis/VLMs/data/affectnet/human_annotated/validation_set/images/31.jpg
3237,/gpfs0/bgu-vilenchi/users/sdolev/Thesis/VLMs/data/affectnet/human_annotated/validation_set/images/3237.jpg,1,happy,0.0,happy,/gpfs0/bgu-vilenchi/users/sdolev/Thesis/VLMs/data/affectnet/human_annotated/validation_set/images/3237.jpg
4879,/gpfs0/bgu-vilenchi/users/sdolev/Thesis/VLMs/data/affectnet/human_annotated/validation_set/images/4879.jpg,5,disgust,0.0,surprise,/gpfs0/bgu-vilenchi/users/sdolev/Thesis/VLMs/data/affectnet/human_annotated/validation_set/images/4879.jpg
1698,/gpfs0/bgu-vilenchi/users/sdolev/Thesis/VLMs/data/affectnet/human_annotated/validation_set/images/1698.jpg,6,angry,0.0,angry,/gpfs0/bgu-vilenchi/users/sdolev/Thesis/VLMs/data/affectnet/human_annotated/validation_set/images/1698.jpg
3946,/gpfs0/bgu-vilenchi/users/sdolev/Thesis/VLMs/data/affectnet/human_annotated/validation_set/images/3946.jpg,2,sad,0.0,sad,/gpfs0/bgu-vilenchi/users/sdolev/Thesis/VLMs/data/affectnet/human_annotated/validation_set/images/3946.jpg
453,/gpfs0/bgu-vilenchi/users/sdolev/Thesis/VLMs/data/affectnet/human_annotated/validation_set/images/453.jpg,6,angry,0.0,angry,/gpfs0/bgu-vilenchi/users/sdolev/Thesis/VLMs/data/affectnet/human_annotated/validation_set/images/453.jpg
82,/gpfs0/bgu-vilenchi/users/sdolev/Thesis/VLMs/data/affectnet/human_annotated/validation_set/images/82.jpg,4,fear,0.0,surprise,/gpfs0/bgu-vilenchi/users/sdolev/Thesis/VLMs/data/affectnet/human_annotated/validation_set/images/82.jpg
590,/gpfs0/bgu-vilenchi/users/sdolev/Thesis/VLMs/data/affectnet/human_annotated/validation_set/images/590.jpg,2,sad,2.0,neutral,/gpfs0/bgu-vilenchi/users/sdolev/Thesis/VLMs/data/affectnet/human_annotated/validation_set/images/590.jpg
2707,/gpfs0/bgu-vilenchi/users/sdolev/Thesis/VLMs/data/affectnet/human_annotated/validation_set/images/2707.jpg,6,angry,2.0,surprise,/gpfs0/bgu-vilenchi/users/sdolev/Thesis/VLMs/data/affectnet/human_annotated/validation_set/images/2707.jpg
3710,/gpfs0/bgu-vilenchi/users/sdolev/Thesis/VLMs/data/affectnet/human_annotated/validation_set/images/3710.jpg,7,contempt,1.0,neutral,/gpfs0/bgu-vilenchi/users/sdolev/Thesis/VLMs/data/affectnet/human_annotated/validation_set/images/3710.jpg
991,/gpfs0/bgu-vilenchi/users/sdolev/Thesis/VLMs/data/affectnet/human_annotated/validation_set/images/991.jpg,4,fear,0.0,surprise,/gpfs0/bgu-vilenchi/users/sdolev/Thesis/VLMs/data/affectnet/human_annotated/validation_set/images/991.jpg
26,/gpfs0/bgu-vilenchi/users/sdolev/Thesis/VLMs/data/affectnet/human_annotated/validation_set/images/26.jpg,2,sad,2.0,neutral,/gpfs0/bgu-vilenchi/users/sdolev/Thesis/VLMs/data/affectnet/human_annotated/validation_set/images/26.jpg
1185,/gpfs0/bgu-vilenchi/users/sdolev/Thesis/VLMs/data/affectnet/human_annotated/validation_set/images/1185.jpg,7,contempt,2.0,happy,/gpfs0/bgu-vilenchi/users/sdolev/Thesis/VLMs/data/affectnet/human_annotated/validation_set/images/1185.jpg
4672,/gpfs0/bgu-vilenchi/users/sdolev/Thesis/VLMs/data/affectnet/human_annotated/validation_set/images/4672.jpg,7,contempt,1.0,happy,/gpfs0/bgu-vilenchi/users/sdolev/Thesis/VLMs/data/affectnet/human_annotated/validation_set/images/4672.jpg
1491,/gpfs0/bgu-vilenchi/users/sdolev/Thesis/VLMs/data/affectnet/human_annotated/validation_set/images/1491.jpg,1,happy,0.0,happy,/gpfs0/bgu-vilenchi/users/sdolev/Thesis/VLMs/data/affectnet/human_annotated/validation_set/images/1491.jpg
3127,/gpfs0/bgu-vilenchi/users/sdolev/Thesis/VLMs/data/affectnet/human_annotated/validation_set/images/3127.jpg,0,neutral,2.0,neutral,/gpfs0/bgu-vilenchi/users/sdolev/Thesis/VLMs/data/affectnet/human_annotated/validation_set/images/3127.jpg
4130,/gpfs0/bgu-vilenchi/users/sdolev/Thesis/VLMs/data/affectnet/human_annotated/validation_set/images/4130.jpg,2,sad,2.0,angry,/gpfs0/bgu-vilenchi/users/sdolev/Thesis/VLMs/data/affectnet/human_annotated/validation_set/images/4130.jpg
4769,/gpfs0/bgu-vilenchi/users/sdolev/Thesis/VLMs/data/affectnet/human_annotated/validation_set/images/4769.jpg,4,fear,0.0,surprise,/gpfs0/bgu-vilenchi/users/sdolev/Thesis/VLMs/data/affectnet/human_annotated/validation_set/images/4769.jpg
1588,/gpfs0/bgu-vilenchi/users/sdolev/Thesis/VLMs/data/affectnet/human_annotated/validation_set/images/1588.jpg,4,fear,2.0,neutral,/gpfs0/bgu-vilenchi/users/sdolev/Thesis/VLMs/data/affectnet/human_annotated/validation_set/images/1588.jpg
2591,/gpfs0/bgu-vilenchi/users/sdolev/Thesis/VLMs/data/affectnet/human_annotated/validation_set/images/2591.jpg,6,angry,0.0,angry,/gpfs0/bgu-vilenchi/users/sdolev/Thesis/VLMs/data/affectnet/human_annotated/validation_set/images/2591.jpg
1894,/gpfs0/bgu-vilenchi/users/sdolev/Thesis/VLMs/data/affectnet/human_annotated/validation_set/images/1894.jpg,0,neutral,0.0,neutral,/gpfs0/bgu-vilenchi/users/sdolev/Thesis/VLMs/data/affectnet/human_annotated/validation_set/images/1894.jpg
4533,/gpfs0/bgu-vilenchi/users/sdolev/Thesis/VLMs/data/affectnet/human_annotated/validation_set/images/4533.jpg,3,surprise,2.0,neutral,/gpfs0/bgu-vilenchi/users/sdolev/Thesis/VLMs/data/affectnet/human_annotated/validation_set/images/4533.jpg
1352,/gpfs0/bgu-vilenchi/users/sdolev/Thesis/VLMs/data/affectnet/human_annotated/validation_set/images/1352.jpg,4,fear,1.0,surprise,/gpfs0/bgu-vilenchi/users/sdolev/Thesis/VLMs/data/affectnet/human_annotated/validation_set/images/1352.jpg
364,/gpfs0/bgu-vilenchi/users/sdolev/Thesis/VLMs/data/affectnet/human_annotated/validation_set/images/364.jpg,4,fear,2.0,surprise,/gpfs0/bgu-vilenchi/users/sdolev/Thesis/VLMs/data/affectnet/human_annotated/validation_set/images/364.jpg
2994,/gpfs0/bgu-vilenchi/users/sdolev/Thesis/VLMs/data/affectnet/human_annotated/validation_set/images/2994.jpg,3,surprise,1.0,neutral,/gpfs0/bgu-vilenchi/users/sdolev/Thesis/VLMs/data/affectnet/human_annotated/validation_set/images/2994.jpg
4089,/gpfs0/bgu-vilenchi/users/sdolev/Thesis/VLMs/data/affectnet/human_annotated/validation_set/images/4089.jpg,7,contempt,1.0,happy,/gpfs0/bgu-vilenchi/users/sdolev/Thesis/VLMs/data/affectnet/human_annotated/validation_set/images/4089.jpg
5092,/gpfs0/bgu-vilenchi/users/sdolev/Thesis/VLMs/data/affectnet/human_annotated/validation_set/images/5092.jpg,4,fear,1.0,neutral,/gpfs0/bgu-vilenchi/users/sdolev/Thesis/VLMs/data/affectnet/human_annotated/validation_set/images/5092.jpg
1755,/gpfs0/bgu-vilenchi/users/sdolev/Thesis/VLMs/data/affectnet/human_annotated/validation_set/images/1755.jpg,5,disgust,1.0,surprise,/gpfs0/bgu-vilenchi/users/sdolev/Thesis/VLMs/data/affectnet/human_annotated/validation_set/images/1755.jpg
5495,/gpfs0/bgu-vilenchi/users/sdolev/Thesis/VLMs/data/affectnet/human_annotated/validation_set/images/5495.jpg,2,sad,2.0,disgust,/gpfs0/bgu-vilenchi/users/sdolev/Thesis/VLMs/data/affectnet/human_annotated/validation_set/images/5495.jpg
4256,/gpfs0/bgu-vilenchi/users/sdolev/Thesis/VLMs/data/affectnet/human_annotated/validation_set/images/4256.jpg,5,disgust,2.0,surprise,/gpfs0/bgu-vilenchi/users/sdolev/Thesis/VLMs/data/affectnet/human_annotated/validation_set/images/4256.jpg
57,/gpfs0/bgu-vilenchi/users/sdolev/Thesis/VLMs/data/affectnet/human_annotated/validation_set/images/57.jpg,7,contempt,2.0,neutral,/gpfs0/bgu-vilenchi/users/sdolev/Thesis/VLMs/data/affectnet/human_annotated/validation_set/images/57.jpg
1922,/gpfs0/bgu-vilenchi/users/sdolev/Thesis/VLMs/data/affectnet/human_annotated/validation_set/images/1922.jpg,2,sad,0.0,sad,/gpfs0/bgu-vilenchi/users/sdolev/Thesis/VLMs/data/affectnet/human_annotated/validation_set/images/1922.jpg
3017,/gpfs0/bgu-vilenchi/users/sdolev/Thesis/VLMs/data/affectnet/human_annotated/validation_set/images/3017.jpg,4,fear,2.0,surprise,/gpfs0/bgu-vilenchi/users/sdolev/Thesis/VLMs/data/affectnet/human_annotated/validation_set/images/3017.jpg
4020,/gpfs0/bgu-vilenchi/users/sdolev/Thesis/VLMs/data/affectnet/human_annotated/validation_set/images/4020.jpg,7,contempt,0.0,neutral,/gpfs0/bgu-vilenchi/users/sdolev/Thesis/VLMs/data/affectnet/human_annotated/validation_set/images/4020.jpg
29,/gpfs0/bgu-vilenchi/users/sdolev/Thesis/VLMs/data/affectnet/human_annotated/validation_set/images/29.jpg,7,contempt,1.0,happy,/gpfs0/bgu-vilenchi/users/sdolev/Thesis/VLMs/data/affectnet/human_annotated/validation_set/images/29.jpg
1478,/gpfs0/bgu-vilenchi/users/sdolev/Thesis/VLMs/data/affectnet/human_annotated/validation_set/images/1478.jpg,4,fear,2.0,sad,/gpfs0/bgu-vilenchi/users/sdolev/Thesis/VLMs/data/affectnet/human_annotated/validation_set/images/1478.jpg
2481,/gpfs0/bgu-vilenchi/users/sdolev/Thesis/VLMs/data/affectnet/human_annotated/validation_set/images/2481.jpg,7,contempt,0.0,happy,/gpfs0/bgu-vilenchi/users/sdolev/Thesis/VLMs/data/affectnet/human_annotated/validation_set/images/2481.jpg
1242,/gpfs0/bgu-vilenchi/users/sdolev/Thesis/VLMs/data/affectnet/human_annotated/validation_set/images/1242.jpg,0,neutral,0.0,neutral,/gpfs0/bgu-vilenchi/users/sdolev/Thesis/VLMs/data/affectnet/human_annotated/validation_set/images/1242.jpg
2884,/gpfs0/bgu-vilenchi/users/sdolev/Thesis/VLMs/data/affectnet/human_annotated/validation_set/images/2884.jpg,6,angry,0.0,angry,/gpfs0/bgu-vilenchi/users/sdolev/Thesis/VLMs/data/affectnet/human_annotated/validation_set/images/2884.jpg
4826,/gpfs0/bgu-vilenchi/users/sdolev/Thesis/VLMs/data/affectnet/human_annotated/validation_set/images/4826.jpg,7,contempt,1.0,neutral,/gpfs0/bgu-vilenchi/users/sdolev/Thesis/VLMs/data/affectnet/human_annotated/validation_set/images/4826.jpg
1645,/gpfs0/bgu-vilenchi/users/sdolev/Thesis/VLMs/data/affectnet/human_annotated/validation_set/images/1645.jpg,3,surprise,0.0,neutral,/gpfs0/bgu-vilenchi/users/sdolev/Thesis/VLMs/data/affectnet/human_annotated/validation_set/images/1645.jpg
5079,/gpfs0/bgu-vilenchi/users/sdolev/Thesis/VLMs/data/affectnet/human_annotated/validation_set/images/5079.jpg,0,neutral,1.0,happy,/gpfs0/bgu-vilenchi/users/sdolev/Thesis/VLMs/data/affectnet/human_annotated/validation_set/images/5079.jpg
5385,/gpfs0/bgu-vilenchi/users/sdolev/Thesis/VLMs/data/affectnet/human_annotated/validation_set/images/5385.jpg,5,disgust,1.0,neutral,/gpfs0/bgu-vilenchi/users/sdolev/Thesis/VLMs/data/affectnet/human_annotated/validation_set/images/5385.jpg
4146,/gpfs0/bgu-vilenchi/users/sdolev/Thesis/VLMs/data/affectnet/human_annotated/validation_set/images/4146.jpg,3,surprise,1.0,happy,/gpfs0/bgu-vilenchi/users/sdolev/Thesis/VLMs/data/affectnet/human_annotated/validation_set/images/4146.jpg
1812,/gpfs0/bgu-vilenchi/users/sdolev/Thesis/VLMs/data/affectnet/human_annotated/validation_set/images/1812.jpg,1,happy,0.0,happy,/gpfs0/bgu-vilenchi/users/sdolev/Thesis/VLMs/data/affectnet/human_annotated/validation_set/images/1812.jpg
5246,/gpfs0/bgu-vilenchi/users/sdolev/Thesis/VLMs/data/affectnet/human_annotated/validation_set/images/5246.jpg,2,sad,1.0,neutral,/gpfs0/bgu-vilenchi/users/sdolev/Thesis/VLMs/data/affectnet/human_annotated/validation_set/images/5246.jpg
2065,/gpfs0/bgu-vilenchi/users/sdolev/Thesis/VLMs/data/affectnet/human_annotated/validation_set/images/2065.jpg,1,happy,0.0,happy,/gpfs0/bgu-vilenchi/users/sdolev/Thesis/VLMs/data/affectnet/human_annotated/validation_set/images/2065.jpg
1368,/gpfs0/bgu-vilenchi/users/sdolev/Thesis/VLMs/data/affectnet/human_annotated/validation_set/images/1368.jpg,5,disgust,0.0,disgust,/gpfs0/bgu-vilenchi/users/sdolev/Thesis/VLMs/data/affectnet/human_annotated/validation_set/images/1368.jpg
2371,/gpfs0/bgu-vilenchi/users/sdolev/Thesis/VLMs/data/affectnet/human_annotated/validation_set/images/2371.jpg,5,disgust,2.0,neutral,/gpfs0/bgu-vilenchi/users/sdolev/Thesis/VLMs/data/affectnet/human_annotated/validation_set/images/2371.jpg
4007,/gpfs0/bgu-vilenchi/users/sdolev/Thesis/VLMs/data/affectnet/human_annotated/validation_set/images/4007.jpg,6,angry,2.0,neutral,/gpfs0/bgu-vilenchi/users/sdolev/Thesis/VLMs/data/affectnet/human_annotated/validation_set/images/4007.jpg
587,/gpfs0/bgu-vilenchi/users/sdolev/Thesis/VLMs/data/affectnet/human_annotated/validation_set/images/587.jpg,4,fear,2.0,surprise,/gpfs0/bgu-vilenchi/users/sdolev/Thesis/VLMs/data/affectnet/human_annotated/validation_set/images/587.jpg
1132,/gpfs0/bgu-vilenchi/users/sdolev/Thesis/VLMs/data/affectnet/human_annotated/validation_set/images/1132.jpg,0,neutral,0.0,neutral,/gpfs0/bgu-vilenchi/users/sdolev/Thesis/VLMs/data/affectnet/human_annotated/validation_set/images/1132.jpg
2774,/gpfs0/bgu-vilenchi/users/sdolev/Thesis/VLMs/data/affectnet/human_annotated/validation_set/images/2774.jpg,2,sad,1.0,sad,/gpfs0/bgu-vilenchi/users/sdolev/Thesis/VLMs/data/affectnet/human_annotated/validation_set/images/2774.jpg
1229,/gpfs0/bgu-vilenchi/users/sdolev/Thesis/VLMs/data/affectnet/human_annotated/validation_set/images/1229.jpg,3,surprise,1.0,happy,/gpfs0/bgu-vilenchi/users/sdolev/Thesis/VLMs/data/affectnet/human_annotated/validation_set/images/1229.jpg
988,/gpfs0/bgu-vilenchi/users/sdolev/Thesis/VLMs/data/affectnet/human_annotated/validation_set/images/988.jpg,3,surprise,1.0,happy,/gpfs0/bgu-vilenchi/users/sdolev/Thesis/VLMs/data/affectnet/human_annotated/validation_set/images/988.jpg
4716,/gpfs0/bgu-vilenchi/users/sdolev/Thesis/VLMs/data/affectnet/human_annotated/validation_set/images/4716.jpg,4,fear,1.0,surprise,/gpfs0/bgu-vilenchi/users/sdolev/Thesis/VLMs/data/affectnet/human_annotated/validation_set/images/4716.jpg
1535,/gpfs0/bgu-vilenchi/users/sdolev/Thesis/VLMs/data/affectnet/human_annotated/validation_set/images/1535.jpg,4,fear,1.0,surprise,/gpfs0/bgu-vilenchi/users/sdolev/Thesis/VLMs/data/affectnet/human_annotated/validation_set/images/1535.jpg
1938,/gpfs0/bgu-vilenchi/users/sdolev/Thesis/VLMs/data/affectnet/human_annotated/validation_set/images/1938.jpg,0,neutral,0.0,neutral,/gpfs0/bgu-vilenchi/users/sdolev/Thesis/VLMs/data/affectnet/human_annotated/validation_set/images/1938.jpg
2941,/gpfs0/bgu-vilenchi/users/sdolev/Thesis/VLMs/data/affectnet/human_annotated/validation_set/images/2941.jpg,0,neutral,0.0,neutral,/gpfs0/bgu-vilenchi/users/sdolev/Thesis/VLMs/data/affectnet/human_annotated/validation_set/images/2941.jpg
3194,/gpfs0/bgu-vilenchi/users/sdolev/Thesis/VLMs/data/affectnet/human_annotated/validation_set/images/3194.jpg,6,angry,0.0,surprise,/gpfs0/bgu-vilenchi/users/sdolev/Thesis/VLMs/data/affectnet/human_annotated/validation_set/images/3194.jpg
1702,/gpfs0/bgu-vilenchi/users/sdolev/Thesis/VLMs/data/affectnet/human_annotated/validation_set/images/1702.jpg,5,disgust,0.0,disgust,/gpfs0/bgu-vilenchi/users/sdolev/Thesis/VLMs/data/affectnet/human_annotated/validation_set/images/1702.jpg
5136,/gpfs0/bgu-vilenchi/users/sdolev/Thesis/VLMs/data/affectnet/human_annotated/validation_set/images/5136.jpg,5,disgust,1.0,sad,/gpfs0/bgu-vilenchi/users/sdolev/Thesis/VLMs/data/affectnet/human_annotated/validation_set/images/5136.jpg
5442,/gpfs0/bgu-vilenchi/users/sdolev/Thesis/VLMs/data/affectnet/human_annotated/validation_set/images/5442.jpg,5,disgust,1.0,surprise,/gpfs0/bgu-vilenchi/users/sdolev/Thesis/VLMs/data/affectnet/human_annotated/validation_set/images/5442.jpg
3597,/gpfs0/bgu-vilenchi/users/sdolev/Thesis/VLMs/data/affectnet/human_annotated/validation_set/images/3597.jpg,4,fear,1.0,surprise,/gpfs0/bgu-vilenchi/users/sdolev/Thesis/VLMs/data/affectnet/human_annotated/validation_set/images/3597.jpg
2261,/gpfs0/bgu-vilenchi/users/sdolev/Thesis/VLMs/data/affectnet/human_annotated/validation_set/images/2261.jpg,7,contempt,0.0,neutral,/gpfs0/bgu-vilenchi/users/sdolev/Thesis/VLMs/data/affectnet/human_annotated/validation_set/images/2261.jpg
2358,/gpfs0/bgu-vilenchi/users/sdolev/Thesis/VLMs/data/affectnet/human_annotated/validation_set/images/2358.jpg,6,angry,2.0,neutral,/gpfs0/bgu-vilenchi/users/sdolev/Thesis/VLMs/data/affectnet/human_annotated/validation_set/images/2358.jpg
3361,/gpfs0/bgu-vilenchi/users/sdolev/Thesis/VLMs/data/affectnet/human_annotated/validation_set/images/3361.jpg,2,sad,0.0,happy,/gpfs0/bgu-vilenchi/users/sdolev/Thesis/VLMs/data/affectnet/human_annotated/validation_set/images/3361.jpg
899,/gpfs0/bgu-vilenchi/users/sdolev/Thesis/VLMs/data/affectnet/human_annotated/validation_set/images/899.jpg,5,disgust,0.0,disgust,/gpfs0/bgu-vilenchi/users/sdolev/Thesis/VLMs/data/affectnet/human_annotated/validation_set/images/899.jpg
5303,/gpfs0/bgu-vilenchi/users/sdolev/Thesis/VLMs/data/affectnet/human_annotated/validation_set/images/5303.jpg,4,fear,0.0,surprise,/gpfs0/bgu-vilenchi/users/sdolev/Thesis/VLMs/data/affectnet/human_annotated/validation_set/images/5303.jpg
2122,/gpfs0/bgu-vilenchi/users/sdolev/Thesis/VLMs/data/affectnet/human_annotated/validation_set/images/2122.jpg,2,sad,0.0,neutral,/gpfs0/bgu-vilenchi/users/sdolev/Thesis/VLMs/data/affectnet/human_annotated/validation_set/images/2122.jpg
3764,/gpfs0/bgu-vilenchi/users/sdolev/Thesis/VLMs/data/affectnet/human_annotated/validation_set/images/3764.jpg,2,sad,1.0,neutral,/gpfs0/bgu-vilenchi/users/sdolev/Thesis/VLMs/data/affectnet/human_annotated/validation_set/images/3764.jpg
2525,/gpfs0/bgu-vilenchi/users/sdolev/Thesis/VLMs/data/affectnet/human_annotated/validation_set/images/2525.jpg,2,sad,1.0,neutral,/gpfs0/bgu-vilenchi/users/sdolev/Thesis/VLMs/data/affectnet/human_annotated/validation_set/images/2525.jpg
3084,/gpfs0/bgu-vilenchi/users/sdolev/Thesis/VLMs/data/affectnet/human_annotated/validation_set/images/3084.jpg,7,contempt,2.0,happy,/gpfs0/bgu-vilenchi/users/sdolev/Thesis/VLMs/data/affectnet/human_annotated/validation_set/images/3084.jpg
3487,/gpfs0/bgu-vilenchi/users/sdolev/Thesis/VLMs/data/affectnet/human_annotated/validation_set/images/3487.jpg,6,angry,0.0,sad,/gpfs0/bgu-vilenchi/users/sdolev/Thesis/VLMs/data/affectnet/human_annotated/validation_set/images/3487.jpg
4490,/gpfs0/bgu-vilenchi/users/sdolev/Thesis/VLMs/data/affectnet/human_annotated/validation_set/images/4490.jpg,3,surprise,0.0,surprise,/gpfs0/bgu-vilenchi/users/sdolev/Thesis/VLMs/data/affectnet/human_annotated/validation_set/images/4490.jpg
5429,/gpfs0/bgu-vilenchi/users/sdolev/Thesis/VLMs/data/affectnet/human_annotated/validation_set/images/5429.jpg,3,surprise,0.0,neutral,/gpfs0/bgu-vilenchi/users/sdolev/Thesis/VLMs/data/affectnet/human_annotated/validation_set/images/5429.jpg
510,/gpfs0/bgu-vilenchi/users/sdolev/Thesis/VLMs/data/affectnet/human_annotated/validation_set/images/510.jpg,5,disgust,2.0,angry,/gpfs0/bgu-vilenchi/users/sdolev/Thesis/VLMs/data/affectnet/human_annotated/validation_set/images/510.jpg
2248,/gpfs0/bgu-vilenchi/users/sdolev/Thesis/VLMs/data/affectnet/human_annotated/validation_set/images/2248.jpg,0,neutral,0.0,sad,/gpfs0/bgu-vilenchi/users/sdolev/Thesis/VLMs/data/affectnet/human_annotated/validation_set/images/2248.jpg
3251,/gpfs0/bgu-vilenchi/users/sdolev/Thesis/VLMs/data/affectnet/human_annotated/validation_set/images/3251.jpg,3,surprise,0.0,neutral,/gpfs0/bgu-vilenchi/users/sdolev/Thesis/VLMs/data/affectnet/human_annotated/validation_set/images/3251.jpg
407,/gpfs0/bgu-vilenchi/users/sdolev/Thesis/VLMs/data/affectnet/human_annotated/validation_set/images/407.jpg,6,angry,0.0,neutral,/gpfs0/bgu-vilenchi/users/sdolev/Thesis/VLMs/data/affectnet/human_annotated/validation_set/images/407.jpg
4893,/gpfs0/bgu-vilenchi/users/sdolev/Thesis/VLMs/data/affectnet/human_annotated/validation_set/images/4893.jpg,1,happy,2.0,neutral,/gpfs0/bgu-vilenchi/users/sdolev/Thesis/VLMs/data/affectnet/human_annotated/validation_set/images/4893.jpg
1009,/gpfs0/bgu-vilenchi/users/sdolev/Thesis/VLMs/data/affectnet/human_annotated/validation_set/images/1009.jpg,3,surprise,1.0,neutral,/gpfs0/bgu-vilenchi/users/sdolev/Thesis/VLMs/data/affectnet/human_annotated/validation_set/images/1009.jpg
2012,/gpfs0/bgu-vilenchi/users/sdolev/Thesis/VLMs/data/affectnet/human_annotated/validation_set/images/2012.jpg,3,surprise,1.0,surprise,/gpfs0/bgu-vilenchi/users/sdolev/Thesis/VLMs/data/affectnet/human_annotated/validation_set/images/2012.jpg
3654,/gpfs0/bgu-vilenchi/users/sdolev/Thesis/VLMs/data/affectnet/human_annotated/validation_set/images/3654.jpg,0,neutral,0.0,neutral,/gpfs0/bgu-vilenchi/users/sdolev/Thesis/VLMs/data/affectnet/human_annotated/validation_set/images/3654.jpg
2415,/gpfs0/bgu-vilenchi/users/sdolev/Thesis/VLMs/data/affectnet/human_annotated/validation_set/images/2415.jpg,7,contempt,0.0,neutral,/gpfs0/bgu-vilenchi/users/sdolev/Thesis/VLMs/data/affectnet/human_annotated/validation_set/images/2415.jpg
2818,/gpfs0/bgu-vilenchi/users/sdolev/Thesis/VLMs/data/affectnet/human_annotated/validation_set/images/2818.jpg,0,neutral,0.0,neutral,/gpfs0/bgu-vilenchi/users/sdolev/Thesis/VLMs/data/affectnet/human_annotated/validation_set/images/2818.jpg
3821,/gpfs0/bgu-vilenchi/users/sdolev/Thesis/VLMs/data/affectnet/human_annotated/validation_set/images/3821.jpg,6,angry,0.0,angry,/gpfs0/bgu-vilenchi/users/sdolev/Thesis/VLMs/data/affectnet/human_annotated/validation_set/images/3821.jpg
4074,/gpfs0/bgu-vilenchi/users/sdolev/Thesis/VLMs/data/affectnet/human_annotated/validation_set/images/4074.jpg,5,disgust,2.0,neutral,/gpfs0/bgu-vilenchi/users/sdolev/Thesis/VLMs/data/affectnet/human_annotated/validation_set/images/4074.jpg
3377,/gpfs0/bgu-vilenchi/users/sdolev/Thesis/VLMs/data/affectnet/human_annotated/validation_set/images/3377.jpg,3,surprise,2.0,happy,/gpfs0/bgu-vilenchi/users/sdolev/Thesis/VLMs/data/affectnet/human_annotated/validation_set/images/3377.jpg
4380,/gpfs0/bgu-vilenchi/users/sdolev/Thesis/VLMs/data/affectnet/human_annotated/validation_set/images/4380.jpg,6,angry,2.0,happy,/gpfs0/bgu-vilenchi/users/sdolev/Thesis/VLMs/data/affectnet/human_annotated/validation_set/images/4380.jpg
421,/gpfs0/bgu-vilenchi/users/sdolev/Thesis/VLMs/data/affectnet/human_annotated/validation_set/images/421.jpg,4,fear,2.0,neutral,/gpfs0/bgu-vilenchi/users/sdolev/Thesis/VLMs/data/affectnet/human_annotated/validation_set/images/421.jpg
5319,/gpfs0/bgu-vilenchi/users/sdolev/Thesis/VLMs/data/affectnet/human_annotated/validation_set/images/5319.jpg,3,surprise,0.0,surprise,/gpfs0/bgu-vilenchi/users/sdolev/Thesis/VLMs/data/affectnet/human_annotated/validation_set/images/5319.jpg
318,/gpfs0/bgu-vilenchi/users/sdolev/Thesis/VLMs/data/affectnet/human_annotated/validation_set/images/318.jpg,5,disgust,2.0,surprise,/gpfs0/bgu-vilenchi/users/sdolev/Thesis/VLMs/data/affectnet/human_annotated/validation_set/images/318.jpg
3141,/gpfs0/bgu-vilenchi/users/sdolev/Thesis/VLMs/data/affectnet/human_annotated/validation_set/images/3141.jpg,0,neutral,0.0,neutral,/gpfs0/bgu-vilenchi/users/sdolev/Thesis/VLMs/data/affectnet/human_annotated/validation_set/images/3141.jpg
4783,/gpfs0/bgu-vilenchi/users/sdolev/Thesis/VLMs/data/affectnet/human_annotated/validation_set/images/4783.jpg,1,happy,0.0,happy,/gpfs0/bgu-vilenchi/users/sdolev/Thesis/VLMs/data/affectnet/human_annotated/validation_set/images/4783.jpg
3544,/gpfs0/bgu-vilenchi/users/sdolev/Thesis/VLMs/data/affectnet/human_annotated/validation_set/images/3544.jpg,4,fear,1.0,neutral,/gpfs0/bgu-vilenchi/users/sdolev/Thesis/VLMs/data/affectnet/human_annotated/validation_set/images/3544.jpg
1699,/gpfs0/bgu-vilenchi/users/sdolev/Thesis/VLMs/data/affectnet/human_annotated/validation_set/images/1699.jpg,4,fear,2.0,surprise,/gpfs0/bgu-vilenchi/users/sdolev/Thesis/VLMs/data/affectnet/human_annotated/validation_set/images/1699.jpg
2305,/gpfs0/bgu-vilenchi/users/sdolev/Thesis/VLMs/data/affectnet/human_annotated/validation_set/images/2305.jpg,6,angry,1.0,angry,/gpfs0/bgu-vilenchi/users/sdolev/Thesis/VLMs/data/affectnet/human_annotated/validation_set/images/2305.jpg
4950,/gpfs0/bgu-vilenchi/users/sdolev/Thesis/VLMs/data/affectnet/human_annotated/validation_set/images/4950.jpg,7,contempt,1.0,sad,/gpfs0/bgu-vilenchi/users/sdolev/Thesis/VLMs/data/affectnet/human_annotated/validation_set/images/4950.jpg
2708,/gpfs0/bgu-vilenchi/users/sdolev/Thesis/VLMs/data/affectnet/human_annotated/validation_set/images/2708.jpg,4,fear,0.0,surprise,/gpfs0/bgu-vilenchi/users/sdolev/Thesis/VLMs/data/affectnet/human_annotated/validation_set/images/2708.jpg
3711,/gpfs0/bgu-vilenchi/users/sdolev/Thesis/VLMs/data/affectnet/human_annotated/validation_set/images/3711.jpg,4,fear,2.0,sad,/gpfs0/bgu-vilenchi/users/sdolev/Thesis/VLMs/data/affectnet/human_annotated/validation_set/images/3711.jpg
332,/gpfs0/bgu-vilenchi/users/sdolev/Thesis/VLMs/data/affectnet/human_annotated/validation_set/images/332.jpg,6,angry,2.0,surprise,/gpfs0/bgu-vilenchi/users/sdolev/Thesis/VLMs/data/affectnet/human_annotated/validation_set/images/332.jpg
4270,/gpfs0/bgu-vilenchi/users/sdolev/Thesis/VLMs/data/affectnet/human_annotated/validation_set/images/4270.jpg,6,angry,1.0,neutral,/gpfs0/bgu-vilenchi/users/sdolev/Thesis/VLMs/data/affectnet/human_annotated/validation_set/images/4270.jpg
733,/gpfs0/bgu-vilenchi/users/sdolev/Thesis/VLMs/data/affectnet/human_annotated/validation_set/images/733.jpg,5,disgust,1.0,neutral,/gpfs0/bgu-vilenchi/users/sdolev/Thesis/VLMs/data/affectnet/human_annotated/validation_set/images/733.jpg
4367,/gpfs0/bgu-vilenchi/users/sdolev/Thesis/VLMs/data/affectnet/human_annotated/validation_set/images/4367.jpg,5,disgust,1.0,contempt,/gpfs0/bgu-vilenchi/users/sdolev/Thesis/VLMs/data/affectnet/human_annotated/validation_set/images/4367.jpg
5370,/gpfs0/bgu-vilenchi/users/sdolev/Thesis/VLMs/data/affectnet/human_annotated/validation_set/images/5370.jpg,1,happy,2.0,happy,/gpfs0/bgu-vilenchi/users/sdolev/Thesis/VLMs/data/affectnet/human_annotated/validation_set/images/5370.jpg
1186,/gpfs0/bgu-vilenchi/users/sdolev/Thesis/VLMs/data/affectnet/human_annotated/validation_set/images/1186.jpg,1,happy,0.0,happy,/gpfs0/bgu-vilenchi/users/sdolev/Thesis/VLMs/data/affectnet/human_annotated/validation_set/images/1186.jpg
4673,/gpfs0/bgu-vilenchi/users/sdolev/Thesis/VLMs/data/affectnet/human_annotated/validation_set/images/4673.jpg,4,fear,1.0,surprise,/gpfs0/bgu-vilenchi/users/sdolev/Thesis/VLMs/data/affectnet/human_annotated/validation_set/images/4673.jpg
1492,/gpfs0/bgu-vilenchi/users/sdolev/Thesis/VLMs/data/affectnet/human_annotated/validation_set/images/1492.jpg,6,angry,1.0,neutral,/gpfs0/bgu-vilenchi/users/sdolev/Thesis/VLMs/data/affectnet/human_annotated/validation_set/images/1492.jpg
3128,/gpfs0/bgu-vilenchi/users/sdolev/Thesis/VLMs/data/affectnet/human_annotated/validation_set/images/3128.jpg,3,surprise,1.0,happy,/gpfs0/bgu-vilenchi/users/sdolev/Thesis/VLMs/data/affectnet/human_annotated/validation_set/images/3128.jpg
4131,/gpfs0/bgu-vilenchi/users/sdolev/Thesis/VLMs/data/affectnet/human_annotated/validation_set/images/4131.jpg,3,surprise,1.0,surprise,/gpfs0/bgu-vilenchi/users/sdolev/Thesis/VLMs/data/affectnet/human_annotated/validation_set/images/4131.jpg
1589,/gpfs0/bgu-vilenchi/users/sdolev/Thesis/VLMs/data/affectnet/human_annotated/validation_set/images/1589.jpg,6,angry,1.0,surprise,/gpfs0/bgu-vilenchi/users/sdolev/Thesis/VLMs/data/affectnet/human_annotated/validation_set/images/1589.jpg
2592,/gpfs0/bgu-vilenchi/users/sdolev/Thesis/VLMs/data/affectnet/human_annotated/validation_set/images/2592.jpg,6,angry,1.0,surprise,/gpfs0/bgu-vilenchi/users/sdolev/Thesis/VLMs/data/affectnet/human_annotated/validation_set/images/2592.jpg
4534,/gpfs0/bgu-vilenchi/users/sdolev/Thesis/VLMs/data/affectnet/human_annotated/validation_set/images/4534.jpg,5,disgust,2.0,neutral,/gpfs0/bgu-vilenchi/users/sdolev/Thesis/VLMs/data/affectnet/human_annotated/validation_set/images/4534.jpg
4840,/gpfs0/bgu-vilenchi/users/sdolev/Thesis/VLMs/data/affectnet/human_annotated/validation_set/images/4840.jpg,6,angry,0.0,surprise,/gpfs0/bgu-vilenchi/users/sdolev/Thesis/VLMs/data/affectnet/human_annotated/validation_set/images/4840.jpg
5093,/gpfs0/bgu-vilenchi/users/sdolev/Thesis/VLMs/data/affectnet/human_annotated/validation_set/images/5093.jpg,7,contempt,1.0,happy,/gpfs0/bgu-vilenchi/users/sdolev/Thesis/VLMs/data/affectnet/human_annotated/validation_set/images/5093.jpg
4937,/gpfs0/bgu-vilenchi/users/sdolev/Thesis/VLMs/data/affectnet/human_annotated/validation_set/images/4937.jpg,0,neutral,0.0,neutral,/gpfs0/bgu-vilenchi/users/sdolev/Thesis/VLMs/data/affectnet/human_annotated/validation_set/images/4937.jpg
3601,/gpfs0/bgu-vilenchi/users/sdolev/Thesis/VLMs/data/affectnet/human_annotated/validation_set/images/3601.jpg,1,happy,0.0,happy,/gpfs0/bgu-vilenchi/users/sdolev/Thesis/VLMs/data/affectnet/human_annotated/validation_set/images/3601.jpg
1756,/gpfs0/bgu-vilenchi/users/sdolev/Thesis/VLMs/data/affectnet/human_annotated/validation_set/images/1756.jpg,6,angry,0.0,neutral,/gpfs0/bgu-vilenchi/users/sdolev/Thesis/VLMs/data/affectnet/human_annotated/validation_set/images/1756.jpg
243,/gpfs0/bgu-vilenchi/users/sdolev/Thesis/VLMs/data/affectnet/human_annotated/validation_set/images/243.jpg,6,angry,1.0,neutral,/gpfs0/bgu-vilenchi/users/sdolev/Thesis/VLMs/data/affectnet/human_annotated/validation_set/images/243.jpg
644,/gpfs0/bgu-vilenchi/users/sdolev/Thesis/VLMs/data/affectnet/human_annotated/validation_set/images/644.jpg,6,angry,2.0,sad,/gpfs0/bgu-vilenchi/users/sdolev/Thesis/VLMs/data/affectnet/human_annotated/validation_set/images/644.jpg
1520,/gpfs0/bgu-vilenchi/users/sdolev/Thesis/VLMs/data/affectnet/human_annotated/validation_set/images/1520.jpg,4,fear,2.0,neutral,/gpfs0/bgu-vilenchi/users/sdolev/Thesis/VLMs/data/affectnet/human_annotated/validation_set/images/1520.jpg
5260,/gpfs0/bgu-vilenchi/users/sdolev/Thesis/VLMs/data/affectnet/human_annotated/validation_set/images/5260.jpg,3,surprise,2.0,surprise,/gpfs0/bgu-vilenchi/users/sdolev/Thesis/VLMs/data/affectnet/human_annotated/validation_set/images/5260.jpg
1076,/gpfs0/bgu-vilenchi/users/sdolev/Thesis/VLMs/data/affectnet/human_annotated/validation_set/images/1076.jpg,7,contempt,1.0,happy,/gpfs0/bgu-vilenchi/users/sdolev/Thesis/VLMs/data/affectnet/human_annotated/validation_set/images/1076.jpg
1923,/gpfs0/bgu-vilenchi/users/sdolev/Thesis/VLMs/data/affectnet/human_annotated/validation_set/images/1923.jpg,7,contempt,1.0,neutral,/gpfs0/bgu-vilenchi/users/sdolev/Thesis/VLMs/data/affectnet/human_annotated/validation_set/images/1923.jpg
2482,/gpfs0/bgu-vilenchi/users/sdolev/Thesis/VLMs/data/affectnet/human_annotated/validation_set/images/2482.jpg,0,neutral,0.0,neutral,/gpfs0/bgu-vilenchi/users/sdolev/Thesis/VLMs/data/affectnet/human_annotated/validation_set/images/2482.jpg
4424,/gpfs0/bgu-vilenchi/users/sdolev/Thesis/VLMs/data/affectnet/human_annotated/validation_set/images/4424.jpg,4,fear,2.0,surprise,/gpfs0/bgu-vilenchi/users/sdolev/Thesis/VLMs/data/affectnet/human_annotated/validation_set/images/4424.jpg
1243,/gpfs0/bgu-vilenchi/users/sdolev/Thesis/VLMs/data/affectnet/human_annotated/validation_set/images/1243.jpg,3,surprise,2.0,neutral,/gpfs0/bgu-vilenchi/users/sdolev/Thesis/VLMs/data/affectnet/human_annotated/validation_set/images/1243.jpg
4827,/gpfs0/bgu-vilenchi/users/sdolev/Thesis/VLMs/data/affectnet/human_annotated/validation_set/images/4827.jpg,5,disgust,2.0,neutral,/gpfs0/bgu-vilenchi/users/sdolev/Thesis/VLMs/data/affectnet/human_annotated/validation_set/images/4827.jpg
1646,/gpfs0/bgu-vilenchi/users/sdolev/Thesis/VLMs/data/affectnet/human_annotated/validation_set/images/1646.jpg,2,sad,0.0,neutral,/gpfs0/bgu-vilenchi/users/sdolev/Thesis/VLMs/data/affectnet/human_annotated/validation_set/images/1646.jpg
418,/gpfs0/bgu-vilenchi/users/sdolev/Thesis/VLMs/data/affectnet/human_annotated/validation_set/images/418.jpg,3,surprise,1.0,surprise,/gpfs0/bgu-vilenchi/users/sdolev/Thesis/VLMs/data/affectnet/human_annotated/validation_set/images/418.jpg
555,/gpfs0/bgu-vilenchi/users/sdolev/Thesis/VLMs/data/affectnet/human_annotated/validation_set/images/555.jpg,7,contempt,1.0,neutral,/gpfs0/bgu-vilenchi/users/sdolev/Thesis/VLMs/data/affectnet/human_annotated/validation_set/images/555.jpg
5386,/gpfs0/bgu-vilenchi/users/sdolev/Thesis/VLMs/data/affectnet/human_annotated/validation_set/images/5386.jpg,3,surprise,2.0,neutral,/gpfs0/bgu-vilenchi/users/sdolev/Thesis/VLMs/data/affectnet/human_annotated/validation_set/images/5386.jpg
1410,/gpfs0/bgu-vilenchi/users/sdolev/Thesis/VLMs/data/affectnet/human_annotated/validation_set/images/1410.jpg,6,angry,1.0,neutral,/gpfs0/bgu-vilenchi/users/sdolev/Thesis/VLMs/data/affectnet/human_annotated/validation_set/images/1410.jpg
4147,/gpfs0/bgu-vilenchi/users/sdolev/Thesis/VLMs/data/affectnet/human_annotated/validation_set/images/4147.jpg,1,happy,1.0,happy,/gpfs0/bgu-vilenchi/users/sdolev/Thesis/VLMs/data/affectnet/human_annotated/validation_set/images/4147.jpg
5150,/gpfs0/bgu-vilenchi/users/sdolev/Thesis/VLMs/data/affectnet/human_annotated/validation_set/images/5150.jpg,1,happy,0.0,happy,/gpfs0/bgu-vilenchi/users/sdolev/Thesis/VLMs/data/affectnet/human_annotated/validation_set/images/5150.jpg
1813,/gpfs0/bgu-vilenchi/users/sdolev/Thesis/VLMs/data/affectnet/human_annotated/validation_set/images/1813.jpg,7,contempt,1.0,happy,/gpfs0/bgu-vilenchi/users/sdolev/Thesis/VLMs/data/affectnet/human_annotated/validation_set/images/1813.jpg
5247,/gpfs0/bgu-vilenchi/users/sdolev/Thesis/VLMs/data/affectnet/human_annotated/validation_set/images/5247.jpg,0,neutral,0.0,neutral,/gpfs0/bgu-vilenchi/users/sdolev/Thesis/VLMs/data/affectnet/human_annotated/validation_set/images/5247.jpg
2066,/gpfs0/bgu-vilenchi/users/sdolev/Thesis/VLMs/data/affectnet/human_annotated/validation_set/images/2066.jpg,3,surprise,1.0,neutral,/gpfs0/bgu-vilenchi/users/sdolev/Thesis/VLMs/data/affectnet/human_annotated/validation_set/images/2066.jpg
2372,/gpfs0/bgu-vilenchi/users/sdolev/Thesis/VLMs/data/affectnet/human_annotated/validation_set/images/2372.jpg,1,happy,0.0,happy,/gpfs0/bgu-vilenchi/users/sdolev/Thesis/VLMs/data/affectnet/human_annotated/validation_set/images/2372.jpg
4008,/gpfs0/bgu-vilenchi/users/sdolev/Thesis/VLMs/data/affectnet/human_annotated/validation_set/images/4008.jpg,1,happy,0.0,happy,/gpfs0/bgu-vilenchi/users/sdolev/Thesis/VLMs/data/affectnet/human_annotated/validation_set/images/4008.jpg
4314,/gpfs0/bgu-vilenchi/users/sdolev/Thesis/VLMs/data/affectnet/human_annotated/validation_set/images/4314.jpg,5,disgust,1.0,neutral,/gpfs0/bgu-vilenchi/users/sdolev/Thesis/VLMs/data/affectnet/human_annotated/validation_set/images/4314.jpg
2469,/gpfs0/bgu-vilenchi/users/sdolev/Thesis/VLMs/data/affectnet/human_annotated/validation_set/images/2469.jpg,2,sad,0.0,surprise,/gpfs0/bgu-vilenchi/users/sdolev/Thesis/VLMs/data/affectnet/human_annotated/validation_set/images/2469.jpg
1133,/gpfs0/bgu-vilenchi/users/sdolev/Thesis/VLMs/data/affectnet/human_annotated/validation_set/images/1133.jpg,6,angry,0.0,angry,/gpfs0/bgu-vilenchi/users/sdolev/Thesis/VLMs/data/affectnet/human_annotated/validation_set/images/1133.jpg
2775,/gpfs0/bgu-vilenchi/users/sdolev/Thesis/VLMs/data/affectnet/human_annotated/validation_set/images/2775.jpg,0,neutral,0.0,neutral,/gpfs0/bgu-vilenchi/users/sdolev/Thesis/VLMs/data/affectnet/human_annotated/validation_set/images/2775.jpg
4717,/gpfs0/bgu-vilenchi/users/sdolev/Thesis/VLMs/data/affectnet/human_annotated/validation_set/images/4717.jpg,2,sad,0.0,sad,/gpfs0/bgu-vilenchi/users/sdolev/Thesis/VLMs/data/affectnet/human_annotated/validation_set/images/4717.jpg
329,/gpfs0/bgu-vilenchi/users/sdolev/Thesis/VLMs/data/affectnet/human_annotated/validation_set/images/329.jpg,3,surprise,1.0,surprise,/gpfs0/bgu-vilenchi/users/sdolev/Thesis/VLMs/data/affectnet/human_annotated/validation_set/images/329.jpg
1536,/gpfs0/bgu-vilenchi/users/sdolev/Thesis/VLMs/data/affectnet/human_annotated/validation_set/images/1536.jpg,2,sad,0.0,sad,/gpfs0/bgu-vilenchi/users/sdolev/Thesis/VLMs/data/affectnet/human_annotated/validation_set/images/1536.jpg
970,/gpfs0/bgu-vilenchi/users/sdolev/Thesis/VLMs/data/affectnet/human_annotated/validation_set/images/970.jpg,2,sad,0.0,sad,/gpfs0/bgu-vilenchi/users/sdolev/Thesis/VLMs/data/affectnet/human_annotated/validation_set/images/970.jpg
867,/gpfs0/bgu-vilenchi/users/sdolev/Thesis/VLMs/data/affectnet/human_annotated/validation_set/images/867.jpg,0,neutral,1.0,neutral,/gpfs0/bgu-vilenchi/users/sdolev/Thesis/VLMs/data/affectnet/human_annotated/validation_set/images/867.jpg
2942,/gpfs0/bgu-vilenchi/users/sdolev/Thesis/VLMs/data/affectnet/human_annotated/validation_set/images/2942.jpg,2,sad,1.0,happy,/gpfs0/bgu-vilenchi/users/sdolev/Thesis/VLMs/data/affectnet/human_annotated/validation_set/images/2942.jpg
5040,/gpfs0/bgu-vilenchi/users/sdolev/Thesis/VLMs/data/affectnet/human_annotated/validation_set/images/5040.jpg,4,fear,0.0,surprise,/gpfs0/bgu-vilenchi/users/sdolev/Thesis/VLMs/data/affectnet/human_annotated/validation_set/images/5040.jpg
3195,/gpfs0/bgu-vilenchi/users/sdolev/Thesis/VLMs/data/affectnet/human_annotated/validation_set/images/3195.jpg,2,sad,1.0,sad,/gpfs0/bgu-vilenchi/users/sdolev/Thesis/VLMs/data/affectnet/human_annotated/validation_set/images/3195.jpg
5137,/gpfs0/bgu-vilenchi/users/sdolev/Thesis/VLMs/data/affectnet/human_annotated/validation_set/images/5137.jpg,0,neutral,0.0,neutral,/gpfs0/bgu-vilenchi/users/sdolev/Thesis/VLMs/data/affectnet/human_annotated/validation_set/images/5137.jpg
3598,/gpfs0/bgu-vilenchi/users/sdolev/Thesis/VLMs/data/affectnet/human_annotated/validation_set/images/3598.jpg,1,happy,0.0,happy,/gpfs0/bgu-vilenchi/users/sdolev/Thesis/VLMs/data/affectnet/human_annotated/validation_set/images/3598.jpg
2359,/gpfs0/bgu-vilenchi/users/sdolev/Thesis/VLMs/data/affectnet/human_annotated/validation_set/images/2359.jpg,6,angry,0.0,neutral,/gpfs0/bgu-vilenchi/users/sdolev/Thesis/VLMs/data/affectnet/human_annotated/validation_set/images/2359.jpg
3362,/gpfs0/bgu-vilenchi/users/sdolev/Thesis/VLMs/data/affectnet/human_annotated/validation_set/images/3362.jpg,4,fear,1.0,surprise,/gpfs0/bgu-vilenchi/users/sdolev/Thesis/VLMs/data/affectnet/human_annotated/validation_set/images/3362.jpg
2123,/gpfs0/bgu-vilenchi/users/sdolev/Thesis/VLMs/data/affectnet/human_annotated/validation_set/images/2123.jpg,5,disgust,1.0,happy,/gpfs0/bgu-vilenchi/users/sdolev/Thesis/VLMs/data/affectnet/human_annotated/validation_set/images/2123.jpg
3765,/gpfs0/bgu-vilenchi/users/sdolev/Thesis/VLMs/data/affectnet/human_annotated/validation_set/images/3765.jpg,6,angry,0.0,angry,/gpfs0/bgu-vilenchi/users/sdolev/Thesis/VLMs/data/affectnet/human_annotated/validation_set/images/3765.jpg
881,/gpfs0/bgu-vilenchi/users/sdolev/Thesis/VLMs/data/affectnet/human_annotated/validation_set/images/881.jpg,1,happy,0.0,happy,/gpfs0/bgu-vilenchi/users/sdolev/Thesis/VLMs/data/affectnet/human_annotated/validation_set/images/881.jpg
2526,/gpfs0/bgu-vilenchi/users/sdolev/Thesis/VLMs/data/affectnet/human_annotated/validation_set/images/2526.jpg,4,fear,2.0,neutral,/gpfs0/bgu-vilenchi/users/sdolev/Thesis/VLMs/data/affectnet/human_annotated/validation_set/images/2526.jpg
3085,/gpfs0/bgu-vilenchi/users/sdolev/Thesis/VLMs/data/affectnet/human_annotated/validation_set/images/3085.jpg,3,surprise,0.0,surprise,/gpfs0/bgu-vilenchi/users/sdolev/Thesis/VLMs/data/affectnet/human_annotated/validation_set/images/3085.jpg
3488,/gpfs0/bgu-vilenchi/users/sdolev/Thesis/VLMs/data/affectnet/human_annotated/validation_set/images/3488.jpg,4,fear,2.0,surprise,/gpfs0/bgu-vilenchi/users/sdolev/Thesis/VLMs/data/affectnet/human_annotated/validation_set/images/3488.jpg
4491,/gpfs0/bgu-vilenchi/users/sdolev/Thesis/VLMs/data/affectnet/human_annotated/validation_set/images/4491.jpg,2,sad,1.0,sad,/gpfs0/bgu-vilenchi/users/sdolev/Thesis/VLMs/data/affectnet/human_annotated/validation_set/images/4491.jpg
2249,/gpfs0/bgu-vilenchi/users/sdolev/Thesis/VLMs/data/affectnet/human_annotated/validation_set/images/2249.jpg,7,contempt,1.0,surprise,/gpfs0/bgu-vilenchi/users/sdolev/Thesis/VLMs/data/affectnet/human_annotated/validation_set/images/2249.jpg
3252,/gpfs0/bgu-vilenchi/users/sdolev/Thesis/VLMs/data/affectnet/human_annotated/validation_set/images/3252.jpg,7,contempt,2.0,neutral,/gpfs0/bgu-vilenchi/users/sdolev/Thesis/VLMs/data/affectnet/human_annotated/validation_set/images/3252.jpg
4894,/gpfs0/bgu-vilenchi/users/sdolev/Thesis/VLMs/data/affectnet/human_annotated/validation_set/images/4894.jpg,3,surprise,1.0,neutral,/gpfs0/bgu-vilenchi/users/sdolev/Thesis/VLMs/data/affectnet/human_annotated/validation_set/images/4894.jpg
792,/gpfs0/bgu-vilenchi/users/sdolev/Thesis/VLMs/data/affectnet/human_annotated/validation_set/images/792.jpg,5,disgust,0.0,neutral,/gpfs0/bgu-vilenchi/users/sdolev/Thesis/VLMs/data/affectnet/human_annotated/validation_set/images/792.jpg
2013,/gpfs0/bgu-vilenchi/users/sdolev/Thesis/VLMs/data/affectnet/human_annotated/validation_set/images/2013.jpg,3,surprise,2.0,happy,/gpfs0/bgu-vilenchi/users/sdolev/Thesis/VLMs/data/affectnet/human_annotated/validation_set/images/2013.jpg
3655,/gpfs0/bgu-vilenchi/users/sdolev/Thesis/VLMs/data/affectnet/human_annotated/validation_set/images/3655.jpg,1,happy,0.0,happy,/gpfs0/bgu-vilenchi/users/sdolev/Thesis/VLMs/data/affectnet/human_annotated/validation_set/images/3655.jpg
1880,/gpfs0/bgu-vilenchi/users/sdolev/Thesis/VLMs/data/affectnet/human_annotated/validation_set/images/1880.jpg,6,angry,0.0,surprise,/gpfs0/bgu-vilenchi/users/sdolev/Thesis/VLMs/data/affectnet/human_annotated/validation_set/images/1880.jpg
2819,/gpfs0/bgu-vilenchi/users/sdolev/Thesis/VLMs/data/affectnet/human_annotated/validation_set/images/2819.jpg,2,sad,0.0,sad,/gpfs0/bgu-vilenchi/users/sdolev/Thesis/VLMs/data/affectnet/human_annotated/validation_set/images/2819.jpg
3822,/gpfs0/bgu-vilenchi/users/sdolev/Thesis/VLMs/data/affectnet/human_annotated/validation_set/images/3822.jpg,5,disgust,0.0,disgust,/gpfs0/bgu-vilenchi/users/sdolev/Thesis/VLMs/data/affectnet/human_annotated/validation_set/images/3822.jpg
4075,/gpfs0/bgu-vilenchi/users/sdolev/Thesis/VLMs/data/affectnet/human_annotated/validation_set/images/4075.jpg,5,disgust,2.0,happy,/gpfs0/bgu-vilenchi/users/sdolev/Thesis/VLMs/data/affectnet/human_annotated/validation_set/images/4075.jpg
3378,/gpfs0/bgu-vilenchi/users/sdolev/Thesis/VLMs/data/affectnet/human_annotated/validation_set/images/3378.jpg,5,disgust,0.0,disgust,/gpfs0/bgu-vilenchi/users/sdolev/Thesis/VLMs/data/affectnet/human_annotated/validation_set/images/3378.jpg
4381,/gpfs0/bgu-vilenchi/users/sdolev/Thesis/VLMs/data/affectnet/human_annotated/validation_set/images/4381.jpg,6,angry,1.0,neutral,/gpfs0/bgu-vilenchi/users/sdolev/Thesis/VLMs/data/affectnet/human_annotated/validation_set/images/4381.jpg
165,/gpfs0/bgu-vilenchi/users/sdolev/Thesis/VLMs/data/affectnet/human_annotated/validation_set/images/165.jpg,0,neutral,1.0,happy,/gpfs0/bgu-vilenchi/users/sdolev/Thesis/VLMs/data/affectnet/human_annotated/validation_set/images/165.jpg
4478,/gpfs0/bgu-vilenchi/users/sdolev/Thesis/VLMs/data/affectnet/human_annotated/validation_set/images/4478.jpg,5,disgust,1.0,angry,/gpfs0/bgu-vilenchi/users/sdolev/Thesis/VLMs/data/affectnet/human_annotated/validation_set/images/4478.jpg
3239,/gpfs0/bgu-vilenchi/users/sdolev/Thesis/VLMs/data/affectnet/human_annotated/validation_set/images/3239.jpg,5,disgust,1.0,surprise,/gpfs0/bgu-vilenchi/users/sdolev/Thesis/VLMs/data/affectnet/human_annotated/validation_set/images/3239.jpg
3545,/gpfs0/bgu-vilenchi/users/sdolev/Thesis/VLMs/data/affectnet/human_annotated/validation_set/images/3545.jpg,3,surprise,2.0,surprise,/gpfs0/bgu-vilenchi/users/sdolev/Thesis/VLMs/data/affectnet/human_annotated/validation_set/images/3545.jpg
2306,/gpfs0/bgu-vilenchi/users/sdolev/Thesis/VLMs/data/affectnet/human_annotated/validation_set/images/2306.jpg,1,happy,0.0,happy,/gpfs0/bgu-vilenchi/users/sdolev/Thesis/VLMs/data/affectnet/human_annotated/validation_set/images/2306.jpg
3948,/gpfs0/bgu-vilenchi/users/sdolev/Thesis/VLMs/data/affectnet/human_annotated/validation_set/images/3948.jpg,2,sad,1.0,sad,/gpfs0/bgu-vilenchi/users/sdolev/Thesis/VLMs/data/affectnet/human_annotated/validation_set/images/3948.jpg
4951,/gpfs0/bgu-vilenchi/users/sdolev/Thesis/VLMs/data/affectnet/human_annotated/validation_set/images/4951.jpg,5,disgust,1.0,neutral,/gpfs0/bgu-vilenchi/users/sdolev/Thesis/VLMs/data/affectnet/human_annotated/validation_set/images/4951.jpg
1770,/gpfs0/bgu-vilenchi/users/sdolev/Thesis/VLMs/data/affectnet/human_annotated/validation_set/images/1770.jpg,1,happy,0.0,happy,/gpfs0/bgu-vilenchi/users/sdolev/Thesis/VLMs/data/affectnet/human_annotated/validation_set/images/1770.jpg
2709,/gpfs0/bgu-vilenchi/users/sdolev/Thesis/VLMs/data/affectnet/human_annotated/validation_set/images/2709.jpg,2,sad,1.0,sad,/gpfs0/bgu-vilenchi/users/sdolev/Thesis/VLMs/data/affectnet/human_annotated/validation_set/images/2709.jpg
4271,/gpfs0/bgu-vilenchi/users/sdolev/Thesis/VLMs/data/affectnet/human_annotated/validation_set/images/4271.jpg,3,surprise,2.0,sad,/gpfs0/bgu-vilenchi/users/sdolev/Thesis/VLMs/data/affectnet/human_annotated/validation_set/images/4271.jpg
1090,/gpfs0/bgu-vilenchi/users/sdolev/Thesis/VLMs/data/affectnet/human_annotated/validation_set/images/1090.jpg,2,sad,0.0,sad,/gpfs0/bgu-vilenchi/users/sdolev/Thesis/VLMs/data/affectnet/human_annotated/validation_set/images/1090.jpg
5371,/gpfs0/bgu-vilenchi/users/sdolev/Thesis/VLMs/data/affectnet/human_annotated/validation_set/images/5371.jpg,5,disgust,1.0,angry,/gpfs0/bgu-vilenchi/users/sdolev/Thesis/VLMs/data/affectnet/human_annotated/validation_set/images/5371.jpg
2190,/gpfs0/bgu-vilenchi/users/sdolev/Thesis/VLMs/data/affectnet/human_annotated/validation_set/images/2190.jpg,5,disgust,1.0,angry,/gpfs0/bgu-vilenchi/users/sdolev/Thesis/VLMs/data/affectnet/human_annotated/validation_set/images/2190.jpg
3129,/gpfs0/bgu-vilenchi/users/sdolev/Thesis/VLMs/data/affectnet/human_annotated/validation_set/images/3129.jpg,7,contempt,1.0,neutral,/gpfs0/bgu-vilenchi/users/sdolev/Thesis/VLMs/data/affectnet/human_annotated/validation_set/images/3129.jpg
4132,/gpfs0/bgu-vilenchi/users/sdolev/Thesis/VLMs/data/affectnet/human_annotated/validation_set/images/4132.jpg,5,disgust,1.0,angry,/gpfs0/bgu-vilenchi/users/sdolev/Thesis/VLMs/data/affectnet/human_annotated/validation_set/images/4132.jpg
2593,/gpfs0/bgu-vilenchi/users/sdolev/Thesis/VLMs/data/affectnet/human_annotated/validation_set/images/2593.jpg,6,angry,2.0,surprise,/gpfs0/bgu-vilenchi/users/sdolev/Thesis/VLMs/data/affectnet/human_annotated/validation_set/images/2593.jpg
1896,/gpfs0/bgu-vilenchi/users/sdolev/Thesis/VLMs/data/affectnet/human_annotated/validation_set/images/1896.jpg,2,sad,1.0,contempt,/gpfs0/bgu-vilenchi/users/sdolev/Thesis/VLMs/data/affectnet/human_annotated/validation_set/images/1896.jpg
2996,/gpfs0/bgu-vilenchi/users/sdolev/Thesis/VLMs/data/affectnet/human_annotated/validation_set/images/2996.jpg,7,contempt,1.0,neutral,/gpfs0/bgu-vilenchi/users/sdolev/Thesis/VLMs/data/affectnet/human_annotated/validation_set/images/2996.jpg
5094,/gpfs0/bgu-vilenchi/users/sdolev/Thesis/VLMs/data/affectnet/human_annotated/validation_set/images/5094.jpg,2,sad,0.0,neutral,/gpfs0/bgu-vilenchi/users/sdolev/Thesis/VLMs/data/affectnet/human_annotated/validation_set/images/5094.jpg
4938,/gpfs0/bgu-vilenchi/users/sdolev/Thesis/VLMs/data/affectnet/human_annotated/validation_set/images/4938.jpg,6,angry,0.0,angry,/gpfs0/bgu-vilenchi/users/sdolev/Thesis/VLMs/data/affectnet/human_annotated/validation_set/images/4938.jpg
3602,/gpfs0/bgu-vilenchi/users/sdolev/Thesis/VLMs/data/affectnet/human_annotated/validation_set/images/3602.jpg,3,surprise,0.0,surprise,/gpfs0/bgu-vilenchi/users/sdolev/Thesis/VLMs/data/affectnet/human_annotated/validation_set/images/3602.jpg
1757,/gpfs0/bgu-vilenchi/users/sdolev/Thesis/VLMs/data/affectnet/human_annotated/validation_set/images/1757.jpg,6,angry,1.0,neutral,/gpfs0/bgu-vilenchi/users/sdolev/Thesis/VLMs/data/affectnet/human_annotated/validation_set/images/1757.jpg
491,/gpfs0/bgu-vilenchi/users/sdolev/Thesis/VLMs/data/affectnet/human_annotated/validation_set/images/491.jpg,3,surprise,2.0,neutral,/gpfs0/bgu-vilenchi/users/sdolev/Thesis/VLMs/data/affectnet/human_annotated/validation_set/images/491.jpg
388,/gpfs0/bgu-vilenchi/users/sdolev/Thesis/VLMs/data/affectnet/human_annotated/validation_set/images/388.jpg,7,contempt,1.0,happy,/gpfs0/bgu-vilenchi/users/sdolev/Thesis/VLMs/data/affectnet/human_annotated/validation_set/images/388.jpg
4258,/gpfs0/bgu-vilenchi/users/sdolev/Thesis/VLMs/data/affectnet/human_annotated/validation_set/images/4258.jpg,3,surprise,1.0,surprise,/gpfs0/bgu-vilenchi/users/sdolev/Thesis/VLMs/data/affectnet/human_annotated/validation_set/images/4258.jpg
5261,/gpfs0/bgu-vilenchi/users/sdolev/Thesis/VLMs/data/affectnet/human_annotated/validation_set/images/5261.jpg,2,sad,0.0,sad,/gpfs0/bgu-vilenchi/users/sdolev/Thesis/VLMs/data/affectnet/human_annotated/validation_set/images/5261.jpg
789,/gpfs0/bgu-vilenchi/users/sdolev/Thesis/VLMs/data/affectnet/human_annotated/validation_set/images/789.jpg,5,disgust,1.0,disgust,/gpfs0/bgu-vilenchi/users/sdolev/Thesis/VLMs/data/affectnet/human_annotated/validation_set/images/789.jpg
1077,/gpfs0/bgu-vilenchi/users/sdolev/Thesis/VLMs/data/affectnet/human_annotated/validation_set/images/1077.jpg,3,surprise,1.0,surprise,/gpfs0/bgu-vilenchi/users/sdolev/Thesis/VLMs/data/affectnet/human_annotated/validation_set/images/1077.jpg
2080,/gpfs0/bgu-vilenchi/users/sdolev/Thesis/VLMs/data/affectnet/human_annotated/validation_set/images/2080.jpg,1,happy,0.0,happy,/gpfs0/bgu-vilenchi/users/sdolev/Thesis/VLMs/data/affectnet/human_annotated/validation_set/images/2080.jpg
1924,/gpfs0/bgu-vilenchi/users/sdolev/Thesis/VLMs/data/affectnet/human_annotated/validation_set/images/1924.jpg,2,sad,0.0,sad,/gpfs0/bgu-vilenchi/users/sdolev/Thesis/VLMs/data/affectnet/human_annotated/validation_set/images/1924.jpg
3019,/gpfs0/bgu-vilenchi/users/sdolev/Thesis/VLMs/data/affectnet/human_annotated/validation_set/images/3019.jpg,3,surprise,2.0,happy,/gpfs0/bgu-vilenchi/users/sdolev/Thesis/VLMs/data/affectnet/human_annotated/validation_set/images/3019.jpg
4022,/gpfs0/bgu-vilenchi/users/sdolev/Thesis/VLMs/data/affectnet/human_annotated/validation_set/images/4022.jpg,1,happy,2.0,neutral,/gpfs0/bgu-vilenchi/users/sdolev/Thesis/VLMs/data/affectnet/human_annotated/validation_set/images/4022.jpg
924,/gpfs0/bgu-vilenchi/users/sdolev/Thesis/VLMs/data/affectnet/human_annotated/validation_set/images/924.jpg,4,fear,2.0,surprise,/gpfs0/bgu-vilenchi/users/sdolev/Thesis/VLMs/data/affectnet/human_annotated/validation_set/images/924.jpg
2483,/gpfs0/bgu-vilenchi/users/sdolev/Thesis/VLMs/data/affectnet/human_annotated/validation_set/images/2483.jpg,7,contempt,2.0,neutral,/gpfs0/bgu-vilenchi/users/sdolev/Thesis/VLMs/data/affectnet/human_annotated/validation_set/images/2483.jpg
1244,/gpfs0/bgu-vilenchi/users/sdolev/Thesis/VLMs/data/affectnet/human_annotated/validation_set/images/1244.jpg,0,neutral,0.0,neutral,/gpfs0/bgu-vilenchi/users/sdolev/Thesis/VLMs/data/affectnet/human_annotated/validation_set/images/1244.jpg
2886,/gpfs0/bgu-vilenchi/users/sdolev/Thesis/VLMs/data/affectnet/human_annotated/validation_set/images/2886.jpg,4,fear,0.0,surprise,/gpfs0/bgu-vilenchi/users/sdolev/Thesis/VLMs/data/affectnet/human_annotated/validation_set/images/2886.jpg
4828,/gpfs0/bgu-vilenchi/users/sdolev/Thesis/VLMs/data/affectnet/human_annotated/validation_set/images/4828.jpg,0,neutral,0.0,neutral,/gpfs0/bgu-vilenchi/users/sdolev/Thesis/VLMs/data/affectnet/human_annotated/validation_set/images/4828.jpg
1647,/gpfs0/bgu-vilenchi/users/sdolev/Thesis/VLMs/data/affectnet/human_annotated/validation_set/images/1647.jpg,1,happy,1.0,happy,/gpfs0/bgu-vilenchi/users/sdolev/Thesis/VLMs/data/affectnet/human_annotated/validation_set/images/1647.jpg
2650,/gpfs0/bgu-vilenchi/users/sdolev/Thesis/VLMs/data/affectnet/human_annotated/validation_set/images/2650.jpg,7,contempt,2.0,neutral,/gpfs0/bgu-vilenchi/users/sdolev/Thesis/VLMs/data/affectnet/human_annotated/validation_set/images/2650.jpg
5387,/gpfs0/bgu-vilenchi/users/sdolev/Thesis/VLMs/data/affectnet/human_annotated/validation_set/images/5387.jpg,1,happy,0.0,happy,/gpfs0/bgu-vilenchi/users/sdolev/Thesis/VLMs/data/affectnet/human_annotated/validation_set/images/5387.jpg
299,/gpfs0/bgu-vilenchi/users/sdolev/Thesis/VLMs/data/affectnet/human_annotated/validation_set/images/299.jpg,4,fear,2.0,neutral,/gpfs0/bgu-vilenchi/users/sdolev/Thesis/VLMs/data/affectnet/human_annotated/validation_set/images/299.jpg
1411,/gpfs0/bgu-vilenchi/users/sdolev/Thesis/VLMs/data/affectnet/human_annotated/validation_set/images/1411.jpg,2,sad,2.0,neutral,/gpfs0/bgu-vilenchi/users/sdolev/Thesis/VLMs/data/affectnet/human_annotated/validation_set/images/1411.jpg
400,/gpfs0/bgu-vilenchi/users/sdolev/Thesis/VLMs/data/affectnet/human_annotated/validation_set/images/400.jpg,4,fear,0.0,surprise,/gpfs0/bgu-vilenchi/users/sdolev/Thesis/VLMs/data/affectnet/human_annotated/validation_set/images/400.jpg
5151,/gpfs0/bgu-vilenchi/users/sdolev/Thesis/VLMs/data/affectnet/human_annotated/validation_set/images/5151.jpg,6,angry,0.0,neutral,/gpfs0/bgu-vilenchi/users/sdolev/Thesis/VLMs/data/affectnet/human_annotated/validation_set/images/5151.jpg
1814,/gpfs0/bgu-vilenchi/users/sdolev/Thesis/VLMs/data/affectnet/human_annotated/validation_set/images/1814.jpg,6,angry,0.0,neutral,/gpfs0/bgu-vilenchi/users/sdolev/Thesis/VLMs/data/affectnet/human_annotated/validation_set/images/1814.jpg
5248,/gpfs0/bgu-vilenchi/users/sdolev/Thesis/VLMs/data/affectnet/human_annotated/validation_set/images/5248.jpg,1,happy,0.0,happy,/gpfs0/bgu-vilenchi/users/sdolev/Thesis/VLMs/data/affectnet/human_annotated/validation_set/images/5248.jpg
2067,/gpfs0/bgu-vilenchi/users/sdolev/Thesis/VLMs/data/affectnet/human_annotated/validation_set/images/2067.jpg,2,sad,2.0,sad,/gpfs0/bgu-vilenchi/users/sdolev/Thesis/VLMs/data/affectnet/human_annotated/validation_set/images/2067.jpg
4009,/gpfs0/bgu-vilenchi/users/sdolev/Thesis/VLMs/data/affectnet/human_annotated/validation_set/images/4009.jpg,0,neutral,2.0,neutral,/gpfs0/bgu-vilenchi/users/sdolev/Thesis/VLMs/data/affectnet/human_annotated/validation_set/images/4009.jpg
4315,/gpfs0/bgu-vilenchi/users/sdolev/Thesis/VLMs/data/affectnet/human_annotated/validation_set/images/4315.jpg,5,disgust,1.0,happy,/gpfs0/bgu-vilenchi/users/sdolev/Thesis/VLMs/data/affectnet/human_annotated/validation_set/images/4315.jpg
2776,/gpfs0/bgu-vilenchi/users/sdolev/Thesis/VLMs/data/affectnet/human_annotated/validation_set/images/2776.jpg,7,contempt,2.0,neutral,/gpfs0/bgu-vilenchi/users/sdolev/Thesis/VLMs/data/affectnet/human_annotated/validation_set/images/2776.jpg
4718,/gpfs0/bgu-vilenchi/users/sdolev/Thesis/VLMs/data/affectnet/human_annotated/validation_set/images/4718.jpg,0,neutral,1.0,neutral,/gpfs0/bgu-vilenchi/users/sdolev/Thesis/VLMs/data/affectnet/human_annotated/validation_set/images/4718.jpg
1537,/gpfs0/bgu-vilenchi/users/sdolev/Thesis/VLMs/data/affectnet/human_annotated/validation_set/images/1537.jpg,7,contempt,1.0,neutral,/gpfs0/bgu-vilenchi/users/sdolev/Thesis/VLMs/data/affectnet/human_annotated/validation_set/images/1537.jpg
2540,/gpfs0/bgu-vilenchi/users/sdolev/Thesis/VLMs/data/affectnet/human_annotated/validation_set/images/2540.jpg,6,angry,1.0,neutral,/gpfs0/bgu-vilenchi/users/sdolev/Thesis/VLMs/data/affectnet/human_annotated/validation_set/images/2540.jpg
311,/gpfs0/bgu-vilenchi/users/sdolev/Thesis/VLMs/data/affectnet/human_annotated/validation_set/images/311.jpg,3,surprise,2.0,happy,/gpfs0/bgu-vilenchi/users/sdolev/Thesis/VLMs/data/affectnet/human_annotated/validation_set/images/311.jpg
1301,/gpfs0/bgu-vilenchi/users/sdolev/Thesis/VLMs/data/affectnet/human_annotated/validation_set/images/1301.jpg,0,neutral,0.0,neutral,/gpfs0/bgu-vilenchi/users/sdolev/Thesis/VLMs/data/affectnet/human_annotated/validation_set/images/1301.jpg
208,/gpfs0/bgu-vilenchi/users/sdolev/Thesis/VLMs/data/affectnet/human_annotated/validation_set/images/208.jpg,4,fear,2.0,neutral,/gpfs0/bgu-vilenchi/users/sdolev/Thesis/VLMs/data/affectnet/human_annotated/validation_set/images/208.jpg
712,/gpfs0/bgu-vilenchi/users/sdolev/Thesis/VLMs/data/affectnet/human_annotated/validation_set/images/712.jpg,5,disgust,2.0,neutral,/gpfs0/bgu-vilenchi/users/sdolev/Thesis/VLMs/data/affectnet/human_annotated/validation_set/images/712.jpg
3196,/gpfs0/bgu-vilenchi/users/sdolev/Thesis/VLMs/data/affectnet/human_annotated/validation_set/images/3196.jpg,4,fear,0.0,surprise,/gpfs0/bgu-vilenchi/users/sdolev/Thesis/VLMs/data/affectnet/human_annotated/validation_set/images/3196.jpg
1704,/gpfs0/bgu-vilenchi/users/sdolev/Thesis/VLMs/data/affectnet/human_annotated/validation_set/images/1704.jpg,4,fear,0.0,surprise,/gpfs0/bgu-vilenchi/users/sdolev/Thesis/VLMs/data/affectnet/human_annotated/validation_set/images/1704.jpg
5138,/gpfs0/bgu-vilenchi/users/sdolev/Thesis/VLMs/data/affectnet/human_annotated/validation_set/images/5138.jpg,3,surprise,2.0,surprise,/gpfs0/bgu-vilenchi/users/sdolev/Thesis/VLMs/data/affectnet/human_annotated/validation_set/images/5138.jpg
5444,/gpfs0/bgu-vilenchi/users/sdolev/Thesis/VLMs/data/affectnet/human_annotated/validation_set/images/5444.jpg,0,neutral,1.0,happy,/gpfs0/bgu-vilenchi/users/sdolev/Thesis/VLMs/data/affectnet/human_annotated/validation_set/images/5444.jpg
3363,/gpfs0/bgu-vilenchi/users/sdolev/Thesis/VLMs/data/affectnet/human_annotated/validation_set/images/3363.jpg,4,fear,2.0,neutral,/gpfs0/bgu-vilenchi/users/sdolev/Thesis/VLMs/data/affectnet/human_annotated/validation_set/images/3363.jpg
5305,/gpfs0/bgu-vilenchi/users/sdolev/Thesis/VLMs/data/affectnet/human_annotated/validation_set/images/5305.jpg,3,surprise,0.0,surprise,/gpfs0/bgu-vilenchi/users/sdolev/Thesis/VLMs/data/affectnet/human_annotated/validation_set/images/5305.jpg
3766,/gpfs0/bgu-vilenchi/users/sdolev/Thesis/VLMs/data/affectnet/human_annotated/validation_set/images/3766.jpg,1,happy,0.0,happy,/gpfs0/bgu-vilenchi/users/sdolev/Thesis/VLMs/data/affectnet/human_annotated/validation_set/images/3766.jpg
2430,/gpfs0/bgu-vilenchi/users/sdolev/Thesis/VLMs/data/affectnet/human_annotated/validation_set/images/2430.jpg,7,contempt,1.0,neutral,/gpfs0/bgu-vilenchi/users/sdolev/Thesis/VLMs/data/affectnet/human_annotated/validation_set/images/2430.jpg
2527,/gpfs0/bgu-vilenchi/users/sdolev/Thesis/VLMs/data/affectnet/human_annotated/validation_set/images/2527.jpg,2,sad,2.0,neutral,/gpfs0/bgu-vilenchi/users/sdolev/Thesis/VLMs/data/affectnet/human_annotated/validation_set/images/2527.jpg
623,/gpfs0/bgu-vilenchi/users/sdolev/Thesis/VLMs/data/affectnet/human_annotated/validation_set/images/623.jpg,2,sad,1.0,sad,/gpfs0/bgu-vilenchi/users/sdolev/Thesis/VLMs/data/affectnet/human_annotated/validation_set/images/623.jpg
2833,/gpfs0/bgu-vilenchi/users/sdolev/Thesis/VLMs/data/affectnet/human_annotated/validation_set/images/2833.jpg,4,fear,0.0,surprise,/gpfs0/bgu-vilenchi/users/sdolev/Thesis/VLMs/data/affectnet/human_annotated/validation_set/images/2833.jpg
5028,/gpfs0/bgu-vilenchi/users/sdolev/Thesis/VLMs/data/affectnet/human_annotated/validation_set/images/5028.jpg,0,neutral,0.0,neutral,/gpfs0/bgu-vilenchi/users/sdolev/Thesis/VLMs/data/affectnet/human_annotated/validation_set/images/5028.jpg
3489,/gpfs0/bgu-vilenchi/users/sdolev/Thesis/VLMs/data/affectnet/human_annotated/validation_set/images/3489.jpg,5,disgust,1.0,disgust,/gpfs0/bgu-vilenchi/users/sdolev/Thesis/VLMs/data/affectnet/human_annotated/validation_set/images/3489.jpg
4492,/gpfs0/bgu-vilenchi/users/sdolev/Thesis/VLMs/data/affectnet/human_annotated/validation_set/images/4492.jpg,5,disgust,1.0,happy,/gpfs0/bgu-vilenchi/users/sdolev/Thesis/VLMs/data/affectnet/human_annotated/validation_set/images/4492.jpg
3253,/gpfs0/bgu-vilenchi/users/sdolev/Thesis/VLMs/data/affectnet/human_annotated/validation_set/images/3253.jpg,3,surprise,1.0,happy,/gpfs0/bgu-vilenchi/users/sdolev/Thesis/VLMs/data/affectnet/human_annotated/validation_set/images/3253.jpg
4895,/gpfs0/bgu-vilenchi/users/sdolev/Thesis/VLMs/data/affectnet/human_annotated/validation_set/images/4895.jpg,4,fear,2.0,surprise,/gpfs0/bgu-vilenchi/users/sdolev/Thesis/VLMs/data/affectnet/human_annotated/validation_set/images/4895.jpg
2014,/gpfs0/bgu-vilenchi/users/sdolev/Thesis/VLMs/data/affectnet/human_annotated/validation_set/images/2014.jpg,6,angry,1.0,neutral,/gpfs0/bgu-vilenchi/users/sdolev/Thesis/VLMs/data/affectnet/human_annotated/validation_set/images/2014.jpg
3656,/gpfs0/bgu-vilenchi/users/sdolev/Thesis/VLMs/data/affectnet/human_annotated/validation_set/images/3656.jpg,1,happy,0.0,happy,/gpfs0/bgu-vilenchi/users/sdolev/Thesis/VLMs/data/affectnet/human_annotated/validation_set/images/3656.jpg
2417,/gpfs0/bgu-vilenchi/users/sdolev/Thesis/VLMs/data/affectnet/human_annotated/validation_set/images/2417.jpg,2,sad,1.0,sad,/gpfs0/bgu-vilenchi/users/sdolev/Thesis/VLMs/data/affectnet/human_annotated/validation_set/images/2417.jpg
3420,/gpfs0/bgu-vilenchi/users/sdolev/Thesis/VLMs/data/affectnet/human_annotated/validation_set/images/3420.jpg,3,surprise,0.0,surprise,/gpfs0/bgu-vilenchi/users/sdolev/Thesis/VLMs/data/affectnet/human_annotated/validation_set/images/3420.jpg
1881,/gpfs0/bgu-vilenchi/users/sdolev/Thesis/VLMs/data/affectnet/human_annotated/validation_set/images/1881.jpg,2,sad,2.0,neutral,/gpfs0/bgu-vilenchi/users/sdolev/Thesis/VLMs/data/affectnet/human_annotated/validation_set/images/1881.jpg
935,/gpfs0/bgu-vilenchi/users/sdolev/Thesis/VLMs/data/affectnet/human_annotated/validation_set/images/935.jpg,3,surprise,2.0,surprise,/gpfs0/bgu-vilenchi/users/sdolev/Thesis/VLMs/data/affectnet/human_annotated/validation_set/images/935.jpg
3823,/gpfs0/bgu-vilenchi/users/sdolev/Thesis/VLMs/data/affectnet/human_annotated/validation_set/images/3823.jpg,7,contempt,2.0,happy,/gpfs0/bgu-vilenchi/users/sdolev/Thesis/VLMs/data/affectnet/human_annotated/validation_set/images/3823.jpg
4076,/gpfs0/bgu-vilenchi/users/sdolev/Thesis/VLMs/data/affectnet/human_annotated/validation_set/images/4076.jpg,5,disgust,1.0,angry,/gpfs0/bgu-vilenchi/users/sdolev/Thesis/VLMs/data/affectnet/human_annotated/validation_set/images/4076.jpg
3379,/gpfs0/bgu-vilenchi/users/sdolev/Thesis/VLMs/data/affectnet/human_annotated/validation_set/images/3379.jpg,0,neutral,2.0,neutral,/gpfs0/bgu-vilenchi/users/sdolev/Thesis/VLMs/data/affectnet/human_annotated/validation_set/images/3379.jpg
4382,/gpfs0/bgu-vilenchi/users/sdolev/Thesis/VLMs/data/affectnet/human_annotated/validation_set/images/4382.jpg,3,surprise,0.0,surprise,/gpfs0/bgu-vilenchi/users/sdolev/Thesis/VLMs/data/affectnet/human_annotated/validation_set/images/4382.jpg
4479,/gpfs0/bgu-vilenchi/users/sdolev/Thesis/VLMs/data/affectnet/human_annotated/validation_set/images/4479.jpg,1,happy,0.0,happy,/gpfs0/bgu-vilenchi/users/sdolev/Thesis/VLMs/data/affectnet/human_annotated/validation_set/images/4479.jpg
3143,/gpfs0/bgu-vilenchi/users/sdolev/Thesis/VLMs/data/affectnet/human_annotated/validation_set/images/3143.jpg,4,fear,2.0,happy,/gpfs0/bgu-vilenchi/users/sdolev/Thesis/VLMs/data/affectnet/human_annotated/validation_set/images/3143.jpg
1298,/gpfs0/bgu-vilenchi/users/sdolev/Thesis/VLMs/data/affectnet/human_annotated/validation_set/images/1298.jpg,7,contempt,1.0,happy,/gpfs0/bgu-vilenchi/users/sdolev/Thesis/VLMs/data/affectnet/human_annotated/validation_set/images/1298.jpg
3546,/gpfs0/bgu-vilenchi/users/sdolev/Thesis/VLMs/data/affectnet/human_annotated/validation_set/images/3546.jpg,1,happy,0.0,happy,/gpfs0/bgu-vilenchi/users/sdolev/Thesis/VLMs/data/affectnet/human_annotated/validation_set/images/3546.jpg
445,/gpfs0/bgu-vilenchi/users/sdolev/Thesis/VLMs/data/affectnet/human_annotated/validation_set/images/445.jpg,2,sad,0.0,sad,/gpfs0/bgu-vilenchi/users/sdolev/Thesis/VLMs/data/affectnet/human_annotated/validation_set/images/445.jpg
2307,/gpfs0/bgu-vilenchi/users/sdolev/Thesis/VLMs/data/affectnet/human_annotated/validation_set/images/2307.jpg,5,disgust,0.0,angry,/gpfs0/bgu-vilenchi/users/sdolev/Thesis/VLMs/data/affectnet/human_annotated/validation_set/images/2307.jpg
846,/gpfs0/bgu-vilenchi/users/sdolev/Thesis/VLMs/data/affectnet/human_annotated/validation_set/images/846.jpg,6,angry,1.0,surprise,/gpfs0/bgu-vilenchi/users/sdolev/Thesis/VLMs/data/affectnet/human_annotated/validation_set/images/846.jpg
3949,/gpfs0/bgu-vilenchi/users/sdolev/Thesis/VLMs/data/affectnet/human_annotated/validation_set/images/3949.jpg,7,contempt,2.0,happy,/gpfs0/bgu-vilenchi/users/sdolev/Thesis/VLMs/data/affectnet/human_annotated/validation_set/images/3949.jpg
4952,/gpfs0/bgu-vilenchi/users/sdolev/Thesis/VLMs/data/affectnet/human_annotated/validation_set/images/4952.jpg,3,surprise,1.0,surprise,/gpfs0/bgu-vilenchi/users/sdolev/Thesis/VLMs/data/affectnet/human_annotated/validation_set/images/4952.jpg
1771,/gpfs0/bgu-vilenchi/users/sdolev/Thesis/VLMs/data/affectnet/human_annotated/validation_set/images/1771.jpg,6,angry,2.0,neutral,/gpfs0/bgu-vilenchi/users/sdolev/Thesis/VLMs/data/affectnet/human_annotated/validation_set/images/1771.jpg
3407,/gpfs0/bgu-vilenchi/users/sdolev/Thesis/VLMs/data/affectnet/human_annotated/validation_set/images/3407.jpg,1,happy,0.0,happy,/gpfs0/bgu-vilenchi/users/sdolev/Thesis/VLMs/data/affectnet/human_annotated/validation_set/images/3407.jpg
3713,/gpfs0/bgu-vilenchi/users/sdolev/Thesis/VLMs/data/affectnet/human_annotated/validation_set/images/3713.jpg,5,disgust,0.0,contempt,/gpfs0/bgu-vilenchi/users/sdolev/Thesis/VLMs/data/affectnet/human_annotated/validation_set/images/3713.jpg
3,/gpfs0/bgu-vilenchi/users/sdolev/Thesis/VLMs/data/affectnet/human_annotated/validation_set/images/3.jpg,0,neutral,0.0,neutral,/gpfs0/bgu-vilenchi/users/sdolev/Thesis/VLMs/data/affectnet/human_annotated/validation_set/images/3.jpg
4272,/gpfs0/bgu-vilenchi/users/sdolev/Thesis/VLMs/data/affectnet/human_annotated/validation_set/images/4272.jpg,0,neutral,0.0,neutral,/gpfs0/bgu-vilenchi/users/sdolev/Thesis/VLMs/data/affectnet/human_annotated/validation_set/images/4272.jpg
1091,/gpfs0/bgu-vilenchi/users/sdolev/Thesis/VLMs/data/affectnet/human_annotated/validation_set/images/1091.jpg,7,contempt,1.0,happy,/gpfs0/bgu-vilenchi/users/sdolev/Thesis/VLMs/data/affectnet/human_annotated/validation_set/images/1091.jpg
4369,/gpfs0/bgu-vilenchi/users/sdolev/Thesis/VLMs/data/affectnet/human_annotated/validation_set/images/4369.jpg,4,fear,2.0,surprise,/gpfs0/bgu-vilenchi/users/sdolev/Thesis/VLMs/data/affectnet/human_annotated/validation_set/images/4369.jpg
5372,/gpfs0/bgu-vilenchi/users/sdolev/Thesis/VLMs/data/affectnet/human_annotated/validation_set/images/5372.jpg,6,angry,1.0,neutral,/gpfs0/bgu-vilenchi/users/sdolev/Thesis/VLMs/data/affectnet/human_annotated/validation_set/images/5372.jpg
1188,/gpfs0/bgu-vilenchi/users/sdolev/Thesis/VLMs/data/affectnet/human_annotated/validation_set/images/1188.jpg,7,contempt,1.0,happy,/gpfs0/bgu-vilenchi/users/sdolev/Thesis/VLMs/data/affectnet/human_annotated/validation_set/images/1188.jpg
219,/gpfs0/bgu-vilenchi/users/sdolev/Thesis/VLMs/data/affectnet/human_annotated/validation_set/images/219.jpg,2,sad,1.0,sad,/gpfs0/bgu-vilenchi/users/sdolev/Thesis/VLMs/data/affectnet/human_annotated/validation_set/images/219.jpg
2594,/gpfs0/bgu-vilenchi/users/sdolev/Thesis/VLMs/data/affectnet/human_annotated/validation_set/images/2594.jpg,7,contempt,1.0,happy,/gpfs0/bgu-vilenchi/users/sdolev/Thesis/VLMs/data/affectnet/human_annotated/validation_set/images/2594.jpg
860,/gpfs0/bgu-vilenchi/users/sdolev/Thesis/VLMs/data/affectnet/human_annotated/validation_set/images/860.jpg,3,surprise,0.0,surprise,/gpfs0/bgu-vilenchi/users/sdolev/Thesis/VLMs/data/affectnet/human_annotated/validation_set/images/860.jpg
4536,/gpfs0/bgu-vilenchi/users/sdolev/Thesis/VLMs/data/affectnet/human_annotated/validation_set/images/4536.jpg,1,happy,0.0,happy,/gpfs0/bgu-vilenchi/users/sdolev/Thesis/VLMs/data/affectnet/human_annotated/validation_set/images/4536.jpg
3200,/gpfs0/bgu-vilenchi/users/sdolev/Thesis/VLMs/data/affectnet/human_annotated/validation_set/images/3200.jpg,2,sad,1.0,sad,/gpfs0/bgu-vilenchi/users/sdolev/Thesis/VLMs/data/affectnet/human_annotated/validation_set/images/3200.jpg
1355,/gpfs0/bgu-vilenchi/users/sdolev/Thesis/VLMs/data/affectnet/human_annotated/validation_set/images/1355.jpg,5,disgust,2.0,surprise,/gpfs0/bgu-vilenchi/users/sdolev/Thesis/VLMs/data/affectnet/human_annotated/validation_set/images/1355.jpg
4842,/gpfs0/bgu-vilenchi/users/sdolev/Thesis/VLMs/data/affectnet/human_annotated/validation_set/images/4842.jpg,6,angry,1.0,neutral,/gpfs0/bgu-vilenchi/users/sdolev/Thesis/VLMs/data/affectnet/human_annotated/validation_set/images/4842.jpg
2997,/gpfs0/bgu-vilenchi/users/sdolev/Thesis/VLMs/data/affectnet/human_annotated/validation_set/images/2997.jpg,7,contempt,1.0,happy,/gpfs0/bgu-vilenchi/users/sdolev/Thesis/VLMs/data/affectnet/human_annotated/validation_set/images/2997.jpg
1661,/gpfs0/bgu-vilenchi/users/sdolev/Thesis/VLMs/data/affectnet/human_annotated/validation_set/images/1661.jpg,0,neutral,0.0,neutral,/gpfs0/bgu-vilenchi/users/sdolev/Thesis/VLMs/data/affectnet/human_annotated/validation_set/images/1661.jpg
4300,/gpfs0/bgu-vilenchi/users/sdolev/Thesis/VLMs/data/affectnet/human_annotated/validation_set/images/4300.jpg,0,neutral,0.0,neutral,/gpfs0/bgu-vilenchi/users/sdolev/Thesis/VLMs/data/affectnet/human_annotated/validation_set/images/4300.jpg
5095,/gpfs0/bgu-vilenchi/users/sdolev/Thesis/VLMs/data/affectnet/human_annotated/validation_set/images/5095.jpg,7,contempt,1.0,happy,/gpfs0/bgu-vilenchi/users/sdolev/Thesis/VLMs/data/affectnet/human_annotated/validation_set/images/5095.jpg
4939,/gpfs0/bgu-vilenchi/users/sdolev/Thesis/VLMs/data/affectnet/human_annotated/validation_set/images/4939.jpg,7,contempt,1.0,happy,/gpfs0/bgu-vilenchi/users/sdolev/Thesis/VLMs/data/affectnet/human_annotated/validation_set/images/4939.jpg
1758,/gpfs0/bgu-vilenchi/users/sdolev/Thesis/VLMs/data/affectnet/human_annotated/validation_set/images/1758.jpg,6,angry,1.0,neutral,/gpfs0/bgu-vilenchi/users/sdolev/Thesis/VLMs/data/affectnet/human_annotated/validation_set/images/1758.jpg
4703,/gpfs0/bgu-vilenchi/users/sdolev/Thesis/VLMs/data/affectnet/human_annotated/validation_set/images/4703.jpg,4,fear,0.0,surprise,/gpfs0/bgu-vilenchi/users/sdolev/Thesis/VLMs/data/affectnet/human_annotated/validation_set/images/4703.jpg
4259,/gpfs0/bgu-vilenchi/users/sdolev/Thesis/VLMs/data/affectnet/human_annotated/validation_set/images/4259.jpg,1,happy,0.0,happy,/gpfs0/bgu-vilenchi/users/sdolev/Thesis/VLMs/data/affectnet/human_annotated/validation_set/images/4259.jpg
5262,/gpfs0/bgu-vilenchi/users/sdolev/Thesis/VLMs/data/affectnet/human_annotated/validation_set/images/5262.jpg,2,sad,0.0,neutral,/gpfs0/bgu-vilenchi/users/sdolev/Thesis/VLMs/data/affectnet/human_annotated/validation_set/images/5262.jpg
233,/gpfs0/bgu-vilenchi/users/sdolev/Thesis/VLMs/data/affectnet/human_annotated/validation_set/images/233.jpg,3,surprise,0.0,surprise,/gpfs0/bgu-vilenchi/users/sdolev/Thesis/VLMs/data/affectnet/human_annotated/validation_set/images/233.jpg
1078,/gpfs0/bgu-vilenchi/users/sdolev/Thesis/VLMs/data/affectnet/human_annotated/validation_set/images/1078.jpg,2,sad,1.0,happy,/gpfs0/bgu-vilenchi/users/sdolev/Thesis/VLMs/data/affectnet/human_annotated/validation_set/images/1078.jpg
370,/gpfs0/bgu-vilenchi/users/sdolev/Thesis/VLMs/data/affectnet/human_annotated/validation_set/images/370.jpg,5,disgust,1.0,disgust,/gpfs0/bgu-vilenchi/users/sdolev/Thesis/VLMs/data/affectnet/human_annotated/validation_set/images/370.jpg
4023,/gpfs0/bgu-vilenchi/users/sdolev/Thesis/VLMs/data/affectnet/human_annotated/validation_set/images/4023.jpg,0,neutral,1.0,happy,/gpfs0/bgu-vilenchi/users/sdolev/Thesis/VLMs/data/affectnet/human_annotated/validation_set/images/4023.jpg
668,/gpfs0/bgu-vilenchi/users/sdolev/Thesis/VLMs/data/affectnet/human_annotated/validation_set/images/668.jpg,2,sad,2.0,neutral,/gpfs0/bgu-vilenchi/users/sdolev/Thesis/VLMs/data/affectnet/human_annotated/validation_set/images/668.jpg
2484,/gpfs0/bgu-vilenchi/users/sdolev/Thesis/VLMs/data/affectnet/human_annotated/validation_set/images/2484.jpg,1,happy,0.0,happy,/gpfs0/bgu-vilenchi/users/sdolev/Thesis/VLMs/data/affectnet/human_annotated/validation_set/images/2484.jpg
4426,/gpfs0/bgu-vilenchi/users/sdolev/Thesis/VLMs/data/affectnet/human_annotated/validation_set/images/4426.jpg,1,happy,0.0,happy,/gpfs0/bgu-vilenchi/users/sdolev/Thesis/VLMs/data/affectnet/human_annotated/validation_set/images/4426.jpg
1245,/gpfs0/bgu-vilenchi/users/sdolev/Thesis/VLMs/data/affectnet/human_annotated/validation_set/images/1245.jpg,2,sad,1.0,sad,/gpfs0/bgu-vilenchi/users/sdolev/Thesis/VLMs/data/affectnet/human_annotated/validation_set/images/1245.jpg
2887,/gpfs0/bgu-vilenchi/users/sdolev/Thesis/VLMs/data/affectnet/human_annotated/validation_set/images/2887.jpg,3,surprise,0.0,surprise,/gpfs0/bgu-vilenchi/users/sdolev/Thesis/VLMs/data/affectnet/human_annotated/validation_set/images/2887.jpg
3890,/gpfs0/bgu-vilenchi/users/sdolev/Thesis/VLMs/data/affectnet/human_annotated/validation_set/images/3890.jpg,6,angry,0.0,neutral,/gpfs0/bgu-vilenchi/users/sdolev/Thesis/VLMs/data/affectnet/human_annotated/validation_set/images/3890.jpg
4829,/gpfs0/bgu-vilenchi/users/sdolev/Thesis/VLMs/data/affectnet/human_annotated/validation_set/images/4829.jpg,4,fear,2.0,surprise,/gpfs0/bgu-vilenchi/users/sdolev/Thesis/VLMs/data/affectnet/human_annotated/validation_set/images/4829.jpg
2651,/gpfs0/bgu-vilenchi/users/sdolev/Thesis/VLMs/data/affectnet/human_annotated/validation_set/images/2651.jpg,3,surprise,0.0,surprise,/gpfs0/bgu-vilenchi/users/sdolev/Thesis/VLMs/data/affectnet/human_annotated/validation_set/images/2651.jpg
5388,/gpfs0/bgu-vilenchi/users/sdolev/Thesis/VLMs/data/affectnet/human_annotated/validation_set/images/5388.jpg,0,neutral,0.0,neutral,/gpfs0/bgu-vilenchi/users/sdolev/Thesis/VLMs/data/affectnet/human_annotated/validation_set/images/5388.jpg
1412,/gpfs0/bgu-vilenchi/users/sdolev/Thesis/VLMs/data/affectnet/human_annotated/validation_set/images/1412.jpg,2,sad,0.0,sad,/gpfs0/bgu-vilenchi/users/sdolev/Thesis/VLMs/data/affectnet/human_annotated/validation_set/images/1412.jpg
144,/gpfs0/bgu-vilenchi/users/sdolev/Thesis/VLMs/data/affectnet/human_annotated/validation_set/images/144.jpg,5,disgust,0.0,disgust,/gpfs0/bgu-vilenchi/users/sdolev/Thesis/VLMs/data/affectnet/human_annotated/validation_set/images/144.jpg
4149,/gpfs0/bgu-vilenchi/users/sdolev/Thesis/VLMs/data/affectnet/human_annotated/validation_set/images/4149.jpg,3,surprise,2.0,angry,/gpfs0/bgu-vilenchi/users/sdolev/Thesis/VLMs/data/affectnet/human_annotated/validation_set/images/4149.jpg
1815,/gpfs0/bgu-vilenchi/users/sdolev/Thesis/VLMs/data/affectnet/human_annotated/validation_set/images/1815.jpg,7,contempt,1.0,happy,/gpfs0/bgu-vilenchi/users/sdolev/Thesis/VLMs/data/affectnet/human_annotated/validation_set/images/1815.jpg
682,/gpfs0/bgu-vilenchi/users/sdolev/Thesis/VLMs/data/affectnet/human_annotated/validation_set/images/682.jpg,4,fear,2.0,angry,/gpfs0/bgu-vilenchi/users/sdolev/Thesis/VLMs/data/affectnet/human_annotated/validation_set/images/682.jpg
5249,/gpfs0/bgu-vilenchi/users/sdolev/Thesis/VLMs/data/affectnet/human_annotated/validation_set/images/5249.jpg,3,surprise,0.0,neutral,/gpfs0/bgu-vilenchi/users/sdolev/Thesis/VLMs/data/affectnet/human_annotated/validation_set/images/5249.jpg
