file_path,true_label,coded_true_label,votes_percentage,prediction,query_file_path,top_label_1,top_label_2,top_path_1,top_path_2,top_cosine_1,top_cosine_2,route,zs__prediction,zs__confidence,zs__n_answer_tokens,zs__finish_reason,zs__context_tokens,zs__exceeds_context,zs__conf__angry,zs__conf__contempt,zs__conf__disgust,zs__conf__fear,zs__conf__happy,zs__conf__neutral,zs__conf__sad,zs__conf__surprise,zs__prob__angry,zs__prob__contempt,zs__prob__disgust,zs__prob__fear,zs__prob__happy,zs__prob__neutral,zs__prob__sad,zs__prob__surprise,rag_top12__prediction,rag_top12__confidence,rag_top12__n_answer_tokens,rag_top12__finish_reason,rag_top12__context_tokens,rag_top12__exceeds_context,rag_top12__conf__angry,rag_top12__conf__contempt,rag_top12__conf__disgust,rag_top12__conf__fear,rag_top12__conf__happy,rag_top12__conf__neutral,rag_top12__conf__sad,rag_top12__conf__surprise,rag_top12__prob__angry,rag_top12__prob__contempt,rag_top12__prob__disgust,rag_top12__prob__fear,rag_top12__prob__happy,rag_top12__prob__neutral,rag_top12__prob__sad,rag_top12__prob__surprise,rule__max_conf,rule__sum_conf,rule__sum_class_conf,rule__sum_class_prob
data/fer2013/PublicTest/sad/sad_PublicTest_28735.png,neutral,6,0.556,sad,data/fer2013/PublicTest/sad/sad_PublicTest_28735.png,sad,sad,data/fer2013/Training/sad/sad_Training_17746.png,data/fer2013/Training/sad/sad_Training_1580.png,0.987905740737915,0.9862877130508423,framework,sad,0.8848729491819586,2,stop,1283,False,0.05501740605473319,0.13931675441908598,0.09363003999269787,0.06767481989394832,0.018423403883089252,0.5363025123324701,0.8848730018987447,0.08754909019948176,0.029221258281916906,0.07399496188221814,0.04972949067884044,0.035943959068807145,0.009785176763227404,0.28484502185576616,0.4699804005564138,0.04649973091281,sad,0.9625721149875648,2,stop,3697,False,0.04512310528263609,0.05763327118485567,0.045337649470787056,0.04324141751434997,0.010294238375008065,0.3586474166385751,0.9625724018214342,0.05774441286853677,0.02854819628688356,0.03646304765894715,0.02868393272517121,0.027357702161464142,0.006512892583808693,0.22690674287263066,0.6089941216459182,0.03653336406517649,sad,sad,sad,sad
data/fer2013/PublicTest/sad/sad_PublicTest_28736.png,neutral,6,1.0,sad,data/fer2013/PublicTest/sad/sad_PublicTest_28736.png,sad,sad,data/fer2013/Training/sad/sad_Training_12197.png,data/fer2013/Training/fear/fear_Training_25045.png,0.9464649558067322,0.9420276284217834,framework,surprise,0.8374162724104348,2,stop,1283,False,0.07185888541051064,0.11333272606723464,0.10629035899845231,0.15923857967454672,0.0541201357503458,0.30711340054776803,0.39338343067844994,0.8374163222755917,0.03517745703100238,0.05548036375266928,0.052032876868571276,0.07795289701724041,0.026493713880946713,0.15034283359248893,0.192575053876015,0.409944803981066,sad,0.8634393258109553,2,stop,3697,False,0.12575305732961758,0.14074957492440152,0.10741470307084215,0.18585365301888512,0.050750477832707225,0.3477910761997758,0.8634481750082648,0.2631477157152494,0.060315865835246237,0.06750875611124163,0.05152010580682578,0.08914235755791283,0.024341825773736166,0.16681359750782743,0.41414201280990104,0.12621547859730886,sad,sad,sad,sad
data/fer2013/PublicTest/angry/angry_PublicTest_28737.png,surprise,5,0.714,angry,data/fer2013/PublicTest/angry/angry_PublicTest_28737.png,angry,angry,data/fer2013/Training/angry/angry_Training_25000.png,data/fer2013/Training/fear/fear_Training_13822.png,0.9792413711547852,0.9773247241973877,framework,surprise,0.6409132387636369,2,stop,1283,False,0.393817318463547,0.13436993533835057,0.2074818340157563,0.1645105013963363,0.1941429310723059,0.19597909749577005,0.2619028333681936,0.640934276966383,0.17956790120693256,0.06126832453218347,0.09460497475867898,0.07501144331968897,0.08852286842749163,0.08936010065540498,0.11941918220244215,0.29224520489717726,angry,0.912279581429323,2,stop,3697,False,0.9058768444573962,0.06569066095899792,0.10027444407383503,0.06191351104308518,0.011733063903384201,0.11665845391077233,0.13838073269502796,0.14786906028216815,0.5850418066180871,0.04242495345866615,0.06476017383325423,0.03998555937966574,0.0075775564252478144,0.07534144740625492,0.08937033146655429,0.0954981714122698,angry,angry,angry,angry
data/fer2013/PublicTest/sad/sad_PublicTest_28744.png,sad,4,0.778,surprise,data/fer2013/PublicTest/sad/sad_PublicTest_28744.png,neutral,neutral,data/fer2013/Training/fear/fear_Training_11653.png,data/fer2013/Training/surprise/surprise_Training_15973.png,0.9648332595825195,0.9539107084274292,framework,fear,0.5620591647147796,2,stop,1283,False,0.29267991476913857,0.22813471610449187,0.2718422915924305,0.5621728533138552,0.02617212290895031,0.29077081063914195,0.407753701901258,0.49760374916213684,0.11356815393627136,0.08852277607501352,0.10548256187073776,0.21813909982275592,0.010155530097469117,0.11282736708765263,0.15822006515935158,0.19308444595074817,surprise,0.7256891594813994,2,stop,3697,False,0.12577026809790837,0.1895817420105288,0.21867506603560327,0.22725870139885435,0.03378952367365367,0.5556774887845246,0.32651866348205555,0.7258430622714099,0.05233636069915651,0.07889001575565917,0.090996523304235,0.09456840275774325,0.014060721389735483,0.23123221350525236,0.13587311854738393,0.30204264404083425,surprise,surprise,surprise,surprise
data/fer2013/PublicTest/fear/fear_PublicTest_28766.png,neutral,6,0.778,sad,data/fer2013/PublicTest/fear/fear_PublicTest_28766.png,sad,sad,data/fer2013/Training/sad/sad_Training_21583.png,data/fer2013/Training/sad/sad_Training_20911.png,0.9857822060585022,0.9698102474212646,framework,sad,0.9348617520170465,2,stop,1283,False,0.08582825933605165,0.19908237791413147,0.1184852352499103,0.07557553837006165,0.0045883341865461495,0.35177616966972386,0.9348777927740475,0.09243609434528499,0.04607858076757196,0.10688127082012655,0.06361111741589835,0.040574206861199294,0.0024633370062367207,0.18885792129102202,0.5019074395238697,0.049626126314075356,sad,0.9641294185437571,2,stop,3697,False,0.06117217663067874,0.06155907907020404,0.05480878620405992,0.043128973934441865,0.00911411641664303,0.3443822373054824,0.9641337854744493,0.061568149896414,0.03823578145642804,0.03847761553749994,0.03425833257238587,0.026957844442145742,0.005696795220793817,0.21525675050909268,0.6026335949875564,0.038483285274097466,sad,sad,sad,sad
data/fer2013/PublicTest/fear/fear_PublicTest_28783.png,surprise,5,0.556,surprise,data/fer2013/PublicTest/fear/fear_PublicTest_28783.png,angry,angry,data/fer2013/Training/angry/angry_Training_671.png,data/fer2013/Training/angry/angry_Training_3979.png,0.9900299310684204,0.9899872541427612,framework,happy,0.6057523360328007,1,stop,1282,False,0.16760868444870974,0.10529619458101407,0.14594196744221258,0.14785876185243987,0.6057523360328007,0.19275835608544983,0.3206046411087564,0.41651395116499423,0.07972501670851619,0.05008535744986059,0.06941899121202541,0.07033073672738936,0.2881331314679948,0.09168775001226913,0.15249931978939413,0.1981196966325505,angry,0.5904063238814762,2,stop,3697,False,0.598286702629603,0.14945619468749155,0.14335196057781371,0.1471613890025595,0.10012510169230225,0.12760156859827546,0.19240388612264395,0.5907101003603695,0.2919757975124274,0.07293759237044053,0.06995860484733131,0.07181768160349693,0.048863038889436196,0.06227210063597818,0.09389691906612266,0.28827826507476684,happy,happy,surprise,surprise
data/fer2013/PublicTest/happy/happy_PublicTest_28835.png,happy,3,0.7,surprise,data/fer2013/PublicTest/happy/happy_PublicTest_28835.png,surprise,surprise,data/fer2013/Training/surprise/surprise_Training_15469.png,data/fer2013/Training/surprise/surprise_Training_19795.png,0.9709621667861938,0.9667365550994873,framework,happy,0.6142372971241647,1,stop,1282,False,0.023383244124893707,0.03659328194674829,0.03665320789399762,0.029035602847348033,0.6142372971241647,0.09942157708763143,0.0527833618121905,0.6102541932803307,0.015564323222445435,0.024357170670896235,0.024397058498582508,0.019326638564816166,0.40884779616802686,0.06617685522214531,0.035133589660367566,0.40619656799271997,surprise,0.7725730096312529,2,stop,3697,False,0.04605201882530074,0.06533840510689819,0.07683364289882381,0.08315871316362959,0.3620974295711421,0.17283996657131356,0.08314099961200763,0.7725728715125518,0.027708228300843227,0.0393123144586288,0.04622868167196294,0.05003430182470699,0.21786402641253125,0.10399303603682554,0.05002364406974034,0.46483576722476105,surprise,surprise,surprise,surprise
data/fer2013/PublicTest/sad/sad_PublicTest_28853.png,sad,4,0.556,neutral,data/fer2013/PublicTest/sad/sad_PublicTest_28853.png,neutral,neutral,data/fer2013/Training/sad/sad_Training_8981.png,data/fer2013/Training/fear/fear_Training_15347.png,0.992900013923645,0.991463303565979,framework,sad,0.7570300768694851,2,stop,1283,False,0.07522609149488806,0.2950800652939251,0.1356979415514041,0.11530495692531882,0.01962660760524024,0.6206614467180894,0.756995814722628,0.21014656494107065,0.03375275210837497,0.13239773724872791,0.06088551048956919,0.051735502278908226,0.008806147017129519,0.278480930459143,0.3396519953870858,0.09428942501106125,neutral,0.8202639848971145,3,stop,3698,False,0.0715124763389766,0.17600536391494273,0.10228722468423504,0.07699941614146853,0.027478594649149066,0.820264050086339,0.578376162516687,0.1655807046972672,0.03542845423439639,0.08719594537478251,0.050674769550858235,0.03814677424834789,0.013613346688461762,0.4063722702155327,0.2865370415486509,0.08203139813896962,neutral,neutral,neutral,neutral
data/fer2013/PublicTest/angry/angry_PublicTest_28872.png,sad,4,0.556,happy,data/fer2013/PublicTest/angry/angry_PublicTest_28872.png,happy,happy,data/fer2013/Training/happy/happy_Training_14756.png,data/fer2013/Training/happy/happy_Training_1355.png,0.9910432696342468,0.9894396662712097,framework,happy,0.9770232154573902,1,stop,1282,False,0.03118780555487636,0.027978584811423287,0.03173792599957142,0.023016079874597875,0.9770232154573902,0.13710876122562154,0.08628925911631433,0.08111055606965806,0.022349605253856337,0.020049834060834743,0.022743829039796548,0.016493635590467536,0.7001481124058094,0.09825400138672993,0.06183605561808483,0.05812492664442051,happy,0.9560153156216499,1,stop,3696,False,0.03837881404489808,0.0533045632516187,0.04226142701818533,0.025669274766081756,0.9560153156216499,0.25966437559241146,0.10299061742715876,0.0664858265767709,0.02484435140557106,0.03450646753686631,0.0273577433245431,0.016616888731075082,0.6188721835600762,0.16809255718999097,0.06667050961615659,0.04303929863572048,happy,happy,happy,happy
data/fer2013/PublicTest/sad/sad_PublicTest_28876.png,sad,4,0.556,sad,data/fer2013/PublicTest/sad/sad_PublicTest_28876.png,neutral,neutral,data/fer2013/Training/fear/fear_Training_10761.png,data/fer2013/Training/fear/fear_Training_1366.png,0.9301959276199341,0.9289470314979553,framework,sad,0.7779134949865556,2,stop,1283,False,0.09286176124882499,0.16823688477770893,0.15258989578197,0.08137862985708283,0.004622407351914352,0.6868627678052738,0.7778983400141658,0.07698172861491617,0.04548853077179667,0.08241119495522015,0.07474648419756541,0.03986349449588329,0.002264296048660134,0.336461184120681,0.38105515231665577,0.037709663093537585,sad,0.7151504522537512,2,stop,3697,False,0.08008348060140148,0.1362631681953781,0.10134432865143322,0.086916734264479,0.012810995685307578,0.7358986180148241,0.7151415486182497,0.17515299514242194,0.03918722620934371,0.06667761635700788,0.04959079078573773,0.04253094023163558,0.006268800782845704,0.3600970561559941,0.3499400054411882,0.08570756403624709,sad,sad,sad,sad
data/fer2013/PublicTest/happy/happy_PublicTest_28956.png,happy,3,0.778,neutral,data/fer2013/PublicTest/happy/happy_PublicTest_28956.png,neutral,neutral,data/fer2013/Training/neutral/neutral_Training_16321.png,data/fer2013/Training/neutral/neutral_Training_4845.png,0.98238605260849,0.9794504046440125,framework,happy,0.633251926948077,1,stop,1282,False,0.02086761871176502,0.08384426296991251,0.045864286703016406,0.026884366304617394,0.633251926948077,0.6972324985691689,0.10765154768268419,0.039602458649965346,0.012607317388190702,0.05065509625421005,0.027709228697086682,0.016242377410873393,0.38258356835016616,0.4212378769345091,0.06503843335992938,0.023926101605034614,neutral,0.9498189567681994,3,stop,3698,False,0.05125841843915726,0.12922716978489,0.08134182186081425,0.04237441793544899,0.05831350487634811,0.949819296445094,0.21299543327070763,0.08878209458148933,0.03175641680827643,0.08006083667044844,0.05039415724507199,0.026252461916348318,0.03612729426294832,0.5884469008004412,0.1319582609680539,0.05500367132841154,neutral,neutral,neutral,neutral
data/fer2013/PublicTest/angry/angry_PublicTest_29013.png,angry,0,0.7,happy,data/fer2013/PublicTest/angry/angry_PublicTest_29013.png,happy,happy,data/fer2013/Training/happy/happy_Training_26564.png,data/fer2013/Training/fear/fear_Training_10326.png,0.9708837270736694,0.9646388292312622,framework,happy,0.7671636170294959,1,stop,1282,False,0.1292810384559774,0.07415178297868884,0.10171351218668098,0.08308360056497528,0.7671636170294959,0.1318729115221176,0.15308877850108293,0.38860272407157165,0.07068562586348075,0.040543186002690065,0.05561282113414136,0.045426741423697056,0.41945393583674706,0.07210275688305563,0.08370273204998763,0.2124722008062005,happy,0.7157238189657817,1,stop,3696,False,0.29057459674269803,0.08914264844421205,0.10179488611279561,0.09124342764238422,0.7157238189657817,0.16204458908394495,0.18104369316296837,0.3111007781324763,0.14957498202775193,0.04588670237665671,0.05239951610195628,0.04696809081987675,0.36842304371650475,0.08341340492812573,0.09319330545287705,0.16014095457625072,happy,happy,happy,happy
data/fer2013/PublicTest/neutral/neutral_PublicTest_29022.png,neutral,6,0.7,happy,data/fer2013/PublicTest/neutral/neutral_PublicTest_29022.png,happy,happy,data/fer2013/Training/happy/happy_Training_16519.png,data/fer2013/Training/happy/happy_Training_3358.png,0.9929983615875244,0.9916393756866455,framework,happy,0.5936742020182103,1,stop,1282,False,0.03762880064982841,0.11451403779170753,0.06360798678637718,0.03565359145499485,0.5936742020182103,0.711427645592351,0.12966664911460377,0.06127555316929417,0.021533568153531822,0.06553214013572599,0.036400493635708006,0.020403229129170038,0.3397377452744045,0.4071236772926333,0.0742034180662133,0.03506572831261301,happy,0.9327965891696491,1,stop,3696,False,0.042121203670304815,0.06171164307790828,0.04759507533583043,0.023611576263288428,0.9327965891696491,0.35943995443286525,0.08435427562138213,0.04374347708039382,0.026402090727272298,0.03868162012237646,0.029833181098617483,0.0148000276439569,0.5846884236764974,0.22530140311810454,0.05287430187469161,0.027418951738483313,happy,happy,happy,happy
data/fer2013/PublicTest/happy/happy_PublicTest_29031.png,neutral,6,0.556,happy,data/fer2013/PublicTest/happy/happy_PublicTest_29031.png,happy,happy,data/fer2013/Training/happy/happy_Training_2073.png,data/fer2013/Training/happy/happy_Training_20131.png,0.9750831723213196,0.9566906690597534,framework,happy,0.7056938932378153,1,stop,1282,False,0.025333828038442207,0.06276816161859017,0.040229557640011473,0.026813919858421235,0.7056938932378153,0.6379277263856509,0.14595256483983857,0.047375491594314575,0.014971869720242994,0.03709493633992768,0.02377499740565439,0.015846579293115188,0.4170533176389762,0.3770046435889552,0.08625553085785252,0.027998125155275985,happy,0.9615449988002036,1,stop,3696,False,0.029562560025544055,0.057017781561342545,0.04240591088134851,0.017414255058938736,0.9615449988002036,0.282777064099358,0.06668515304733634,0.04877735005589747,0.01962744190278011,0.0378557605990032,0.028154515422174477,0.011561829528774863,0.6383976416302412,0.18774390283700515,0.044274209205280295,0.03238469887474086,happy,happy,happy,happy
data/fer2013/PublicTest/angry/angry_PublicTest_29053.png,neutral,6,0.6,surprise,data/fer2013/PublicTest/angry/angry_PublicTest_29053.png,surprise,surprise,data/fer2013/Training/fear/fear_Training_1273.png,data/fer2013/Training/fear/fear_Training_21838.png,0.9405019879341125,0.9394949078559875,framework,surprise,0.948274619878483,2,stop,1283,False,0.05859173342432855,0.06657179874069107,0.08646375493544636,0.22489543516223007,0.009392916169360617,0.14500828658887574,0.12617657927291356,0.9482170827743347,0.035183519275431584,0.039975437272533595,0.051920279715334805,0.13504657424423303,0.005640315242149699,0.08707545498523513,0.0757672772165035,0.5693911420485787,surprise,0.897286167836676,2,stop,3697,False,0.1031298080798782,0.13335367449532703,0.1941773870966166,0.21204818221596144,0.03324056510980316,0.3083947834227497,0.14662560545684294,0.8972857400949067,0.0508465504336343,0.06574795844170746,0.09573614544528401,0.10454706347415411,0.016388744454842848,0.1520492590913109,0.07229147791052822,0.44239280074853826,surprise,surprise,surprise,surprise
data/fer2013/PublicTest/sad/sad_PublicTest_29078.png,neutral,6,0.667,sad,data/fer2013/PublicTest/sad/sad_PublicTest_29078.png,sad,sad,data/fer2013/Training/angry/angry_Training_1108.png,data/fer2013/Training/fear/fear_Training_14435.png,0.9611790180206299,0.9567704796791077,framework,neutral,0.5935150230415188,3,stop,1284,False,0.2668921426221017,0.27730009563991,0.27748651515574563,0.20087580152518955,0.1628325803288705,0.5935146457008873,0.4563305630339033,0.3672436953361761,0.10255316037011479,0.10655241064580097,0.1066240422431788,0.07718641727664771,0.0625683302621266,0.2280576791979881,0.17534477018629638,0.14111318981784668,sad,0.8923641991981663,2,stop,3697,False,0.09823748985347432,0.10010368102962713,0.09163377860838799,0.06788436223611163,0.018731706952746098,0.5172639161457877,0.8923696233161734,0.08827802614541244,0.05240723095124614,0.05340279702397148,0.04888431703240745,0.036214600505289005,0.009992894706978402,0.2759472942217038,0.4760567580947128,0.04709410746369102,sad,sad,sad,sad
data/fer2013/PublicTest/sad/sad_PublicTest_29087.png,neutral,6,0.778,sad,data/fer2013/PublicTest/sad/sad_PublicTest_29087.png,sad,sad,data/fer2013/Training/sad/sad_Training_26329.png,data/fer2013/Training/sad/sad_Training_7249.png,0.9942489862442017,0.9587936401367188,framework,sad,0.9683351571682924,2,stop,1283,False,0.08156684852326056,0.07949480151944183,0.11377451755012417,0.11188917958790541,0.004922730672702157,0.1848905481270119,0.9683061401031173,0.11559833506735274,0.04912354326789245,0.04787565527800438,0.06852057590607154,0.06738513322760098,0.0029647090401893478,0.11135012575791199,0.5831612895569548,0.0696189679653745,sad,0.9491374821355638,2,stop,3697,False,0.0922052187466179,0.0829166640440928,0.08531094170239234,0.09361272318222584,0.016502108466990198,0.3070894337052226,0.9491295065221027,0.1410101331319299,0.05215885988759181,0.046904488932531206,0.04825888941667753,0.052955060229025644,0.00933495061429108,0.1737150560816618,0.5369057589018668,0.07976693593635424,sad,sad,sad,sad
data/fer2013/PublicTest/angry/angry_PublicTest_29089.png,angry,0,0.556,neutral,data/fer2013/PublicTest/angry/angry_PublicTest_29089.png,neutral,neutral,data/fer2013/Training/neutral/neutral_Training_22718.png,data/fer2013/Training/neutral/neutral_Training_15785.png,0.9889016151428223,0.9888951778411865,framework,neutral,0.8378394380225178,3,stop,1284,False,0.1175236159998746,0.23383009804351762,0.14922641072845938,0.12432300610660436,0.09601452870524388,0.8378393714349923,0.3853616474872982,0.2488654532142238,0.05359072794917448,0.10662644323837278,0.06804719129973989,0.056691247468846614,0.04378259163687083,0.38205446146013694,0.1757247769891586,0.11348255995769997,neutral,0.9676233694102458,3,stop,3698,False,0.08968462099184274,0.12880725090378542,0.08165163756092088,0.048058339964746136,0.011405000443042877,0.9676244075395715,0.18732830679724616,0.09718493462204103,0.05564444057809739,0.07991790944398015,0.05066041027007582,0.029817592056207154,0.007076183881111524,0.6003584366170166,0.1162270489733469,0.06029797818016434,neutral,neutral,neutral,neutral
data/fer2013/PublicTest/neutral/neutral_PublicTest_29099.png,neutral,6,1.0,sad,data/fer2013/PublicTest/neutral/neutral_PublicTest_29099.png,sad,sad,data/fer2013/Training/sad/sad_Training_11817.png,data/fer2013/Training/sad/sad_Training_5348.png,0.9661421179771423,0.9661421179771423,framework,sad,0.7074030964636429,2,stop,1283,False,0.14564501719462947,0.2685162256052609,0.16668008387720368,0.0937826952157793,0.007144220652119287,0.7008269385212639,0.7073935335226447,0.1392179661604966,0.06533490970234651,0.12045371473361689,0.07477103191758355,0.04206998661257024,0.003204826503443637,0.3143840113944326,0.31732972076184457,0.062451798374162135,sad,0.8311653721545552,2,stop,3697,False,0.13979463098480063,0.08490352521391223,0.06853275869460566,0.053918240279725346,0.007210942542379914,0.6334522702625416,0.8311665609172015,0.06606652095407217,0.07415981985791432,0.045040571950507924,0.036356024572291736,0.028603151337299366,0.00382534147543054,0.3360408473510299,0.4409265362719377,0.03504770718358859,sad,sad,sad,sad
data/fer2013/PublicTest/fear/fear_PublicTest_29106.png,fear,2,0.556,surprise,data/fer2013/PublicTest/fear/fear_PublicTest_29106.png,surprise,surprise,data/fer2013/Training/surprise/surprise_Training_78.png,data/fer2013/Training/fear/fear_Training_11704.png,0.9862696528434753,0.98264080286026,framework,surprise,0.9733731137746562,2,stop,1283,False,0.01165312676404577,0.020140827735794002,0.039220460197149844,0.20388229860306062,0.002501773101215604,0.06684322521534418,0.030411848551711244,0.97344999877322,0.008644088717631738,0.01494011910450522,0.02909306183268565,0.1512363773916138,0.0018557721954089806,0.04958315314279409,0.022558985435502447,0.722088442179858,surprise,0.966263217963882,2,stop,3697,False,0.03561360201240864,0.03615042137519064,0.05975156837761091,0.21526566434121916,0.004324170923016367,0.08020770317245479,0.03342148401974826,0.9662565954300079,0.02488736602447613,0.025262504151923243,0.041755370665174193,0.1504311577103404,0.003021801177988362,0.05605045134552546,0.02335547821281445,0.6752358707117577,surprise,surprise,surprise,surprise
data/fer2013/PublicTest/surprise/surprise_PublicTest_29115.png,fear,2,0.778,surprise,data/fer2013/PublicTest/surprise/surprise_PublicTest_29115.png,surprise,surprise,data/fer2013/Training/happy/happy_Training_21859.png,data/fer2013/Training/fear/fear_Training_1657.png,0.9806676506996155,0.9780972599983215,framework,surprise,0.9365126854326437,2,stop,1283,False,0.03349605478211819,0.05119254778670208,0.09687317510200172,0.3037049510189236,0.0035869086280743362,0.07857909660319423,0.06286869439699483,0.9365523477776964,0.021377907302609845,0.03267219224136151,0.06182655751284642,0.19383107450887804,0.0022892427377698347,0.050150880574828145,0.040124161779570386,0.5977279833421358,surprise,0.9454509580574277,2,stop,3697,False,0.07034607100377996,0.056720214260345986,0.09762436077065827,0.23858952677544845,0.01444985989302224,0.10583628974885556,0.07800979456876518,0.9454436330654941,0.04377424172913817,0.03529528137864985,0.06074870004890196,0.14846707811937307,0.008991712698145514,0.06585873617493958,0.048543146134061216,0.5883211037167907,surprise,surprise,surprise,surprise
data/fer2013/PublicTest/surprise/surprise_PublicTest_29117.png,fear,2,0.571,surprise,data/fer2013/PublicTest/surprise/surprise_PublicTest_29117.png,surprise,surprise,data/fer2013/Training/fear/fear_Training_1193.png,data/fer2013/Training/surprise/surprise_Training_24852.png,0.9844908118247986,0.9833272695541382,framework,surprise,0.9738803882991488,2,stop,1283,False,0.015492096708812752,0.02505878223002741,0.051045944074456666,0.19157179726794202,0.0028376027515948383,0.04891606372075166,0.02382719394787983,0.9738803302796996,0.011625206476062928,0.018804008452713194,0.03830466919907298,0.14375469893390347,0.0021293255848040945,0.036706415628460706,0.01787982960574533,0.7307958461192373,surprise,0.9668847241648691,2,stop,3697,False,0.051866438837299855,0.05272709912112565,0.0704053877624302,0.1676011688226757,0.008089377305788141,0.10092142357851779,0.0743691182448532,0.9668755047337879,0.03474310688328616,0.03531962636103475,0.04716155508309549,0.11226884769235976,0.005418727536622567,0.06760294103092075,0.04981668843897042,0.6476685069737101,surprise,surprise,surprise,surprise
data/fer2013/PublicTest/neutral/neutral_PublicTest_29125.png,sad,4,1.0,angry,data/fer2013/PublicTest/neutral/neutral_PublicTest_29125.png,angry,angry,data/fer2013/Training/sad/sad_Training_12648.png,data/fer2013/Training/fear/fear_Training_28417.png,0.9557531476020813,0.9468371272087097,framework,sad,0.889632118048566,2,stop,1283,False,0.27980972493840844,0.13646380285425339,0.18890943579035221,0.15617643295462083,0.006851175619438091,0.27064181916818075,0.8896382657179339,0.12807404721236254,0.13605685459806427,0.06635521973700872,0.09185679176514652,0.07594044215163884,0.0033313688624828017,0.13159898086753832,0.43258462224750255,0.06227571977061801,angry,0.8384692341539952,2,stop,3697,False,0.8467007204222072,0.14978688793982278,0.12377769353409021,0.13858895915284447,0.007285099988095577,0.23382850459715313,0.2626417254359929,0.13198335893843138,0.4469037639026088,0.07906019492954404,0.065332077549178,0.07314972809975495,0.003845205899273701,0.12341886134226726,0.13862699395920136,0.06966317431817197,sad,sad,sad,angry
data/fer2013/PublicTest/surprise/surprise_PublicTest_29156.png,neutral,6,0.6,happy,data/fer2013/PublicTest/surprise/surprise_PublicTest_29156.png,happy,happy,data/fer2013/Training/happy/happy_Training_11573.png,data/fer2013/Training/happy/happy_Training_1014.png,0.9674230813980103,0.9616754651069641,framework,happy,0.647503307405989,1,stop,1282,False,0.06283266445582347,0.16811426937093274,0.08558431702015928,0.08437114783055467,0.647503307405989,0.36063456829326956,0.26022630846947364,0.43055712967341364,0.02992282832182586,0.08006113483174712,0.04075785815251374,0.04018011003853092,0.3083607940730598,0.17174516419787345,0.12392769303344207,0.2050444173510073,happy,0.7936747547359921,1,stop,3696,False,0.04839725525543807,0.04288176296575439,0.04516476055368406,0.03655786962041476,0.7936747547359921,0.1449675025533574,0.11201371009743168,0.4206523449936492,0.029433170393619777,0.0260788804961836,0.027467303386264887,0.022232955155953794,0.482679527381545,0.08816312374886263,0.06812201638953032,0.25582302304804,happy,happy,happy,happy
data/fer2013/PublicTest/fear/fear_PublicTest_29175.png,neutral,6,0.556,sad,data/fer2013/PublicTest/fear/fear_PublicTest_29175.png,sad,sad,data/fer2013/Training/sad/sad_Training_14857.png,data/fer2013/Training/sad/sad_Training_9498.png,0.9674094915390015,0.9632871747016907,framework,sad,0.8026301450155995,2,stop,1283,False,0.14007119438929896,0.18485138834050419,0.1865723565256915,0.18328784863166317,0.09889716675479164,0.40810166258968283,0.8026527508038925,0.26882867142452227,0.061616800149343544,0.08131544178205208,0.08207248931914488,0.08062764644921967,0.04350449773655847,0.1795224113997017,0.3530839752686699,0.1182567378953099,sad,0.8664900485569372,2,stop,3697,False,0.11283546539154918,0.08569180889009172,0.081247487350095,0.11308424255099028,0.14786589193485536,0.2830341048385464,0.8664832323431058,0.17594614700830183,0.06046306288379881,0.04591809154656202,0.04353659480866875,0.06059637051879765,0.07923417244216686,0.1516642734598445,0.46430641273219964,0.0942810216079617,sad,sad,sad,sad
data/fer2013/PublicTest/neutral/neutral_PublicTest_29198.png,neutral,6,1.0,happy,data/fer2013/PublicTest/neutral/neutral_PublicTest_29198.png,happy,happy,data/fer2013/Training/happy/happy_Training_15520.png,data/fer2013/Training/happy/happy_Training_11862.png,0.9822742342948914,0.9817280769348145,framework,happy,0.7477638641299366,1,stop,1282,False,0.02490488942280828,0.07319063573570658,0.04000328237954955,0.03436795163999245,0.7477638641299366,0.598358847061977,0.14110364431102215,0.06460284842478027,0.014443511993120956,0.042446678123561135,0.023199777320997907,0.019931585049987283,0.4336632922245418,0.3470163242650195,0.08183261303753715,0.037466217985234224,happy,0.887932573256263,1,stop,3696,False,0.03649766639616723,0.07491512676795971,0.048696241546227245,0.026869659041600193,0.887932573256263,0.43547875004632763,0.09926402579841787,0.05480573416399398,0.02192763496008195,0.04500867356628018,0.029256484427338098,0.01614317114334596,0.5334659242097245,0.26163368803468007,0.05963738335348587,0.03292704030506328,happy,happy,happy,happy
data/fer2013/PublicTest/fear/fear_PublicTest_29200.png,sad,4,0.7,neutral,data/fer2013/PublicTest/fear/fear_PublicTest_29200.png,neutral,neutral,data/fer2013/Training/sad/sad_Training_9976.png,data/fer2013/Training/angry/angry_Training_12483.png,0.9898501634597778,0.9892536997795105,framework,sad,0.7754675055138773,2,stop,1283,False,0.047168754866309975,0.17292648675586728,0.10744279967582691,0.05226156808477525,0.02059012126115431,0.6854657547134666,0.7754700922727006,0.10824909792468161,0.023948700931089934,0.08779889836223548,0.05455126988041863,0.02653444356967801,0.010454095250465464,0.34802729910222224,0.3937246461875171,0.05496064671637312,neutral,0.8678793580294832,3,stop,3698,False,0.1471833971138801,0.1361531386808173,0.10677131235790689,0.09864519989116283,0.014442654509378521,0.86788025465469,0.49020681671328614,0.14946159916627072,0.07319846276028003,0.06771280352845713,0.053100390973102735,0.04905904560095737,0.007182740234255925,0.43162137677506235,0.24379370310538248,0.07433147702250201,neutral,neutral,neutral,neutral
data/fer2013/PublicTest/sad/sad_PublicTest_29206.png,neutral,6,0.556,surprise,data/fer2013/PublicTest/sad/sad_PublicTest_29206.png,fear,fear,data/fer2013/Training/fear/fear_Training_3443.png,data/fer2013/Training/fear/fear_Training_1868.png,0.9857563972473145,0.9796794652938843,framework,surprise,0.9795118021124825,2,stop,1283,False,0.0215525911000733,0.05014433837515583,0.061457366161910255,0.14993118135607245,0.00368841440867349,0.08802492084920636,0.03992653208807456,0.9795118021124825,0.01545833946178017,0.03596542991468403,0.044079564454526286,0.10753635544544858,0.002645471337541502,0.06313482686444763,0.028636829960877238,0.7025431825606945,surprise,0.7056883482214507,2,stop,3697,False,0.055116047788160365,0.07415011104122197,0.10214889723162987,0.6620979164629839,0.019327476348238618,0.0889414881454553,0.11360381266712814,0.7056880960735963,0.03026568522552496,0.040717794730801275,0.056092671623147926,0.3635755452779253,0.010613230426243035,0.04884013262428369,0.06238286982800309,0.3875120702640708,surprise,surprise,surprise,surprise
data/fer2013/PublicTest/happy/happy_PublicTest_29215.png,neutral,6,0.7,happy,data/fer2013/PublicTest/happy/happy_PublicTest_29215.png,happy,happy,data/fer2013/Training/happy/happy_Training_12781.png,data/fer2013/Training/happy/happy_Training_13705.png,0.9733796119689941,0.9718234539031982,framework,happy,0.7234602133524572,1,stop,1282,False,0.026077090277658567,0.09244511298488792,0.0396423005115101,0.040805444075349265,0.7234602133524572,0.6169842234883683,0.11148637666284548,0.1047869657038225,0.014852920525549384,0.052654644422363096,0.0225793573085821,0.023241857561852635,0.4120665663962979,0.35142025200724814,0.06350011732993811,0.05968428444816855,happy,0.8917806689138218,1,stop,3696,False,0.04017143581299536,0.08246656954438367,0.051191902574013695,0.03982240534849182,0.8917806689138218,0.38486300496224746,0.1317598214579414,0.12382555984526326,0.02300925855486331,0.047234921589870214,0.029321524073078066,0.022809342070954912,0.5107911024337638,0.22044052472013684,0.07546894298678901,0.0709243835705438,happy,happy,happy,happy
data/fer2013/PublicTest/sad/sad_PublicTest_29231.png,neutral,6,1.0,sad,data/fer2013/PublicTest/sad/sad_PublicTest_29231.png,sad,sad,data/fer2013/Training/sad/sad_Training_1030.png,data/fer2013/Training/sad/sad_Training_8806.png,0.9656940698623657,0.9552549123764038,framework,sad,0.9060882850473262,2,stop,1283,False,0.08326022110448977,0.1774369697294483,0.11641263556761829,0.084455205395048,0.011007817779474427,0.46121296352445834,0.9060821858816803,0.09242020898852603,0.043088924706489964,0.09182738320169621,0.06024600009843919,0.043707354341173274,0.00569677842780744,0.23868745957354698,0.4689166875541991,0.047829412096647934,sad,0.9239147517449372,2,stop,3697,False,0.0791949805498485,0.08320067964357275,0.07395346784235796,0.0680343712064081,0.010747957205570624,0.4671822320118007,0.9239263139078957,0.07576230224692031,0.04444157021838773,0.04668943436724532,0.04150020886665547,0.03817861011191606,0.006031393549682576,0.26216701897750855,0.5184764977662772,0.042515266142327056,sad,sad,sad,sad
data/fer2013/PublicTest/happy/happy_PublicTest_29248.png,happy,3,0.667,neutral,data/fer2013/PublicTest/happy/happy_PublicTest_29248.png,neutral,neutral,data/fer2013/Training/happy/happy_Training_21648.png,data/fer2013/Training/happy/happy_Training_15765.png,0.9713537096977234,0.9713318347930908,framework,happy,0.8841288143836583,1,stop,1282,False,0.03894799418904037,0.07023842716302227,0.05016158687501744,0.04381718905733519,0.8841288143836583,0.4000924581711992,0.16329250424549757,0.10222194157007505,0.022219164723574953,0.040069821708537776,0.028616327612720864,0.024996957138884286,0.5043803711251797,0.22824590631338304,0.09315558157746473,0.05831586980025461,neutral,0.8363329986636175,3,stop,3698,False,0.04644997326507143,0.11014501674192684,0.0629188532393691,0.04792253727591813,0.3131240193068222,0.8363332312918342,0.23313351754908251,0.13285510781588217,0.026053303910615593,0.061779187235294304,0.035290526343216465,0.026879249654082216,0.1756279856214371,0.469090557298081,0.13076215027715454,0.07451703966011866,happy,happy,neutral,neutral
data/fer2013/PublicTest/surprise/surprise_PublicTest_29253.png,neutral,6,0.667,surprise,data/fer2013/PublicTest/surprise/surprise_PublicTest_29253.png,surprise,surprise,data/fer2013/Training/surprise/surprise_Training_18742.png,data/fer2013/Training/surprise/surprise_Training_554.png,0.9908654689788818,0.9908654689788818,framework,surprise,0.9919094609534868,2,stop,1283,False,0.008214070789787217,0.015963737770952228,0.03173859981405846,0.06738843121193529,0.004558053530728033,0.06358435621219147,0.02491432746971645,0.9919095200470313,0.006798201836678891,0.013212049690353219,0.026267780382148113,0.055772608802626966,0.0037723765325717038,0.052624246643114506,0.020619815813473562,0.8209329202990331,surprise,0.9767064246428769,2,stop,3697,False,0.0332648071286167,0.041481539781532364,0.06075995489066603,0.13194292636832308,0.01059887851542667,0.1304699252444633,0.05197566827618091,0.9767064246428769,0.023145563762132875,0.02886274434878512,0.042276613980317075,0.0918055350031852,0.007374671301637262,0.0907806247638993,0.036164530866343206,0.6795897159737,surprise,surprise,surprise,surprise
data/fer2013/PublicTest/sad/sad_PublicTest_29261.png,sad,4,0.556,neutral,data/fer2013/PublicTest/sad/sad_PublicTest_29261.png,neutral,neutral,data/fer2013/Training/sad/sad_Training_16010.png,data/fer2013/Training/neutral/neutral_Training_27338.png,0.9902533888816833,0.9776132106781006,framework,neutral,0.8545488411355429,3,stop,1284,False,0.07076442079095188,0.19345062123738138,0.14613574753762448,0.09284649993474053,0.024197323010676952,0.8545482299243855,0.5098454956404317,0.15544979627389197,0.034565798479235896,0.09449346316460354,0.07138189988045367,0.04535207623231166,0.01181949603452391,0.41741515829846054,0.2490406402097854,0.07593146770062537,neutral,0.9118483643365667,3,stop,3698,False,0.06881955219866451,0.14658900927223598,0.10293094483915669,0.054564288172627144,0.014782557978146994,0.9118485455015366,0.411188319435668,0.12533299069223042,0.037482268731982696,0.07983906409091218,0.05606088984945513,0.02971820139939016,0.008051255682157327,0.4966343304108189,0.22395192348896362,0.06826206634631996,neutral,neutral,neutral,neutral
data/fer2013/PublicTest/sad/sad_PublicTest_29264.png,neutral,6,0.556,sad,data/fer2013/PublicTest/sad/sad_PublicTest_29264.png,sad,sad,data/fer2013/Training/sad/sad_Training_3141.png,data/fer2013/Training/fear/fear_Training_26194.png,0.9946007132530212,0.992168664932251,framework,sad,0.742668506120383,2,stop,1283,False,0.09383145814251592,0.1815932720657045,0.11876795395080993,0.10096509765155902,0.1396170385918011,0.5878409880684428,0.7426748731736655,0.13730688378934544,0.04462644667961223,0.08636615729564733,0.056486298616208894,0.04801922122968223,0.06640216886344245,0.27957845939346426,0.353217793734306,0.06530345418763668,sad,0.9630393398156956,2,stop,3697,False,0.12007174423484804,0.052579564255715895,0.06101696437528443,0.09485091042453923,0.014992390919223402,0.19202296968767166,0.9630402007457518,0.09828867339932817,0.07519224429478583,0.03292677611725528,0.038210509230706,0.05939826121185711,0.009388649492392388,0.12025008996892028,0.6030823862984903,0.061551083385592786,sad,sad,sad,sad
data/fer2013/PublicTest/angry/angry_PublicTest_29267.png,angry,0,0.6,angry,data/fer2013/PublicTest/angry/angry_PublicTest_29267.png,sad,sad,data/fer2013/Training/disgust/disgust_Training_1270.png,data/fer2013/Training/disgust/disgust_Training_473.png,0.9789450168609619,0.9779026508331299,framework,angry,0.7252247410549956,2,stop,1283,False,0.725220980336359,0.275452631412674,0.25473108413344897,0.13248080453002675,0.005163353171021821,0.3097258395703328,0.2745399744147843,0.214424299018509,0.33088839108684065,0.1256776630848482,0.11622327659306109,0.06044552136439763,0.002355824872275681,0.14131511292725663,0.12526125537763347,0.0978329546936867,sad,0.805208345448235,2,stop,3697,False,0.4023758903431141,0.163606092732801,0.20055699268898117,0.12358130759700965,0.007204683851065914,0.3054280644017799,0.8051928002133776,0.12732153536012833,0.18844286037723082,0.07662089312414266,0.09392593909823888,0.057876268562912,0.003374136635897319,0.1430397284645298,0.3770922614125199,0.05962791232452854,sad,sad,angry,angry
data/fer2013/PublicTest/neutral/neutral_PublicTest_29268.png,sad,4,1.0,sad,data/fer2013/PublicTest/neutral/neutral_PublicTest_29268.png,neutral,neutral,data/fer2013/Training/sad/sad_Training_447.png,data/fer2013/Training/angry/angry_Training_26576.png,0.9761753678321838,0.9627557992935181,framework,sad,0.922838179014817,2,stop,1283,False,0.04706321009356169,0.22027800302195394,0.09086950138727752,0.049511190566102835,0.003945375733423657,0.4119934626039178,0.9228386188838789,0.08055034720368558,0.025759129513011944,0.12056486579283257,0.04973564808614519,0.027098983847473036,0.002159424405872763,0.22549658088835678,0.5050977070238327,0.04408766044247514,sad,0.8050706738743686,2,stop,3697,False,0.04891311139956953,0.13431519239776263,0.07974039671094514,0.043324048130574944,0.003402393323042251,0.6740587080445323,0.8050871753648647,0.09604712298924489,0.025950140034629556,0.07125897232394883,0.04230510801412955,0.022984943784732224,0.0018050903052266687,0.35761204643937317,0.42712729456393705,0.05095640453402291,sad,sad,sad,sad
data/fer2013/PublicTest/sad/sad_PublicTest_29270.png,neutral,6,0.714,sad,data/fer2013/PublicTest/sad/sad_PublicTest_29270.png,sad,sad,data/fer2013/Training/angry/angry_Training_5104.png,data/fer2013/Training/angry/angry_Training_727.png,0.9683288931846619,0.9659628868103027,framework,sad,0.550936741218677,2,stop,1283,False,0.3765390717032234,0.4570049360664482,0.37227525624911356,0.14078596989770648,0.002979149902788058,0.5458654944240358,0.5509568162302145,0.130873338043326,0.14609940206439745,0.17732063660158717,0.14444501627770975,0.05462579468332792,0.001155927902750542,0.21179906239795296,0.21377452557694124,0.050779634495333036,sad,0.8816873658683833,2,stop,3697,False,0.2772427799656192,0.16310920110320803,0.1685418121381777,0.10375634486446166,0.0063197178539677835,0.36009713760491663,0.8816940384266361,0.11555157922633136,0.13352651160155254,0.07855714993237455,0.08117362059565947,0.04997144664325356,0.00304372174976392,0.17343107953271664,0.42464416662390103,0.05565230332077835,sad,sad,sad,sad
data/fer2013/PublicTest/fear/fear_PublicTest_29287.png,neutral,6,1.0,sad,data/fer2013/PublicTest/fear/fear_PublicTest_29287.png,sad,sad,data/fer2013/Training/sad/sad_Training_23546.png,data/fer2013/Training/sad/sad_Training_8696.png,0.9339594841003418,0.931206464767456,framework,neutral,0.7026032378447868,3,stop,1284,False,0.09908437319961846,0.2600233531201791,0.1365359403322272,0.14335881774051182,0.12760135003361975,0.7026029865798714,0.5885773606203735,0.2453430600531054,0.04302166697805341,0.11290012484527889,0.059282847192003725,0.06224528768804387,0.05540351732393612,0.3050647718740512,0.2555557287365356,0.10652605536209724,sad,0.9127215510027783,2,stop,3697,False,0.15780580276568898,0.10897507895091027,0.12893363321946813,0.11159134487136203,0.03230884351192286,0.3119167748667375,0.9127243792767878,0.14888445999218325,0.08248522145809402,0.0569613624032938,0.0673937149529006,0.05832888672787238,0.016887858782308994,0.16303915192256377,0.47708177541882135,0.07782202833414519,sad,sad,sad,sad
data/fer2013/PublicTest/neutral/neutral_PublicTest_29297.png,sad,4,0.625,surprise,data/fer2013/PublicTest/neutral/neutral_PublicTest_29297.png,surprise,surprise,data/fer2013/Training/surprise/surprise_Training_12782.png,data/fer2013/Training/surprise/surprise_Training_3756.png,0.9403162002563477,0.9403162002563477,framework,sad,0.6928483855927219,2,stop,1283,False,0.165234416144605,0.32712046495557046,0.20397180554103547,0.23817702553836204,0.023946219927402083,0.49542746465552856,0.6928221731922753,0.37080481422008876,0.06563421187397928,0.12993838938746746,0.08102143012072206,0.09460838560423261,0.009511888073732452,0.1967930891281879,0.27520197285350645,0.1472906329581718,surprise,0.9504780620747799,2,stop,3697,False,0.07296026797883683,0.06880182543703466,0.10399949204427916,0.18668352955612155,0.010038123451424684,0.1611262607615695,0.1426177968789145,0.9504781187138576,0.04300114052885802,0.04055024804895258,0.061294960890536966,0.11002707242241112,0.005916244130379902,0.09496419316753901,0.08405572094780706,0.5601904198635153,surprise,surprise,surprise,surprise
data/fer2013/PublicTest/sad/sad_PublicTest_29309.png,sad,4,0.556,sad,data/fer2013/PublicTest/sad/sad_PublicTest_29309.png,neutral,neutral,data/fer2013/Training/sad/sad_Training_6374.png,data/fer2013/Training/fear/fear_Training_3184.png,0.9788564443588257,0.9764180183410645,framework,sad,0.9877085689854622,2,stop,1283,False,0.026607166156162272,0.036861027464404235,0.05426693413968513,0.02587371230643804,0.0016623107554364193,0.250774666479163,0.9877132190306649,0.033729578618491886,0.018770638349777814,0.026004461041609753,0.038283858908864855,0.01825320643393144,0.0011727154193012918,0.1769147658994989,0.6968050456371352,0.023795308309880882,sad,0.618099476164395,2,stop,3697,False,0.08794525469285887,0.18834030189633857,0.1311149886175141,0.17623386464556198,0.026039586764958506,0.6406758297815734,0.6181358583867803,0.481337185865723,0.03742633361487488,0.08015085062310914,0.05579781789304506,0.07499878686460934,0.011081510479017944,0.27264856333788046,0.26305636314427794,0.20483977404318524,sad,sad,sad,sad
data/fer2013/PublicTest/happy/happy_PublicTest_29343.png,surprise,5,0.75,surprise,data/fer2013/PublicTest/happy/happy_PublicTest_29343.png,happy,happy,data/fer2013/Training/happy/happy_Training_3260.png,data/fer2013/Training/happy/happy_Training_2305.png,0.9622869491577148,0.9584537744522095,framework,surprise,0.9747771520935637,2,stop,1283,False,0.021449667355628848,0.036614845683628626,0.04405374548522024,0.07489779216077895,0.03253193501474202,0.09735131289943941,0.024979870529466434,0.9747770359478184,0.016415693181030266,0.028021789925590037,0.03371487106865538,0.05732019782233474,0.02489708837592199,0.07450415229438506,0.0191174009141905,0.746008806417892,happy,0.6373842099493605,1,stop,3696,False,0.039718809695304086,0.06974199353895054,0.049136061444152966,0.04603069560834,0.6373842099493605,0.12141898986884685,0.05596087133933009,0.5839501811400067,0.024772515369810434,0.043497894829137705,0.03064603009694775,0.028709221731170968,0.3975348269138036,0.07572869921800504,0.03490264577403584,0.3642081660670887,surprise,surprise,surprise,surprise
data/fer2013/PublicTest/angry/angry_PublicTest_29378.png,happy,3,0.778,surprise,data/fer2013/PublicTest/angry/angry_PublicTest_29378.png,angry,angry,data/fer2013/Training/fear/fear_Training_2233.png,data/fer2013/Training/fear/fear_Training_24505.png,0.9873495697975159,0.9859597682952881,framework,surprise,0.8258954308323255,2,stop,1283,False,0.11102277133116832,0.0677845262828724,0.12769328146457515,0.23584873324425323,0.1725598038558216,0.10735852724801592,0.1911785847632958,0.8259226887069485,0.060359164663098555,0.03685205597429913,0.06942233300321071,0.12822263716521554,0.09381467864909511,0.05836704440408383,0.10393705308765223,0.4490250330533448,angry,0.7565023477028014,2,stop,3697,False,0.7565016826100516,0.12461061447298301,0.12208212192165023,0.12216652678078976,0.05420507989393378,0.1203236317254368,0.1605463016269229,0.46270661127601453,0.3933674467457605,0.06479530763704125,0.06348053639211576,0.06352442542064786,0.028185679382708856,0.06256615270399846,0.08348122708407876,0.2405992246336486,surprise,surprise,surprise,surprise
data/fer2013/PublicTest/fear/fear_PublicTest_29382.png,angry,0,0.667,surprise,data/fer2013/PublicTest/fear/fear_PublicTest_29382.png,surprise,surprise,data/fer2013/Training/surprise/surprise_Training_9021.png,data/fer2013/Training/surprise/surprise_Training_2283.png,0.9678331017494202,0.9678331017494202,framework,surprise,0.9422688090274419,2,stop,1283,False,0.13524399596302802,0.04546991014622532,0.11489721163505248,0.12692015838226903,0.020892425005415546,0.069631132787529,0.13905959358412792,0.9422993463942874,0.08482365003181765,0.028518262254510634,0.0720623551527394,0.07960302429649843,0.013103515127280231,0.043671933802540266,0.08721675380673784,0.5910005055278756,surprise,0.8260889617117303,2,stop,3697,False,0.2591339670276268,0.0986523898280945,0.19553867792140336,0.2506502480576929,0.03850904371659687,0.1268331916811442,0.20467846418490807,0.8260755231314016,0.12956235130029217,0.04932443142877627,0.09776584356054947,0.12532064346814858,0.019253833480333018,0.06341432860238568,0.1023355733117848,0.4130229948477298,surprise,surprise,surprise,surprise
data/fer2013/PublicTest/surprise/surprise_PublicTest_29400.png,fear,2,0.6,surprise,data/fer2013/PublicTest/surprise/surprise_PublicTest_29400.png,surprise,surprise,data/fer2013/Training/surprise/surprise_Training_26637.png,data/fer2013/Training/surprise/surprise_Training_19641.png,0.9938546419143677,0.9937952756881714,framework,surprise,0.9901106500979823,2,stop,1283,False,0.009293232578579854,0.020500352495864516,0.032999012657633164,0.11099113339829889,0.0016707365216655902,0.048435678098376726,0.011804778327843036,0.9901102371502014,0.00758132929483383,0.016723989377985412,0.02692027550655978,0.09054549361422747,0.0013629707024493442,0.039513357938414956,0.009630224036593759,0.8077223595289353,surprise,0.9733112098961778,2,stop,3697,False,0.034096867720359296,0.04132623745100556,0.054946956831121156,0.1741831616958192,0.006795785122258219,0.09325892932108598,0.030629761950904128,0.973311499923075,0.02420708323144195,0.02933957681460259,0.039009611329523665,0.12366139691385047,0.004824670037924707,0.0662092096747854,0.021745610270883172,0.691002841726988,surprise,surprise,surprise,surprise
data/fer2013/PublicTest/fear/fear_PublicTest_29405.png,fear,2,0.556,surprise,data/fer2013/PublicTest/fear/fear_PublicTest_29405.png,surprise,surprise,data/fer2013/Training/surprise/surprise_Training_78.png,data/fer2013/Training/fear/fear_Training_11704.png,0.9862696528434753,0.98264080286026,framework,surprise,0.9733731137746562,2,stop,1283,False,0.01165312676404577,0.020140827735794002,0.039220460197149844,0.20388229860306062,0.002501773101215604,0.06684322521534418,0.030411848551711244,0.97344999877322,0.008644088717631738,0.01494011910450522,0.02909306183268565,0.1512363773916138,0.0018557721954089806,0.04958315314279409,0.022558985435502447,0.722088442179858,surprise,0.966263217963882,2,stop,3697,False,0.03561360201240864,0.03615042137519064,0.05975156837761091,0.21526566434121916,0.004324170923016367,0.08020770317245479,0.03342148401974826,0.9662565954300079,0.02488736602447613,0.025262504151923243,0.041755370665174193,0.1504311577103404,0.003021801177988362,0.05605045134552546,0.02335547821281445,0.6752358707117577,surprise,surprise,surprise,surprise
data/fer2013/PublicTest/fear/fear_PublicTest_29409.png,fear,2,0.714,surprise,data/fer2013/PublicTest/fear/fear_PublicTest_29409.png,angry,angry,data/fer2013/Training/fear/fear_Training_18884.png,data/fer2013/Training/sad/sad_Training_3088.png,0.9855918288230896,0.9614397883415222,framework,surprise,0.882544207741722,2,stop,1283,False,0.08955897609504754,0.12324659077991244,0.1450747781783708,0.13897516935502716,0.06398694965819385,0.26367121327085524,0.2488581217886416,0.8825863645025347,0.045787776937366985,0.0630108522113133,0.07417069591572258,0.07105221979656674,0.03271386415519689,0.13480411706848947,0.1272307999302879,0.4512296739850561,angry,0.7862320831110962,2,stop,3697,False,0.7862121079752806,0.12950916253244546,0.1521943956471001,0.1595466876257447,0.008436083794618285,0.15206454823309984,0.19416585403206577,0.4241701876549446,0.39187184821437226,0.06455127613460845,0.07585828112427608,0.07952288539207723,0.004204798825601808,0.07579356125339902,0.09677812298721293,0.21141922606845226,surprise,surprise,surprise,surprise
data/fer2013/PublicTest/fear/fear_PublicTest_29411.png,angry,0,0.778,sad,data/fer2013/PublicTest/fear/fear_PublicTest_29411.png,sad,sad,data/fer2013/Training/fear/fear_Training_6803.png,data/fer2013/Training/sad/sad_Training_24109.png,0.982149064540863,0.982068657875061,framework,sad,0.9055106848943449,2,stop,1283,False,0.16106655747734433,0.15712401766655665,0.17184601385489867,0.13950302495000738,0.0008476688900897798,0.28549087751293667,0.9055071244726322,0.11858979388704174,0.08302506524172544,0.08099280211935263,0.08858155743373537,0.07190969950122375,0.00043694833989969833,0.14716213658917413,0.4667622457676373,0.0611295450072517,sad,0.9531426268890243,2,stop,3697,False,0.2092406522922915,0.039294110334477515,0.06621532666527179,0.10612676839840746,0.0037131319959266907,0.1454528006130698,0.9531450127453152,0.08857270241064182,0.12982118099064024,0.024379621042628166,0.04108260901117111,0.06584524688326535,0.0023037740305452813,0.09024467352360904,0.5913688848431019,0.05495400967503895,sad,sad,sad,sad
data/fer2013/PublicTest/angry/angry_PublicTest_29434.png,angry,0,0.667,neutral,data/fer2013/PublicTest/angry/angry_PublicTest_29434.png,neutral,neutral,data/fer2013/Training/neutral/neutral_Training_15605.png,data/fer2013/Training/angry/angry_Training_17059.png,0.9852228760719299,0.9844820499420166,framework,neutral,0.75089909058619,3,stop,1284,False,0.4466714146345643,0.30735750235936093,0.1938955556355559,0.16582509215078262,0.017476088041713602,0.7508984639988039,0.30700324530286455,0.23923521572055476,0.18393934197054734,0.12656985623300956,0.07984621300155612,0.06828679278116502,0.007196655145801229,0.3092200772857488,0.12642397313477352,0.09851709044739845,neutral,0.9459343394936889,3,stop,3698,False,0.18678860850034854,0.15495119813200026,0.11162862735985973,0.06306451703607761,0.00883341810631808,0.9459352415856088,0.21165407074208858,0.11330030902541764,0.10399353368502748,0.08626823001599408,0.062148626261324134,0.03511082409883196,0.004917957100106599,0.5266442595159868,0.11783724345935961,0.06307932586336927,neutral,neutral,neutral,neutral
data/fer2013/PublicTest/angry/angry_PublicTest_29435.png,angry,0,1.0,angry,data/fer2013/PublicTest/angry/angry_PublicTest_29435.png,neutral,neutral,data/fer2013/Training/angry/angry_Training_15385.png,data/fer2013/Training/angry/angry_Training_19106.png,0.9835089445114136,0.9781564474105835,framework,angry,0.8231664573668748,2,stop,1283,False,0.8133433146331781,0.26087777667291706,0.17963730494870916,0.07823827003270974,0.004930076282758434,0.3384741404510946,0.14363418345677056,0.13111678090059198,0.4170452732688686,0.13376619897761124,0.09210979863454756,0.0401170085483407,0.0025279177606650086,0.17355406734059847,0.07364904366060446,0.06723069180876398,neutral,0.8419174043233169,3,stop,3698,False,0.34693390358073517,0.2355987376865249,0.17077014003213808,0.08425122117761676,0.010930578989314559,0.8419181737723958,0.364696591466224,0.16181858523805592,0.15649379644679356,0.10627309847236237,0.0770304293052777,0.0380037618730321,0.0049305293767616,0.37976966203458035,0.16450613088170918,0.07299259160948324,neutral,neutral,neutral,angry
data/fer2013/PublicTest/fear/fear_PublicTest_29436.png,fear,2,0.6,surprise,data/fer2013/PublicTest/fear/fear_PublicTest_29436.png,surprise,surprise,data/fer2013/Training/fear/fear_Training_9137.png,data/fer2013/Training/fear/fear_Training_6747.png,0.9945868253707886,0.9928692579269409,framework,surprise,0.9883556194728309,2,stop,1283,False,0.005344894583219906,0.010580896408724765,0.028168891833753814,0.13364875663177456,0.00047700274165074307,0.03256243654429693,0.0052760489544493375,0.9883552072714071,0.004437754778887784,0.008785098166416544,0.023388044872515848,0.11096578224331761,0.00039604545297279386,0.027035913643713213,0.004380593685563082,0.8206107671566131,surprise,0.9765151457114313,2,stop,3697,False,0.030519708472512636,0.034343913095998026,0.0529639054717439,0.1693408486112066,0.004148890612249951,0.07748124907120403,0.029799223551991615,0.9765078710254189,0.02219444692285018,0.024975473046166787,0.03851624565412164,0.12314752219067995,0.0030171432523749776,0.05634567157074147,0.02167049813278819,0.7101329992302768,surprise,surprise,surprise,surprise
data/fer2013/PublicTest/angry/angry_PublicTest_29471.png,surprise,5,0.556,surprise,data/fer2013/PublicTest/angry/angry_PublicTest_29471.png,angry,angry,data/fer2013/Training/angry/angry_Training_16286.png,data/fer2013/Training/fear/fear_Training_18775.png,0.9829084277153015,0.9761893153190613,framework,surprise,0.9621615019705725,2,stop,1283,False,0.04070505139168701,0.027271856564081515,0.05116421682094063,0.24288370021903025,0.002602123439661334,0.04954331818253854,0.015969584341996662,0.9621615592638636,0.029235804182044207,0.019587609668295758,0.036747945843649224,0.17444764361761936,0.0018689368699576815,0.035583759248347606,0.011469918959163949,0.6910583816109221,surprise,0.7672311963821421,2,stop,3697,False,0.4308803463184378,0.1141772727395152,0.11993910278515311,0.2807153767386465,0.02760950123536319,0.10664093894562988,0.1364214928114691,0.7672302843620323,0.2172198208375333,0.05756021814433448,0.06046493102089909,0.14151711574341583,0.013918785024664317,0.053760924232539815,0.06877420258336835,0.3867840024132448,surprise,surprise,surprise,surprise
data/fer2013/PublicTest/angry/angry_PublicTest_29477.png,neutral,6,1.0,contempt,data/fer2013/PublicTest/angry/angry_PublicTest_29477.png,contempt,contempt,data/fer2013/Training/fear/fear_Training_4469.png,data/fer2013/Training/fear/fear_Training_16963.png,0.9710330367088318,0.949774980545044,framework,surprise,0.4415508731478109,2,stop,1283,False,0.22753856232893638,0.3549334351955758,0.45909808678140057,0.18624866150177463,0.15196519341873949,0.5563354390230202,0.3215800006603697,0.44152668198435896,0.08429770504422271,0.13149451998029263,0.170085082325159,0.06900076440432552,0.056299542902456194,0.20610924260220068,0.11913785411283392,0.16357528862850929,contempt,0.8031668623418307,2,stop,3697,False,0.13853949350945405,0.8031668144700871,0.2788196767379915,0.14504905017971081,0.017191000236950024,0.2747235495425577,0.18965022849748275,0.4297292034243091,0.060846492485729715,0.3527505572850005,0.12245749522935905,0.06370548728200548,0.007550280719543533,0.12065847773402982,0.08329430771595493,0.18873690154837697,contempt,contempt,contempt,contempt
data/fer2013/PublicTest/happy/happy_PublicTest_29483.png,neutral,6,0.571,surprise,data/fer2013/PublicTest/happy/happy_PublicTest_29483.png,happy,happy,data/fer2013/Training/happy/happy_Training_12528.png,data/fer2013/Training/happy/happy_Training_10609.png,0.9772522449493408,0.9639161229133606,framework,surprise,0.8799667400320302,2,stop,1283,False,0.049313850054450735,0.13925525845842204,0.09217294023179975,0.11147081358742311,0.10488138322105826,0.37500006506579364,0.12818262208905448,0.880008983330946,0.026226782657786635,0.07406068261776924,0.04902070448199352,0.059283969866800894,0.055779486686792674,0.19943778861875278,0.06817187800836526,0.46801870706173904,happy,0.8830424110960227,1,stop,3696,False,0.09132621643817905,0.06003901463770168,0.06174613763522874,0.047601402215037565,0.8830424110960227,0.1774608010519493,0.11526255048735735,0.2691198926871625,0.053544969925333225,0.035201143313525377,0.03620203717649743,0.027908915417877104,0.5177317224888752,0.10404606284860596,0.06757894983573032,0.1577861989935553,happy,happy,surprise,surprise
data/fer2013/PublicTest/neutral/neutral_PublicTest_29500.png,happy,3,0.6,surprise,data/fer2013/PublicTest/neutral/neutral_PublicTest_29500.png,neutral,neutral,data/fer2013/Training/neutral/neutral_Training_8739.png,data/fer2013/Training/happy/happy_Training_3134.png,0.9530914425849915,0.9514170289039612,framework,surprise,0.9097089126239767,2,stop,1283,False,0.03303381997347875,0.14828816341746015,0.08805178001486355,0.09840390537436185,0.08731682082439884,0.27474246837732874,0.1334338702942602,0.9096454366888939,0.018632476122119636,0.0836408161783003,0.04966494005096148,0.055503978004455806,0.04925039188250684,0.1549664097546905,0.07526236457472567,0.5130786234322399,neutral,0.9083015884327258,3,stop,3698,False,0.047509737879690705,0.13692261473151277,0.07911632465637004,0.0351937727151368,0.02125845570118689,0.9083016245234613,0.21860631661561017,0.3839603959919721,0.025949279592815167,0.07478557809021674,0.04321243855444837,0.019222439206541462,0.011611127219823875,0.4961040380617011,0.11940028894663467,0.20971481032781858,surprise,surprise,surprise,surprise
data/fer2013/PublicTest/surprise/surprise_PublicTest_29511.png,surprise,5,0.667,surprise,data/fer2013/PublicTest/surprise/surprise_PublicTest_29511.png,happy,happy,data/fer2013/Training/surprise/surprise_Training_17063.png,data/fer2013/Training/surprise/surprise_Training_8569.png,0.9895116686820984,0.9890531301498413,framework,surprise,0.9659957976537822,2,stop,1283,False,0.006669256246745467,0.01922198663443493,0.027147103049662537,0.034871442982969236,0.05967715870808768,0.041173258030583845,0.006989037673794314,0.9659959127672906,0.0057407222330680555,0.016545785909768636,0.02336751989648586,0.030016430712073175,0.05136854532602949,0.0354408691223049,0.006015981764275509,0.8315041450359945,surprise,0.7237342951227012,2,stop,3697,False,0.021759990005441546,0.03349342428255002,0.033017123954555416,0.05498476499995342,0.4625034345755059,0.05718203175779811,0.026319587536640654,0.7237343382395646,0.015399909197833635,0.023703857058151256,0.02336677134257046,0.03891363865754319,0.3273214231425587,0.04046868112519895,0.018626812700159385,0.5121989067759845,surprise,surprise,surprise,surprise
data/fer2013/PublicTest/fear/fear_PublicTest_29536.png,neutral,6,0.667,sad,data/fer2013/PublicTest/fear/fear_PublicTest_29536.png,sad,sad,data/fer2013/Training/sad/sad_Training_7567.png,data/fer2013/Training/sad/sad_Training_1003.png,0.9947628378868103,0.9939489364624023,framework,sad,0.990078858701447,2,stop,1283,False,0.0350256895793151,0.052007910160452156,0.058738836205244296,0.029492628310428756,0.0010784179943004908,0.20823117883439626,0.9900827529024594,0.03714313764568416,0.024809233527228382,0.03683800101956484,0.04160561924793998,0.020890081305273808,0.0007638600176587669,0.1474933400427176,0.7012908103469403,0.02630905449267632,sad,0.9885230578513098,2,stop,3697,False,0.033568667960535044,0.039360541696644685,0.03888272611567823,0.03793008977507401,0.0024223736004358462,0.21237791595312944,0.9885257090753374,0.044738760160765445,0.024015241832184078,0.028158785704633035,0.027816953352465076,0.027135431162647074,0.0017329817164850672,0.1519365325256825,0.7071976757816246,0.032006397924278555,sad,sad,sad,sad
data/fer2013/PublicTest/fear/fear_PublicTest_29541.png,surprise,5,0.625,surprise,data/fer2013/PublicTest/fear/fear_PublicTest_29541.png,fear,fear,data/fer2013/Training/fear/fear_Training_11524.png,data/fer2013/Training/fear/fear_Training_23931.png,0.9939486980438232,0.9939486980438232,framework,surprise,0.9765884821811573,2,stop,1283,False,0.011827653324144864,0.022906629746051017,0.028725711445627973,0.18055114820802173,0.004151366260424191,0.05790044974478106,0.034841205903559616,0.9765520657234107,0.008977644229553368,0.017387013866761156,0.021803920907387805,0.13704527258505636,0.00315104681641101,0.04394867048382656,0.026445816643293225,0.7412406144677105,fear,0.7381963840269173,2,stop,3697,False,0.031412008258049726,0.045642234902481774,0.07000782061379429,0.7382725192670043,0.006067377351762091,0.07601398066730859,0.08107912193936138,0.6519830108470727,0.01847245709378024,0.026840825297576202,0.04116949326810316,0.43415585923838373,0.0035680420965596,0.04470153531315412,0.04768019252135581,0.38341159517108714,surprise,surprise,surprise,surprise
data/fer2013/PublicTest/surprise/surprise_PublicTest_29558.png,happy,3,0.7,surprise,data/fer2013/PublicTest/surprise/surprise_PublicTest_29558.png,surprise,surprise,data/fer2013/Training/surprise/surprise_Training_16110.png,data/fer2013/Training/surprise/surprise_Training_3020.png,0.986890435218811,0.9724447727203369,framework,surprise,0.9196472374741326,2,stop,1283,False,0.009549931709721292,0.017048045085195408,0.018420403717751728,0.029404998351590456,0.1470196537681823,0.04154503617635195,0.007824173423612935,0.9196472922626159,0.008022054872929597,0.014320558230840644,0.015473355611003974,0.0247005442012472,0.12349823703209382,0.03489831865135578,0.006572397630409043,0.7725145337701199,surprise,0.9552027966608813,2,stop,3697,False,0.024356118254179288,0.026007606039993008,0.035762999157472566,0.053407123286093976,0.07490010839575549,0.06598127025156915,0.018196112583853244,0.9552027397298346,0.019425621938208317,0.020742793132238025,0.028523367055434512,0.04259572789621037,0.05973781099445546,0.05262444522290824,0.014512608294564985,0.7618376254659802,surprise,surprise,surprise,surprise
data/fer2013/PublicTest/angry/angry_PublicTest_29614.png,sad,4,0.714,sad,data/fer2013/PublicTest/angry/angry_PublicTest_29614.png,disgust,disgust,data/fer2013/Training/angry/angry_Training_12294.png,data/fer2013/Training/disgust/disgust_Training_2419.png,0.9791016578674316,0.9686049222946167,framework,sad,0.9024257005917786,2,stop,1283,False,0.12550005910266887,0.11118439792185193,0.1549691768973826,0.13764536600277166,0.052089554976864585,0.1692054864529003,0.9024218299365082,0.22809561078899696,0.06671590721667567,0.05910569308678895,0.08238170803467383,0.07317235970011579,0.027690838885991574,0.08994973879262583,0.4797279898258344,0.12125576445729395,disgust,0.864099486203329,3,stop,3698,False,0.17087510017193205,0.3151881990840967,0.8641297267563189,0.16012625718748053,0.00560478555187354,0.1971212117646948,0.2299810264746348,0.2165132795676296,0.07912570866284996,0.1459515727546192,0.4001453514141664,0.07414833151664985,0.0025953613384809763,0.0912792768382717,0.10649539740140702,0.10025900007355495,sad,sad,sad,sad
data/fer2013/PublicTest/neutral/neutral_PublicTest_29694.png,neutral,6,1.0,neutral,data/fer2013/PublicTest/neutral/neutral_PublicTest_29694.png,happy,happy,data/fer2013/Training/happy/happy_Training_23800.png,data/fer2013/Training/happy/happy_Training_11772.png,0.9788504242897034,0.9695940613746643,framework,neutral,0.8477400968434263,3,stop,1284,False,0.07828974893496139,0.2035947886929075,0.11818796833866338,0.09553149656775013,0.17455563372405086,0.8477409052935219,0.3054241625588403,0.2235275413751155,0.03824885216195938,0.09946726205661474,0.05774132871550384,0.046672395029215295,0.08528003626496297,0.4141680999022547,0.14921651684064244,0.1092055090288465,happy,0.7861849109743068,1,stop,3696,False,0.046243511293298824,0.09945402580190654,0.07760548651145453,0.043505257054211946,0.7861849109743068,0.5369387809072674,0.16914043513817478,0.08240967893339833,0.025112115740603246,0.05400759883837655,0.04214294946205518,0.023625131827486948,0.42693052334811754,0.2915796926890289,0.09185016588957304,0.044751822204758526,neutral,neutral,neutral,neutral
data/fer2013/PublicTest/fear/fear_PublicTest_29709.png,fear,2,0.556,surprise,data/fer2013/PublicTest/fear/fear_PublicTest_29709.png,surprise,surprise,data/fer2013/Training/fear/fear_Training_23842.png,data/fer2013/Training/fear/fear_Training_8037.png,0.9870842695236206,0.9729862213134766,framework,surprise,0.9823080413023821,2,stop,1283,False,0.009448399865140952,0.013943097074036386,0.031308207000771825,0.1706132171198071,0.0008270004124359919,0.04252257771732898,0.011522636475825946,0.982307982780851,0.007483921874179783,0.011044097484821718,0.024798714973832185,0.13513991848905105,0.0006550534021554232,0.033681433265682466,0.009126890521199294,0.778069969989078,surprise,0.9724652095056894,2,stop,3697,False,0.029716255264846753,0.03315758981566785,0.05454967652131406,0.19122466490585985,0.005623717870788662,0.07726238870486404,0.02873204604995192,0.9724543713892235,0.02133683734314391,0.023807781104388033,0.03916770685548884,0.1373029520284198,0.004037936557056564,0.05547586685623206,0.02063015637871309,0.6982407628765578,surprise,surprise,surprise,surprise
data/fer2013/PublicTest/sad/sad_PublicTest_29715.png,neutral,6,0.75,sad,data/fer2013/PublicTest/sad/sad_PublicTest_29715.png,sad,sad,data/fer2013/Training/sad/sad_Training_2797.png,data/fer2013/Training/sad/sad_Training_7306.png,0.9856139421463013,0.971657931804657,framework,sad,0.893488757042503,2,stop,1283,False,0.09596241856990204,0.1812053583332689,0.16044879413667573,0.15824767656933603,0.011399487311392786,0.37105118465421,0.8935225940688345,0.22574494750512195,0.04574905651973662,0.08638771618734441,0.07649224624466296,0.07544288699032677,0.005434583632602388,0.176894683058612,0.4259773384925694,0.10762148887414544,sad,0.9101527425946107,2,stop,3697,False,0.11484957404816223,0.11562051259596531,0.10070370869658579,0.14730374281589298,0.01948768975837078,0.3755523511033276,0.9101422217155383,0.18477613530395406,0.058345599135595616,0.05873724944724095,0.05115925128825332,0.07483288641457952,0.009900088390784482,0.19078718500702904,0.4623682209071711,0.09386951940934596,sad,sad,sad,sad
data/fer2013/PublicTest/fear/fear_PublicTest_29731.png,neutral,6,0.625,sad,data/fer2013/PublicTest/fear/fear_PublicTest_29731.png,sad,sad,data/fer2013/Training/sad/sad_Training_24712.png,data/fer2013/Training/sad/sad_Training_8604.png,0.98234623670578,0.9731385707855225,framework,neutral,0.6688315858772714,3,stop,1284,False,0.11736908858792976,0.34178348432555183,0.2226884106525397,0.19385864115505003,0.10340385204182992,0.6688315593073894,0.42474856807564443,0.45313240419185696,0.046467790290540156,0.13531606546055397,0.08816493755579931,0.07675089575611091,0.0409387903554696,0.2647982105979046,0.16816290920381258,0.17940040077980887,sad,0.9285966718368872,2,stop,3697,False,0.13782721794165478,0.1216378908805233,0.09019256936090904,0.09657838451625457,0.015797298777948887,0.365066871532655,0.9285983318932282,0.11427350702449553,0.07370549539789381,0.0650479719491919,0.048232040849644144,0.05164696626548882,0.008447879524566465,0.19522584161180767,0.4965840644539564,0.06110973994745074,sad,sad,sad,sad
data/fer2013/PublicTest/fear/fear_PublicTest_29733.png,fear,2,1.0,sad,data/fer2013/PublicTest/fear/fear_PublicTest_29733.png,sad,sad,data/fer2013/Training/fear/fear_Training_3332.png,data/fer2013/Training/fear/fear_Training_24120.png,0.9894988536834717,0.9847719669342041,framework,surprise,0.589986249730181,2,stop,1283,False,0.19106231287522926,0.27869345235111426,0.22080986085529616,0.5187044409369785,0.018479643033441188,0.2589243215486579,0.40243319618445433,0.5899180520128896,0.07707154680197251,0.11242057699944727,0.08907124209450704,0.2092372535141036,0.007454398784891181,0.1044460190296041,0.1623352530786762,0.23796370969679814,sad,0.8884068387031622,2,stop,3697,False,0.25142927586225455,0.0996429148722933,0.1288728689258313,0.20993742705678775,0.006027470850736214,0.20621165732672653,0.8884147800082617,0.159143169836732,0.12895928151959296,0.051107328955156,0.06609951258479856,0.10767791325997951,0.003091518708891619,0.10576694809552757,0.45567220176865736,0.08162529510739644,sad,sad,sad,sad
data/fer2013/PublicTest/fear/fear_PublicTest_29735.png,sad,4,0.556,neutral,data/fer2013/PublicTest/fear/fear_PublicTest_29735.png,neutral,neutral,data/fer2013/Training/sad/sad_Training_12246.png,data/fer2013/Training/sad/sad_Training_26071.png,0.959235429763794,0.9577420949935913,framework,sad,0.7846230538087454,2,stop,1283,False,0.051942430491751394,0.17423468377838197,0.09204216239033154,0.06797024070093441,0.0326469375863566,0.6626470575312573,0.7846227266440847,0.11297098531178106,0.026245782554838625,0.08803834515761975,0.0465076153946514,0.034344410547366665,0.016496040267291165,0.3348262762816012,0.3964588733358457,0.05708265646078548,neutral,0.846407241009665,3,stop,3698,False,0.06886833363887337,0.16312073281330888,0.10377037984183457,0.07860519815733737,0.03019056615442301,0.8464075437016085,0.5350139755705319,0.15323253895204617,0.03479588274138683,0.0824171225257751,0.05243022123839377,0.039715455760676525,0.015253852450009276,0.4276493431146741,0.2703170321584097,0.07742109001067464,neutral,neutral,neutral,neutral
data/fer2013/PublicTest/sad/sad_PublicTest_29755.png,angry,0,0.556,disgust,data/fer2013/PublicTest/sad/sad_PublicTest_29755.png,disgust,disgust,data/fer2013/Training/sad/sad_Training_22993.png,data/fer2013/Training/disgust/disgust_Training_1843.png,0.9706296920776367,0.9666427969932556,framework,angry,0.5811970852474136,2,stop,1283,False,0.566034358163,0.25295077963805684,0.48156780823029477,0.171287571410441,0.02839325829021029,0.1702375164827926,0.2506687017545777,0.3349869375739858,0.2508876385672992,0.11211726437085685,0.21344889841852405,0.07592107031551967,0.01258495605599069,0.07545564662283316,0.11110576193649781,0.14847876371247862,disgust,0.7723434628339751,3,stop,3698,False,0.21944481477011057,0.3420624104268737,0.7724385614363843,0.1505851027200523,0.005825559788571476,0.1655371196553574,0.16865350946481977,0.43906172376873415,0.09694467284860586,0.1511137481529389,0.3412420736053662,0.06652434934205405,0.0025735718041672217,0.07312973845429384,0.07450647360688133,0.19396537218569268,disgust,disgust,disgust,disgust
data/fer2013/PublicTest/fear/fear_PublicTest_29793.png,sad,4,0.556,sad,data/fer2013/PublicTest/fear/fear_PublicTest_29793.png,neutral,neutral,data/fer2013/Training/sad/sad_Training_8989.png,data/fer2013/Training/sad/sad_Training_6656.png,0.9765641093254089,0.9752891063690186,framework,sad,0.6851067318919679,2,stop,1283,False,0.2803008752577826,0.31366416740045333,0.1927419731725781,0.21865199615315875,0.009753353354953373,0.5125322389275901,0.6851160312531253,0.32353874187528475,0.11051568981012173,0.12367000922526063,0.07599338425519248,0.08620906431706012,0.0038455055589577906,0.2020787622689953,0.27012427529624633,0.12756330926816556,neutral,0.7737042298350694,3,stop,3698,False,0.12188577881360033,0.1887942270624293,0.11942692272041047,0.10536811889301649,0.015848861484861063,0.7737040761150382,0.6390845811701115,0.1719040286386156,0.05706218720618879,0.08838612373769378,0.05591104629320952,0.04932926043022806,0.007419821326630316,0.362218195290732,0.29919457681020706,0.08047878890511043,neutral,neutral,sad,sad
data/fer2013/PublicTest/fear/fear_PublicTest_29795.png,surprise,5,0.6,happy,data/fer2013/PublicTest/fear/fear_PublicTest_29795.png,happy,happy,data/fer2013/Training/happy/happy_Training_14480.png,data/fer2013/Training/fear/fear_Training_9725.png,0.9567022323608398,0.9456249475479126,framework,happy,0.5066783824048828,1,stop,1282,False,0.05654807634019639,0.1587621929166886,0.09112127158019212,0.08997364310377381,0.5066783824048828,0.5712272551113062,0.38060346056228667,0.3361159799624774,0.02580889790588662,0.0724600639578054,0.04158832178692604,0.041064536928117075,0.23125120232095212,0.26071171403841165,0.17370981458650775,0.15340544847539345,happy,0.8315371185213679,1,stop,3696,False,0.06562987690917474,0.08478524006112091,0.06390834692806607,0.05923756344106494,0.8315371185213679,0.2530875454078669,0.12250863049267173,0.335343533787072,0.036139046721223714,0.04668693430705912,0.035191087417485084,0.03261912369286842,0.4578853441743158,0.13936248335056858,0.06745929338332912,0.18465668695315016,happy,happy,happy,happy
data/fer2013/PublicTest/surprise/surprise_PublicTest_29798.png,happy,3,0.667,surprise,data/fer2013/PublicTest/surprise/surprise_PublicTest_29798.png,surprise,surprise,data/fer2013/Training/surprise/surprise_Training_25822.png,data/fer2013/Training/surprise/surprise_Training_4147.png,0.9886394739151001,0.9883993268013,framework,surprise,0.7673761513995291,2,stop,1283,False,0.04311895190943487,0.08085413725682272,0.08092539391888616,0.04724014762819451,0.3573216170226271,0.21195102085358125,0.1407095404355596,0.7673957656749089,0.02493121635270472,0.04674955906152382,0.04679075939640687,0.02731407626803942,0.20660201946003587,0.12254928571028247,0.08135772879769348,0.4437053549533133,surprise,0.9678042863208469,2,stop,3697,False,0.039644165748292146,0.03983295440410897,0.06413956613408232,0.10496917969230395,0.03205499897368661,0.11443474925743555,0.053897558868296266,0.9678044016780318,0.027981926347975323,0.028115178496499277,0.04527144364570974,0.07409009117776608,0.022625286809188665,0.08077114664743654,0.0380423574092564,0.683102569466168,surprise,surprise,surprise,surprise
data/fer2013/PublicTest/neutral/neutral_PublicTest_29841.png,neutral,6,0.7,happy,data/fer2013/PublicTest/neutral/neutral_PublicTest_29841.png,happy,happy,data/fer2013/Training/happy/happy_Training_26766.png,data/fer2013/Training/happy/happy_Training_180.png,0.9869413375854492,0.9673982858657837,framework,neutral,0.8140494435345562,3,stop,1284,False,0.030706927623489172,0.09936376745253583,0.06321866490298711,0.03867648692168831,0.32720229770426573,0.8140486025167909,0.3258527430204414,0.07983838634832582,0.017261673878283455,0.055856612231412035,0.0355379082517227,0.021741703116178387,0.1839343689622528,0.4576114442321584,0.18317572670670962,0.044880562621282594,happy,0.908373144841964,1,stop,3696,False,0.045944285690785104,0.07818778328700776,0.057142343775871914,0.03647664688200732,0.908373144841964,0.37143387716877724,0.14161131957045842,0.06089177519570166,0.02702507787851234,0.04599115865465363,0.033611933834317806,0.021456078985921806,0.5343179159933469,0.2184826536375401,0.08329777865363826,0.03581740236206909,happy,happy,happy,happy
data/fer2013/PublicTest/sad/sad_PublicTest_29876.png,neutral,6,1.0,surprise,data/fer2013/PublicTest/sad/sad_PublicTest_29876.png,surprise,surprise,data/fer2013/Training/surprise/surprise_Training_21890.png,data/fer2013/Training/surprise/surprise_Training_708.png,0.9774882793426514,0.9774882793426514,framework,surprise,0.963589356912537,2,stop,1283,False,0.03496427916299679,0.0373336419900758,0.058182098351203845,0.22871274203204783,0.00458042959936414,0.09661369100372694,0.04432366272261361,0.9635434456245654,0.02381350869096516,0.02542723686227003,0.03962672584456706,0.1557719192414727,0.0031196438961123745,0.06580175611966713,0.030188007667477406,0.6562512016774681,surprise,0.9650685813499348,2,stop,3697,False,0.04918525605410305,0.04788813420289872,0.06594186987415042,0.17809236121615146,0.008059791925818132,0.13215879547021156,0.09565163035573153,0.9650688113840677,0.03189608825303243,0.031054919245079304,0.042762564837769614,0.11549090370278618,0.0052266848887437675,0.08570350023379993,0.06202901210917535,0.6258363267296133,surprise,surprise,surprise,surprise
data/fer2013/PublicTest/angry/angry_PublicTest_29878.png,neutral,6,0.625,surprise,data/fer2013/PublicTest/angry/angry_PublicTest_29878.png,surprise,surprise,data/fer2013/Training/surprise/surprise_Training_18178.png,data/fer2013/Training/fear/fear_Training_1100.png,0.9729127883911133,0.9609317779541016,framework,surprise,0.9621916639718654,2,stop,1283,False,0.03705434409090057,0.05599082935636298,0.0709707088257068,0.17219575909084664,0.014980035514758449,0.14340798063873603,0.08873095330951365,0.9621915493817015,0.023975291357777158,0.03622777518040151,0.04592021431522614,0.11141591076740917,0.009692540100969692,0.09278933963611818,0.05741163445857147,0.6225672941835267,surprise,0.9612191837008668,2,stop,3697,False,0.06462394423480687,0.061333254993787965,0.07702136740642022,0.18298737344943825,0.007994847282414402,0.1462750349424655,0.07937509145416989,0.9612098464350507,0.04087999465966653,0.03879836129308196,0.04872239114366528,0.11575466242387576,0.00505740276425155,0.09253106906572577,0.05021131645829363,0.6080448021914395,surprise,surprise,surprise,surprise
data/fer2013/PublicTest/fear/fear_PublicTest_29879.png,neutral,6,0.556,sad,data/fer2013/PublicTest/fear/fear_PublicTest_29879.png,sad,sad,data/fer2013/Training/sad/sad_Training_14572.png,data/fer2013/Training/fear/fear_Training_22485.png,0.9734883308410645,0.9639508128166199,framework,sad,0.6440597617046524,2,stop,1283,False,0.15025042103468872,0.34436660596990804,0.2007257758791469,0.15070286785393455,0.02067698337110044,0.6864259383254574,0.6440698845463076,0.20258484890708334,0.06260947279048996,0.14349784511717661,0.08364259425505358,0.06279800774848636,0.008616115807512079,0.2860342474404921,0.26838444534119577,0.08441727149959354,sad,0.9450613499972809,2,stop,3697,False,0.1318261206916405,0.09650755651666171,0.08235698882142879,0.07930225464085196,0.003221623868583131,0.3693620767844871,0.9450589281590911,0.08781171418082025,0.07342244094803022,0.0537512621338376,0.045869901326637375,0.04416852349037404,0.0017943294318817746,0.20572148470170779,0.5263640694356693,0.04890798853186178,sad,sad,sad,sad
data/fer2013/PublicTest/neutral/neutral_PublicTest_29891.png,sad,4,0.667,sad,data/fer2013/PublicTest/neutral/neutral_PublicTest_29891.png,neutral,neutral,data/fer2013/Training/sad/sad_Training_28568.png,data/fer2013/Training/sad/sad_Training_5431.png,0.9879792928695679,0.9820913076400757,framework,sad,0.8134553811080195,2,stop,1283,False,0.05673584774630482,0.1456093870500301,0.09626189763384342,0.06193131305740042,0.03735514549422551,0.6245202331185937,0.8134269882433705,0.1286370419155263,0.028880879274506784,0.07412116493669105,0.04900126383462791,0.0315255847364854,0.0190153049642345,0.31790647665716176,0.4140677821741455,0.06548154342214707,neutral,0.7986086669592326,3,stop,3698,False,0.07090960793891174,0.14035492456494691,0.0979578225196872,0.06987673974587999,0.028735785675477257,0.7986096506839924,0.6296166700141466,0.1448958092281863,0.0357956318929018,0.07085207999473175,0.049449746767260765,0.035274233302410335,0.014506011753426298,0.40314335268403134,0.31783459545957404,0.07314434814566372,sad,sad,sad,sad
data/fer2013/PublicTest/happy/happy_PublicTest_29938.png,neutral,6,0.7,neutral,data/fer2013/PublicTest/happy/happy_PublicTest_29938.png,happy,happy,data/fer2013/Training/happy/happy_Training_5671.png,data/fer2013/Training/happy/happy_Training_22910.png,0.994038462638855,0.9823982119560242,framework,neutral,0.8670463589827236,3,stop,1284,False,0.04273459503563179,0.0934428698008339,0.054460967579209034,0.03864834772424717,0.3079056647123196,0.8670457043794869,0.1276668364935213,0.0603168018116909,0.026839599464179745,0.05868709405451843,0.034204385347255215,0.024273218735458676,0.19338114019192568,0.5445508352958466,0.08018156609388775,0.03788216081692797,happy,0.8594746148306006,1,stop,3696,False,0.03071071652753712,0.06920108431239541,0.042129591337243845,0.022679384265662343,0.8594746148306006,0.4881355953039334,0.09767102367006274,0.04068658681921573,0.018604791104822233,0.04192255549312505,0.025522434341710514,0.013739347509860214,0.5206764112612919,0.2957163429682452,0.05916986634767369,0.024648250973271182,neutral,neutral,neutral,neutral
data/fer2013/PublicTest/happy/happy_PublicTest_29974.png,happy,3,0.667,neutral,data/fer2013/PublicTest/happy/happy_PublicTest_29974.png,neutral,neutral,data/fer2013/Training/neutral/neutral_Training_26374.png,data/fer2013/Training/happy/happy_Training_26261.png,0.9911627173423767,0.9805235266685486,framework,happy,0.7912539030236215,1,stop,1282,False,0.032516323314168545,0.08806460678573895,0.050327561378990596,0.03308920287082299,0.7912539030236215,0.5609903990644802,0.11302450934421152,0.05340285527482171,0.018875545156396008,0.051121015312950935,0.02921486996675594,0.01920809855846208,0.4593184977401513,0.32565181209254984,0.06561010017318185,0.031000060999551944,neutral,0.9247920359934901,3,stop,3698,False,0.044191906134814204,0.08801814454311,0.05686506229053818,0.034794052478313596,0.1374451200959181,0.9247923299726621,0.1983201127943961,0.10616742351788554,0.02778326959396679,0.055336645392524954,0.03575083073529386,0.021874877660234222,0.086411181593991,0.5814131335199803,0.12468303908103814,0.06674702242297079,neutral,neutral,neutral,neutral
data/fer2013/PublicTest/fear/fear_PublicTest_29990.png,fear,2,0.625,surprise,data/fer2013/PublicTest/fear/fear_PublicTest_29990.png,sad,sad,data/fer2013/Training/fear/fear_Training_19684.png,data/fer2013/Training/sad/sad_Training_26378.png,0.9911178946495056,0.9818851351737976,framework,surprise,0.8707820403828841,2,stop,1283,False,0.07345888724150712,0.1335171120997167,0.12063935855789035,0.21282823639480858,0.027652525802211392,0.284070407038107,0.31772208752001374,0.8707135665451735,0.03599863212844815,0.06543025060437688,0.05911948917303457,0.10429677982099972,0.013551159582686392,0.1392091068290124,0.15570016069142026,0.4266944211700215,sad,0.6805877543732107,2,stop,3697,False,0.13804326460453095,0.08114418215347444,0.1282407516796221,0.49755336648773807,0.003328545871331624,0.10047405301435292,0.6805064647788593,0.43949598630314984,0.06672668104615842,0.039223079639689656,0.06198839008161853,0.24050492346860908,0.0016089362950096643,0.04856665849007664,0.3289399012348291,0.2124414297440089,surprise,surprise,surprise,surprise
data/fer2013/PublicTest/angry/angry_PublicTest_30004.png,angry,0,0.778,angry,data/fer2013/PublicTest/angry/angry_PublicTest_30004.png,neutral,neutral,data/fer2013/Training/fear/fear_Training_9602.png,data/fer2013/Training/neutral/neutral_Training_23954.png,0.9934976100921631,0.9908280372619629,framework,angry,0.8562619682510032,2,stop,1283,False,0.8470374988702202,0.15295976827819596,0.17189530081194174,0.12077677980086562,0.0062972442268734025,0.22743389863606897,0.18420482523824305,0.13492494200708866,0.45896700704763876,0.08288120318047486,0.09314141563323906,0.06544286081783986,0.0034121598386270932,0.12323498770408751,0.09981132764026927,0.07310903813782368,angry,0.604549557146361,2,stop,3697,False,0.6111572630562094,0.24603141077322152,0.1873174654262889,0.11624516449227595,0.013507307797127773,0.6749045361673356,0.2783821715893174,0.23834336218907282,0.25832037992214096,0.10399111872760912,0.07917425147334152,0.04913382671031877,0.005709189913625281,0.28526470473752336,0.11766494922909757,0.10074157928634338,angry,angry,angry,angry
data/fer2013/PublicTest/neutral/neutral_PublicTest_30007.png,neutral,6,1.0,happy,data/fer2013/PublicTest/neutral/neutral_PublicTest_30007.png,happy,happy,data/fer2013/Training/happy/happy_Training_27334.png,data/fer2013/Training/happy/happy_Training_28258.png,0.9660124778747559,0.9381982088088989,framework,happy,0.8518611321456869,1,stop,1282,False,0.024204358719133418,0.06277622902882195,0.03857481175206901,0.025036463713899008,0.8518611321456869,0.4668329108404034,0.1816605185923327,0.05541245281850662,0.014184799596801693,0.03678958151916885,0.022606505734643158,0.01467244906238812,0.499227415359666,0.2735842482878141,0.10646090982143419,0.032474090618083803,happy,0.8954627310623627,1,stop,3696,False,0.06634564617323438,0.08010833418919547,0.060634045447167786,0.0360548439468609,0.8954627310623627,0.3696646963287293,0.15435422753418893,0.09662425081321233,0.03771248677127458,0.045535534999396304,0.034465873327158544,0.020494454479138197,0.5090029014290096,0.21012644799182925,0.08773871534499861,0.05492358565719496,happy,happy,happy,happy
data/fer2013/PublicTest/angry/angry_PublicTest_30015.png,neutral,6,0.7,happy,data/fer2013/PublicTest/angry/angry_PublicTest_30015.png,happy,happy,data/fer2013/Training/happy/happy_Training_26532.png,data/fer2013/Training/happy/happy_Training_18634.png,0.979478120803833,0.9753011465072632,framework,neutral,0.7706990514320302,3,stop,1284,False,0.03694427556454667,0.11755416018500717,0.06113799047072202,0.05190155556979127,0.4577879005633364,0.7706999089170824,0.21284278228263745,0.11042057830130735,0.02030698392660055,0.0646154351358509,0.03360542792683784,0.028528480762328067,0.2516300941478741,0.4236269468937885,0.11699227803655256,0.06069435317016752,happy,0.9239567584502911,1,stop,3696,False,0.0377001434871582,0.05948237570693511,0.043704531257690006,0.02862769247424299,0.9239567584502911,0.35829867008662136,0.12215514419828988,0.05769137498502711,0.023106005045968124,0.03645609661137699,0.02678602854962177,0.01754559918292086,0.5662829779489001,0.21959733075830776,0.07486755001869114,0.03535841188421315,happy,happy,happy,happy
data/fer2013/PublicTest/neutral/neutral_PublicTest_30018.png,neutral,6,0.667,sad,data/fer2013/PublicTest/neutral/neutral_PublicTest_30018.png,sad,sad,data/fer2013/Training/sad/sad_Training_8773.png,data/fer2013/Training/sad/sad_Training_26562.png,0.9799869656562805,0.9701017141342163,framework,sad,0.9150976239713401,2,stop,1283,False,0.048429317064712235,0.15895869825395803,0.07981195812291014,0.054129826653108136,0.015343864015638637,0.4642375119859008,0.9150989324972701,0.07986241441129384,0.02666999827971098,0.08753846772840813,0.043952401455385384,0.029809265775737108,0.008449857476916152,0.2556553425995508,0.5039444789786355,0.043980187705655975,sad,0.9801984072906562,2,stop,3697,False,0.04409289292055094,0.04715754177815591,0.04460946531647567,0.032066602220220466,0.004180134955429396,0.2827094844228313,0.9801988746429994,0.04724068888982057,0.029747157229620253,0.031814714728852986,0.030095661472917305,0.021633651023609663,0.002820117336919706,0.19072922927928765,0.6612886592141027,0.03187080971468969,sad,sad,sad,sad
data/fer2013/PublicTest/neutral/neutral_PublicTest_30019.png,neutral,6,0.556,neutral,data/fer2013/PublicTest/neutral/neutral_PublicTest_30019.png,happy,happy,data/fer2013/Training/happy/happy_Training_8018.png,data/fer2013/Training/happy/happy_Training_9122.png,0.9879182577133179,0.9702802300453186,framework,neutral,0.9379122172496579,3,stop,1284,False,0.06369772358524571,0.13927786561021238,0.0742906018376639,0.05400488104982877,0.09854190612634685,0.937911807298297,0.1844480521317468,0.07933277828926308,0.03904229502084236,0.08536768997325182,0.04553499608726746,0.0331012535430905,0.06039936679608652,0.5748750100161105,0.11305388736082557,0.04862550120252526,happy,0.9132938887195441,1,stop,3696,False,0.043252518385614086,0.06915648920232925,0.04913959125446478,0.024956777184507985,0.9132938887195441,0.38793403861672754,0.11057740949809738,0.047532198678290324,0.02627985823091358,0.042018888143849645,0.0298567930814843,0.015163523207182995,0.5549095131231078,0.2357053859130707,0.06718588312578364,0.028880155174607243,neutral,neutral,neutral,neutral
data/fer2013/PublicTest/happy/happy_PublicTest_30031.png,happy,3,0.7,neutral,data/fer2013/PublicTest/happy/happy_PublicTest_30031.png,neutral,neutral,data/fer2013/Training/neutral/neutral_Training_21506.png,data/fer2013/Training/happy/happy_Training_18541.png,0.9438695311546326,0.9389057755470276,framework,happy,0.3870436520472247,1,stop,1282,False,0.1262993896826247,0.21498211453689053,0.14864476121405834,0.14144652142076322,0.3870436520472247,0.6990130199903735,0.3430521620497902,0.20829009586721492,0.055668619608969114,0.09475704979223998,0.06551772490496721,0.06234497740465037,0.17059611999730281,0.30810196319510946,0.15120611717264262,0.09180742792411829,neutral,0.9418508454337704,3,stop,3698,False,0.08089244729226981,0.14015314625036165,0.09196407190730674,0.05895805146768052,0.0415987320123686,0.9418515565037767,0.24584836401977944,0.1357458494854183,0.04656987809888996,0.08068633295854011,0.052943825555517486,0.033942220339529046,0.02394843948638358,0.5422250610759078,0.14153519551517818,0.07814904697005379,neutral,neutral,neutral,neutral
data/fer2013/PublicTest/fear/fear_PublicTest_30043.png,surprise,5,0.625,surprise,data/fer2013/PublicTest/fear/fear_PublicTest_30043.png,neutral,neutral,data/fer2013/Training/neutral/neutral_Training_9701.png,data/fer2013/Training/fear/fear_Training_6346.png,0.9437648057937622,0.906937837600708,framework,surprise,0.9380337805530728,2,stop,1283,False,0.06776237951537151,0.12302952789533274,0.10259134159963205,0.07659076591226242,0.024976930837202097,0.3111589199720626,0.14779154512402656,0.9380338922935189,0.03781519310227105,0.06865734922410574,0.05725169955596223,0.04274192588183883,0.013938522665022554,0.17364405926106063,0.08247593809010634,0.5234753122196326,neutral,0.7957197769850944,3,stop,3698,False,0.09865678048010583,0.20979295525651037,0.1543495760769575,0.11490049282705031,0.026703017972483055,0.7957205042040968,0.3235511326861017,0.518965702139888,0.043991355442336996,0.09354731037314253,0.0688249406734359,0.051234475682831855,0.011906956108784577,0.35481416850265823,0.1442724241810751,0.23140836903573475,surprise,surprise,surprise,surprise
data/fer2013/PublicTest/fear/fear_PublicTest_30076.png,fear,2,0.6,surprise,data/fer2013/PublicTest/fear/fear_PublicTest_30076.png,surprise,surprise,data/fer2013/Training/surprise/surprise_Training_22311.png,data/fer2013/Training/surprise/surprise_Training_1767.png,0.9965887665748596,0.9947544932365417,framework,surprise,0.9846157054197977,2,stop,1283,False,0.019669502615515918,0.03698797511970954,0.05062416571574751,0.11008404890050986,0.00509015252595217,0.05944204379223429,0.01889815479831013,0.9846160573452841,0.015302098527834988,0.02877518820330673,0.0393836075478971,0.08564105537116161,0.003959938235163414,0.046243569478322234,0.014702020298668041,0.7659925223376459,surprise,0.9826110144747313,2,stop,3697,False,0.03425948311064128,0.04173305703998212,0.06151516565733198,0.10989319523813973,0.006506320104167779,0.08111216564295634,0.0361499823005018,0.9826109559101274,0.025306530518933265,0.030827052416989062,0.0454395477029533,0.08117505714069773,0.004806038309169018,0.05991530837377606,0.026702989866837546,0.7258274756706441,surprise,surprise,surprise,surprise
data/fer2013/PublicTest/angry/angry_PublicTest_30093.png,angry,0,0.778,surprise,data/fer2013/PublicTest/angry/angry_PublicTest_30093.png,neutral,neutral,data/fer2013/Training/fear/fear_Training_7236.png,data/fer2013/Training/angry/angry_Training_4317.png,0.9600971937179565,0.9381723403930664,framework,surprise,0.6805196244089916,2,stop,1283,False,0.22541893571189853,0.30217543210062625,0.21217221581803622,0.38572076055298826,0.017983972988409806,0.3095064149337213,0.3623165977638307,0.6805800185950251,0.09031662024595767,0.12106996984304311,0.0850091736182812,0.15454334101004885,0.007205480115404672,0.12400721018833735,0.14516620116983378,0.2726820038090934,surprise,0.5804468350234289,2,stop,3697,False,0.24693485100505894,0.22751472971134892,0.19903492805703416,0.22506871614868354,0.016811559041075307,0.6145209546207371,0.42397830741065906,0.580446662374682,0.09743669163752655,0.08977381066970472,0.07853611926893708,0.08880865136441997,0.006633582451258641,0.24248051061432602,0.1672953146630829,0.22903531933074403,surprise,surprise,surprise,surprise
data/fer2013/PublicTest/fear/fear_PublicTest_30126.png,fear,2,0.778,sad,data/fer2013/PublicTest/fear/fear_PublicTest_30126.png,sad,sad,data/fer2013/Training/angry/angry_Training_5010.png,data/fer2013/Training/disgust/disgust_Training_3347.png,0.948794960975647,0.9469342827796936,framework,surprise,0.821197645051807,2,stop,1283,False,0.06129926178735854,0.04928149399096864,0.13070034698799074,0.43934901337323656,0.004271260442676171,0.07824763550726581,0.3160685718264884,0.8211974493825547,0.03225572346739531,0.025931963874981055,0.06877463327636116,0.23118582292556433,0.0022475408623044667,0.041173972072538194,0.16631555017636857,0.43211479334448694,sad,0.8751875343906813,2,stop,3697,False,0.1500571174652979,0.06958277014609607,0.1382029367769414,0.2662919387575424,0.009062939324075888,0.14328078996654856,0.8751892027375802,0.2839670776699828,0.07752346649818452,0.035948295165134266,0.07139928395369606,0.13757344231126545,0.004682153602127915,0.07402263690273726,0.4521458360926467,0.1467048854742078,sad,sad,sad,sad
data/fer2013/PublicTest/surprise/surprise_PublicTest_30136.png,neutral,6,0.778,surprise,data/fer2013/PublicTest/surprise/surprise_PublicTest_30136.png,surprise,surprise,data/fer2013/Training/surprise/surprise_Training_8816.png,data/fer2013/Training/surprise/surprise_Training_24599.png,0.9795957207679749,0.9780985713005066,framework,surprise,0.971619867612164,2,stop,1283,False,0.022691313374273058,0.045374025025208084,0.05440043894479432,0.1087884496240259,0.022214269511672623,0.15686472129976484,0.08180904393841647,0.9716195782165888,0.015502052830728703,0.030998229211407026,0.037164815655543755,0.0743211406774177,0.015176150180730872,0.10716546710000173,0.05588958647949422,0.6637825578646759,surprise,0.9751562602910572,2,stop,3697,False,0.038862142774599,0.045501210182066855,0.05494213402999679,0.1492477837282916,0.007729401636290625,0.15720676513229123,0.044293505174390124,0.9751441718590473,0.026384294505531803,0.030891691607556806,0.037301325699346854,0.10132733809930261,0.005247647056063176,0.10673085150166786,0.030071756258567877,0.662045095271963,surprise,surprise,surprise,surprise
data/fer2013/PublicTest/happy/happy_PublicTest_30158.png,happy,3,0.556,happy,data/fer2013/PublicTest/happy/happy_PublicTest_30158.png,sad,sad,data/fer2013/Training/sad/sad_Training_5036.png,data/fer2013/Training/sad/sad_Training_10305.png,0.9541435241699219,0.9541435241699219,framework,happy,0.924707296765901,1,stop,1282,False,0.02390905997693355,0.07886001886088387,0.05174625259344402,0.043104396213511205,0.924707296765901,0.30337844609067993,0.16183300465727374,0.0741174333316712,0.01438869494867694,0.04745869373914623,0.031141376700822617,0.025940627053572002,0.5564974625860092,0.182575974087388,0.0973926092823318,0.0446045616020532,sad,0.8649324084499969,2,stop,3697,False,0.0704921140801304,0.10327507781880006,0.099292507019634,0.0873547606749033,0.06142388151641627,0.5281693189810048,0.8649435415212335,0.09399576781016931,0.03692722490948167,0.054100548351039,0.05201428253907079,0.045760705810146025,0.03217684016387585,0.27668098037361705,0.4530998269600926,0.04923959089267704,happy,happy,sad,happy
data/fer2013/PublicTest/happy/happy_PublicTest_30180.png,happy,3,0.667,neutral,data/fer2013/PublicTest/happy/happy_PublicTest_30180.png,neutral,neutral,data/fer2013/Training/neutral/neutral_Training_14534.png,data/fer2013/Training/angry/angry_Training_8432.png,0.9788578152656555,0.9721983671188354,framework,neutral,0.7762191137396908,3,stop,1284,False,0.016141493035121614,0.08956661086521465,0.04316406708480833,0.02803543273611587,0.46769779199931705,0.7762189286765373,0.20847045830378014,0.05271354155950759,0.00959655954272355,0.05324980237811728,0.025662219658626265,0.016667832335754553,0.27805914230832884,0.46148340497532864,0.12394139511494205,0.031339643686178725,neutral,0.9311815797941325,3,stop,3698,False,0.048804754314943265,0.12157539317809127,0.08002628719478148,0.04997393305370142,0.05849144253517324,0.9311816537952577,0.3008622202710818,0.1141805811124061,0.028622873267455884,0.07130119022671023,0.04693358892168251,0.029308569883210223,0.03430389457779382,0.5461167634113235,0.1764488177978154,0.06696430191400843,neutral,neutral,neutral,neutral
data/fer2013/PublicTest/neutral/neutral_PublicTest_30198.png,neutral,6,0.778,neutral,data/fer2013/PublicTest/neutral/neutral_PublicTest_30198.png,happy,happy,data/fer2013/Training/happy/happy_Training_2910.png,data/fer2013/Training/fear/fear_Training_27556.png,0.9575803279876709,0.9551440477371216,framework,neutral,0.8937894929446814,3,stop,1284,False,0.0714713030899524,0.19448220100244715,0.10092098283401775,0.066667156383645,0.12407976972219387,0.8937895994906659,0.2741385453859737,0.1663138061346042,0.037778258434687385,0.10279928492657009,0.053344752455229245,0.03523888545584844,0.06558601011068624,0.47243876935190493,0.14490398756919445,0.0879100516958793,happy,0.8006626993428784,1,stop,3696,False,0.04950762549270921,0.10352277557623717,0.06299980032364907,0.04124084640488501,0.8006626993428784,0.5181689280868402,0.17612491511029393,0.07113458600334982,0.02715183309991767,0.0567757612390472,0.03455144630129284,0.0226180223216256,0.43911336416425134,0.2841832164834697,0.09659348943156466,0.03901286695883099,neutral,neutral,neutral,neutral
data/fer2013/PublicTest/sad/sad_PublicTest_30214.png,neutral,6,0.556,neutral,data/fer2013/PublicTest/sad/sad_PublicTest_30214.png,sad,sad,data/fer2013/Training/sad/sad_Training_7472.png,data/fer2013/Training/sad/sad_Training_26330.png,0.9840545654296875,0.982852041721344,framework,neutral,0.962450388769705,3,stop,1284,False,0.05230269285011899,0.15899950161923332,0.08702701377871462,0.042175387254838353,0.01632923745578655,0.9624503505275518,0.22422142939421588,0.05848023817481573,0.03264866092023576,0.09925150182474811,0.05432445843475294,0.02632694116933441,0.01019312214588537,0.6007857996333472,0.13996467524760883,0.03650484062408733,sad,0.8911093038756,2,stop,3697,False,0.12631276205424175,0.10976178486226247,0.09155489654969051,0.0988802165284158,0.01867800021214408,0.4956828251367758,0.8911086666085244,0.11680733299657417,0.06481611147748258,0.05632314556263759,0.04698046566764032,0.050739379245552566,0.00958442618337249,0.25435460937622534,0.45726336542816004,0.0599384970589291,neutral,neutral,neutral,neutral
data/fer2013/PublicTest/fear/fear_PublicTest_30253.png,neutral,6,0.75,sad,data/fer2013/PublicTest/fear/fear_PublicTest_30253.png,sad,sad,data/fer2013/Training/fear/fear_Training_14612.png,data/fer2013/Training/sad/sad_Training_27665.png,0.9768192768096924,0.9759454727172852,framework,sad,0.9272789214060274,2,stop,1283,False,0.04975169302073886,0.14476289742589568,0.1013933684012765,0.056727673079892495,0.0074421167848381115,0.44923363361710894,0.9272784794205049,0.07842070013563382,0.02741124160128539,0.0797587080019411,0.0558637897379085,0.03125473441925843,0.0041003159657128216,0.24751020354963227,0.5108942608339506,0.04320674589031079,sad,0.9353084526118168,2,stop,3697,False,0.06279371138461817,0.09228837650098082,0.06203333495590553,0.06702071220804517,0.01933002936515562,0.415658255420703,0.9352986425816336,0.08164033358657873,0.03617017185499556,0.05315956589685988,0.03573218299441419,0.03860499124762688,0.011134402931167674,0.23942573547575455,0.5387468249919158,0.04702612460726547,sad,sad,sad,sad
data/fer2013/PublicTest/sad/sad_PublicTest_30289.png,sad,4,1.0,sad,data/fer2013/PublicTest/sad/sad_PublicTest_30289.png,neutral,neutral,data/fer2013/Training/sad/sad_Training_7776.png,data/fer2013/Training/sad/sad_Training_8751.png,0.9810031056404114,0.9800798892974854,framework,sad,0.9369851270031738,2,stop,1283,False,0.18161901877001718,0.119139218814151,0.17941682055947855,0.12013807598157816,0.007137941587589581,0.274366592475719,0.9369679878507349,0.09564161263758465,0.09486859163656934,0.06223230350061482,0.0937182746480004,0.06275405597654854,0.0037284997473541704,0.14331523425559337,0.4894246980185963,0.04995834221672306,sad,0.7684424031889139,2,stop,3697,False,0.10069955635018735,0.1609808399378134,0.14346579387935743,0.09558279968774833,0.00955065123126843,0.681316512089366,0.7684413961779453,0.146542213425737,0.04780239425509541,0.07641810805464833,0.06810366092669025,0.04537345386895595,0.004533724001348657,0.3234230785500552,0.3647815334388587,0.06956404690434749,sad,sad,sad,sad
data/fer2013/PublicTest/happy/happy_PublicTest_30297.png,neutral,6,0.556,happy,data/fer2013/PublicTest/happy/happy_PublicTest_30297.png,happy,happy,data/fer2013/Training/happy/happy_Training_24709.png,data/fer2013/Training/happy/happy_Training_9086.png,0.9935568571090698,0.9905109405517578,framework,neutral,0.8456598881980633,3,stop,1284,False,0.103591792164485,0.2524586930050555,0.16048673148281342,0.10404952057848195,0.1349452609925237,0.8456600562115021,0.3238085283380169,0.22270518588108684,0.048233698338208224,0.11754808162725162,0.07472472897597862,0.04844682269661781,0.06283228501877058,0.3937504236166874,0.15076950160680427,0.10369445811968143,happy,0.9317068809508856,1,stop,3696,False,0.04044643571854059,0.07209319878810845,0.052851919970902016,0.030566696967671697,0.9317068809508856,0.3305707323459254,0.11889227281227388,0.06361576936519268,0.024651278939977202,0.04393933659242628,0.03221216897287255,0.018629779357255533,0.5678563711384838,0.2014761297919872,0.07246241921781343,0.03877251598918408,happy,happy,neutral,happy
data/fer2013/PublicTest/neutral/neutral_PublicTest_30304.png,neutral,6,0.667,sad,data/fer2013/PublicTest/neutral/neutral_PublicTest_30304.png,sad,sad,data/fer2013/Training/sad/sad_Training_26632.png,data/fer2013/Training/fear/fear_Training_1798.png,0.9899557828903198,0.988648533821106,framework,sad,0.92946388984494,2,stop,1283,False,0.08331851595925352,0.16607812127391586,0.17076710403846934,0.1602450717660894,0.00214266634605048,0.2510935463663565,0.9294647203638685,0.18861964373294293,0.04268958411585292,0.08509280135753841,0.08749527722788496,0.08210414445757551,0.001097829625970077,0.12865182420911697,0.47622622541783655,0.09664231358822463,sad,0.9919240258090095,2,stop,3697,False,0.046107120232693616,0.020477661329854867,0.03155453165659002,0.049129385403980465,0.0024389941749766355,0.12382605837527443,0.9919278095382952,0.04087472974620314,0.035294985349088905,0.015675643002061503,0.024154983588131215,0.03760852834208618,0.0018670492374683802,0.09478880689433625,0.7593204114314441,0.03128959215538338,sad,sad,sad,sad
data/fer2013/PublicTest/fear/fear_PublicTest_30316.png,fear,2,0.625,surprise,data/fer2013/PublicTest/fear/fear_PublicTest_30316.png,surprise,surprise,data/fer2013/Training/fear/fear_Training_1322.png,data/fer2013/Training/fear/fear_Training_2639.png,0.9911917448043823,0.9877250790596008,framework,surprise,0.9693067151500138,2,stop,1283,False,0.03714483961436363,0.042579855753868315,0.08044987515633072,0.1790216323476606,0.003842193743337573,0.08040536200428706,0.08535977105982057,0.9693423417369049,0.02512934638769181,0.028806260990373117,0.05442620834115106,0.12111229061316943,0.002599333271252469,0.05439609416033548,0.05774786691249658,0.65578259932353,surprise,0.9268261244836724,2,stop,3697,False,0.08721084374427626,0.07135184151325082,0.11087484202344404,0.24877453114874315,0.013045505642635248,0.1183469251805421,0.14576681645569414,0.9268261244836724,0.05063928340349483,0.041430697934141864,0.06437986730189608,0.14445180720132134,0.0075749187717571425,0.06871855868890153,0.08464001507621656,0.5381648516222706,surprise,surprise,surprise,surprise
data/fer2013/PublicTest/angry/angry_PublicTest_30325.png,surprise,5,0.556,surprise,data/fer2013/PublicTest/angry/angry_PublicTest_30325.png,angry,angry,data/fer2013/Training/angry/angry_Training_671.png,data/fer2013/Training/angry/angry_Training_3979.png,0.9900299310684204,0.9899872541427612,framework,happy,0.6057523360328007,1,stop,1282,False,0.16760868444870974,0.10529619458101407,0.14594196744221258,0.14785876185243987,0.6057523360328007,0.19275835608544983,0.3206046411087564,0.41651395116499423,0.07972501670851619,0.05008535744986059,0.06941899121202541,0.07033073672738936,0.2881331314679948,0.09168775001226913,0.15249931978939413,0.1981196966325505,angry,0.5904063238814762,2,stop,3697,False,0.598286702629603,0.14945619468749155,0.14335196057781371,0.1471613890025595,0.10012510169230225,0.12760156859827546,0.19240388612264395,0.5907101003603695,0.2919757975124274,0.07293759237044053,0.06995860484733131,0.07181768160349693,0.048863038889436196,0.06227210063597818,0.09389691906612266,0.28827826507476684,happy,happy,surprise,surprise
data/fer2013/PublicTest/sad/sad_PublicTest_30326.png,neutral,6,1.0,sad,data/fer2013/PublicTest/sad/sad_PublicTest_30326.png,sad,sad,data/fer2013/Training/sad/sad_Training_8925.png,data/fer2013/Training/fear/fear_Training_27046.png,0.9940241575241089,0.9927233457565308,framework,sad,0.9691537413813931,2,stop,1283,False,0.06965922427705853,0.05458550340023296,0.06096422711054469,0.05445535520558282,0.02836912858246913,0.1632425417391933,0.9691529328260641,0.0846415392150275,0.04690634317485684,0.03675617093696064,0.041051404001621924,0.03666853321280846,0.01910288399951627,0.10992242252224267,0.6525972766399277,0.05699496551206543,sad,0.9789961502322925,2,stop,3697,False,0.08750275889118088,0.04710598033048338,0.05397581318053938,0.06826589603007303,0.002375900150808425,0.19822021991790217,0.9789914240582103,0.07539823653205188,0.05787846408719678,0.031158123759739736,0.03570215618723712,0.04515429298258518,0.0015715327527483294,0.13111223034855468,0.6475512394928338,0.04987196038910449,sad,sad,sad,sad
data/fer2013/PublicTest/surprise/surprise_PublicTest_30336.png,surprise,5,0.778,happy,data/fer2013/PublicTest/surprise/surprise_PublicTest_30336.png,happy,happy,data/fer2013/Training/happy/happy_Training_16896.png,data/fer2013/Training/happy/happy_Training_5273.png,0.9408566951751709,0.940587043762207,framework,happy,0.8925798224988682,1,stop,1282,False,0.02762759660848867,0.0727951707564504,0.0357122457225313,0.030563185025655387,0.8925798224988682,0.17442691750693068,0.07611954445951653,0.28807368687949503,0.017289960735020385,0.04555682717950987,0.02234951288206692,0.019127116865039966,0.558596185639078,0.1091602211210383,0.04763729373652076,0.18028288184172575,happy,0.8013076041259568,1,stop,3696,False,0.04031150486321207,0.057089302324562025,0.04295195179484358,0.04123029566370874,0.8013076041259568,0.12056157555504837,0.064442933455613,0.422690255895899,0.025343816347804908,0.03589200647427093,0.027003863580932732,0.025921459514162873,0.5037815587877219,0.07579698251993479,0.04051522948485459,0.2657450832903174,happy,happy,happy,happy
data/fer2013/PublicTest/fear/fear_PublicTest_30357.png,neutral,6,1.0,sad,data/fer2013/PublicTest/fear/fear_PublicTest_30357.png,sad,sad,data/fer2013/Training/fear/fear_Training_2943.png,data/fer2013/Training/neutral/neutral_Training_8802.png,0.9516984224319458,0.9470260143280029,framework,neutral,0.6742142378434909,3,stop,1284,False,0.0843138039777169,0.2780851210254651,0.14125991200469493,0.13950536509791678,0.07749093638628377,0.6742141574693624,0.5532091079406136,0.4309745036364275,0.035440071009161925,0.11688900240272068,0.05937653238273351,0.05863903432154347,0.03257217867695965,0.2833960334942476,0.23253333550828797,0.18115381220434523,sad,0.9286633809868022,2,stop,3697,False,0.10217344540993421,0.13369364176997853,0.09786278507782459,0.11728220019119394,0.0070108712915470444,0.36508638296037343,0.9286638790459267,0.15629315602538213,0.05354816135170386,0.07006760584878582,0.051288983988445905,0.0614665205261862,0.003674333048372351,0.1913384095411079,0.48670418264876736,0.08191180304663054,sad,sad,sad,sad
data/fer2013/PublicTest/angry/angry_PublicTest_30382.png,happy,3,0.75,neutral,data/fer2013/PublicTest/angry/angry_PublicTest_30382.png,neutral,neutral,data/fer2013/Training/neutral/neutral_Training_19181.png,data/fer2013/Training/neutral/neutral_Training_2998.png,0.9736844301223755,0.9688494801521301,framework,happy,0.585957027298931,1,stop,1282,False,0.06993081133562501,0.1655335648041888,0.0888058084650002,0.04071835086339251,0.585957027298931,0.5995840739798195,0.1696633749311616,0.17073011699569218,0.03698236605983588,0.0875411391896639,0.04696426159178861,0.02153358338366199,0.30987881972224274,0.3170853774475405,0.08972515717767657,0.09028929542758984,neutral,0.9028989930450434,3,stop,3698,False,0.09319824935609682,0.25360154175995125,0.1392929061857913,0.05179605468911326,0.03664795404086415,0.9028993518191915,0.2529124464963579,0.21682183083447085,0.04786342913723234,0.13024106683315334,0.07153606629529069,0.026600679844619893,0.01882113412406818,0.46369818577524385,0.12988717110500742,0.11135226688538415,neutral,neutral,neutral,neutral
data/fer2013/PublicTest/surprise/surprise_PublicTest_30423.png,surprise,5,0.667,surprise,data/fer2013/PublicTest/surprise/surprise_PublicTest_30423.png,neutral,neutral,data/fer2013/Training/surprise/surprise_Training_13004.png,data/fer2013/Training/neutral/neutral_Training_1060.png,0.9724596738815308,0.9429277181625366,framework,surprise,0.9216479770296235,2,stop,1283,False,0.03194479759725345,0.06865317665142501,0.05759522947025652,0.06251333783533125,0.06158299574379434,0.34130791070844646,0.16936192609945222,0.9216916723982542,0.018630494911709112,0.040039153617520806,0.033590058798074515,0.036458344082769406,0.03591576015968274,0.19905386078659928,0.09877340724501524,0.537538920398629,neutral,0.8020142867064385,3,stop,3698,False,0.058561392852788344,0.08304193169106475,0.06794267831398275,0.04852385194767185,0.13043951006951993,0.8020143185741646,0.22538607020236698,0.525322460102929,0.030167123973038872,0.0427779485126385,0.03499976861736522,0.02499641805027699,0.06719418168794972,0.4131470273837095,0.11610464147741165,0.27061289029760954,surprise,surprise,surprise,surprise
data/fer2013/PublicTest/angry/angry_PublicTest_30458.png,disgust,1,0.556,neutral,data/fer2013/PublicTest/angry/angry_PublicTest_30458.png,neutral,neutral,data/fer2013/Training/angry/angry_Training_15111.png,data/fer2013/Training/disgust/disgust_Training_17751.png,0.9642274379730225,0.9602329134941101,framework,sad,0.6285105999390707,2,stop,1283,False,0.28772822040250723,0.2791850080281184,0.25680263961726024,0.2339993680249714,0.05034176583146324,0.5485450437030749,0.6285360150834911,0.3262616672797416,0.11018160771047743,0.10691010075469325,0.0983390772644473,0.08960687462689484,0.019277694369136223,0.21005786200696297,0.24068931628936763,0.12493746697802031,neutral,0.7546988654093895,3,stop,3698,False,0.25983682393972496,0.19378896165400358,0.18997146479182614,0.14376406813806308,0.02425162484681177,0.7546987154713044,0.5782712486307124,0.21272899984254567,0.11022589888653402,0.0822076030976875,0.08058817511688812,0.06098644294458774,0.01028783029159458,0.32015225186340135,0.24530960321214795,0.09024219458715867,neutral,neutral,neutral,neutral
data/fer2013/PublicTest/fear/fear_PublicTest_30475.png,sad,4,0.667,sad,data/fer2013/PublicTest/fear/fear_PublicTest_30475.png,neutral,neutral,data/fer2013/Training/neutral/neutral_Training_16979.png,data/fer2013/Training/sad/sad_Training_12964.png,0.9882845282554626,0.9873530268669128,framework,sad,0.8878616894931015,2,stop,1283,False,0.03637838980291053,0.1429937710117047,0.07199135219877385,0.043771341867347935,0.018546123849027676,0.5374921169859773,0.8878806813341542,0.08254362402698871,0.01997059821308731,0.07849910794073937,0.03952100071959604,0.02402909767079782,0.010181241935272662,0.29506636135307657,0.48741872425227456,0.04531386791515562,neutral,0.8586070813021719,3,stop,3698,False,0.10368671688222715,0.1889521142580232,0.1126633851367791,0.07304332578057679,0.007968225085337335,0.8586075930642163,0.5134851269933827,0.15654210871238056,0.05145874048228475,0.09377515368942388,0.05591377634412263,0.03625071425084305,0.00395455502016275,0.4261188572283168,0.2548378296274776,0.07769037335736857,sad,sad,sad,sad
data/fer2013/PublicTest/happy/happy_PublicTest_30476.png,happy,3,0.556,surprise,data/fer2013/PublicTest/happy/happy_PublicTest_30476.png,surprise,surprise,data/fer2013/Training/surprise/surprise_Training_27906.png,data/fer2013/Training/surprise/surprise_Training_3060.png,0.9914914965629578,0.9914914965629578,framework,surprise,0.8351319604356302,2,stop,1283,False,0.020018857016031916,0.0266903105372709,0.03474832468558544,0.02498641375433931,0.2908373584844188,0.06291379462640204,0.04404439952049787,0.8351319106821934,0.014946457326763451,0.019927490723566713,0.025943756512856637,0.01865532915435717,0.21714467335146678,0.046972629151365464,0.03288438183003367,0.62352528194959,surprise,0.9181323367968484,2,stop,3697,False,0.03891111838506619,0.04696821318838688,0.05500218394523144,0.0823239700318113,0.12929238952456862,0.10821084912785628,0.06466760230212018,0.918140106683992,0.02695578483931998,0.032537359539873176,0.03810291499329868,0.057030157841667414,0.08956766029946359,0.07496336490523745,0.04479866028213879,0.6360440972990009,surprise,surprise,surprise,surprise
data/fer2013/PublicTest/neutral/neutral_PublicTest_30510.png,neutral,6,0.778,neutral,data/fer2013/PublicTest/neutral/neutral_PublicTest_30510.png,happy,happy,data/fer2013/Training/happy/happy_Training_7006.png,data/fer2013/Training/happy/happy_Training_21961.png,0.9599884152412415,0.958760142326355,framework,neutral,0.8411298623633939,3,stop,1284,False,0.04486726536008926,0.14702776998388395,0.06239306364723121,0.04907190646492249,0.1705034385544438,0.8411292607539093,0.2834802233890809,0.34222680839603054,0.023119117561101785,0.07576018444011723,0.0321497769449699,0.025285676882797134,0.0878566814553112,0.4334154557311219,0.14607114024402665,0.1763419667405543,happy,0.8785234987858933,1,stop,3696,False,0.06083689954813853,0.09876467792971427,0.07079244517108585,0.03935683350271789,0.8785234987858933,0.4162282432166301,0.13079891085039813,0.08444878168074073,0.03418282883084255,0.055493559094564604,0.03977661672066714,0.022113682862534026,0.4936217756973114,0.2338689002581117,0.07349284421244966,0.047449792323518876,happy,happy,neutral,neutral
data/fer2013/PublicTest/happy/happy_PublicTest_30516.png,happy,3,1.0,neutral,data/fer2013/PublicTest/happy/happy_PublicTest_30516.png,neutral,neutral,data/fer2013/Training/neutral/neutral_Training_21637.png,data/fer2013/Training/fear/fear_Training_10263.png,0.9541572332382202,0.9492136240005493,framework,happy,0.77050265642708,1,stop,1282,False,0.02411086215321807,0.08688182940287294,0.04488132711770588,0.029719932116411375,0.77050265642708,0.5797004238286626,0.11506915242675517,0.07668276598137434,0.013956688266828736,0.050291963900836685,0.02597977159019937,0.01720352533327818,0.4460091603601538,0.3355623723494798,0.06660833110582365,0.044388187093400006,neutral,0.8998027700296578,3,stop,3698,False,0.04379429847008277,0.10191554340248556,0.06143459072805857,0.03881994272706152,0.20873107777304514,0.899802734271981,0.16281855097986883,0.10189899645727094,0.027046611225789233,0.06294130004514412,0.03794095462842873,0.02397453402441162,0.1289087508759644,0.5557028102729284,0.10055395799311988,0.0629310809342135,neutral,neutral,neutral,neutral
data/fer2013/PublicTest/happy/happy_PublicTest_30536.png,neutral,6,0.6,neutral,data/fer2013/PublicTest/happy/happy_PublicTest_30536.png,happy,happy,data/fer2013/Training/neutral/neutral_Training_14124.png,data/fer2013/Training/neutral/neutral_Training_5886.png,0.98970627784729,0.9814075827598572,framework,neutral,0.8427912449935241,3,stop,1284,False,0.02125481784385799,0.08954889307406443,0.04567378179196971,0.02451795288139478,0.36309652993289426,0.8427912449944184,0.13866449762411492,0.054298295378910275,0.013453727554420961,0.05668203882380383,0.02891027441982056,0.015519204195567116,0.229830329554409,0.5334641716857947,0.08777089440192895,0.034369359364254934,happy,0.9009723967629194,1,stop,3696,False,0.035618490478430825,0.07549859534102382,0.050161935078540006,0.025445305588542272,0.9009723967629194,0.41974459140646525,0.093932271492858,0.050274969346364884,0.021565417388539312,0.04571105341377557,0.030370828534707284,0.015406004808882646,0.5454988555315381,0.25413674719718493,0.056871827351126905,0.030439265774245203,happy,happy,happy,neutral
data/fer2013/PublicTest/neutral/neutral_PublicTest_30547.png,happy,3,0.75,neutral,data/fer2013/PublicTest/neutral/neutral_PublicTest_30547.png,neutral,neutral,data/fer2013/Training/happy/happy_Training_4791.png,data/fer2013/Training/fear/fear_Training_2292.png,0.955410361289978,0.9256382584571838,framework,happy,0.796049798067694,1,stop,1282,False,0.024059674279045002,0.07552262317765394,0.04516544463931654,0.030260823135717433,0.796049798067694,0.5391811730427848,0.17564980490861556,0.051911644828844965,0.013844896206050344,0.043458729614388354,0.0259899982800711,0.01741328459249135,0.4580788044455614,0.3102663523394186,0.10107590357907796,0.029872030942940775,neutral,0.8190279935318492,3,stop,3698,False,0.07668004613412575,0.1653631522324209,0.10516998508625353,0.07241517569034882,0.2595303874899315,0.8190272775520918,0.3088386927746121,0.199435320610851,0.038216582786751024,0.08241537291350089,0.05241568888338806,0.036091013194574785,0.12934739921566718,0.4081951607387839,0.1539221748709958,0.09939660739633849,neutral,neutral,neutral,neutral
data/fer2013/PublicTest/neutral/neutral_PublicTest_30559.png,neutral,6,1.0,happy,data/fer2013/PublicTest/neutral/neutral_PublicTest_30559.png,happy,happy,data/fer2013/Training/neutral/neutral_Training_19845.png,data/fer2013/Training/happy/happy_Training_18043.png,0.976345419883728,0.9671693444252014,framework,happy,0.57148500963713,1,stop,1282,False,0.024382913734121832,0.10229756335811076,0.047937101504924313,0.028111267039476407,0.57148500963713,0.7323386235370475,0.10544873763592257,0.07965554405374822,0.014413629468727495,0.06047182013911955,0.028337368799768805,0.016617595067665858,0.33782562927721493,0.4329120662281295,0.062334594167155546,0.04708729685221835,happy,0.9207466663821283,1,stop,3696,False,0.028776829339853965,0.06524728102535095,0.04311731353173251,0.022075794019161345,0.9207466663821283,0.38898743980734907,0.07629154822351053,0.04627523181892459,0.01808137102861239,0.04099688269665008,0.027091940342591665,0.013870903486190123,0.5785335799714527,0.24441282747178425,0.04793633702605711,0.029076157976661625,happy,happy,happy,happy
data/fer2013/PublicTest/angry/angry_PublicTest_30563.png,angry,0,0.556,angry,data/fer2013/PublicTest/angry/angry_PublicTest_30563.png,neutral,neutral,data/fer2013/Training/angry/angry_Training_18197.png,data/fer2013/Training/sad/sad_Training_19676.png,0.9822642803192139,0.9748091101646423,framework,angry,0.7588803524922849,2,stop,1283,False,0.7588820939568458,0.28362921069175673,0.21785604649062498,0.09968550047039691,0.007029372664702192,0.29669081061017044,0.19852934678946194,0.22077635495051734,0.36430792586677535,0.1361586605945407,0.10458368311302993,0.04785488840039345,0.0033745112659989674,0.14242899483048002,0.0953057334314538,0.10598560249732769,angry,0.6404298649403022,2,stop,3697,False,0.6404254846500512,0.26289454684981983,0.1907687387083149,0.09361940905499223,0.009957190217605471,0.6096742207558538,0.24638585834479476,0.2392289436008742,0.27930144918431193,0.11465319491139615,0.08319779030875178,0.040829163185356905,0.004342515599766803,0.265890251822933,0.10745344922028668,0.10433218576719681,angry,angry,angry,angry
data/fer2013/PublicTest/surprise/surprise_PublicTest_30591.png,happy,3,0.6,surprise,data/fer2013/PublicTest/surprise/surprise_PublicTest_30591.png,surprise,surprise,data/fer2013/Training/fear/fear_Training_2330.png,data/fer2013/Training/fear/fear_Training_7176.png,0.9713554978370667,0.9713554978370667,framework,happy,0.9582407284236243,1,stop,1282,False,0.021219051160623763,0.05021073594368952,0.0388983664276727,0.02405471797721665,0.9582407284236243,0.16432114593320904,0.054605339720190695,0.15977649519927117,0.014421714008113371,0.03412616654888644,0.026437615506753102,0.01634899980150875,0.6512767056189849,0.11168230634797804,0.037112997503952194,0.10859349466382319,surprise,0.9438849515764748,2,stop,3697,False,0.0496529976775299,0.046890599386232634,0.06685065208585207,0.1535798092813477,0.06454453440823023,0.08582503783703452,0.043159637623351434,0.9438850078329698,0.03414012509064305,0.032240771020873644,0.04596479027156262,0.10559752976676975,0.04437916302506543,0.05901109026075008,0.029675457600717076,0.6489910729636185,happy,happy,surprise,surprise
data/fer2013/PublicTest/happy/happy_PublicTest_30610.png,happy,3,1.0,neutral,data/fer2013/PublicTest/happy/happy_PublicTest_30610.png,neutral,neutral,data/fer2013/Training/sad/sad_Training_10308.png,data/fer2013/Training/neutral/neutral_Training_11809.png,0.9841279983520508,0.9756742715835571,framework,neutral,0.8564078684100809,3,stop,1284,False,0.07485944657224411,0.18242596417902404,0.09438204214768055,0.06462622149261026,0.23107762565819814,0.856407426020039,0.24925706829918043,0.15119868312540397,0.03931209494260668,0.09580015819221108,0.04956429644728932,0.03393816373792705,0.12134935502389047,0.4497384309241751,0.13089620592688592,0.07940129480501446,neutral,0.9073176672865988,3,stop,3698,False,0.060269014552953144,0.20513820962961757,0.09711675356789495,0.049186689386634126,0.04214010251642638,0.9073177754445491,0.30798590398471654,0.2324335483670985,0.031694044469031374,0.10787731617191344,0.051071395958605444,0.025866112666148265,0.022160479858380485,0.4771368859402249,0.16196247788571375,0.12223128704998228,neutral,neutral,neutral,neutral
data/fer2013/PublicTest/sad/sad_PublicTest_30634.png,neutral,6,1.0,sad,data/fer2013/PublicTest/sad/sad_PublicTest_30634.png,sad,sad,data/fer2013/Training/sad/sad_Training_4684.png,data/fer2013/Training/fear/fear_Training_13508.png,0.991886556148529,0.98802250623703,framework,sad,0.7675778594494512,2,stop,1283,False,0.08243393564951593,0.22620191390591388,0.11850403347008828,0.15052149674500778,0.06215689185961942,0.552824994678134,0.7675898810303053,0.28235960295419527,0.03675831719279117,0.10086624683700697,0.052842422439213305,0.06711940753636904,0.027716531167553526,0.24651154098574532,0.34227787498648304,0.12590765885483757,sad,0.9861438352586934,2,stop,3697,False,0.04693350903548366,0.04322327025030626,0.04238354097399845,0.035441080401219814,0.0035075808579186516,0.22571384790056606,0.9861467152065414,0.04605682279368527,0.032834266101812094,0.030238615998563353,0.029651148854546328,0.024794265094254454,0.0024538724171561726,0.1579074034125169,0.6898994839281957,0.032220944192954966,sad,sad,sad,sad
data/fer2013/PublicTest/fear/fear_PublicTest_30638.png,neutral,6,1.0,sad,data/fer2013/PublicTest/fear/fear_PublicTest_30638.png,sad,sad,data/fer2013/Training/sad/sad_Training_7653.png,data/fer2013/Training/sad/sad_Training_22861.png,0.9904234409332275,0.9858884215354919,framework,neutral,0.7857960552770769,3,stop,1284,False,0.07809324748274431,0.21230634031007253,0.12918961275255011,0.11302985914315682,0.08975753145897102,0.7857954932457198,0.54219096918918,0.2260279734721775,0.03588199294702668,0.09754972230215367,0.05935955953990006,0.05193453645879355,0.04124145447357626,0.36105437096438475,0.24912387638491434,0.10385448692925067,sad,0.963514458868476,2,stop,3697,False,0.1008406774218729,0.06759917702800136,0.06349601895408452,0.07153680905759077,0.009102307437246094,0.29138431451834584,0.9635179043133246,0.08411148319741499,0.061056773950276144,0.040929789213495764,0.038445418804585255,0.043313937306077493,0.005511243496479182,0.17642668295228892,0.5833885331272285,0.05092762114956878,sad,sad,sad,sad
data/fer2013/PublicTest/disgust/disgust_PublicTest_30639.png,disgust,1,0.6,neutral,data/fer2013/PublicTest/disgust/disgust_PublicTest_30639.png,neutral,neutral,data/fer2013/Training/disgust/disgust_Training_10435.png,data/fer2013/Training/neutral/neutral_Training_26056.png,0.9595144391059875,0.9502124786376953,framework,happy,0.23970039995486478,1,stop,1282,False,0.3007147028597924,0.38128987341829096,0.47242019525931145,0.15753917533514838,0.23970039995486478,0.26996223602031544,0.35515571790734857,0.40571991195338764,0.11644315400001568,0.1476435805328524,0.18293118702262398,0.061002532567019756,0.09281711309880095,0.10453514219342575,0.13752387748580888,0.15710341309945264,neutral,0.6693307281855938,3,stop,3698,False,0.27358696049111453,0.2930993994557686,0.36447103802659336,0.17406413536130871,0.09145757866073123,0.6693308345718417,0.41229216735011415,0.3761420374711723,0.1030675142846725,0.11041837113146147,0.13730597339406225,0.06557460825470707,0.03445451229888795,0.2521548001760325,0.15532146989584536,0.141702750564331,neutral,neutral,neutral,neutral
data/fer2013/PublicTest/sad/sad_PublicTest_30645.png,sad,4,0.75,neutral,data/fer2013/PublicTest/sad/sad_PublicTest_30645.png,neutral,neutral,data/fer2013/Training/sad/sad_Training_23710.png,data/fer2013/Training/neutral/neutral_Training_14564.png,0.9544165134429932,0.9536395072937012,framework,sad,0.9180556869329513,2,stop,1283,False,0.038039171813020654,0.09668610319994177,0.08995328676867581,0.03955067659182602,0.005680663733202779,0.5056532922507783,0.9180515294891175,0.062414320545369446,0.021662040234757415,0.05505951254548963,0.051225398039942055,0.02252279181721701,0.003234948619639629,0.28795269296122206,0.5227997409388038,0.035542874842928306,neutral,0.8940610985178047,3,stop,3698,False,0.07185129076341117,0.16128126958782846,0.12373827878894862,0.07067689802591003,0.05177198900644408,0.8940617379846428,0.37495104276607255,0.2006444251489754,0.0368661576137876,0.08275175910694207,0.06348883701634424,0.03626358879002401,0.02656367458972331,0.4587338737940009,0.19238352008990123,0.10294858899927661,sad,sad,neutral,neutral
data/fer2013/PublicTest/surprise/surprise_PublicTest_30648.png,surprise,5,0.8,surprise,data/fer2013/PublicTest/surprise/surprise_PublicTest_30648.png,neutral,neutral,data/fer2013/Training/neutral/neutral_Training_17160.png,data/fer2013/Training/neutral/neutral_Training_2727.png,0.9679533243179321,0.936916172504425,framework,surprise,0.9514807329038935,2,stop,1283,False,0.019002300379538102,0.04297157811518247,0.04629000220772059,0.03454078519557807,0.057916499156936176,0.2346640088789267,0.10296771163563426,0.9515206324614581,0.01275430440877401,0.028842433666432278,0.03106975300084381,0.023183703030863572,0.038873433520369545,0.15750599365579707,0.0691117134370688,0.638658665279851,surprise,0.7751585669373979,2,stop,3697,False,0.07827726722263992,0.11885406098777573,0.09368091175097061,0.07168536687897663,0.06340696459218521,0.6306044858334579,0.1874459209710197,0.7752121964121245,0.03876710566882178,0.0588629126305145,0.046395817506912754,0.03550244267983044,0.03140253337527775,0.3123092004222144,0.09283328459595735,0.383926703120471,surprise,surprise,surprise,surprise
data/fer2013/PublicTest/sad/sad_PublicTest_30659.png,sad,4,0.778,sad,data/fer2013/PublicTest/sad/sad_PublicTest_30659.png,neutral,neutral,data/fer2013/Training/sad/sad_Training_2175.png,data/fer2013/Training/sad/sad_Training_20503.png,0.9929096698760986,0.9898874759674072,framework,sad,0.8310426374948773,2,stop,1283,False,0.18534727868634893,0.21682268130037383,0.18664811219595379,0.18349036005874259,0.05673024958496568,0.42642017675317356,0.8310452114529365,0.16874984777050128,0.08218466099236796,0.09614113940287321,0.08276146234468401,0.08136128646546976,0.025154706145120304,0.18907856600403553,0.368492968748511,0.07482520989693814,sad,0.7312815444831651,2,stop,3697,False,0.10023020715200459,0.12702645633830595,0.11556717653376533,0.1114323861848142,0.02208408293735179,0.7164271662207804,0.7312619844320095,0.143909236824741,0.04846865495367236,0.06142660638136717,0.05588520429664887,0.05388572996227822,0.010679273507192184,0.3464450698613347,0.35361879229104176,0.06959066874646473,sad,sad,sad,sad
data/fer2013/PublicTest/happy/happy_PublicTest_30698.png,happy,3,0.625,contempt,data/fer2013/PublicTest/happy/happy_PublicTest_30698.png,contempt,contempt,data/fer2013/Training/angry/angry_Training_20849.png,data/fer2013/Training/fear/fear_Training_25881.png,0.9823846817016602,0.9709970951080322,framework,surprise,0.5517713609090154,2,stop,1283,False,0.2763595716209694,0.33475721479711074,0.5305585926819842,0.22578430819867407,0.08198810316141558,0.23741871970263967,0.29166684344216715,0.5517506870560948,0.10922077015067778,0.13230025144119903,0.2096834126746386,0.08923279148521453,0.032402727063004184,0.09383085688696524,0.115270396032679,0.21805879426562155,contempt,0.8555255824872128,2,stop,3697,False,0.17266133999180477,0.8555262963773488,0.28922148780948154,0.16285434168898164,0.005249850978817785,0.35290692915480676,0.26891069719352884,0.17361639516215197,0.0756972057567016,0.375074988357086,0.12679884491231697,0.07139767716263612,0.0023016099015242984,0.15471945503530252,0.11789430324473794,0.07611591562969462,contempt,contempt,contempt,contempt
data/fer2013/PublicTest/fear/fear_PublicTest_30733.png,angry,0,0.556,sad,data/fer2013/PublicTest/fear/fear_PublicTest_30733.png,sad,sad,data/fer2013/Training/sad/sad_Training_614.png,data/fer2013/Training/sad/sad_Training_2230.png,0.9795301556587219,0.9776644110679626,framework,sad,0.9246377722992533,2,stop,1283,False,0.1587028494578245,0.17101626251575566,0.1697540463275467,0.14724340086020737,0.005086714382255314,0.26087076925192126,0.9246508266754208,0.11380838942134758,0.081338805914223,0.08764970907873668,0.08700279468554677,0.07546557888301396,0.002607056365357231,0.13370217952208246,0.4739044975330771,0.05832937801796288,sad,0.9868257770114506,2,stop,3697,False,0.062655249783175,0.03472767002204652,0.04575278026642933,0.057045324724249266,0.0022678090330441425,0.17223350581642943,0.9868231891802416,0.052215801202587904,0.04431937783801072,0.024564720984547723,0.03236336560439148,0.04035118061288021,0.0016041414845165422,0.12182988412079306,0.6980323266117481,0.03693500274311219,sad,sad,sad,sad
data/fer2013/PublicTest/angry/angry_PublicTest_30742.png,disgust,1,0.625,angry,data/fer2013/PublicTest/angry/angry_PublicTest_30742.png,angry,angry,data/fer2013/Training/angry/angry_Training_21041.png,data/fer2013/Training/angry/angry_Training_470.png,0.9893388748168945,0.9817978739738464,framework,angry,0.7958363332233238,2,stop,1283,False,0.7958195530772687,0.17485650493678515,0.2809062603684278,0.10803954645084275,0.001185528102043668,0.17816500496139318,0.26172395896734196,0.09353846294728192,0.4201271905436259,0.09230983566979101,0.14829537364137277,0.057035983776077236,0.0006258612130051091,0.09405645123719857,0.1381686981096687,0.049380605809260666,angry,0.9257185002385789,2,stop,3697,False,0.9257134446485469,0.0889382017376167,0.12833007710690478,0.04219413180965047,0.0017650618113167278,0.1159117381249532,0.07839564708228697,0.04192354982568535,0.6504579494402162,0.062492946022960454,0.09017187693342112,0.02964795273739954,0.0012402309732686184,0.08144605864013658,0.05508515852391352,0.029457826728683918,angry,angry,angry,angry
data/fer2013/PublicTest/sad/sad_PublicTest_30757.png,neutral,6,0.8,happy,data/fer2013/PublicTest/sad/sad_PublicTest_30757.png,happy,happy,data/fer2013/Training/happy/happy_Training_12279.png,data/fer2013/Training/happy/happy_Training_26676.png,0.9765881299972534,0.9655673503875732,framework,neutral,0.7735322502081274,3,stop,1284,False,0.04021248608539902,0.09205141062185704,0.05886976694961574,0.03694470859685917,0.4628554933289861,0.7735316662079935,0.22081740780995013,0.07394857217796821,0.02285798419148549,0.0523247850016003,0.03346334268995493,0.0210004813746811,0.26310095642899617,0.4396986189872945,0.12551924310786017,0.042034588218127285,happy,0.9680859468085498,1,stop,3696,False,0.028766935863540986,0.04183362233692274,0.03599989937595749,0.01509772974856261,0.9680859468085498,0.2718497349899361,0.05904611679186109,0.040579328537762735,0.01968640033908534,0.02862847266269084,0.024636215502538097,0.010331998981449264,0.6625011298359977,0.18603798265038368,0.04040769232937984,0.027770107698475405,happy,happy,happy,happy
data/fer2013/PublicTest/surprise/surprise_PublicTest_30790.png,neutral,6,0.556,surprise,data/fer2013/PublicTest/surprise/surprise_PublicTest_30790.png,surprise,surprise,data/fer2013/Training/surprise/surprise_Training_5905.png,data/fer2013/Training/surprise/surprise_Training_10184.png,0.9818524122238159,0.9818524122238159,framework,surprise,0.7312701035261906,2,stop,1283,False,0.09482258685528855,0.2298848145555001,0.1901007277264625,0.2770442758142198,0.0821181578969707,0.33850433661272944,0.41343972764703796,0.7312707564390274,0.04022703836411616,0.0975251315234084,0.08064733858157025,0.11753181474310123,0.03483737786181004,0.14360530952526418,0.1753955079361932,0.3102304814645365,surprise,0.8946107177820358,2,stop,3697,False,0.06853467131840817,0.14601583690627476,0.27549338729558115,0.19268659807741703,0.04515908760151605,0.26052069378018144,0.1556203096559903,0.8946006416230283,0.03361798369202521,0.07162444831881878,0.13513645025501156,0.09451763300568315,0.02215167069936371,0.1277919667002885,0.07633568428244283,0.4388241630463661,surprise,surprise,surprise,surprise
data/fer2013/PublicTest/neutral/neutral_PublicTest_30794.png,surprise,5,0.556,surprise,data/fer2013/PublicTest/neutral/neutral_PublicTest_30794.png,neutral,neutral,data/fer2013/Training/neutral/neutral_Training_15824.png,data/fer2013/Training/fear/fear_Training_11310.png,0.9731718897819519,0.9662673473358154,framework,surprise,0.9741520802037672,2,stop,1283,False,0.01708652766990493,0.029367368279061962,0.04839192655726218,0.19169260889148754,0.0032169741078885423,0.07578592566716742,0.03941956195090292,0.9741514418686709,0.012389511163352589,0.02129439896513212,0.035089184056591546,0.13899709547050884,0.0023326410954814607,0.054952684958464976,0.028583285748888382,0.7063611985415801,surprise,0.7089135921377061,2,stop,3697,False,0.08175189261053581,0.17928142258808777,0.1347311076601563,0.24417810007140645,0.0388207725399909,0.6458911733132929,0.2504575898291394,0.7089857325242251,0.03579176553988369,0.07849113259675994,0.05898657587383696,0.10690352270332296,0.016996107912117517,0.2827773731140565,0.10965274376649274,0.3104007784935297,surprise,surprise,surprise,surprise
data/fer2013/PublicTest/sad/sad_PublicTest_30817.png,neutral,6,0.75,sad,data/fer2013/PublicTest/sad/sad_PublicTest_30817.png,sad,sad,data/fer2013/Training/fear/fear_Training_10833.png,data/fer2013/Training/fear/fear_Training_4674.png,0.996314287185669,0.995090126991272,framework,sad,0.9776610974625805,2,stop,1283,False,0.043971269619710825,0.07956413152672918,0.07509211768262569,0.045168881288912784,0.0030428941491757646,0.28224010773232583,0.9776614470161364,0.05338855846863813,0.028184373301837522,0.05099841791651643,0.04813198015651374,0.028952009411673522,0.0019504113790679086,0.1809081390161375,0.6266540726212182,0.034220596197034985,sad,0.9788150422409441,2,stop,3697,False,0.051102848458768384,0.062297096008071144,0.05036815599406567,0.06025380518696296,0.0039159178370150455,0.25450316236106474,0.9788105504858111,0.06861532360841617,0.03340346130562416,0.04072059970663541,0.03292322836252253,0.03938499928635565,0.0025596461623910043,0.16635641245998162,0.6398011331025806,0.04485051961390898,sad,sad,sad,sad
data/fer2013/PublicTest/sad/sad_PublicTest_30838.png,neutral,6,0.7,sad,data/fer2013/PublicTest/sad/sad_PublicTest_30838.png,sad,sad,data/fer2013/Training/fear/fear_Training_28098.png,data/fer2013/Training/fear/fear_Training_9299.png,0.9875675439834595,0.9817470908164978,framework,sad,0.6970888420881314,2,stop,1283,False,0.08318749975928556,0.25587501606214935,0.13711309664089588,0.11274432594998283,0.0257813370309162,0.6940486119965741,0.6971257843704123,0.2262374575422535,0.037268496235859705,0.11463353389098965,0.06142748538944889,0.05051013072204349,0.011550192815896969,0.31093791926124986,0.31231651084488116,0.10135573083963015,sad,0.9602931492059915,2,stop,3697,False,0.1124479204290887,0.08649642927716095,0.08831374546392118,0.08849416807431319,0.003326289674407541,0.278871792489994,0.9602946371977399,0.1011074297197096,0.06540132181333512,0.05030756269456632,0.051364539829522236,0.051469476205042775,0.0019346177377952273,0.16219583052939807,0.5585211212740456,0.058805529916294605,sad,sad,sad,sad
data/fer2013/PublicTest/neutral/neutral_PublicTest_30841.png,neutral,6,0.556,sad,data/fer2013/PublicTest/neutral/neutral_PublicTest_30841.png,sad,sad,data/fer2013/Training/fear/fear_Training_16202.png,data/fer2013/Training/fear/fear_Training_5987.png,0.9878934621810913,0.9878934621810913,framework,sad,0.7562266392578637,2,stop,1283,False,0.057237271888209276,0.241382500227729,0.10068068405697202,0.07897999373358165,0.015249974147731287,0.6740823057505078,0.7562033519063386,0.15356855866204946,0.027552563341341013,0.11619538121951951,0.04846511430781002,0.03801895527608987,0.007340948734940218,0.32448603530130843,0.3640170131278707,0.07392398869112031,sad,0.913699186797155,2,stop,3697,False,0.08437715527659657,0.13139389663941545,0.08534763638672307,0.07427595159388992,0.013496806958622352,0.46372892651984565,0.9136919995466787,0.09924328184642761,0.0452289670699107,0.07043150725821767,0.045749177285910436,0.03981438527660485,0.007234738306587465,0.24857415823247864,0.4897693602500471,0.05319770632024316,sad,sad,sad,sad
data/fer2013/PublicTest/sad/sad_PublicTest_30853.png,angry,0,0.8,angry,data/fer2013/PublicTest/sad/sad_PublicTest_30853.png,neutral,neutral,data/fer2013/Training/sad/sad_Training_2084.png,data/fer2013/Training/angry/angry_Training_9566.png,0.980767548084259,0.9643751978874207,framework,angry,0.849358413785656,2,stop,1283,False,0.8493733485003865,0.10632987695290878,0.11500267289613549,0.1254438797189457,0.00236988857843971,0.12013221389822908,0.05468830910180273,0.06446893690709418,0.5907413806282588,0.07395270692692994,0.0799846591402346,0.0872465457355959,0.0016482636913842119,0.08355226829457889,0.03803586170918008,0.04483831387383777,neutral,0.7439246343407645,3,stop,3698,False,0.5448540468560549,0.20189821022034588,0.16843287045740057,0.11920672196150492,0.01596408162763664,0.7439250186283962,0.33266462604831987,0.15231381332019678,0.23904872321989304,0.08858062017167323,0.0738980702509869,0.05230063876474236,0.007004065313426756,0.32638892360367355,0.1459529475391476,0.06682601113645661,angry,angry,angry,angry
data/fer2013/PublicTest/neutral/neutral_PublicTest_30884.png,neutral,6,1.0,happy,data/fer2013/PublicTest/neutral/neutral_PublicTest_30884.png,happy,happy,data/fer2013/Training/happy/happy_Training_19136.png,data/fer2013/Training/happy/happy_Training_26877.png,0.9512426853179932,0.9501709938049316,framework,happy,0.46866587217125977,1,stop,1282,False,0.04952017202969021,0.13898903993939418,0.06414433615118781,0.05588599030905286,0.46866587217125977,0.7146501928281782,0.24381015246433968,0.2680310230257935,0.02471440417067948,0.06936630402449734,0.03201299559197634,0.027891440909141155,0.23390059668815288,0.35666583903666854,0.12168016389979354,0.13376825567909076,happy,0.8798139372817091,1,stop,3696,False,0.03578379549748517,0.07228613093370649,0.04557859901168168,0.02522503755375867,0.8798139372817091,0.4526210615935729,0.10519509692534577,0.04966154517530734,0.021476739168581473,0.04338473205499535,0.027355390031559033,0.015139577692305471,0.528047239963964,0.2716543716759945,0.06313605438076222,0.029805895031838035,happy,happy,happy,happy
data/fer2013/PublicTest/angry/angry_PublicTest_30886.png,happy,3,0.667,surprise,data/fer2013/PublicTest/angry/angry_PublicTest_30886.png,angry,angry,data/fer2013/Training/angry/angry_Training_21609.png,data/fer2013/Training/angry/angry_Training_13791.png,0.9291646480560303,0.9276217222213745,framework,happy,0.3449444313502132,1,stop,1282,False,0.1914434598994536,0.2029492145830857,0.1803493445673573,0.16247087251156003,0.3449444313502132,0.47206356832087415,0.3123657382781268,0.5515365193998478,0.07917026888630883,0.08392840318100594,0.07458236552121564,0.06718883303555527,0.14264965434271917,0.19521899392657546,0.1291769355993563,0.22808454550726318,angry,0.6656108007264823,2,stop,3697,False,0.6656191818051369,0.08430396135109906,0.11035465007197917,0.08574040513256626,0.049347638987519246,0.10291550770134555,0.16307782096262857,0.603442256407502,0.35693837091856445,0.0452080099991053,0.05917769513966927,0.04597830315965172,0.026462677684729277,0.05518845409705973,0.08745050223686437,0.32359598676435586,angry,angry,surprise,surprise
data/fer2013/PublicTest/fear/fear_PublicTest_30895.png,neutral,6,0.778,angry,data/fer2013/PublicTest/fear/fear_PublicTest_30895.png,angry,angry,data/fer2013/Training/angry/angry_Training_18380.png,data/fer2013/Training/sad/sad_Training_23054.png,0.9759694337844849,0.9757905602455139,framework,neutral,0.6676572244522805,3,stop,1284,False,0.18503260782336822,0.2742927530352766,0.19370623930979067,0.22608710270544832,0.13207262297091257,0.6676568795611153,0.39806992561204835,0.4520712253553442,0.07316464474516972,0.1084594335456698,0.07659432762009524,0.08939820254114014,0.05222347916889268,0.26400145887468984,0.15740276826743957,0.17875568523690297,angry,0.8900434511495035,2,stop,3697,False,0.8979062829598193,0.08427143035282801,0.11131577441538555,0.09155760737437699,0.01503706666926533,0.1466121886703818,0.138502643044975,0.10154729536737529,0.5658774977177313,0.053109446990345165,0.07015330338824306,0.05770133335881049,0.009476643410679135,0.09239777027312346,0.08728698146005717,0.06399702340101027,angry,angry,angry,angry
data/fer2013/PublicTest/angry/angry_PublicTest_30933.png,angry,0,0.6,sad,data/fer2013/PublicTest/angry/angry_PublicTest_30933.png,sad,sad,data/fer2013/Training/angry/angry_Training_10251.png,data/fer2013/Training/sad/sad_Training_5841.png,0.9670053720474243,0.9664281010627747,framework,sad,0.9003503196414334,2,stop,1283,False,0.2994690585533111,0.17186547364630347,0.17356940582687502,0.09520690773919947,0.003756139940256999,0.22150600437563808,0.900328759542075,0.10415100438691657,0.15202611359838894,0.08724787844999544,0.08811288329723713,0.04833199209705414,0.001906812543531278,0.11244800096081134,0.45705383699823554,0.05287248205474621,sad,0.9612830147708425,2,stop,3697,False,0.16244792410523642,0.05770060864393339,0.07263654528477985,0.06424196133807088,0.009060139394715418,0.2567469780754566,0.9612779159029137,0.07404611172109153,0.09796889441976396,0.03479801214653634,0.04380555845952861,0.03874296308994908,0.00546397773119101,0.15483865199393496,0.5797263041055235,0.04465563805357256,sad,sad,sad,sad
data/fer2013/PublicTest/angry/angry_PublicTest_30944.png,happy,3,0.571,surprise,data/fer2013/PublicTest/angry/angry_PublicTest_30944.png,fear,fear,data/fer2013/Training/fear/fear_Training_7960.png,data/fer2013/Training/fear/fear_Training_15750.png,0.9722766876220703,0.9700287580490112,framework,happy,0.36069842984244016,1,stop,1282,False,0.25351510861156895,0.17204925691585463,0.20062474842578618,0.20525214903517827,0.36069842984244016,0.2126150443158977,0.3854959011575915,0.5298210727030802,0.10927037617362707,0.07415687028102642,0.08647351177721699,0.08846801935533957,0.15546865561574447,0.09164158301968096,0.1661568904653406,0.22836409331202384,surprise,0.7560571528992385,2,stop,3697,False,0.0620123048000282,0.07251750698300899,0.10480794576463624,0.5880748359986796,0.028477677107665,0.09119945282153304,0.14346767091951582,0.7560245492254166,0.033582211184435364,0.03927120983368235,0.05675780927389852,0.3184666881588131,0.015421832324337857,0.04938825116134499,0.07769363900430395,0.4094183590591838,surprise,surprise,surprise,surprise
data/fer2013/PublicTest/happy/happy_PublicTest_30984.png,neutral,6,0.6,happy,data/fer2013/PublicTest/happy/happy_PublicTest_30984.png,happy,happy,data/fer2013/Training/neutral/neutral_Training_12577.png,data/fer2013/Training/surprise/surprise_Training_18718.png,0.9801656603813171,0.9661756157875061,framework,happy,0.7185073738650007,1,stop,1282,False,0.02129388519041302,0.06139567250300315,0.03655968628063904,0.019059422795494857,0.7185073738650007,0.6417660858245297,0.08390468105580459,0.02639677771554991,0.013235193264379766,0.03816041947759052,0.02272363682261245,0.011846365374387881,0.4465875470797916,0.3988890754532819,0.05215087146518883,0.0164068910627671,happy,0.8743538811940282,1,stop,3696,False,0.05355538042675811,0.08969090744199491,0.06267303367118493,0.0461406052722204,0.8743538811940282,0.3986087144304339,0.16240203834914146,0.11880965164297305,0.02965029676563672,0.049656299733904896,0.03469817659300798,0.02554519505539533,0.484075583984392,0.2206849541923185,0.08991194897740817,0.0657775446979364,happy,happy,happy,happy
data/fer2013/PublicTest/sad/sad_PublicTest_30988.png,sad,4,0.7,neutral,data/fer2013/PublicTest/sad/sad_PublicTest_30988.png,neutral,neutral,data/fer2013/Training/angry/angry_Training_12679.png,data/fer2013/Training/fear/fear_Training_8746.png,0.9850646257400513,0.9828799366950989,framework,neutral,0.7978481307221674,3,stop,1284,False,0.08098180526462315,0.2871612977718306,0.1482907982256833,0.11879752992626871,0.05353188418038439,0.7978482892364945,0.5211657327846123,0.21050374987403642,0.03650655713992834,0.12945216880788554,0.06684941736062303,0.05355386682433274,0.024132146501961823,0.35966960806602494,0.23494125058219167,0.09489498471705199,neutral,0.8630916707962059,3,stop,3698,False,0.09815436796065943,0.196403191614634,0.12529358715815445,0.10091768722283448,0.0234200946116065,0.863091499328136,0.456607820059754,0.21566863408002251,0.047199655276834895,0.09444473162107654,0.060250137055879484,0.048528457237505415,0.011262060111901907,0.41503625449437315,0.21956976700380204,0.10370893719862652,neutral,neutral,neutral,neutral
data/fer2013/PublicTest/neutral/neutral_PublicTest_30992.png,neutral,6,0.778,happy,data/fer2013/PublicTest/neutral/neutral_PublicTest_30992.png,happy,happy,data/fer2013/Training/happy/happy_Training_6600.png,data/fer2013/Training/happy/happy_Training_27196.png,0.9488711953163147,0.9248571991920471,framework,neutral,0.6928357550784031,3,stop,1284,False,0.04503774796146003,0.15962930537961706,0.10542052655048292,0.08548981353982123,0.3325865632804824,0.6928357550791383,0.32812493647216434,0.42179078302272927,0.020745970714659705,0.07353087231272941,0.048560402229965875,0.03937961484256582,0.15320106830853464,0.3191445162231639,0.1511458860826313,0.19429166928574942,happy,0.8831563895630898,1,stop,3696,False,0.07566249529316335,0.09016444924953858,0.07958412028548169,0.04910992755917397,0.8831563895630898,0.37570776253272203,0.15328474243569354,0.11939685080662452,0.04143468238592805,0.049376316531478816,0.043582262707774905,0.02689382953239941,0.483638615893706,0.20574700517282088,0.0839425740959621,0.06538471367992983,happy,happy,happy,happy
data/fer2013/PublicTest/neutral/neutral_PublicTest_31057.png,angry,0,0.556,neutral,data/fer2013/PublicTest/neutral/neutral_PublicTest_31057.png,neutral,neutral,data/fer2013/Training/happy/happy_Training_10235.png,data/fer2013/Training/neutral/neutral_Training_21506.png,0.9730440378189087,0.9720236659049988,framework,neutral,0.8501694465169528,3,stop,1284,False,0.0402353873243785,0.15434936434756757,0.08448864819324828,0.04966750778533362,0.2902727777911148,0.8501696154296893,0.21082012813710768,0.10941782132230451,0.022485139995370947,0.08625658397598593,0.04721562805718999,0.02775618528960323,0.1622160113150902,0.47510870638903496,0.11781470019881633,0.06114704477890854,neutral,0.9097570529889224,3,stop,3698,False,0.06859163047071452,0.13726337867536803,0.08877187955384545,0.056306066083618225,0.05806458961088038,0.9097581374826996,0.3615676494878747,0.13722519807436662,0.03773854142528562,0.07552116295772728,0.048841545695193965,0.030979126648676684,0.03194665158612888,0.5005413185656833,0.19893149681092814,0.07550015631037618,neutral,neutral,neutral,neutral
data/fer2013/PublicTest/angry/angry_PublicTest_31064.png,neutral,6,0.556,sad,data/fer2013/PublicTest/angry/angry_PublicTest_31064.png,sad,sad,data/fer2013/Training/sad/sad_Training_21482.png,data/fer2013/Training/sad/sad_Training_1364.png,0.9962515234947205,0.9938686490058899,framework,sad,0.8798960362127783,2,stop,1283,False,0.10450565996818682,0.2502466206255259,0.17675163537493727,0.12011797934654295,0.011764430822621345,0.4075554027253832,0.8798612395645384,0.14345960479459877,0.04990093472729607,0.11949152118040492,0.08439802994854584,0.05735573985917323,0.00561745741581965,0.19460568504468786,0.42012938148951445,0.068501250334558,sad,0.9615021983193226,2,stop,3697,False,0.05374879883477329,0.06943739959291095,0.050889659169010115,0.05891687759406378,0.010271418729869017,0.34375433522876725,0.9614962388886359,0.06957626022413063,0.03321741436339116,0.04291316130960418,0.03145043111800895,0.036411350178361016,0.006347862267560479,0.21244437903826496,0.5942164228485621,0.042998978876247214,sad,sad,sad,sad
data/fer2013/PublicTest/angry/angry_PublicTest_31069.png,neutral,6,0.778,happy,data/fer2013/PublicTest/angry/angry_PublicTest_31069.png,happy,happy,data/fer2013/Training/happy/happy_Training_23339.png,data/fer2013/Training/neutral/neutral_Training_17640.png,0.9840035438537598,0.9505830407142639,framework,neutral,0.7570562140659519,3,stop,1284,False,0.20066340672180097,0.2276376436568446,0.15635173096647573,0.08326025692895854,0.26317780433221893,0.7570555221765349,0.2921152519535842,0.30147345680813076,0.08794334147219007,0.09976515078204158,0.06852317465742945,0.0364898878464529,0.11534108730834683,0.33178940489374664,0.12802329917285243,0.13212465386694017,happy,0.8585993065808472,1,stop,3696,False,0.05306982177474435,0.1007012877248353,0.059016732242042146,0.039592164852865576,0.8585993065808472,0.4489505535503066,0.14202105565027187,0.0736551921583521,0.02988828509900934,0.05671375363068564,0.033237513522261106,0.022297830880837248,0.48355279898664605,0.252843550084341,0.0799845497758513,0.04148171802036826,happy,happy,neutral,happy
data/fer2013/PublicTest/fear/fear_PublicTest_31082.png,sad,4,1.0,sad,data/fer2013/PublicTest/fear/fear_PublicTest_31082.png,neutral,neutral,data/fer2013/Training/fear/fear_Training_5638.png,data/fer2013/Training/fear/fear_Training_739.png,0.9891091585159302,0.9859919548034668,framework,sad,0.7270330621527893,2,stop,1283,False,0.10609631348741153,0.25879827297766417,0.16036080153411114,0.3202821355012737,0.012444921371209915,0.38206624750185497,0.7269943676745978,0.44083405977632034,0.044062179342086574,0.10747985054840876,0.06659841576375912,0.133014319071492,0.005168420459976489,0.15867348227874314,0.3019233671391015,0.18307996539643234,sad,0.7054762381593761,2,stop,3697,False,0.11152510678274695,0.18390082262186688,0.1347884654328228,0.17726459825114022,0.009122168669838135,0.6709717118416187,0.7054801039874445,0.3032661377404641,0.048566902586977684,0.08008504627877193,0.05869761939144655,0.07719510631945625,0.003972517847779784,0.2921944547527733,0.3072221536102544,0.1320661992125402,sad,sad,sad,sad
data/fer2013/PublicTest/neutral/neutral_PublicTest_31110.png,neutral,6,0.6,happy,data/fer2013/PublicTest/neutral/neutral_PublicTest_31110.png,happy,happy,data/fer2013/Training/happy/happy_Training_6285.png,data/fer2013/Training/surprise/surprise_Training_5949.png,0.9825963377952576,0.9732838869094849,framework,happy,0.8354504874910635,1,stop,1282,False,0.02357254474277247,0.062165599909594506,0.035279425035863905,0.03111348021400754,0.8354504874910635,0.5041222285378459,0.14009527802016083,0.07500683585163677,0.013810911376455988,0.03642218523220207,0.020669852063045974,0.018229067864237534,0.4894818428839244,0.29536002570839986,0.08208038165203366,0.043945733219700696,happy,0.9408117748703572,1,stop,3696,False,0.029658570217032467,0.06391611272116872,0.044803421457438805,0.02374530888859945,0.9408117748703572,0.33164335683832563,0.08738732879983434,0.054678143173963294,0.018811202717841223,0.04053934308147498,0.02841695460439788,0.015060665967123427,0.5967179431412614,0.2103476455492908,0.0554261633313761,0.03468008160723414,happy,happy,happy,happy
data/fer2013/PublicTest/angry/angry_PublicTest_31138.png,surprise,5,0.75,happy,data/fer2013/PublicTest/angry/angry_PublicTest_31138.png,happy,happy,data/fer2013/Training/happy/happy_Training_12789.png,data/fer2013/Training/happy/happy_Training_2025.png,0.9728577136993408,0.967178463935852,framework,happy,0.842024625328374,1,stop,1282,False,0.07766392616405905,0.10621056724943137,0.09700142795794195,0.06571684199188148,0.842024625328374,0.4103842517935942,0.14942125144896587,0.18638962343538962,0.040140285194104036,0.05489450083960218,0.05013479455367811,0.03396548320307229,0.43519701192728166,0.2121054358154139,0.07722776768395029,0.0963347207828975,happy,0.8534761472012022,1,stop,3696,False,0.054601783227755975,0.09735311825946148,0.07344115934921326,0.042459431354640725,0.8534761472012022,0.4480595255462695,0.1555083572617728,0.09730572241483251,0.029964672414982494,0.05342598949660171,0.040303450759041196,0.023301124546817004,0.4683754202350884,0.24588861593409586,0.08534074727384308,0.0533999793395302,happy,happy,happy,happy
data/fer2013/PublicTest/sad/sad_PublicTest_31156.png,neutral,6,0.667,sad,data/fer2013/PublicTest/sad/sad_PublicTest_31156.png,sad,sad,data/fer2013/Training/sad/sad_Training_9408.png,data/fer2013/Training/sad/sad_Training_2087.png,0.960615336894989,0.9558708071708679,framework,neutral,0.7790377166264416,3,stop,1284,False,0.08466592228653129,0.2302925517658526,0.15807644246950453,0.07586383600631089,0.01183656766783544,0.7790377166275044,0.6457704663997104,0.12709785584209699,0.040075861396554474,0.10900693143096295,0.0748240782995175,0.03590947213107378,0.005602734045248483,0.36875057533293704,0.3056697075576546,0.0601606398060513,sad,0.9466904536448647,2,stop,3697,False,0.042058353002050144,0.06031741226022014,0.04907827845619254,0.031829632311804995,0.006039424665831746,0.43684780437682263,0.9466804673941509,0.05011846531554085,0.025914439087489426,0.03716483871482722,0.030239797015110176,0.01961196786952757,0.003721218056697297,0.2691656950160373,0.5833013315192321,0.030880712721078854,sad,sad,sad,sad
data/fer2013/PublicTest/sad/sad_PublicTest_31168.png,angry,0,0.625,disgust,data/fer2013/PublicTest/sad/sad_PublicTest_31168.png,disgust,disgust,data/fer2013/Training/disgust/disgust_Training_11656.png,data/fer2013/Training/disgust/disgust_Training_13551.png,0.9698799848556519,0.9519199728965759,framework,disgust,0.8606881224764932,3,stop,1284,False,0.17268217107800996,0.12253109491360152,0.8606480627015644,0.18170201579787096,0.005880036428443078,0.10283370158897781,0.13780011063787506,0.40168191103954254,0.08696028169479582,0.06170491408313921,0.4334101054288808,0.09150254701834266,0.002961102590967979,0.05178558737170551,0.06939417291221228,0.20228128889995584,disgust,0.8411892860530982,3,stop,3698,False,0.1568370354950018,0.22838253595967858,0.8411797707049454,0.1646191836772947,0.0025969569662729016,0.12645278185039494,0.1423237499287333,0.440048439932217,0.07459761115147305,0.1086273504057041,0.40009683456132744,0.07829909442800646,0.001235210709866477,0.06014571379601491,0.06769454498610111,0.20930363996150647,disgust,disgust,disgust,disgust
data/fer2013/PublicTest/surprise/surprise_PublicTest_31173.png,surprise,5,0.7,neutral,data/fer2013/PublicTest/surprise/surprise_PublicTest_31173.png,neutral,neutral,data/fer2013/Training/fear/fear_Training_8025.png,data/fer2013/Training/surprise/surprise_Training_5568.png,0.9678324460983276,0.9617883563041687,framework,neutral,0.7470298638322169,3,stop,1284,False,0.07568637526083144,0.20956586646063904,0.12639877537723437,0.09554605812291853,0.1533684956307583,0.7470291811047312,0.31387243564748835,0.5026476436526794,0.03402988649558454,0.09422439143673733,0.056831047390562016,0.04295913897076385,0.06895709406517463,0.3358770737041663,0.14112240574829396,0.22599896218871723,surprise,0.6773449307038886,2,stop,3697,False,0.09647435774724285,0.14204278499643538,0.11361273692296192,0.2125273396990483,0.02434819740937903,0.7099095227188288,0.2471890544149219,0.6772840179064987,0.043390697995387216,0.06388573845033127,0.05109892484767028,0.09558715733360787,0.010950943910819954,0.3192917830564414,0.1111767505722498,0.30461800383349213,neutral,neutral,neutral,neutral
data/fer2013/PublicTest/sad/sad_PublicTest_31182.png,neutral,6,0.556,surprise,data/fer2013/PublicTest/sad/sad_PublicTest_31182.png,surprise,surprise,data/fer2013/Training/surprise/surprise_Training_21798.png,data/fer2013/Training/fear/fear_Training_2269.png,0.954235315322876,0.9410198330879211,framework,surprise,0.5290290585858365,2,stop,1283,False,0.2332289128857259,0.3209775777621666,0.2966384174290928,0.38601143842547875,0.055184388858110105,0.48884420751864527,0.3833338255647528,0.5290711343712309,0.08659628977999723,0.1191767649767891,0.11013980229867824,0.14332338974055273,0.02048958368738091,0.18150448899231875,0.14232921051835792,0.19644047000592513,surprise,0.952852958635084,2,stop,3697,False,0.07674592713737215,0.058903096735560066,0.09286300306111664,0.20555145765200336,0.008362965226614037,0.11563330367861158,0.0880056482187268,0.9528608520026118,0.047998415786326874,0.036839157902867875,0.05807835279800678,0.12855593381791341,0.0052303633186306766,0.07231934769356471,0.055040467322606444,0.5959379613600831,surprise,surprise,surprise,surprise
data/fer2013/PublicTest/fear/fear_PublicTest_31184.png,neutral,6,1.0,surprise,data/fer2013/PublicTest/fear/fear_PublicTest_31184.png,surprise,surprise,data/fer2013/Training/surprise/surprise_Training_24647.png,data/fer2013/Training/fear/fear_Training_2041.png,0.9736341238021851,0.9713735580444336,framework,surprise,0.9770789783435051,2,stop,1283,False,0.017817401355500008,0.03896271287608491,0.03999570962415641,0.11297782900232094,0.010613216121651229,0.17114549013553634,0.08569296973651908,0.9770790365535156,0.012251662590441586,0.026791674175240587,0.02750198693981715,0.07768620201788108,0.0072978960471004614,0.11768364853997518,0.05892449356879243,0.6718624361207515,surprise,0.9444798231925486,2,stop,3697,False,0.04227632068477629,0.07984768659225351,0.08349393098852864,0.16374355286845482,0.009911600554383768,0.3258236991570774,0.1163261172392375,0.9444905174450907,0.02394020005374426,0.04521608219174047,0.04728087446499769,0.09272456424036139,0.005612732997604414,0.18450717597286798,0.06587305785069152,0.5348453122279924,surprise,surprise,surprise,surprise
data/fer2013/PublicTest/angry/angry_PublicTest_31195.png,disgust,1,1.0,angry,data/fer2013/PublicTest/angry/angry_PublicTest_31195.png,angry,angry,data/fer2013/Training/angry/angry_Training_19877.png,data/fer2013/Training/angry/angry_Training_22030.png,0.9736478328704834,0.964107096195221,framework,angry,0.47713342708836476,2,stop,1283,False,0.47713832579472437,0.3281652378495816,0.31833202388696447,0.1847984863705957,0.019921712670225234,0.5504640851195111,0.5239265915935514,0.18112475516208482,0.18466025798354518,0.12700526075242655,0.1231996477279019,0.07152000651241791,0.0077100253789726654,0.213038514144799,0.20276807445086284,0.07009821304907395,angry,0.8830457434562988,2,stop,3697,False,0.8830438881228658,0.13141158263916855,0.14939129870086604,0.08600877538914205,0.010475247989828162,0.24793110731464038,0.20339305707372946,0.10881192419662813,0.4850645167632725,0.07218564862666939,0.08206207991203565,0.04724544910244618,0.005754154660379067,0.1361909463139004,0.11172576614758926,0.05977143847370744,angry,angry,angry,angry
data/fer2013/PublicTest/fear/fear_PublicTest_31228.png,neutral,6,1.0,sad,data/fer2013/PublicTest/fear/fear_PublicTest_31228.png,sad,sad,data/fer2013/Training/fear/fear_Training_25045.png,data/fer2013/Training/sad/sad_Training_7228.png,0.9926998615264893,0.9603511095046997,framework,sad,0.6386748524346015,2,stop,1283,False,0.17530549290946532,0.3422122001831231,0.2519380596307888,0.29049228484724016,0.01914255252109494,0.4694768460965543,0.6386686683496787,0.41259891022030537,0.06742946837561781,0.13162842958899998,0.09690540292004476,0.11173489209824031,0.007362987425136644,0.18057947655582648,0.2456573839202124,0.1587019591159216,sad,0.9205841823680146,2,stop,3697,False,0.11278530250081883,0.06449902947225165,0.07662461695901752,0.1697177395371446,0.010671600349244015,0.17874259850961366,0.9205927396056726,0.26356615553469404,0.06275612961955072,0.035888625238793506,0.04263555877676187,0.0944345426661676,0.005937904318342703,0.0994561652261667,0.5122372863529046,0.1466537878013125,sad,sad,sad,sad
data/fer2013/PublicTest/sad/sad_PublicTest_31277.png,sad,4,0.625,neutral,data/fer2013/PublicTest/sad/sad_PublicTest_31277.png,neutral,neutral,data/fer2013/Training/fear/fear_Training_27398.png,data/fer2013/Training/neutral/neutral_Training_22186.png,0.9877614974975586,0.9854258894920349,framework,sad,0.6327739325781155,2,stop,1283,False,0.07995935053580681,0.19270254684890897,0.12048684826310771,0.16439486405643852,0.06965051701136747,0.6783442978033578,0.632776080235787,0.36055997124328487,0.034781955853023405,0.08382473634853287,0.05241123407175078,0.07151102236022099,0.030297659893382657,0.2950767016145385,0.2752547330628248,0.15684195679572602,neutral,0.8035010219235473,3,stop,3698,False,0.11213697688792164,0.11749661110160046,0.1024150244481469,0.07491876658625247,0.012200304776730859,0.8035009580662951,0.6354280419497265,0.13313125374024234,0.05631548994109891,0.05900711258890822,0.05143309940387954,0.03762440510862461,0.006127025714444172,0.4035203318069799,0.3191136634660459,0.06685887197001875,neutral,neutral,neutral,neutral
data/fer2013/PublicTest/happy/happy_PublicTest_31289.png,neutral,6,0.7,happy,data/fer2013/PublicTest/happy/happy_PublicTest_31289.png,happy,happy,data/fer2013/Training/happy/happy_Training_19381.png,data/fer2013/Training/happy/happy_Training_4433.png,0.9931979775428772,0.9895225763320923,framework,happy,0.5655300607515534,1,stop,1282,False,0.05975715576951585,0.13481851776792622,0.08649432532066458,0.0670317678296341,0.5655300607515534,0.671434670781954,0.27644799445898155,0.12661972695212909,0.030056902184685506,0.06781157752662019,0.04350527467741032,0.03371591674631981,0.28445265675077513,0.3377209969788228,0.1390489594359991,0.06368771569936728,happy,0.9277497045893572,1,stop,3696,False,0.036749009668440864,0.0675902462546422,0.04892013678191638,0.026798890132685722,0.9277497045893572,0.35878950236986906,0.10147929783966293,0.05101233865398619,0.022697335848728264,0.041745846573311186,0.03021460399403436,0.016551831333759703,0.5730071862781838,0.22159959976501067,0.06267678300833177,0.031506813198640155,happy,happy,happy,happy
data/fer2013/PublicTest/surprise/surprise_PublicTest_31304.png,neutral,6,0.778,surprise,data/fer2013/PublicTest/surprise/surprise_PublicTest_31304.png,surprise,surprise,data/fer2013/Training/surprise/surprise_Training_8944.png,data/fer2013/Training/surprise/surprise_Training_25064.png,0.9511836767196655,0.9484149217605591,framework,neutral,0.7574505205988262,3,stop,1284,False,0.03507423597579926,0.10715640001033182,0.06155936064187864,0.06103544281929934,0.18116339798995743,0.7574504303053006,0.24198932146768484,0.5463702105218773,0.017609326795716657,0.05379880740200413,0.030906415171129516,0.030643377648137855,0.09095466771760356,0.3802846102764836,0.12149285434865671,0.2743099406402679,surprise,0.9003282888181249,2,stop,3697,False,0.07363110438156674,0.08901257173858823,0.1005967403974653,0.1767432901425608,0.04297028877726412,0.3576177260593603,0.1863590781147117,0.9003285570713965,0.03820508336163758,0.046186088774160354,0.05219678402319786,0.09170706035474178,0.02229605923471664,0.1855576546142036,0.09669641891658114,0.467154850720761,surprise,surprise,surprise,surprise
data/fer2013/PublicTest/fear/fear_PublicTest_31341.png,sad,4,0.556,sad,data/fer2013/PublicTest/fear/fear_PublicTest_31341.png,neutral,neutral,data/fer2013/Training/angry/angry_Training_1558.png,data/fer2013/Training/sad/sad_Training_3495.png,0.9823586344718933,0.9749614596366882,framework,sad,0.8697086957193445,2,stop,1283,False,0.218931981897894,0.1939745601182131,0.2312976603940155,0.14588936594489946,0.0037314189522720475,0.328348163554656,0.8696681383669648,0.1290824879667708,0.10322482318877524,0.09145758192908228,0.10905514987428751,0.06878576567131345,0.0017593366590504163,0.15481375006734208,0.4100421465955989,0.06086144601455004,sad,0.6520477577201058,2,stop,3697,False,0.2507584204159517,0.1989133528427317,0.2180628618170754,0.13059039973853748,0.00732133475833897,0.7214438171722132,0.6520728844562188,0.14091457011596803,0.10808190896301384,0.08573564491997554,0.09398946739268947,0.05628708169628556,0.003155642133675698,0.31095675606902196,0.2810564926120565,0.060737006213281396,sad,sad,sad,sad
data/fer2013/PublicTest/angry/angry_PublicTest_31343.png,disgust,1,1.0,angry,data/fer2013/PublicTest/angry/angry_PublicTest_31343.png,angry,angry,data/fer2013/Training/angry/angry_Training_19877.png,data/fer2013/Training/angry/angry_Training_22030.png,0.9736478328704834,0.964107096195221,framework,angry,0.47713342708836476,2,stop,1283,False,0.47713832579472437,0.3281652378495816,0.31833202388696447,0.1847984863705957,0.019921712670225234,0.5504640851195111,0.5239265915935514,0.18112475516208482,0.18466025798354518,0.12700526075242655,0.1231996477279019,0.07152000651241791,0.0077100253789726654,0.213038514144799,0.20276807445086284,0.07009821304907395,angry,0.8830457434562988,2,stop,3697,False,0.8830438881228658,0.13141158263916855,0.14939129870086604,0.08600877538914205,0.010475247989828162,0.24793110731464038,0.20339305707372946,0.10881192419662813,0.4850645167632725,0.07218564862666939,0.08206207991203565,0.04724544910244618,0.005754154660379067,0.1361909463139004,0.11172576614758926,0.05977143847370744,angry,angry,angry,angry
data/fer2013/PublicTest/disgust/disgust_PublicTest_31368.png,disgust,1,0.556,disgust,data/fer2013/PublicTest/disgust/disgust_PublicTest_31368.png,sad,sad,data/fer2013/Training/disgust/disgust_Training_4805.png,data/fer2013/Training/disgust/disgust_Training_19488.png,0.9956232905387878,0.9954016208648682,framework,disgust,0.842204343485459,3,stop,1284,False,0.2297480584786319,0.1897071399957204,0.8423098581369397,0.18661249712695796,0.009686537890774775,0.19206994718109466,0.25432216694745036,0.2846718120023132,0.10494957655045282,0.08665876936235377,0.38476957551293345,0.08524512756358443,0.004424838480066109,0.08773810650764878,0.1161751002610145,0.13003890576194604,sad,0.7044719249746635,2,stop,3697,False,0.3090244117124735,0.18384788971165347,0.5216367542081942,0.1650848266204404,0.006655939566479488,0.20874561038901338,0.7044676038111566,0.19559232784737812,0.13464791158319528,0.08010608049206279,0.22728722035241994,0.07193065109431597,0.0029001215706035647,0.09095449882189835,0.306950156803296,0.08522335928220806,disgust,disgust,disgust,disgust
data/fer2013/PublicTest/happy/happy_PublicTest_31385.png,neutral,6,0.7,neutral,data/fer2013/PublicTest/happy/happy_PublicTest_31385.png,happy,happy,data/fer2013/Training/happy/happy_Training_4159.png,data/fer2013/Training/happy/happy_Training_19441.png,0.9909655451774597,0.9893909692764282,framework,neutral,0.8370555276786006,3,stop,1284,False,0.05460352686462866,0.11030243402506212,0.06510073609033384,0.06654158397374274,0.313934433911425,0.8370553946342482,0.2408925156007899,0.10360715382796391,0.030470075746554106,0.06155139993255793,0.03632776990297055,0.03713179753026234,0.17518293286159797,0.4670969577074906,0.1344237930881491,0.057815273230417415,happy,0.894132305809746,1,stop,3696,False,0.0428008360764821,0.07757263942128596,0.051138311496240936,0.03515135554608832,0.894132305809746,0.418678182500577,0.10941683211653928,0.06231996653561747,0.025307812280385943,0.045868117927880696,0.030237698753597365,0.02078473200784785,0.5286937037591061,0.24756125860914874,0.06469734942961607,0.0368493272324173,happy,happy,neutral,neutral
data/fer2013/PublicTest/angry/angry_PublicTest_31388.png,angry,0,0.778,surprise,data/fer2013/PublicTest/angry/angry_PublicTest_31388.png,surprise,surprise,data/fer2013/Training/happy/happy_Training_19566.png,data/fer2013/Training/surprise/surprise_Training_16145.png,0.9813008308410645,0.9776630997657776,framework,surprise,0.6934629164723709,2,stop,1283,False,0.12995176635894207,0.09097579188438058,0.10893480896298263,0.11216515592599981,0.42459445524372275,0.1419557471768737,0.15776112020670877,0.6934828715994896,0.06987323846474397,0.04891640474742058,0.05857271583948773,0.06030962800309241,0.22829847145060558,0.07632761024989389,0.08482593720366143,0.37287599404109434,surprise,0.859158506015413,2,stop,3697,False,0.1149089678578414,0.06832676607361308,0.10424453846092284,0.1969872386132776,0.16472572307631195,0.10351726246457417,0.08172811562320499,0.8591512352556884,0.06784934854948735,0.040344340855303445,0.06155241106304077,0.11631342672060425,0.0972642362769977,0.06112298241627941,0.048257324964156245,0.5072959291541308,surprise,surprise,surprise,surprise
data/fer2013/PublicTest/sad/sad_PublicTest_31424.png,sad,4,0.556,neutral,data/fer2013/PublicTest/sad/sad_PublicTest_31424.png,neutral,neutral,data/fer2013/Training/neutral/neutral_Training_8664.png,data/fer2013/Training/sad/sad_Training_5629.png,0.9772886037826538,0.9725806713104248,framework,sad,0.8165905175631543,2,stop,1283,False,0.11756447949305347,0.26464525858415033,0.1483698366093801,0.1244447437666629,0.03537119702755791,0.4876630473308029,0.8166034534039699,0.24893994249138107,0.05239988271395907,0.11795553019425589,0.06613019570320271,0.05546649809415542,0.0157653619842368,0.21735720341938672,0.363969843329339,0.11095548456146433,neutral,0.835152154778613,3,stop,3698,False,0.10317360564276275,0.18119030362150923,0.1179126479999279,0.09615051796423826,0.02258702789982036,0.8351527189313472,0.5243121014667226,0.21850141839677673,0.04915415527342869,0.08632301122720426,0.05617615641502162,0.04580820317552106,0.01076095256762906,0.39788496454720135,0.24979371697513994,0.10409883981885401,neutral,neutral,sad,neutral
data/fer2013/PublicTest/neutral/neutral_PublicTest_31466.png,neutral,6,0.75,sad,data/fer2013/PublicTest/neutral/neutral_PublicTest_31466.png,sad,sad,data/fer2013/Training/surprise/surprise_Training_4352.png,data/fer2013/Training/sad/sad_Training_23183.png,0.9718273878097534,0.954130232334137,framework,sad,0.5867289826414605,2,stop,1283,False,0.12242823994872795,0.3697486005174443,0.22336970509010948,0.14478553212814788,0.09882940058204452,0.6452345241798209,0.5865762454809701,0.2090344936322956,0.05101162335451284,0.15406148412615545,0.09307044902088919,0.06032713559548755,0.04117880123862639,0.268846963221669,0.24440608241783687,0.08709746102482271,sad,0.9311746530274623,2,stop,3697,False,0.08056362609712553,0.12928931734580026,0.09167300638064452,0.09719941813165141,0.01916176721844927,0.36574525723136275,0.9311823103078883,0.12982753072160372,0.04367439096692734,0.07008910183362627,0.04969690312790856,0.052692829194676154,0.010387796002464996,0.1982743594406295,0.5048037464555535,0.07038087297821366,sad,sad,sad,sad
data/fer2013/PublicTest/neutral/neutral_PublicTest_31478.png,neutral,6,0.667,sad,data/fer2013/PublicTest/neutral/neutral_PublicTest_31478.png,sad,sad,data/fer2013/Training/sad/sad_Training_20322.png,data/fer2013/Training/sad/sad_Training_19627.png,0.9912651181221008,0.985602080821991,framework,sad,0.9042396943968435,2,stop,1283,False,0.07329407772680537,0.19459251212999878,0.17213029490155388,0.10271262942296044,0.00429372500147015,0.4064812432731413,0.9042823529722763,0.11476517710419198,0.037156981038339816,0.09865012982860583,0.08726274075813589,0.05207093590961696,0.0021767360121256263,0.20606870728406967,0.45843270404380476,0.058181065125301495,sad,0.9613605465293237,2,stop,3697,False,0.12637253061057302,0.06529575014662113,0.07462978594347043,0.10065136766842699,0.004556636662051412,0.24628497538167338,0.9613581975042359,0.10122031979473112,0.07520520089130132,0.03885797003034783,0.04441272179354405,0.05989835203042912,0.0027116872147970933,0.14656595828696892,0.5721111702241757,0.06023693952843603,sad,sad,sad,sad
data/fer2013/PublicTest/fear/fear_PublicTest_31498.png,sad,4,0.556,surprise,data/fer2013/PublicTest/fear/fear_PublicTest_31498.png,angry,angry,data/fer2013/Training/fear/fear_Training_13856.png,data/fer2013/Training/angry/angry_Training_1443.png,0.9900521636009216,0.9767094254493713,framework,surprise,0.7847644107578048,2,stop,1283,False,0.15833419510804847,0.05507203574045417,0.13488528871821623,0.13580817917977553,0.15578068955541743,0.10376045289262292,0.36702941878655937,0.7847644575219903,0.08353450195141886,0.029055094977368717,0.0711632468650278,0.07165014860479071,0.08218731466554133,0.0547422983943809,0.19363864943344433,0.4140287451080273,angry,0.8010932068624893,2,stop,3697,False,0.8010936007908134,0.07271890409200099,0.11388607239773334,0.111098302066955,0.03241992683625302,0.10569042946981101,0.28680634644042396,0.27003112535481516,0.446604022001652,0.04054027520751662,0.06349068065528142,0.06193651839395087,0.0180738801355757,0.058921667632475756,0.15989251159845416,0.1505404443750934,angry,angry,surprise,surprise
data/fer2013/PublicTest/fear/fear_PublicTest_31513.png,surprise,5,1.0,surprise,data/fer2013/PublicTest/fear/fear_PublicTest_31513.png,happy,happy,data/fer2013/Training/surprise/surprise_Training_15472.png,data/fer2013/Training/surprise/surprise_Training_14921.png,0.9779787063598633,0.9738457798957825,framework,surprise,0.8199399163138826,2,stop,1283,False,0.013628673718866157,0.025421944766739014,0.034796979034360964,0.017348397693075068,0.3176679758405348,0.09233319632733339,0.040900240660262266,0.8199669358881314,0.010005895668298575,0.018664275942648505,0.02554723584788816,0.012736841523233884,0.2332253812063838,0.06778915896217445,0.030028126675919472,0.602003084173453,happy,0.8690458945083552,1,stop,3696,False,0.031029346022185596,0.04610084261526729,0.036232941928747195,0.03232869489644023,0.8690458945083552,0.1026894320280928,0.04844831325456031,0.3428507076548294,0.02056658562658069,0.03055613632419158,0.024015585186607052,0.02142780809198658,0.5760130036274469,0.06806366448202535,0.03211206521403621,0.22724515144712568,happy,happy,happy,surprise
data/fer2013/PublicTest/fear/fear_PublicTest_31535.png,neutral,6,0.714,sad,data/fer2013/PublicTest/fear/fear_PublicTest_31535.png,sad,sad,data/fer2013/Training/neutral/neutral_Training_10503.png,data/fer2013/Training/sad/sad_Training_14198.png,0.9816219210624695,0.9709876775741577,framework,neutral,0.7458469765755121,3,stop,1284,False,0.1584777471860866,0.47082906093907895,0.218195936792714,0.1337047771000361,0.030056514128421172,0.745847302583692,0.4155773161320625,0.2683124105875719,0.06492326014486724,0.19288359501487815,0.08938789084572543,0.054774567284101516,0.012313191728527321,0.3055497652748044,0.1702487237773933,0.10991900592970258,sad,0.9466185399209169,2,stop,3697,False,0.09070920970927805,0.10938205777705011,0.07659196151938974,0.06359048933552035,0.006428281161845007,0.3697674614519479,0.9466194425287224,0.11295445489347104,0.05107375857769558,0.06158749292978566,0.04312505162563824,0.03580458159175975,0.0036194393180347486,0.20819731664085347,0.5329934306297853,0.06359892868644705,sad,sad,sad,sad
data/fer2013/PublicTest/sad/sad_PublicTest_31548.png,sad,4,0.7,neutral,data/fer2013/PublicTest/sad/sad_PublicTest_31548.png,neutral,neutral,data/fer2013/Training/angry/angry_Training_17190.png,data/fer2013/Training/sad/sad_Training_19625.png,0.9910328388214111,0.9900556802749634,framework,neutral,0.8028009168154348,3,stop,1284,False,0.11373301421059925,0.1416274833853696,0.13278420159776286,0.10554575437212255,0.009476765794379696,0.8028014910143533,0.6346199986118357,0.10354775447463406,0.055638660257559654,0.06928474977916647,0.06495857980681853,0.05163341893202978,0.004636072964685529,0.392733804892399,0.3104587242366981,0.05065598913064287,neutral,0.9011053082762048,3,stop,3698,False,0.07565626295629105,0.17924920084300908,0.11261358238927399,0.0670646588263384,0.028371651564945012,0.9011061676201196,0.37940900058698823,0.19076461558128072,0.03911430486258633,0.0926718769098999,0.0582212472718463,0.034672443606608455,0.014668150202019142,0.4658720901164913,0.19615453812650466,0.09862534890404397,neutral,neutral,neutral,neutral
data/fer2013/PublicTest/sad/sad_PublicTest_31552.png,sad,4,0.556,neutral,data/fer2013/PublicTest/sad/sad_PublicTest_31552.png,neutral,neutral,data/fer2013/Training/fear/fear_Training_3748.png,data/fer2013/Training/sad/sad_Training_5115.png,0.9571124315261841,0.9470508694648743,framework,neutral,0.7374193666953764,3,stop,1284,False,0.11705659624612962,0.2257618999160721,0.17752405460288037,0.14972794578698428,0.21464611236441503,0.737419571808495,0.43482267341134734,0.2898203338542298,0.04987968056183427,0.09620074230732477,0.07564582791229141,0.06380146310875967,0.09146412813904631,0.31422622783693416,0.1852848685707271,0.12349706156308235,sad,0.7360743119033694,2,stop,3697,False,0.08202338907965794,0.16410775258764884,0.12800931535072974,0.06313500406753374,0.013572057141333048,0.719577180184333,0.7360979026572889,0.1360491668388894,0.040156919021596835,0.08034368983557179,0.06267065733600805,0.0309095646280349,0.0066445925448374455,0.35228979049364295,0.36037798731126625,0.06660679882904179,neutral,neutral,neutral,neutral
data/fer2013/PublicTest/surprise/surprise_PublicTest_31570.png,surprise,5,0.7,happy,data/fer2013/PublicTest/surprise/surprise_PublicTest_31570.png,happy,happy,data/fer2013/Training/happy/happy_Training_19269.png,data/fer2013/Training/surprise/surprise_Training_2448.png,0.9772366285324097,0.9726717472076416,framework,surprise,0.7258801438359549,2,stop,1283,False,0.014499791612021693,0.024756975108137652,0.03080485190773479,0.019585428114194368,0.4651682441548459,0.06769487046176914,0.027189199350429554,0.7258964060753677,0.01054073584852287,0.01799727485786604,0.02239382575285334,0.014237778704405245,0.3381576589481601,0.0492113105436549,0.01976539911429444,0.5276960162302432,happy,0.9275403347029824,1,stop,3696,False,0.034132699775883055,0.042229366965136676,0.0414867330264486,0.02220188712396122,0.9275403347029824,0.1265883576985227,0.05144111855108709,0.24341942836003386,0.022922622271718433,0.028360130727179467,0.027861397331506697,0.014910202697223521,0.6229116616553866,0.08501340727728428,0.034546500497285984,0.16347407754241514,happy,happy,happy,happy
data/fer2013/PublicTest/sad/sad_PublicTest_31580.png,sad,4,0.6,neutral,data/fer2013/PublicTest/sad/sad_PublicTest_31580.png,neutral,neutral,data/fer2013/Training/neutral/neutral_Training_795.png,data/fer2013/Training/neutral/neutral_Training_9676.png,0.9793555736541748,0.9789215922355652,framework,neutral,0.7237223108469599,3,stop,1284,False,0.10175244783774633,0.24858138190971552,0.16724287116731895,0.14071897062308367,0.12307035750188296,0.7237217357052154,0.578039112715203,0.2126670007884751,0.044321247130151224,0.1082768728782164,0.07284751159581498,0.061294252918921405,0.05360688460227442,0.3152381154780805,0.25178179896366104,0.09263331643287999,neutral,0.8319067996864765,3,stop,3698,False,0.1276868013017157,0.15902660509373998,0.1320824176724848,0.07926926486846647,0.022324322820033084,0.831906799689503,0.5548875326823318,0.16398610637130173,0.06164960409737375,0.07678105446319719,0.06377189086671275,0.03827270122213604,0.010778605537661889,0.40166034644084975,0.2679102018352044,0.07917559553686408,neutral,neutral,neutral,neutral
data/fer2013/PublicTest/angry/angry_PublicTest_31586.png,angry,0,0.556,sad,data/fer2013/PublicTest/angry/angry_PublicTest_31586.png,sad,sad,data/fer2013/Training/angry/angry_Training_6479.png,data/fer2013/Training/angry/angry_Training_17571.png,0.991855263710022,0.991855263710022,framework,sad,0.6523376011443246,2,stop,1283,False,0.40107035603998176,0.2327525499388115,0.29318793404755356,0.22088514965359166,0.042192057327872595,0.496079004488339,0.6523216816738179,0.19289178720614011,0.1584393783595962,0.09194688355436563,0.11582135980251289,0.08725876962218738,0.01666760765054942,0.19597172392502746,0.2576940433976702,0.0762002336880907,angry,0.6327697279282982,2,stop,3697,False,0.6244314500902496,0.10206283782552857,0.16261599040197156,0.11635048958149119,0.0031772324903513154,0.18875786760558028,0.6654591623467998,0.09579976964944299,0.31880627974515285,0.05210863998391952,0.08302432383832224,0.05940326472127765,0.0016221503096743954,0.09637117658834399,0.3397531623998861,0.048911002413423166,sad,sad,sad,sad
data/fer2013/PublicTest/neutral/neutral_PublicTest_31596.png,sad,4,0.714,neutral,data/fer2013/PublicTest/neutral/neutral_PublicTest_31596.png,neutral,neutral,data/fer2013/Training/sad/sad_Training_17966.png,data/fer2013/Training/sad/sad_Training_7885.png,0.9808861613273621,0.9567675590515137,framework,neutral,0.7915356466011514,3,stop,1284,False,0.08088691714558344,0.25874158551386045,0.16664122001183557,0.13360694151518634,0.029783957711755786,0.7915345772431248,0.48343666732006624,0.353841386523209,0.035191585127453566,0.11257106654509832,0.07250083062548064,0.05812856048757347,0.012958148489690109,0.34437406492126826,0.21032947270206967,0.15394627110136594,neutral,0.7581182915821003,3,stop,3698,False,0.10906745803377224,0.2008530744412676,0.13160521948286744,0.12080996760389415,0.00798094090177803,0.7581192856672314,0.6598404853731472,0.18307360797198968,0.05023025124963063,0.09250147179850524,0.060609858885134045,0.055638181503453704,0.003675566240671273,0.3491465088006733,0.30388489804822016,0.08431326347371161,neutral,neutral,neutral,neutral
data/fer2013/PublicTest/disgust/disgust_PublicTest_31604.png,disgust,1,0.714,disgust,data/fer2013/PublicTest/disgust/disgust_PublicTest_31604.png,sad,sad,data/fer2013/Training/disgust/disgust_Training_22630.png,data/fer2013/Training/disgust/disgust_Training_17719.png,0.9975511431694031,0.9975511431694031,framework,disgust,0.9172304970539656,3,stop,1284,False,0.12462257248545833,0.12274857902159686,0.9171686930533388,0.17760534826829094,0.0035790222365498854,0.14072319664605654,0.21984204346731742,0.22924916804564557,0.06438650770908402,0.0634183051419145,0.4738570866261005,0.09176016749923224,0.0018491091800523654,0.07270492820837507,0.11358184271265052,0.11844205292259075,disgust,0.7499303406617922,3,stop,3698,False,0.1616563018335739,0.15921699190076768,0.749909674635476,0.13908196682691676,0.0011857474602293258,0.15081103702763385,0.6100018996422931,0.19805327816556562,0.07449884464256812,0.07337469563224193,0.3455937301110782,0.06409552687830539,0.00054644832785973,0.06950083535545082,0.28111763189973216,0.09127228715276373,disgust,disgust,disgust,disgust
data/fer2013/PublicTest/angry/angry_PublicTest_31622.png,neutral,6,1.0,angry,data/fer2013/PublicTest/angry/angry_PublicTest_31622.png,angry,angry,data/fer2013/Training/sad/sad_Training_15224.png,data/fer2013/Training/angry/angry_Training_5495.png,0.9390791654586792,0.9213085174560547,framework,surprise,0.64027521115225,2,stop,1283,False,0.19395263323600753,0.1384971104991054,0.1539228169693576,0.13755772190114504,0.410182866410823,0.1918097592477676,0.21780947036480477,0.6403149968977344,0.09306536670596836,0.06645583594955469,0.07385763815971479,0.06600508391340056,0.1968203176317663,0.09203713960642926,0.10451272505729538,0.30724589297587057,angry,0.8419837163569676,2,stop,3697,False,0.8494263134822793,0.12740137305178362,0.142375798682768,0.07385955485577884,0.03658310893264159,0.1740176455153508,0.19656667240783943,0.23042262275321806,0.4640017916392831,0.06959340017498238,0.07777322720796127,0.04034601381992184,0.019983638155606637,0.09505768542177016,0.10737516218434444,0.1258690813961302,angry,angry,angry,angry
data/fer2013/PublicTest/fear/fear_PublicTest_31630.png,neutral,6,0.6,sad,data/fer2013/PublicTest/fear/fear_PublicTest_31630.png,sad,sad,data/fer2013/Training/sad/sad_Training_10686.png,data/fer2013/Training/neutral/neutral_Training_2183.png,0.9765071272850037,0.9757466912269592,framework,neutral,0.8439134716768233,3,stop,1284,False,0.08967568890568521,0.19596168667714634,0.13053844674125095,0.10419953408315176,0.04353963921732271,0.8439133710765506,0.5003787521652716,0.1783834962050325,0.0429771361272111,0.09391477430297927,0.0625606411714755,0.049937699005506944,0.02086640230375646,0.40444606861594096,0.23980686415008465,0.08549041432304509,sad,0.9007969385095104,2,stop,3697,False,0.08404420606399825,0.11442602302759038,0.09142859438124544,0.08033089945310162,0.008469852865473734,0.49927293451230287,0.9007981731568654,0.12566775071538222,0.04413070255031044,0.060083865655180334,0.04800816489549902,0.042180885457639046,0.004447428025752165,0.2621628116470646,0.4729993666330494,0.06598677513550495,sad,sad,sad,sad
data/fer2013/PublicTest/surprise/surprise_PublicTest_31631.png,happy,3,0.7,surprise,data/fer2013/PublicTest/surprise/surprise_PublicTest_31631.png,surprise,surprise,data/fer2013/Training/surprise/surprise_Training_27659.png,data/fer2013/Training/surprise/surprise_Training_4330.png,0.9719252586364746,0.9719252586364746,framework,surprise,0.7895516199717985,2,stop,1283,False,0.050115435048963625,0.06469246078163664,0.08398012086611646,0.08488392300377891,0.3338235575558049,0.09004148977511675,0.10061214132320452,0.7895516670212541,0.03136722169383,0.04049097363465796,0.052563108880695805,0.05312879811379769,0.20893997081429092,0.05635691616084696,0.06297308082614708,0.49417992987573356,surprise,0.9762814067988909,2,stop,3697,False,0.03538598553937407,0.03895203331354669,0.06072259272290232,0.12377336229903851,0.016400740214834942,0.08778006620044518,0.03172600570793062,0.976276170078868,0.0258100276459223,0.02841105147598243,0.044290183614253284,0.09027850585685424,0.011962463441564137,0.06402551464543596,0.02314049112763138,0.7120817621923563,surprise,surprise,surprise,surprise
data/fer2013/PublicTest/angry/angry_PublicTest_31666.png,angry,0,0.556,sad,data/fer2013/PublicTest/angry/angry_PublicTest_31666.png,sad,sad,data/fer2013/Training/fear/fear_Training_21464.png,data/fer2013/Training/sad/sad_Training_1559.png,0.9913533329963684,0.987242579460144,framework,angry,0.4767062671332518,2,stop,1283,False,0.4624995613786379,0.08852531328535959,0.18750610167942866,0.23718257797274944,0.03513697776594065,0.10413563201698764,0.3467433994510825,0.5771744127130117,0.22683734337812422,0.0434180885004719,0.09196416499372399,0.11632846898824822,0.017233267566792408,0.05107431896221138,0.17006362412739837,0.2830807234830295,sad,0.7869626217395524,2,stop,3697,False,0.44560989353158714,0.06063300945299405,0.106793500713336,0.15346127665682727,0.014569407997613918,0.11064720323126641,0.7869668420303869,0.19273668955417234,0.23811352441711792,0.0323995041098553,0.05706555713600173,0.08200267987029623,0.007785224559285693,0.059124799316033094,0.4205190483320849,0.1029896622593249,sad,sad,sad,sad
data/fer2013/PublicTest/neutral/neutral_PublicTest_31688.png,sad,4,0.6,neutral,data/fer2013/PublicTest/neutral/neutral_PublicTest_31688.png,neutral,neutral,data/fer2013/Training/neutral/neutral_Training_10058.png,data/fer2013/Training/neutral/neutral_Training_10197.png,0.9971942901611328,0.9868870973587036,framework,neutral,0.8371119246965337,3,stop,1284,False,0.06899234971935743,0.19967161797806685,0.11178508372568123,0.10963136966566496,0.1308957851564879,0.8371132219591007,0.38481163281915437,0.24846826360299465,0.03298907988510283,0.09547410666632286,0.05345066622589227,0.05242085574017096,0.06258855555312508,0.4002703932308075,0.18399984559775295,0.11880649710082551,neutral,0.870068761384843,3,stop,3698,False,0.12831415606019297,0.12444887781090996,0.12438860684525604,0.05730666197644967,0.00535345372375387,0.8700688996769765,0.5238478058758764,0.09382866421374625,0.06656827666336058,0.06456300366948735,0.06453173561271475,0.02973020161012039,0.0027773255853404837,0.451384235444081,0.27176772027149715,0.04867750114339822,neutral,neutral,neutral,neutral
data/fer2013/PublicTest/surprise/surprise_PublicTest_31699.png,surprise,5,1.0,angry,data/fer2013/PublicTest/surprise/surprise_PublicTest_31699.png,angry,angry,data/fer2013/Training/angry/angry_Training_10541.png,data/fer2013/Training/angry/angry_Training_3489.png,0.9904090762138367,0.982721209526062,framework,surprise,0.8305894696705242,2,stop,1283,False,0.18463736398679767,0.1443709502031869,0.24070109772394657,0.1623723624673192,0.06835066146535987,0.2281528382620424,0.2616686441128918,0.8305895191291693,0.08705846020272032,0.06807242234887939,0.11349310066216971,0.07656027767431495,0.03222805618822162,0.10757646427076356,0.1233795194423967,0.3916316992105338,angry,0.8976702132308696,2,stop,3697,False,0.8913364165528689,0.07324520536046758,0.10763822997661904,0.06319933429104703,0.014586758619620818,0.10618137552795426,0.14436736701720962,0.2117606857483874,0.552830067508639,0.045428584619833776,0.06676003452727232,0.0391978736577832,0.009047087724300209,0.06585645544282251,0.08954040222301918,0.13133949429632993,angry,angry,angry,angry
data/fer2013/PublicTest/happy/happy_PublicTest_31709.png,neutral,6,1.0,happy,data/fer2013/PublicTest/happy/happy_PublicTest_31709.png,happy,happy,data/fer2013/Training/happy/happy_Training_14146.png,data/fer2013/Training/happy/happy_Training_20752.png,0.9939262866973877,0.9916418194770813,framework,happy,0.5237801332759899,1,stop,1282,False,0.05832231919006718,0.200946127215428,0.08414958648362486,0.07110651395416114,0.5237801332759899,0.682334380357015,0.20056241153119025,0.2349238325205094,0.028365158028856585,0.09773048693720454,0.040926292915276705,0.03458277265377301,0.25474134875074234,0.3318544734867971,0.09754386616881423,0.11425560105853554,happy,0.9318920498971219,1,stop,3696,False,0.04369504121304411,0.0767684790018686,0.050754282234084555,0.02864927310457431,0.9318920498971219,0.3446592137452741,0.08428476835456271,0.06363739653111751,0.026900173395447,0.04726132163112632,0.031246085476874488,0.01763747996961495,0.5737048651778742,0.2121840912537817,0.05188860841847611,0.03917737467680531,happy,happy,happy,happy
data/fer2013/PublicTest/angry/angry_PublicTest_31729.png,angry,0,0.556,angry,data/fer2013/PublicTest/angry/angry_PublicTest_31729.png,neutral,neutral,data/fer2013/Training/neutral/neutral_Training_4591.png,data/fer2013/Training/neutral/neutral_Training_21911.png,0.9590991735458374,0.9580656290054321,framework,angry,0.7290321718555645,2,stop,1283,False,0.7290250997996001,0.23083256341960548,0.16579827467037747,0.1513774967293878,0.009259408789650054,0.20565533189400145,0.1620024013674423,0.2871731020967923,0.3755685986287746,0.11891697883271772,0.08541355529478915,0.07798446764894126,0.004770128194784736,0.10594653712361528,0.08345805223001453,0.14794168204636274,neutral,0.7994795535043849,3,stop,3698,False,0.31218358283344516,0.24703962475036062,0.16983591524984354,0.09531531343448392,0.0270828645529416,0.7994788863773583,0.43325162984391963,0.23193858523268615,0.13478693672625103,0.10666068333218057,0.07332756756411068,0.041152897933748114,0.011693172067957593,0.34517929832847716,0.18705871554262052,0.10014072850465418,neutral,neutral,angry,angry
data/fer2013/PublicTest/fear/fear_PublicTest_31735.png,surprise,5,0.667,happy,data/fer2013/PublicTest/fear/fear_PublicTest_31735.png,happy,happy,data/fer2013/Training/happy/happy_Training_2729.png,data/fer2013/Training/happy/happy_Training_6756.png,0.948494017124176,0.9429916143417358,framework,happy,0.5943718876624192,1,stop,1282,False,0.1040086793395558,0.11821489714687282,0.21670337104764684,0.13268079997245058,0.5943718876624192,0.2216223868373736,0.1868121795405984,0.5297668674518621,0.04942952907995018,0.05618095271768715,0.10298703578336041,0.06305579017284066,0.2824718349667673,0.10532476986062181,0.08878141824053583,0.2517686691782367,happy,0.92950222985232,1,stop,3696,False,0.057845910672745436,0.08420669370623204,0.08276367253293945,0.03557940444677176,0.92950222985232,0.26818808339676525,0.11855995819204304,0.13038985106098008,0.03388675887284586,0.04932919011761912,0.04848385273803463,0.020842799176386307,0.5445124394872491,0.15710747413159418,0.06945370326966568,0.07638378220660504,happy,happy,happy,happy
data/fer2013/PublicTest/angry/angry_PublicTest_31749.png,neutral,6,0.778,sad,data/fer2013/PublicTest/angry/angry_PublicTest_31749.png,sad,sad,data/fer2013/Training/disgust/disgust_Training_14140.png,data/fer2013/Training/angry/angry_Training_727.png,0.9679807424545288,0.953028678894043,framework,neutral,0.6993398565447135,3,stop,1284,False,0.1697209460914307,0.35467296403880266,0.2422353983369868,0.20989474842090927,0.014117794825559502,0.6993404401049801,0.5844004203514481,0.23613915562484325,0.06760385092383198,0.14127459656438632,0.09648806546733918,0.08360602276102214,0.005623450250190185,0.27856377157121687,0.2327804540753665,0.09405978838664679,sad,0.8667900686182787,2,stop,3697,False,0.290109976423025,0.16543654697804633,0.16636402606531145,0.13368257724381014,0.009460786985170309,0.32756549815624086,0.8668036008048658,0.1653107486843703,0.13653944870718646,0.07786224796166721,0.07829876339910245,0.06291733095041896,0.004452692924312531,0.15416778521442917,0.40795868949616465,0.07780304134671859,sad,sad,sad,sad
data/fer2013/PublicTest/neutral/neutral_PublicTest_31767.png,neutral,6,0.8,sad,data/fer2013/PublicTest/neutral/neutral_PublicTest_31767.png,sad,sad,data/fer2013/Training/fear/fear_Training_13102.png,data/fer2013/Training/sad/sad_Training_20687.png,0.9736165404319763,0.9683226346969604,framework,sad,0.8307619553312868,2,stop,1283,False,0.14429148968837438,0.24560865957134145,0.1786277714674385,0.125812512184636,0.01841112659663035,0.5143022190445443,0.8307681881961152,0.1796013957526993,0.06449002549389427,0.10977299320621808,0.07983637538659893,0.05623098171459087,0.008228718312856048,0.2298636135047219,0.37130576274451255,0.08027152963660736,sad,0.9669311954104269,2,stop,3697,False,0.05515648173161507,0.057976009726833005,0.049317871710280466,0.05072778622263021,0.009167072957133785,0.33096624833919575,0.9669300428764946,0.061755528745633975,0.03486509788354792,0.036647356585562466,0.031174439895458476,0.0320656643887048,0.005794620793822264,0.2092078806013214,0.6112085023020745,0.03903643754950828,sad,sad,sad,sad
data/fer2013/PublicTest/fear/fear_PublicTest_31771.png,neutral,6,0.8,sad,data/fer2013/PublicTest/fear/fear_PublicTest_31771.png,sad,sad,data/fer2013/Training/sad/sad_Training_24916.png,data/fer2013/Training/sad/sad_Training_530.png,0.9819964170455933,0.9814152717590332,framework,sad,0.5764986132999549,2,stop,1283,False,0.10273585030048962,0.28938901263272027,0.17035448196290862,0.191790230848063,0.05787892496901271,0.664880726533279,0.576410513997712,0.3962621380858556,0.041938103230988434,0.11813233890805688,0.06954090348720236,0.07829125350571839,0.02362692597714861,0.27141291442169874,0.23529822908710518,0.16175933138208137,sad,0.9024225130879004,2,stop,3697,False,0.08415771983121594,0.11104551768251715,0.07933577082582177,0.10041499568451716,0.02618409381305298,0.4599068036902612,0.9024183724015478,0.13825201301012527,0.044253585386418985,0.05839229375983642,0.0417180065652825,0.05280232870512492,0.013768671889469885,0.24183788543368795,0.4745286419051991,0.07269858635498026,sad,sad,sad,sad
data/fer2013/PublicTest/fear/fear_PublicTest_31773.png,neutral,6,0.625,sad,data/fer2013/PublicTest/fear/fear_PublicTest_31773.png,sad,sad,data/fer2013/Training/sad/sad_Training_13789.png,data/fer2013/Training/fear/fear_Training_8781.png,0.9926068782806396,0.9901221394538879,framework,sad,0.9685330205815914,2,stop,1283,False,0.05778057914255814,0.11829692678171623,0.10046594315676059,0.10749374592089067,0.0019283767381009932,0.2475312264278186,0.9685139198623293,0.07694519648309542,0.034414589831150366,0.07045862595862773,0.05983834494301521,0.06402416227352412,0.0011485571011315271,0.14743164146723772,0.5768548843303619,0.04582919409495149,sad,0.9799201639859322,2,stop,3697,False,0.07444848231517219,0.03556012882446643,0.04573051892692467,0.07510068125514646,0.007332168619140198,0.18248400588457378,0.979922441707141,0.07089728888686493,0.0505944348822345,0.02416630354661617,0.031077997697577794,0.05103766267913031,0.004982867564394271,0.12401428297343271,0.6659453708767993,0.04818107977981497,sad,sad,sad,sad
data/fer2013/PublicTest/sad/sad_PublicTest_31783.png,sad,4,1.0,sad,data/fer2013/PublicTest/sad/sad_PublicTest_31783.png,neutral,neutral,data/fer2013/Training/neutral/neutral_Training_27026.png,data/fer2013/Training/sad/sad_Training_26553.png,0.9935063719749451,0.9903096556663513,framework,sad,0.9807987373393596,2,stop,1283,False,0.07454654182458435,0.02958511564933722,0.07008171193646147,0.09684489257892792,0.005374647449979598,0.09572629528712033,0.9807911976775388,0.07796357562261608,0.052097151170047734,0.020675677296925505,0.0489768868098655,0.06768044345509214,0.003756094029769702,0.06689870722986474,0.68542988099829,0.05448515901014467,sad,0.8421478675983796,2,stop,3697,False,0.11177955551217801,0.20607361839488667,0.16576819692356215,0.1344013092127989,0.007884613301614048,0.5410203296946691,0.8421483691901279,0.15561781292026777,0.05163758275939028,0.09519758309679138,0.07657812690606716,0.06208790771842172,0.0036423688573670172,0.2499292640869148,0.38903810191840565,0.07188906465664176,sad,sad,sad,sad
data/fer2013/PublicTest/fear/fear_PublicTest_31821.png,fear,2,0.667,surprise,data/fer2013/PublicTest/fear/fear_PublicTest_31821.png,surprise,surprise,data/fer2013/Training/fear/fear_Training_27581.png,data/fer2013/Training/surprise/surprise_Training_3603.png,0.9856845736503601,0.9761174917221069,framework,surprise,0.9133433953261569,2,stop,1283,False,0.043553252984227686,0.060174816620412484,0.07453949436349819,0.10179966626802688,0.12799174994779272,0.08225583416030864,0.05513308075351686,0.913370058594421,0.029855166557277626,0.04124902388821899,0.05109581642784282,0.06978229600916026,0.08773661554126831,0.056385263118076324,0.0377929820605631,0.6261028363975925,surprise,0.9564427731922212,2,stop,3697,False,0.06875358731891122,0.05060271004108042,0.08098600592582024,0.16060563013058637,0.027627675240105228,0.09218211562086326,0.0840604688571272,0.9564251603864584,0.04519565338430533,0.033264046757515355,0.05323671964671286,0.1055752386749043,0.018161246309579823,0.06059656096935816,0.055257739442257765,0.6287127948153663,surprise,surprise,surprise,surprise
data/fer2013/PublicTest/sad/sad_PublicTest_31824.png,sad,4,0.556,sad,data/fer2013/PublicTest/sad/sad_PublicTest_31824.png,neutral,neutral,data/fer2013/Training/neutral/neutral_Training_15893.png,data/fer2013/Training/sad/sad_Training_9067.png,0.9831478595733643,0.9818142652511597,framework,sad,0.9553821591446129,2,stop,1283,False,0.05117740486440197,0.07119435876286573,0.06950783571167858,0.1372895976174373,0.003972317242199364,0.24528884192646458,0.9553897869698249,0.18797778703884702,0.029723235211711167,0.041348846758885685,0.040369333993960844,0.07973618460952328,0.002307075164093654,0.14246087629308207,0.5548791587266148,0.10917528924212852,sad,0.7187225255340489,2,stop,3697,False,0.06105301556123597,0.15051744709203993,0.0956257477984776,0.06610284760374514,0.009465922186268889,0.7383298415193686,0.718703001477863,0.16541243485096435,0.03044718892441295,0.07506317429046734,0.04768863884107826,0.03296554430492019,0.004720663156434043,0.36820569740285236,0.3584177761799673,0.08249131689986754,sad,sad,sad,sad
data/fer2013/PublicTest/neutral/neutral_PublicTest_31854.png,neutral,6,0.6,happy,data/fer2013/PublicTest/neutral/neutral_PublicTest_31854.png,happy,happy,data/fer2013/Training/neutral/neutral_Training_3527.png,data/fer2013/Training/neutral/neutral_Training_6805.png,0.9891374111175537,0.9752421379089355,framework,happy,0.8962016615919582,1,stop,1282,False,0.023976487042103173,0.06639020223429822,0.03658838289679576,0.030116636468057668,0.8962016615919582,0.4190049729633472,0.12410775288329991,0.05862982506827791,0.014487163981763938,0.04011453991828742,0.02210757155218979,0.018197188367326873,0.5415063686941659,0.2531727747202999,0.07498885738646087,0.03542553537950529,happy,0.8143001988405909,1,stop,3696,False,0.04137913143458216,0.10765444827631834,0.05700305737026361,0.039147682446579866,0.8143001988405909,0.4794295668093725,0.2142628670608149,0.07401505844264883,0.02264629617067785,0.05891797230231164,0.03119708111519876,0.02142505123585,0.44565661084355473,0.26238598024005305,0.11726346536560131,0.04050754272675276,happy,happy,happy,happy
data/fer2013/PublicTest/fear/fear_PublicTest_31903.png,fear,2,0.556,surprise,data/fer2013/PublicTest/fear/fear_PublicTest_31903.png,surprise,surprise,data/fer2013/Training/fear/fear_Training_5241.png,data/fer2013/Training/fear/fear_Training_20701.png,0.9986872673034668,0.9948123097419739,framework,surprise,0.9399870708914515,2,stop,1283,False,0.015169897684718846,0.025767299420533258,0.04336167282639072,0.3247232004798109,0.0008581076483707911,0.04487904760458965,0.029358757760245952,0.9399870708914515,0.010652232178196842,0.01809367879317535,0.030448366639084786,0.2280191334871363,0.0006025592323895475,0.03151386020895882,0.020615584272569494,0.6600545851884889,surprise,0.9776883377654743,2,stop,3697,False,0.02521120723158137,0.028466000648189972,0.04505579821128235,0.18067041944836768,0.0011915042433223823,0.05672481223229322,0.04045774875257032,0.9776934655244048,0.018599592351685967,0.021000819321175833,0.03323995840865208,0.1332897754907302,0.0008790334000086785,0.04184878471130654,0.02984774300383786,0.7212942933126028,surprise,surprise,surprise,surprise
data/fer2013/PublicTest/sad/sad_PublicTest_31912.png,happy,3,0.7,neutral,data/fer2013/PublicTest/sad/sad_PublicTest_31912.png,neutral,neutral,data/fer2013/Training/neutral/neutral_Training_17087.png,data/fer2013/Training/neutral/neutral_Training_18435.png,0.9835713505744934,0.9811582565307617,framework,happy,0.8341754078635123,1,stop,1282,False,0.02713871952751555,0.07041312649542254,0.0513241508595405,0.037401860774740885,0.8341754078635123,0.5038655034960129,0.1399883594398661,0.06410769146568604,0.01570150823442697,0.040738557482739045,0.029694347831296566,0.021639400648290168,0.4826245402715384,0.29151885166008057,0.08099233923842394,0.037090454633204366,neutral,0.8410136401845332,3,stop,3698,False,0.0333336976802004,0.07876626717425071,0.05650205378662719,0.03517476487380253,0.3184109236840145,0.8410141748783616,0.24259217068508837,0.08648223705490582,0.019697550500929195,0.04654456701201945,0.033388196789502285,0.020785474030130768,0.18815540086447685,0.49697214334261136,0.14335257909409452,0.05110408836623541,neutral,neutral,neutral,neutral
data/fer2013/PublicTest/sad/sad_PublicTest_31913.png,happy,3,0.667,neutral,data/fer2013/PublicTest/sad/sad_PublicTest_31913.png,neutral,neutral,data/fer2013/Training/happy/happy_Training_27332.png,data/fer2013/Training/neutral/neutral_Training_10693.png,0.9840826988220215,0.9790792465209961,framework,happy,0.8695232383768645,1,stop,1282,False,0.027247200099733835,0.10428703541677672,0.04781103152929062,0.028636715867025257,0.8695232383768645,0.432453841004601,0.16194346319299607,0.06341315070009985,0.01570158125903517,0.06009686701263643,0.027551777573020523,0.01650230921093398,0.5010749630794951,0.24920759198967926,0.09332219227616118,0.036542717599038266,neutral,0.9301864712237322,3,stop,3698,False,0.03696695979164394,0.10061292329292232,0.051453971557286045,0.028756864956530404,0.13986419890968696,0.9301863972997203,0.16587728306381724,0.08083625872286034,0.024089695854596218,0.06556489186097966,0.033530226242901535,0.01873954835450392,0.09114317302995269,0.6061604071671043,0.1080947235238254,0.05267733396613619,neutral,neutral,neutral,neutral
data/fer2013/PublicTest/fear/fear_PublicTest_31916.png,fear,2,0.556,sad,data/fer2013/PublicTest/fear/fear_PublicTest_31916.png,sad,sad,data/fer2013/Training/sad/sad_Training_20134.png,data/fer2013/Training/fear/fear_Training_11231.png,0.9777032136917114,0.9742929935455322,framework,sad,0.6139085522255543,2,stop,1283,False,0.18569282278672158,0.24024705755381692,0.22748057948888784,0.5079943467367638,0.0034834242318089975,0.20718029969099572,0.6139079688295951,0.3966398568751675,0.07793619100368117,0.10083287164572932,0.0954747180133975,0.21320772575868088,0.00146201028237334,0.08695459074076808,0.2576601938586427,0.16647169869672687,sad,0.767280011761553,2,stop,3697,False,0.18130738952311773,0.12127385385568297,0.13371764680618234,0.38503041545620953,0.012233982479916748,0.14268082094200935,0.7673575804216388,0.38562934638392776,0.08515158123700174,0.05695664388350679,0.06280091007203834,0.1808307360591917,0.005745728046334586,0.06701049277341495,0.3603918820902269,0.18111202583828506,sad,sad,sad,sad
data/fer2013/PublicTest/angry/angry_PublicTest_31917.png,contempt,7,0.556,disgust,data/fer2013/PublicTest/angry/angry_PublicTest_31917.png,disgust,disgust,data/fer2013/Training/disgust/disgust_Training_7597.png,data/fer2013/Training/disgust/disgust_Training_7143.png,0.9861454963684082,0.9761825799942017,framework,surprise,0.7251553217318101,2,stop,1283,False,0.10736801037935224,0.1520694360382117,0.18356272561606685,0.32070529125004577,0.016936450851056235,0.19587214973694123,0.5297083714776163,0.7251549334880585,0.0481173699611805,0.06815047878586622,0.08226431269745804,0.14372525944239908,0.007590132932055733,0.08778082653002782,0.23739076091536185,0.32498085873565075,disgust,0.898769785861312,3,stop,3698,False,0.12271271919496028,0.22960142845590165,0.8987255583155256,0.16576724872754064,0.0014049275723762638,0.16294721194237458,0.19492832763910878,0.26002232721783003,0.06026822436819717,0.11276476062317714,0.4413934753408827,0.08141371004368118,0.0006900058177222486,0.08002869787208276,0.09573566833937242,0.12770545759488444,disgust,disgust,disgust,disgust
data/fer2013/PublicTest/happy/happy_PublicTest_31929.png,surprise,5,1.0,happy,data/fer2013/PublicTest/happy/happy_PublicTest_31929.png,happy,happy,data/fer2013/Training/surprise/surprise_Training_4511.png,data/fer2013/Training/happy/happy_Training_16621.png,0.9745345115661621,0.9716362357139587,framework,surprise,0.7213970167818791,2,stop,1283,False,0.03799878354653364,0.053903682814505055,0.050937762129842044,0.04371817497576989,0.45944027688402667,0.10886033170938698,0.044284195844955056,0.7213575624973675,0.024990966322547537,0.03545126964995876,0.03350064868192196,0.028752484593743587,0.3021637909216185,0.07159505199104771,0.029124744102060295,0.4744210437371016,happy,0.8938503893741373,1,stop,3696,False,0.052483955091023285,0.07282809316740127,0.05499053167130113,0.03146705253910031,0.8938503893741373,0.2061554371921503,0.08715258139832113,0.2707743587833,0.03143311952815289,0.043617409426712966,0.0329343311102011,0.018845904847391758,0.5353351530149605,0.12346837214156174,0.052196476114069676,0.16216923381694934,happy,happy,happy,happy
data/fer2013/PublicTest/angry/angry_PublicTest_31939.png,surprise,5,0.667,surprise,data/fer2013/PublicTest/angry/angry_PublicTest_31939.png,angry,angry,data/fer2013/Training/angry/angry_Training_16218.png,data/fer2013/Training/angry/angry_Training_17111.png,0.9776421785354614,0.9567165970802307,framework,surprise,0.9619605026298861,2,stop,1283,False,0.04094404290683199,0.046409719805676104,0.09430057335418932,0.18916559815696676,0.010285014200448736,0.07672802815426125,0.06830173985343352,0.961988183988354,0.02751388537551012,0.031186751976313667,0.0633688073260375,0.12711691897460695,0.006911401066097988,0.051560276461438494,0.04589791598136751,0.6464440428386278,surprise,0.7652544268127073,2,stop,3697,False,0.45729501423790064,0.09735554427930199,0.13878141859304974,0.1239134702767996,0.048164374351812464,0.1283789829832449,0.2017932918748973,0.765419502877296,0.23318272462807854,0.0496432945164082,0.07076707225686411,0.06318564540971061,0.024559856748229424,0.06546268842861507,0.10289792835261084,0.3903007896594833,surprise,surprise,surprise,surprise
data/fer2013/PublicTest/happy/happy_PublicTest_31962.png,neutral,6,0.7,happy,data/fer2013/PublicTest/happy/happy_PublicTest_31962.png,happy,happy,data/fer2013/Training/happy/happy_Training_23444.png,data/fer2013/Training/happy/happy_Training_2650.png,0.992806077003479,0.9918056726455688,framework,happy,0.9511266541465501,1,stop,1282,False,0.016750874639312616,0.03130406400491321,0.024132312851957025,0.017170070483985715,0.9511266541465501,0.31927224237936586,0.0996024107847308,0.03663415940778111,0.011197162690793879,0.020925277341841627,0.01613130292756983,0.011477375167645302,0.6357829137491767,0.2134183030769214,0.06657947253300436,0.02448819251304689,happy,0.9571755473974978,1,stop,3696,False,0.03450165842044054,0.05342625097089649,0.04145962780428448,0.01996555387508731,0.9571755473974978,0.2943588777442829,0.06864987505532634,0.04867142557182128,0.022725239135589093,0.03519031794460966,0.02730825123950239,0.013150729763675319,0.6304636995785545,0.19388563317464577,0.04521767644468736,0.032058452718735767,happy,happy,happy,happy
data/fer2013/PublicTest/happy/happy_PublicTest_31964.png,neutral,6,0.625,happy,data/fer2013/PublicTest/happy/happy_PublicTest_31964.png,happy,happy,data/fer2013/Training/happy/happy_Training_5198.png,data/fer2013/Training/happy/happy_Training_7059.png,0.9384523630142212,0.9380716681480408,framework,neutral,0.7992105516745737,3,stop,1284,False,0.1584384094382278,0.2319318269565288,0.16644393408300934,0.07724564305580855,0.212809010080215,0.7992106151893973,0.2709670885938936,0.2977382928242722,0.07153670550369447,0.10471980159831004,0.0751512889935621,0.03487726769234782,0.09608563691480701,0.36085248909621914,0.12234465674494388,0.1344321534561156,happy,0.9049075586390657,1,stop,3696,False,0.05118804275314815,0.07331326795087474,0.058086627125783774,0.031065098493364036,0.9049075586390657,0.40319916275688134,0.09713830864809145,0.06077553027562051,0.030474993984222824,0.04364733011068714,0.03458209216474067,0.018494723353069294,0.5387401221568928,0.2400461396563934,0.05783165779484905,0.03618294077914471,happy,happy,neutral,happy
data/fer2013/PublicTest/fear/fear_PublicTest_31991.png,fear,2,0.556,surprise,data/fer2013/PublicTest/fear/fear_PublicTest_31991.png,surprise,surprise,data/fer2013/Training/fear/fear_Training_1332.png,data/fer2013/Training/surprise/surprise_Training_13470.png,0.9906768202781677,0.9892109036445618,framework,surprise,0.8930426093274414,2,stop,1283,False,0.06231122669940284,0.06467159897786293,0.13360295963220956,0.28957058493913473,0.006094163233342517,0.09377073175345776,0.26701169423338117,0.8930853739027395,0.034423841552580596,0.03572782938306881,0.07380896440254286,0.1599732899228637,0.0033667209049209027,0.051803647322216866,0.14751062917309088,0.4933850773387154,surprise,0.9381734764372925,2,stop,3697,False,0.05702221515553311,0.038465489585691924,0.08170657028780401,0.2857950792125219,0.006720863195195616,0.07703022646274292,0.0995263650509946,0.9381668786800244,0.03598901967352688,0.02427712177921208,0.051568311710157265,0.18037680052102603,0.004241807812888998,0.04861688252661442,0.06281510285219602,0.5921149531243782,surprise,surprise,surprise,surprise
data/fer2013/PublicTest/angry/angry_PublicTest_32017.png,neutral,6,0.625,angry,data/fer2013/PublicTest/angry/angry_PublicTest_32017.png,angry,angry,data/fer2013/Training/angry/angry_Training_22212.png,data/fer2013/Training/angry/angry_Training_18644.png,0.9669677019119263,0.965940535068512,framework,angry,0.47857975881595327,2,stop,1283,False,0.47857994423223654,0.23756122798029952,0.19426483516813695,0.3893905253691138,0.09305366094789636,0.3916547092580346,0.3015115119337459,0.443607590211628,0.18919014970887385,0.09391167521388455,0.07679593282495496,0.15393217513112292,0.03678557001366599,0.15482724249463425,0.11919222434865241,0.17536503026421119,angry,0.887483423908096,2,stop,3697,False,0.8812324876876049,0.15818511604713656,0.1285306344201614,0.08324247887593628,0.011820701414947687,0.2635552334778447,0.17345273303624367,0.12694912808805353,0.4823468392552897,0.0865833838500241,0.07035186074758014,0.04556317105709884,0.006470117755465435,0.14425822426362234,0.09494018741837688,0.06948621565254265,angry,angry,angry,angry
data/fer2013/PublicTest/fear/fear_PublicTest_32018.png,neutral,6,0.7,sad,data/fer2013/PublicTest/fear/fear_PublicTest_32018.png,sad,sad,data/fer2013/Training/fear/fear_Training_9958.png,data/fer2013/Training/sad/sad_Training_26368.png,0.9939588308334351,0.9879679679870605,framework,sad,0.9775465486152337,2,stop,1283,False,0.04341944298855884,0.10179252873112557,0.08866579975943986,0.04645289815958263,0.0019642935331037636,0.26512413561173054,0.9775518493137061,0.05506778535277432,0.027479986451820895,0.06442407174972295,0.056116219104222646,0.02939984772281659,0.0012431932784424341,0.16779597233849503,0.618688535045731,0.03485217430874847,sad,0.9837865566066887,2,stop,3697,False,0.054672432449432436,0.04297046614272446,0.04411379411417593,0.06452374091518791,0.0027187443425163572,0.21169991145987077,0.9837874947188959,0.0668653691299934,0.03715795688979919,0.02920475012599347,0.029981809597663937,0.0438533695297476,0.0018477865452034958,0.14388121821497346,0.6686282588816437,0.04544485021497516,sad,sad,sad,sad
data/fer2013/PublicTest/angry/angry_PublicTest_32019.png,disgust,1,0.6,angry,data/fer2013/PublicTest/angry/angry_PublicTest_32019.png,angry,angry,data/fer2013/Training/fear/fear_Training_16266.png,data/fer2013/Training/angry/angry_Training_25807.png,0.9961636066436768,0.987485408782959,framework,angry,0.7820909872075611,2,stop,1283,False,0.7820665490174497,0.17183736435207667,0.26643189585993265,0.11711468032347325,0.014847981939844998,0.16892244350641508,0.23377842668374724,0.20719313446717483,0.3985677034864029,0.08757416331002714,0.1357827527616866,0.05968562296867841,0.007567036424977646,0.08608862054034903,0.11914143465804543,0.10559266584983268,angry,0.7392879054165501,2,stop,3697,False,0.7473517368252071,0.0809636973667141,0.09904381121602104,0.13132558468209374,0.029386727770464586,0.09216614766996135,0.14034521290345775,0.49565883691349544,0.41148252132450935,0.0445775993907965,0.05453228400041695,0.07230622481585523,0.016179964855418394,0.050745528451046754,0.07727231933207712,0.2729035578298797,angry,angry,angry,angry
data/fer2013/PublicTest/happy/happy_PublicTest_32063.png,neutral,6,0.7,happy,data/fer2013/PublicTest/happy/happy_PublicTest_32063.png,happy,happy,data/fer2013/Training/happy/happy_Training_8985.png,data/fer2013/Training/happy/happy_Training_18019.png,0.9828795790672302,0.9814376831054688,framework,neutral,0.8333895692497514,3,stop,1284,False,0.0247485877876821,0.06856629169717522,0.037539142347435446,0.023435276848868022,0.39782453911066623,0.8333900328672881,0.1029336775340829,0.034465217313742004,0.01625093101688856,0.04502342056904141,0.02464973023733364,0.015388557549218806,0.26122780004161283,0.5472378484977478,0.06759044626189158,0.022631265826265214,happy,0.9214334946762873,1,stop,3696,False,0.03440199958709213,0.055804646934227445,0.04277813107355148,0.020799400872994138,0.9214334946762873,0.3890831921073861,0.0838336502972968,0.04628026476439681,0.021576568413605432,0.03500008129833336,0.026829989035317064,0.013045163109255657,0.5779132921078832,0.24402884174903877,0.052579574231510315,0.029026490055056305,happy,happy,happy,happy
data/fer2013/PublicTest/sad/sad_PublicTest_32067.png,neutral,6,0.778,sad,data/fer2013/PublicTest/sad/sad_PublicTest_32067.png,sad,sad,data/fer2013/Training/sad/sad_Training_11817.png,data/fer2013/Training/sad/sad_Training_5348.png,0.9921960234642029,0.9921960234642029,framework,sad,0.8180124939533892,2,stop,1283,False,0.07326722080446922,0.181860735965882,0.12597538431309685,0.07360604226890835,0.016762410475406855,0.6268487497338441,0.8180288664429516,0.08885580963169218,0.036538514904604164,0.09069432603954221,0.06282418531503178,0.03670748587132676,0.00835944885404178,0.31261077100505247,0.40795269154114006,0.044312576469260755,sad,0.8755746854239363,2,stop,3697,False,0.10447223570661537,0.0675072855054812,0.06513587333510737,0.04698275266484232,0.008001822911250485,0.5787534139833969,0.8755730678551366,0.05768930064228262,0.057907723246591644,0.03741848903433121,0.03610404334704598,0.026041983501904495,0.004435315693962775,0.3207961646296849,0.4853197842717736,0.03197649627470533,sad,sad,sad,sad
data/fer2013/PublicTest/fear/fear_PublicTest_32102.png,angry,0,0.667,neutral,data/fer2013/PublicTest/fear/fear_PublicTest_32102.png,neutral,neutral,data/fer2013/Training/fear/fear_Training_19682.png,data/fer2013/Training/fear/fear_Training_11770.png,0.9393582344055176,0.9313793182373047,framework,sad,0.5632679004859384,2,stop,1283,False,0.2167608093993458,0.342083607277347,0.2742673178066263,0.2728564993910634,0.04584373777860026,0.5099965654607244,0.5632667288941173,0.4389940657330122,0.08136455264762327,0.12840642065940996,0.10295051804353991,0.10242094533356806,0.01720816242745592,0.19143517001769136,0.21143095721388402,0.16478327365682766,neutral,0.8049027444644854,3,stop,3698,False,0.0812796883215033,0.2064331253265713,0.12849597100185398,0.10649867636794799,0.027637992331380867,0.8049026485213915,0.5621635052169988,0.23428652297483313,0.037774670705849944,0.09593963132764209,0.0597184006467128,0.0494951754058807,0.012844735023578012,0.3740778677434733,0.26126504334540396,0.10888447580145916,neutral,neutral,neutral,neutral
data/fer2013/PublicTest/fear/fear_PublicTest_32103.png,surprise,5,0.6,surprise,data/fer2013/PublicTest/fear/fear_PublicTest_32103.png,fear,fear,data/fer2013/Training/fear/fear_Training_26805.png,data/fer2013/Training/fear/fear_Training_20471.png,0.9703977108001709,0.96064293384552,framework,surprise,0.9814842397903162,2,stop,1283,False,0.020284778172883964,0.02611359719736929,0.052599464850720486,0.10992977275307411,0.008876769788968985,0.07007326938915409,0.07470505449177374,0.9814843567352322,0.015092087832198736,0.019428790354936585,0.03913455383578696,0.0817889045481815,0.0066044098771764525,0.05213524778516621,0.05558134450817844,0.730234661258375,surprise,0.7174675625937513,2,stop,3697,False,0.032908694271104544,0.041630158820495894,0.0822419472344393,0.673531126492883,0.005375911074487538,0.06578030716522591,0.0894439052641728,0.7174675198711155,0.019263104549634105,0.024368213918508932,0.0481403247084626,0.39425145222055547,0.003146789605940616,0.03850450351484767,0.052355990919523636,0.419969620562527,surprise,surprise,surprise,surprise
data/fer2013/PublicTest/fear/fear_PublicTest_32104.png,neutral,6,0.667,sad,data/fer2013/PublicTest/fear/fear_PublicTest_32104.png,sad,sad,data/fer2013/Training/sad/sad_Training_20957.png,data/fer2013/Training/sad/sad_Training_1294.png,0.991672694683075,0.988462507724762,framework,sad,0.9352423167878654,2,stop,1283,False,0.07857919318355328,0.19367977914004827,0.13590447637133352,0.11050649589897713,0.005204003700243989,0.3041326980579986,0.9352373583730583,0.14323423414947936,0.04121693685312401,0.10159034348819458,0.07128561637900035,0.05796368069965703,0.0027296423290494396,0.15952592159536755,0.490557583770317,0.07513027488529007,sad,0.9286248844416938,2,stop,3697,False,0.1855865297586367,0.09188071112401096,0.08707508882811035,0.1371192593922662,0.013941685483007789,0.28432020625441845,0.928616971252794,0.13788925624060303,0.09943397757224347,0.04922805863716797,0.04665329127548117,0.07346607203047142,0.0074697082996248824,0.15233373375107154,0.4975365357218653,0.07387862271207421,sad,sad,sad,sad
data/fer2013/PublicTest/fear/fear_PublicTest_32109.png,sad,4,0.625,neutral,data/fer2013/PublicTest/fear/fear_PublicTest_32109.png,neutral,neutral,data/fer2013/Training/sad/sad_Training_23944.png,data/fer2013/Training/sad/sad_Training_6922.png,0.9901997447013855,0.9878858923912048,framework,sad,0.7926059254485956,2,stop,1283,False,0.051604736612025866,0.15017769561382222,0.07650157662670475,0.05979202164002287,0.0515976979361485,0.6399013260485718,0.7926303370503103,0.0916287030097078,0.02696405961170932,0.07846954761777769,0.03997294062482447,0.031242008808751057,0.026960381823808343,0.3343556935656293,0.4141583323824814,0.04787703556501841,neutral,0.83224256146767,3,stop,3698,False,0.06349012508657319,0.13176502305308696,0.08795131765565674,0.059046677826267574,0.020997651741553203,0.8322419662207913,0.5911301429779213,0.11630393694571137,0.0333644592643794,0.0692433467114786,0.04621896950382958,0.031029399837299496,0.011034397793726095,0.4373483772825768,0.3106426006948373,0.0611184489118728,neutral,neutral,neutral,neutral
data/fer2013/PublicTest/sad/sad_PublicTest_32110.png,neutral,6,0.75,sad,data/fer2013/PublicTest/sad/sad_PublicTest_32110.png,sad,sad,data/fer2013/Training/fear/fear_Training_10756.png,data/fer2013/Training/fear/fear_Training_19693.png,0.9863225221633911,0.9841185808181763,framework,sad,0.8611074878823316,2,stop,1283,False,0.039496802140001466,0.19820882080762317,0.09486908350021654,0.04781744740670905,0.010581360893014346,0.572410391285491,0.8611048713376502,0.08001066698787299,0.02073867874154392,0.10407397145467713,0.04981313267443233,0.02510761951039246,0.005555980036832235,0.3005568696704317,0.45214235892185517,0.04201138898983506,sad,0.9417384668383992,2,stop,3697,False,0.05718177490228247,0.09297535255831985,0.0705135611572307,0.05426552355234408,0.010489293312304833,0.41756204757600185,0.9417285892981657,0.08217565615630172,0.033112540664981115,0.053839709377496686,0.04083264580789071,0.031423812191981475,0.00607408832524267,0.24179977456350765,0.5453315547095078,0.04758587435939197,sad,sad,sad,sad
data/fer2013/PublicTest/fear/fear_PublicTest_32129.png,neutral,6,0.778,surprise,data/fer2013/PublicTest/fear/fear_PublicTest_32129.png,surprise,surprise,data/fer2013/Training/surprise/surprise_Training_21362.png,data/fer2013/Training/surprise/surprise_Training_28032.png,0.9497756958007812,0.914302408695221,framework,surprise,0.6753967495142421,2,stop,1283,False,0.19740434034231463,0.2816845993891587,0.19894191637831463,0.3386549159788728,0.048161928474916356,0.3872904832903887,0.38062370054140915,0.6753973121266116,0.07870486874040979,0.11230730480735233,0.07931789842294833,0.1350213002621519,0.019202101900749172,0.15441224138700466,0.15175420326955813,0.2692800812098256,surprise,0.932391260074377,2,stop,3697,False,0.0683497081520542,0.08934094939108668,0.09824349732636609,0.2278367552353523,0.01165255861106279,0.2000558567340308,0.15344627044276024,0.9324189855119193,0.03836972861149572,0.050153659389492865,0.05515131567015449,0.1279015624566571,0.006541439950868164,0.11230609665440587,0.08614070070697058,0.5234354965599551,surprise,surprise,surprise,surprise
data/fer2013/PublicTest/surprise/surprise_PublicTest_32132.png,fear,2,0.625,surprise,data/fer2013/PublicTest/surprise/surprise_PublicTest_32132.png,surprise,surprise,data/fer2013/Training/surprise/surprise_Training_23091.png,data/fer2013/Training/surprise/surprise_Training_28497.png,0.9800419211387634,0.978075385093689,framework,surprise,0.9916860516563045,2,stop,1283,False,0.008159703332377366,0.018125509299742083,0.03114526552525095,0.09213061038022799,0.002151919397643865,0.04748764036400366,0.010262158728893814,0.9917037203966649,0.006793149114695239,0.0150899220765014,0.025929182019435438,0.07670094718485697,0.0017915246125426011,0.039534601805640536,0.008543493757601604,0.8256171794287261,surprise,0.9752314523649177,2,stop,3697,False,0.03508531522514659,0.04144913904158513,0.05950136198986982,0.14919680205668717,0.010566587648359944,0.1080426940604644,0.038600310246234136,0.9752249427274451,0.02474862674994257,0.02923756747413908,0.04197132018198522,0.1052410657476311,0.007453503896193684,0.07621160850919785,0.02722804867465862,0.687908258766252,surprise,surprise,surprise,surprise
data/fer2013/PublicTest/fear/fear_PublicTest_32168.png,neutral,6,0.714,sad,data/fer2013/PublicTest/fear/fear_PublicTest_32168.png,sad,sad,data/fer2013/Training/neutral/neutral_Training_6381.png,data/fer2013/Training/sad/sad_Training_15249.png,0.9910189509391785,0.9838902354240417,framework,sad,0.6702078949445835,2,stop,1283,False,0.14433156041495582,0.48339124986706516,0.2048442297997995,0.15415628287334587,0.011997561788788936,0.5052503902792143,0.6702206891909696,0.24643965467499615,0.059625578418740055,0.19969632970790524,0.0846242890497339,0.063684321757348,0.004956376548652537,0.2087266754414624,0.27687843286891545,0.10180799620724242,sad,0.914546565228106,2,stop,3697,False,0.07293756766552818,0.14380933534820858,0.07570686725877593,0.07394244759017612,0.008730847043282497,0.46402097489681393,0.9145446033318962,0.10911837231264274,0.039154571806101005,0.07720017444371569,0.040641195822323464,0.03969401457099502,0.00468692045026689,0.24909718218806362,0.49094867689102806,0.05857726382750625,sad,sad,sad,sad
data/fer2013/PublicTest/angry/angry_PublicTest_32172.png,neutral,6,1.0,sad,data/fer2013/PublicTest/angry/angry_PublicTest_32172.png,sad,sad,data/fer2013/Training/fear/fear_Training_17558.png,data/fer2013/Training/sad/sad_Training_26491.png,0.9901823401451111,0.9896340370178223,framework,sad,0.9273307442554876,2,stop,1283,False,0.05845862416414149,0.2133630149958477,0.12255207672955991,0.09061877689827698,0.0024165981770959944,0.35725243361046916,0.9273574843969454,0.13343691475698913,0.030679599268676482,0.11197478374532917,0.06431640596005132,0.04755752981203546,0.0012682519427509348,0.18748921408334693,0.48668535065452323,0.07002886453328644,sad,0.9934453662449801,2,stop,3697,False,0.027087840980476927,0.02631505488124218,0.030339524513307698,0.026091668732392666,0.0007942558530052921,0.18036566315243502,0.9934454846674823,0.03393005229975063,0.020546470510915286,0.01996030246560611,0.023012913660307992,0.019790861242025705,0.0006024531255058989,0.1368096402298777,0.7535409842974863,0.025736374468275,sad,sad,sad,sad
data/fer2013/PublicTest/sad/sad_PublicTest_32190.png,neutral,6,1.0,happy,data/fer2013/PublicTest/sad/sad_PublicTest_32190.png,happy,happy,data/fer2013/Training/happy/happy_Training_16752.png,data/fer2013/Training/happy/happy_Training_22201.png,0.9223846197128296,0.9161477088928223,framework,neutral,0.7413059747667969,3,stop,1284,False,0.09308716464433872,0.24197375100633406,0.1509682208545632,0.12883500671073153,0.09090121767759186,0.7413060042238752,0.5992730917178105,0.18854517393847345,0.04165179495334271,0.10827100706649338,0.06755063819518373,0.05764714504766343,0.04067369431846255,0.33169691872758617,0.26814437879437575,0.08436442289689229,happy,0.9275239219023972,1,stop,3696,False,0.03790713844827463,0.06346257837225049,0.04963558112242003,0.02962905753851042,0.9275239219023972,0.33007311983439136,0.14310717578570137,0.0542853879578432,0.023175949578278534,0.038800225410572285,0.030346572505108717,0.01811483461093819,0.5670765066054605,0.2018025705861511,0.08749393454810402,0.03318940615538672,happy,happy,neutral,happy
data/fer2013/PublicTest/angry/angry_PublicTest_32203.png,neutral,6,0.667,surprise,data/fer2013/PublicTest/angry/angry_PublicTest_32203.png,angry,angry,data/fer2013/Training/angry/angry_Training_24125.png,data/fer2013/Training/surprise/surprise_Training_972.png,0.9829705953598022,0.9599804282188416,framework,surprise,0.879611848743216,2,stop,1283,False,0.18961990060848483,0.16284497877885298,0.20954167910758667,0.21930374444461032,0.019407387652399397,0.1323258891416239,0.17042456428165628,0.8794982166889956,0.0956243657815482,0.08212190685928829,0.10567081886006995,0.11059377949645555,0.009787048351898043,0.06673128287190463,0.08594425385064701,0.4435265439281884,angry,0.6849266210964078,2,stop,3697,False,0.6849243961479885,0.07805069697834771,0.1283986469008087,0.14891846783726173,0.022648361914767347,0.09575249238739716,0.2327116164509676,0.5086168387894302,0.3604824418424117,0.04107884898317701,0.06757746989941418,0.07837725334842333,0.011920055487411754,0.05039547789862622,0.12247841107007984,0.26769004147045594,surprise,surprise,surprise,surprise
data/fer2013/PublicTest/angry/angry_PublicTest_32206.png,angry,0,0.6,sad,data/fer2013/PublicTest/angry/angry_PublicTest_32206.png,sad,sad,data/fer2013/Training/fear/fear_Training_21696.png,data/fer2013/Training/sad/sad_Training_23285.png,0.9773856401443481,0.9657773971557617,framework,happy,0.42861734074317287,1,stop,1282,False,0.2177068771441568,0.1172922565552802,0.13857860623625745,0.20493493797800047,0.42861734074317287,0.13945219480770832,0.395089065811288,0.47882804422717573,0.10266774185266307,0.055313508122942834,0.06535187476849896,0.09664466086197583,0.20213038315669069,0.06576384781737865,0.18631888321407503,0.22580910020577485,sad,0.8780572907430055,2,stop,3697,False,0.250221185364563,0.061494524528042445,0.09435238841075654,0.17747427403594054,0.024791228284534426,0.14659988709900154,0.8780562443499837,0.19580251943018534,0.1368231876304795,0.03362575736938008,0.05159273194274105,0.0970445242700924,0.013556065903144305,0.0801621326744562,0.4801290270277262,0.10706657318198033,sad,sad,sad,sad
data/fer2013/PublicTest/happy/happy_PublicTest_32262.png,happy,3,0.667,neutral,data/fer2013/PublicTest/happy/happy_PublicTest_32262.png,neutral,neutral,data/fer2013/Training/neutral/neutral_Training_6769.png,data/fer2013/Training/neutral/neutral_Training_26209.png,0.9937252998352051,0.9783896207809448,framework,happy,0.9009013717700997,1,stop,1282,False,0.02299511346009061,0.05350981344139859,0.03458133273522233,0.028473289754765027,0.9009013717700997,0.41973650203084373,0.11691855194368003,0.04168352644442297,0.014205041104620562,0.03305524457423789,0.021362332210665167,0.01758913919047108,0.5565243693802105,0.25928875170830723,0.07222546821241668,0.02574965361907083,neutral,0.9527067592701718,3,stop,3698,False,0.05407645815559048,0.10431054286564777,0.0651878000727264,0.038740012594827164,0.07098296156437682,0.9527069864091471,0.17739149297318133,0.0811995813051856,0.035010102252837606,0.06753258065215555,0.04220379115098807,0.025081002870394182,0.045955686214282136,0.6168001779112229,0.11484654357179927,0.052570115376320316,neutral,neutral,neutral,neutral
data/fer2013/PublicTest/happy/happy_PublicTest_32273.png,happy,3,0.7,neutral,data/fer2013/PublicTest/happy/happy_PublicTest_32273.png,neutral,neutral,data/fer2013/Training/neutral/neutral_Training_11108.png,data/fer2013/Training/neutral/neutral_Training_20565.png,0.9773211479187012,0.9433383941650391,framework,happy,0.8954752539632043,1,stop,1282,False,0.03664229909593781,0.0936904919026519,0.06910724493968445,0.03709113309230715,0.8954752539632043,0.38539930886629553,0.14487039061040802,0.08266298321975939,0.020999185001039422,0.053692699990003714,0.03960438774873326,0.02125640543635759,0.5131842429589998,0.22086691026036834,0.08302317836650316,0.047372990237994725,neutral,0.858620199687628,3,stop,3698,False,0.056066817390903675,0.20114860803628823,0.1074152526170559,0.049335751213265465,0.2055096275374803,0.8586197220378529,0.207172646600532,0.235125453514161,0.02919547807641981,0.10474341240169259,0.05593396948126298,0.02569043348560538,0.10701431086111807,0.44710605019654326,0.10788028897179769,0.12243605652556035,happy,happy,neutral,neutral
data/fer2013/PublicTest/sad/sad_PublicTest_32280.png,surprise,5,1.0,neutral,data/fer2013/PublicTest/sad/sad_PublicTest_32280.png,neutral,neutral,data/fer2013/Training/sad/sad_Training_3237.png,data/fer2013/Training/sad/sad_Training_17226.png,0.9913886785507202,0.9813668727874756,framework,surprise,0.6823726963803807,2,stop,1283,False,0.08791340253760169,0.1837117246477467,0.130007761007432,0.0835547365771899,0.06309140575251128,0.6842683043717335,0.28245148589138935,0.682372940137882,0.04000843375754244,0.08360520869283332,0.05916511867468153,0.03802485226353981,0.028712212869248827,0.31140306639972337,0.12854060060036626,0.31054050674206446,neutral,0.8387210774063462,3,stop,3698,False,0.07942493943909353,0.17678639049725978,0.11901957866441744,0.07534125038903423,0.040151574951515744,0.8387213773510914,0.4957291956172519,0.24922485425450103,0.038288166002978796,0.0852229377098505,0.05737544677641643,0.03631955305398035,0.01935576127449957,0.4043201487221948,0.23897483420647245,0.12014315225360704,neutral,neutral,neutral,neutral
data/fer2013/PublicTest/happy/happy_PublicTest_32287.png,happy,3,0.667,neutral,data/fer2013/PublicTest/happy/happy_PublicTest_32287.png,neutral,neutral,data/fer2013/Training/neutral/neutral_Training_21637.png,data/fer2013/Training/happy/happy_Training_14504.png,0.9596794843673706,0.9591403007507324,framework,happy,0.6646365581025927,1,stop,1282,False,0.02660757532426566,0.0886254497859125,0.050549116485872354,0.04031465936948026,0.6646365581025927,0.6519113387418467,0.18758504156044858,0.06483751263372728,0.01498961534793923,0.04992793917292408,0.028477296524286443,0.022711623643533987,0.3744289447919128,0.3672600787411316,0.10567770959024513,0.036526792188026826,neutral,0.9233642877014366,3,stop,3698,False,0.02761004842091114,0.07281097134458545,0.046126270941845425,0.02952755304660384,0.17566663252918097,0.9233646912977292,0.1318144462286171,0.07055884393394458,0.018687263823674742,0.0492805304080444,0.031219568366991007,0.019985085336957465,0.11889615900141173,0.624959410744026,0.08921575561526914,0.04775622670362568,neutral,neutral,neutral,neutral
data/fer2013/PublicTest/disgust/disgust_PublicTest_32289.png,neutral,6,1.0,contempt,data/fer2013/PublicTest/disgust/disgust_PublicTest_32289.png,contempt,contempt,data/fer2013/Training/angry/angry_Training_10253.png,data/fer2013/Training/disgust/disgust_Training_28203.png,0.9790399670600891,0.9743545055389404,framework,neutral,0.7346569700971517,3,stop,1284,False,0.15144902383925316,0.326590296413485,0.2307068080071222,0.20640444303792993,0.0473580120671337,0.7346570868646235,0.43188101112938765,0.381733132402348,0.06031951627505495,0.13007524380412921,0.09188651539360236,0.08220730543819571,0.018861873832014306,0.2926011603399295,0.17201070709677513,0.1520376778202989,contempt,0.8637576592423923,2,stop,3697,False,0.17974347008430214,0.8637580711103102,0.43628424250185427,0.1321128641088229,0.0012710456837849314,0.21995061383410083,0.19237630716188955,0.12052439094281776,0.083756621966738,0.4024928315825551,0.20329914823683945,0.061561775851528396,0.0005922801690058505,0.10249229307531693,0.08964325450464675,0.05616179461336965,contempt,contempt,contempt,contempt
data/fer2013/PublicTest/fear/fear_PublicTest_32290.png,sad,4,0.6,neutral,data/fer2013/PublicTest/fear/fear_PublicTest_32290.png,neutral,neutral,data/fer2013/Training/neutral/neutral_Training_2973.png,data/fer2013/Training/sad/sad_Training_20288.png,0.9833727478981018,0.9795729517936707,framework,neutral,0.8308510343986214,3,stop,1284,False,0.055705191526018355,0.17400466875184797,0.09170362755117682,0.07937275593953401,0.08795888480770588,0.8308508363086998,0.4312516041415695,0.3155771879960496,0.026957280363927166,0.0842056639906704,0.04437791757939812,0.038410668314823065,0.04256573316245059,0.40207166192967375,0.2086945593716832,0.15271651528737368,neutral,0.8551872791481293,3,stop,3698,False,0.07822246573882384,0.16567983503067096,0.11171718593588097,0.06615981952351108,0.025815935693241705,0.8551872451616332,0.5104200825731106,0.1877184251713283,0.03909323053784042,0.08280178750630594,0.05583288207012543,0.0330646835604779,0.012902026496782432,0.42739680745618835,0.25509257181687744,0.09381601055540219,neutral,neutral,neutral,neutral
