id,file_path,coded_true_label,true_label,split,prediction,query_file_path,top_label_1,top_label_2,top_path_1,top_path_2,top_cosine_1,top_cosine_2,route,zs__prediction,zs__confidence,zs__n_answer_tokens,zs__finish_reason,zs__context_tokens,zs__exceeds_context,zs__conf__angry,zs__conf__disgust,zs__conf__fear,zs__conf__happy,zs__conf__neutral,zs__conf__sad,zs__conf__surprise,zs__prob__angry,zs__prob__disgust,zs__prob__fear,zs__prob__happy,zs__prob__neutral,zs__prob__sad,zs__prob__surprise,rag_top12__prediction,rag_top12__confidence,rag_top12__n_answer_tokens,rag_top12__finish_reason,rag_top12__context_tokens,rag_top12__exceeds_context,rag_top12__conf__angry,rag_top12__conf__disgust,rag_top12__conf__fear,rag_top12__conf__happy,rag_top12__conf__neutral,rag_top12__conf__sad,rag_top12__conf__surprise,rag_top12__prob__angry,rag_top12__prob__disgust,rag_top12__prob__fear,rag_top12__prob__happy,rag_top12__prob__neutral,rag_top12__prob__sad,rag_top12__prob__surprise,rule__max_conf,rule__sum_conf,rule__sum_class_conf,rule__sum_class_prob
test_0001,data/raf-db/aligned/test_0001_aligned.jpg,5,sad,test,sad,data/raf-db/aligned/test_0001_aligned.jpg,sad,sad,data/raf-db/aligned/train_02777_aligned.jpg,data/raf-db/aligned/train_07471_aligned.jpg,0.9936428070068359,0.9913514256477356,original,,,,,,,,,,,,,,,,,,,,,,,,,,,,,,,,,,,,,,,,,,,,
test_0002,data/raf-db/aligned/test_0002_aligned.jpg,1,surprise,test,surprise,data/raf-db/aligned/test_0002_aligned.jpg,neutral,surprise,data/raf-db/aligned/train_11544_aligned.jpg,data/raf-db/aligned/train_05007_aligned.jpg,0.9818678498268127,0.9633273482322693,framework,surprise,0.9354636594941262,2.0,stop,1281.0,False,0.05553937294224795,0.12774271135149165,0.1726905771287258,0.023348141032064017,0.2684927646268765,0.18333593407538967,0.9355284357375283,0.031437180361170776,0.07230673383290954,0.0977487597045004,0.013215844577256764,0.15197606706905784,0.10377439500811299,0.5295410194469916,neutral,0.7488093572324728,3.0,stop,3696.0,False,0.07957373396752306,0.17984507992583182,0.13513365196489646,0.030417097641109156,0.7488099225402015,0.275734409068374,0.64754576261131,0.03794538399258853,0.08576059305886921,0.0644395839991826,0.014504641071675888,0.3570761183564059,0.13148620166975206,0.3087874778515258,surprise,surprise,surprise,surprise
test_0003,data/raf-db/aligned/test_0003_aligned.jpg,4,happy,test,happy,data/raf-db/aligned/test_0003_aligned.jpg,happy,happy,data/raf-db/aligned/train_05087_aligned.jpg,data/raf-db/aligned/train_09022_aligned.jpg,0.9874826669692993,0.9774237871170044,original,,,,,,,,,,,,,,,,,,,,,,,,,,,,,,,,,,,,,,,,,,,,
test_0004,data/raf-db/aligned/test_0004_aligned.jpg,1,surprise,test,surprise,data/raf-db/aligned/test_0004_aligned.jpg,surprise,surprise,data/raf-db/aligned/train_01124_aligned.jpg,data/raf-db/aligned/train_04099_aligned.jpg,0.9922599196434021,0.9892743229866028,original,,,,,,,,,,,,,,,,,,,,,,,,,,,,,,,,,,,,,,,,,,,,
test_0005,data/raf-db/aligned/test_0005_aligned.jpg,5,sad,test,sad,data/raf-db/aligned/test_0005_aligned.jpg,sad,sad,data/raf-db/aligned/train_08777_aligned.jpg,data/raf-db/aligned/train_05373_aligned.jpg,0.9975932836532593,0.9970308542251587,original,,,,,,,,,,,,,,,,,,,,,,,,,,,,,,,,,,,,,,,,,,,,
test_0006,data/raf-db/aligned/test_0006_aligned.jpg,5,sad,test,sad,data/raf-db/aligned/test_0006_aligned.jpg,sad,neutral,data/raf-db/aligned/train_03829_aligned.jpg,data/raf-db/aligned/train_11979_aligned.jpg,0.9840914011001587,0.9831564426422119,framework,sad,0.7015625941575189,2.0,stop,1281.0,False,0.11975588740220547,0.2600379983369391,0.1199021706429969,0.009022510948044416,0.7266167379528421,0.7015683599629833,0.2277080414419672,0.055324420094466344,0.12013147555910485,0.055391999531618726,0.004168189112240157,0.33567994467914125,0.3241081796773781,0.10519579134605068,sad,0.7818506686527515,2.0,stop,3695.0,False,0.09277137594450777,0.15939775073722445,0.1047903012511502,0.006383744907987189,0.6892302351231008,0.7818599828369219,0.1357772181930505,0.047087035021032606,0.08090391454069898,0.05318736015976471,0.0032401332521739636,0.34982566431060147,0.39684081451381814,0.0689150782019101,sad,sad,sad,sad
test_0007,data/raf-db/aligned/test_0007_aligned.jpg,3,disgust,test,angry,data/raf-db/aligned/test_0007_aligned.jpg,disgust,angry,data/raf-db/aligned/train_00907_aligned.jpg,data/raf-db/aligned/train_03900_aligned.jpg,0.9681214094161987,0.9452980756759644,framework,angry,0.6834246569255696,2.0,stop,1281.0,False,0.6834245958226465,0.4245640178293741,0.10003523755012385,0.0017080805487732856,0.1668241997374643,0.17256397655061365,0.19101463177831898,0.39274234355805965,0.24398341583246955,0.05748706422620233,0.0009815794775481614,0.09586855311846604,0.09916702000256027,0.10977002378469403,angry,0.690535901461379,2.0,stop,3695.0,False,0.6905384533332152,0.43350378542873197,0.19070020274738822,0.00195465479698599,0.1572235307649866,0.2102652048558905,0.4459575042774114,0.32417464195793716,0.20350920900991049,0.0895245871515712,0.0009176165583620785,0.07380889731351138,0.09870941606705737,0.20935563194165033,angry,angry,angry,angry
test_0008,data/raf-db/aligned/test_0008_aligned.jpg,1,surprise,test,surprise,data/raf-db/aligned/test_0008_aligned.jpg,surprise,surprise,data/raf-db/aligned/train_02933_aligned.jpg,data/raf-db/aligned/train_04346_aligned.jpg,0.9983605146408081,0.9982245564460754,original,,,,,,,,,,,,,,,,,,,,,,,,,,,,,,,,,,,,,,,,,,,,
test_0009,data/raf-db/aligned/test_0009_aligned.jpg,4,happy,test,happy,data/raf-db/aligned/test_0009_aligned.jpg,happy,happy,data/raf-db/aligned/train_07876_aligned.jpg,data/raf-db/aligned/train_08009_aligned.jpg,0.9966281056404114,0.9964432716369629,original,,,,,,,,,,,,,,,,,,,,,,,,,,,,,,,,,,,,,,,,,,,,
test_0010,data/raf-db/aligned/test_0010_aligned.jpg,4,happy,test,happy,data/raf-db/aligned/test_0010_aligned.jpg,happy,happy,data/raf-db/aligned/train_02563_aligned.jpg,data/raf-db/aligned/train_00367_aligned.jpg,0.990503191947937,0.986179530620575,original,,,,,,,,,,,,,,,,,,,,,,,,,,,,,,,,,,,,,,,,,,,,
test_0011,data/raf-db/aligned/test_0011_aligned.jpg,3,disgust,test,disgust,data/raf-db/aligned/test_0011_aligned.jpg,disgust,disgust,data/raf-db/aligned/train_09585_aligned.jpg,data/raf-db/aligned/train_07470_aligned.jpg,0.9902207851409912,0.9888662099838257,original,,,,,,,,,,,,,,,,,,,,,,,,,,,,,,,,,,,,,,,,,,,,
test_0012,data/raf-db/aligned/test_0012_aligned.jpg,4,happy,test,happy,data/raf-db/aligned/test_0012_aligned.jpg,happy,happy,data/raf-db/aligned/train_01065_aligned.jpg,data/raf-db/aligned/train_01793_aligned.jpg,0.9942405223846436,0.9941953420639038,original,,,,,,,,,,,,,,,,,,,,,,,,,,,,,,,,,,,,,,,,,,,,
test_0013,data/raf-db/aligned/test_0013_aligned.jpg,4,happy,test,happy,data/raf-db/aligned/test_0013_aligned.jpg,happy,happy,data/raf-db/aligned/train_03148_aligned.jpg,data/raf-db/aligned/train_02549_aligned.jpg,0.9883108735084534,0.9830349683761597,original,,,,,,,,,,,,,,,,,,,,,,,,,,,,,,,,,,,,,,,,,,,,
test_0014,data/raf-db/aligned/test_0014_aligned.jpg,4,happy,test,happy,data/raf-db/aligned/test_0014_aligned.jpg,happy,happy,data/raf-db/aligned/train_01848_aligned.jpg,data/raf-db/aligned/train_03191_aligned.jpg,0.9970306158065796,0.9963757991790771,original,,,,,,,,,,,,,,,,,,,,,,,,,,,,,,,,,,,,,,,,,,,,
test_0015,data/raf-db/aligned/test_0015_aligned.jpg,1,surprise,test,surprise,data/raf-db/aligned/test_0015_aligned.jpg,surprise,surprise,data/raf-db/aligned/train_01992_aligned.jpg,data/raf-db/aligned/train_05869_aligned.jpg,0.9896392822265625,0.9820717573165894,original,,,,,,,,,,,,,,,,,,,,,,,,,,,,,,,,,,,,,,,,,,,,
test_0016,data/raf-db/aligned/test_0016_aligned.jpg,4,happy,test,happy,data/raf-db/aligned/test_0016_aligned.jpg,happy,happy,data/raf-db/aligned/train_06186_aligned.jpg,data/raf-db/aligned/train_02285_aligned.jpg,0.9964170455932617,0.9802036881446838,original,,,,,,,,,,,,,,,,,,,,,,,,,,,,,,,,,,,,,,,,,,,,
test_0017,data/raf-db/aligned/test_0017_aligned.jpg,6,angry,test,angry,data/raf-db/aligned/test_0017_aligned.jpg,angry,angry,data/raf-db/aligned/train_01242_aligned.jpg,data/raf-db/aligned/train_07793_aligned.jpg,0.9904980659484863,0.9865105152130127,original,,,,,,,,,,,,,,,,,,,,,,,,,,,,,,,,,,,,,,,,,,,,
test_0018,data/raf-db/aligned/test_0018_aligned.jpg,3,disgust,test,angry,data/raf-db/aligned/test_0018_aligned.jpg,angry,happy,data/raf-db/aligned/train_05260_aligned.jpg,data/raf-db/aligned/train_00945_aligned.jpg,0.9295674562454224,0.8731260299682617,framework,angry,0.6757931246605017,2.0,stop,1281.0,False,0.6581776836407781,0.5318687266207308,0.08955301026514817,0.00148814583148051,0.14659187509996097,0.15090709085016396,0.18395297136312896,0.3734257769938125,0.30176272674333915,0.05080907978437257,0.000844319136326127,0.08317083094853095,0.08561912543566973,0.10436814095794882,angry,0.718295896224762,2.0,stop,3695.0,False,0.718297608777673,0.4126390416681225,0.16488570101390213,0.033473489725986266,0.34305686204346636,0.3748041444460122,0.2006852112845094,0.3195498571239074,0.18357118998791966,0.07335288542924283,0.014891388650979416,0.15261608825054065,0.1667395371272108,0.08927905343019912,angry,angry,angry,angry
test_0019,data/raf-db/aligned/test_0019_aligned.jpg,4,happy,test,happy,data/raf-db/aligned/test_0019_aligned.jpg,happy,happy,data/raf-db/aligned/train_07054_aligned.jpg,data/raf-db/aligned/train_02995_aligned.jpg,0.9984062910079956,0.9983237981796265,original,,,,,,,,,,,,,,,,,,,,,,,,,,,,,,,,,,,,,,,,,,,,
test_0020,data/raf-db/aligned/test_0020_aligned.jpg,4,happy,test,happy,data/raf-db/aligned/test_0020_aligned.jpg,happy,happy,data/raf-db/aligned/train_08433_aligned.jpg,data/raf-db/aligned/train_01382_aligned.jpg,0.981918454170227,0.9800798892974854,original,,,,,,,,,,,,,,,,,,,,,,,,,,,,,,,,,,,,,,,,,,,,
test_0021,data/raf-db/aligned/test_0021_aligned.jpg,4,happy,test,happy,data/raf-db/aligned/test_0021_aligned.jpg,happy,happy,data/raf-db/aligned/train_08857_aligned.jpg,data/raf-db/aligned/train_08542_aligned.jpg,0.992233395576477,0.9880237579345703,original,,,,,,,,,,,,,,,,,,,,,,,,,,,,,,,,,,,,,,,,,,,,
test_0022,data/raf-db/aligned/test_0022_aligned.jpg,5,sad,test,sad,data/raf-db/aligned/test_0022_aligned.jpg,sad,sad,data/raf-db/aligned/train_09126_aligned.jpg,data/raf-db/aligned/train_01653_aligned.jpg,0.9852123260498047,0.9793423414230347,original,,,,,,,,,,,,,,,,,,,,,,,,,,,,,,,,,,,,,,,,,,,,
test_0023,data/raf-db/aligned/test_0023_aligned.jpg,1,surprise,test,fear,data/raf-db/aligned/test_0023_aligned.jpg,fear,fear,data/raf-db/aligned/train_09358_aligned.jpg,data/raf-db/aligned/train_01178_aligned.jpg,0.9743934869766235,0.9627825021743774,original,,,,,,,,,,,,,,,,,,,,,,,,,,,,,,,,,,,,,,,,,,,,
test_0024,data/raf-db/aligned/test_0024_aligned.jpg,5,sad,test,sad,data/raf-db/aligned/test_0024_aligned.jpg,sad,sad,data/raf-db/aligned/train_06073_aligned.jpg,data/raf-db/aligned/train_08824_aligned.jpg,0.951894223690033,0.9483839273452759,original,,,,,,,,,,,,,,,,,,,,,,,,,,,,,,,,,,,,,,,,,,,,
test_0025,data/raf-db/aligned/test_0025_aligned.jpg,4,happy,test,happy,data/raf-db/aligned/test_0025_aligned.jpg,happy,happy,data/raf-db/aligned/train_04268_aligned.jpg,data/raf-db/aligned/train_08272_aligned.jpg,0.9690287113189697,0.954653263092041,original,,,,,,,,,,,,,,,,,,,,,,,,,,,,,,,,,,,,,,,,,,,,
test_0026,data/raf-db/aligned/test_0026_aligned.jpg,4,happy,test,happy,data/raf-db/aligned/test_0026_aligned.jpg,happy,happy,data/raf-db/aligned/train_02992_aligned.jpg,data/raf-db/aligned/train_02027_aligned.jpg,0.99851393699646,0.9963513016700745,original,,,,,,,,,,,,,,,,,,,,,,,,,,,,,,,,,,,,,,,,,,,,
test_0027,data/raf-db/aligned/test_0027_aligned.jpg,6,angry,test,angry,data/raf-db/aligned/test_0027_aligned.jpg,angry,angry,data/raf-db/aligned/train_05528_aligned.jpg,data/raf-db/aligned/train_03859_aligned.jpg,0.997346818447113,0.9972641468048096,original,,,,,,,,,,,,,,,,,,,,,,,,,,,,,,,,,,,,,,,,,,,,
test_0028,data/raf-db/aligned/test_0028_aligned.jpg,4,happy,test,happy,data/raf-db/aligned/test_0028_aligned.jpg,happy,happy,data/raf-db/aligned/train_01072_aligned.jpg,data/raf-db/aligned/train_09013_aligned.jpg,0.9679328203201294,0.9492781162261963,original,,,,,,,,,,,,,,,,,,,,,,,,,,,,,,,,,,,,,,,,,,,,
test_0029,data/raf-db/aligned/test_0029_aligned.jpg,4,happy,test,happy,data/raf-db/aligned/test_0029_aligned.jpg,happy,happy,data/raf-db/aligned/train_03719_aligned.jpg,data/raf-db/aligned/train_08070_aligned.jpg,0.9897255897521973,0.9799827933311462,original,,,,,,,,,,,,,,,,,,,,,,,,,,,,,,,,,,,,,,,,,,,,
test_0030,data/raf-db/aligned/test_0030_aligned.jpg,5,sad,test,sad,data/raf-db/aligned/test_0030_aligned.jpg,sad,sad,data/raf-db/aligned/train_04324_aligned.jpg,data/raf-db/aligned/train_03215_aligned.jpg,0.9944168329238892,0.9901312589645386,original,,,,,,,,,,,,,,,,,,,,,,,,,,,,,,,,,,,,,,,,,,,,
test_0031,data/raf-db/aligned/test_0031_aligned.jpg,5,sad,test,sad,data/raf-db/aligned/test_0031_aligned.jpg,sad,sad,data/raf-db/aligned/train_08175_aligned.jpg,data/raf-db/aligned/train_07104_aligned.jpg,0.964288592338562,0.9511334896087646,original,,,,,,,,,,,,,,,,,,,,,,,,,,,,,,,,,,,,,,,,,,,,
test_0032,data/raf-db/aligned/test_0032_aligned.jpg,4,happy,test,happy,data/raf-db/aligned/test_0032_aligned.jpg,happy,happy,data/raf-db/aligned/train_05069_aligned.jpg,data/raf-db/aligned/train_02218_aligned.jpg,0.9883748292922974,0.9818884134292603,original,,,,,,,,,,,,,,,,,,,,,,,,,,,,,,,,,,,,,,,,,,,,
test_0033,data/raf-db/aligned/test_0033_aligned.jpg,4,happy,test,happy,data/raf-db/aligned/test_0033_aligned.jpg,happy,happy,data/raf-db/aligned/train_06852_aligned.jpg,data/raf-db/aligned/train_06750_aligned.jpg,0.9869541525840759,0.9865900278091431,original,,,,,,,,,,,,,,,,,,,,,,,,,,,,,,,,,,,,,,,,,,,,
test_0034,data/raf-db/aligned/test_0034_aligned.jpg,1,surprise,test,surprise,data/raf-db/aligned/test_0034_aligned.jpg,surprise,surprise,data/raf-db/aligned/train_00586_aligned.jpg,data/raf-db/aligned/train_06566_aligned.jpg,0.9946511387825012,0.993488073348999,original,,,,,,,,,,,,,,,,,,,,,,,,,,,,,,,,,,,,,,,,,,,,
test_0035,data/raf-db/aligned/test_0035_aligned.jpg,1,surprise,test,surprise,data/raf-db/aligned/test_0035_aligned.jpg,surprise,surprise,data/raf-db/aligned/train_05023_aligned.jpg,data/raf-db/aligned/train_07804_aligned.jpg,0.9850896596908569,0.9844760894775391,original,,,,,,,,,,,,,,,,,,,,,,,,,,,,,,,,,,,,,,,,,,,,
test_0036,data/raf-db/aligned/test_0036_aligned.jpg,5,sad,test,sad,data/raf-db/aligned/test_0036_aligned.jpg,sad,sad,data/raf-db/aligned/train_00269_aligned.jpg,data/raf-db/aligned/train_04448_aligned.jpg,0.9876194596290588,0.9817696213722229,original,,,,,,,,,,,,,,,,,,,,,,,,,,,,,,,,,,,,,,,,,,,,
test_0037,data/raf-db/aligned/test_0037_aligned.jpg,6,angry,test,angry,data/raf-db/aligned/test_0037_aligned.jpg,angry,angry,data/raf-db/aligned/train_08359_aligned.jpg,data/raf-db/aligned/train_01030_aligned.jpg,0.9982742667198181,0.9962654709815979,original,,,,,,,,,,,,,,,,,,,,,,,,,,,,,,,,,,,,,,,,,,,,
test_0038,data/raf-db/aligned/test_0038_aligned.jpg,4,happy,test,happy,data/raf-db/aligned/test_0038_aligned.jpg,happy,happy,data/raf-db/aligned/train_03597_aligned.jpg,data/raf-db/aligned/train_07800_aligned.jpg,0.98923259973526,0.9878407120704651,original,,,,,,,,,,,,,,,,,,,,,,,,,,,,,,,,,,,,,,,,,,,,
test_0039,data/raf-db/aligned/test_0039_aligned.jpg,5,sad,test,sad,data/raf-db/aligned/test_0039_aligned.jpg,sad,sad,data/raf-db/aligned/train_07985_aligned.jpg,data/raf-db/aligned/train_07352_aligned.jpg,0.9799244403839111,0.9786316156387329,original,,,,,,,,,,,,,,,,,,,,,,,,,,,,,,,,,,,,,,,,,,,,
test_0040,data/raf-db/aligned/test_0040_aligned.jpg,4,happy,test,surprise,data/raf-db/aligned/test_0040_aligned.jpg,happy,angry,data/raf-db/aligned/train_06591_aligned.jpg,data/raf-db/aligned/train_06924_aligned.jpg,0.9284378290176392,0.9083496332168579,framework,surprise,0.7404035083728839,2.0,stop,1281.0,False,0.058554861560861114,0.07884195343619306,0.0676727725530073,0.4271024465645627,0.11791620637476394,0.0541867106391371,0.7404034642629457,0.03790747703690897,0.05104101452483363,0.0438102661879022,0.2764992650307225,0.07633705838045274,0.03507960627869877,0.4793253125604813,happy,0.5856081530001341,1.0,stop,3694.0,False,0.2517635417904204,0.19826882254744616,0.06167949167201922,0.5856081530001341,0.22052912543763523,0.1665626307847318,0.5257041594449842,0.12524826986325632,0.09863551654577775,0.030684544565219015,0.291330537612713,0.10970965541354573,0.082862201497889,0.26152927450159924,surprise,surprise,surprise,surprise
test_0041,data/raf-db/aligned/test_0041_aligned.jpg,4,happy,test,happy,data/raf-db/aligned/test_0041_aligned.jpg,happy,happy,data/raf-db/aligned/train_07696_aligned.jpg,data/raf-db/aligned/train_02261_aligned.jpg,0.9718427062034607,0.9637207388877869,original,,,,,,,,,,,,,,,,,,,,,,,,,,,,,,,,,,,,,,,,,,,,
test_0042,data/raf-db/aligned/test_0042_aligned.jpg,6,angry,test,angry,data/raf-db/aligned/test_0042_aligned.jpg,angry,angry,data/raf-db/aligned/train_08218_aligned.jpg,data/raf-db/aligned/train_00642_aligned.jpg,0.9938837289810181,0.9926784038543701,original,,,,,,,,,,,,,,,,,,,,,,,,,,,,,,,,,,,,,,,,,,,,
test_0043,data/raf-db/aligned/test_0043_aligned.jpg,1,surprise,test,surprise,data/raf-db/aligned/test_0043_aligned.jpg,surprise,surprise,data/raf-db/aligned/train_00856_aligned.jpg,data/raf-db/aligned/train_06122_aligned.jpg,0.9975695610046387,0.9975221157073975,original,,,,,,,,,,,,,,,,,,,,,,,,,,,,,,,,,,,,,,,,,,,,
test_0044,data/raf-db/aligned/test_0044_aligned.jpg,4,happy,test,happy,data/raf-db/aligned/test_0044_aligned.jpg,happy,sad,data/raf-db/aligned/train_03522_aligned.jpg,data/raf-db/aligned/train_03151_aligned.jpg,0.9299087524414062,0.9097886085510254,framework,happy,0.8553532933686415,1.0,stop,1280.0,False,0.13648625002171352,0.1250458846941456,0.05161307254094191,0.8553532933686415,0.20315977176811126,0.10554473159529791,0.3001710866848856,0.07679095286573948,0.07035428576926385,0.029038947294082185,0.48124550585994447,0.1143033269327679,0.059382395720244674,0.16888458555795743,happy,0.7529145608798922,1.0,stop,3694.0,False,0.10831585142508403,0.16416247987441165,0.08685521893180387,0.7529145608798922,0.3792269554357414,0.31894618716581674,0.2262494052946776,0.05318280152269283,0.08060335093864233,0.04264568674747482,0.36967909246889497,0.1861994494586365,0.1566017489156815,0.11108786994797692,happy,happy,happy,happy
test_0045,data/raf-db/aligned/test_0045_aligned.jpg,5,sad,test,sad,data/raf-db/aligned/test_0045_aligned.jpg,sad,sad,data/raf-db/aligned/train_05422_aligned.jpg,data/raf-db/aligned/train_08944_aligned.jpg,0.994749903678894,0.994581937789917,original,,,,,,,,,,,,,,,,,,,,,,,,,,,,,,,,,,,,,,,,,,,,
test_0046,data/raf-db/aligned/test_0046_aligned.jpg,4,happy,test,happy,data/raf-db/aligned/test_0046_aligned.jpg,happy,happy,data/raf-db/aligned/train_07411_aligned.jpg,data/raf-db/aligned/train_03611_aligned.jpg,0.9923256635665894,0.992297887802124,original,,,,,,,,,,,,,,,,,,,,,,,,,,,,,,,,,,,,,,,,,,,,
test_0047,data/raf-db/aligned/test_0047_aligned.jpg,4,happy,test,happy,data/raf-db/aligned/test_0047_aligned.jpg,happy,happy,data/raf-db/aligned/train_08136_aligned.jpg,data/raf-db/aligned/train_08897_aligned.jpg,0.9924890995025635,0.9901821613311768,original,,,,,,,,,,,,,,,,,,,,,,,,,,,,,,,,,,,,,,,,,,,,
test_0048,data/raf-db/aligned/test_0048_aligned.jpg,4,happy,test,happy,data/raf-db/aligned/test_0048_aligned.jpg,happy,happy,data/raf-db/aligned/train_08740_aligned.jpg,data/raf-db/aligned/train_02034_aligned.jpg,0.9966452717781067,0.9935120940208435,original,,,,,,,,,,,,,,,,,,,,,,,,,,,,,,,,,,,,,,,,,,,,
test_0049,data/raf-db/aligned/test_0049_aligned.jpg,5,sad,test,sad,data/raf-db/aligned/test_0049_aligned.jpg,sad,disgust,data/raf-db/aligned/train_07747_aligned.jpg,data/raf-db/aligned/train_09747_aligned.jpg,0.9650909900665283,0.9562385082244873,framework,sad,0.608834072288945,2.0,stop,1281.0,False,0.3045276717700523,0.37476567442371655,0.20581024781197238,0.06869363875455968,0.6084278190866776,0.6088427660928896,0.28766107939546653,0.1238557337899621,0.15242252809159706,0.08370595393213978,0.027938679546576653,0.24745624446276518,0.2476250093097809,0.11699585086717829,angry,0.42915952208783115,2.0,stop,3695.0,False,0.42916025111562506,0.5828273084218383,0.24964442406840878,0.005299280050929234,0.36907636493372364,0.5045958624458219,0.2877176021404068,0.1767312619082814,0.24001245554366857,0.10280535995419843,0.002182281439558993,0.1519882876983514,0.2077961863707672,0.11848416708517397,sad,sad,sad,sad
test_0050,data/raf-db/aligned/test_0050_aligned.jpg,4,happy,test,happy,data/raf-db/aligned/test_0050_aligned.jpg,happy,happy,data/raf-db/aligned/train_06432_aligned.jpg,data/raf-db/aligned/train_05600_aligned.jpg,0.94340980052948,0.9396243691444397,original,,,,,,,,,,,,,,,,,,,,,,,,,,,,,,,,,,,,,,,,,,,,
test_0051,data/raf-db/aligned/test_0051_aligned.jpg,4,happy,test,happy,data/raf-db/aligned/test_0051_aligned.jpg,happy,happy,data/raf-db/aligned/train_03242_aligned.jpg,data/raf-db/aligned/train_08072_aligned.jpg,0.9905367493629456,0.9886385798454285,original,,,,,,,,,,,,,,,,,,,,,,,,,,,,,,,,,,,,,,,,,,,,
test_0052,data/raf-db/aligned/test_0052_aligned.jpg,4,happy,test,neutral,data/raf-db/aligned/test_0052_aligned.jpg,happy,neutral,data/raf-db/aligned/train_05527_aligned.jpg,data/raf-db/aligned/train_10319_aligned.jpg,0.9671717882156372,0.9652000069618225,framework,neutral,0.8587642686415744,3.0,stop,1282.0,False,0.11642669192371329,0.19407563193109167,0.06462601345361052,0.12471113184367469,0.8587640297735869,0.3016847024321919,0.3316119907499128,0.05845006310306808,0.09743240785861133,0.03244440344434366,0.06260912687181797,0.431128042045552,0.15145573238434012,0.16648022429226678,neutral,0.8801510533675239,3.0,stop,3696.0,False,0.09853209337241943,0.1553496155111956,0.06074392663745988,0.19535297930241663,0.8801512632100447,0.25166396551936604,0.1574575686026419,0.05476282675492012,0.08634124973401203,0.03376066636773528,0.10857458717699676,0.4891763637165101,0.1398714842290255,0.08751282202080041,neutral,neutral,neutral,neutral
test_0053,data/raf-db/aligned/test_0053_aligned.jpg,4,happy,test,happy,data/raf-db/aligned/test_0053_aligned.jpg,happy,happy,data/raf-db/aligned/train_04338_aligned.jpg,data/raf-db/aligned/train_07360_aligned.jpg,0.9943655729293823,0.9936152100563049,original,,,,,,,,,,,,,,,,,,,,,,,,,,,,,,,,,,,,,,,,,,,,
test_0054,data/raf-db/aligned/test_0054_aligned.jpg,4,happy,test,sad,data/raf-db/aligned/test_0054_aligned.jpg,sad,sad,data/raf-db/aligned/train_05073_aligned.jpg,data/raf-db/aligned/train_02101_aligned.jpg,0.9568893313407898,0.9560019373893738,original,,,,,,,,,,,,,,,,,,,,,,,,,,,,,,,,,,,,,,,,,,,,
test_0055,data/raf-db/aligned/test_0055_aligned.jpg,4,happy,test,happy,data/raf-db/aligned/test_0055_aligned.jpg,happy,happy,data/raf-db/aligned/train_00787_aligned.jpg,data/raf-db/aligned/train_05368_aligned.jpg,0.9880621433258057,0.9875376224517822,original,,,,,,,,,,,,,,,,,,,,,,,,,,,,,,,,,,,,,,,,,,,,
test_0056,data/raf-db/aligned/test_0056_aligned.jpg,4,happy,test,happy,data/raf-db/aligned/test_0056_aligned.jpg,happy,happy,data/raf-db/aligned/train_04264_aligned.jpg,data/raf-db/aligned/train_08580_aligned.jpg,0.9515029191970825,0.948176383972168,original,,,,,,,,,,,,,,,,,,,,,,,,,,,,,,,,,,,,,,,,,,,,
test_0057,data/raf-db/aligned/test_0057_aligned.jpg,6,angry,test,surprise,data/raf-db/aligned/test_0057_aligned.jpg,disgust,angry,data/raf-db/aligned/train_09442_aligned.jpg,data/raf-db/aligned/train_06717_aligned.jpg,0.9711750745773315,0.9672890901565552,framework,surprise,0.9376345067508942,2.0,stop,1281.0,False,0.12608838231054043,0.17232061391938336,0.22195017011719093,0.01107854776180224,0.11208795171125352,0.05497379809230659,0.9375697518419197,0.07706787775014803,0.10532599248249148,0.13566062363373113,0.006771441975145217,0.06851051937895512,0.03360114447661555,0.5730624003029133,angry,0.664558510392511,2.0,stop,3695.0,False,0.6557610241689475,0.5171652353760624,0.1582212849938561,0.002729901940418067,0.2256656800689924,0.2156377261497773,0.45078708385535876,0.2945958984406119,0.2323327424818246,0.07107976821932069,0.0012263887073975213,0.10137867503087349,0.09687368924264964,0.20251283787732224,surprise,surprise,surprise,surprise
test_0058,data/raf-db/aligned/test_0058_aligned.jpg,4,happy,test,happy,data/raf-db/aligned/test_0058_aligned.jpg,happy,happy,data/raf-db/aligned/train_05543_aligned.jpg,data/raf-db/aligned/train_07157_aligned.jpg,0.9789865016937256,0.9722204208374023,original,,,,,,,,,,,,,,,,,,,,,,,,,,,,,,,,,,,,,,,,,,,,
test_0059,data/raf-db/aligned/test_0059_aligned.jpg,1,surprise,test,surprise,data/raf-db/aligned/test_0059_aligned.jpg,fear,surprise,data/raf-db/aligned/train_09165_aligned.jpg,data/raf-db/aligned/train_00399_aligned.jpg,0.9740983247756958,0.9593794941902161,framework,surprise,0.9664048432427012,2.0,stop,1281.0,False,0.05103996967766106,0.11078758005883878,0.20220915530742362,0.0023181040799726323,0.07384744633642727,0.0749560100706173,0.9664047282070297,0.03445008406216172,0.0747775022237311,0.13648367039544615,0.001564634166600015,0.04984428380605729,0.05059252315792793,0.6522873021880757,surprise,0.8412507470608876,2.0,stop,3695.0,False,0.1235941684162241,0.21139330167504028,0.4211293739765917,0.007870238139552994,0.18299785503847352,0.19260812420435983,0.8412494948226364,0.06239474612701015,0.10671888131926774,0.212601134119908,0.0039731770274370045,0.0923838466913793,0.09723545346620993,0.4246927612487879,surprise,surprise,surprise,surprise
test_0060,data/raf-db/aligned/test_0060_aligned.jpg,4,happy,test,happy,data/raf-db/aligned/test_0060_aligned.jpg,happy,happy,data/raf-db/aligned/train_00121_aligned.jpg,data/raf-db/aligned/train_06711_aligned.jpg,0.9976553916931152,0.9954493641853333,original,,,,,,,,,,,,,,,,,,,,,,,,,,,,,,,,,,,,,,,,,,,,
test_0061,data/raf-db/aligned/test_0061_aligned.jpg,4,happy,test,happy,data/raf-db/aligned/test_0061_aligned.jpg,happy,happy,data/raf-db/aligned/train_02353_aligned.jpg,data/raf-db/aligned/train_08320_aligned.jpg,0.9887231588363647,0.9825233817100525,original,,,,,,,,,,,,,,,,,,,,,,,,,,,,,,,,,,,,,,,,,,,,
test_0062,data/raf-db/aligned/test_0062_aligned.jpg,5,sad,test,sad,data/raf-db/aligned/test_0062_aligned.jpg,disgust,sad,data/raf-db/aligned/train_07077_aligned.jpg,data/raf-db/aligned/train_02329_aligned.jpg,0.9754499197006226,0.9740985631942749,framework,sad,0.659357927675279,2.0,stop,1281.0,False,0.24599878021935692,0.3860047032897962,0.17104180785280818,0.04888506408180072,0.6155290344226961,0.6594869425455993,0.2926236902574599,0.10167045297905696,0.15953442127040254,0.07069099313112558,0.02020402948614222,0.25439604088976997,0.2725636937004145,0.12094036854308829,sad,0.6579870690134364,2.0,stop,3695.0,False,0.2694041206131591,0.5634875821351193,0.14725882452887448,0.002577998395711111,0.5653753838284581,0.6580555780577653,0.21355551717066748,0.11133712858190398,0.232873533053969,0.060857920970457856,0.001065414063504158,0.23365370827693896,0.27195581990915496,0.08825647514407109,sad,sad,sad,sad
test_0063,data/raf-db/aligned/test_0063_aligned.jpg,4,happy,test,happy,data/raf-db/aligned/test_0063_aligned.jpg,happy,happy,data/raf-db/aligned/train_02461_aligned.jpg,data/raf-db/aligned/train_03127_aligned.jpg,0.9782692193984985,0.9757696986198425,original,,,,,,,,,,,,,,,,,,,,,,,,,,,,,,,,,,,,,,,,,,,,
test_0064,data/raf-db/aligned/test_0064_aligned.jpg,4,happy,test,happy,data/raf-db/aligned/test_0064_aligned.jpg,happy,happy,data/raf-db/aligned/train_00956_aligned.jpg,data/raf-db/aligned/train_05719_aligned.jpg,0.9890509843826294,0.9680290222167969,original,,,,,,,,,,,,,,,,,,,,,,,,,,,,,,,,,,,,,,,,,,,,
test_0065,data/raf-db/aligned/test_0065_aligned.jpg,4,happy,test,happy,data/raf-db/aligned/test_0065_aligned.jpg,happy,happy,data/raf-db/aligned/train_07247_aligned.jpg,data/raf-db/aligned/train_05233_aligned.jpg,0.9928649663925171,0.9894057512283325,original,,,,,,,,,,,,,,,,,,,,,,,,,,,,,,,,,,,,,,,,,,,,
test_0066,data/raf-db/aligned/test_0066_aligned.jpg,4,happy,test,happy,data/raf-db/aligned/test_0066_aligned.jpg,happy,happy,data/raf-db/aligned/train_06348_aligned.jpg,data/raf-db/aligned/train_01229_aligned.jpg,0.9839537739753723,0.9805922508239746,original,,,,,,,,,,,,,,,,,,,,,,,,,,,,,,,,,,,,,,,,,,,,
test_0067,data/raf-db/aligned/test_0067_aligned.jpg,4,happy,test,happy,data/raf-db/aligned/test_0067_aligned.jpg,happy,happy,data/raf-db/aligned/train_08677_aligned.jpg,data/raf-db/aligned/train_04831_aligned.jpg,0.9877008199691772,0.9857927560806274,original,,,,,,,,,,,,,,,,,,,,,,,,,,,,,,,,,,,,,,,,,,,,
test_0068,data/raf-db/aligned/test_0068_aligned.jpg,4,happy,test,happy,data/raf-db/aligned/test_0068_aligned.jpg,happy,happy,data/raf-db/aligned/train_01608_aligned.jpg,data/raf-db/aligned/train_02890_aligned.jpg,0.9932430982589722,0.9927669763565063,original,,,,,,,,,,,,,,,,,,,,,,,,,,,,,,,,,,,,,,,,,,,,
test_0069,data/raf-db/aligned/test_0069_aligned.jpg,5,sad,test,sad,data/raf-db/aligned/test_0069_aligned.jpg,sad,sad,data/raf-db/aligned/train_08178_aligned.jpg,data/raf-db/aligned/train_03971_aligned.jpg,0.9955625534057617,0.9923622012138367,original,,,,,,,,,,,,,,,,,,,,,,,,,,,,,,,,,,,,,,,,,,,,
test_0070,data/raf-db/aligned/test_0070_aligned.jpg,5,sad,test,sad,data/raf-db/aligned/test_0070_aligned.jpg,sad,sad,data/raf-db/aligned/train_03280_aligned.jpg,data/raf-db/aligned/train_05675_aligned.jpg,0.9985992908477783,0.9984930753707886,original,,,,,,,,,,,,,,,,,,,,,,,,,,,,,,,,,,,,,,,,,,,,
test_0071,data/raf-db/aligned/test_0071_aligned.jpg,4,happy,test,happy,data/raf-db/aligned/test_0071_aligned.jpg,happy,happy,data/raf-db/aligned/train_07732_aligned.jpg,data/raf-db/aligned/train_03451_aligned.jpg,0.982047438621521,0.9806979894638062,original,,,,,,,,,,,,,,,,,,,,,,,,,,,,,,,,,,,,,,,,,,,,
test_0072,data/raf-db/aligned/test_0072_aligned.jpg,4,happy,test,happy,data/raf-db/aligned/test_0072_aligned.jpg,happy,happy,data/raf-db/aligned/train_00668_aligned.jpg,data/raf-db/aligned/train_08412_aligned.jpg,0.9929467439651489,0.9806225299835205,original,,,,,,,,,,,,,,,,,,,,,,,,,,,,,,,,,,,,,,,,,,,,
test_0073,data/raf-db/aligned/test_0073_aligned.jpg,1,surprise,test,surprise,data/raf-db/aligned/test_0073_aligned.jpg,surprise,surprise,data/raf-db/aligned/train_08258_aligned.jpg,data/raf-db/aligned/train_04262_aligned.jpg,0.9620726108551025,0.9561477303504944,original,,,,,,,,,,,,,,,,,,,,,,,,,,,,,,,,,,,,,,,,,,,,
test_0074,data/raf-db/aligned/test_0074_aligned.jpg,4,happy,test,neutral,data/raf-db/aligned/test_0074_aligned.jpg,happy,neutral,data/raf-db/aligned/train_08544_aligned.jpg,data/raf-db/aligned/train_10872_aligned.jpg,0.9809727668762207,0.9799672961235046,framework,happy,0.6147159945048638,1.0,stop,1280.0,False,0.07622148325266104,0.12926481036161558,0.04515771044385782,0.6147159945048638,0.635162360044339,0.2042611587615839,0.25446832989867046,0.038903361688269376,0.06597661783087796,0.023048446021288988,0.3137503712767493,0.324186173885786,0.10425467203027025,0.12988035726675803,neutral,0.9026826567719329,3.0,stop,3696.0,False,0.11071931905719604,0.17330065085259397,0.053922102474795106,0.1641258131179624,0.9026830871945428,0.21004899070727504,0.13988469063927592,0.06309926903506292,0.0987645560432899,0.030730366479545215,0.09353578874684816,0.5144417745458278,0.11970754415798911,0.07972070099143683,neutral,neutral,neutral,neutral
test_0075,data/raf-db/aligned/test_0075_aligned.jpg,4,happy,test,happy,data/raf-db/aligned/test_0075_aligned.jpg,happy,happy,data/raf-db/aligned/train_03311_aligned.jpg,data/raf-db/aligned/train_01686_aligned.jpg,0.9986242055892944,0.9979416131973267,original,,,,,,,,,,,,,,,,,,,,,,,,,,,,,,,,,,,,,,,,,,,,
test_0076,data/raf-db/aligned/test_0076_aligned.jpg,5,sad,test,sad,data/raf-db/aligned/test_0076_aligned.jpg,sad,sad,data/raf-db/aligned/train_03211_aligned.jpg,data/raf-db/aligned/train_07186_aligned.jpg,0.9975208640098572,0.9974271059036255,original,,,,,,,,,,,,,,,,,,,,,,,,,,,,,,,,,,,,,,,,,,,,
test_0077,data/raf-db/aligned/test_0077_aligned.jpg,4,happy,test,neutral,data/raf-db/aligned/test_0077_aligned.jpg,neutral,surprise,data/raf-db/aligned/train_12214_aligned.jpg,data/raf-db/aligned/train_06289_aligned.jpg,0.9684765338897705,0.9674843549728394,framework,happy,0.7335897913155701,1.0,stop,1280.0,False,0.03581201022599028,0.07604570404222907,0.03624359753482575,0.7335897913155701,0.5032788256915381,0.12276521918044105,0.33534478204591056,0.01943052476583637,0.0412601226907847,0.01966469112064385,0.3980238617763258,0.2730640258675976,0.06660873312098271,0.18194804065782896,neutral,0.7955237313904441,3.0,stop,3696.0,False,0.07926382428147506,0.17986246856818056,0.09558757978481158,0.0821909046290087,0.7955228147036094,0.2592383984302006,0.5522745752036261,0.038779906625206466,0.0879978956312272,0.04676632060321634,0.04021198366149401,0.38921034598172294,0.1268326500257043,0.2702008974714287,neutral,neutral,neutral,neutral
test_0078,data/raf-db/aligned/test_0078_aligned.jpg,4,happy,test,happy,data/raf-db/aligned/test_0078_aligned.jpg,happy,happy,data/raf-db/aligned/train_00485_aligned.jpg,data/raf-db/aligned/train_00801_aligned.jpg,0.9301729798316956,0.9205552339553833,original,,,,,,,,,,,,,,,,,,,,,,,,,,,,,,,,,,,,,,,,,,,,
test_0079,data/raf-db/aligned/test_0079_aligned.jpg,4,happy,test,neutral,data/raf-db/aligned/test_0079_aligned.jpg,happy,neutral,data/raf-db/aligned/train_05538_aligned.jpg,data/raf-db/aligned/train_09795_aligned.jpg,0.9887348413467407,0.9779123067855835,framework,neutral,0.8330360158848175,3.0,stop,1282.0,False,0.08216142063085047,0.11192684921504285,0.06197936537612977,0.1876814968130438,0.8330361151908339,0.2106561893533179,0.4068440294668298,0.04337330465948536,0.059086579726902684,0.03271912628116163,0.09907772623351872,0.43976271270751727,0.11120614771596259,0.21477440267545175,neutral,0.8508127011939136,3.0,stop,3696.0,False,0.07763691525529492,0.12169061048770184,0.042104282670897844,0.29093292612150184,0.8508127350003679,0.2109914360085748,0.15441554490535345,0.04439986598035264,0.06959378510795176,0.02407906730502474,0.1663819703112887,0.4865722869613532,0.12066413832875675,0.0883088860052722,neutral,neutral,neutral,neutral
test_0080,data/raf-db/aligned/test_0080_aligned.jpg,5,sad,test,sad,data/raf-db/aligned/test_0080_aligned.jpg,sad,sad,data/raf-db/aligned/train_04313_aligned.jpg,data/raf-db/aligned/train_05068_aligned.jpg,0.9964804649353027,0.9959155917167664,original,,,,,,,,,,,,,,,,,,,,,,,,,,,,,,,,,,,,,,,,,,,,
test_0081,data/raf-db/aligned/test_0081_aligned.jpg,3,disgust,test,sad,data/raf-db/aligned/test_0081_aligned.jpg,sad,disgust,data/raf-db/aligned/train_02782_aligned.jpg,data/raf-db/aligned/train_05031_aligned.jpg,0.9954954981803894,0.9885740876197815,framework,sad,0.6365751856607191,2.0,stop,1281.0,False,0.416648229565691,0.37061029912229815,0.2453260094587209,0.008964907546079766,0.5088225231864606,0.6364869938291493,0.2824278708774703,0.16873221202926805,0.15008799062201378,0.09935095677097233,0.003630565483176788,0.2060605176627271,0.25776146584997994,0.11437629158186204,sad,0.5593236941134204,2.0,stop,3695.0,False,0.25561391061080807,0.5987643623412537,0.2783216258964818,0.00420385983769487,0.3713507612860143,0.5593154162511984,0.43591431544776477,0.10210326285862252,0.23917241018853821,0.11117370748814837,0.0016792036278592756,0.1483335719160673,0.223414793153911,0.17412305076685325,sad,sad,sad,sad
test_0082,data/raf-db/aligned/test_0082_aligned.jpg,4,happy,test,happy,data/raf-db/aligned/test_0082_aligned.jpg,happy,happy,data/raf-db/aligned/train_06208_aligned.jpg,data/raf-db/aligned/train_03204_aligned.jpg,0.9940548539161682,0.9926776885986328,original,,,,,,,,,,,,,,,,,,,,,,,,,,,,,,,,,,,,,,,,,,,,
test_0083,data/raf-db/aligned/test_0083_aligned.jpg,4,happy,test,happy,data/raf-db/aligned/test_0083_aligned.jpg,happy,happy,data/raf-db/aligned/train_02601_aligned.jpg,data/raf-db/aligned/train_08324_aligned.jpg,0.9894484281539917,0.9878039956092834,original,,,,,,,,,,,,,,,,,,,,,,,,,,,,,,,,,,,,,,,,,,,,
test_0084,data/raf-db/aligned/test_0084_aligned.jpg,1,surprise,test,surprise,data/raf-db/aligned/test_0084_aligned.jpg,surprise,surprise,data/raf-db/aligned/train_08186_aligned.jpg,data/raf-db/aligned/train_05683_aligned.jpg,0.9830694794654846,0.9807624816894531,original,,,,,,,,,,,,,,,,,,,,,,,,,,,,,,,,,,,,,,,,,,,,
test_0085,data/raf-db/aligned/test_0085_aligned.jpg,5,sad,test,sad,data/raf-db/aligned/test_0085_aligned.jpg,neutral,sad,data/raf-db/aligned/train_11301_aligned.jpg,data/raf-db/aligned/train_00880_aligned.jpg,0.983350932598114,0.9782240390777588,framework,sad,0.690840849611157,2.0,stop,1281.0,False,0.08923382301668203,0.19450990226631268,0.06954748522256014,0.10664402727785735,0.6899777176710692,0.6908932814722566,0.15406440541065716,0.0447316337825928,0.09750502019439462,0.03486315540794724,0.053459119110050295,0.34587591948449375,0.3463348784674755,0.07723027355304578,sad,0.7560321390068686,2.0,stop,3695.0,False,0.10764577390467962,0.2266387721376276,0.13915357016852403,0.014322698523036286,0.6201357337791106,0.7560091793691439,0.33541632877966165,0.04894497992170758,0.10304937898982776,0.06327112018316076,0.006512324322694164,0.28196676875981347,0.3437464636337272,0.15250896418906904,sad,sad,sad,sad
test_0086,data/raf-db/aligned/test_0086_aligned.jpg,1,surprise,test,surprise,data/raf-db/aligned/test_0086_aligned.jpg,happy,surprise,data/raf-db/aligned/train_07666_aligned.jpg,data/raf-db/aligned/train_06435_aligned.jpg,0.9833471775054932,0.9662536978721619,framework,surprise,0.6810813410041683,2.0,stop,1281.0,False,0.150246641809324,0.21693067879623892,0.10012888906262338,0.28158313481222086,0.5104530866644339,0.21933819163084442,0.681114077176123,0.06956524238747158,0.10044041630488273,0.04636037354145631,0.1303749540724884,0.23634333701986754,0.10155511152784037,0.3153605651459932,happy,0.4427539789611815,1.0,stop,3694.0,False,0.08839163720867044,0.15255832963333754,0.09544614914754958,0.4427539789611815,0.4434079707967283,0.20169731984706332,0.6247486388825756,0.043138830452628056,0.07445487066442905,0.04658172849216676,0.21608253262175497,0.2164017080981007,0.09843676119598413,0.3049035684749364,surprise,surprise,surprise,surprise
test_0087,data/raf-db/aligned/test_0087_aligned.jpg,4,happy,test,happy,data/raf-db/aligned/test_0087_aligned.jpg,happy,happy,data/raf-db/aligned/train_02898_aligned.jpg,data/raf-db/aligned/train_00761_aligned.jpg,0.99824059009552,0.99747234582901,original,,,,,,,,,,,,,,,,,,,,,,,,,,,,,,,,,,,,,,,,,,,,
test_0088,data/raf-db/aligned/test_0088_aligned.jpg,5,sad,test,sad,data/raf-db/aligned/test_0088_aligned.jpg,sad,sad,data/raf-db/aligned/train_06963_aligned.jpg,data/raf-db/aligned/train_00643_aligned.jpg,0.9679849147796631,0.965188205242157,original,,,,,,,,,,,,,,,,,,,,,,,,,,,,,,,,,,,,,,,,,,,,
test_0089,data/raf-db/aligned/test_0089_aligned.jpg,5,sad,test,sad,data/raf-db/aligned/test_0089_aligned.jpg,sad,sad,data/raf-db/aligned/train_00661_aligned.jpg,data/raf-db/aligned/train_01623_aligned.jpg,0.9635459780693054,0.9618241786956787,original,,,,,,,,,,,,,,,,,,,,,,,,,,,,,,,,,,,,,,,,,,,,
test_0090,data/raf-db/aligned/test_0090_aligned.jpg,1,surprise,test,surprise,data/raf-db/aligned/test_0090_aligned.jpg,fear,angry,data/raf-db/aligned/train_09366_aligned.jpg,data/raf-db/aligned/train_07088_aligned.jpg,0.9577428698539734,0.9489277601242065,framework,surprise,0.9194503673882065,2.0,stop,1281.0,False,0.10784638949714781,0.2234839019194193,0.20458604631542537,0.007320811114397097,0.10392383061785519,0.20959167128089326,0.9193941413190464,0.06071929976677884,0.1258251305117034,0.11518532546381577,0.004121737655415896,0.058510834285874565,0.11800357505210037,0.5176340972643113,surprise,0.7478010937957011,2.0,stop,3695.0,False,0.3581303704292755,0.24082924981438994,0.3300092413229019,0.03365776673115001,0.13180776629989338,0.28652957881769386,0.7478008269706259,0.16823388397081204,0.11313098082546708,0.1550238153426219,0.015810937274539718,0.061917486739726975,0.13459898377018825,0.35128391207664406,surprise,surprise,surprise,surprise
test_0091,data/raf-db/aligned/test_0091_aligned.jpg,6,angry,test,neutral,data/raf-db/aligned/test_0091_aligned.jpg,neutral,neutral,data/raf-db/aligned/train_11792_aligned.jpg,data/raf-db/aligned/train_10264_aligned.jpg,0.9830998778343201,0.97982257604599,original,,,,,,,,,,,,,,,,,,,,,,,,,,,,,,,,,,,,,,,,,,,,
test_0092,data/raf-db/aligned/test_0092_aligned.jpg,4,happy,test,happy,data/raf-db/aligned/test_0092_aligned.jpg,happy,happy,data/raf-db/aligned/train_01898_aligned.jpg,data/raf-db/aligned/train_05004_aligned.jpg,0.9922481775283813,0.9879161715507507,original,,,,,,,,,,,,,,,,,,,,,,,,,,,,,,,,,,,,,,,,,,,,
test_0093,data/raf-db/aligned/test_0093_aligned.jpg,4,happy,test,happy,data/raf-db/aligned/test_0093_aligned.jpg,happy,happy,data/raf-db/aligned/train_00597_aligned.jpg,data/raf-db/aligned/train_02364_aligned.jpg,0.9960888624191284,0.99598228931427,original,,,,,,,,,,,,,,,,,,,,,,,,,,,,,,,,,,,,,,,,,,,,
test_0094,data/raf-db/aligned/test_0094_aligned.jpg,1,surprise,test,surprise,data/raf-db/aligned/test_0094_aligned.jpg,surprise,surprise,data/raf-db/aligned/train_03766_aligned.jpg,data/raf-db/aligned/train_04935_aligned.jpg,0.9994099140167236,0.9941701889038086,original,,,,,,,,,,,,,,,,,,,,,,,,,,,,,,,,,,,,,,,,,,,,
test_0095,data/raf-db/aligned/test_0095_aligned.jpg,5,sad,test,sad,data/raf-db/aligned/test_0095_aligned.jpg,sad,sad,data/raf-db/aligned/train_00238_aligned.jpg,data/raf-db/aligned/train_05323_aligned.jpg,0.9912989735603333,0.9853411912918091,original,,,,,,,,,,,,,,,,,,,,,,,,,,,,,,,,,,,,,,,,,,,,
test_0096,data/raf-db/aligned/test_0096_aligned.jpg,1,surprise,test,surprise,data/raf-db/aligned/test_0096_aligned.jpg,surprise,surprise,data/raf-db/aligned/train_04951_aligned.jpg,data/raf-db/aligned/train_03661_aligned.jpg,0.9832285642623901,0.9758226275444031,original,,,,,,,,,,,,,,,,,,,,,,,,,,,,,,,,,,,,,,,,,,,,
test_0097,data/raf-db/aligned/test_0097_aligned.jpg,4,happy,test,happy,data/raf-db/aligned/test_0097_aligned.jpg,happy,happy,data/raf-db/aligned/train_01574_aligned.jpg,data/raf-db/aligned/train_02205_aligned.jpg,0.9991890788078308,0.993984580039978,original,,,,,,,,,,,,,,,,,,,,,,,,,,,,,,,,,,,,,,,,,,,,
test_0098,data/raf-db/aligned/test_0098_aligned.jpg,4,happy,test,happy,data/raf-db/aligned/test_0098_aligned.jpg,happy,happy,data/raf-db/aligned/train_07611_aligned.jpg,data/raf-db/aligned/train_00351_aligned.jpg,0.9950649738311768,0.9922518730163574,original,,,,,,,,,,,,,,,,,,,,,,,,,,,,,,,,,,,,,,,,,,,,
test_0099,data/raf-db/aligned/test_0099_aligned.jpg,1,surprise,test,surprise,data/raf-db/aligned/test_0099_aligned.jpg,surprise,surprise,data/raf-db/aligned/train_07509_aligned.jpg,data/raf-db/aligned/train_07380_aligned.jpg,0.9954290986061096,0.991828441619873,original,,,,,,,,,,,,,,,,,,,,,,,,,,,,,,,,,,,,,,,,,,,,
test_0100,data/raf-db/aligned/test_0100_aligned.jpg,5,sad,test,fear,data/raf-db/aligned/test_0100_aligned.jpg,fear,fear,data/raf-db/aligned/train_09274_aligned.jpg,data/raf-db/aligned/train_05172_aligned.jpg,0.9857136011123657,0.972700297832489,original,,,,,,,,,,,,,,,,,,,,,,,,,,,,,,,,,,,,,,,,,,,,
test_0101,data/raf-db/aligned/test_0101_aligned.jpg,4,happy,test,neutral,data/raf-db/aligned/test_0101_aligned.jpg,neutral,neutral,data/raf-db/aligned/train_10166_aligned.jpg,data/raf-db/aligned/train_11782_aligned.jpg,0.9505408406257629,0.9387739896774292,original,,,,,,,,,,,,,,,,,,,,,,,,,,,,,,,,,,,,,,,,,,,,
test_0102,data/raf-db/aligned/test_0102_aligned.jpg,1,surprise,test,surprise,data/raf-db/aligned/test_0102_aligned.jpg,surprise,surprise,data/raf-db/aligned/train_06669_aligned.jpg,data/raf-db/aligned/train_08566_aligned.jpg,0.9903402924537659,0.9734099507331848,original,,,,,,,,,,,,,,,,,,,,,,,,,,,,,,,,,,,,,,,,,,,,
test_0103,data/raf-db/aligned/test_0103_aligned.jpg,5,sad,test,neutral,data/raf-db/aligned/test_0103_aligned.jpg,neutral,neutral,data/raf-db/aligned/train_12186_aligned.jpg,data/raf-db/aligned/train_12269_aligned.jpg,0.9969919919967651,0.9924731254577637,original,,,,,,,,,,,,,,,,,,,,,,,,,,,,,,,,,,,,,,,,,,,,
test_0104,data/raf-db/aligned/test_0104_aligned.jpg,1,surprise,test,neutral,data/raf-db/aligned/test_0104_aligned.jpg,neutral,surprise,data/raf-db/aligned/train_11451_aligned.jpg,data/raf-db/aligned/train_08809_aligned.jpg,0.9716612100601196,0.9657922983169556,framework,neutral,0.75916743913847,3.0,stop,1282.0,False,0.16943735680292543,0.20979119155380557,0.11655362945290178,0.2066850409001568,0.7591666246744397,0.25712712613096655,0.45438604360499163,0.07796865825457829,0.09653796558042754,0.05363356862155175,0.09510863262002696,0.34933974558142494,0.11832017096799423,0.2090912583739964,neutral,0.803520482616129,3.0,stop,3696.0,False,0.10998293466015882,0.21471774975375404,0.1323101186550001,0.03758329382212709,0.8035202910463248,0.3179396916615034,0.526724966132748,0.05132724014603521,0.1002052685653561,0.0617469724274931,0.01753950968346104,0.37498980244693225,0.1483772637663386,0.24581394296438366,neutral,neutral,neutral,neutral
test_0105,data/raf-db/aligned/test_0105_aligned.jpg,4,happy,test,neutral,data/raf-db/aligned/test_0105_aligned.jpg,happy,neutral,data/raf-db/aligned/train_06543_aligned.jpg,data/raf-db/aligned/train_10436_aligned.jpg,0.9824697375297546,0.9636083841323853,framework,happy,0.38864160464658976,1.0,stop,1280.0,False,0.1145966029795946,0.17594595585583342,0.10074374795322776,0.38864160464658976,0.617726497488904,0.16086718642725148,0.5500202781554022,0.05434874422911235,0.08344437360554308,0.04777886994754184,0.18431770766791739,0.2929638273967676,0.0762930954554422,0.26085338169767563,neutral,0.8399889069683381,3.0,stop,3696.0,False,0.11233328209487431,0.1828142773014891,0.08287146729919315,0.24707551125743657,0.8399889737287357,0.22028192847160605,0.2576766332273574,0.057813098148423524,0.09408662828561976,0.04265037202977564,0.1271591154109961,0.43230611690628074,0.11336961329320999,0.13261505592569423,neutral,neutral,neutral,neutral
test_0106,data/raf-db/aligned/test_0106_aligned.jpg,4,happy,test,happy,data/raf-db/aligned/test_0106_aligned.jpg,happy,happy,data/raf-db/aligned/train_08285_aligned.jpg,data/raf-db/aligned/train_00128_aligned.jpg,0.9867315292358398,0.9842199087142944,original,,,,,,,,,,,,,,,,,,,,,,,,,,,,,,,,,,,,,,,,,,,,
test_0107,data/raf-db/aligned/test_0107_aligned.jpg,5,sad,test,sad,data/raf-db/aligned/test_0107_aligned.jpg,sad,sad,data/raf-db/aligned/train_02687_aligned.jpg,data/raf-db/aligned/train_06100_aligned.jpg,0.9930899143218994,0.9930882453918457,original,,,,,,,,,,,,,,,,,,,,,,,,,,,,,,,,,,,,,,,,,,,,
test_0108,data/raf-db/aligned/test_0108_aligned.jpg,4,happy,test,surprise,data/raf-db/aligned/test_0108_aligned.jpg,surprise,surprise,data/raf-db/aligned/train_04075_aligned.jpg,data/raf-db/aligned/train_01748_aligned.jpg,0.9710003137588501,0.9658970832824707,original,,,,,,,,,,,,,,,,,,,,,,,,,,,,,,,,,,,,,,,,,,,,
test_0109,data/raf-db/aligned/test_0109_aligned.jpg,4,happy,test,happy,data/raf-db/aligned/test_0109_aligned.jpg,happy,happy,data/raf-db/aligned/train_03779_aligned.jpg,data/raf-db/aligned/train_05482_aligned.jpg,0.9706778526306152,0.9701865315437317,original,,,,,,,,,,,,,,,,,,,,,,,,,,,,,,,,,,,,,,,,,,,,
test_0110,data/raf-db/aligned/test_0110_aligned.jpg,4,happy,test,happy,data/raf-db/aligned/test_0110_aligned.jpg,happy,happy,data/raf-db/aligned/train_07663_aligned.jpg,data/raf-db/aligned/train_03303_aligned.jpg,0.9707894325256348,0.9676954746246338,original,,,,,,,,,,,,,,,,,,,,,,,,,,,,,,,,,,,,,,,,,,,,
test_0111,data/raf-db/aligned/test_0111_aligned.jpg,4,happy,test,happy,data/raf-db/aligned/test_0111_aligned.jpg,happy,happy,data/raf-db/aligned/train_03401_aligned.jpg,data/raf-db/aligned/train_06584_aligned.jpg,0.9909967184066772,0.9763146638870239,original,,,,,,,,,,,,,,,,,,,,,,,,,,,,,,,,,,,,,,,,,,,,
test_0112,data/raf-db/aligned/test_0112_aligned.jpg,4,happy,test,happy,data/raf-db/aligned/test_0112_aligned.jpg,happy,happy,data/raf-db/aligned/train_00796_aligned.jpg,data/raf-db/aligned/train_02296_aligned.jpg,0.9958559274673462,0.9957095384597778,original,,,,,,,,,,,,,,,,,,,,,,,,,,,,,,,,,,,,,,,,,,,,
test_0113,data/raf-db/aligned/test_0113_aligned.jpg,4,happy,test,happy,data/raf-db/aligned/test_0113_aligned.jpg,happy,happy,data/raf-db/aligned/train_07099_aligned.jpg,data/raf-db/aligned/train_04492_aligned.jpg,0.9254124760627747,0.9223559498786926,original,,,,,,,,,,,,,,,,,,,,,,,,,,,,,,,,,,,,,,,,,,,,
test_0114,data/raf-db/aligned/test_0114_aligned.jpg,4,happy,test,happy,data/raf-db/aligned/test_0114_aligned.jpg,happy,happy,data/raf-db/aligned/train_02969_aligned.jpg,data/raf-db/aligned/train_00096_aligned.jpg,0.9927425980567932,0.9878233075141907,original,,,,,,,,,,,,,,,,,,,,,,,,,,,,,,,,,,,,,,,,,,,,
test_0115,data/raf-db/aligned/test_0115_aligned.jpg,4,happy,test,happy,data/raf-db/aligned/test_0115_aligned.jpg,happy,happy,data/raf-db/aligned/train_01199_aligned.jpg,data/raf-db/aligned/train_07859_aligned.jpg,0.9974914789199829,0.9948034882545471,original,,,,,,,,,,,,,,,,,,,,,,,,,,,,,,,,,,,,,,,,,,,,
test_0116,data/raf-db/aligned/test_0116_aligned.jpg,4,happy,test,neutral,data/raf-db/aligned/test_0116_aligned.jpg,neutral,happy,data/raf-db/aligned/train_11328_aligned.jpg,data/raf-db/aligned/train_00363_aligned.jpg,0.9933605194091797,0.9728032946586609,framework,neutral,0.8674525210133991,3.0,stop,1282.0,False,0.16629114533313044,0.2179553855653501,0.11550480423615049,0.0883406707631445,0.8674523486651645,0.316064420800494,0.28794278858435857,0.08074143335085043,0.1058266223485896,0.056082501772739504,0.04289315805903457,0.4211850598206987,0.15346273739058758,0.13980848725749973,neutral,0.8780394870799137,3.0,stop,3696.0,False,0.09268350792388028,0.18744530579267205,0.059049928408549154,0.1510486709950647,0.8780401499824515,0.3322455555883874,0.1619275430963289,0.049764542745181696,0.10064498141529289,0.031705669673191376,0.0811025414630431,0.47144597301683694,0.17839255897126963,0.08694373271518428,neutral,neutral,neutral,neutral
test_0117,data/raf-db/aligned/test_0117_aligned.jpg,4,happy,test,happy,data/raf-db/aligned/test_0117_aligned.jpg,happy,happy,data/raf-db/aligned/train_06664_aligned.jpg,data/raf-db/aligned/train_02721_aligned.jpg,0.9887627363204956,0.9874367117881775,original,,,,,,,,,,,,,,,,,,,,,,,,,,,,,,,,,,,,,,,,,,,,
test_0118,data/raf-db/aligned/test_0118_aligned.jpg,4,happy,test,neutral,data/raf-db/aligned/test_0118_aligned.jpg,neutral,neutral,data/raf-db/aligned/train_12019_aligned.jpg,data/raf-db/aligned/train_11980_aligned.jpg,0.988377034664154,0.9833363890647888,original,,,,,,,,,,,,,,,,,,,,,,,,,,,,,,,,,,,,,,,,,,,,
test_0119,data/raf-db/aligned/test_0119_aligned.jpg,5,sad,test,sad,data/raf-db/aligned/test_0119_aligned.jpg,sad,sad,data/raf-db/aligned/train_06989_aligned.jpg,data/raf-db/aligned/train_08132_aligned.jpg,0.9924521446228027,0.9832891225814819,original,,,,,,,,,,,,,,,,,,,,,,,,,,,,,,,,,,,,,,,,,,,,
test_0120,data/raf-db/aligned/test_0120_aligned.jpg,4,happy,test,happy,data/raf-db/aligned/test_0120_aligned.jpg,happy,happy,data/raf-db/aligned/train_03026_aligned.jpg,data/raf-db/aligned/train_02906_aligned.jpg,0.9916890263557434,0.9851081371307373,original,,,,,,,,,,,,,,,,,,,,,,,,,,,,,,,,,,,,,,,,,,,,
test_0121,data/raf-db/aligned/test_0121_aligned.jpg,1,surprise,test,neutral,data/raf-db/aligned/test_0121_aligned.jpg,neutral,neutral,data/raf-db/aligned/train_12086_aligned.jpg,data/raf-db/aligned/train_10328_aligned.jpg,0.9922617077827454,0.9854384660720825,original,,,,,,,,,,,,,,,,,,,,,,,,,,,,,,,,,,,,,,,,,,,,
test_0122,data/raf-db/aligned/test_0122_aligned.jpg,4,happy,test,happy,data/raf-db/aligned/test_0122_aligned.jpg,happy,happy,data/raf-db/aligned/train_02946_aligned.jpg,data/raf-db/aligned/train_02752_aligned.jpg,0.9726136922836304,0.9615071415901184,original,,,,,,,,,,,,,,,,,,,,,,,,,,,,,,,,,,,,,,,,,,,,
test_0123,data/raf-db/aligned/test_0123_aligned.jpg,1,surprise,test,surprise,data/raf-db/aligned/test_0123_aligned.jpg,surprise,surprise,data/raf-db/aligned/train_00742_aligned.jpg,data/raf-db/aligned/train_06000_aligned.jpg,0.9957925081253052,0.9935075044631958,original,,,,,,,,,,,,,,,,,,,,,,,,,,,,,,,,,,,,,,,,,,,,
test_0124,data/raf-db/aligned/test_0124_aligned.jpg,4,happy,test,happy,data/raf-db/aligned/test_0124_aligned.jpg,happy,happy,data/raf-db/aligned/train_02747_aligned.jpg,data/raf-db/aligned/train_05687_aligned.jpg,0.9926649332046509,0.9881991744041443,original,,,,,,,,,,,,,,,,,,,,,,,,,,,,,,,,,,,,,,,,,,,,
test_0125,data/raf-db/aligned/test_0125_aligned.jpg,1,surprise,test,surprise,data/raf-db/aligned/test_0125_aligned.jpg,surprise,surprise,data/raf-db/aligned/train_05848_aligned.jpg,data/raf-db/aligned/train_05160_aligned.jpg,0.9966276288032532,0.990344762802124,original,,,,,,,,,,,,,,,,,,,,,,,,,,,,,,,,,,,,,,,,,,,,
test_0126,data/raf-db/aligned/test_0126_aligned.jpg,4,happy,test,happy,data/raf-db/aligned/test_0126_aligned.jpg,happy,happy,data/raf-db/aligned/train_05350_aligned.jpg,data/raf-db/aligned/train_00523_aligned.jpg,0.9955129623413086,0.9767978191375732,original,,,,,,,,,,,,,,,,,,,,,,,,,,,,,,,,,,,,,,,,,,,,
test_0127,data/raf-db/aligned/test_0127_aligned.jpg,1,surprise,test,surprise,data/raf-db/aligned/test_0127_aligned.jpg,angry,surprise,data/raf-db/aligned/train_05698_aligned.jpg,data/raf-db/aligned/train_07180_aligned.jpg,0.9412007331848145,0.9342973232269287,framework,surprise,0.7335019201364166,2.0,stop,1281.0,False,0.15339155673429994,0.33741165611725366,0.2683551140911234,0.03666895639679288,0.5145523209166164,0.3328631758618786,0.7335667541350213,0.06453674748595696,0.1419599051815903,0.1129056031725594,0.015427806001425211,0.21648866411095766,0.14004621365947822,0.3086350603880323,surprise,0.8066234011979594,2.0,stop,3695.0,False,0.2684620823861423,0.28057192186562363,0.3146685398685327,0.026891998124019927,0.17069639082768154,0.21060066458028037,0.8066885142301597,0.12915647602488267,0.13498249129860443,0.15138629397524503,0.012937677008592913,0.08212163190241077,0.10131948409222127,0.3880959456980431,surprise,surprise,surprise,surprise
test_0128,data/raf-db/aligned/test_0128_aligned.jpg,4,happy,test,happy,data/raf-db/aligned/test_0128_aligned.jpg,happy,surprise,data/raf-db/aligned/train_05413_aligned.jpg,data/raf-db/aligned/train_01112_aligned.jpg,0.963894784450531,0.960981011390686,framework,happy,0.748488458431363,1.0,stop,1280.0,False,0.029058544704047642,0.044926341939014756,0.018705051363976617,0.748488458431363,0.0760909640006137,0.028466016647600477,0.49286511598450716,0.020199176104836084,0.031229199597385116,0.013002255632517605,0.5202893103654443,0.05289235223197704,0.01978729799183597,0.34260040807600384,surprise,0.7193203258040982,2.0,stop,3695.0,False,0.036695735890817115,0.07830424064317949,0.06614693641320103,0.4569201742374965,0.14546886195759512,0.05616136339325755,0.7193203686579971,0.023537729131284647,0.050226653352149146,0.042428599246264256,0.29308209890710807,0.0933080257603159,0.036023557699654735,0.46139333590322334,happy,happy,surprise,happy
test_0129,data/raf-db/aligned/test_0129_aligned.jpg,4,happy,test,happy,data/raf-db/aligned/test_0129_aligned.jpg,happy,happy,data/raf-db/aligned/train_03948_aligned.jpg,data/raf-db/aligned/train_04205_aligned.jpg,0.9965569376945496,0.9961051344871521,original,,,,,,,,,,,,,,,,,,,,,,,,,,,,,,,,,,,,,,,,,,,,
test_0130,data/raf-db/aligned/test_0130_aligned.jpg,4,happy,test,happy,data/raf-db/aligned/test_0130_aligned.jpg,happy,happy,data/raf-db/aligned/train_01032_aligned.jpg,data/raf-db/aligned/train_06205_aligned.jpg,0.9975715279579163,0.996803879737854,original,,,,,,,,,,,,,,,,,,,,,,,,,,,,,,,,,,,,,,,,,,,,
test_0131,data/raf-db/aligned/test_0131_aligned.jpg,4,happy,test,neutral,data/raf-db/aligned/test_0131_aligned.jpg,neutral,neutral,data/raf-db/aligned/train_11858_aligned.jpg,data/raf-db/aligned/train_12054_aligned.jpg,0.9897821545600891,0.9891232252120972,original,,,,,,,,,,,,,,,,,,,,,,,,,,,,,,,,,,,,,,,,,,,,
test_0132,data/raf-db/aligned/test_0132_aligned.jpg,4,happy,test,happy,data/raf-db/aligned/test_0132_aligned.jpg,happy,happy,data/raf-db/aligned/train_02707_aligned.jpg,data/raf-db/aligned/train_03166_aligned.jpg,0.9913506507873535,0.9899547100067139,original,,,,,,,,,,,,,,,,,,,,,,,,,,,,,,,,,,,,,,,,,,,,
test_0133,data/raf-db/aligned/test_0133_aligned.jpg,4,happy,test,happy,data/raf-db/aligned/test_0133_aligned.jpg,happy,happy,data/raf-db/aligned/train_02588_aligned.jpg,data/raf-db/aligned/train_05479_aligned.jpg,0.9948608875274658,0.9945581555366516,original,,,,,,,,,,,,,,,,,,,,,,,,,,,,,,,,,,,,,,,,,,,,
test_0134,data/raf-db/aligned/test_0134_aligned.jpg,5,sad,test,sad,data/raf-db/aligned/test_0134_aligned.jpg,sad,sad,data/raf-db/aligned/train_00041_aligned.jpg,data/raf-db/aligned/train_06091_aligned.jpg,0.9958420991897583,0.9932587146759033,original,,,,,,,,,,,,,,,,,,,,,,,,,,,,,,,,,,,,,,,,,,,,
test_0135,data/raf-db/aligned/test_0135_aligned.jpg,1,surprise,test,surprise,data/raf-db/aligned/test_0135_aligned.jpg,surprise,surprise,data/raf-db/aligned/train_05349_aligned.jpg,data/raf-db/aligned/train_06844_aligned.jpg,0.9961538314819336,0.9958540797233582,original,,,,,,,,,,,,,,,,,,,,,,,,,,,,,,,,,,,,,,,,,,,,
test_0136,data/raf-db/aligned/test_0136_aligned.jpg,6,angry,test,angry,data/raf-db/aligned/test_0136_aligned.jpg,fear,angry,data/raf-db/aligned/train_09374_aligned.jpg,data/raf-db/aligned/train_08429_aligned.jpg,0.9843951463699341,0.9828600883483887,framework,angry,0.7838207520852665,2.0,stop,1281.0,False,0.783833051052618,0.1477305981441338,0.11496820436325855,0.006097817074072136,0.068619457577981,0.09444668364158434,0.2404431164345264,0.5382955127599577,0.10145364241982374,0.07895414519163654,0.004187661599872674,0.0471242518450142,0.06486103887945303,0.1651237473042421,angry,0.5492167435776587,2.0,stop,3695.0,False,0.5573001134826134,0.21538072534039657,0.3335180442456394,0.012857573918268993,0.10394535233541381,0.21785626497403052,0.6318258824748041,0.268878480803594,0.10391392505199745,0.16091119109408017,0.006203345124694533,0.050150121534852904,0.10510828930880887,0.30483464708197205,angry,angry,angry,angry
test_0137,data/raf-db/aligned/test_0137_aligned.jpg,4,happy,test,happy,data/raf-db/aligned/test_0137_aligned.jpg,happy,happy,data/raf-db/aligned/train_02563_aligned.jpg,data/raf-db/aligned/train_00235_aligned.jpg,0.9676592350006104,0.964886486530304,original,,,,,,,,,,,,,,,,,,,,,,,,,,,,,,,,,,,,,,,,,,,,
test_0138,data/raf-db/aligned/test_0138_aligned.jpg,4,happy,test,happy,data/raf-db/aligned/test_0138_aligned.jpg,happy,happy,data/raf-db/aligned/train_04011_aligned.jpg,data/raf-db/aligned/train_00292_aligned.jpg,0.9916287064552307,0.9904049038887024,original,,,,,,,,,,,,,,,,,,,,,,,,,,,,,,,,,,,,,,,,,,,,
test_0139,data/raf-db/aligned/test_0139_aligned.jpg,4,happy,test,happy,data/raf-db/aligned/test_0139_aligned.jpg,happy,happy,data/raf-db/aligned/train_06223_aligned.jpg,data/raf-db/aligned/train_02985_aligned.jpg,0.9975244998931885,0.9959860444068909,original,,,,,,,,,,,,,,,,,,,,,,,,,,,,,,,,,,,,,,,,,,,,
test_0140,data/raf-db/aligned/test_0140_aligned.jpg,4,happy,test,happy,data/raf-db/aligned/test_0140_aligned.jpg,happy,happy,data/raf-db/aligned/train_08412_aligned.jpg,data/raf-db/aligned/train_06423_aligned.jpg,0.976214587688446,0.9693514704704285,original,,,,,,,,,,,,,,,,,,,,,,,,,,,,,,,,,,,,,,,,,,,,
test_0141,data/raf-db/aligned/test_0141_aligned.jpg,4,happy,test,happy,data/raf-db/aligned/test_0141_aligned.jpg,happy,happy,data/raf-db/aligned/train_05230_aligned.jpg,data/raf-db/aligned/train_02768_aligned.jpg,0.9956541657447815,0.9935811161994934,original,,,,,,,,,,,,,,,,,,,,,,,,,,,,,,,,,,,,,,,,,,,,
test_0142,data/raf-db/aligned/test_0142_aligned.jpg,5,sad,test,sad,data/raf-db/aligned/test_0142_aligned.jpg,sad,sad,data/raf-db/aligned/train_03731_aligned.jpg,data/raf-db/aligned/train_00289_aligned.jpg,0.9802250266075134,0.9787644147872925,original,,,,,,,,,,,,,,,,,,,,,,,,,,,,,,,,,,,,,,,,,,,,
test_0143,data/raf-db/aligned/test_0143_aligned.jpg,4,happy,test,happy,data/raf-db/aligned/test_0143_aligned.jpg,happy,happy,data/raf-db/aligned/train_00922_aligned.jpg,data/raf-db/aligned/train_03566_aligned.jpg,0.9365136623382568,0.9356435537338257,original,,,,,,,,,,,,,,,,,,,,,,,,,,,,,,,,,,,,,,,,,,,,
test_0144,data/raf-db/aligned/test_0144_aligned.jpg,4,happy,test,happy,data/raf-db/aligned/test_0144_aligned.jpg,happy,happy,data/raf-db/aligned/train_02932_aligned.jpg,data/raf-db/aligned/train_02350_aligned.jpg,0.9954663515090942,0.9928008913993835,original,,,,,,,,,,,,,,,,,,,,,,,,,,,,,,,,,,,,,,,,,,,,
test_0145,data/raf-db/aligned/test_0145_aligned.jpg,5,sad,test,sad,data/raf-db/aligned/test_0145_aligned.jpg,sad,sad,data/raf-db/aligned/train_07984_aligned.jpg,data/raf-db/aligned/train_00387_aligned.jpg,0.993781328201294,0.9915302991867065,original,,,,,,,,,,,,,,,,,,,,,,,,,,,,,,,,,,,,,,,,,,,,
test_0146,data/raf-db/aligned/test_0146_aligned.jpg,3,disgust,test,disgust,data/raf-db/aligned/test_0146_aligned.jpg,disgust,disgust,data/raf-db/aligned/train_08375_aligned.jpg,data/raf-db/aligned/train_09520_aligned.jpg,0.9934849739074707,0.9896913766860962,original,,,,,,,,,,,,,,,,,,,,,,,,,,,,,,,,,,,,,,,,,,,,
test_0147,data/raf-db/aligned/test_0147_aligned.jpg,1,surprise,test,neutral,data/raf-db/aligned/test_0147_aligned.jpg,happy,disgust,data/raf-db/aligned/train_05443_aligned.jpg,data/raf-db/aligned/train_02620_aligned.jpg,0.956819474697113,0.94794100522995,framework,neutral,0.7241274970154092,3.0,stop,1282.0,False,0.15975649361173444,0.28162227108893884,0.1986893355688877,0.15829057177125586,0.7241275257900903,0.3393325107025905,0.47958501594669595,0.06823107520562323,0.12027924451664598,0.08485906701673074,0.06760498845896273,0.3092706816082524,0.14492695435424083,0.20482798883954403,surprise,0.5150065164305955,2.0,stop,3695.0,False,0.14138133486660234,0.5903515130702511,0.19851323330147524,0.11780682546686147,0.5671730894876285,0.34206717431238975,0.5150063937633975,0.057186166640136905,0.23878640016057204,0.08029497564555958,0.04765070834031916,0.22941115133651632,0.13835992177330883,0.2083106761035873,neutral,neutral,neutral,neutral
test_0148,data/raf-db/aligned/test_0148_aligned.jpg,3,disgust,test,disgust,data/raf-db/aligned/test_0148_aligned.jpg,disgust,disgust,data/raf-db/aligned/train_03004_aligned.jpg,data/raf-db/aligned/train_09420_aligned.jpg,0.987646222114563,0.9869115948677063,original,,,,,,,,,,,,,,,,,,,,,,,,,,,,,,,,,,,,,,,,,,,,
test_0149,data/raf-db/aligned/test_0149_aligned.jpg,3,disgust,test,disgust,data/raf-db/aligned/test_0149_aligned.jpg,disgust,disgust,data/raf-db/aligned/train_09470_aligned.jpg,data/raf-db/aligned/train_03770_aligned.jpg,0.9913091659545898,0.9860684871673584,original,,,,,,,,,,,,,,,,,,,,,,,,,,,,,,,,,,,,,,,,,,,,
test_0150,data/raf-db/aligned/test_0150_aligned.jpg,4,happy,test,happy,data/raf-db/aligned/test_0150_aligned.jpg,happy,happy,data/raf-db/aligned/train_06525_aligned.jpg,data/raf-db/aligned/train_05445_aligned.jpg,0.9961581826210022,0.9928712248802185,original,,,,,,,,,,,,,,,,,,,,,,,,,,,,,,,,,,,,,,,,,,,,
test_0151,data/raf-db/aligned/test_0151_aligned.jpg,1,surprise,test,surprise,data/raf-db/aligned/test_0151_aligned.jpg,surprise,surprise,data/raf-db/aligned/train_04503_aligned.jpg,data/raf-db/aligned/train_04220_aligned.jpg,0.9985055923461914,0.9951797127723694,original,,,,,,,,,,,,,,,,,,,,,,,,,,,,,,,,,,,,,,,,,,,,
test_0152,data/raf-db/aligned/test_0152_aligned.jpg,5,sad,test,sad,data/raf-db/aligned/test_0152_aligned.jpg,sad,neutral,data/raf-db/aligned/train_01451_aligned.jpg,data/raf-db/aligned/train_11900_aligned.jpg,0.9874333143234253,0.9716489315032959,framework,sad,0.7098535176677622,2.0,stop,1281.0,False,0.2817278807423328,0.5018626116914605,0.15322380410380876,0.013448900576685976,0.5034358984836164,0.7098702475621684,0.2378120576887355,0.11731909002158147,0.20898913080365691,0.06380652571459462,0.005600485025798999,0.20964428986818523,0.2956091220292007,0.09903135653698195,sad,0.7679671221865205,2.0,stop,3695.0,False,0.14120544890404924,0.2296688761466148,0.11490942204022721,0.00578742591054511,0.6811072151513371,0.7679596224172611,0.15114364393485338,0.06750487011870832,0.10979581719344224,0.05493375553454961,0.002766744749903144,0.3256110472546195,0.36713182791491333,0.07225593723386402,sad,sad,sad,sad
test_0153,data/raf-db/aligned/test_0153_aligned.jpg,1,surprise,test,surprise,data/raf-db/aligned/test_0153_aligned.jpg,surprise,surprise,data/raf-db/aligned/train_01841_aligned.jpg,data/raf-db/aligned/train_05157_aligned.jpg,0.9890644550323486,0.9874129295349121,original,,,,,,,,,,,,,,,,,,,,,,,,,,,,,,,,,,,,,,,,,,,,
test_0154,data/raf-db/aligned/test_0154_aligned.jpg,4,happy,test,happy,data/raf-db/aligned/test_0154_aligned.jpg,happy,happy,data/raf-db/aligned/train_02130_aligned.jpg,data/raf-db/aligned/train_02146_aligned.jpg,0.9922944903373718,0.9893457889556885,original,,,,,,,,,,,,,,,,,,,,,,,,,,,,,,,,,,,,,,,,,,,,
test_0155,data/raf-db/aligned/test_0155_aligned.jpg,1,surprise,test,surprise,data/raf-db/aligned/test_0155_aligned.jpg,surprise,surprise,data/raf-db/aligned/train_09101_aligned.jpg,data/raf-db/aligned/train_01506_aligned.jpg,0.9904316067695618,0.9787839651107788,original,,,,,,,,,,,,,,,,,,,,,,,,,,,,,,,,,,,,,,,,,,,,
test_0156,data/raf-db/aligned/test_0156_aligned.jpg,5,sad,test,neutral,data/raf-db/aligned/test_0156_aligned.jpg,neutral,neutral,data/raf-db/aligned/train_10138_aligned.jpg,data/raf-db/aligned/train_10892_aligned.jpg,0.9747525453567505,0.9616488814353943,original,,,,,,,,,,,,,,,,,,,,,,,,,,,,,,,,,,,,,,,,,,,,
test_0157,data/raf-db/aligned/test_0157_aligned.jpg,4,happy,test,happy,data/raf-db/aligned/test_0157_aligned.jpg,happy,happy,data/raf-db/aligned/train_03156_aligned.jpg,data/raf-db/aligned/train_04181_aligned.jpg,0.9959187507629395,0.9921122789382935,original,,,,,,,,,,,,,,,,,,,,,,,,,,,,,,,,,,,,,,,,,,,,
test_0158,data/raf-db/aligned/test_0158_aligned.jpg,4,happy,test,happy,data/raf-db/aligned/test_0158_aligned.jpg,happy,happy,data/raf-db/aligned/train_03312_aligned.jpg,data/raf-db/aligned/train_08615_aligned.jpg,0.9802853465080261,0.9775657057762146,original,,,,,,,,,,,,,,,,,,,,,,,,,,,,,,,,,,,,,,,,,,,,
test_0159,data/raf-db/aligned/test_0159_aligned.jpg,4,happy,test,happy,data/raf-db/aligned/test_0159_aligned.jpg,happy,happy,data/raf-db/aligned/train_01974_aligned.jpg,data/raf-db/aligned/train_01309_aligned.jpg,0.996381402015686,0.9914652109146118,original,,,,,,,,,,,,,,,,,,,,,,,,,,,,,,,,,,,,,,,,,,,,
test_0160,data/raf-db/aligned/test_0160_aligned.jpg,5,sad,test,sad,data/raf-db/aligned/test_0160_aligned.jpg,sad,sad,data/raf-db/aligned/train_06915_aligned.jpg,data/raf-db/aligned/train_05059_aligned.jpg,0.9948763847351074,0.9776432514190674,original,,,,,,,,,,,,,,,,,,,,,,,,,,,,,,,,,,,,,,,,,,,,
test_0161,data/raf-db/aligned/test_0161_aligned.jpg,4,happy,test,happy,data/raf-db/aligned/test_0161_aligned.jpg,happy,happy,data/raf-db/aligned/train_01022_aligned.jpg,data/raf-db/aligned/train_01396_aligned.jpg,0.9963506460189819,0.9956186413764954,original,,,,,,,,,,,,,,,,,,,,,,,,,,,,,,,,,,,,,,,,,,,,
test_0162,data/raf-db/aligned/test_0162_aligned.jpg,5,sad,test,sad,data/raf-db/aligned/test_0162_aligned.jpg,sad,sad,data/raf-db/aligned/train_02065_aligned.jpg,data/raf-db/aligned/train_03627_aligned.jpg,0.9994471669197083,0.9899123907089233,original,,,,,,,,,,,,,,,,,,,,,,,,,,,,,,,,,,,,,,,,,,,,
test_0163,data/raf-db/aligned/test_0163_aligned.jpg,1,surprise,test,neutral,data/raf-db/aligned/test_0163_aligned.jpg,neutral,surprise,data/raf-db/aligned/train_11579_aligned.jpg,data/raf-db/aligned/train_00852_aligned.jpg,0.9753680229187012,0.9678165912628174,framework,neutral,0.8456073507815834,3.0,stop,1282.0,False,0.09621660532788232,0.20731455464693832,0.1080519988523903,0.07687550603747044,0.8456074179836515,0.3446573853149767,0.3908004872533404,0.04649214379763551,0.10017499633397595,0.0522110404035582,0.03714646831521859,0.4085999660793529,0.16653945194153988,0.1888359331287189,neutral,0.803787437693564,3.0,stop,3696.0,False,0.06673941470906777,0.20157085400457198,0.10996985820063188,0.018916864842480938,0.8037863517863946,0.24700976048904905,0.5970779876113534,0.03263427612945803,0.09856422831862376,0.05377312243568661,0.009249979093527814,0.3930358974173463,0.12078297008762479,0.29195952651773266,neutral,neutral,neutral,neutral
test_0164,data/raf-db/aligned/test_0164_aligned.jpg,5,sad,test,neutral,data/raf-db/aligned/test_0164_aligned.jpg,neutral,sad,data/raf-db/aligned/train_10577_aligned.jpg,data/raf-db/aligned/train_08837_aligned.jpg,0.9769477844238281,0.9708302021026611,framework,neutral,0.8473189223574115,3.0,stop,1282.0,False,0.07514187527832052,0.17251242351184304,0.10492519678558067,0.023588444891678953,0.8473201007602434,0.5358330126396607,0.21644384555668061,0.038031789764170085,0.08731424652909633,0.05310611440468923,0.011938892577024554,0.4288567435362687,0.27120282013101427,0.10954939305773688,neutral,0.8137214259782611,3.0,stop,3696.0,False,0.11531138131719726,0.2137763740611466,0.09565098695937559,0.02367404410076405,0.8137211349765013,0.5714386455349297,0.23818204692249828,0.05565880271006776,0.10318614599900285,0.046169071529465484,0.01142705026079985,0.3927690709738723,0.27582351776054553,0.11496634076624601,neutral,neutral,neutral,neutral
test_0165,data/raf-db/aligned/test_0165_aligned.jpg,1,surprise,test,surprise,data/raf-db/aligned/test_0165_aligned.jpg,surprise,surprise,data/raf-db/aligned/train_00107_aligned.jpg,data/raf-db/aligned/train_01508_aligned.jpg,0.9908357858657837,0.988115668296814,original,,,,,,,,,,,,,,,,,,,,,,,,,,,,,,,,,,,,,,,,,,,,
test_0166,data/raf-db/aligned/test_0166_aligned.jpg,4,happy,test,happy,data/raf-db/aligned/test_0166_aligned.jpg,happy,happy,data/raf-db/aligned/train_00806_aligned.jpg,data/raf-db/aligned/train_02963_aligned.jpg,0.9933450222015381,0.9930983781814575,original,,,,,,,,,,,,,,,,,,,,,,,,,,,,,,,,,,,,,,,,,,,,
test_0167,data/raf-db/aligned/test_0167_aligned.jpg,4,happy,test,happy,data/raf-db/aligned/test_0167_aligned.jpg,happy,happy,data/raf-db/aligned/train_05276_aligned.jpg,data/raf-db/aligned/train_06624_aligned.jpg,0.9379724264144897,0.9284034371376038,original,,,,,,,,,,,,,,,,,,,,,,,,,,,,,,,,,,,,,,,,,,,,
test_0168,data/raf-db/aligned/test_0168_aligned.jpg,1,surprise,test,neutral,data/raf-db/aligned/test_0168_aligned.jpg,sad,neutral,data/raf-db/aligned/train_08776_aligned.jpg,data/raf-db/aligned/train_10032_aligned.jpg,0.9780235290527344,0.9745590090751648,framework,neutral,0.6837158557941327,3.0,stop,1282.0,False,0.3375106391355112,0.301311372377431,0.2052233524542902,0.02972973381448113,0.683715067931342,0.5647861024123544,0.3023506823332399,0.13920105898009041,0.12427122956809256,0.08464120734757548,0.01226157030418942,0.2819877374546251,0.23293731941135018,0.12469987693407697,sad,0.7694669242501888,2.0,stop,3695.0,False,0.14596232955873498,0.1828327553873022,0.10288718730018521,0.011553318954516537,0.6819695027129667,0.7694729733019612,0.14227148607624507,0.07165731194611345,0.0897581165384417,0.050510424833010395,0.005671872892406801,0.33479940708930994,0.377757501190158,0.0698453655105598,sad,sad,neutral,neutral
test_0169,data/raf-db/aligned/test_0169_aligned.jpg,1,surprise,test,surprise,data/raf-db/aligned/test_0169_aligned.jpg,surprise,surprise,data/raf-db/aligned/train_08924_aligned.jpg,data/raf-db/aligned/train_08215_aligned.jpg,0.9763885736465454,0.9739819169044495,original,,,,,,,,,,,,,,,,,,,,,,,,,,,,,,,,,,,,,,,,,,,,
test_0170,data/raf-db/aligned/test_0170_aligned.jpg,4,happy,test,happy,data/raf-db/aligned/test_0170_aligned.jpg,happy,happy,data/raf-db/aligned/train_01151_aligned.jpg,data/raf-db/aligned/train_01818_aligned.jpg,0.9956248998641968,0.9881448745727539,original,,,,,,,,,,,,,,,,,,,,,,,,,,,,,,,,,,,,,,,,,,,,
test_0171,data/raf-db/aligned/test_0171_aligned.jpg,5,sad,test,sad,data/raf-db/aligned/test_0171_aligned.jpg,sad,sad,data/raf-db/aligned/train_05330_aligned.jpg,data/raf-db/aligned/train_05980_aligned.jpg,0.9871014952659607,0.9832757711410522,original,,,,,,,,,,,,,,,,,,,,,,,,,,,,,,,,,,,,,,,,,,,,
test_0172,data/raf-db/aligned/test_0172_aligned.jpg,3,disgust,test,disgust,data/raf-db/aligned/test_0172_aligned.jpg,disgust,disgust,data/raf-db/aligned/train_00103_aligned.jpg,data/raf-db/aligned/train_07307_aligned.jpg,0.9937314987182617,0.9908545017242432,original,,,,,,,,,,,,,,,,,,,,,,,,,,,,,,,,,,,,,,,,,,,,
test_0173,data/raf-db/aligned/test_0173_aligned.jpg,4,happy,test,happy,data/raf-db/aligned/test_0173_aligned.jpg,happy,happy,data/raf-db/aligned/train_02989_aligned.jpg,data/raf-db/aligned/train_06860_aligned.jpg,0.9982622861862183,0.9979097843170166,original,,,,,,,,,,,,,,,,,,,,,,,,,,,,,,,,,,,,,,,,,,,,
test_0174,data/raf-db/aligned/test_0174_aligned.jpg,4,happy,test,happy,data/raf-db/aligned/test_0174_aligned.jpg,happy,happy,data/raf-db/aligned/train_04860_aligned.jpg,data/raf-db/aligned/train_01590_aligned.jpg,0.9985725283622742,0.9977836608886719,original,,,,,,,,,,,,,,,,,,,,,,,,,,,,,,,,,,,,,,,,,,,,
test_0175,data/raf-db/aligned/test_0175_aligned.jpg,4,happy,test,happy,data/raf-db/aligned/test_0175_aligned.jpg,happy,happy,data/raf-db/aligned/train_04125_aligned.jpg,data/raf-db/aligned/train_05386_aligned.jpg,0.985427975654602,0.970872163772583,original,,,,,,,,,,,,,,,,,,,,,,,,,,,,,,,,,,,,,,,,,,,,
test_0176,data/raf-db/aligned/test_0176_aligned.jpg,4,happy,test,happy,data/raf-db/aligned/test_0176_aligned.jpg,happy,happy,data/raf-db/aligned/train_04531_aligned.jpg,data/raf-db/aligned/train_02450_aligned.jpg,0.9835653901100159,0.9795012474060059,original,,,,,,,,,,,,,,,,,,,,,,,,,,,,,,,,,,,,,,,,,,,,
test_0177,data/raf-db/aligned/test_0177_aligned.jpg,4,happy,test,happy,data/raf-db/aligned/test_0177_aligned.jpg,happy,happy,data/raf-db/aligned/train_02956_aligned.jpg,data/raf-db/aligned/train_03761_aligned.jpg,0.9986413717269897,0.9970371723175049,original,,,,,,,,,,,,,,,,,,,,,,,,,,,,,,,,,,,,,,,,,,,,
test_0178,data/raf-db/aligned/test_0178_aligned.jpg,4,happy,test,happy,data/raf-db/aligned/test_0178_aligned.jpg,happy,happy,data/raf-db/aligned/train_05599_aligned.jpg,data/raf-db/aligned/train_05093_aligned.jpg,0.9986073970794678,0.9981867074966431,original,,,,,,,,,,,,,,,,,,,,,,,,,,,,,,,,,,,,,,,,,,,,
test_0179,data/raf-db/aligned/test_0179_aligned.jpg,4,happy,test,happy,data/raf-db/aligned/test_0179_aligned.jpg,happy,happy,data/raf-db/aligned/train_08999_aligned.jpg,data/raf-db/aligned/train_06256_aligned.jpg,0.9958287477493286,0.9938069581985474,original,,,,,,,,,,,,,,,,,,,,,,,,,,,,,,,,,,,,,,,,,,,,
test_0180,data/raf-db/aligned/test_0180_aligned.jpg,5,sad,test,sad,data/raf-db/aligned/test_0180_aligned.jpg,sad,sad,data/raf-db/aligned/train_08156_aligned.jpg,data/raf-db/aligned/train_02402_aligned.jpg,0.998495876789093,0.998033881187439,original,,,,,,,,,,,,,,,,,,,,,,,,,,,,,,,,,,,,,,,,,,,,
test_0181,data/raf-db/aligned/test_0181_aligned.jpg,4,happy,test,happy,data/raf-db/aligned/test_0181_aligned.jpg,happy,happy,data/raf-db/aligned/train_03549_aligned.jpg,data/raf-db/aligned/train_01770_aligned.jpg,0.9685018062591553,0.9502047896385193,original,,,,,,,,,,,,,,,,,,,,,,,,,,,,,,,,,,,,,,,,,,,,
test_0182,data/raf-db/aligned/test_0182_aligned.jpg,4,happy,test,happy,data/raf-db/aligned/test_0182_aligned.jpg,happy,happy,data/raf-db/aligned/train_02384_aligned.jpg,data/raf-db/aligned/train_04145_aligned.jpg,0.9860197901725769,0.9845061302185059,original,,,,,,,,,,,,,,,,,,,,,,,,,,,,,,,,,,,,,,,,,,,,
test_0183,data/raf-db/aligned/test_0183_aligned.jpg,4,happy,test,happy,data/raf-db/aligned/test_0183_aligned.jpg,happy,happy,data/raf-db/aligned/train_03676_aligned.jpg,data/raf-db/aligned/train_00245_aligned.jpg,0.9866667985916138,0.9856168031692505,original,,,,,,,,,,,,,,,,,,,,,,,,,,,,,,,,,,,,,,,,,,,,
test_0184,data/raf-db/aligned/test_0184_aligned.jpg,4,happy,test,happy,data/raf-db/aligned/test_0184_aligned.jpg,happy,happy,data/raf-db/aligned/train_04403_aligned.jpg,data/raf-db/aligned/train_02400_aligned.jpg,0.9770635366439819,0.9627716541290283,original,,,,,,,,,,,,,,,,,,,,,,,,,,,,,,,,,,,,,,,,,,,,
test_0185,data/raf-db/aligned/test_0185_aligned.jpg,6,angry,test,surprise,data/raf-db/aligned/test_0185_aligned.jpg,surprise,angry,data/raf-db/aligned/train_07180_aligned.jpg,data/raf-db/aligned/train_07514_aligned.jpg,0.9634730815887451,0.9394931793212891,framework,surprise,0.9159448177155224,2.0,stop,1281.0,False,0.2036387685688235,0.18796951397612383,0.11531975981567119,0.022373487894039437,0.12503427688331625,0.1555200954617594,0.915944654065128,0.11799669885514397,0.10891728667614874,0.06682102365207747,0.012964121379863601,0.07245001538587233,0.09011475564841895,0.5307360984024749,surprise,0.724758974396824,2.0,stop,3695.0,False,0.4643202985387434,0.2667788785674499,0.17531906948978052,0.06291682771139691,0.19998329777695487,0.2850567428947056,0.724761860467093,0.21307531548983297,0.12242409796788177,0.08045344164466223,0.02887236021430743,0.09177178857057079,0.13081175993369912,0.33259123617904557,surprise,surprise,surprise,surprise
test_0186,data/raf-db/aligned/test_0186_aligned.jpg,6,angry,test,fear,data/raf-db/aligned/test_0186_aligned.jpg,fear,fear,data/raf-db/aligned/train_09236_aligned.jpg,data/raf-db/aligned/train_09315_aligned.jpg,0.9936572313308716,0.9803372621536255,original,,,,,,,,,,,,,,,,,,,,,,,,,,,,,,,,,,,,,,,,,,,,
test_0187,data/raf-db/aligned/test_0187_aligned.jpg,1,surprise,test,surprise,data/raf-db/aligned/test_0187_aligned.jpg,surprise,surprise,data/raf-db/aligned/train_07990_aligned.jpg,data/raf-db/aligned/train_01176_aligned.jpg,0.9771860837936401,0.9695194363594055,original,,,,,,,,,,,,,,,,,,,,,,,,,,,,,,,,,,,,,,,,,,,,
test_0188,data/raf-db/aligned/test_0188_aligned.jpg,4,happy,test,happy,data/raf-db/aligned/test_0188_aligned.jpg,happy,happy,data/raf-db/aligned/train_06251_aligned.jpg,data/raf-db/aligned/train_06826_aligned.jpg,0.9970089197158813,0.9924516081809998,original,,,,,,,,,,,,,,,,,,,,,,,,,,,,,,,,,,,,,,,,,,,,
test_0189,data/raf-db/aligned/test_0189_aligned.jpg,1,surprise,test,surprise,data/raf-db/aligned/test_0189_aligned.jpg,surprise,surprise,data/raf-db/aligned/train_06945_aligned.jpg,data/raf-db/aligned/train_08247_aligned.jpg,0.9777982234954834,0.9777349233627319,original,,,,,,,,,,,,,,,,,,,,,,,,,,,,,,,,,,,,,,,,,,,,
test_0190,data/raf-db/aligned/test_0190_aligned.jpg,6,angry,test,angry,data/raf-db/aligned/test_0190_aligned.jpg,angry,angry,data/raf-db/aligned/train_01128_aligned.jpg,data/raf-db/aligned/train_07632_aligned.jpg,0.9951961040496826,0.9936285614967346,original,,,,,,,,,,,,,,,,,,,,,,,,,,,,,,,,,,,,,,,,,,,,
test_0191,data/raf-db/aligned/test_0191_aligned.jpg,4,happy,test,happy,data/raf-db/aligned/test_0191_aligned.jpg,happy,happy,data/raf-db/aligned/train_02936_aligned.jpg,data/raf-db/aligned/train_01736_aligned.jpg,0.9986281991004944,0.9978772401809692,original,,,,,,,,,,,,,,,,,,,,,,,,,,,,,,,,,,,,,,,,,,,,
test_0192,data/raf-db/aligned/test_0192_aligned.jpg,4,happy,test,happy,data/raf-db/aligned/test_0192_aligned.jpg,happy,happy,data/raf-db/aligned/train_01303_aligned.jpg,data/raf-db/aligned/train_02725_aligned.jpg,0.96859210729599,0.9632797241210938,original,,,,,,,,,,,,,,,,,,,,,,,,,,,,,,,,,,,,,,,,,,,,
test_0193,data/raf-db/aligned/test_0193_aligned.jpg,4,happy,test,happy,data/raf-db/aligned/test_0193_aligned.jpg,happy,happy,data/raf-db/aligned/train_06206_aligned.jpg,data/raf-db/aligned/train_02975_aligned.jpg,0.9985266923904419,0.9943623542785645,original,,,,,,,,,,,,,,,,,,,,,,,,,,,,,,,,,,,,,,,,,,,,
test_0194,data/raf-db/aligned/test_0194_aligned.jpg,4,happy,test,happy,data/raf-db/aligned/test_0194_aligned.jpg,happy,happy,data/raf-db/aligned/train_04903_aligned.jpg,data/raf-db/aligned/train_03377_aligned.jpg,0.9982486367225647,0.995585024356842,original,,,,,,,,,,,,,,,,,,,,,,,,,,,,,,,,,,,,,,,,,,,,
test_0195,data/raf-db/aligned/test_0195_aligned.jpg,1,surprise,test,surprise,data/raf-db/aligned/test_0195_aligned.jpg,surprise,surprise,data/raf-db/aligned/train_00213_aligned.jpg,data/raf-db/aligned/train_00682_aligned.jpg,0.9816976189613342,0.9767181873321533,original,,,,,,,,,,,,,,,,,,,,,,,,,,,,,,,,,,,,,,,,,,,,
test_0196,data/raf-db/aligned/test_0196_aligned.jpg,1,surprise,test,surprise,data/raf-db/aligned/test_0196_aligned.jpg,surprise,surprise,data/raf-db/aligned/train_06289_aligned.jpg,data/raf-db/aligned/train_04058_aligned.jpg,0.9574594497680664,0.9378147125244141,original,,,,,,,,,,,,,,,,,,,,,,,,,,,,,,,,,,,,,,,,,,,,
test_0197,data/raf-db/aligned/test_0197_aligned.jpg,1,surprise,test,surprise,data/raf-db/aligned/test_0197_aligned.jpg,neutral,surprise,data/raf-db/aligned/train_09956_aligned.jpg,data/raf-db/aligned/train_01120_aligned.jpg,0.9644719362258911,0.9615092873573303,framework,surprise,0.7491428944291693,2.0,stop,1281.0,False,0.2341900166195747,0.3028829641463453,0.42515305315829127,0.04611026153060963,0.2678681428456934,0.2121035021882645,0.7491431174731537,0.10466821867956101,0.13536964889959996,0.19001669406148178,0.020608388892586958,0.11972022444579916,0.09479693485741182,0.33481989016355923,surprise,0.6801128859746,2.0,stop,3695.0,False,0.12114659309943318,0.28316167204143367,0.2002179710074287,0.015846949596692275,0.6827619320901829,0.2981750820011018,0.680113128885263,0.05310132125602544,0.12411623414060198,0.0877601138231662,0.006946080281195595,0.29927016327688255,0.1306969549435585,0.29810913227856967,surprise,surprise,surprise,surprise
test_0198,data/raf-db/aligned/test_0198_aligned.jpg,1,surprise,test,surprise,data/raf-db/aligned/test_0198_aligned.jpg,surprise,surprise,data/raf-db/aligned/train_03567_aligned.jpg,data/raf-db/aligned/train_04604_aligned.jpg,0.99729984998703,0.988125741481781,original,,,,,,,,,,,,,,,,,,,,,,,,,,,,,,,,,,,,,,,,,,,,
test_0199,data/raf-db/aligned/test_0199_aligned.jpg,4,happy,test,happy,data/raf-db/aligned/test_0199_aligned.jpg,happy,happy,data/raf-db/aligned/train_02311_aligned.jpg,data/raf-db/aligned/train_01184_aligned.jpg,0.9977418780326843,0.9972513318061829,original,,,,,,,,,,,,,,,,,,,,,,,,,,,,,,,,,,,,,,,,,,,,
test_0200,data/raf-db/aligned/test_0200_aligned.jpg,1,surprise,test,surprise,data/raf-db/aligned/test_0200_aligned.jpg,surprise,surprise,data/raf-db/aligned/train_07433_aligned.jpg,data/raf-db/aligned/train_00354_aligned.jpg,0.9575462341308594,0.9547479748725891,original,,,,,,,,,,,,,,,,,,,,,,,,,,,,,,,,,,,,,,,,,,,,
test_0201,data/raf-db/aligned/test_0201_aligned.jpg,6,angry,test,angry,data/raf-db/aligned/test_0201_aligned.jpg,angry,angry,data/raf-db/aligned/train_00237_aligned.jpg,data/raf-db/aligned/train_01001_aligned.jpg,0.9956506490707397,0.9915669560432434,original,,,,,,,,,,,,,,,,,,,,,,,,,,,,,,,,,,,,,,,,,,,,
test_0202,data/raf-db/aligned/test_0202_aligned.jpg,5,sad,test,sad,data/raf-db/aligned/test_0202_aligned.jpg,sad,sad,data/raf-db/aligned/train_00305_aligned.jpg,data/raf-db/aligned/train_01731_aligned.jpg,0.9981493949890137,0.9967989325523376,original,,,,,,,,,,,,,,,,,,,,,,,,,,,,,,,,,,,,,,,,,,,,
test_0203,data/raf-db/aligned/test_0203_aligned.jpg,5,sad,test,sad,data/raf-db/aligned/test_0203_aligned.jpg,sad,sad,data/raf-db/aligned/train_07561_aligned.jpg,data/raf-db/aligned/train_06802_aligned.jpg,0.9950752854347229,0.9928617477416992,original,,,,,,,,,,,,,,,,,,,,,,,,,,,,,,,,,,,,,,,,,,,,
test_0204,data/raf-db/aligned/test_0204_aligned.jpg,4,happy,test,happy,data/raf-db/aligned/test_0204_aligned.jpg,happy,happy,data/raf-db/aligned/train_06500_aligned.jpg,data/raf-db/aligned/train_04179_aligned.jpg,0.9946590662002563,0.9922109246253967,original,,,,,,,,,,,,,,,,,,,,,,,,,,,,,,,,,,,,,,,,,,,,
test_0205,data/raf-db/aligned/test_0205_aligned.jpg,5,sad,test,sad,data/raf-db/aligned/test_0205_aligned.jpg,sad,sad,data/raf-db/aligned/train_04300_aligned.jpg,data/raf-db/aligned/train_00277_aligned.jpg,0.983407735824585,0.9794603586196899,original,,,,,,,,,,,,,,,,,,,,,,,,,,,,,,,,,,,,,,,,,,,,
test_0206,data/raf-db/aligned/test_0206_aligned.jpg,4,happy,test,happy,data/raf-db/aligned/test_0206_aligned.jpg,happy,happy,data/raf-db/aligned/train_09153_aligned.jpg,data/raf-db/aligned/train_01643_aligned.jpg,0.996918797492981,0.9959487915039062,original,,,,,,,,,,,,,,,,,,,,,,,,,,,,,,,,,,,,,,,,,,,,
test_0207,data/raf-db/aligned/test_0207_aligned.jpg,1,surprise,test,surprise,data/raf-db/aligned/test_0207_aligned.jpg,surprise,surprise,data/raf-db/aligned/train_05770_aligned.jpg,data/raf-db/aligned/train_08963_aligned.jpg,0.9942777156829834,0.9894800186157227,original,,,,,,,,,,,,,,,,,,,,,,,,,,,,,,,,,,,,,,,,,,,,
test_0208,data/raf-db/aligned/test_0208_aligned.jpg,4,happy,test,happy,data/raf-db/aligned/test_0208_aligned.jpg,happy,happy,data/raf-db/aligned/train_02076_aligned.jpg,data/raf-db/aligned/train_02160_aligned.jpg,0.967720627784729,0.9671719670295715,original,,,,,,,,,,,,,,,,,,,,,,,,,,,,,,,,,,,,,,,,,,,,
test_0209,data/raf-db/aligned/test_0209_aligned.jpg,4,happy,test,happy,data/raf-db/aligned/test_0209_aligned.jpg,happy,happy,data/raf-db/aligned/train_02655_aligned.jpg,data/raf-db/aligned/train_04955_aligned.jpg,0.9958153367042542,0.9957320690155029,original,,,,,,,,,,,,,,,,,,,,,,,,,,,,,,,,,,,,,,,,,,,,
test_0210,data/raf-db/aligned/test_0210_aligned.jpg,5,sad,test,disgust,data/raf-db/aligned/test_0210_aligned.jpg,sad,disgust,data/raf-db/aligned/train_08122_aligned.jpg,data/raf-db/aligned/train_04320_aligned.jpg,0.9801852703094482,0.9768242835998535,framework,sad,0.6603738072781601,2.0,stop,1281.0,False,0.1884592812364934,0.7260866326122777,0.20655101064355838,0.0008967947158144813,0.10927043944297439,0.6603741612805184,0.242912194895993,0.0882899139314639,0.34015903000117614,0.09676557626945544,0.0004201328146534399,0.05119131109052167,0.30937387365313546,0.11380016223959392,sad,0.6214045137544184,2.0,stop,3695.0,False,0.15139048109818376,0.6161326098898212,0.3101615059515078,0.005522737453501655,0.43294336857411186,0.6214337723292248,0.35426379256422064,0.060754293530144686,0.24725928052546103,0.12447046232787018,0.002216321725818128,0.17374387283453036,0.24938668230500638,0.14216908675116932,sad,sad,disgust,disgust
test_0211,data/raf-db/aligned/test_0211_aligned.jpg,5,sad,test,sad,data/raf-db/aligned/test_0211_aligned.jpg,sad,sad,data/raf-db/aligned/train_08797_aligned.jpg,data/raf-db/aligned/train_03554_aligned.jpg,0.9977424144744873,0.9969738721847534,original,,,,,,,,,,,,,,,,,,,,,,,,,,,,,,,,,,,,,,,,,,,,
test_0212,data/raf-db/aligned/test_0212_aligned.jpg,4,happy,test,happy,data/raf-db/aligned/test_0212_aligned.jpg,happy,happy,data/raf-db/aligned/train_06557_aligned.jpg,data/raf-db/aligned/train_05021_aligned.jpg,0.999273419380188,0.9955466389656067,original,,,,,,,,,,,,,,,,,,,,,,,,,,,,,,,,,,,,,,,,,,,,
test_0213,data/raf-db/aligned/test_0213_aligned.jpg,4,happy,test,happy,data/raf-db/aligned/test_0213_aligned.jpg,happy,happy,data/raf-db/aligned/train_08069_aligned.jpg,data/raf-db/aligned/train_05471_aligned.jpg,0.9971887469291687,0.9787231683731079,original,,,,,,,,,,,,,,,,,,,,,,,,,,,,,,,,,,,,,,,,,,,,
test_0214,data/raf-db/aligned/test_0214_aligned.jpg,1,surprise,test,surprise,data/raf-db/aligned/test_0214_aligned.jpg,surprise,surprise,data/raf-db/aligned/train_05047_aligned.jpg,data/raf-db/aligned/train_08481_aligned.jpg,0.9783415198326111,0.9613912105560303,original,,,,,,,,,,,,,,,,,,,,,,,,,,,,,,,,,,,,,,,,,,,,
test_0215,data/raf-db/aligned/test_0215_aligned.jpg,6,angry,test,angry,data/raf-db/aligned/test_0215_aligned.jpg,disgust,angry,data/raf-db/aligned/train_01863_aligned.jpg,data/raf-db/aligned/train_04859_aligned.jpg,0.9954321980476379,0.9916787147521973,framework,angry,0.9251354703536996,2.0,stop,1281.0,False,0.9251418806765462,0.14497675203923754,0.046474351254211475,0.002409341388389525,0.11347616314305893,0.0915779582824408,0.08883460735257193,0.6547864238845953,0.10261000068957601,0.032893089044729,0.0017052563121097038,0.08031487127817817,0.06481600829330203,0.06287435049751,angry,0.8488308695582818,2.0,stop,3695.0,False,0.8488371116483634,0.38491899365203636,0.12056884274751754,0.0016339728565878768,0.1941811222575867,0.2182008585969044,0.11681787395243663,0.45027353800903264,0.20418385899976688,0.06395686363447903,0.0008667560937784871,0.10300518171701767,0.11574667418374796,0.06196712736217732,angry,angry,angry,angry
test_0216,data/raf-db/aligned/test_0216_aligned.jpg,6,angry,test,angry,data/raf-db/aligned/test_0216_aligned.jpg,angry,angry,data/raf-db/aligned/train_06910_aligned.jpg,data/raf-db/aligned/train_03298_aligned.jpg,0.9945200681686401,0.9919979572296143,original,,,,,,,,,,,,,,,,,,,,,,,,,,,,,,,,,,,,,,,,,,,,
test_0217,data/raf-db/aligned/test_0217_aligned.jpg,5,sad,test,sad,data/raf-db/aligned/test_0217_aligned.jpg,sad,sad,data/raf-db/aligned/train_08024_aligned.jpg,data/raf-db/aligned/train_02255_aligned.jpg,0.9984264969825745,0.996446967124939,original,,,,,,,,,,,,,,,,,,,,,,,,,,,,,,,,,,,,,,,,,,,,
test_0218,data/raf-db/aligned/test_0218_aligned.jpg,1,surprise,test,surprise,data/raf-db/aligned/test_0218_aligned.jpg,surprise,surprise,data/raf-db/aligned/train_06516_aligned.jpg,data/raf-db/aligned/train_02872_aligned.jpg,0.9917494058609009,0.9907858371734619,original,,,,,,,,,,,,,,,,,,,,,,,,,,,,,,,,,,,,,,,,,,,,
test_0219,data/raf-db/aligned/test_0219_aligned.jpg,1,surprise,test,surprise,data/raf-db/aligned/test_0219_aligned.jpg,surprise,neutral,data/raf-db/aligned/train_00474_aligned.jpg,data/raf-db/aligned/train_10238_aligned.jpg,0.989205539226532,0.9846649169921875,framework,surprise,0.9487142031184298,2.0,stop,1281.0,False,0.037699256172542384,0.08907823576414184,0.2716104235889886,0.007793382782465156,0.15121794824735177,0.05615891267431518,0.948714090105724,0.0241310413012692,0.057018381912646084,0.1738560124232578,0.004988492105508412,0.09679359555395566,0.035946943753370056,0.6072655329499927,surprise,0.7142654083412484,2.0,stop,3695.0,False,0.1441862328745917,0.24654629009557122,0.32643395534749453,0.06103968629110308,0.5728721983535429,0.2470839945277774,0.7143390266844322,0.06235076608443261,0.10661454811780799,0.14116054484612586,0.026395524218417815,0.24772836992616087,0.10684706881417858,0.30890317799287614,surprise,surprise,surprise,surprise
test_0220,data/raf-db/aligned/test_0220_aligned.jpg,5,sad,test,sad,data/raf-db/aligned/test_0220_aligned.jpg,sad,sad,data/raf-db/aligned/train_07570_aligned.jpg,data/raf-db/aligned/train_04877_aligned.jpg,0.9958297610282898,0.9939011335372925,original,,,,,,,,,,,,,,,,,,,,,,,,,,,,,,,,,,,,,,,,,,,,
test_0221,data/raf-db/aligned/test_0221_aligned.jpg,4,happy,test,happy,data/raf-db/aligned/test_0221_aligned.jpg,happy,happy,data/raf-db/aligned/train_02847_aligned.jpg,data/raf-db/aligned/train_08320_aligned.jpg,0.9870595932006836,0.9865115284919739,original,,,,,,,,,,,,,,,,,,,,,,,,,,,,,,,,,,,,,,,,,,,,
test_0222,data/raf-db/aligned/test_0222_aligned.jpg,4,happy,test,happy,data/raf-db/aligned/test_0222_aligned.jpg,happy,happy,data/raf-db/aligned/train_03593_aligned.jpg,data/raf-db/aligned/train_02749_aligned.jpg,0.9937252998352051,0.9931698441505432,original,,,,,,,,,,,,,,,,,,,,,,,,,,,,,,,,,,,,,,,,,,,,
test_0223,data/raf-db/aligned/test_0223_aligned.jpg,4,happy,test,happy,data/raf-db/aligned/test_0223_aligned.jpg,happy,happy,data/raf-db/aligned/train_02175_aligned.jpg,data/raf-db/aligned/train_03701_aligned.jpg,0.9939308166503906,0.9915186166763306,original,,,,,,,,,,,,,,,,,,,,,,,,,,,,,,,,,,,,,,,,,,,,
test_0224,data/raf-db/aligned/test_0224_aligned.jpg,4,happy,test,happy,data/raf-db/aligned/test_0224_aligned.jpg,happy,happy,data/raf-db/aligned/train_01066_aligned.jpg,data/raf-db/aligned/train_01890_aligned.jpg,0.9969533681869507,0.99651700258255,original,,,,,,,,,,,,,,,,,,,,,,,,,,,,,,,,,,,,,,,,,,,,
test_0225,data/raf-db/aligned/test_0225_aligned.jpg,6,angry,test,surprise,data/raf-db/aligned/test_0225_aligned.jpg,angry,fear,data/raf-db/aligned/train_03298_aligned.jpg,data/raf-db/aligned/train_09225_aligned.jpg,0.9791617393493652,0.9786946773529053,framework,surprise,0.7349072516619977,2.0,stop,1281.0,False,0.3248940841709658,0.20961526033375782,0.19624804865681367,0.08287186323388929,0.10795179271860068,0.2966422188743625,0.7348486820195619,0.16635028943487876,0.10732592843438482,0.10048173015644132,0.042431546484271554,0.05527281916990369,0.1518849415010823,0.37625274481903753,anger,0.47166940898238113,2.0,stop,3695.0,False,0.41624917426092406,0.28151577654225407,0.48734688512996294,0.009313493755943885,0.1173997217098356,0.21621929473189064,0.5214331160864354,0.20310014720074113,0.13735978156973416,0.23779079990600246,0.004544326018529618,0.05728275810499796,0.1054997182052306,0.25442246899476423,surprise,surprise,surprise,surprise
test_0226,data/raf-db/aligned/test_0226_aligned.jpg,1,surprise,test,surprise,data/raf-db/aligned/test_0226_aligned.jpg,surprise,surprise,data/raf-db/aligned/train_02292_aligned.jpg,data/raf-db/aligned/train_08735_aligned.jpg,0.9965326189994812,0.980906069278717,original,,,,,,,,,,,,,,,,,,,,,,,,,,,,,,,,,,,,,,,,,,,,
test_0227,data/raf-db/aligned/test_0227_aligned.jpg,4,happy,test,happy,data/raf-db/aligned/test_0227_aligned.jpg,happy,happy,data/raf-db/aligned/train_02214_aligned.jpg,data/raf-db/aligned/train_06625_aligned.jpg,0.9924400448799133,0.9915657639503479,original,,,,,,,,,,,,,,,,,,,,,,,,,,,,,,,,,,,,,,,,,,,,
test_0228,data/raf-db/aligned/test_0228_aligned.jpg,6,angry,test,angry,data/raf-db/aligned/test_0228_aligned.jpg,angry,angry,data/raf-db/aligned/train_03618_aligned.jpg,data/raf-db/aligned/train_06793_aligned.jpg,0.9901619553565979,0.9897859692573547,original,,,,,,,,,,,,,,,,,,,,,,,,,,,,,,,,,,,,,,,,,,,,
test_0229,data/raf-db/aligned/test_0229_aligned.jpg,5,sad,test,neutral,data/raf-db/aligned/test_0229_aligned.jpg,neutral,neutral,data/raf-db/aligned/train_10593_aligned.jpg,data/raf-db/aligned/train_10695_aligned.jpg,0.9948936700820923,0.9946610927581787,original,,,,,,,,,,,,,,,,,,,,,,,,,,,,,,,,,,,,,,,,,,,,
test_0230,data/raf-db/aligned/test_0230_aligned.jpg,4,happy,test,happy,data/raf-db/aligned/test_0230_aligned.jpg,happy,happy,data/raf-db/aligned/train_03095_aligned.jpg,data/raf-db/aligned/train_03719_aligned.jpg,0.9921547770500183,0.991057276725769,original,,,,,,,,,,,,,,,,,,,,,,,,,,,,,,,,,,,,,,,,,,,,
test_0231,data/raf-db/aligned/test_0231_aligned.jpg,4,happy,test,happy,data/raf-db/aligned/test_0231_aligned.jpg,happy,happy,data/raf-db/aligned/train_05597_aligned.jpg,data/raf-db/aligned/train_02449_aligned.jpg,0.9867002964019775,0.9797964692115784,original,,,,,,,,,,,,,,,,,,,,,,,,,,,,,,,,,,,,,,,,,,,,
test_0232,data/raf-db/aligned/test_0232_aligned.jpg,4,happy,test,happy,data/raf-db/aligned/test_0232_aligned.jpg,happy,happy,data/raf-db/aligned/train_02799_aligned.jpg,data/raf-db/aligned/train_00940_aligned.jpg,0.997219979763031,0.9954857230186462,original,,,,,,,,,,,,,,,,,,,,,,,,,,,,,,,,,,,,,,,,,,,,
test_0233,data/raf-db/aligned/test_0233_aligned.jpg,4,happy,test,happy,data/raf-db/aligned/test_0233_aligned.jpg,happy,happy,data/raf-db/aligned/train_04016_aligned.jpg,data/raf-db/aligned/train_01024_aligned.jpg,0.9983294606208801,0.997226357460022,original,,,,,,,,,,,,,,,,,,,,,,,,,,,,,,,,,,,,,,,,,,,,
test_0234,data/raf-db/aligned/test_0234_aligned.jpg,4,happy,test,happy,data/raf-db/aligned/test_0234_aligned.jpg,happy,happy,data/raf-db/aligned/train_03084_aligned.jpg,data/raf-db/aligned/train_03162_aligned.jpg,0.9964839220046997,0.9957752823829651,original,,,,,,,,,,,,,,,,,,,,,,,,,,,,,,,,,,,,,,,,,,,,
test_0235,data/raf-db/aligned/test_0235_aligned.jpg,1,surprise,test,surprise,data/raf-db/aligned/test_0235_aligned.jpg,surprise,surprise,data/raf-db/aligned/train_04553_aligned.jpg,data/raf-db/aligned/train_06132_aligned.jpg,0.994906485080719,0.9945125579833984,original,,,,,,,,,,,,,,,,,,,,,,,,,,,,,,,,,,,,,,,,,,,,
test_0236,data/raf-db/aligned/test_0236_aligned.jpg,4,happy,test,happy,data/raf-db/aligned/test_0236_aligned.jpg,happy,happy,data/raf-db/aligned/train_08643_aligned.jpg,data/raf-db/aligned/train_08071_aligned.jpg,0.9967573881149292,0.9964175820350647,original,,,,,,,,,,,,,,,,,,,,,,,,,,,,,,,,,,,,,,,,,,,,
test_0237,data/raf-db/aligned/test_0237_aligned.jpg,4,happy,test,happy,data/raf-db/aligned/test_0237_aligned.jpg,happy,happy,data/raf-db/aligned/train_03570_aligned.jpg,data/raf-db/aligned/train_02956_aligned.jpg,0.9965918064117432,0.9948200583457947,original,,,,,,,,,,,,,,,,,,,,,,,,,,,,,,,,,,,,,,,,,,,,
test_0238,data/raf-db/aligned/test_0238_aligned.jpg,4,happy,test,happy,data/raf-db/aligned/test_0238_aligned.jpg,happy,happy,data/raf-db/aligned/train_03665_aligned.jpg,data/raf-db/aligned/train_01894_aligned.jpg,0.994287371635437,0.9925540089607239,original,,,,,,,,,,,,,,,,,,,,,,,,,,,,,,,,,,,,,,,,,,,,
test_0239,data/raf-db/aligned/test_0239_aligned.jpg,4,happy,test,happy,data/raf-db/aligned/test_0239_aligned.jpg,happy,happy,data/raf-db/aligned/train_07497_aligned.jpg,data/raf-db/aligned/train_02533_aligned.jpg,0.9822132587432861,0.9775370359420776,original,,,,,,,,,,,,,,,,,,,,,,,,,,,,,,,,,,,,,,,,,,,,
test_0240,data/raf-db/aligned/test_0240_aligned.jpg,5,sad,test,sad,data/raf-db/aligned/test_0240_aligned.jpg,sad,sad,data/raf-db/aligned/train_04391_aligned.jpg,data/raf-db/aligned/train_01386_aligned.jpg,0.9964250326156616,0.9932647943496704,original,,,,,,,,,,,,,,,,,,,,,,,,,,,,,,,,,,,,,,,,,,,,
test_0241,data/raf-db/aligned/test_0241_aligned.jpg,1,surprise,test,surprise,data/raf-db/aligned/test_0241_aligned.jpg,surprise,surprise,data/raf-db/aligned/train_07930_aligned.jpg,data/raf-db/aligned/train_08794_aligned.jpg,0.9922897219657898,0.9841131567955017,original,,,,,,,,,,,,,,,,,,,,,,,,,,,,,,,,,,,,,,,,,,,,
test_0242,data/raf-db/aligned/test_0242_aligned.jpg,5,sad,test,sad,data/raf-db/aligned/test_0242_aligned.jpg,sad,sad,data/raf-db/aligned/train_04361_aligned.jpg,data/raf-db/aligned/train_05846_aligned.jpg,0.9918224215507507,0.9901241064071655,original,,,,,,,,,,,,,,,,,,,,,,,,,,,,,,,,,,,,,,,,,,,,
test_0243,data/raf-db/aligned/test_0243_aligned.jpg,1,surprise,test,surprise,data/raf-db/aligned/test_0243_aligned.jpg,neutral,sad,data/raf-db/aligned/train_10194_aligned.jpg,data/raf-db/aligned/train_05661_aligned.jpg,0.9741342067718506,0.9741263389587402,framework,surprise,0.932749549413076,2.0,stop,1281.0,False,0.08620733818284253,0.17090792122061016,0.20745974083327126,0.01924413601499667,0.2679716237812579,0.12691792187149475,0.9326765913137202,0.04759193941644588,0.0943520540591384,0.1145309857050391,0.010623988336179094,0.14793739782656326,0.07006677361686083,0.5148968610397734,neutral,0.7511654275758701,3.0,stop,3696.0,False,0.11587329491208673,0.2054913896391658,0.1355924625391317,0.02545501737288883,0.7511655469658544,0.6507378667984431,0.25480116635421457,0.05416875689724962,0.09606366279898437,0.06338712596335697,0.011899779400710313,0.35115687297969955,0.30420867325110285,0.11911512870889629,surprise,surprise,surprise,surprise
test_0244,data/raf-db/aligned/test_0244_aligned.jpg,6,angry,test,angry,data/raf-db/aligned/test_0244_aligned.jpg,sad,angry,data/raf-db/aligned/train_08105_aligned.jpg,data/raf-db/aligned/train_00150_aligned.jpg,0.9439573287963867,0.9318178296089172,framework,surprise,0.7670374987322136,2.0,stop,1281.0,False,0.25622922314126184,0.22913386224620888,0.15982425037850068,0.13137238527765285,0.21190609348155712,0.29148001480683056,0.7670372703158492,0.12517407846959777,0.11193734930475312,0.07807795306468088,0.06417853928557232,0.10352117392567185,0.14239492981499133,0.3747159761347328,angry,0.7606321283850807,2.0,stop,3695.0,False,0.7606410542002403,0.2888769353529749,0.12311946148061872,0.009492101691737333,0.22538059732577803,0.4226989202659813,0.2059950095902215,0.3735583587646946,0.1418703253782354,0.06046518750036519,0.004661665196235288,0.11068664459999057,0.20759162818550717,0.10116619037497168,surprise,surprise,angry,angry
test_0245,data/raf-db/aligned/test_0245_aligned.jpg,1,surprise,test,surprise,data/raf-db/aligned/test_0245_aligned.jpg,fear,disgust,data/raf-db/aligned/train_09257_aligned.jpg,data/raf-db/aligned/train_03782_aligned.jpg,0.9691890478134155,0.9554939270019531,framework,surprise,0.9652934149097151,2.0,stop,1281.0,False,0.03961020660784789,0.18027494975691938,0.16693017962681542,0.011739085410673105,0.07225548973911897,0.04682115805427472,0.965338892013571,0.026710053233680843,0.12156345338911813,0.11256477473805322,0.007915929329479474,0.04872350191112537,0.03157255998368068,0.6509497274148623,surprise,0.7718570539752421,2.0,stop,3695.0,False,0.09812350726864391,0.4501716172971992,0.4111228205145678,0.007509769238383388,0.18016259009455343,0.2758673395495387,0.7717879180112446,0.04470837484249597,0.2051133512224891,0.187321404192644,0.0034217038040749,0.08208814416396436,0.12569445147956074,0.3516525702947709,surprise,surprise,surprise,surprise
test_0246,data/raf-db/aligned/test_0246_aligned.jpg,1,surprise,test,surprise,data/raf-db/aligned/test_0246_aligned.jpg,surprise,surprise,data/raf-db/aligned/train_04304_aligned.jpg,data/raf-db/aligned/train_02636_aligned.jpg,0.9943500757217407,0.9912003874778748,original,,,,,,,,,,,,,,,,,,,,,,,,,,,,,,,,,,,,,,,,,,,,
test_0247,data/raf-db/aligned/test_0247_aligned.jpg,4,happy,test,happy,data/raf-db/aligned/test_0247_aligned.jpg,happy,happy,data/raf-db/aligned/train_07524_aligned.jpg,data/raf-db/aligned/train_05410_aligned.jpg,0.9980696439743042,0.997702419757843,original,,,,,,,,,,,,,,,,,,,,,,,,,,,,,,,,,,,,,,,,,,,,
test_0248,data/raf-db/aligned/test_0248_aligned.jpg,4,happy,test,happy,data/raf-db/aligned/test_0248_aligned.jpg,happy,happy,data/raf-db/aligned/train_00906_aligned.jpg,data/raf-db/aligned/train_03816_aligned.jpg,0.9906957745552063,0.9890861511230469,original,,,,,,,,,,,,,,,,,,,,,,,,,,,,,,,,,,,,,,,,,,,,
test_0249,data/raf-db/aligned/test_0249_aligned.jpg,1,surprise,test,surprise,data/raf-db/aligned/test_0249_aligned.jpg,surprise,surprise,data/raf-db/aligned/train_01149_aligned.jpg,data/raf-db/aligned/train_05499_aligned.jpg,0.9868322014808655,0.9848712682723999,original,,,,,,,,,,,,,,,,,,,,,,,,,,,,,,,,,,,,,,,,,,,,
test_0250,data/raf-db/aligned/test_0250_aligned.jpg,4,happy,test,sad,data/raf-db/aligned/test_0250_aligned.jpg,sad,sad,data/raf-db/aligned/train_06170_aligned.jpg,data/raf-db/aligned/train_04865_aligned.jpg,0.923631489276886,0.918192982673645,original,,,,,,,,,,,,,,,,,,,,,,,,,,,,,,,,,,,,,,,,,,,,
test_0251,data/raf-db/aligned/test_0251_aligned.jpg,4,happy,test,happy,data/raf-db/aligned/test_0251_aligned.jpg,happy,happy,data/raf-db/aligned/train_04016_aligned.jpg,data/raf-db/aligned/train_07876_aligned.jpg,0.9983330965042114,0.9977036118507385,original,,,,,,,,,,,,,,,,,,,,,,,,,,,,,,,,,,,,,,,,,,,,
test_0252,data/raf-db/aligned/test_0252_aligned.jpg,4,happy,test,happy,data/raf-db/aligned/test_0252_aligned.jpg,happy,happy,data/raf-db/aligned/train_05210_aligned.jpg,data/raf-db/aligned/train_07542_aligned.jpg,0.9947128891944885,0.9919938445091248,original,,,,,,,,,,,,,,,,,,,,,,,,,,,,,,,,,,,,,,,,,,,,
test_0253,data/raf-db/aligned/test_0253_aligned.jpg,4,happy,test,happy,data/raf-db/aligned/test_0253_aligned.jpg,happy,happy,data/raf-db/aligned/train_02335_aligned.jpg,data/raf-db/aligned/train_03915_aligned.jpg,0.9987479448318481,0.9955472946166992,original,,,,,,,,,,,,,,,,,,,,,,,,,,,,,,,,,,,,,,,,,,,,
test_0254,data/raf-db/aligned/test_0254_aligned.jpg,4,happy,test,happy,data/raf-db/aligned/test_0254_aligned.jpg,happy,happy,data/raf-db/aligned/train_02514_aligned.jpg,data/raf-db/aligned/train_07925_aligned.jpg,0.981772243976593,0.9806274771690369,original,,,,,,,,,,,,,,,,,,,,,,,,,,,,,,,,,,,,,,,,,,,,
test_0255,data/raf-db/aligned/test_0255_aligned.jpg,4,happy,test,happy,data/raf-db/aligned/test_0255_aligned.jpg,happy,happy,data/raf-db/aligned/train_02735_aligned.jpg,data/raf-db/aligned/train_02176_aligned.jpg,0.9978973865509033,0.9968224763870239,original,,,,,,,,,,,,,,,,,,,,,,,,,,,,,,,,,,,,,,,,,,,,
test_0256,data/raf-db/aligned/test_0256_aligned.jpg,4,happy,test,happy,data/raf-db/aligned/test_0256_aligned.jpg,happy,happy,data/raf-db/aligned/train_06022_aligned.jpg,data/raf-db/aligned/train_03135_aligned.jpg,0.9891972541809082,0.9744731187820435,original,,,,,,,,,,,,,,,,,,,,,,,,,,,,,,,,,,,,,,,,,,,,
test_0257,data/raf-db/aligned/test_0257_aligned.jpg,4,happy,test,happy,data/raf-db/aligned/test_0257_aligned.jpg,happy,happy,data/raf-db/aligned/train_06529_aligned.jpg,data/raf-db/aligned/train_02773_aligned.jpg,0.9884688258171082,0.9782314896583557,original,,,,,,,,,,,,,,,,,,,,,,,,,,,,,,,,,,,,,,,,,,,,
test_0258,data/raf-db/aligned/test_0258_aligned.jpg,4,happy,test,happy,data/raf-db/aligned/test_0258_aligned.jpg,happy,happy,data/raf-db/aligned/train_07610_aligned.jpg,data/raf-db/aligned/train_02057_aligned.jpg,0.9932377338409424,0.992074728012085,original,,,,,,,,,,,,,,,,,,,,,,,,,,,,,,,,,,,,,,,,,,,,
test_0259,data/raf-db/aligned/test_0259_aligned.jpg,1,surprise,test,surprise,data/raf-db/aligned/test_0259_aligned.jpg,surprise,surprise,data/raf-db/aligned/train_06293_aligned.jpg,data/raf-db/aligned/train_02926_aligned.jpg,0.9917449951171875,0.9851803779602051,original,,,,,,,,,,,,,,,,,,,,,,,,,,,,,,,,,,,,,,,,,,,,
test_0260,data/raf-db/aligned/test_0260_aligned.jpg,4,happy,test,neutral,data/raf-db/aligned/test_0260_aligned.jpg,neutral,happy,data/raf-db/aligned/train_12268_aligned.jpg,data/raf-db/aligned/train_04118_aligned.jpg,0.9916737675666809,0.9904675483703613,framework,neutral,0.7447241837597305,3.0,stop,1282.0,False,0.08733667039556428,0.17547994438147224,0.06899297208769456,0.3216819386085719,0.744724627643068,0.18920143901611494,0.4415521203989282,0.043044836921986365,0.08648721727961985,0.03400394380535946,0.15854447536687483,0.3670457094768178,0.09325000656617025,0.2176238105831714,neutral,0.8179650076196159,3.0,stop,3696.0,False,0.07703588293958981,0.16730911131462328,0.056641648038067385,0.2585228272913642,0.8179647801008154,0.30808941277642565,0.2636587183062809,0.03952134127932101,0.08583377297811165,0.029058586950850937,0.13262869841952865,0.4196364602477447,0.1580576007213549,0.13526353940308813,neutral,neutral,neutral,neutral
test_0261,data/raf-db/aligned/test_0261_aligned.jpg,4,happy,test,happy,data/raf-db/aligned/test_0261_aligned.jpg,happy,happy,data/raf-db/aligned/train_08091_aligned.jpg,data/raf-db/aligned/train_03218_aligned.jpg,0.996594250202179,0.9953968524932861,original,,,,,,,,,,,,,,,,,,,,,,,,,,,,,,,,,,,,,,,,,,,,
test_0262,data/raf-db/aligned/test_0262_aligned.jpg,4,happy,test,happy,data/raf-db/aligned/test_0262_aligned.jpg,happy,happy,data/raf-db/aligned/train_03798_aligned.jpg,data/raf-db/aligned/train_03387_aligned.jpg,0.996841549873352,0.9933708310127258,original,,,,,,,,,,,,,,,,,,,,,,,,,,,,,,,,,,,,,,,,,,,,
test_0263,data/raf-db/aligned/test_0263_aligned.jpg,3,disgust,test,disgust,data/raf-db/aligned/test_0263_aligned.jpg,disgust,disgust,data/raf-db/aligned/train_00967_aligned.jpg,data/raf-db/aligned/train_09558_aligned.jpg,0.9835457801818848,0.9814688563346863,original,,,,,,,,,,,,,,,,,,,,,,,,,,,,,,,,,,,,,,,,,,,,
test_0264,data/raf-db/aligned/test_0264_aligned.jpg,5,sad,test,sad,data/raf-db/aligned/test_0264_aligned.jpg,disgust,sad,data/raf-db/aligned/train_01576_aligned.jpg,data/raf-db/aligned/train_04170_aligned.jpg,0.9951818585395813,0.9932527542114258,framework,sad,0.9359640901534403,2.0,stop,1281.0,False,0.15183280976903427,0.21221782928444885,0.19148024795874624,0.0026207507599241954,0.22261906688784364,0.9359440184713597,0.1433952619409804,0.08162571621437197,0.1140888608671148,0.10294028283026492,0.0014089224728409155,0.11968059344576137,0.5031659557673748,0.07708966840227137,sad,0.727679443427865,2.0,stop,3695.0,False,0.18346335308511014,0.6032548539608787,0.21991066568455864,0.004587034764968514,0.3169430204008807,0.7277476357039833,0.2849247291731929,0.07837529925863666,0.2577096674259263,0.09394554249315157,0.0019595751215088593,0.1353976347545087,0.3108928174151753,0.12171946353109243,sad,sad,sad,sad
test_0265,data/raf-db/aligned/test_0265_aligned.jpg,4,happy,test,happy,data/raf-db/aligned/test_0265_aligned.jpg,happy,happy,data/raf-db/aligned/train_03682_aligned.jpg,data/raf-db/aligned/train_06839_aligned.jpg,0.9944238662719727,0.9940103888511658,original,,,,,,,,,,,,,,,,,,,,,,,,,,,,,,,,,,,,,,,,,,,,
test_0266,data/raf-db/aligned/test_0266_aligned.jpg,4,happy,test,happy,data/raf-db/aligned/test_0266_aligned.jpg,happy,happy,data/raf-db/aligned/train_05389_aligned.jpg,data/raf-db/aligned/train_04593_aligned.jpg,0.9976412653923035,0.9951978325843811,original,,,,,,,,,,,,,,,,,,,,,,,,,,,,,,,,,,,,,,,,,,,,
test_0267,data/raf-db/aligned/test_0267_aligned.jpg,4,happy,test,happy,data/raf-db/aligned/test_0267_aligned.jpg,happy,happy,data/raf-db/aligned/train_06428_aligned.jpg,data/raf-db/aligned/train_04332_aligned.jpg,0.9979937076568604,0.9974194765090942,original,,,,,,,,,,,,,,,,,,,,,,,,,,,,,,,,,,,,,,,,,,,,
test_0268,data/raf-db/aligned/test_0268_aligned.jpg,4,happy,test,happy,data/raf-db/aligned/test_0268_aligned.jpg,happy,happy,data/raf-db/aligned/train_03115_aligned.jpg,data/raf-db/aligned/train_02770_aligned.jpg,0.9979050755500793,0.993121862411499,original,,,,,,,,,,,,,,,,,,,,,,,,,,,,,,,,,,,,,,,,,,,,
test_0269,data/raf-db/aligned/test_0269_aligned.jpg,4,happy,test,happy,data/raf-db/aligned/test_0269_aligned.jpg,happy,happy,data/raf-db/aligned/train_01690_aligned.jpg,data/raf-db/aligned/train_02369_aligned.jpg,0.9996209740638733,0.9967957735061646,original,,,,,,,,,,,,,,,,,,,,,,,,,,,,,,,,,,,,,,,,,,,,
test_0270,data/raf-db/aligned/test_0270_aligned.jpg,4,happy,test,happy,data/raf-db/aligned/test_0270_aligned.jpg,happy,happy,data/raf-db/aligned/train_03046_aligned.jpg,data/raf-db/aligned/train_03532_aligned.jpg,0.9996954798698425,0.9973595142364502,original,,,,,,,,,,,,,,,,,,,,,,,,,,,,,,,,,,,,,,,,,,,,
test_0271,data/raf-db/aligned/test_0271_aligned.jpg,4,happy,test,happy,data/raf-db/aligned/test_0271_aligned.jpg,happy,happy,data/raf-db/aligned/train_02440_aligned.jpg,data/raf-db/aligned/train_01535_aligned.jpg,0.9968944787979126,0.9959158897399902,original,,,,,,,,,,,,,,,,,,,,,,,,,,,,,,,,,,,,,,,,,,,,
test_0272,data/raf-db/aligned/test_0272_aligned.jpg,4,happy,test,happy,data/raf-db/aligned/test_0272_aligned.jpg,happy,happy,data/raf-db/aligned/train_08720_aligned.jpg,data/raf-db/aligned/train_08905_aligned.jpg,0.9914714097976685,0.9889262914657593,original,,,,,,,,,,,,,,,,,,,,,,,,,,,,,,,,,,,,,,,,,,,,
test_0273,data/raf-db/aligned/test_0273_aligned.jpg,5,sad,test,sad,data/raf-db/aligned/test_0273_aligned.jpg,sad,sad,data/raf-db/aligned/train_00970_aligned.jpg,data/raf-db/aligned/train_09131_aligned.jpg,0.9909083247184753,0.9866225719451904,original,,,,,,,,,,,,,,,,,,,,,,,,,,,,,,,,,,,,,,,,,,,,
test_0274,data/raf-db/aligned/test_0274_aligned.jpg,2,fear,test,sad,data/raf-db/aligned/test_0274_aligned.jpg,sad,sad,data/raf-db/aligned/train_05985_aligned.jpg,data/raf-db/aligned/train_00861_aligned.jpg,0.9888699054718018,0.9840131402015686,original,,,,,,,,,,,,,,,,,,,,,,,,,,,,,,,,,,,,,,,,,,,,
test_0275,data/raf-db/aligned/test_0275_aligned.jpg,4,happy,test,happy,data/raf-db/aligned/test_0275_aligned.jpg,happy,happy,data/raf-db/aligned/train_02265_aligned.jpg,data/raf-db/aligned/train_08202_aligned.jpg,0.9944970607757568,0.9915932416915894,original,,,,,,,,,,,,,,,,,,,,,,,,,,,,,,,,,,,,,,,,,,,,
test_0276,data/raf-db/aligned/test_0276_aligned.jpg,5,sad,test,sad,data/raf-db/aligned/test_0276_aligned.jpg,sad,sad,data/raf-db/aligned/train_06877_aligned.jpg,data/raf-db/aligned/train_08797_aligned.jpg,0.997367262840271,0.9930018186569214,original,,,,,,,,,,,,,,,,,,,,,,,,,,,,,,,,,,,,,,,,,,,,
test_0277,data/raf-db/aligned/test_0277_aligned.jpg,4,happy,test,happy,data/raf-db/aligned/test_0277_aligned.jpg,happy,happy,data/raf-db/aligned/train_01808_aligned.jpg,data/raf-db/aligned/train_02031_aligned.jpg,0.9985249042510986,0.9977993965148926,original,,,,,,,,,,,,,,,,,,,,,,,,,,,,,,,,,,,,,,,,,,,,
test_0278,data/raf-db/aligned/test_0278_aligned.jpg,5,sad,test,sad,data/raf-db/aligned/test_0278_aligned.jpg,sad,sad,data/raf-db/aligned/train_08464_aligned.jpg,data/raf-db/aligned/train_08812_aligned.jpg,0.9840241074562073,0.9812517762184143,original,,,,,,,,,,,,,,,,,,,,,,,,,,,,,,,,,,,,,,,,,,,,
test_0279,data/raf-db/aligned/test_0279_aligned.jpg,4,happy,test,happy,data/raf-db/aligned/test_0279_aligned.jpg,happy,happy,data/raf-db/aligned/train_02930_aligned.jpg,data/raf-db/aligned/train_01973_aligned.jpg,0.9767497181892395,0.9697393178939819,original,,,,,,,,,,,,,,,,,,,,,,,,,,,,,,,,,,,,,,,,,,,,
test_0280,data/raf-db/aligned/test_0280_aligned.jpg,3,disgust,test,disgust,data/raf-db/aligned/test_0280_aligned.jpg,disgust,disgust,data/raf-db/aligned/train_09556_aligned.jpg,data/raf-db/aligned/train_06993_aligned.jpg,0.9927406311035156,0.9915491342544556,original,,,,,,,,,,,,,,,,,,,,,,,,,,,,,,,,,,,,,,,,,,,,
test_0281,data/raf-db/aligned/test_0281_aligned.jpg,3,disgust,test,sad,data/raf-db/aligned/test_0281_aligned.jpg,sad,neutral,data/raf-db/aligned/train_02329_aligned.jpg,data/raf-db/aligned/train_10108_aligned.jpg,0.9753177165985107,0.964707612991333,framework,sad,0.6053112259831177,2.0,stop,1281.0,False,0.3359651738498428,0.4702561894708595,0.12178027645836625,0.009781036693289282,0.6587258467909081,0.6053023658519356,0.17345629974461196,0.1414431081377057,0.1979803331921551,0.05127013795733177,0.0041178679767746125,0.2773270518282672,0.2548354849049616,0.07302601600280398,sad,0.7405796884185876,2.0,stop,3695.0,False,0.23285145162825396,0.24391975541498886,0.13046023617602967,0.014633141984970382,0.6648673581181004,0.7406114793942663,0.1704599371613494,0.10594735447177762,0.1109834300319449,0.05935937607415158,0.006658076082740606,0.30251448799087266,0.33697804494911293,0.07755923039939971,sad,sad,sad,sad
test_0282,data/raf-db/aligned/test_0282_aligned.jpg,4,happy,test,happy,data/raf-db/aligned/test_0282_aligned.jpg,happy,happy,data/raf-db/aligned/train_03269_aligned.jpg,data/raf-db/aligned/train_04154_aligned.jpg,0.9824401140213013,0.98023921251297,original,,,,,,,,,,,,,,,,,,,,,,,,,,,,,,,,,,,,,,,,,,,,
test_0283,data/raf-db/aligned/test_0283_aligned.jpg,3,disgust,test,neutral,data/raf-db/aligned/test_0283_aligned.jpg,neutral,neutral,data/raf-db/aligned/train_11129_aligned.jpg,data/raf-db/aligned/train_11620_aligned.jpg,0.9371726512908936,0.9293428659439087,original,,,,,,,,,,,,,,,,,,,,,,,,,,,,,,,,,,,,,,,,,,,,
test_0284,data/raf-db/aligned/test_0284_aligned.jpg,5,sad,test,neutral,data/raf-db/aligned/test_0284_aligned.jpg,neutral,neutral,data/raf-db/aligned/train_11701_aligned.jpg,data/raf-db/aligned/train_12228_aligned.jpg,0.9904364347457886,0.9873452186584473,original,,,,,,,,,,,,,,,,,,,,,,,,,,,,,,,,,,,,,,,,,,,,
test_0285,data/raf-db/aligned/test_0285_aligned.jpg,4,happy,test,happy,data/raf-db/aligned/test_0285_aligned.jpg,happy,happy,data/raf-db/aligned/train_03100_aligned.jpg,data/raf-db/aligned/train_08100_aligned.jpg,0.9968144297599792,0.9942208528518677,original,,,,,,,,,,,,,,,,,,,,,,,,,,,,,,,,,,,,,,,,,,,,
test_0286,data/raf-db/aligned/test_0286_aligned.jpg,6,angry,test,angry,data/raf-db/aligned/test_0286_aligned.jpg,angry,angry,data/raf-db/aligned/train_03705_aligned.jpg,data/raf-db/aligned/train_01318_aligned.jpg,0.9750243425369263,0.9597145318984985,original,,,,,,,,,,,,,,,,,,,,,,,,,,,,,,,,,,,,,,,,,,,,
test_0287,data/raf-db/aligned/test_0287_aligned.jpg,4,happy,test,happy,data/raf-db/aligned/test_0287_aligned.jpg,happy,happy,data/raf-db/aligned/train_02222_aligned.jpg,data/raf-db/aligned/train_02906_aligned.jpg,0.9949268698692322,0.9766055345535278,original,,,,,,,,,,,,,,,,,,,,,,,,,,,,,,,,,,,,,,,,,,,,
test_0288,data/raf-db/aligned/test_0288_aligned.jpg,1,surprise,test,surprise,data/raf-db/aligned/test_0288_aligned.jpg,surprise,surprise,data/raf-db/aligned/train_08225_aligned.jpg,data/raf-db/aligned/train_07123_aligned.jpg,0.9873768091201782,0.9862961173057556,original,,,,,,,,,,,,,,,,,,,,,,,,,,,,,,,,,,,,,,,,,,,,
test_0289,data/raf-db/aligned/test_0289_aligned.jpg,4,happy,test,happy,data/raf-db/aligned/test_0289_aligned.jpg,happy,happy,data/raf-db/aligned/train_04980_aligned.jpg,data/raf-db/aligned/train_08638_aligned.jpg,0.9988046288490295,0.9981003999710083,original,,,,,,,,,,,,,,,,,,,,,,,,,,,,,,,,,,,,,,,,,,,,
test_0290,data/raf-db/aligned/test_0290_aligned.jpg,5,sad,test,sad,data/raf-db/aligned/test_0290_aligned.jpg,sad,sad,data/raf-db/aligned/train_00913_aligned.jpg,data/raf-db/aligned/train_05416_aligned.jpg,0.9955253601074219,0.9947419166564941,original,,,,,,,,,,,,,,,,,,,,,,,,,,,,,,,,,,,,,,,,,,,,
test_0291,data/raf-db/aligned/test_0291_aligned.jpg,4,happy,test,happy,data/raf-db/aligned/test_0291_aligned.jpg,happy,happy,data/raf-db/aligned/train_02954_aligned.jpg,data/raf-db/aligned/train_07902_aligned.jpg,0.9980080127716064,0.9968479871749878,original,,,,,,,,,,,,,,,,,,,,,,,,,,,,,,,,,,,,,,,,,,,,
test_0292,data/raf-db/aligned/test_0292_aligned.jpg,4,happy,test,sad,data/raf-db/aligned/test_0292_aligned.jpg,sad,angry,data/raf-db/aligned/train_07287_aligned.jpg,data/raf-db/aligned/train_05626_aligned.jpg,0.8742333650588989,0.8711478114128113,framework,happy,0.5391320795652356,1.0,stop,1280.0,False,0.10905594387447218,0.173048897962724,0.13082529043055716,0.5391320795652356,0.5831710079005117,0.32532895620836094,0.325673577810116,0.0498829751948354,0.07915381388568943,0.05984043130117015,0.2466029011921459,0.266746624603355,0.14880781070844595,0.1489654431143581,sad,0.6231708419602601,2.0,stop,3695.0,False,0.5121323467596877,0.2173931431119508,0.15046905264989466,0.18366839450063524,0.2684998277202236,0.623150624702034,0.24391922752451373,0.23286865737082718,0.09884954480693803,0.06841888915656245,0.08351476468813632,0.12208796179563743,0.2833491190944968,0.11091106308740174,sad,sad,sad,sad
test_0293,data/raf-db/aligned/test_0293_aligned.jpg,1,surprise,test,surprise,data/raf-db/aligned/test_0293_aligned.jpg,surprise,surprise,data/raf-db/aligned/train_05237_aligned.jpg,data/raf-db/aligned/train_01463_aligned.jpg,0.9498214721679688,0.9295213222503662,original,,,,,,,,,,,,,,,,,,,,,,,,,,,,,,,,,,,,,,,,,,,,
test_0294,data/raf-db/aligned/test_0294_aligned.jpg,1,surprise,test,surprise,data/raf-db/aligned/test_0294_aligned.jpg,surprise,surprise,data/raf-db/aligned/train_03315_aligned.jpg,data/raf-db/aligned/train_03436_aligned.jpg,0.9892451763153076,0.9812346696853638,original,,,,,,,,,,,,,,,,,,,,,,,,,,,,,,,,,,,,,,,,,,,,
test_0295,data/raf-db/aligned/test_0295_aligned.jpg,6,angry,test,angry,data/raf-db/aligned/test_0295_aligned.jpg,angry,happy,data/raf-db/aligned/train_07309_aligned.jpg,data/raf-db/aligned/train_05724_aligned.jpg,0.9264841675758362,0.9210423827171326,framework,neutral,0.6255351712068906,3.0,stop,1282.0,False,0.3039066930530995,0.34006210728597275,0.16767623281207722,0.24477902456786427,0.6255353700571118,0.28933463025199674,0.4363569988588605,0.1262253897564547,0.1412422727592687,0.0696430790219565,0.10166715142033741,0.2598114740372342,0.12017299160705511,0.1812376413976934,angry,0.6557471926139924,2.0,stop,3695.0,False,0.6557478130978444,0.3130652220951362,0.1569873444039937,0.08951253839202279,0.3272660521574836,0.31637516519057324,0.4348304500323046,0.28588029463640846,0.13648414244824328,0.06844031710968825,0.03902395149176964,0.14267514667458858,0.13792714765306902,0.1895689999862326,angry,angry,angry,angry
test_0296,data/raf-db/aligned/test_0296_aligned.jpg,6,angry,test,angry,data/raf-db/aligned/test_0296_aligned.jpg,angry,angry,data/raf-db/aligned/train_01346_aligned.jpg,data/raf-db/aligned/train_04497_aligned.jpg,0.9981216192245483,0.9979077577590942,original,,,,,,,,,,,,,,,,,,,,,,,,,,,,,,,,,,,,,,,,,,,,
test_0297,data/raf-db/aligned/test_0297_aligned.jpg,1,surprise,test,neutral,data/raf-db/aligned/test_0297_aligned.jpg,disgust,surprise,data/raf-db/aligned/train_00683_aligned.jpg,data/raf-db/aligned/train_05089_aligned.jpg,0.9573843479156494,0.9404839277267456,framework,neutral,0.7457555807850104,3.0,stop,1282.0,False,0.15019984595106123,0.2505227814603475,0.11811057541262748,0.2515687775461157,0.7457545436276021,0.3900486303477681,0.3236852222881292,0.0673575022005387,0.11234757730043603,0.05296698736864942,0.1128166569003701,0.33443551819503736,0.17491829842173862,0.14515745961322987,surprise,0.6413781229095766,2.0,stop,3695.0,False,0.2005355780581794,0.5310937283520453,0.20064585792736592,0.03600084784564193,0.5558513564274835,0.3107901140889203,0.6413760235969919,0.08098215237744029,0.21447123574067442,0.08102668662546303,0.014538199027740572,0.2244690926233442,0.1255061701283207,0.259006463477017,neutral,neutral,neutral,neutral
test_0298,data/raf-db/aligned/test_0298_aligned.jpg,5,sad,test,neutral,data/raf-db/aligned/test_0298_aligned.jpg,neutral,neutral,data/raf-db/aligned/train_10524_aligned.jpg,data/raf-db/aligned/train_11090_aligned.jpg,0.9935756325721741,0.992434024810791,original,,,,,,,,,,,,,,,,,,,,,,,,,,,,,,,,,,,,,,,,,,,,
test_0299,data/raf-db/aligned/test_0299_aligned.jpg,1,surprise,test,surprise,data/raf-db/aligned/test_0299_aligned.jpg,surprise,surprise,data/raf-db/aligned/train_05181_aligned.jpg,data/raf-db/aligned/train_01122_aligned.jpg,0.9934361577033997,0.989554762840271,original,,,,,,,,,,,,,,,,,,,,,,,,,,,,,,,,,,,,,,,,,,,,
test_0300,data/raf-db/aligned/test_0300_aligned.jpg,5,sad,test,sad,data/raf-db/aligned/test_0300_aligned.jpg,sad,sad,data/raf-db/aligned/train_05426_aligned.jpg,data/raf-db/aligned/train_04979_aligned.jpg,0.9958477020263672,0.9952131509780884,original,,,,,,,,,,,,,,,,,,,,,,,,,,,,,,,,,,,,,,,,,,,,
test_0301,data/raf-db/aligned/test_0301_aligned.jpg,6,angry,test,angry,data/raf-db/aligned/test_0301_aligned.jpg,angry,happy,data/raf-db/aligned/train_01089_aligned.jpg,data/raf-db/aligned/train_01529_aligned.jpg,0.984801173210144,0.9821627736091614,framework,angry,0.8725843561479704,2.0,stop,1281.0,False,0.8725827698419545,0.18689350661048074,0.05128840980573108,0.0008394231569313093,0.08152700585217924,0.0593079643074667,0.05758029117983527,0.666083868163981,0.14266468937999668,0.03915087894936137,0.0006407715608417274,0.06223343537677553,0.04527258575825864,0.04395377081078478,angry,0.8306188739589606,2.0,stop,3695.0,False,0.8406471295098059,0.2508518033046645,0.09101884963960696,0.04306487132622129,0.16215253060831875,0.1822498987013259,0.15167632613546486,0.48827668727733237,0.1457033316542334,0.05286686984553903,0.025013554404751736,0.09418375165955117,0.10585699239394689,0.08809881276464546,angry,angry,angry,angry
test_0302,data/raf-db/aligned/test_0302_aligned.jpg,4,happy,test,happy,data/raf-db/aligned/test_0302_aligned.jpg,happy,happy,data/raf-db/aligned/train_05614_aligned.jpg,data/raf-db/aligned/train_05270_aligned.jpg,0.9940301179885864,0.9937863349914551,original,,,,,,,,,,,,,,,,,,,,,,,,,,,,,,,,,,,,,,,,,,,,
test_0303,data/raf-db/aligned/test_0303_aligned.jpg,4,happy,test,happy,data/raf-db/aligned/test_0303_aligned.jpg,happy,happy,data/raf-db/aligned/train_02435_aligned.jpg,data/raf-db/aligned/train_01665_aligned.jpg,0.9983454346656799,0.9961837530136108,original,,,,,,,,,,,,,,,,,,,,,,,,,,,,,,,,,,,,,,,,,,,,
test_0304,data/raf-db/aligned/test_0304_aligned.jpg,4,happy,test,happy,data/raf-db/aligned/test_0304_aligned.jpg,happy,happy,data/raf-db/aligned/train_07869_aligned.jpg,data/raf-db/aligned/train_09044_aligned.jpg,0.9888054728507996,0.9886512160301208,original,,,,,,,,,,,,,,,,,,,,,,,,,,,,,,,,,,,,,,,,,,,,
test_0305,data/raf-db/aligned/test_0305_aligned.jpg,4,happy,test,happy,data/raf-db/aligned/test_0305_aligned.jpg,happy,happy,data/raf-db/aligned/train_04893_aligned.jpg,data/raf-db/aligned/train_05729_aligned.jpg,0.9930487275123596,0.9876149892807007,original,,,,,,,,,,,,,,,,,,,,,,,,,,,,,,,,,,,,,,,,,,,,
test_0306,data/raf-db/aligned/test_0306_aligned.jpg,4,happy,test,happy,data/raf-db/aligned/test_0306_aligned.jpg,happy,happy,data/raf-db/aligned/train_09132_aligned.jpg,data/raf-db/aligned/train_04240_aligned.jpg,0.9762638807296753,0.973878026008606,original,,,,,,,,,,,,,,,,,,,,,,,,,,,,,,,,,,,,,,,,,,,,
test_0307,data/raf-db/aligned/test_0307_aligned.jpg,4,happy,test,happy,data/raf-db/aligned/test_0307_aligned.jpg,happy,happy,data/raf-db/aligned/train_03369_aligned.jpg,data/raf-db/aligned/train_00333_aligned.jpg,0.995657742023468,0.9937480092048645,original,,,,,,,,,,,,,,,,,,,,,,,,,,,,,,,,,,,,,,,,,,,,
test_0308,data/raf-db/aligned/test_0308_aligned.jpg,4,happy,test,happy,data/raf-db/aligned/test_0308_aligned.jpg,happy,happy,data/raf-db/aligned/train_04241_aligned.jpg,data/raf-db/aligned/train_07218_aligned.jpg,0.9928189516067505,0.9924023151397705,original,,,,,,,,,,,,,,,,,,,,,,,,,,,,,,,,,,,,,,,,,,,,
test_0309,data/raf-db/aligned/test_0309_aligned.jpg,4,happy,test,happy,data/raf-db/aligned/test_0309_aligned.jpg,happy,happy,data/raf-db/aligned/train_05069_aligned.jpg,data/raf-db/aligned/train_03528_aligned.jpg,0.9966678619384766,0.9901213049888611,original,,,,,,,,,,,,,,,,,,,,,,,,,,,,,,,,,,,,,,,,,,,,
test_0310,data/raf-db/aligned/test_0310_aligned.jpg,4,happy,test,happy,data/raf-db/aligned/test_0310_aligned.jpg,happy,happy,data/raf-db/aligned/train_03806_aligned.jpg,data/raf-db/aligned/train_06839_aligned.jpg,0.9950732588768005,0.9947608113288879,original,,,,,,,,,,,,,,,,,,,,,,,,,,,,,,,,,,,,,,,,,,,,
test_0311,data/raf-db/aligned/test_0311_aligned.jpg,4,happy,test,happy,data/raf-db/aligned/test_0311_aligned.jpg,happy,happy,data/raf-db/aligned/train_02083_aligned.jpg,data/raf-db/aligned/train_07859_aligned.jpg,0.9920979142189026,0.9883350729942322,original,,,,,,,,,,,,,,,,,,,,,,,,,,,,,,,,,,,,,,,,,,,,
test_0312,data/raf-db/aligned/test_0312_aligned.jpg,4,happy,test,happy,data/raf-db/aligned/test_0312_aligned.jpg,happy,happy,data/raf-db/aligned/train_03656_aligned.jpg,data/raf-db/aligned/train_03932_aligned.jpg,0.9359527826309204,0.913047730922699,original,,,,,,,,,,,,,,,,,,,,,,,,,,,,,,,,,,,,,,,,,,,,
test_0313,data/raf-db/aligned/test_0313_aligned.jpg,4,happy,test,happy,data/raf-db/aligned/test_0313_aligned.jpg,happy,happy,data/raf-db/aligned/train_08015_aligned.jpg,data/raf-db/aligned/train_06607_aligned.jpg,0.9986040592193604,0.9924197196960449,original,,,,,,,,,,,,,,,,,,,,,,,,,,,,,,,,,,,,,,,,,,,,
test_0314,data/raf-db/aligned/test_0314_aligned.jpg,1,surprise,test,surprise,data/raf-db/aligned/test_0314_aligned.jpg,surprise,surprise,data/raf-db/aligned/train_05620_aligned.jpg,data/raf-db/aligned/train_03725_aligned.jpg,0.9611639380455017,0.9471676349639893,original,,,,,,,,,,,,,,,,,,,,,,,,,,,,,,,,,,,,,,,,,,,,
test_0315,data/raf-db/aligned/test_0315_aligned.jpg,5,sad,test,sad,data/raf-db/aligned/test_0315_aligned.jpg,sad,sad,data/raf-db/aligned/train_06778_aligned.jpg,data/raf-db/aligned/train_01448_aligned.jpg,0.9913202524185181,0.9875956773757935,original,,,,,,,,,,,,,,,,,,,,,,,,,,,,,,,,,,,,,,,,,,,,
test_0316,data/raf-db/aligned/test_0316_aligned.jpg,1,surprise,test,surprise,data/raf-db/aligned/test_0316_aligned.jpg,surprise,surprise,data/raf-db/aligned/train_06969_aligned.jpg,data/raf-db/aligned/train_00785_aligned.jpg,0.9934406280517578,0.985270082950592,original,,,,,,,,,,,,,,,,,,,,,,,,,,,,,,,,,,,,,,,,,,,,
test_0317,data/raf-db/aligned/test_0317_aligned.jpg,4,happy,test,happy,data/raf-db/aligned/test_0317_aligned.jpg,happy,happy,data/raf-db/aligned/train_03183_aligned.jpg,data/raf-db/aligned/train_03149_aligned.jpg,0.9971203804016113,0.9923014044761658,original,,,,,,,,,,,,,,,,,,,,,,,,,,,,,,,,,,,,,,,,,,,,
test_0318,data/raf-db/aligned/test_0318_aligned.jpg,5,sad,test,sad,data/raf-db/aligned/test_0318_aligned.jpg,sad,sad,data/raf-db/aligned/train_08661_aligned.jpg,data/raf-db/aligned/train_04111_aligned.jpg,0.9872151613235474,0.9849554300308228,original,,,,,,,,,,,,,,,,,,,,,,,,,,,,,,,,,,,,,,,,,,,,
test_0319,data/raf-db/aligned/test_0319_aligned.jpg,5,sad,test,neutral,data/raf-db/aligned/test_0319_aligned.jpg,sad,neutral,data/raf-db/aligned/train_07026_aligned.jpg,data/raf-db/aligned/train_11564_aligned.jpg,0.9935321807861328,0.9920319318771362,framework,angry,0.7126801976918583,2.0,stop,1281.0,False,0.7050104489664077,0.26783858001371535,0.11701835481170707,0.013437631360058643,0.4728043066955728,0.4170084319890262,0.22330981665823937,0.3180841360897902,0.12084246901599917,0.05279592997734977,0.006062743280647443,0.21331818507835945,0.18814439846367104,0.10075213809418306,sad,0.6660225388506571,2.0,stop,3695.0,False,0.36929482755167975,0.22215219203104927,0.12398200272689244,0.010442278121500805,0.6732472993872151,0.6660187315523097,0.19072248910304176,0.16370468776474537,0.09847783537560478,0.05495997650282123,0.004628957006427873,0.298443765555364,0.29523941403968007,0.08454536375535675,angry,angry,neutral,neutral
test_0320,data/raf-db/aligned/test_0320_aligned.jpg,4,happy,test,happy,data/raf-db/aligned/test_0320_aligned.jpg,happy,happy,data/raf-db/aligned/train_03458_aligned.jpg,data/raf-db/aligned/train_00494_aligned.jpg,0.994148850440979,0.9924407601356506,original,,,,,,,,,,,,,,,,,,,,,,,,,,,,,,,,,,,,,,,,,,,,
test_0321,data/raf-db/aligned/test_0321_aligned.jpg,6,angry,test,angry,data/raf-db/aligned/test_0321_aligned.jpg,angry,angry,data/raf-db/aligned/train_04031_aligned.jpg,data/raf-db/aligned/train_04460_aligned.jpg,0.9955495595932007,0.9925958514213562,original,,,,,,,,,,,,,,,,,,,,,,,,,,,,,,,,,,,,,,,,,,,,
test_0322,data/raf-db/aligned/test_0322_aligned.jpg,4,happy,test,happy,data/raf-db/aligned/test_0322_aligned.jpg,happy,happy,data/raf-db/aligned/train_01189_aligned.jpg,data/raf-db/aligned/train_07857_aligned.jpg,0.9975281953811646,0.9971327781677246,original,,,,,,,,,,,,,,,,,,,,,,,,,,,,,,,,,,,,,,,,,,,,
test_0323,data/raf-db/aligned/test_0323_aligned.jpg,5,sad,test,sad,data/raf-db/aligned/test_0323_aligned.jpg,sad,sad,data/raf-db/aligned/train_06074_aligned.jpg,data/raf-db/aligned/train_00398_aligned.jpg,0.9959394931793213,0.994714081287384,original,,,,,,,,,,,,,,,,,,,,,,,,,,,,,,,,,,,,,,,,,,,,
test_0324,data/raf-db/aligned/test_0324_aligned.jpg,4,happy,test,neutral,data/raf-db/aligned/test_0324_aligned.jpg,happy,surprise,data/raf-db/aligned/train_08821_aligned.jpg,data/raf-db/aligned/train_04075_aligned.jpg,0.9732396602630615,0.9560434222221375,framework,neutral,0.8306155384354779,3.0,stop,1282.0,False,0.1688142653959439,0.24155453067215832,0.12221768739742327,0.14489747728126123,0.8306161325232367,0.3355432265910829,0.29629825152694933,0.07888732461346779,0.11287903085852756,0.05711262822851175,0.06771095025144759,0.3881489773500985,0.15680018140562382,0.13846090729232288,surprise,0.7600556849577126,2.0,stop,3695.0,False,0.11984732804487379,0.2277592524612556,0.2104353497393295,0.2128115216073144,0.393577376985446,0.21288468204562055,0.7600567707226706,0.056072275792213924,0.10656040336130175,0.09845516925163839,0.0995668950321369,0.18414076966022122,0.09960112418301331,0.35560336271947446,neutral,neutral,neutral,neutral
test_0325,data/raf-db/aligned/test_0325_aligned.jpg,1,surprise,test,surprise,data/raf-db/aligned/test_0325_aligned.jpg,surprise,surprise,data/raf-db/aligned/train_06076_aligned.jpg,data/raf-db/aligned/train_04047_aligned.jpg,0.9935094118118286,0.9933772683143616,original,,,,,,,,,,,,,,,,,,,,,,,,,,,,,,,,,,,,,,,,,,,,
test_0326,data/raf-db/aligned/test_0326_aligned.jpg,1,surprise,test,surprise,data/raf-db/aligned/test_0326_aligned.jpg,surprise,surprise,data/raf-db/aligned/train_06982_aligned.jpg,data/raf-db/aligned/train_01459_aligned.jpg,0.9946924448013306,0.9944780468940735,original,,,,,,,,,,,,,,,,,,,,,,,,,,,,,,,,,,,,,,,,,,,,
test_0327,data/raf-db/aligned/test_0327_aligned.jpg,6,angry,test,angry,data/raf-db/aligned/test_0327_aligned.jpg,angry,angry,data/raf-db/aligned/train_07769_aligned.jpg,data/raf-db/aligned/train_07058_aligned.jpg,0.9942308664321899,0.9909765720367432,original,,,,,,,,,,,,,,,,,,,,,,,,,,,,,,,,,,,,,,,,,,,,
test_0328,data/raf-db/aligned/test_0328_aligned.jpg,5,sad,test,sad,data/raf-db/aligned/test_0328_aligned.jpg,sad,sad,data/raf-db/aligned/train_02053_aligned.jpg,data/raf-db/aligned/train_06123_aligned.jpg,0.9995869994163513,0.9988653063774109,original,,,,,,,,,,,,,,,,,,,,,,,,,,,,,,,,,,,,,,,,,,,,
test_0329,data/raf-db/aligned/test_0329_aligned.jpg,4,happy,test,happy,data/raf-db/aligned/test_0329_aligned.jpg,happy,happy,data/raf-db/aligned/train_03610_aligned.jpg,data/raf-db/aligned/train_02055_aligned.jpg,0.9944369196891785,0.9939294457435608,original,,,,,,,,,,,,,,,,,,,,,,,,,,,,,,,,,,,,,,,,,,,,
test_0330,data/raf-db/aligned/test_0330_aligned.jpg,4,happy,test,happy,data/raf-db/aligned/test_0330_aligned.jpg,happy,happy,data/raf-db/aligned/train_02818_aligned.jpg,data/raf-db/aligned/train_05811_aligned.jpg,0.9693894386291504,0.937467098236084,original,,,,,,,,,,,,,,,,,,,,,,,,,,,,,,,,,,,,,,,,,,,,
test_0331,data/raf-db/aligned/test_0331_aligned.jpg,4,happy,test,happy,data/raf-db/aligned/test_0331_aligned.jpg,happy,happy,data/raf-db/aligned/train_01065_aligned.jpg,data/raf-db/aligned/train_03602_aligned.jpg,0.9979493618011475,0.9963186383247375,original,,,,,,,,,,,,,,,,,,,,,,,,,,,,,,,,,,,,,,,,,,,,
test_0332,data/raf-db/aligned/test_0332_aligned.jpg,4,happy,test,happy,data/raf-db/aligned/test_0332_aligned.jpg,happy,happy,data/raf-db/aligned/train_06154_aligned.jpg,data/raf-db/aligned/train_00274_aligned.jpg,0.998052716255188,0.9962953329086304,original,,,,,,,,,,,,,,,,,,,,,,,,,,,,,,,,,,,,,,,,,,,,
test_0333,data/raf-db/aligned/test_0333_aligned.jpg,4,happy,test,happy,data/raf-db/aligned/test_0333_aligned.jpg,happy,happy,data/raf-db/aligned/train_06462_aligned.jpg,data/raf-db/aligned/train_06706_aligned.jpg,0.9975726008415222,0.9973282814025879,original,,,,,,,,,,,,,,,,,,,,,,,,,,,,,,,,,,,,,,,,,,,,
test_0334,data/raf-db/aligned/test_0334_aligned.jpg,4,happy,test,happy,data/raf-db/aligned/test_0334_aligned.jpg,happy,happy,data/raf-db/aligned/train_03913_aligned.jpg,data/raf-db/aligned/train_04154_aligned.jpg,0.9955158233642578,0.9945762157440186,original,,,,,,,,,,,,,,,,,,,,,,,,,,,,,,,,,,,,,,,,,,,,
test_0335,data/raf-db/aligned/test_0335_aligned.jpg,4,happy,test,happy,data/raf-db/aligned/test_0335_aligned.jpg,happy,happy,data/raf-db/aligned/train_02250_aligned.jpg,data/raf-db/aligned/train_04836_aligned.jpg,0.9981174468994141,0.9896741509437561,original,,,,,,,,,,,,,,,,,,,,,,,,,,,,,,,,,,,,,,,,,,,,
test_0336,data/raf-db/aligned/test_0336_aligned.jpg,5,sad,test,sad,data/raf-db/aligned/test_0336_aligned.jpg,sad,sad,data/raf-db/aligned/train_03628_aligned.jpg,data/raf-db/aligned/train_04736_aligned.jpg,0.9784156084060669,0.9685717821121216,original,,,,,,,,,,,,,,,,,,,,,,,,,,,,,,,,,,,,,,,,,,,,
test_0337,data/raf-db/aligned/test_0337_aligned.jpg,4,happy,test,happy,data/raf-db/aligned/test_0337_aligned.jpg,happy,happy,data/raf-db/aligned/train_01895_aligned.jpg,data/raf-db/aligned/train_09035_aligned.jpg,0.9766663312911987,0.9717252254486084,original,,,,,,,,,,,,,,,,,,,,,,,,,,,,,,,,,,,,,,,,,,,,
test_0338,data/raf-db/aligned/test_0338_aligned.jpg,4,happy,test,sad,data/raf-db/aligned/test_0338_aligned.jpg,angry,sad,data/raf-db/aligned/train_05260_aligned.jpg,data/raf-db/aligned/train_04373_aligned.jpg,0.9421148300170898,0.9067161083221436,framework,happy,0.7058575358539254,1.0,stop,1280.0,False,0.18040029205686747,0.17516860598333744,0.07985160842035555,0.7058575358539254,0.43847219562823136,0.2722665153438809,0.2726899732032539,0.08490597304923113,0.08244366330628929,0.03758241428089955,0.3322141013880283,0.2063683378800305,0.12814310415145255,0.12834240594406868,angry,0.6358214860250166,2.0,stop,3695.0,False,0.6282192591426163,0.3971551399961311,0.1676569437075376,0.009062671392170065,0.2909647544421949,0.582832243277091,0.16689157267248644,0.2801070703187185,0.1770814267588095,0.07475398857494676,0.004040815839340151,0.12973382102936512,0.2598701484803905,0.07441272899842953,happy,happy,sad,sad
test_0339,data/raf-db/aligned/test_0339_aligned.jpg,5,sad,test,sad,data/raf-db/aligned/test_0339_aligned.jpg,sad,sad,data/raf-db/aligned/train_08276_aligned.jpg,data/raf-db/aligned/train_08379_aligned.jpg,0.9892642498016357,0.9851860404014587,original,,,,,,,,,,,,,,,,,,,,,,,,,,,,,,,,,,,,,,,,,,,,
test_0340,data/raf-db/aligned/test_0340_aligned.jpg,1,surprise,test,angry,data/raf-db/aligned/test_0340_aligned.jpg,angry,angry,data/raf-db/aligned/train_04132_aligned.jpg,data/raf-db/aligned/train_08912_aligned.jpg,0.9818574786186218,0.9706713557243347,original,,,,,,,,,,,,,,,,,,,,,,,,,,,,,,,,,,,,,,,,,,,,
test_0341,data/raf-db/aligned/test_0341_aligned.jpg,5,sad,test,sad,data/raf-db/aligned/test_0341_aligned.jpg,sad,disgust,data/raf-db/aligned/train_04385_aligned.jpg,data/raf-db/aligned/train_09400_aligned.jpg,0.9755725860595703,0.9637645483016968,framework,sad,0.7717320914412757,2.0,stop,1281.0,False,0.20534788983717694,0.48818474932339145,0.1142708154356527,0.002938336397924411,0.5547991529421334,0.7717316318350671,0.12994669416284185,0.09057257608927155,0.21532312987863864,0.050401307430211505,0.0012960089202178067,0.24470467426745093,0.3403868527711784,0.05731545064303105,sad,0.7163691473081789,2.0,stop,3695.0,False,0.14060353955494298,0.52736997759078,0.19031623580517565,0.0034639650519622104,0.5739962883218415,0.7163668030824595,0.23263698970428176,0.058959352368924495,0.22114231573392498,0.07980540208221379,0.0014525461929247704,0.24069414986809615,0.300394448831312,0.09755178492260376,sad,sad,sad,sad
test_0342,data/raf-db/aligned/test_0342_aligned.jpg,5,sad,test,sad,data/raf-db/aligned/test_0342_aligned.jpg,sad,sad,data/raf-db/aligned/train_03801_aligned.jpg,data/raf-db/aligned/train_07896_aligned.jpg,0.9956059455871582,0.992302417755127,original,,,,,,,,,,,,,,,,,,,,,,,,,,,,,,,,,,,,,,,,,,,,
test_0343,data/raf-db/aligned/test_0343_aligned.jpg,3,disgust,test,disgust,data/raf-db/aligned/test_0343_aligned.jpg,disgust,disgust,data/raf-db/aligned/train_09511_aligned.jpg,data/raf-db/aligned/train_09673_aligned.jpg,0.9871264100074768,0.9729647636413574,original,,,,,,,,,,,,,,,,,,,,,,,,,,,,,,,,,,,,,,,,,,,,
test_0344,data/raf-db/aligned/test_0344_aligned.jpg,5,sad,test,sad,data/raf-db/aligned/test_0344_aligned.jpg,sad,sad,data/raf-db/aligned/train_02255_aligned.jpg,data/raf-db/aligned/train_08024_aligned.jpg,0.9945946931838989,0.9944692850112915,original,,,,,,,,,,,,,,,,,,,,,,,,,,,,,,,,,,,,,,,,,,,,
test_0345,data/raf-db/aligned/test_0345_aligned.jpg,4,happy,test,happy,data/raf-db/aligned/test_0345_aligned.jpg,happy,happy,data/raf-db/aligned/train_02614_aligned.jpg,data/raf-db/aligned/train_01614_aligned.jpg,0.992438554763794,0.9889001250267029,original,,,,,,,,,,,,,,,,,,,,,,,,,,,,,,,,,,,,,,,,,,,,
test_0346,data/raf-db/aligned/test_0346_aligned.jpg,1,surprise,test,surprise,data/raf-db/aligned/test_0346_aligned.jpg,surprise,surprise,data/raf-db/aligned/train_04134_aligned.jpg,data/raf-db/aligned/train_01258_aligned.jpg,0.9914616942405701,0.9871286749839783,original,,,,,,,,,,,,,,,,,,,,,,,,,,,,,,,,,,,,,,,,,,,,
test_0347,data/raf-db/aligned/test_0347_aligned.jpg,6,angry,test,anger,data/raf-db/aligned/test_0347_aligned.jpg,fear,fear,data/raf-db/aligned/train_09356_aligned.jpg,data/raf-db/aligned/train_09352_aligned.jpg,0.982118546962738,0.9743585586547852,original,,,,,,,,,,,,,,,,,,,,,,,,,,,,,,,,,,,,,,,,,,,,
test_0348,data/raf-db/aligned/test_0348_aligned.jpg,5,sad,test,neutral,data/raf-db/aligned/test_0348_aligned.jpg,neutral,neutral,data/raf-db/aligned/train_11546_aligned.jpg,data/raf-db/aligned/train_11934_aligned.jpg,0.9801405668258667,0.9782869815826416,original,,,,,,,,,,,,,,,,,,,,,,,,,,,,,,,,,,,,,,,,,,,,
test_0349,data/raf-db/aligned/test_0349_aligned.jpg,6,angry,test,angry,data/raf-db/aligned/test_0349_aligned.jpg,angry,angry,data/raf-db/aligned/train_06794_aligned.jpg,data/raf-db/aligned/train_08830_aligned.jpg,0.980080783367157,0.9774993062019348,original,,,,,,,,,,,,,,,,,,,,,,,,,,,,,,,,,,,,,,,,,,,,
test_0350,data/raf-db/aligned/test_0350_aligned.jpg,4,happy,test,happy,data/raf-db/aligned/test_0350_aligned.jpg,happy,happy,data/raf-db/aligned/train_08685_aligned.jpg,data/raf-db/aligned/train_04636_aligned.jpg,0.9960793256759644,0.9924319386482239,original,,,,,,,,,,,,,,,,,,,,,,,,,,,,,,,,,,,,,,,,,,,,
test_0351,data/raf-db/aligned/test_0351_aligned.jpg,5,sad,test,sad,data/raf-db/aligned/test_0351_aligned.jpg,sad,sad,data/raf-db/aligned/train_04420_aligned.jpg,data/raf-db/aligned/train_05980_aligned.jpg,0.9955518245697021,0.9940470457077026,original,,,,,,,,,,,,,,,,,,,,,,,,,,,,,,,,,,,,,,,,,,,,
test_0352,data/raf-db/aligned/test_0352_aligned.jpg,4,happy,test,happy,data/raf-db/aligned/test_0352_aligned.jpg,happy,happy,data/raf-db/aligned/train_00800_aligned.jpg,data/raf-db/aligned/train_06957_aligned.jpg,0.9985941648483276,0.9966761469841003,original,,,,,,,,,,,,,,,,,,,,,,,,,,,,,,,,,,,,,,,,,,,,
test_0353,data/raf-db/aligned/test_0353_aligned.jpg,4,happy,test,happy,data/raf-db/aligned/test_0353_aligned.jpg,happy,happy,data/raf-db/aligned/train_03194_aligned.jpg,data/raf-db/aligned/train_04587_aligned.jpg,0.9972851276397705,0.9960120320320129,original,,,,,,,,,,,,,,,,,,,,,,,,,,,,,,,,,,,,,,,,,,,,
test_0354,data/raf-db/aligned/test_0354_aligned.jpg,1,surprise,test,surprise,data/raf-db/aligned/test_0354_aligned.jpg,surprise,surprise,data/raf-db/aligned/train_08756_aligned.jpg,data/raf-db/aligned/train_07949_aligned.jpg,0.9976277351379395,0.9954531192779541,original,,,,,,,,,,,,,,,,,,,,,,,,,,,,,,,,,,,,,,,,,,,,
test_0355,data/raf-db/aligned/test_0355_aligned.jpg,1,surprise,test,surprise,data/raf-db/aligned/test_0355_aligned.jpg,surprise,surprise,data/raf-db/aligned/train_03649_aligned.jpg,data/raf-db/aligned/train_06422_aligned.jpg,0.9834134578704834,0.9797201752662659,original,,,,,,,,,,,,,,,,,,,,,,,,,,,,,,,,,,,,,,,,,,,,
test_0356,data/raf-db/aligned/test_0356_aligned.jpg,5,sad,test,sad,data/raf-db/aligned/test_0356_aligned.jpg,sad,sad,data/raf-db/aligned/train_05590_aligned.jpg,data/raf-db/aligned/train_08330_aligned.jpg,0.9969549179077148,0.9953258037567139,original,,,,,,,,,,,,,,,,,,,,,,,,,,,,,,,,,,,,,,,,,,,,
test_0357,data/raf-db/aligned/test_0357_aligned.jpg,3,disgust,test,disgust,data/raf-db/aligned/test_0357_aligned.jpg,disgust,disgust,data/raf-db/aligned/train_09586_aligned.jpg,data/raf-db/aligned/train_04078_aligned.jpg,0.9828342795372009,0.9768056869506836,original,,,,,,,,,,,,,,,,,,,,,,,,,,,,,,,,,,,,,,,,,,,,
test_0358,data/raf-db/aligned/test_0358_aligned.jpg,6,angry,test,angry,data/raf-db/aligned/test_0358_aligned.jpg,angry,angry,data/raf-db/aligned/train_07935_aligned.jpg,data/raf-db/aligned/train_01318_aligned.jpg,0.9926685094833374,0.9888367056846619,original,,,,,,,,,,,,,,,,,,,,,,,,,,,,,,,,,,,,,,,,,,,,
test_0359,data/raf-db/aligned/test_0359_aligned.jpg,1,surprise,test,surprise,data/raf-db/aligned/test_0359_aligned.jpg,surprise,surprise,data/raf-db/aligned/train_07962_aligned.jpg,data/raf-db/aligned/train_00610_aligned.jpg,0.995032548904419,0.9913619160652161,original,,,,,,,,,,,,,,,,,,,,,,,,,,,,,,,,,,,,,,,,,,,,
test_0360,data/raf-db/aligned/test_0360_aligned.jpg,1,surprise,test,surprise,data/raf-db/aligned/test_0360_aligned.jpg,surprise,surprise,data/raf-db/aligned/train_08486_aligned.jpg,data/raf-db/aligned/train_03866_aligned.jpg,0.9949585199356079,0.9893925189971924,original,,,,,,,,,,,,,,,,,,,,,,,,,,,,,,,,,,,,,,,,,,,,
test_0361,data/raf-db/aligned/test_0361_aligned.jpg,1,surprise,test,sad,data/raf-db/aligned/test_0361_aligned.jpg,sad,sad,data/raf-db/aligned/train_00477_aligned.jpg,data/raf-db/aligned/train_03030_aligned.jpg,0.9687836170196533,0.9663897752761841,original,,,,,,,,,,,,,,,,,,,,,,,,,,,,,,,,,,,,,,,,,,,,
test_0362,data/raf-db/aligned/test_0362_aligned.jpg,4,happy,test,happy,data/raf-db/aligned/test_0362_aligned.jpg,happy,happy,data/raf-db/aligned/train_08850_aligned.jpg,data/raf-db/aligned/train_02845_aligned.jpg,0.9960772395133972,0.9959461092948914,original,,,,,,,,,,,,,,,,,,,,,,,,,,,,,,,,,,,,,,,,,,,,
test_0363,data/raf-db/aligned/test_0363_aligned.jpg,1,surprise,test,surprise,data/raf-db/aligned/test_0363_aligned.jpg,surprise,surprise,data/raf-db/aligned/train_00610_aligned.jpg,data/raf-db/aligned/train_07437_aligned.jpg,0.9968287348747253,0.9948427677154541,original,,,,,,,,,,,,,,,,,,,,,,,,,,,,,,,,,,,,,,,,,,,,
test_0364,data/raf-db/aligned/test_0364_aligned.jpg,4,happy,test,happy,data/raf-db/aligned/test_0364_aligned.jpg,happy,surprise,data/raf-db/aligned/train_05096_aligned.jpg,data/raf-db/aligned/train_03435_aligned.jpg,0.9729747772216797,0.9622035026550293,framework,happy,0.8487611788227828,1.0,stop,1280.0,False,0.058532593456749375,0.09939412777940004,0.03548246155169032,0.8487611788227828,0.14824941132985908,0.05939425560409297,0.36067781968683316,0.036344545004079375,0.06171662892212189,0.022032065291517033,0.5270198540618917,0.09205225813012465,0.03687957543486972,0.22395507315539556,surprise,0.72189690184652,2.0,stop,3695.0,False,0.08837685225374944,0.14549088155622125,0.11352683970050859,0.40624199579611003,0.17960882654136404,0.13159332071430208,0.7219364110533711,0.049461653505152886,0.08142652049918139,0.06353728454458911,0.22736044929068508,0.10052122607115321,0.07364850712350558,0.40404435896573276,happy,happy,happy,happy
test_0365,data/raf-db/aligned/test_0365_aligned.jpg,5,sad,test,sad,data/raf-db/aligned/test_0365_aligned.jpg,sad,sad,data/raf-db/aligned/train_04163_aligned.jpg,data/raf-db/aligned/train_04994_aligned.jpg,0.9869000911712646,0.982881486415863,original,,,,,,,,,,,,,,,,,,,,,,,,,,,,,,,,,,,,,,,,,,,,
test_0366,data/raf-db/aligned/test_0366_aligned.jpg,4,happy,test,happy,data/raf-db/aligned/test_0366_aligned.jpg,happy,happy,data/raf-db/aligned/train_03182_aligned.jpg,data/raf-db/aligned/train_03434_aligned.jpg,0.9936855435371399,0.9934775233268738,original,,,,,,,,,,,,,,,,,,,,,,,,,,,,,,,,,,,,,,,,,,,,
test_0367,data/raf-db/aligned/test_0367_aligned.jpg,4,happy,test,angry,data/raf-db/aligned/test_0367_aligned.jpg,neutral,angry,data/raf-db/aligned/train_11442_aligned.jpg,data/raf-db/aligned/train_00763_aligned.jpg,0.9082335233688354,0.8887301683425903,framework,happy,0.6060356872353267,1.0,stop,1280.0,False,0.33460356639274386,0.18055958622643223,0.14158093286408366,0.6060356872353267,0.17372186582000718,0.3037897038158557,0.3244168736354708,0.16205852420281036,0.08745041300659682,0.06857188428254642,0.29352122616742926,0.08413870031350487,0.14713444808481296,0.1571248039422993,angry,0.6541169061912442,2.0,stop,3695.0,False,0.6470714665419464,0.2819776436694929,0.14767025091430047,0.10094148150054406,0.3702456089133716,0.46182427688878847,0.25506909726916893,0.2857080167527091,0.1245044442647981,0.06520234116885561,0.04456971444240184,0.1634782927446257,0.20391394932509563,0.11262324130151392,angry,angry,angry,angry
test_0368,data/raf-db/aligned/test_0368_aligned.jpg,5,sad,test,sad,data/raf-db/aligned/test_0368_aligned.jpg,sad,sad,data/raf-db/aligned/train_04474_aligned.jpg,data/raf-db/aligned/train_04475_aligned.jpg,0.9973289966583252,0.9970653653144836,original,,,,,,,,,,,,,,,,,,,,,,,,,,,,,,,,,,,,,,,,,,,,
test_0369,data/raf-db/aligned/test_0369_aligned.jpg,4,happy,test,happy,data/raf-db/aligned/test_0369_aligned.jpg,happy,happy,data/raf-db/aligned/train_06052_aligned.jpg,data/raf-db/aligned/train_02834_aligned.jpg,0.9945634007453918,0.9936265349388123,original,,,,,,,,,,,,,,,,,,,,,,,,,,,,,,,,,,,,,,,,,,,,
test_0370,data/raf-db/aligned/test_0370_aligned.jpg,4,happy,test,happy,data/raf-db/aligned/test_0370_aligned.jpg,happy,happy,data/raf-db/aligned/train_05435_aligned.jpg,data/raf-db/aligned/train_03379_aligned.jpg,0.9983227252960205,0.9935183525085449,original,,,,,,,,,,,,,,,,,,,,,,,,,,,,,,,,,,,,,,,,,,,,
test_0371,data/raf-db/aligned/test_0371_aligned.jpg,4,happy,test,happy,data/raf-db/aligned/test_0371_aligned.jpg,happy,happy,data/raf-db/aligned/train_03256_aligned.jpg,data/raf-db/aligned/train_03102_aligned.jpg,0.9932345747947693,0.9930009245872498,original,,,,,,,,,,,,,,,,,,,,,,,,,,,,,,,,,,,,,,,,,,,,
test_0372,data/raf-db/aligned/test_0372_aligned.jpg,4,happy,test,happy,data/raf-db/aligned/test_0372_aligned.jpg,happy,happy,data/raf-db/aligned/train_06384_aligned.jpg,data/raf-db/aligned/train_04041_aligned.jpg,0.9951456785202026,0.9942476153373718,original,,,,,,,,,,,,,,,,,,,,,,,,,,,,,,,,,,,,,,,,,,,,
test_0373,data/raf-db/aligned/test_0373_aligned.jpg,4,happy,test,happy,data/raf-db/aligned/test_0373_aligned.jpg,happy,happy,data/raf-db/aligned/train_04661_aligned.jpg,data/raf-db/aligned/train_02052_aligned.jpg,0.9932233095169067,0.990964412689209,original,,,,,,,,,,,,,,,,,,,,,,,,,,,,,,,,,,,,,,,,,,,,
test_0374,data/raf-db/aligned/test_0374_aligned.jpg,4,happy,test,happy,data/raf-db/aligned/test_0374_aligned.jpg,happy,happy,data/raf-db/aligned/train_00519_aligned.jpg,data/raf-db/aligned/train_01341_aligned.jpg,0.9731734395027161,0.9723231792449951,original,,,,,,,,,,,,,,,,,,,,,,,,,,,,,,,,,,,,,,,,,,,,
test_0375,data/raf-db/aligned/test_0375_aligned.jpg,4,happy,test,happy,data/raf-db/aligned/test_0375_aligned.jpg,happy,happy,data/raf-db/aligned/train_07812_aligned.jpg,data/raf-db/aligned/train_06429_aligned.jpg,0.9963745474815369,0.9928817749023438,original,,,,,,,,,,,,,,,,,,,,,,,,,,,,,,,,,,,,,,,,,,,,
test_0376,data/raf-db/aligned/test_0376_aligned.jpg,4,happy,test,happy,data/raf-db/aligned/test_0376_aligned.jpg,happy,happy,data/raf-db/aligned/train_02742_aligned.jpg,data/raf-db/aligned/train_06272_aligned.jpg,0.9822323322296143,0.9813499450683594,original,,,,,,,,,,,,,,,,,,,,,,,,,,,,,,,,,,,,,,,,,,,,
test_0377,data/raf-db/aligned/test_0377_aligned.jpg,2,fear,test,angry,data/raf-db/aligned/test_0377_aligned.jpg,angry,angry,data/raf-db/aligned/train_04911_aligned.jpg,data/raf-db/aligned/train_05151_aligned.jpg,0.9742196202278137,0.9715518951416016,original,,,,,,,,,,,,,,,,,,,,,,,,,,,,,,,,,,,,,,,,,,,,
test_0378,data/raf-db/aligned/test_0378_aligned.jpg,4,happy,test,happy,data/raf-db/aligned/test_0378_aligned.jpg,happy,happy,data/raf-db/aligned/train_03814_aligned.jpg,data/raf-db/aligned/train_05395_aligned.jpg,0.9944515824317932,0.9935302138328552,original,,,,,,,,,,,,,,,,,,,,,,,,,,,,,,,,,,,,,,,,,,,,
test_0379,data/raf-db/aligned/test_0379_aligned.jpg,4,happy,test,surprise,data/raf-db/aligned/test_0379_aligned.jpg,happy,surprise,data/raf-db/aligned/train_03756_aligned.jpg,data/raf-db/aligned/train_03662_aligned.jpg,0.9433513283729553,0.9377719163894653,framework,surprise,0.7258139711133422,2.0,stop,1281.0,False,0.18812251801108937,0.27148019432736503,0.20015415903487616,0.19400421138442187,0.3737560680163848,0.2846005775661767,0.7257638018630808,0.08406276895005763,0.1213112448819804,0.089439121925585,0.08669101056783349,0.16701333961249287,0.127174103599805,0.32430841046224557,surprise,0.5944102968983315,2.0,stop,3695.0,False,0.07954266176311882,0.2054095585557202,0.1202581234714472,0.31218422479601404,0.6241247633871561,0.2035854592407196,0.5944521284969221,0.03717716552914113,0.09600565269535172,0.05620702228743955,0.1459106892272667,0.29170748281444686,0.09515309331812939,0.27783889412822455,surprise,surprise,surprise,surprise
test_0380,data/raf-db/aligned/test_0380_aligned.jpg,4,happy,test,happy,data/raf-db/aligned/test_0380_aligned.jpg,happy,happy,data/raf-db/aligned/train_04614_aligned.jpg,data/raf-db/aligned/train_05535_aligned.jpg,0.9952235221862793,0.9917821288108826,original,,,,,,,,,,,,,,,,,,,,,,,,,,,,,,,,,,,,,,,,,,,,
test_0381,data/raf-db/aligned/test_0381_aligned.jpg,1,surprise,test,surprise,data/raf-db/aligned/test_0381_aligned.jpg,sad,surprise,data/raf-db/aligned/train_07474_aligned.jpg,data/raf-db/aligned/train_06028_aligned.jpg,0.9628230929374695,0.9614067673683167,framework,surprise,0.9593710629289562,2.0,stop,1281.0,False,0.03793577355811125,0.24575180016073764,0.11783525964528961,0.011593400564202173,0.13166839969823327,0.14143977754446582,0.9593712343662003,0.023052913187386507,0.14933911670658723,0.07160644837925526,0.007045108921892692,0.08001260823417365,0.08595050547687234,0.5829932990938324,surprise,0.782347328316928,2.0,stop,3695.0,False,0.09288818075705106,0.2993483795808397,0.139667836637668,0.030502100868794423,0.24332708457094857,0.5034025194839635,0.7823913568512391,0.04441164774979489,0.14312428858078338,0.0667779120246916,0.01458364830027937,0.11633941670376834,0.24068654579591334,0.37407654084476905,surprise,surprise,surprise,surprise
test_0382,data/raf-db/aligned/test_0382_aligned.jpg,1,surprise,test,surprise,data/raf-db/aligned/test_0382_aligned.jpg,disgust,surprise,data/raf-db/aligned/train_09524_aligned.jpg,data/raf-db/aligned/train_05279_aligned.jpg,0.9664841890335083,0.9655701518058777,framework,surprise,0.9707712575435113,2.0,stop,1281.0,False,0.03582071229204605,0.20109547185096155,0.15816615886915106,0.004948810397037497,0.09509150485664955,0.06603361225423522,0.9707247151628596,0.023383482546509005,0.13127356089044315,0.1032496390694723,0.0032305449596211466,0.0620749952152817,0.04310622879413588,0.6336815485245368,surprise,0.7736803936759729,2.0,stop,3695.0,False,0.1294549585370334,0.5307441969656083,0.2498714423098153,0.008032049542248846,0.39005548099920895,0.24575294418154892,0.7736795187084333,0.05561758112617685,0.22802300325589953,0.10735197300152365,0.0034507999699192825,0.16757907617712006,0.10558254750901665,0.3323950189603439,surprise,surprise,surprise,surprise
test_0383,data/raf-db/aligned/test_0383_aligned.jpg,4,happy,test,happy,data/raf-db/aligned/test_0383_aligned.jpg,neutral,happy,data/raf-db/aligned/train_11598_aligned.jpg,data/raf-db/aligned/train_03342_aligned.jpg,0.9787263870239258,0.9556014537811279,framework,happy,0.9525229851120429,1.0,stop,1280.0,False,0.034407439531336785,0.07381231630039695,0.016580732912931394,0.9525229851120429,0.29388724421684065,0.07464135545441376,0.10284891007320515,0.022216967571964577,0.04766079254935478,0.010706219656667683,0.6150464132186174,0.18976370992770322,0.048196105151848946,0.0664097919238434,happy,0.4519408920738946,1.0,stop,3694.0,False,0.12749773305131087,0.2590757826899046,0.07701894316437702,0.4519408920738946,0.7060412128423516,0.28872150374443717,0.22508803271705796,0.05970716604773531,0.1213251436383408,0.036067957588593894,0.21164384056897714,0.33063897626130606,0.13520822961364568,0.10540868628140114,happy,happy,happy,happy
test_0384,data/raf-db/aligned/test_0384_aligned.jpg,4,happy,test,happy,data/raf-db/aligned/test_0384_aligned.jpg,happy,happy,data/raf-db/aligned/train_02163_aligned.jpg,data/raf-db/aligned/train_03334_aligned.jpg,0.9935029745101929,0.9931859970092773,original,,,,,,,,,,,,,,,,,,,,,,,,,,,,,,,,,,,,,,,,,,,,
test_0385,data/raf-db/aligned/test_0385_aligned.jpg,5,sad,test,sad,data/raf-db/aligned/test_0385_aligned.jpg,sad,sad,data/raf-db/aligned/train_08147_aligned.jpg,data/raf-db/aligned/train_05980_aligned.jpg,0.994723916053772,0.9937674403190613,original,,,,,,,,,,,,,,,,,,,,,,,,,,,,,,,,,,,,,,,,,,,,
test_0386,data/raf-db/aligned/test_0386_aligned.jpg,4,happy,test,happy,data/raf-db/aligned/test_0386_aligned.jpg,happy,happy,data/raf-db/aligned/train_08405_aligned.jpg,data/raf-db/aligned/train_00152_aligned.jpg,0.9756428599357605,0.9715151190757751,original,,,,,,,,,,,,,,,,,,,,,,,,,,,,,,,,,,,,,,,,,,,,
test_0387,data/raf-db/aligned/test_0387_aligned.jpg,5,sad,test,sad,data/raf-db/aligned/test_0387_aligned.jpg,sad,sad,data/raf-db/aligned/train_06590_aligned.jpg,data/raf-db/aligned/train_03686_aligned.jpg,0.9973928332328796,0.9965441226959229,original,,,,,,,,,,,,,,,,,,,,,,,,,,,,,,,,,,,,,,,,,,,,
test_0388,data/raf-db/aligned/test_0388_aligned.jpg,4,happy,test,happy,data/raf-db/aligned/test_0388_aligned.jpg,happy,happy,data/raf-db/aligned/train_07919_aligned.jpg,data/raf-db/aligned/train_03130_aligned.jpg,0.9776318073272705,0.9734188914299011,original,,,,,,,,,,,,,,,,,,,,,,,,,,,,,,,,,,,,,,,,,,,,
test_0389,data/raf-db/aligned/test_0389_aligned.jpg,5,sad,test,angry,data/raf-db/aligned/test_0389_aligned.jpg,disgust,angry,data/raf-db/aligned/train_09463_aligned.jpg,data/raf-db/aligned/train_03985_aligned.jpg,0.9633714556694031,0.9518051743507385,framework,sad,0.7388376136902484,2.0,stop,1281.0,False,0.17781625926572864,0.33150699408240697,0.19239249498792887,0.07397631211688083,0.5619451417835163,0.7388497082402133,0.23976086575519528,0.07676910090983641,0.1431224230344263,0.0830621391036661,0.031937995958803395,0.24261011604626453,0.31898560932120673,0.1035126156257964,angry,0.7634709371846417,2.0,stop,3695.0,False,0.7634374679507772,0.4182793460634008,0.18432833218914346,0.011398470880972116,0.23955755121327238,0.2321843388185136,0.2188489228638339,0.369160908001997,0.20225937247450154,0.08913213896102001,0.005511741350013611,0.11583827993405273,0.1122729561232541,0.10582460315516098,angry,angry,sad,angry
test_0390,data/raf-db/aligned/test_0390_aligned.jpg,4,happy,test,happy,data/raf-db/aligned/test_0390_aligned.jpg,happy,happy,data/raf-db/aligned/train_08953_aligned.jpg,data/raf-db/aligned/train_08639_aligned.jpg,0.9992698431015015,0.9979342222213745,original,,,,,,,,,,,,,,,,,,,,,,,,,,,,,,,,,,,,,,,,,,,,
test_0391,data/raf-db/aligned/test_0391_aligned.jpg,4,happy,test,happy,data/raf-db/aligned/test_0391_aligned.jpg,happy,happy,data/raf-db/aligned/train_05155_aligned.jpg,data/raf-db/aligned/train_06439_aligned.jpg,0.9969053864479065,0.995907723903656,original,,,,,,,,,,,,,,,,,,,,,,,,,,,,,,,,,,,,,,,,,,,,
test_0392,data/raf-db/aligned/test_0392_aligned.jpg,4,happy,test,happy,data/raf-db/aligned/test_0392_aligned.jpg,happy,happy,data/raf-db/aligned/train_07980_aligned.jpg,data/raf-db/aligned/train_03273_aligned.jpg,0.990466833114624,0.987276017665863,original,,,,,,,,,,,,,,,,,,,,,,,,,,,,,,,,,,,,,,,,,,,,
test_0393,data/raf-db/aligned/test_0393_aligned.jpg,4,happy,test,happy,data/raf-db/aligned/test_0393_aligned.jpg,happy,neutral,data/raf-db/aligned/train_08223_aligned.jpg,data/raf-db/aligned/train_11154_aligned.jpg,0.9911948442459106,0.9738364219665527,framework,happy,0.9683558297828644,1.0,stop,1280.0,False,0.032752393142764354,0.0575545910794487,0.013686855655400435,0.9683558297828644,0.2834460580785923,0.047433632424036115,0.04458752838625171,0.022621916764336582,0.03975267282392015,0.009453443846144105,0.6688386062087656,0.19577479743491003,0.03276217648736112,0.030796386434562343,neutral,0.8029568134456365,3.0,stop,3696.0,False,0.08065808688874862,0.13602794236645857,0.04518438404967374,0.40319627073855974,0.8029566858227498,0.17075852039514708,0.15072962948214463,0.04507268380161674,0.07601400765833433,0.025249563107674598,0.225310799226571,0.44870160206504267,0.09542186150309022,0.08422948263767029,happy,happy,happy,happy
test_0394,data/raf-db/aligned/test_0394_aligned.jpg,4,happy,test,happy,data/raf-db/aligned/test_0394_aligned.jpg,happy,happy,data/raf-db/aligned/train_09072_aligned.jpg,data/raf-db/aligned/train_04953_aligned.jpg,0.9779703617095947,0.9399105310440063,original,,,,,,,,,,,,,,,,,,,,,,,,,,,,,,,,,,,,,,,,,,,,
test_0395,data/raf-db/aligned/test_0395_aligned.jpg,6,angry,test,angry,data/raf-db/aligned/test_0395_aligned.jpg,angry,angry,data/raf-db/aligned/train_05362_aligned.jpg,data/raf-db/aligned/train_08877_aligned.jpg,0.9972468614578247,0.995492160320282,original,,,,,,,,,,,,,,,,,,,,,,,,,,,,,,,,,,,,,,,,,,,,
test_0396,data/raf-db/aligned/test_0396_aligned.jpg,4,happy,test,neutral,data/raf-db/aligned/test_0396_aligned.jpg,happy,neutral,data/raf-db/aligned/train_08409_aligned.jpg,data/raf-db/aligned/train_11789_aligned.jpg,0.9737529754638672,0.9722387194633484,framework,neutral,0.901749907257647,3.0,stop,1282.0,False,0.13599627413654372,0.17655829395424155,0.06311231406268725,0.14439165509657684,0.9017500147518854,0.1683083113819671,0.23040979340831724,0.07470161100314243,0.09698198776464967,0.034667063965924894,0.07931312324258738,0.4953237083277734,0.09245034163824196,0.1265621640576804,neutral,0.7537925566666797,3.0,stop,3696.0,False,0.17589777520748792,0.26510764407358195,0.16393480463466495,0.2943879336430134,0.7537933354055131,0.32866088293847073,0.24821680517971292,0.07887795506817491,0.11888239525940018,0.0735133923031715,0.13201257477597686,0.3380240413539617,0.14738161597841407,0.11130802526090082,neutral,neutral,neutral,neutral
test_0397,data/raf-db/aligned/test_0397_aligned.jpg,4,happy,test,happy,data/raf-db/aligned/test_0397_aligned.jpg,happy,happy,data/raf-db/aligned/train_01942_aligned.jpg,data/raf-db/aligned/train_02853_aligned.jpg,0.9897888898849487,0.9877337217330933,original,,,,,,,,,,,,,,,,,,,,,,,,,,,,,,,,,,,,,,,,,,,,
test_0398,data/raf-db/aligned/test_0398_aligned.jpg,4,happy,test,happy,data/raf-db/aligned/test_0398_aligned.jpg,happy,happy,data/raf-db/aligned/train_04087_aligned.jpg,data/raf-db/aligned/train_06229_aligned.jpg,0.9898641109466553,0.9883158206939697,original,,,,,,,,,,,,,,,,,,,,,,,,,,,,,,,,,,,,,,,,,,,,
test_0399,data/raf-db/aligned/test_0399_aligned.jpg,4,happy,test,happy,data/raf-db/aligned/test_0399_aligned.jpg,happy,happy,data/raf-db/aligned/train_03857_aligned.jpg,data/raf-db/aligned/train_08987_aligned.jpg,0.985480785369873,0.983451783657074,original,,,,,,,,,,,,,,,,,,,,,,,,,,,,,,,,,,,,,,,,,,,,
test_0400,data/raf-db/aligned/test_0400_aligned.jpg,4,happy,test,happy,data/raf-db/aligned/test_0400_aligned.jpg,happy,happy,data/raf-db/aligned/train_03682_aligned.jpg,data/raf-db/aligned/train_07187_aligned.jpg,0.9957082271575928,0.9951417446136475,original,,,,,,,,,,,,,,,,,,,,,,,,,,,,,,,,,,,,,,,,,,,,
test_0401,data/raf-db/aligned/test_0401_aligned.jpg,5,sad,test,sad,data/raf-db/aligned/test_0401_aligned.jpg,sad,neutral,data/raf-db/aligned/train_04941_aligned.jpg,data/raf-db/aligned/train_10188_aligned.jpg,0.9719136953353882,0.9524698257446289,framework,sad,0.7696083283356573,2.0,stop,1281.0,False,0.12372276359327576,0.1989301406807447,0.10645077065839041,0.03561534906706677,0.5774295100653823,0.7696171247894009,0.36363565313427065,0.05687353543065622,0.09144526096608029,0.048933854214275485,0.016371852343194014,0.26543585630991223,0.35378167722345216,0.1671579635124297,sad,0.7968842149144968,2.0,stop,3695.0,False,0.16172033736995559,0.1914107395072438,0.1512936044723122,0.02174650153342755,0.5908966525070677,0.796859916254127,0.2507155885613986,0.07470992304653766,0.08842599422825442,0.06989308661719158,0.010046228461526934,0.27297644906756885,0.36812527101044984,0.11582304756847064,sad,sad,sad,sad
test_0402,data/raf-db/aligned/test_0402_aligned.jpg,4,happy,test,happy,data/raf-db/aligned/test_0402_aligned.jpg,happy,happy,data/raf-db/aligned/train_02928_aligned.jpg,data/raf-db/aligned/train_05406_aligned.jpg,0.9994861483573914,0.9993566274642944,original,,,,,,,,,,,,,,,,,,,,,,,,,,,,,,,,,,,,,,,,,,,,
test_0403,data/raf-db/aligned/test_0403_aligned.jpg,5,sad,test,sad,data/raf-db/aligned/test_0403_aligned.jpg,sad,sad,data/raf-db/aligned/train_05944_aligned.jpg,data/raf-db/aligned/train_04151_aligned.jpg,0.9888544082641602,0.9882290959358215,original,,,,,,,,,,,,,,,,,,,,,,,,,,,,,,,,,,,,,,,,,,,,
test_0404,data/raf-db/aligned/test_0404_aligned.jpg,5,sad,test,sad,data/raf-db/aligned/test_0404_aligned.jpg,sad,sad,data/raf-db/aligned/train_03687_aligned.jpg,data/raf-db/aligned/train_08147_aligned.jpg,0.9899792671203613,0.9705033898353577,original,,,,,,,,,,,,,,,,,,,,,,,,,,,,,,,,,,,,,,,,,,,,
test_0405,data/raf-db/aligned/test_0405_aligned.jpg,4,happy,test,happy,data/raf-db/aligned/test_0405_aligned.jpg,happy,happy,data/raf-db/aligned/train_07952_aligned.jpg,data/raf-db/aligned/train_03098_aligned.jpg,0.9989510178565979,0.9960640668869019,original,,,,,,,,,,,,,,,,,,,,,,,,,,,,,,,,,,,,,,,,,,,,
test_0406,data/raf-db/aligned/test_0406_aligned.jpg,4,happy,test,happy,data/raf-db/aligned/test_0406_aligned.jpg,happy,happy,data/raf-db/aligned/train_03600_aligned.jpg,data/raf-db/aligned/train_03091_aligned.jpg,0.9979870319366455,0.9964687824249268,original,,,,,,,,,,,,,,,,,,,,,,,,,,,,,,,,,,,,,,,,,,,,
test_0407,data/raf-db/aligned/test_0407_aligned.jpg,4,happy,test,happy,data/raf-db/aligned/test_0407_aligned.jpg,happy,happy,data/raf-db/aligned/train_03836_aligned.jpg,data/raf-db/aligned/train_04851_aligned.jpg,0.9936373233795166,0.993130624294281,original,,,,,,,,,,,,,,,,,,,,,,,,,,,,,,,,,,,,,,,,,,,,
test_0408,data/raf-db/aligned/test_0408_aligned.jpg,4,happy,test,neutral,data/raf-db/aligned/test_0408_aligned.jpg,neutral,happy,data/raf-db/aligned/train_11303_aligned.jpg,data/raf-db/aligned/train_00087_aligned.jpg,0.977773129940033,0.9742274284362793,framework,happy,0.8307125931075187,1.0,stop,1280.0,False,0.07663948408250405,0.10273463512108535,0.04928359471127459,0.8307125931075187,0.44404350114818797,0.10487587454817345,0.2304018184098718,0.04168153495867122,0.05587377494159587,0.02680362349041348,0.45179552556674957,0.24149973003933914,0.05703832017703845,0.12530749082619233,neutral,0.826678572218631,3.0,stop,3696.0,False,0.11454307639749635,0.22206025190535356,0.07401836053070425,0.26687365019958337,0.8266785065236321,0.29407909681741967,0.17847411925919032,0.05794582298218188,0.11233733590001244,0.037444906769042004,0.13500783966556532,0.4182056908962148,0.14877071424034669,0.09028768954663688,happy,happy,neutral,neutral
test_0409,data/raf-db/aligned/test_0409_aligned.jpg,1,surprise,test,surprise,data/raf-db/aligned/test_0409_aligned.jpg,surprise,surprise,data/raf-db/aligned/train_05009_aligned.jpg,data/raf-db/aligned/train_04253_aligned.jpg,0.9836810827255249,0.9833654165267944,original,,,,,,,,,,,,,,,,,,,,,,,,,,,,,,,,,,,,,,,,,,,,
test_0410,data/raf-db/aligned/test_0410_aligned.jpg,4,happy,test,happy,data/raf-db/aligned/test_0410_aligned.jpg,happy,happy,data/raf-db/aligned/train_03026_aligned.jpg,data/raf-db/aligned/train_02434_aligned.jpg,0.9977816343307495,0.9890056848526001,original,,,,,,,,,,,,,,,,,,,,,,,,,,,,,,,,,,,,,,,,,,,,
test_0411,data/raf-db/aligned/test_0411_aligned.jpg,4,happy,test,happy,data/raf-db/aligned/test_0411_aligned.jpg,happy,happy,data/raf-db/aligned/train_09106_aligned.jpg,data/raf-db/aligned/train_01360_aligned.jpg,0.9968822002410889,0.9852229952812195,original,,,,,,,,,,,,,,,,,,,,,,,,,,,,,,,,,,,,,,,,,,,,
test_0412,data/raf-db/aligned/test_0412_aligned.jpg,4,happy,test,happy,data/raf-db/aligned/test_0412_aligned.jpg,happy,fear,data/raf-db/aligned/train_00824_aligned.jpg,data/raf-db/aligned/train_07381_aligned.jpg,0.9555485248565674,0.9342589974403381,framework,happy,0.9537902352623746,1.0,stop,1280.0,False,0.05240269588176259,0.06738861435478086,0.027575025642296726,0.9537902352623746,0.13886823372767934,0.06538679575748278,0.16965704145156396,0.035525598190428956,0.045685070126533216,0.018694062673213344,0.6466073564676711,0.09414357390992636,0.04432796813128092,0.11501637050094614,happy,0.6377039088826921,1.0,stop,3694.0,False,0.04592120257372834,0.14328435015268923,0.2754441525650138,0.6377039088826921,0.38998296592212783,0.15486717596511476,0.4273030393458603,0.022135961509209708,0.06906911583510261,0.13277572923589487,0.30740025064970233,0.1879882807737798,0.07465252767933898,0.20597813431697173,happy,happy,happy,happy
test_0413,data/raf-db/aligned/test_0413_aligned.jpg,1,surprise,test,surprise,data/raf-db/aligned/test_0413_aligned.jpg,surprise,surprise,data/raf-db/aligned/train_07358_aligned.jpg,data/raf-db/aligned/train_03925_aligned.jpg,0.9941641688346863,0.9922436475753784,original,,,,,,,,,,,,,,,,,,,,,,,,,,,,,,,,,,,,,,,,,,,,
test_0414,data/raf-db/aligned/test_0414_aligned.jpg,4,happy,test,happy,data/raf-db/aligned/test_0414_aligned.jpg,happy,happy,data/raf-db/aligned/train_06697_aligned.jpg,data/raf-db/aligned/train_01607_aligned.jpg,0.99791419506073,0.9940130114555359,original,,,,,,,,,,,,,,,,,,,,,,,,,,,,,,,,,,,,,,,,,,,,
test_0415,data/raf-db/aligned/test_0415_aligned.jpg,4,happy,test,happy,data/raf-db/aligned/test_0415_aligned.jpg,happy,happy,data/raf-db/aligned/train_00959_aligned.jpg,data/raf-db/aligned/train_01588_aligned.jpg,0.9970678091049194,0.994914174079895,original,,,,,,,,,,,,,,,,,,,,,,,,,,,,,,,,,,,,,,,,,,,,
test_0416,data/raf-db/aligned/test_0416_aligned.jpg,1,surprise,test,surprise,data/raf-db/aligned/test_0416_aligned.jpg,surprise,surprise,data/raf-db/aligned/train_01342_aligned.jpg,data/raf-db/aligned/train_00726_aligned.jpg,0.9834479689598083,0.9747203588485718,original,,,,,,,,,,,,,,,,,,,,,,,,,,,,,,,,,,,,,,,,,,,,
test_0417,data/raf-db/aligned/test_0417_aligned.jpg,4,happy,test,happy,data/raf-db/aligned/test_0417_aligned.jpg,happy,happy,data/raf-db/aligned/train_08106_aligned.jpg,data/raf-db/aligned/train_00394_aligned.jpg,0.994925856590271,0.9938164949417114,original,,,,,,,,,,,,,,,,,,,,,,,,,,,,,,,,,,,,,,,,,,,,
test_0418,data/raf-db/aligned/test_0418_aligned.jpg,4,happy,test,happy,data/raf-db/aligned/test_0418_aligned.jpg,happy,happy,data/raf-db/aligned/train_03553_aligned.jpg,data/raf-db/aligned/train_05256_aligned.jpg,0.9808194637298584,0.9676826596260071,original,,,,,,,,,,,,,,,,,,,,,,,,,,,,,,,,,,,,,,,,,,,,
test_0419,data/raf-db/aligned/test_0419_aligned.jpg,4,happy,test,happy,data/raf-db/aligned/test_0419_aligned.jpg,happy,happy,data/raf-db/aligned/train_05352_aligned.jpg,data/raf-db/aligned/train_04000_aligned.jpg,0.9937075972557068,0.9933661818504333,original,,,,,,,,,,,,,,,,,,,,,,,,,,,,,,,,,,,,,,,,,,,,
test_0420,data/raf-db/aligned/test_0420_aligned.jpg,3,disgust,test,neutral,data/raf-db/aligned/test_0420_aligned.jpg,disgust,neutral,data/raf-db/aligned/train_09664_aligned.jpg,data/raf-db/aligned/train_10245_aligned.jpg,0.9869204163551331,0.9846460223197937,framework,surprise,0.5063895305808377,2.0,stop,1281.0,False,0.2748160237896179,0.33815515492004816,0.29522375843062365,0.03067299614656799,0.5848056101648701,0.505896784866562,0.5063897716925307,0.10836764497534693,0.1333440360195751,0.11641498556281069,0.012095220325602564,0.2306052095071901,0.19948925255740552,0.199683651052069,neutral,0.7002530796745569,3.0,stop,3696.0,False,0.20007304089126993,0.5666908595042655,0.1645839055612057,0.005214028525598993,0.7002525510050882,0.5501207495556562,0.22927511573340706,0.08280448310612577,0.23453706452993875,0.06811654967042449,0.002157936596752445,0.289814411134151,0.22767917211627806,0.09489038284632949,neutral,neutral,neutral,neutral
test_0421,data/raf-db/aligned/test_0421_aligned.jpg,4,happy,test,happy,data/raf-db/aligned/test_0421_aligned.jpg,happy,happy,data/raf-db/aligned/train_08869_aligned.jpg,data/raf-db/aligned/train_07722_aligned.jpg,0.9962161779403687,0.996188759803772,original,,,,,,,,,,,,,,,,,,,,,,,,,,,,,,,,,,,,,,,,,,,,
test_0422,data/raf-db/aligned/test_0422_aligned.jpg,4,happy,test,happy,data/raf-db/aligned/test_0422_aligned.jpg,happy,happy,data/raf-db/aligned/train_01246_aligned.jpg,data/raf-db/aligned/train_06657_aligned.jpg,0.9933560490608215,0.9910081624984741,original,,,,,,,,,,,,,,,,,,,,,,,,,,,,,,,,,,,,,,,,,,,,
test_0423,data/raf-db/aligned/test_0423_aligned.jpg,4,happy,test,happy,data/raf-db/aligned/test_0423_aligned.jpg,happy,happy,data/raf-db/aligned/train_06337_aligned.jpg,data/raf-db/aligned/train_04488_aligned.jpg,0.9984737038612366,0.9967958331108093,original,,,,,,,,,,,,,,,,,,,,,,,,,,,,,,,,,,,,,,,,,,,,
test_0424,data/raf-db/aligned/test_0424_aligned.jpg,6,angry,test,surprise,data/raf-db/aligned/test_0424_aligned.jpg,angry,angry,data/raf-db/aligned/train_06058_aligned.jpg,data/raf-db/aligned/train_01760_aligned.jpg,0.9975693821907043,0.9720985889434814,original,,,,,,,,,,,,,,,,,,,,,,,,,,,,,,,,,,,,,,,,,,,,
test_0425,data/raf-db/aligned/test_0425_aligned.jpg,4,happy,test,happy,data/raf-db/aligned/test_0425_aligned.jpg,happy,happy,data/raf-db/aligned/train_06959_aligned.jpg,data/raf-db/aligned/train_02261_aligned.jpg,0.985268771648407,0.9814083576202393,original,,,,,,,,,,,,,,,,,,,,,,,,,,,,,,,,,,,,,,,,,,,,
test_0426,data/raf-db/aligned/test_0426_aligned.jpg,4,happy,test,happy,data/raf-db/aligned/test_0426_aligned.jpg,happy,happy,data/raf-db/aligned/train_00884_aligned.jpg,data/raf-db/aligned/train_02257_aligned.jpg,0.9867017865180969,0.9836013317108154,original,,,,,,,,,,,,,,,,,,,,,,,,,,,,,,,,,,,,,,,,,,,,
test_0427,data/raf-db/aligned/test_0427_aligned.jpg,4,happy,test,happy,data/raf-db/aligned/test_0427_aligned.jpg,happy,happy,data/raf-db/aligned/train_05241_aligned.jpg,data/raf-db/aligned/train_00402_aligned.jpg,0.9958342909812927,0.9949213266372681,original,,,,,,,,,,,,,,,,,,,,,,,,,,,,,,,,,,,,,,,,,,,,
test_0428,data/raf-db/aligned/test_0428_aligned.jpg,4,happy,test,happy,data/raf-db/aligned/test_0428_aligned.jpg,happy,happy,data/raf-db/aligned/train_04119_aligned.jpg,data/raf-db/aligned/train_01208_aligned.jpg,0.9987382292747498,0.997848629951477,original,,,,,,,,,,,,,,,,,,,,,,,,,,,,,,,,,,,,,,,,,,,,
test_0429,data/raf-db/aligned/test_0429_aligned.jpg,1,surprise,test,surprise,data/raf-db/aligned/test_0429_aligned.jpg,surprise,surprise,data/raf-db/aligned/train_07849_aligned.jpg,data/raf-db/aligned/train_05020_aligned.jpg,0.9828511476516724,0.9777002930641174,original,,,,,,,,,,,,,,,,,,,,,,,,,,,,,,,,,,,,,,,,,,,,
test_0430,data/raf-db/aligned/test_0430_aligned.jpg,1,surprise,test,surprise,data/raf-db/aligned/test_0430_aligned.jpg,surprise,surprise,data/raf-db/aligned/train_00399_aligned.jpg,data/raf-db/aligned/train_04108_aligned.jpg,0.9842835664749146,0.9839190244674683,original,,,,,,,,,,,,,,,,,,,,,,,,,,,,,,,,,,,,,,,,,,,,
test_0431,data/raf-db/aligned/test_0431_aligned.jpg,1,surprise,test,fear,data/raf-db/aligned/test_0431_aligned.jpg,fear,fear,data/raf-db/aligned/train_09262_aligned.jpg,data/raf-db/aligned/train_09272_aligned.jpg,0.9844604730606079,0.9765365123748779,original,,,,,,,,,,,,,,,,,,,,,,,,,,,,,,,,,,,,,,,,,,,,
test_0432,data/raf-db/aligned/test_0432_aligned.jpg,3,disgust,test,happy,data/raf-db/aligned/test_0432_aligned.jpg,happy,happy,data/raf-db/aligned/train_01941_aligned.jpg,data/raf-db/aligned/train_04845_aligned.jpg,0.9885004758834839,0.9881857633590698,original,,,,,,,,,,,,,,,,,,,,,,,,,,,,,,,,,,,,,,,,,,,,
test_0433,data/raf-db/aligned/test_0433_aligned.jpg,4,happy,test,happy,data/raf-db/aligned/test_0433_aligned.jpg,happy,happy,data/raf-db/aligned/train_04823_aligned.jpg,data/raf-db/aligned/train_01808_aligned.jpg,0.9984543323516846,0.9982419610023499,original,,,,,,,,,,,,,,,,,,,,,,,,,,,,,,,,,,,,,,,,,,,,
test_0434,data/raf-db/aligned/test_0434_aligned.jpg,5,sad,test,sad,data/raf-db/aligned/test_0434_aligned.jpg,sad,sad,data/raf-db/aligned/train_07775_aligned.jpg,data/raf-db/aligned/train_04418_aligned.jpg,0.9983727931976318,0.9918307662010193,original,,,,,,,,,,,,,,,,,,,,,,,,,,,,,,,,,,,,,,,,,,,,
test_0435,data/raf-db/aligned/test_0435_aligned.jpg,4,happy,test,happy,data/raf-db/aligned/test_0435_aligned.jpg,happy,happy,data/raf-db/aligned/train_01666_aligned.jpg,data/raf-db/aligned/train_03257_aligned.jpg,0.9654554724693298,0.9631750583648682,original,,,,,,,,,,,,,,,,,,,,,,,,,,,,,,,,,,,,,,,,,,,,
test_0436,data/raf-db/aligned/test_0436_aligned.jpg,4,happy,test,happy,data/raf-db/aligned/test_0436_aligned.jpg,happy,happy,data/raf-db/aligned/train_07802_aligned.jpg,data/raf-db/aligned/train_05925_aligned.jpg,0.9893184900283813,0.9795690774917603,original,,,,,,,,,,,,,,,,,,,,,,,,,,,,,,,,,,,,,,,,,,,,
test_0437,data/raf-db/aligned/test_0437_aligned.jpg,4,happy,test,happy,data/raf-db/aligned/test_0437_aligned.jpg,happy,happy,data/raf-db/aligned/train_04918_aligned.jpg,data/raf-db/aligned/train_03256_aligned.jpg,0.9923952221870422,0.9907310605049133,original,,,,,,,,,,,,,,,,,,,,,,,,,,,,,,,,,,,,,,,,,,,,
test_0438,data/raf-db/aligned/test_0438_aligned.jpg,5,sad,test,sad,data/raf-db/aligned/test_0438_aligned.jpg,sad,sad,data/raf-db/aligned/train_07012_aligned.jpg,data/raf-db/aligned/train_06938_aligned.jpg,0.9923586249351501,0.9916546940803528,original,,,,,,,,,,,,,,,,,,,,,,,,,,,,,,,,,,,,,,,,,,,,
test_0439,data/raf-db/aligned/test_0439_aligned.jpg,4,happy,test,happy,data/raf-db/aligned/test_0439_aligned.jpg,happy,happy,data/raf-db/aligned/train_03408_aligned.jpg,data/raf-db/aligned/train_01521_aligned.jpg,0.9977784156799316,0.9969254732131958,original,,,,,,,,,,,,,,,,,,,,,,,,,,,,,,,,,,,,,,,,,,,,
test_0440,data/raf-db/aligned/test_0440_aligned.jpg,1,surprise,test,surprise,data/raf-db/aligned/test_0440_aligned.jpg,disgust,neutral,data/raf-db/aligned/train_04516_aligned.jpg,data/raf-db/aligned/train_11240_aligned.jpg,0.9776462316513062,0.9710018634796143,framework,surprise,0.9761553763291789,2.0,stop,1281.0,False,0.03860808183787912,0.09101501627529437,0.1092645917686177,0.011278649887203337,0.19382363439972167,0.06184004692271025,0.9761555507373285,0.026051590900603133,0.061414239116365205,0.07372851250757208,0.007610499117940534,0.13078645169301162,0.041727833319186954,0.6586808733453205,neutral,0.7492598792032631,3.0,stop,3696.0,False,0.15219879309318235,0.4436377030452142,0.12253105575979276,0.025261375299340676,0.749259313526314,0.261160019408055,0.5719668954587889,0.06543327661789534,0.19072863819434277,0.05267852854066043,0.010860365736922978,0.322121423725651,0.11227786662539344,0.24589990055913405,surprise,surprise,surprise,surprise
test_0441,data/raf-db/aligned/test_0441_aligned.jpg,1,surprise,test,happy,data/raf-db/aligned/test_0441_aligned.jpg,happy,angry,data/raf-db/aligned/train_08834_aligned.jpg,data/raf-db/aligned/train_07309_aligned.jpg,0.9414933323860168,0.9079146981239319,framework,neutral,0.6686873414929598,3.0,stop,1282.0,False,0.2552600230415733,0.29359484504854383,0.16448598786897956,0.12464644863485733,0.6686864646670948,0.3091164965546407,0.5464524865917455,0.108058336841728,0.12428648357554793,0.06963128057069781,0.05276614713192632,0.28307271299091324,0.1308572102674928,0.23132782862169382,happy,0.7807779434659432,1.0,stop,3694.0,False,0.3340808110725175,0.15316039785715965,0.05918531189618638,0.7807779434659432,0.2427204482115644,0.1114225815293256,0.23768024149095376,0.17408857875696931,0.07981145609412797,0.030841300936193253,0.4068612084196324,0.12648094851288463,0.05806199643014613,0.12385451085004631,happy,happy,neutral,happy
test_0442,data/raf-db/aligned/test_0442_aligned.jpg,4,happy,test,happy,data/raf-db/aligned/test_0442_aligned.jpg,happy,happy,data/raf-db/aligned/train_03034_aligned.jpg,data/raf-db/aligned/train_07135_aligned.jpg,0.998214066028595,0.9980160593986511,original,,,,,,,,,,,,,,,,,,,,,,,,,,,,,,,,,,,,,,,,,,,,
test_0443,data/raf-db/aligned/test_0443_aligned.jpg,4,happy,test,happy,data/raf-db/aligned/test_0443_aligned.jpg,happy,happy,data/raf-db/aligned/train_01464_aligned.jpg,data/raf-db/aligned/train_03349_aligned.jpg,0.9951522946357727,0.9939411878585815,original,,,,,,,,,,,,,,,,,,,,,,,,,,,,,,,,,,,,,,,,,,,,
test_0444,data/raf-db/aligned/test_0444_aligned.jpg,4,happy,test,happy,data/raf-db/aligned/test_0444_aligned.jpg,happy,happy,data/raf-db/aligned/train_08688_aligned.jpg,data/raf-db/aligned/train_03353_aligned.jpg,0.9837826490402222,0.9749776721000671,original,,,,,,,,,,,,,,,,,,,,,,,,,,,,,,,,,,,,,,,,,,,,
test_0445,data/raf-db/aligned/test_0445_aligned.jpg,4,happy,test,happy,data/raf-db/aligned/test_0445_aligned.jpg,happy,happy,data/raf-db/aligned/train_05562_aligned.jpg,data/raf-db/aligned/train_00426_aligned.jpg,0.9955203533172607,0.9928128123283386,original,,,,,,,,,,,,,,,,,,,,,,,,,,,,,,,,,,,,,,,,,,,,
test_0446,data/raf-db/aligned/test_0446_aligned.jpg,1,surprise,test,surprise,data/raf-db/aligned/test_0446_aligned.jpg,surprise,surprise,data/raf-db/aligned/train_04447_aligned.jpg,data/raf-db/aligned/train_08030_aligned.jpg,0.9848279356956482,0.9751924872398376,original,,,,,,,,,,,,,,,,,,,,,,,,,,,,,,,,,,,,,,,,,,,,
test_0447,data/raf-db/aligned/test_0447_aligned.jpg,4,happy,test,happy,data/raf-db/aligned/test_0447_aligned.jpg,happy,happy,data/raf-db/aligned/train_06490_aligned.jpg,data/raf-db/aligned/train_02202_aligned.jpg,0.9867696762084961,0.9858298301696777,original,,,,,,,,,,,,,,,,,,,,,,,,,,,,,,,,,,,,,,,,,,,,
test_0448,data/raf-db/aligned/test_0448_aligned.jpg,4,happy,test,happy,data/raf-db/aligned/test_0448_aligned.jpg,happy,happy,data/raf-db/aligned/train_07716_aligned.jpg,data/raf-db/aligned/train_08909_aligned.jpg,0.9794739484786987,0.9790151119232178,original,,,,,,,,,,,,,,,,,,,,,,,,,,,,,,,,,,,,,,,,,,,,
test_0449,data/raf-db/aligned/test_0449_aligned.jpg,4,happy,test,happy,data/raf-db/aligned/test_0449_aligned.jpg,happy,happy,data/raf-db/aligned/train_05194_aligned.jpg,data/raf-db/aligned/train_00505_aligned.jpg,0.9881154298782349,0.9863966703414917,original,,,,,,,,,,,,,,,,,,,,,,,,,,,,,,,,,,,,,,,,,,,,
test_0450,data/raf-db/aligned/test_0450_aligned.jpg,4,happy,test,happy,data/raf-db/aligned/test_0450_aligned.jpg,happy,happy,data/raf-db/aligned/train_03509_aligned.jpg,data/raf-db/aligned/train_07572_aligned.jpg,0.9958542585372925,0.9948850870132446,original,,,,,,,,,,,,,,,,,,,,,,,,,,,,,,,,,,,,,,,,,,,,
test_0451,data/raf-db/aligned/test_0451_aligned.jpg,4,happy,test,happy,data/raf-db/aligned/test_0451_aligned.jpg,happy,happy,data/raf-db/aligned/train_00847_aligned.jpg,data/raf-db/aligned/train_03284_aligned.jpg,0.9773564338684082,0.976965069770813,original,,,,,,,,,,,,,,,,,,,,,,,,,,,,,,,,,,,,,,,,,,,,
test_0452,data/raf-db/aligned/test_0452_aligned.jpg,6,angry,test,angry,data/raf-db/aligned/test_0452_aligned.jpg,angry,angry,data/raf-db/aligned/train_07958_aligned.jpg,data/raf-db/aligned/train_00676_aligned.jpg,0.9954402446746826,0.9937596917152405,original,,,,,,,,,,,,,,,,,,,,,,,,,,,,,,,,,,,,,,,,,,,,
test_0453,data/raf-db/aligned/test_0453_aligned.jpg,4,happy,test,happy,data/raf-db/aligned/test_0453_aligned.jpg,happy,happy,data/raf-db/aligned/train_01005_aligned.jpg,data/raf-db/aligned/train_02745_aligned.jpg,0.9957841634750366,0.9940820932388306,original,,,,,,,,,,,,,,,,,,,,,,,,,,,,,,,,,,,,,,,,,,,,
test_0454,data/raf-db/aligned/test_0454_aligned.jpg,4,happy,test,happy,data/raf-db/aligned/test_0454_aligned.jpg,happy,happy,data/raf-db/aligned/train_00781_aligned.jpg,data/raf-db/aligned/train_03196_aligned.jpg,0.977789580821991,0.9737634658813477,original,,,,,,,,,,,,,,,,,,,,,,,,,,,,,,,,,,,,,,,,,,,,
test_0455,data/raf-db/aligned/test_0455_aligned.jpg,4,happy,test,happy,data/raf-db/aligned/test_0455_aligned.jpg,happy,happy,data/raf-db/aligned/train_01720_aligned.jpg,data/raf-db/aligned/train_07245_aligned.jpg,0.9911972284317017,0.9907936453819275,original,,,,,,,,,,,,,,,,,,,,,,,,,,,,,,,,,,,,,,,,,,,,
test_0456,data/raf-db/aligned/test_0456_aligned.jpg,4,happy,test,surprise,data/raf-db/aligned/test_0456_aligned.jpg,surprise,surprise,data/raf-db/aligned/train_03843_aligned.jpg,data/raf-db/aligned/train_00771_aligned.jpg,0.9878464937210083,0.9740738868713379,original,,,,,,,,,,,,,,,,,,,,,,,,,,,,,,,,,,,,,,,,,,,,
test_0457,data/raf-db/aligned/test_0457_aligned.jpg,4,happy,test,happy,data/raf-db/aligned/test_0457_aligned.jpg,happy,happy,data/raf-db/aligned/train_07065_aligned.jpg,data/raf-db/aligned/train_03099_aligned.jpg,0.9955438375473022,0.9952937364578247,original,,,,,,,,,,,,,,,,,,,,,,,,,,,,,,,,,,,,,,,,,,,,
test_0458,data/raf-db/aligned/test_0458_aligned.jpg,4,happy,test,surprise,data/raf-db/aligned/test_0458_aligned.jpg,surprise,surprise,data/raf-db/aligned/train_02465_aligned.jpg,data/raf-db/aligned/train_03435_aligned.jpg,0.9675425291061401,0.9656588435173035,original,,,,,,,,,,,,,,,,,,,,,,,,,,,,,,,,,,,,,,,,,,,,
test_0459,data/raf-db/aligned/test_0459_aligned.jpg,4,happy,test,happy,data/raf-db/aligned/test_0459_aligned.jpg,happy,happy,data/raf-db/aligned/train_00755_aligned.jpg,data/raf-db/aligned/train_01527_aligned.jpg,0.9764424562454224,0.9724013805389404,original,,,,,,,,,,,,,,,,,,,,,,,,,,,,,,,,,,,,,,,,,,,,
test_0460,data/raf-db/aligned/test_0460_aligned.jpg,4,happy,test,happy,data/raf-db/aligned/test_0460_aligned.jpg,happy,happy,data/raf-db/aligned/train_00816_aligned.jpg,data/raf-db/aligned/train_08969_aligned.jpg,0.9915882349014282,0.9897785186767578,original,,,,,,,,,,,,,,,,,,,,,,,,,,,,,,,,,,,,,,,,,,,,
test_0461,data/raf-db/aligned/test_0461_aligned.jpg,4,happy,test,happy,data/raf-db/aligned/test_0461_aligned.jpg,happy,happy,data/raf-db/aligned/train_01034_aligned.jpg,data/raf-db/aligned/train_04571_aligned.jpg,0.9922291040420532,0.99081951379776,original,,,,,,,,,,,,,,,,,,,,,,,,,,,,,,,,,,,,,,,,,,,,
test_0462,data/raf-db/aligned/test_0462_aligned.jpg,4,happy,test,happy,data/raf-db/aligned/test_0462_aligned.jpg,happy,happy,data/raf-db/aligned/train_02581_aligned.jpg,data/raf-db/aligned/train_08411_aligned.jpg,0.9943183660507202,0.992645800113678,original,,,,,,,,,,,,,,,,,,,,,,,,,,,,,,,,,,,,,,,,,,,,
test_0463,data/raf-db/aligned/test_0463_aligned.jpg,4,happy,test,happy,data/raf-db/aligned/test_0463_aligned.jpg,happy,happy,data/raf-db/aligned/train_07095_aligned.jpg,data/raf-db/aligned/train_02097_aligned.jpg,0.994090735912323,0.9924291372299194,original,,,,,,,,,,,,,,,,,,,,,,,,,,,,,,,,,,,,,,,,,,,,
test_0464,data/raf-db/aligned/test_0464_aligned.jpg,4,happy,test,happy,data/raf-db/aligned/test_0464_aligned.jpg,happy,happy,data/raf-db/aligned/train_03353_aligned.jpg,data/raf-db/aligned/train_09150_aligned.jpg,0.9946297407150269,0.9923840165138245,original,,,,,,,,,,,,,,,,,,,,,,,,,,,,,,,,,,,,,,,,,,,,
test_0465,data/raf-db/aligned/test_0465_aligned.jpg,4,happy,test,happy,data/raf-db/aligned/test_0465_aligned.jpg,happy,happy,data/raf-db/aligned/train_01285_aligned.jpg,data/raf-db/aligned/train_02211_aligned.jpg,0.9938334226608276,0.9912809133529663,original,,,,,,,,,,,,,,,,,,,,,,,,,,,,,,,,,,,,,,,,,,,,
test_0466,data/raf-db/aligned/test_0466_aligned.jpg,4,happy,test,surprise,data/raf-db/aligned/test_0466_aligned.jpg,fear,fear,data/raf-db/aligned/train_09383_aligned.jpg,data/raf-db/aligned/train_08621_aligned.jpg,0.9616533517837524,0.9611062407493591,original,,,,,,,,,,,,,,,,,,,,,,,,,,,,,,,,,,,,,,,,,,,,
test_0467,data/raf-db/aligned/test_0467_aligned.jpg,4,happy,test,happy,data/raf-db/aligned/test_0467_aligned.jpg,happy,happy,data/raf-db/aligned/train_09071_aligned.jpg,data/raf-db/aligned/train_01628_aligned.jpg,0.9709843397140503,0.966232419013977,original,,,,,,,,,,,,,,,,,,,,,,,,,,,,,,,,,,,,,,,,,,,,
test_0468,data/raf-db/aligned/test_0468_aligned.jpg,4,happy,test,happy,data/raf-db/aligned/test_0468_aligned.jpg,happy,happy,data/raf-db/aligned/train_03973_aligned.jpg,data/raf-db/aligned/train_07802_aligned.jpg,0.9370203018188477,0.926464855670929,original,,,,,,,,,,,,,,,,,,,,,,,,,,,,,,,,,,,,,,,,,,,,
test_0469,data/raf-db/aligned/test_0469_aligned.jpg,4,happy,test,happy,data/raf-db/aligned/test_0469_aligned.jpg,happy,happy,data/raf-db/aligned/train_08841_aligned.jpg,data/raf-db/aligned/train_02539_aligned.jpg,0.9978581070899963,0.9969236254692078,original,,,,,,,,,,,,,,,,,,,,,,,,,,,,,,,,,,,,,,,,,,,,
test_0470,data/raf-db/aligned/test_0470_aligned.jpg,5,sad,test,sad,data/raf-db/aligned/test_0470_aligned.jpg,sad,sad,data/raf-db/aligned/train_08311_aligned.jpg,data/raf-db/aligned/train_07338_aligned.jpg,0.9957236051559448,0.9947032928466797,original,,,,,,,,,,,,,,,,,,,,,,,,,,,,,,,,,,,,,,,,,,,,
test_0471,data/raf-db/aligned/test_0471_aligned.jpg,5,sad,test,sad,data/raf-db/aligned/test_0471_aligned.jpg,sad,sad,data/raf-db/aligned/train_05787_aligned.jpg,data/raf-db/aligned/train_09011_aligned.jpg,0.9831536412239075,0.9825986623764038,original,,,,,,,,,,,,,,,,,,,,,,,,,,,,,,,,,,,,,,,,,,,,
test_0472,data/raf-db/aligned/test_0472_aligned.jpg,5,sad,test,sad,data/raf-db/aligned/test_0472_aligned.jpg,sad,sad,data/raf-db/aligned/train_06419_aligned.jpg,data/raf-db/aligned/train_08273_aligned.jpg,0.9964415431022644,0.9918463230133057,original,,,,,,,,,,,,,,,,,,,,,,,,,,,,,,,,,,,,,,,,,,,,
test_0473,data/raf-db/aligned/test_0473_aligned.jpg,4,happy,test,happy,data/raf-db/aligned/test_0473_aligned.jpg,happy,happy,data/raf-db/aligned/train_05319_aligned.jpg,data/raf-db/aligned/train_05198_aligned.jpg,0.9962992668151855,0.9952608346939087,original,,,,,,,,,,,,,,,,,,,,,,,,,,,,,,,,,,,,,,,,,,,,
test_0474,data/raf-db/aligned/test_0474_aligned.jpg,4,happy,test,happy,data/raf-db/aligned/test_0474_aligned.jpg,happy,happy,data/raf-db/aligned/train_05481_aligned.jpg,data/raf-db/aligned/train_07925_aligned.jpg,0.991470992565155,0.9837135076522827,original,,,,,,,,,,,,,,,,,,,,,,,,,,,,,,,,,,,,,,,,,,,,
test_0475,data/raf-db/aligned/test_0475_aligned.jpg,4,happy,test,happy,data/raf-db/aligned/test_0475_aligned.jpg,happy,happy,data/raf-db/aligned/train_02686_aligned.jpg,data/raf-db/aligned/train_07482_aligned.jpg,0.9660897254943848,0.9638888239860535,original,,,,,,,,,,,,,,,,,,,,,,,,,,,,,,,,,,,,,,,,,,,,
test_0476,data/raf-db/aligned/test_0476_aligned.jpg,5,sad,test,sad,data/raf-db/aligned/test_0476_aligned.jpg,sad,sad,data/raf-db/aligned/train_04787_aligned.jpg,data/raf-db/aligned/train_03076_aligned.jpg,0.9974035024642944,0.9962813258171082,original,,,,,,,,,,,,,,,,,,,,,,,,,,,,,,,,,,,,,,,,,,,,
test_0477,data/raf-db/aligned/test_0477_aligned.jpg,4,happy,test,happy,data/raf-db/aligned/test_0477_aligned.jpg,happy,happy,data/raf-db/aligned/train_00148_aligned.jpg,data/raf-db/aligned/train_03426_aligned.jpg,0.9900733232498169,0.9819408059120178,original,,,,,,,,,,,,,,,,,,,,,,,,,,,,,,,,,,,,,,,,,,,,
test_0478,data/raf-db/aligned/test_0478_aligned.jpg,4,happy,test,happy,data/raf-db/aligned/test_0478_aligned.jpg,happy,happy,data/raf-db/aligned/train_03992_aligned.jpg,data/raf-db/aligned/train_02518_aligned.jpg,0.9690681099891663,0.9646159410476685,original,,,,,,,,,,,,,,,,,,,,,,,,,,,,,,,,,,,,,,,,,,,,
test_0479,data/raf-db/aligned/test_0479_aligned.jpg,4,happy,test,happy,data/raf-db/aligned/test_0479_aligned.jpg,happy,happy,data/raf-db/aligned/train_02996_aligned.jpg,data/raf-db/aligned/train_00121_aligned.jpg,0.9979438781738281,0.9942432641983032,original,,,,,,,,,,,,,,,,,,,,,,,,,,,,,,,,,,,,,,,,,,,,
test_0480,data/raf-db/aligned/test_0480_aligned.jpg,4,happy,test,happy,data/raf-db/aligned/test_0480_aligned.jpg,happy,happy,data/raf-db/aligned/train_06636_aligned.jpg,data/raf-db/aligned/train_02419_aligned.jpg,0.9976726174354553,0.9967231750488281,original,,,,,,,,,,,,,,,,,,,,,,,,,,,,,,,,,,,,,,,,,,,,
test_0481,data/raf-db/aligned/test_0481_aligned.jpg,4,happy,test,happy,data/raf-db/aligned/test_0481_aligned.jpg,happy,happy,data/raf-db/aligned/train_01771_aligned.jpg,data/raf-db/aligned/train_08696_aligned.jpg,0.990196943283081,0.9893476963043213,original,,,,,,,,,,,,,,,,,,,,,,,,,,,,,,,,,,,,,,,,,,,,
test_0482,data/raf-db/aligned/test_0482_aligned.jpg,1,surprise,test,surprise,data/raf-db/aligned/test_0482_aligned.jpg,surprise,surprise,data/raf-db/aligned/train_05677_aligned.jpg,data/raf-db/aligned/train_00673_aligned.jpg,0.9886608123779297,0.9728784561157227,original,,,,,,,,,,,,,,,,,,,,,,,,,,,,,,,,,,,,,,,,,,,,
test_0483,data/raf-db/aligned/test_0483_aligned.jpg,5,sad,test,happy,data/raf-db/aligned/test_0483_aligned.jpg,happy,happy,data/raf-db/aligned/train_02915_aligned.jpg,data/raf-db/aligned/train_02556_aligned.jpg,0.9802873730659485,0.9669392704963684,original,,,,,,,,,,,,,,,,,,,,,,,,,,,,,,,,,,,,,,,,,,,,
test_0484,data/raf-db/aligned/test_0484_aligned.jpg,4,happy,test,happy,data/raf-db/aligned/test_0484_aligned.jpg,happy,happy,data/raf-db/aligned/train_01540_aligned.jpg,data/raf-db/aligned/train_01875_aligned.jpg,0.9866709113121033,0.9836797714233398,original,,,,,,,,,,,,,,,,,,,,,,,,,,,,,,,,,,,,,,,,,,,,
test_0485,data/raf-db/aligned/test_0485_aligned.jpg,4,happy,test,happy,data/raf-db/aligned/test_0485_aligned.jpg,happy,happy,data/raf-db/aligned/train_03174_aligned.jpg,data/raf-db/aligned/train_06668_aligned.jpg,0.9954089522361755,0.9929081201553345,original,,,,,,,,,,,,,,,,,,,,,,,,,,,,,,,,,,,,,,,,,,,,
test_0486,data/raf-db/aligned/test_0486_aligned.jpg,4,happy,test,happy,data/raf-db/aligned/test_0486_aligned.jpg,happy,happy,data/raf-db/aligned/train_01364_aligned.jpg,data/raf-db/aligned/train_08059_aligned.jpg,0.9952850341796875,0.9923335313796997,original,,,,,,,,,,,,,,,,,,,,,,,,,,,,,,,,,,,,,,,,,,,,
test_0487,data/raf-db/aligned/test_0487_aligned.jpg,4,happy,test,happy,data/raf-db/aligned/test_0487_aligned.jpg,happy,happy,data/raf-db/aligned/train_08028_aligned.jpg,data/raf-db/aligned/train_05134_aligned.jpg,0.9940195083618164,0.9929921627044678,original,,,,,,,,,,,,,,,,,,,,,,,,,,,,,,,,,,,,,,,,,,,,
test_0488,data/raf-db/aligned/test_0488_aligned.jpg,4,happy,test,happy,data/raf-db/aligned/test_0488_aligned.jpg,happy,happy,data/raf-db/aligned/train_07154_aligned.jpg,data/raf-db/aligned/train_03055_aligned.jpg,0.9971785545349121,0.9919946789741516,original,,,,,,,,,,,,,,,,,,,,,,,,,,,,,,,,,,,,,,,,,,,,
test_0489,data/raf-db/aligned/test_0489_aligned.jpg,4,happy,test,happy,data/raf-db/aligned/test_0489_aligned.jpg,happy,happy,data/raf-db/aligned/train_02506_aligned.jpg,data/raf-db/aligned/train_05106_aligned.jpg,0.9967767000198364,0.9953592419624329,original,,,,,,,,,,,,,,,,,,,,,,,,,,,,,,,,,,,,,,,,,,,,
test_0490,data/raf-db/aligned/test_0490_aligned.jpg,4,happy,test,happy,data/raf-db/aligned/test_0490_aligned.jpg,happy,happy,data/raf-db/aligned/train_02250_aligned.jpg,data/raf-db/aligned/train_07566_aligned.jpg,0.9962953925132751,0.9923971891403198,original,,,,,,,,,,,,,,,,,,,,,,,,,,,,,,,,,,,,,,,,,,,,
test_0491,data/raf-db/aligned/test_0491_aligned.jpg,1,surprise,test,surprise,data/raf-db/aligned/test_0491_aligned.jpg,surprise,surprise,data/raf-db/aligned/train_02426_aligned.jpg,data/raf-db/aligned/train_07413_aligned.jpg,0.9860540628433228,0.9840437769889832,original,,,,,,,,,,,,,,,,,,,,,,,,,,,,,,,,,,,,,,,,,,,,
test_0492,data/raf-db/aligned/test_0492_aligned.jpg,4,happy,test,happy,data/raf-db/aligned/test_0492_aligned.jpg,happy,happy,data/raf-db/aligned/train_03696_aligned.jpg,data/raf-db/aligned/train_02744_aligned.jpg,0.9975653886795044,0.9974641799926758,original,,,,,,,,,,,,,,,,,,,,,,,,,,,,,,,,,,,,,,,,,,,,
test_0493,data/raf-db/aligned/test_0493_aligned.jpg,4,happy,test,happy,data/raf-db/aligned/test_0493_aligned.jpg,happy,happy,data/raf-db/aligned/train_00086_aligned.jpg,data/raf-db/aligned/train_04266_aligned.jpg,0.9986511468887329,0.9981706142425537,original,,,,,,,,,,,,,,,,,,,,,,,,,,,,,,,,,,,,,,,,,,,,
test_0494,data/raf-db/aligned/test_0494_aligned.jpg,4,happy,test,happy,data/raf-db/aligned/test_0494_aligned.jpg,happy,happy,data/raf-db/aligned/train_01426_aligned.jpg,data/raf-db/aligned/train_08386_aligned.jpg,0.9959306716918945,0.9902787208557129,original,,,,,,,,,,,,,,,,,,,,,,,,,,,,,,,,,,,,,,,,,,,,
test_0495,data/raf-db/aligned/test_0495_aligned.jpg,4,happy,test,happy,data/raf-db/aligned/test_0495_aligned.jpg,happy,happy,data/raf-db/aligned/train_03563_aligned.jpg,data/raf-db/aligned/train_03602_aligned.jpg,0.9978144764900208,0.9973570108413696,original,,,,,,,,,,,,,,,,,,,,,,,,,,,,,,,,,,,,,,,,,,,,
test_0496,data/raf-db/aligned/test_0496_aligned.jpg,4,happy,test,neutral,data/raf-db/aligned/test_0496_aligned.jpg,surprise,neutral,data/raf-db/aligned/train_07690_aligned.jpg,data/raf-db/aligned/train_10759_aligned.jpg,0.9664359092712402,0.9635202884674072,framework,neutral,0.837814502188042,3.0,stop,1282.0,False,0.13244490858073962,0.22456376874491338,0.08502086070575081,0.2163547995187381,0.8378148683867833,0.29078578734828325,0.23379086052896111,0.06554161280715662,0.11112750002483167,0.04207337520649597,0.10706521414058527,0.41460059353214573,0.14389809082458677,0.11569361346419794,neutral,0.750305876094238,3.0,stop,3696.0,False,0.1284890595477454,0.22707434136190788,0.1438667805189897,0.03257248650534105,0.7503048922373928,0.22223285558342254,0.6494784597626266,0.05965085125676092,0.10541891899965891,0.06678993492312404,0.015121727518528211,0.3483279096415341,0.10317126656099476,0.3015193910993991,neutral,neutral,neutral,neutral
test_0497,data/raf-db/aligned/test_0497_aligned.jpg,4,happy,test,happy,data/raf-db/aligned/test_0497_aligned.jpg,happy,happy,data/raf-db/aligned/train_02710_aligned.jpg,data/raf-db/aligned/train_05544_aligned.jpg,0.998363733291626,0.9959638714790344,original,,,,,,,,,,,,,,,,,,,,,,,,,,,,,,,,,,,,,,,,,,,,
test_0498,data/raf-db/aligned/test_0498_aligned.jpg,4,happy,test,happy,data/raf-db/aligned/test_0498_aligned.jpg,happy,happy,data/raf-db/aligned/train_05612_aligned.jpg,data/raf-db/aligned/train_08428_aligned.jpg,0.9912916421890259,0.9617404937744141,original,,,,,,,,,,,,,,,,,,,,,,,,,,,,,,,,,,,,,,,,,,,,
test_0499,data/raf-db/aligned/test_0499_aligned.jpg,1,surprise,test,surprise,data/raf-db/aligned/test_0499_aligned.jpg,surprise,surprise,data/raf-db/aligned/train_07414_aligned.jpg,data/raf-db/aligned/train_07001_aligned.jpg,0.9968006014823914,0.9962266683578491,original,,,,,,,,,,,,,,,,,,,,,,,,,,,,,,,,,,,,,,,,,,,,
test_0500,data/raf-db/aligned/test_0500_aligned.jpg,4,happy,test,happy,data/raf-db/aligned/test_0500_aligned.jpg,happy,happy,data/raf-db/aligned/train_07909_aligned.jpg,data/raf-db/aligned/train_07511_aligned.jpg,0.9963213205337524,0.9944977760314941,original,,,,,,,,,,,,,,,,,,,,,,,,,,,,,,,,,,,,,,,,,,,,
test_0501,data/raf-db/aligned/test_0501_aligned.jpg,4,happy,test,happy,data/raf-db/aligned/test_0501_aligned.jpg,happy,happy,data/raf-db/aligned/train_06816_aligned.jpg,data/raf-db/aligned/train_00067_aligned.jpg,0.992563784122467,0.9924809336662292,original,,,,,,,,,,,,,,,,,,,,,,,,,,,,,,,,,,,,,,,,,,,,
test_0502,data/raf-db/aligned/test_0502_aligned.jpg,4,happy,test,happy,data/raf-db/aligned/test_0502_aligned.jpg,happy,happy,data/raf-db/aligned/train_01057_aligned.jpg,data/raf-db/aligned/train_01790_aligned.jpg,0.9991990923881531,0.9986849427223206,original,,,,,,,,,,,,,,,,,,,,,,,,,,,,,,,,,,,,,,,,,,,,
test_0503,data/raf-db/aligned/test_0503_aligned.jpg,4,happy,test,happy,data/raf-db/aligned/test_0503_aligned.jpg,happy,happy,data/raf-db/aligned/train_05374_aligned.jpg,data/raf-db/aligned/train_03400_aligned.jpg,0.9918187856674194,0.9899656772613525,original,,,,,,,,,,,,,,,,,,,,,,,,,,,,,,,,,,,,,,,,,,,,
test_0504,data/raf-db/aligned/test_0504_aligned.jpg,4,happy,test,happy,data/raf-db/aligned/test_0504_aligned.jpg,happy,happy,data/raf-db/aligned/train_04059_aligned.jpg,data/raf-db/aligned/train_04329_aligned.jpg,0.9980056881904602,0.9979336261749268,original,,,,,,,,,,,,,,,,,,,,,,,,,,,,,,,,,,,,,,,,,,,,
test_0505,data/raf-db/aligned/test_0505_aligned.jpg,4,happy,test,happy,data/raf-db/aligned/test_0505_aligned.jpg,happy,happy,data/raf-db/aligned/train_02985_aligned.jpg,data/raf-db/aligned/train_03078_aligned.jpg,0.996282696723938,0.9958394169807434,original,,,,,,,,,,,,,,,,,,,,,,,,,,,,,,,,,,,,,,,,,,,,
test_0506,data/raf-db/aligned/test_0506_aligned.jpg,4,happy,test,happy,data/raf-db/aligned/test_0506_aligned.jpg,happy,happy,data/raf-db/aligned/train_04362_aligned.jpg,data/raf-db/aligned/train_01661_aligned.jpg,0.992884635925293,0.9912572503089905,original,,,,,,,,,,,,,,,,,,,,,,,,,,,,,,,,,,,,,,,,,,,,
test_0507,data/raf-db/aligned/test_0507_aligned.jpg,5,sad,test,sad,data/raf-db/aligned/test_0507_aligned.jpg,sad,sad,data/raf-db/aligned/train_04210_aligned.jpg,data/raf-db/aligned/train_02247_aligned.jpg,0.9825594425201416,0.9805320501327515,original,,,,,,,,,,,,,,,,,,,,,,,,,,,,,,,,,,,,,,,,,,,,
test_0508,data/raf-db/aligned/test_0508_aligned.jpg,4,happy,test,happy,data/raf-db/aligned/test_0508_aligned.jpg,happy,happy,data/raf-db/aligned/train_03372_aligned.jpg,data/raf-db/aligned/train_02908_aligned.jpg,0.9990808963775635,0.9976336359977722,original,,,,,,,,,,,,,,,,,,,,,,,,,,,,,,,,,,,,,,,,,,,,
test_0509,data/raf-db/aligned/test_0509_aligned.jpg,4,happy,test,happy,data/raf-db/aligned/test_0509_aligned.jpg,happy,happy,data/raf-db/aligned/train_04171_aligned.jpg,data/raf-db/aligned/train_06199_aligned.jpg,0.9964973330497742,0.9927400350570679,original,,,,,,,,,,,,,,,,,,,,,,,,,,,,,,,,,,,,,,,,,,,,
test_0510,data/raf-db/aligned/test_0510_aligned.jpg,4,happy,test,happy,data/raf-db/aligned/test_0510_aligned.jpg,happy,happy,data/raf-db/aligned/train_02974_aligned.jpg,data/raf-db/aligned/train_01733_aligned.jpg,0.9991008639335632,0.9967023730278015,original,,,,,,,,,,,,,,,,,,,,,,,,,,,,,,,,,,,,,,,,,,,,
test_0511,data/raf-db/aligned/test_0511_aligned.jpg,4,happy,test,happy,data/raf-db/aligned/test_0511_aligned.jpg,happy,happy,data/raf-db/aligned/train_00168_aligned.jpg,data/raf-db/aligned/train_04900_aligned.jpg,0.9952933192253113,0.9919610023498535,original,,,,,,,,,,,,,,,,,,,,,,,,,,,,,,,,,,,,,,,,,,,,
test_0512,data/raf-db/aligned/test_0512_aligned.jpg,4,happy,test,happy,data/raf-db/aligned/test_0512_aligned.jpg,happy,happy,data/raf-db/aligned/train_01138_aligned.jpg,data/raf-db/aligned/train_01821_aligned.jpg,0.9974843859672546,0.9962052702903748,original,,,,,,,,,,,,,,,,,,,,,,,,,,,,,,,,,,,,,,,,,,,,
test_0513,data/raf-db/aligned/test_0513_aligned.jpg,5,sad,test,sad,data/raf-db/aligned/test_0513_aligned.jpg,sad,sad,data/raf-db/aligned/train_02576_aligned.jpg,data/raf-db/aligned/train_04222_aligned.jpg,0.9947953820228577,0.9925132989883423,original,,,,,,,,,,,,,,,,,,,,,,,,,,,,,,,,,,,,,,,,,,,,
test_0514,data/raf-db/aligned/test_0514_aligned.jpg,5,sad,test,sad,data/raf-db/aligned/test_0514_aligned.jpg,sad,sad,data/raf-db/aligned/train_00511_aligned.jpg,data/raf-db/aligned/train_05415_aligned.jpg,0.9919249415397644,0.9905142784118652,original,,,,,,,,,,,,,,,,,,,,,,,,,,,,,,,,,,,,,,,,,,,,
test_0515,data/raf-db/aligned/test_0515_aligned.jpg,4,happy,test,happy,data/raf-db/aligned/test_0515_aligned.jpg,happy,happy,data/raf-db/aligned/train_02384_aligned.jpg,data/raf-db/aligned/train_03906_aligned.jpg,0.9986857175827026,0.9977121353149414,original,,,,,,,,,,,,,,,,,,,,,,,,,,,,,,,,,,,,,,,,,,,,
test_0516,data/raf-db/aligned/test_0516_aligned.jpg,4,happy,test,happy,data/raf-db/aligned/test_0516_aligned.jpg,happy,happy,data/raf-db/aligned/train_00381_aligned.jpg,data/raf-db/aligned/train_08179_aligned.jpg,0.9946154952049255,0.9945956468582153,original,,,,,,,,,,,,,,,,,,,,,,,,,,,,,,,,,,,,,,,,,,,,
test_0517,data/raf-db/aligned/test_0517_aligned.jpg,1,surprise,test,surprise,data/raf-db/aligned/test_0517_aligned.jpg,surprise,surprise,data/raf-db/aligned/train_01433_aligned.jpg,data/raf-db/aligned/train_03715_aligned.jpg,0.9964707493782043,0.9940961003303528,original,,,,,,,,,,,,,,,,,,,,,,,,,,,,,,,,,,,,,,,,,,,,
test_0518,data/raf-db/aligned/test_0518_aligned.jpg,4,happy,test,happy,data/raf-db/aligned/test_0518_aligned.jpg,happy,happy,data/raf-db/aligned/train_07535_aligned.jpg,data/raf-db/aligned/train_06159_aligned.jpg,0.9967235326766968,0.9958266019821167,original,,,,,,,,,,,,,,,,,,,,,,,,,,,,,,,,,,,,,,,,,,,,
test_0519,data/raf-db/aligned/test_0519_aligned.jpg,4,happy,test,happy,data/raf-db/aligned/test_0519_aligned.jpg,happy,happy,data/raf-db/aligned/train_06247_aligned.jpg,data/raf-db/aligned/train_03590_aligned.jpg,0.9946702122688293,0.9927329421043396,original,,,,,,,,,,,,,,,,,,,,,,,,,,,,,,,,,,,,,,,,,,,,
test_0520,data/raf-db/aligned/test_0520_aligned.jpg,4,happy,test,happy,data/raf-db/aligned/test_0520_aligned.jpg,happy,happy,data/raf-db/aligned/train_01495_aligned.jpg,data/raf-db/aligned/train_06475_aligned.jpg,0.9908384680747986,0.9855465292930603,original,,,,,,,,,,,,,,,,,,,,,,,,,,,,,,,,,,,,,,,,,,,,
test_0521,data/raf-db/aligned/test_0521_aligned.jpg,4,happy,test,happy,data/raf-db/aligned/test_0521_aligned.jpg,happy,happy,data/raf-db/aligned/train_03944_aligned.jpg,data/raf-db/aligned/train_04584_aligned.jpg,0.9929893612861633,0.9906169176101685,original,,,,,,,,,,,,,,,,,,,,,,,,,,,,,,,,,,,,,,,,,,,,
test_0522,data/raf-db/aligned/test_0522_aligned.jpg,4,happy,test,happy,data/raf-db/aligned/test_0522_aligned.jpg,happy,sad,data/raf-db/aligned/train_04384_aligned.jpg,data/raf-db/aligned/train_03540_aligned.jpg,0.9856264591217041,0.9741756916046143,framework,happy,0.9944045681330044,1.0,stop,1280.0,False,0.01848010194014385,0.030264301273584406,0.007362024449762747,0.9944045681330044,0.11197830000606483,0.021954340326147407,0.03409879836309921,0.015165743446473392,0.024836477103241904,0.00604166440279372,0.8160606803551498,0.09189528147435046,0.018016886162280813,0.027983267055709977,happy,0.648082691804902,1.0,stop,3694.0,False,0.09554712384814348,0.18861294982354235,0.08661500264029025,0.648082691804902,0.48290600666960687,0.40452561072581916,0.1911238490248458,0.0455547444227072,0.08992646118453851,0.0412961076120053,0.3089914191124663,0.23023884789025514,0.1928688176772607,0.09112360210076695,happy,happy,happy,happy
test_0523,data/raf-db/aligned/test_0523_aligned.jpg,4,happy,test,happy,data/raf-db/aligned/test_0523_aligned.jpg,happy,happy,data/raf-db/aligned/train_00667_aligned.jpg,data/raf-db/aligned/train_08828_aligned.jpg,0.9986266493797302,0.9971806406974792,original,,,,,,,,,,,,,,,,,,,,,,,,,,,,,,,,,,,,,,,,,,,,
test_0524,data/raf-db/aligned/test_0524_aligned.jpg,4,happy,test,happy,data/raf-db/aligned/test_0524_aligned.jpg,happy,happy,data/raf-db/aligned/train_00203_aligned.jpg,data/raf-db/aligned/train_02315_aligned.jpg,0.9958598613739014,0.9925230741500854,original,,,,,,,,,,,,,,,,,,,,,,,,,,,,,,,,,,,,,,,,,,,,
test_0525,data/raf-db/aligned/test_0525_aligned.jpg,4,happy,test,surprise,data/raf-db/aligned/test_0525_aligned.jpg,disgust,happy,data/raf-db/aligned/train_02073_aligned.jpg,data/raf-db/aligned/train_00755_aligned.jpg,0.9763439893722534,0.9678672552108765,framework,surprise,0.7336882747356965,2.0,stop,1281.0,False,0.04377062774772001,0.12744271871956867,0.05086592341122835,0.3268390847055488,0.4540976139612951,0.14369367940771605,0.7336887989554501,0.023277315411359332,0.06777431609193846,0.027050609138108243,0.173813738914159,0.24149010264705079,0.07641661247059416,0.39017730532679,happy,0.45001185812471994,1.0,stop,3694.0,False,0.10243510534299038,0.37549889916268675,0.09543745403323063,0.45001185812471994,0.5967964112753943,0.22407618848929473,0.4329164121713324,0.04498346658110984,0.16489700601341858,0.04191051016851239,0.19761871004354575,0.26207784267359124,0.09840106770798975,0.19011139681183245,surprise,surprise,surprise,surprise
test_0526,data/raf-db/aligned/test_0526_aligned.jpg,1,surprise,test,surprise,data/raf-db/aligned/test_0526_aligned.jpg,surprise,surprise,data/raf-db/aligned/train_07120_aligned.jpg,data/raf-db/aligned/train_04251_aligned.jpg,0.9924052953720093,0.987807035446167,original,,,,,,,,,,,,,,,,,,,,,,,,,,,,,,,,,,,,,,,,,,,,
test_0527,data/raf-db/aligned/test_0527_aligned.jpg,4,happy,test,happy,data/raf-db/aligned/test_0527_aligned.jpg,happy,happy,data/raf-db/aligned/train_04903_aligned.jpg,data/raf-db/aligned/train_06514_aligned.jpg,0.9967626333236694,0.9951863884925842,original,,,,,,,,,,,,,,,,,,,,,,,,,,,,,,,,,,,,,,,,,,,,
test_0528,data/raf-db/aligned/test_0528_aligned.jpg,4,happy,test,happy,data/raf-db/aligned/test_0528_aligned.jpg,happy,happy,data/raf-db/aligned/train_00410_aligned.jpg,data/raf-db/aligned/train_00177_aligned.jpg,0.9975263476371765,0.997440755367279,original,,,,,,,,,,,,,,,,,,,,,,,,,,,,,,,,,,,,,,,,,,,,
test_0529,data/raf-db/aligned/test_0529_aligned.jpg,4,happy,test,happy,data/raf-db/aligned/test_0529_aligned.jpg,happy,happy,data/raf-db/aligned/train_02012_aligned.jpg,data/raf-db/aligned/train_02842_aligned.jpg,0.9958611726760864,0.9940294027328491,original,,,,,,,,,,,,,,,,,,,,,,,,,,,,,,,,,,,,,,,,,,,,
test_0530,data/raf-db/aligned/test_0530_aligned.jpg,4,happy,test,happy,data/raf-db/aligned/test_0530_aligned.jpg,happy,happy,data/raf-db/aligned/train_01685_aligned.jpg,data/raf-db/aligned/train_03669_aligned.jpg,0.9934689402580261,0.9928584098815918,original,,,,,,,,,,,,,,,,,,,,,,,,,,,,,,,,,,,,,,,,,,,,
test_0531,data/raf-db/aligned/test_0531_aligned.jpg,4,happy,test,happy,data/raf-db/aligned/test_0531_aligned.jpg,happy,happy,data/raf-db/aligned/train_03242_aligned.jpg,data/raf-db/aligned/train_09150_aligned.jpg,0.994316816329956,0.9868249893188477,original,,,,,,,,,,,,,,,,,,,,,,,,,,,,,,,,,,,,,,,,,,,,
test_0532,data/raf-db/aligned/test_0532_aligned.jpg,4,happy,test,happy,data/raf-db/aligned/test_0532_aligned.jpg,happy,happy,data/raf-db/aligned/train_01521_aligned.jpg,data/raf-db/aligned/train_07740_aligned.jpg,0.9935582876205444,0.9925447106361389,original,,,,,,,,,,,,,,,,,,,,,,,,,,,,,,,,,,,,,,,,,,,,
test_0533,data/raf-db/aligned/test_0533_aligned.jpg,4,happy,test,happy,data/raf-db/aligned/test_0533_aligned.jpg,happy,happy,data/raf-db/aligned/train_01548_aligned.jpg,data/raf-db/aligned/train_03683_aligned.jpg,0.9966385364532471,0.9960069060325623,original,,,,,,,,,,,,,,,,,,,,,,,,,,,,,,,,,,,,,,,,,,,,
test_0534,data/raf-db/aligned/test_0534_aligned.jpg,4,happy,test,happy,data/raf-db/aligned/test_0534_aligned.jpg,happy,happy,data/raf-db/aligned/train_00797_aligned.jpg,data/raf-db/aligned/train_07541_aligned.jpg,0.9967659711837769,0.9943677186965942,original,,,,,,,,,,,,,,,,,,,,,,,,,,,,,,,,,,,,,,,,,,,,
test_0535,data/raf-db/aligned/test_0535_aligned.jpg,4,happy,test,happy,data/raf-db/aligned/test_0535_aligned.jpg,happy,happy,data/raf-db/aligned/train_07187_aligned.jpg,data/raf-db/aligned/train_04137_aligned.jpg,0.9938523769378662,0.9934180378913879,original,,,,,,,,,,,,,,,,,,,,,,,,,,,,,,,,,,,,,,,,,,,,
test_0536,data/raf-db/aligned/test_0536_aligned.jpg,4,happy,test,happy,data/raf-db/aligned/test_0536_aligned.jpg,happy,happy,data/raf-db/aligned/train_00505_aligned.jpg,data/raf-db/aligned/train_05194_aligned.jpg,0.9820992946624756,0.977564811706543,original,,,,,,,,,,,,,,,,,,,,,,,,,,,,,,,,,,,,,,,,,,,,
test_0537,data/raf-db/aligned/test_0537_aligned.jpg,5,sad,test,sad,data/raf-db/aligned/test_0537_aligned.jpg,sad,sad,data/raf-db/aligned/train_07471_aligned.jpg,data/raf-db/aligned/train_06221_aligned.jpg,0.9906864166259766,0.9879447817802429,original,,,,,,,,,,,,,,,,,,,,,,,,,,,,,,,,,,,,,,,,,,,,
test_0538,data/raf-db/aligned/test_0538_aligned.jpg,4,happy,test,neutral,data/raf-db/aligned/test_0538_aligned.jpg,neutral,neutral,data/raf-db/aligned/train_11555_aligned.jpg,data/raf-db/aligned/train_11830_aligned.jpg,0.9780739545822144,0.9772810935974121,original,,,,,,,,,,,,,,,,,,,,,,,,,,,,,,,,,,,,,,,,,,,,
test_0539,data/raf-db/aligned/test_0539_aligned.jpg,4,happy,test,happy,data/raf-db/aligned/test_0539_aligned.jpg,happy,happy,data/raf-db/aligned/train_03583_aligned.jpg,data/raf-db/aligned/train_01687_aligned.jpg,0.9924296140670776,0.9903510212898254,original,,,,,,,,,,,,,,,,,,,,,,,,,,,,,,,,,,,,,,,,,,,,
test_0540,data/raf-db/aligned/test_0540_aligned.jpg,1,surprise,test,surprise,data/raf-db/aligned/test_0540_aligned.jpg,surprise,surprise,data/raf-db/aligned/train_02828_aligned.jpg,data/raf-db/aligned/train_04426_aligned.jpg,0.9918826222419739,0.9890463948249817,original,,,,,,,,,,,,,,,,,,,,,,,,,,,,,,,,,,,,,,,,,,,,
test_0541,data/raf-db/aligned/test_0541_aligned.jpg,5,sad,test,sad,data/raf-db/aligned/test_0541_aligned.jpg,sad,sad,data/raf-db/aligned/train_06375_aligned.jpg,data/raf-db/aligned/train_04676_aligned.jpg,0.9969375729560852,0.996553897857666,original,,,,,,,,,,,,,,,,,,,,,,,,,,,,,,,,,,,,,,,,,,,,
test_0542,data/raf-db/aligned/test_0542_aligned.jpg,1,surprise,test,surprise,data/raf-db/aligned/test_0542_aligned.jpg,surprise,surprise,data/raf-db/aligned/train_06811_aligned.jpg,data/raf-db/aligned/train_05984_aligned.jpg,0.9938506484031677,0.9919578433036804,original,,,,,,,,,,,,,,,,,,,,,,,,,,,,,,,,,,,,,,,,,,,,
test_0543,data/raf-db/aligned/test_0543_aligned.jpg,4,happy,test,happy,data/raf-db/aligned/test_0543_aligned.jpg,happy,happy,data/raf-db/aligned/train_02708_aligned.jpg,data/raf-db/aligned/train_04087_aligned.jpg,0.9967701435089111,0.9953519105911255,original,,,,,,,,,,,,,,,,,,,,,,,,,,,,,,,,,,,,,,,,,,,,
test_0544,data/raf-db/aligned/test_0544_aligned.jpg,4,happy,test,happy,data/raf-db/aligned/test_0544_aligned.jpg,happy,happy,data/raf-db/aligned/train_03250_aligned.jpg,data/raf-db/aligned/train_02268_aligned.jpg,0.9970579147338867,0.9962024092674255,original,,,,,,,,,,,,,,,,,,,,,,,,,,,,,,,,,,,,,,,,,,,,
test_0545,data/raf-db/aligned/test_0545_aligned.jpg,4,happy,test,happy,data/raf-db/aligned/test_0545_aligned.jpg,happy,happy,data/raf-db/aligned/train_03683_aligned.jpg,data/raf-db/aligned/train_01548_aligned.jpg,0.9943283796310425,0.9923598766326904,original,,,,,,,,,,,,,,,,,,,,,,,,,,,,,,,,,,,,,,,,,,,,
test_0546,data/raf-db/aligned/test_0546_aligned.jpg,4,happy,test,happy,data/raf-db/aligned/test_0546_aligned.jpg,happy,happy,data/raf-db/aligned/train_04494_aligned.jpg,data/raf-db/aligned/train_02723_aligned.jpg,0.993984580039978,0.9937665462493896,original,,,,,,,,,,,,,,,,,,,,,,,,,,,,,,,,,,,,,,,,,,,,
test_0547,data/raf-db/aligned/test_0547_aligned.jpg,4,happy,test,happy,data/raf-db/aligned/test_0547_aligned.jpg,happy,happy,data/raf-db/aligned/train_01608_aligned.jpg,data/raf-db/aligned/train_02525_aligned.jpg,0.9927728176116943,0.9911888837814331,original,,,,,,,,,,,,,,,,,,,,,,,,,,,,,,,,,,,,,,,,,,,,
test_0548,data/raf-db/aligned/test_0548_aligned.jpg,4,happy,test,happy,data/raf-db/aligned/test_0548_aligned.jpg,happy,happy,data/raf-db/aligned/train_05497_aligned.jpg,data/raf-db/aligned/train_06264_aligned.jpg,0.996520459651947,0.9961992502212524,original,,,,,,,,,,,,,,,,,,,,,,,,,,,,,,,,,,,,,,,,,,,,
test_0549,data/raf-db/aligned/test_0549_aligned.jpg,4,happy,test,happy,data/raf-db/aligned/test_0549_aligned.jpg,happy,happy,data/raf-db/aligned/train_00076_aligned.jpg,data/raf-db/aligned/train_07859_aligned.jpg,0.9988055229187012,0.994451105594635,original,,,,,,,,,,,,,,,,,,,,,,,,,,,,,,,,,,,,,,,,,,,,
test_0550,data/raf-db/aligned/test_0550_aligned.jpg,5,sad,test,sad,data/raf-db/aligned/test_0550_aligned.jpg,sad,fear,data/raf-db/aligned/train_05190_aligned.jpg,data/raf-db/aligned/train_09278_aligned.jpg,0.9821954965591431,0.9800466299057007,framework,sad,0.9372171970377007,2.0,stop,1281.0,False,0.1583717228696266,0.18426297639108452,0.13900158501719348,0.0010286951243358546,0.06654267711957086,0.9372274178302861,0.12288473654867008,0.09840910538532605,0.11449742626852331,0.08637287882474497,0.0006392111234621998,0.04134832409869212,0.5823748713474804,0.07635818295177085,sad,0.7824069756476791,2.0,stop,3695.0,False,0.1349874872171785,0.16028058677529997,0.5372993174898484,0.0032146157226317774,0.1198177922918456,0.7824014766885615,0.15893767545221146,0.0711606913341346,0.08449433053021237,0.2832454449975905,0.0016946331983202121,0.06316375768888612,0.4124547476939809,0.08378639455687531,sad,sad,sad,sad
test_0551,data/raf-db/aligned/test_0551_aligned.jpg,6,angry,test,angry,data/raf-db/aligned/test_0551_aligned.jpg,angry,angry,data/raf-db/aligned/train_05467_aligned.jpg,data/raf-db/aligned/train_04022_aligned.jpg,0.9944925308227539,0.9923366904258728,original,,,,,,,,,,,,,,,,,,,,,,,,,,,,,,,,,,,,,,,,,,,,
test_0552,data/raf-db/aligned/test_0552_aligned.jpg,4,happy,test,happy,data/raf-db/aligned/test_0552_aligned.jpg,happy,happy,data/raf-db/aligned/train_04740_aligned.jpg,data/raf-db/aligned/train_02450_aligned.jpg,0.9871587753295898,0.972539484500885,original,,,,,,,,,,,,,,,,,,,,,,,,,,,,,,,,,,,,,,,,,,,,
test_0553,data/raf-db/aligned/test_0553_aligned.jpg,4,happy,test,happy,data/raf-db/aligned/test_0553_aligned.jpg,happy,happy,data/raf-db/aligned/train_02883_aligned.jpg,data/raf-db/aligned/train_02665_aligned.jpg,0.9991585612297058,0.9973015189170837,original,,,,,,,,,,,,,,,,,,,,,,,,,,,,,,,,,,,,,,,,,,,,
test_0554,data/raf-db/aligned/test_0554_aligned.jpg,4,happy,test,happy,data/raf-db/aligned/test_0554_aligned.jpg,happy,happy,data/raf-db/aligned/train_01094_aligned.jpg,data/raf-db/aligned/train_07567_aligned.jpg,0.9965700507164001,0.9956948757171631,original,,,,,,,,,,,,,,,,,,,,,,,,,,,,,,,,,,,,,,,,,,,,
test_0555,data/raf-db/aligned/test_0555_aligned.jpg,4,happy,test,happy,data/raf-db/aligned/test_0555_aligned.jpg,happy,happy,data/raf-db/aligned/train_03291_aligned.jpg,data/raf-db/aligned/train_00874_aligned.jpg,0.9632397890090942,0.9491515159606934,original,,,,,,,,,,,,,,,,,,,,,,,,,,,,,,,,,,,,,,,,,,,,
test_0556,data/raf-db/aligned/test_0556_aligned.jpg,4,happy,test,happy,data/raf-db/aligned/test_0556_aligned.jpg,happy,happy,data/raf-db/aligned/train_03261_aligned.jpg,data/raf-db/aligned/train_00732_aligned.jpg,0.998245120048523,0.9981785416603088,original,,,,,,,,,,,,,,,,,,,,,,,,,,,,,,,,,,,,,,,,,,,,
test_0557,data/raf-db/aligned/test_0557_aligned.jpg,4,happy,test,happy,data/raf-db/aligned/test_0557_aligned.jpg,happy,happy,data/raf-db/aligned/train_08061_aligned.jpg,data/raf-db/aligned/train_07245_aligned.jpg,0.9855085611343384,0.9815658926963806,original,,,,,,,,,,,,,,,,,,,,,,,,,,,,,,,,,,,,,,,,,,,,
test_0558,data/raf-db/aligned/test_0558_aligned.jpg,4,happy,test,happy,data/raf-db/aligned/test_0558_aligned.jpg,happy,happy,data/raf-db/aligned/train_07758_aligned.jpg,data/raf-db/aligned/train_02729_aligned.jpg,0.9966757297515869,0.9950109124183655,original,,,,,,,,,,,,,,,,,,,,,,,,,,,,,,,,,,,,,,,,,,,,
test_0559,data/raf-db/aligned/test_0559_aligned.jpg,4,happy,test,happy,data/raf-db/aligned/test_0559_aligned.jpg,happy,happy,data/raf-db/aligned/train_03064_aligned.jpg,data/raf-db/aligned/train_03159_aligned.jpg,0.9964309334754944,0.9939565062522888,original,,,,,,,,,,,,,,,,,,,,,,,,,,,,,,,,,,,,,,,,,,,,
test_0560,data/raf-db/aligned/test_0560_aligned.jpg,5,sad,test,sad,data/raf-db/aligned/test_0560_aligned.jpg,sad,sad,data/raf-db/aligned/train_05595_aligned.jpg,data/raf-db/aligned/train_06617_aligned.jpg,0.9989564418792725,0.9989052414894104,original,,,,,,,,,,,,,,,,,,,,,,,,,,,,,,,,,,,,,,,,,,,,
test_0561,data/raf-db/aligned/test_0561_aligned.jpg,4,happy,test,happy,data/raf-db/aligned/test_0561_aligned.jpg,happy,happy,data/raf-db/aligned/train_08219_aligned.jpg,data/raf-db/aligned/train_04733_aligned.jpg,0.9970177412033081,0.9966379404067993,original,,,,,,,,,,,,,,,,,,,,,,,,,,,,,,,,,,,,,,,,,,,,
test_0562,data/raf-db/aligned/test_0562_aligned.jpg,4,happy,test,happy,data/raf-db/aligned/test_0562_aligned.jpg,happy,happy,data/raf-db/aligned/train_06857_aligned.jpg,data/raf-db/aligned/train_08715_aligned.jpg,0.9950217008590698,0.9934430122375488,original,,,,,,,,,,,,,,,,,,,,,,,,,,,,,,,,,,,,,,,,,,,,
test_0563,data/raf-db/aligned/test_0563_aligned.jpg,4,happy,test,happy,data/raf-db/aligned/test_0563_aligned.jpg,happy,happy,data/raf-db/aligned/train_08676_aligned.jpg,data/raf-db/aligned/train_02214_aligned.jpg,0.9908968210220337,0.9843018054962158,original,,,,,,,,,,,,,,,,,,,,,,,,,,,,,,,,,,,,,,,,,,,,
test_0564,data/raf-db/aligned/test_0564_aligned.jpg,1,surprise,test,fear,data/raf-db/aligned/test_0564_aligned.jpg,fear,fear,data/raf-db/aligned/train_09241_aligned.jpg,data/raf-db/aligned/train_09203_aligned.jpg,0.9886847734451294,0.9820691347122192,original,,,,,,,,,,,,,,,,,,,,,,,,,,,,,,,,,,,,,,,,,,,,
test_0565,data/raf-db/aligned/test_0565_aligned.jpg,4,happy,test,happy,data/raf-db/aligned/test_0565_aligned.jpg,happy,happy,data/raf-db/aligned/train_05321_aligned.jpg,data/raf-db/aligned/train_02189_aligned.jpg,0.9945293664932251,0.977049708366394,original,,,,,,,,,,,,,,,,,,,,,,,,,,,,,,,,,,,,,,,,,,,,
test_0566,data/raf-db/aligned/test_0566_aligned.jpg,5,sad,test,sad,data/raf-db/aligned/test_0566_aligned.jpg,sad,sad,data/raf-db/aligned/train_08453_aligned.jpg,data/raf-db/aligned/train_08290_aligned.jpg,0.9768673181533813,0.9734742641448975,original,,,,,,,,,,,,,,,,,,,,,,,,,,,,,,,,,,,,,,,,,,,,
test_0567,data/raf-db/aligned/test_0567_aligned.jpg,4,happy,test,happy,data/raf-db/aligned/test_0567_aligned.jpg,happy,happy,data/raf-db/aligned/train_03192_aligned.jpg,data/raf-db/aligned/train_05034_aligned.jpg,0.9731662273406982,0.9676693677902222,original,,,,,,,,,,,,,,,,,,,,,,,,,,,,,,,,,,,,,,,,,,,,
test_0568,data/raf-db/aligned/test_0568_aligned.jpg,4,happy,test,happy,data/raf-db/aligned/test_0568_aligned.jpg,happy,happy,data/raf-db/aligned/train_07889_aligned.jpg,data/raf-db/aligned/train_08190_aligned.jpg,0.9949814081192017,0.9933100938796997,original,,,,,,,,,,,,,,,,,,,,,,,,,,,,,,,,,,,,,,,,,,,,
test_0569,data/raf-db/aligned/test_0569_aligned.jpg,4,happy,test,happy,data/raf-db/aligned/test_0569_aligned.jpg,happy,happy,data/raf-db/aligned/train_03809_aligned.jpg,data/raf-db/aligned/train_02083_aligned.jpg,0.9934804439544678,0.9842263460159302,original,,,,,,,,,,,,,,,,,,,,,,,,,,,,,,,,,,,,,,,,,,,,
test_0570,data/raf-db/aligned/test_0570_aligned.jpg,4,happy,test,happy,data/raf-db/aligned/test_0570_aligned.jpg,happy,happy,data/raf-db/aligned/train_03465_aligned.jpg,data/raf-db/aligned/train_02215_aligned.jpg,0.9977281093597412,0.9956436157226562,original,,,,,,,,,,,,,,,,,,,,,,,,,,,,,,,,,,,,,,,,,,,,
test_0571,data/raf-db/aligned/test_0571_aligned.jpg,4,happy,test,happy,data/raf-db/aligned/test_0571_aligned.jpg,happy,happy,data/raf-db/aligned/train_05617_aligned.jpg,data/raf-db/aligned/train_08069_aligned.jpg,0.9868046045303345,0.9830682277679443,original,,,,,,,,,,,,,,,,,,,,,,,,,,,,,,,,,,,,,,,,,,,,
test_0572,data/raf-db/aligned/test_0572_aligned.jpg,4,happy,test,happy,data/raf-db/aligned/test_0572_aligned.jpg,happy,happy,data/raf-db/aligned/train_06526_aligned.jpg,data/raf-db/aligned/train_08668_aligned.jpg,0.9912182688713074,0.9834973812103271,original,,,,,,,,,,,,,,,,,,,,,,,,,,,,,,,,,,,,,,,,,,,,
test_0573,data/raf-db/aligned/test_0573_aligned.jpg,4,happy,test,happy,data/raf-db/aligned/test_0573_aligned.jpg,happy,happy,data/raf-db/aligned/train_04607_aligned.jpg,data/raf-db/aligned/train_03387_aligned.jpg,0.9970029592514038,0.9918005466461182,original,,,,,,,,,,,,,,,,,,,,,,,,,,,,,,,,,,,,,,,,,,,,
test_0574,data/raf-db/aligned/test_0574_aligned.jpg,4,happy,test,happy,data/raf-db/aligned/test_0574_aligned.jpg,happy,happy,data/raf-db/aligned/train_05479_aligned.jpg,data/raf-db/aligned/train_02337_aligned.jpg,0.9947256445884705,0.9940241575241089,original,,,,,,,,,,,,,,,,,,,,,,,,,,,,,,,,,,,,,,,,,,,,
test_0575,data/raf-db/aligned/test_0575_aligned.jpg,4,happy,test,happy,data/raf-db/aligned/test_0575_aligned.jpg,happy,happy,data/raf-db/aligned/train_05358_aligned.jpg,data/raf-db/aligned/train_05931_aligned.jpg,0.9758114218711853,0.9728543758392334,original,,,,,,,,,,,,,,,,,,,,,,,,,,,,,,,,,,,,,,,,,,,,
test_0576,data/raf-db/aligned/test_0576_aligned.jpg,4,happy,test,happy,data/raf-db/aligned/test_0576_aligned.jpg,happy,happy,data/raf-db/aligned/train_03022_aligned.jpg,data/raf-db/aligned/train_07710_aligned.jpg,0.992682695388794,0.992446780204773,original,,,,,,,,,,,,,,,,,,,,,,,,,,,,,,,,,,,,,,,,,,,,
test_0577,data/raf-db/aligned/test_0577_aligned.jpg,1,surprise,test,surprise,data/raf-db/aligned/test_0577_aligned.jpg,happy,surprise,data/raf-db/aligned/train_03015_aligned.jpg,data/raf-db/aligned/train_01110_aligned.jpg,0.9815263748168945,0.9794287085533142,framework,surprise,0.8202791679211494,2.0,stop,1281.0,False,0.015926583461496096,0.04399251639761994,0.034632781265696196,0.3179198285616606,0.04548087128497554,0.026232427789775907,0.8202791679211494,0.012209291559084408,0.033724587600025564,0.02654943070477971,0.24371679517502878,0.03486555790335802,0.02010973414118009,0.6288246029165434,surprise,0.7408536861099435,2.0,stop,3695.0,False,0.03899230831089261,0.06328374475134031,0.06422185430986099,0.4276994805034829,0.10629730013092141,0.06072462489741982,0.7408533330590782,0.02595900299209176,0.04213094814117221,0.042755491541947105,0.28473954415785246,0.07076708334753874,0.040427222385431665,0.493220707433966,surprise,surprise,surprise,surprise
test_0578,data/raf-db/aligned/test_0578_aligned.jpg,4,happy,test,happy,data/raf-db/aligned/test_0578_aligned.jpg,happy,happy,data/raf-db/aligned/train_00377_aligned.jpg,data/raf-db/aligned/train_07255_aligned.jpg,0.998732328414917,0.9947522878646851,original,,,,,,,,,,,,,,,,,,,,,,,,,,,,,,,,,,,,,,,,,,,,
test_0579,data/raf-db/aligned/test_0579_aligned.jpg,4,happy,test,neutral,data/raf-db/aligned/test_0579_aligned.jpg,neutral,happy,data/raf-db/aligned/train_11091_aligned.jpg,data/raf-db/aligned/train_02041_aligned.jpg,0.957740068435669,0.9488366842269897,framework,happy,0.8304531290379447,1.0,stop,1280.0,False,0.04127776053215359,0.07484890170283542,0.048051712885596294,0.8304531290379447,0.4825819945174304,0.1632426311171398,0.13541762035878083,0.023243634593181704,0.04214764799380248,0.027058068109563918,0.46763072485694457,0.2717434133345108,0.09192243035473581,0.07625408075726063,neutral,0.8023272711868545,3.0,stop,3696.0,False,0.062049048729871194,0.12018511470307397,0.04137242344036626,0.31326996569286475,0.8023267610920212,0.3612077529555617,0.13710511450644894,0.03376789242315359,0.06540628917335864,0.022515406321561925,0.17048555485475259,0.4366365691554876,0.1965739168268755,0.07461437124481012,happy,happy,neutral,neutral
test_0580,data/raf-db/aligned/test_0580_aligned.jpg,4,happy,test,happy,data/raf-db/aligned/test_0580_aligned.jpg,happy,happy,data/raf-db/aligned/train_05241_aligned.jpg,data/raf-db/aligned/train_02975_aligned.jpg,0.9938365817070007,0.9935286045074463,original,,,,,,,,,,,,,,,,,,,,,,,,,,,,,,,,,,,,,,,,,,,,
test_0581,data/raf-db/aligned/test_0581_aligned.jpg,4,happy,test,happy,data/raf-db/aligned/test_0581_aligned.jpg,happy,happy,data/raf-db/aligned/train_02583_aligned.jpg,data/raf-db/aligned/train_04668_aligned.jpg,0.9928183555603027,0.9878198504447937,original,,,,,,,,,,,,,,,,,,,,,,,,,,,,,,,,,,,,,,,,,,,,
test_0582,data/raf-db/aligned/test_0582_aligned.jpg,4,happy,test,angry,data/raf-db/aligned/test_0582_aligned.jpg,angry,angry,data/raf-db/aligned/train_02681_aligned.jpg,data/raf-db/aligned/train_06379_aligned.jpg,0.9858235716819763,0.9782929420471191,original,,,,,,,,,,,,,,,,,,,,,,,,,,,,,,,,,,,,,,,,,,,,
test_0583,data/raf-db/aligned/test_0583_aligned.jpg,4,happy,test,happy,data/raf-db/aligned/test_0583_aligned.jpg,happy,happy,data/raf-db/aligned/train_05816_aligned.jpg,data/raf-db/aligned/train_02077_aligned.jpg,0.9931459426879883,0.9886518716812134,original,,,,,,,,,,,,,,,,,,,,,,,,,,,,,,,,,,,,,,,,,,,,
test_0584,data/raf-db/aligned/test_0584_aligned.jpg,4,happy,test,happy,data/raf-db/aligned/test_0584_aligned.jpg,happy,happy,data/raf-db/aligned/train_00484_aligned.jpg,data/raf-db/aligned/train_05966_aligned.jpg,0.9890668392181396,0.9757839441299438,original,,,,,,,,,,,,,,,,,,,,,,,,,,,,,,,,,,,,,,,,,,,,
test_0585,data/raf-db/aligned/test_0585_aligned.jpg,6,angry,test,angry,data/raf-db/aligned/test_0585_aligned.jpg,neutral,angry,data/raf-db/aligned/train_10656_aligned.jpg,data/raf-db/aligned/train_06592_aligned.jpg,0.9889745116233826,0.9882456660270691,framework,angry,0.8545503181699452,2.0,stop,1281.0,False,0.8443554473678315,0.19705838890129887,0.11889497185992208,0.006822168367632522,0.28175917214159996,0.17464182745058016,0.1361153425815108,0.4798435677473387,0.11198743453330184,0.06756750094090527,0.0038770089297141008,0.1601225252083484,0.0992481991121624,0.07735376352822919,angry,0.5371708669165577,2.0,stop,3695.0,False,0.5371779669280823,0.3180972193321793,0.19562699595015992,0.017378943375463266,0.6614331426427408,0.44551641932378633,0.2787297958124266,0.21890245200342873,0.12962605611970107,0.07971888597077927,0.007081998057129872,0.26953699830397937,0.18154995662884518,0.11358365291613659,angry,angry,angry,angry
test_0586,data/raf-db/aligned/test_0586_aligned.jpg,4,happy,test,happy,data/raf-db/aligned/test_0586_aligned.jpg,happy,happy,data/raf-db/aligned/train_06562_aligned.jpg,data/raf-db/aligned/train_06348_aligned.jpg,0.9797896146774292,0.953160285949707,original,,,,,,,,,,,,,,,,,,,,,,,,,,,,,,,,,,,,,,,,,,,,
test_0587,data/raf-db/aligned/test_0587_aligned.jpg,4,happy,test,happy,data/raf-db/aligned/test_0587_aligned.jpg,happy,happy,data/raf-db/aligned/train_03138_aligned.jpg,data/raf-db/aligned/train_03395_aligned.jpg,0.9972772002220154,0.9962332248687744,original,,,,,,,,,,,,,,,,,,,,,,,,,,,,,,,,,,,,,,,,,,,,
test_0588,data/raf-db/aligned/test_0588_aligned.jpg,4,happy,test,happy,data/raf-db/aligned/test_0588_aligned.jpg,happy,happy,data/raf-db/aligned/train_04121_aligned.jpg,data/raf-db/aligned/train_04043_aligned.jpg,0.9978218078613281,0.9929332733154297,original,,,,,,,,,,,,,,,,,,,,,,,,,,,,,,,,,,,,,,,,,,,,
test_0589,data/raf-db/aligned/test_0589_aligned.jpg,4,happy,test,happy,data/raf-db/aligned/test_0589_aligned.jpg,happy,happy,data/raf-db/aligned/train_01955_aligned.jpg,data/raf-db/aligned/train_08667_aligned.jpg,0.9840915203094482,0.9753589630126953,original,,,,,,,,,,,,,,,,,,,,,,,,,,,,,,,,,,,,,,,,,,,,
test_0590,data/raf-db/aligned/test_0590_aligned.jpg,4,happy,test,happy,data/raf-db/aligned/test_0590_aligned.jpg,happy,happy,data/raf-db/aligned/train_05408_aligned.jpg,data/raf-db/aligned/train_04182_aligned.jpg,0.9961555004119873,0.9950015544891357,original,,,,,,,,,,,,,,,,,,,,,,,,,,,,,,,,,,,,,,,,,,,,
test_0591,data/raf-db/aligned/test_0591_aligned.jpg,4,happy,test,happy,data/raf-db/aligned/test_0591_aligned.jpg,happy,happy,data/raf-db/aligned/train_01952_aligned.jpg,data/raf-db/aligned/train_02737_aligned.jpg,0.9901033043861389,0.9879940748214722,original,,,,,,,,,,,,,,,,,,,,,,,,,,,,,,,,,,,,,,,,,,,,
test_0592,data/raf-db/aligned/test_0592_aligned.jpg,4,happy,test,happy,data/raf-db/aligned/test_0592_aligned.jpg,happy,happy,data/raf-db/aligned/train_02955_aligned.jpg,data/raf-db/aligned/train_02566_aligned.jpg,0.9975627660751343,0.9941979050636292,original,,,,,,,,,,,,,,,,,,,,,,,,,,,,,,,,,,,,,,,,,,,,
test_0593,data/raf-db/aligned/test_0593_aligned.jpg,5,sad,test,sad,data/raf-db/aligned/test_0593_aligned.jpg,sad,fear,data/raf-db/aligned/train_02425_aligned.jpg,data/raf-db/aligned/train_09245_aligned.jpg,0.9723958373069763,0.9542656540870667,framework,sad,0.7529846437974103,2.0,stop,1281.0,False,0.1896155606030543,0.2780165993526895,0.40272419623526495,0.026564246419156466,0.19264006757552168,0.7529387241802784,0.3558056884349287,0.08625534375850244,0.12646861508342797,0.18319759135622246,0.012083967155873813,0.08763117962229157,0.3425087491591238,0.16185455386455788,sad,0.5619999977287871,2.0,stop,3695.0,False,0.11296949875542653,0.2606040100240412,0.5615756270019847,0.01481884068782456,0.350002960062565,0.5619182041225299,0.49640788911705586,0.04790299836249882,0.11050516823544472,0.23812760645185313,0.0062837040884798296,0.14841343378042932,0.23827287107128844,0.2104942180100057,sad,sad,sad,sad
test_0594,data/raf-db/aligned/test_0594_aligned.jpg,4,happy,test,happy,data/raf-db/aligned/test_0594_aligned.jpg,happy,happy,data/raf-db/aligned/train_04831_aligned.jpg,data/raf-db/aligned/train_08648_aligned.jpg,0.9776128530502319,0.9773001670837402,original,,,,,,,,,,,,,,,,,,,,,,,,,,,,,,,,,,,,,,,,,,,,
test_0595,data/raf-db/aligned/test_0595_aligned.jpg,5,sad,test,sad,data/raf-db/aligned/test_0595_aligned.jpg,sad,sad,data/raf-db/aligned/train_07427_aligned.jpg,data/raf-db/aligned/train_03747_aligned.jpg,0.993723452091217,0.9902248382568359,original,,,,,,,,,,,,,,,,,,,,,,,,,,,,,,,,,,,,,,,,,,,,
test_0596,data/raf-db/aligned/test_0596_aligned.jpg,4,happy,test,happy,data/raf-db/aligned/test_0596_aligned.jpg,happy,happy,data/raf-db/aligned/train_00818_aligned.jpg,data/raf-db/aligned/train_02908_aligned.jpg,0.9972898960113525,0.9968159198760986,original,,,,,,,,,,,,,,,,,,,,,,,,,,,,,,,,,,,,,,,,,,,,
test_0597,data/raf-db/aligned/test_0597_aligned.jpg,4,happy,test,happy,data/raf-db/aligned/test_0597_aligned.jpg,happy,happy,data/raf-db/aligned/train_01594_aligned.jpg,data/raf-db/aligned/train_02614_aligned.jpg,0.9829283952713013,0.9810723066329956,original,,,,,,,,,,,,,,,,,,,,,,,,,,,,,,,,,,,,,,,,,,,,
test_0598,data/raf-db/aligned/test_0598_aligned.jpg,5,sad,test,sad,data/raf-db/aligned/test_0598_aligned.jpg,sad,sad,data/raf-db/aligned/train_08728_aligned.jpg,data/raf-db/aligned/train_07946_aligned.jpg,0.9941816329956055,0.9912552833557129,original,,,,,,,,,,,,,,,,,,,,,,,,,,,,,,,,,,,,,,,,,,,,
test_0599,data/raf-db/aligned/test_0599_aligned.jpg,4,happy,test,happy,data/raf-db/aligned/test_0599_aligned.jpg,happy,happy,data/raf-db/aligned/train_04606_aligned.jpg,data/raf-db/aligned/train_02110_aligned.jpg,0.9696773290634155,0.9692128896713257,original,,,,,,,,,,,,,,,,,,,,,,,,,,,,,,,,,,,,,,,,,,,,
test_0600,data/raf-db/aligned/test_0600_aligned.jpg,4,happy,test,happy,data/raf-db/aligned/test_0600_aligned.jpg,happy,happy,data/raf-db/aligned/train_04521_aligned.jpg,data/raf-db/aligned/train_03813_aligned.jpg,0.9986725449562073,0.9971533417701721,original,,,,,,,,,,,,,,,,,,,,,,,,,,,,,,,,,,,,,,,,,,,,
test_0601,data/raf-db/aligned/test_0601_aligned.jpg,1,surprise,test,,,,,,,,,,,,,,,,,,,,,,,,,,,,,,,,,,,,,,,,,,,,,,,,,,,,,
test_0602,data/raf-db/aligned/test_0602_aligned.jpg,4,happy,test,,,,,,,,,,,,,,,,,,,,,,,,,,,,,,,,,,,,,,,,,,,,,,,,,,,,,
test_0603,data/raf-db/aligned/test_0603_aligned.jpg,6,angry,test,,,,,,,,,,,,,,,,,,,,,,,,,,,,,,,,,,,,,,,,,,,,,,,,,,,,,
test_0604,data/raf-db/aligned/test_0604_aligned.jpg,4,happy,test,,,,,,,,,,,,,,,,,,,,,,,,,,,,,,,,,,,,,,,,,,,,,,,,,,,,,
test_0605,data/raf-db/aligned/test_0605_aligned.jpg,4,happy,test,,,,,,,,,,,,,,,,,,,,,,,,,,,,,,,,,,,,,,,,,,,,,,,,,,,,,
test_0606,data/raf-db/aligned/test_0606_aligned.jpg,5,sad,test,,,,,,,,,,,,,,,,,,,,,,,,,,,,,,,,,,,,,,,,,,,,,,,,,,,,,
test_0607,data/raf-db/aligned/test_0607_aligned.jpg,4,happy,test,,,,,,,,,,,,,,,,,,,,,,,,,,,,,,,,,,,,,,,,,,,,,,,,,,,,,
test_0608,data/raf-db/aligned/test_0608_aligned.jpg,4,happy,test,,,,,,,,,,,,,,,,,,,,,,,,,,,,,,,,,,,,,,,,,,,,,,,,,,,,,
test_0609,data/raf-db/aligned/test_0609_aligned.jpg,4,happy,test,,,,,,,,,,,,,,,,,,,,,,,,,,,,,,,,,,,,,,,,,,,,,,,,,,,,,
test_0610,data/raf-db/aligned/test_0610_aligned.jpg,5,sad,test,,,,,,,,,,,,,,,,,,,,,,,,,,,,,,,,,,,,,,,,,,,,,,,,,,,,,
test_0611,data/raf-db/aligned/test_0611_aligned.jpg,4,happy,test,,,,,,,,,,,,,,,,,,,,,,,,,,,,,,,,,,,,,,,,,,,,,,,,,,,,,
test_0612,data/raf-db/aligned/test_0612_aligned.jpg,4,happy,test,,,,,,,,,,,,,,,,,,,,,,,,,,,,,,,,,,,,,,,,,,,,,,,,,,,,,
test_0613,data/raf-db/aligned/test_0613_aligned.jpg,4,happy,test,,,,,,,,,,,,,,,,,,,,,,,,,,,,,,,,,,,,,,,,,,,,,,,,,,,,,
test_0614,data/raf-db/aligned/test_0614_aligned.jpg,4,happy,test,,,,,,,,,,,,,,,,,,,,,,,,,,,,,,,,,,,,,,,,,,,,,,,,,,,,,
test_0615,data/raf-db/aligned/test_0615_aligned.jpg,4,happy,test,,,,,,,,,,,,,,,,,,,,,,,,,,,,,,,,,,,,,,,,,,,,,,,,,,,,,
test_0616,data/raf-db/aligned/test_0616_aligned.jpg,5,sad,test,,,,,,,,,,,,,,,,,,,,,,,,,,,,,,,,,,,,,,,,,,,,,,,,,,,,,
test_0617,data/raf-db/aligned/test_0617_aligned.jpg,4,happy,test,,,,,,,,,,,,,,,,,,,,,,,,,,,,,,,,,,,,,,,,,,,,,,,,,,,,,
test_0618,data/raf-db/aligned/test_0618_aligned.jpg,4,happy,test,,,,,,,,,,,,,,,,,,,,,,,,,,,,,,,,,,,,,,,,,,,,,,,,,,,,,
test_0619,data/raf-db/aligned/test_0619_aligned.jpg,4,happy,test,,,,,,,,,,,,,,,,,,,,,,,,,,,,,,,,,,,,,,,,,,,,,,,,,,,,,
test_0620,data/raf-db/aligned/test_0620_aligned.jpg,4,happy,test,,,,,,,,,,,,,,,,,,,,,,,,,,,,,,,,,,,,,,,,,,,,,,,,,,,,,
test_0621,data/raf-db/aligned/test_0621_aligned.jpg,4,happy,test,,,,,,,,,,,,,,,,,,,,,,,,,,,,,,,,,,,,,,,,,,,,,,,,,,,,,
test_0622,data/raf-db/aligned/test_0622_aligned.jpg,4,happy,test,,,,,,,,,,,,,,,,,,,,,,,,,,,,,,,,,,,,,,,,,,,,,,,,,,,,,
test_0623,data/raf-db/aligned/test_0623_aligned.jpg,2,fear,test,,,,,,,,,,,,,,,,,,,,,,,,,,,,,,,,,,,,,,,,,,,,,,,,,,,,,
test_0624,data/raf-db/aligned/test_0624_aligned.jpg,1,surprise,test,,,,,,,,,,,,,,,,,,,,,,,,,,,,,,,,,,,,,,,,,,,,,,,,,,,,,
test_0625,data/raf-db/aligned/test_0625_aligned.jpg,4,happy,test,,,,,,,,,,,,,,,,,,,,,,,,,,,,,,,,,,,,,,,,,,,,,,,,,,,,,
test_0626,data/raf-db/aligned/test_0626_aligned.jpg,4,happy,test,,,,,,,,,,,,,,,,,,,,,,,,,,,,,,,,,,,,,,,,,,,,,,,,,,,,,
test_0627,data/raf-db/aligned/test_0627_aligned.jpg,4,happy,test,,,,,,,,,,,,,,,,,,,,,,,,,,,,,,,,,,,,,,,,,,,,,,,,,,,,,
test_0628,data/raf-db/aligned/test_0628_aligned.jpg,4,happy,test,,,,,,,,,,,,,,,,,,,,,,,,,,,,,,,,,,,,,,,,,,,,,,,,,,,,,
test_0629,data/raf-db/aligned/test_0629_aligned.jpg,5,sad,test,,,,,,,,,,,,,,,,,,,,,,,,,,,,,,,,,,,,,,,,,,,,,,,,,,,,,
test_0630,data/raf-db/aligned/test_0630_aligned.jpg,4,happy,test,,,,,,,,,,,,,,,,,,,,,,,,,,,,,,,,,,,,,,,,,,,,,,,,,,,,,
test_0631,data/raf-db/aligned/test_0631_aligned.jpg,4,happy,test,,,,,,,,,,,,,,,,,,,,,,,,,,,,,,,,,,,,,,,,,,,,,,,,,,,,,
test_0632,data/raf-db/aligned/test_0632_aligned.jpg,4,happy,test,,,,,,,,,,,,,,,,,,,,,,,,,,,,,,,,,,,,,,,,,,,,,,,,,,,,,
test_0633,data/raf-db/aligned/test_0633_aligned.jpg,4,happy,test,,,,,,,,,,,,,,,,,,,,,,,,,,,,,,,,,,,,,,,,,,,,,,,,,,,,,
test_0634,data/raf-db/aligned/test_0634_aligned.jpg,4,happy,test,,,,,,,,,,,,,,,,,,,,,,,,,,,,,,,,,,,,,,,,,,,,,,,,,,,,,
test_0635,data/raf-db/aligned/test_0635_aligned.jpg,4,happy,test,,,,,,,,,,,,,,,,,,,,,,,,,,,,,,,,,,,,,,,,,,,,,,,,,,,,,
test_0636,data/raf-db/aligned/test_0636_aligned.jpg,4,happy,test,,,,,,,,,,,,,,,,,,,,,,,,,,,,,,,,,,,,,,,,,,,,,,,,,,,,,
test_0637,data/raf-db/aligned/test_0637_aligned.jpg,4,happy,test,,,,,,,,,,,,,,,,,,,,,,,,,,,,,,,,,,,,,,,,,,,,,,,,,,,,,
test_0638,data/raf-db/aligned/test_0638_aligned.jpg,4,happy,test,,,,,,,,,,,,,,,,,,,,,,,,,,,,,,,,,,,,,,,,,,,,,,,,,,,,,
test_0639,data/raf-db/aligned/test_0639_aligned.jpg,3,disgust,test,,,,,,,,,,,,,,,,,,,,,,,,,,,,,,,,,,,,,,,,,,,,,,,,,,,,,
test_0640,data/raf-db/aligned/test_0640_aligned.jpg,3,disgust,test,,,,,,,,,,,,,,,,,,,,,,,,,,,,,,,,,,,,,,,,,,,,,,,,,,,,,
test_0641,data/raf-db/aligned/test_0641_aligned.jpg,4,happy,test,,,,,,,,,,,,,,,,,,,,,,,,,,,,,,,,,,,,,,,,,,,,,,,,,,,,,
test_0642,data/raf-db/aligned/test_0642_aligned.jpg,4,happy,test,,,,,,,,,,,,,,,,,,,,,,,,,,,,,,,,,,,,,,,,,,,,,,,,,,,,,
test_0643,data/raf-db/aligned/test_0643_aligned.jpg,4,happy,test,,,,,,,,,,,,,,,,,,,,,,,,,,,,,,,,,,,,,,,,,,,,,,,,,,,,,
test_0644,data/raf-db/aligned/test_0644_aligned.jpg,1,surprise,test,,,,,,,,,,,,,,,,,,,,,,,,,,,,,,,,,,,,,,,,,,,,,,,,,,,,,
test_0645,data/raf-db/aligned/test_0645_aligned.jpg,4,happy,test,,,,,,,,,,,,,,,,,,,,,,,,,,,,,,,,,,,,,,,,,,,,,,,,,,,,,
test_0646,data/raf-db/aligned/test_0646_aligned.jpg,4,happy,test,,,,,,,,,,,,,,,,,,,,,,,,,,,,,,,,,,,,,,,,,,,,,,,,,,,,,
test_0647,data/raf-db/aligned/test_0647_aligned.jpg,4,happy,test,,,,,,,,,,,,,,,,,,,,,,,,,,,,,,,,,,,,,,,,,,,,,,,,,,,,,
test_0648,data/raf-db/aligned/test_0648_aligned.jpg,4,happy,test,,,,,,,,,,,,,,,,,,,,,,,,,,,,,,,,,,,,,,,,,,,,,,,,,,,,,
test_0649,data/raf-db/aligned/test_0649_aligned.jpg,4,happy,test,,,,,,,,,,,,,,,,,,,,,,,,,,,,,,,,,,,,,,,,,,,,,,,,,,,,,
test_0650,data/raf-db/aligned/test_0650_aligned.jpg,4,happy,test,,,,,,,,,,,,,,,,,,,,,,,,,,,,,,,,,,,,,,,,,,,,,,,,,,,,,
test_0651,data/raf-db/aligned/test_0651_aligned.jpg,4,happy,test,,,,,,,,,,,,,,,,,,,,,,,,,,,,,,,,,,,,,,,,,,,,,,,,,,,,,
test_0652,data/raf-db/aligned/test_0652_aligned.jpg,1,surprise,test,,,,,,,,,,,,,,,,,,,,,,,,,,,,,,,,,,,,,,,,,,,,,,,,,,,,,
test_0653,data/raf-db/aligned/test_0653_aligned.jpg,4,happy,test,,,,,,,,,,,,,,,,,,,,,,,,,,,,,,,,,,,,,,,,,,,,,,,,,,,,,
test_0654,data/raf-db/aligned/test_0654_aligned.jpg,4,happy,test,,,,,,,,,,,,,,,,,,,,,,,,,,,,,,,,,,,,,,,,,,,,,,,,,,,,,
test_0655,data/raf-db/aligned/test_0655_aligned.jpg,5,sad,test,,,,,,,,,,,,,,,,,,,,,,,,,,,,,,,,,,,,,,,,,,,,,,,,,,,,,
test_0656,data/raf-db/aligned/test_0656_aligned.jpg,6,angry,test,,,,,,,,,,,,,,,,,,,,,,,,,,,,,,,,,,,,,,,,,,,,,,,,,,,,,
test_0657,data/raf-db/aligned/test_0657_aligned.jpg,4,happy,test,,,,,,,,,,,,,,,,,,,,,,,,,,,,,,,,,,,,,,,,,,,,,,,,,,,,,
test_0658,data/raf-db/aligned/test_0658_aligned.jpg,4,happy,test,,,,,,,,,,,,,,,,,,,,,,,,,,,,,,,,,,,,,,,,,,,,,,,,,,,,,
test_0659,data/raf-db/aligned/test_0659_aligned.jpg,1,surprise,test,,,,,,,,,,,,,,,,,,,,,,,,,,,,,,,,,,,,,,,,,,,,,,,,,,,,,
test_0660,data/raf-db/aligned/test_0660_aligned.jpg,4,happy,test,,,,,,,,,,,,,,,,,,,,,,,,,,,,,,,,,,,,,,,,,,,,,,,,,,,,,
test_0661,data/raf-db/aligned/test_0661_aligned.jpg,4,happy,test,,,,,,,,,,,,,,,,,,,,,,,,,,,,,,,,,,,,,,,,,,,,,,,,,,,,,
test_0662,data/raf-db/aligned/test_0662_aligned.jpg,4,happy,test,,,,,,,,,,,,,,,,,,,,,,,,,,,,,,,,,,,,,,,,,,,,,,,,,,,,,
test_0663,data/raf-db/aligned/test_0663_aligned.jpg,4,happy,test,,,,,,,,,,,,,,,,,,,,,,,,,,,,,,,,,,,,,,,,,,,,,,,,,,,,,
test_0664,data/raf-db/aligned/test_0664_aligned.jpg,4,happy,test,,,,,,,,,,,,,,,,,,,,,,,,,,,,,,,,,,,,,,,,,,,,,,,,,,,,,
test_0665,data/raf-db/aligned/test_0665_aligned.jpg,4,happy,test,,,,,,,,,,,,,,,,,,,,,,,,,,,,,,,,,,,,,,,,,,,,,,,,,,,,,
test_0666,data/raf-db/aligned/test_0666_aligned.jpg,4,happy,test,,,,,,,,,,,,,,,,,,,,,,,,,,,,,,,,,,,,,,,,,,,,,,,,,,,,,
test_0667,data/raf-db/aligned/test_0667_aligned.jpg,4,happy,test,,,,,,,,,,,,,,,,,,,,,,,,,,,,,,,,,,,,,,,,,,,,,,,,,,,,,
test_0668,data/raf-db/aligned/test_0668_aligned.jpg,4,happy,test,,,,,,,,,,,,,,,,,,,,,,,,,,,,,,,,,,,,,,,,,,,,,,,,,,,,,
test_0669,data/raf-db/aligned/test_0669_aligned.jpg,4,happy,test,,,,,,,,,,,,,,,,,,,,,,,,,,,,,,,,,,,,,,,,,,,,,,,,,,,,,
test_0670,data/raf-db/aligned/test_0670_aligned.jpg,4,happy,test,,,,,,,,,,,,,,,,,,,,,,,,,,,,,,,,,,,,,,,,,,,,,,,,,,,,,
test_0671,data/raf-db/aligned/test_0671_aligned.jpg,1,surprise,test,,,,,,,,,,,,,,,,,,,,,,,,,,,,,,,,,,,,,,,,,,,,,,,,,,,,,
test_0672,data/raf-db/aligned/test_0672_aligned.jpg,4,happy,test,,,,,,,,,,,,,,,,,,,,,,,,,,,,,,,,,,,,,,,,,,,,,,,,,,,,,
test_0673,data/raf-db/aligned/test_0673_aligned.jpg,4,happy,test,,,,,,,,,,,,,,,,,,,,,,,,,,,,,,,,,,,,,,,,,,,,,,,,,,,,,
test_0674,data/raf-db/aligned/test_0674_aligned.jpg,1,surprise,test,,,,,,,,,,,,,,,,,,,,,,,,,,,,,,,,,,,,,,,,,,,,,,,,,,,,,
test_0675,data/raf-db/aligned/test_0675_aligned.jpg,1,surprise,test,,,,,,,,,,,,,,,,,,,,,,,,,,,,,,,,,,,,,,,,,,,,,,,,,,,,,
test_0676,data/raf-db/aligned/test_0676_aligned.jpg,4,happy,test,,,,,,,,,,,,,,,,,,,,,,,,,,,,,,,,,,,,,,,,,,,,,,,,,,,,,
test_0677,data/raf-db/aligned/test_0677_aligned.jpg,4,happy,test,,,,,,,,,,,,,,,,,,,,,,,,,,,,,,,,,,,,,,,,,,,,,,,,,,,,,
test_0678,data/raf-db/aligned/test_0678_aligned.jpg,6,angry,test,,,,,,,,,,,,,,,,,,,,,,,,,,,,,,,,,,,,,,,,,,,,,,,,,,,,,
test_0679,data/raf-db/aligned/test_0679_aligned.jpg,1,surprise,test,,,,,,,,,,,,,,,,,,,,,,,,,,,,,,,,,,,,,,,,,,,,,,,,,,,,,
test_0680,data/raf-db/aligned/test_0680_aligned.jpg,4,happy,test,,,,,,,,,,,,,,,,,,,,,,,,,,,,,,,,,,,,,,,,,,,,,,,,,,,,,
test_0681,data/raf-db/aligned/test_0681_aligned.jpg,4,happy,test,,,,,,,,,,,,,,,,,,,,,,,,,,,,,,,,,,,,,,,,,,,,,,,,,,,,,
test_0682,data/raf-db/aligned/test_0682_aligned.jpg,4,happy,test,,,,,,,,,,,,,,,,,,,,,,,,,,,,,,,,,,,,,,,,,,,,,,,,,,,,,
test_0683,data/raf-db/aligned/test_0683_aligned.jpg,4,happy,test,,,,,,,,,,,,,,,,,,,,,,,,,,,,,,,,,,,,,,,,,,,,,,,,,,,,,
test_0684,data/raf-db/aligned/test_0684_aligned.jpg,1,surprise,test,,,,,,,,,,,,,,,,,,,,,,,,,,,,,,,,,,,,,,,,,,,,,,,,,,,,,
test_0685,data/raf-db/aligned/test_0685_aligned.jpg,4,happy,test,,,,,,,,,,,,,,,,,,,,,,,,,,,,,,,,,,,,,,,,,,,,,,,,,,,,,
test_0686,data/raf-db/aligned/test_0686_aligned.jpg,1,surprise,test,,,,,,,,,,,,,,,,,,,,,,,,,,,,,,,,,,,,,,,,,,,,,,,,,,,,,
test_0687,data/raf-db/aligned/test_0687_aligned.jpg,5,sad,test,,,,,,,,,,,,,,,,,,,,,,,,,,,,,,,,,,,,,,,,,,,,,,,,,,,,,
test_0688,data/raf-db/aligned/test_0688_aligned.jpg,4,happy,test,,,,,,,,,,,,,,,,,,,,,,,,,,,,,,,,,,,,,,,,,,,,,,,,,,,,,
test_0689,data/raf-db/aligned/test_0689_aligned.jpg,1,surprise,test,,,,,,,,,,,,,,,,,,,,,,,,,,,,,,,,,,,,,,,,,,,,,,,,,,,,,
test_0690,data/raf-db/aligned/test_0690_aligned.jpg,4,happy,test,,,,,,,,,,,,,,,,,,,,,,,,,,,,,,,,,,,,,,,,,,,,,,,,,,,,,
test_0691,data/raf-db/aligned/test_0691_aligned.jpg,5,sad,test,,,,,,,,,,,,,,,,,,,,,,,,,,,,,,,,,,,,,,,,,,,,,,,,,,,,,
test_0692,data/raf-db/aligned/test_0692_aligned.jpg,4,happy,test,,,,,,,,,,,,,,,,,,,,,,,,,,,,,,,,,,,,,,,,,,,,,,,,,,,,,
test_0693,data/raf-db/aligned/test_0693_aligned.jpg,4,happy,test,,,,,,,,,,,,,,,,,,,,,,,,,,,,,,,,,,,,,,,,,,,,,,,,,,,,,
test_0694,data/raf-db/aligned/test_0694_aligned.jpg,1,surprise,test,,,,,,,,,,,,,,,,,,,,,,,,,,,,,,,,,,,,,,,,,,,,,,,,,,,,,
test_0695,data/raf-db/aligned/test_0695_aligned.jpg,1,surprise,test,,,,,,,,,,,,,,,,,,,,,,,,,,,,,,,,,,,,,,,,,,,,,,,,,,,,,
test_0696,data/raf-db/aligned/test_0696_aligned.jpg,4,happy,test,,,,,,,,,,,,,,,,,,,,,,,,,,,,,,,,,,,,,,,,,,,,,,,,,,,,,
test_0697,data/raf-db/aligned/test_0697_aligned.jpg,4,happy,test,,,,,,,,,,,,,,,,,,,,,,,,,,,,,,,,,,,,,,,,,,,,,,,,,,,,,
test_0698,data/raf-db/aligned/test_0698_aligned.jpg,4,happy,test,,,,,,,,,,,,,,,,,,,,,,,,,,,,,,,,,,,,,,,,,,,,,,,,,,,,,
test_0699,data/raf-db/aligned/test_0699_aligned.jpg,4,happy,test,,,,,,,,,,,,,,,,,,,,,,,,,,,,,,,,,,,,,,,,,,,,,,,,,,,,,
test_0700,data/raf-db/aligned/test_0700_aligned.jpg,4,happy,test,,,,,,,,,,,,,,,,,,,,,,,,,,,,,,,,,,,,,,,,,,,,,,,,,,,,,
test_0701,data/raf-db/aligned/test_0701_aligned.jpg,4,happy,test,,,,,,,,,,,,,,,,,,,,,,,,,,,,,,,,,,,,,,,,,,,,,,,,,,,,,
test_0702,data/raf-db/aligned/test_0702_aligned.jpg,4,happy,test,,,,,,,,,,,,,,,,,,,,,,,,,,,,,,,,,,,,,,,,,,,,,,,,,,,,,
test_0703,data/raf-db/aligned/test_0703_aligned.jpg,4,happy,test,,,,,,,,,,,,,,,,,,,,,,,,,,,,,,,,,,,,,,,,,,,,,,,,,,,,,
test_0704,data/raf-db/aligned/test_0704_aligned.jpg,4,happy,test,,,,,,,,,,,,,,,,,,,,,,,,,,,,,,,,,,,,,,,,,,,,,,,,,,,,,
test_0705,data/raf-db/aligned/test_0705_aligned.jpg,4,happy,test,,,,,,,,,,,,,,,,,,,,,,,,,,,,,,,,,,,,,,,,,,,,,,,,,,,,,
test_0706,data/raf-db/aligned/test_0706_aligned.jpg,1,surprise,test,,,,,,,,,,,,,,,,,,,,,,,,,,,,,,,,,,,,,,,,,,,,,,,,,,,,,
test_0707,data/raf-db/aligned/test_0707_aligned.jpg,4,happy,test,,,,,,,,,,,,,,,,,,,,,,,,,,,,,,,,,,,,,,,,,,,,,,,,,,,,,
test_0708,data/raf-db/aligned/test_0708_aligned.jpg,4,happy,test,,,,,,,,,,,,,,,,,,,,,,,,,,,,,,,,,,,,,,,,,,,,,,,,,,,,,
test_0709,data/raf-db/aligned/test_0709_aligned.jpg,4,happy,test,,,,,,,,,,,,,,,,,,,,,,,,,,,,,,,,,,,,,,,,,,,,,,,,,,,,,
test_0710,data/raf-db/aligned/test_0710_aligned.jpg,4,happy,test,,,,,,,,,,,,,,,,,,,,,,,,,,,,,,,,,,,,,,,,,,,,,,,,,,,,,
test_0711,data/raf-db/aligned/test_0711_aligned.jpg,4,happy,test,,,,,,,,,,,,,,,,,,,,,,,,,,,,,,,,,,,,,,,,,,,,,,,,,,,,,
test_0712,data/raf-db/aligned/test_0712_aligned.jpg,4,happy,test,,,,,,,,,,,,,,,,,,,,,,,,,,,,,,,,,,,,,,,,,,,,,,,,,,,,,
test_0713,data/raf-db/aligned/test_0713_aligned.jpg,4,happy,test,,,,,,,,,,,,,,,,,,,,,,,,,,,,,,,,,,,,,,,,,,,,,,,,,,,,,
test_0714,data/raf-db/aligned/test_0714_aligned.jpg,4,happy,test,,,,,,,,,,,,,,,,,,,,,,,,,,,,,,,,,,,,,,,,,,,,,,,,,,,,,
test_0715,data/raf-db/aligned/test_0715_aligned.jpg,4,happy,test,,,,,,,,,,,,,,,,,,,,,,,,,,,,,,,,,,,,,,,,,,,,,,,,,,,,,
test_0716,data/raf-db/aligned/test_0716_aligned.jpg,5,sad,test,,,,,,,,,,,,,,,,,,,,,,,,,,,,,,,,,,,,,,,,,,,,,,,,,,,,,
test_0717,data/raf-db/aligned/test_0717_aligned.jpg,4,happy,test,,,,,,,,,,,,,,,,,,,,,,,,,,,,,,,,,,,,,,,,,,,,,,,,,,,,,
test_0718,data/raf-db/aligned/test_0718_aligned.jpg,4,happy,test,,,,,,,,,,,,,,,,,,,,,,,,,,,,,,,,,,,,,,,,,,,,,,,,,,,,,
test_0719,data/raf-db/aligned/test_0719_aligned.jpg,5,sad,test,,,,,,,,,,,,,,,,,,,,,,,,,,,,,,,,,,,,,,,,,,,,,,,,,,,,,
test_0720,data/raf-db/aligned/test_0720_aligned.jpg,4,happy,test,,,,,,,,,,,,,,,,,,,,,,,,,,,,,,,,,,,,,,,,,,,,,,,,,,,,,
test_0721,data/raf-db/aligned/test_0721_aligned.jpg,5,sad,test,,,,,,,,,,,,,,,,,,,,,,,,,,,,,,,,,,,,,,,,,,,,,,,,,,,,,
test_0722,data/raf-db/aligned/test_0722_aligned.jpg,1,surprise,test,,,,,,,,,,,,,,,,,,,,,,,,,,,,,,,,,,,,,,,,,,,,,,,,,,,,,
test_0723,data/raf-db/aligned/test_0723_aligned.jpg,4,happy,test,,,,,,,,,,,,,,,,,,,,,,,,,,,,,,,,,,,,,,,,,,,,,,,,,,,,,
test_0724,data/raf-db/aligned/test_0724_aligned.jpg,4,happy,test,,,,,,,,,,,,,,,,,,,,,,,,,,,,,,,,,,,,,,,,,,,,,,,,,,,,,
test_0725,data/raf-db/aligned/test_0725_aligned.jpg,4,happy,test,,,,,,,,,,,,,,,,,,,,,,,,,,,,,,,,,,,,,,,,,,,,,,,,,,,,,
test_0726,data/raf-db/aligned/test_0726_aligned.jpg,4,happy,test,,,,,,,,,,,,,,,,,,,,,,,,,,,,,,,,,,,,,,,,,,,,,,,,,,,,,
test_0727,data/raf-db/aligned/test_0727_aligned.jpg,4,happy,test,,,,,,,,,,,,,,,,,,,,,,,,,,,,,,,,,,,,,,,,,,,,,,,,,,,,,
test_0728,data/raf-db/aligned/test_0728_aligned.jpg,4,happy,test,,,,,,,,,,,,,,,,,,,,,,,,,,,,,,,,,,,,,,,,,,,,,,,,,,,,,
test_0729,data/raf-db/aligned/test_0729_aligned.jpg,4,happy,test,,,,,,,,,,,,,,,,,,,,,,,,,,,,,,,,,,,,,,,,,,,,,,,,,,,,,
test_0730,data/raf-db/aligned/test_0730_aligned.jpg,4,happy,test,,,,,,,,,,,,,,,,,,,,,,,,,,,,,,,,,,,,,,,,,,,,,,,,,,,,,
test_0731,data/raf-db/aligned/test_0731_aligned.jpg,1,surprise,test,,,,,,,,,,,,,,,,,,,,,,,,,,,,,,,,,,,,,,,,,,,,,,,,,,,,,
test_0732,data/raf-db/aligned/test_0732_aligned.jpg,4,happy,test,,,,,,,,,,,,,,,,,,,,,,,,,,,,,,,,,,,,,,,,,,,,,,,,,,,,,
test_0733,data/raf-db/aligned/test_0733_aligned.jpg,4,happy,test,,,,,,,,,,,,,,,,,,,,,,,,,,,,,,,,,,,,,,,,,,,,,,,,,,,,,
test_0734,data/raf-db/aligned/test_0734_aligned.jpg,3,disgust,test,,,,,,,,,,,,,,,,,,,,,,,,,,,,,,,,,,,,,,,,,,,,,,,,,,,,,
test_0735,data/raf-db/aligned/test_0735_aligned.jpg,4,happy,test,,,,,,,,,,,,,,,,,,,,,,,,,,,,,,,,,,,,,,,,,,,,,,,,,,,,,
test_0736,data/raf-db/aligned/test_0736_aligned.jpg,5,sad,test,,,,,,,,,,,,,,,,,,,,,,,,,,,,,,,,,,,,,,,,,,,,,,,,,,,,,
test_0737,data/raf-db/aligned/test_0737_aligned.jpg,4,happy,test,,,,,,,,,,,,,,,,,,,,,,,,,,,,,,,,,,,,,,,,,,,,,,,,,,,,,
test_0738,data/raf-db/aligned/test_0738_aligned.jpg,5,sad,test,,,,,,,,,,,,,,,,,,,,,,,,,,,,,,,,,,,,,,,,,,,,,,,,,,,,,
test_0739,data/raf-db/aligned/test_0739_aligned.jpg,4,happy,test,,,,,,,,,,,,,,,,,,,,,,,,,,,,,,,,,,,,,,,,,,,,,,,,,,,,,
test_0740,data/raf-db/aligned/test_0740_aligned.jpg,4,happy,test,,,,,,,,,,,,,,,,,,,,,,,,,,,,,,,,,,,,,,,,,,,,,,,,,,,,,
test_0741,data/raf-db/aligned/test_0741_aligned.jpg,4,happy,test,,,,,,,,,,,,,,,,,,,,,,,,,,,,,,,,,,,,,,,,,,,,,,,,,,,,,
test_0742,data/raf-db/aligned/test_0742_aligned.jpg,4,happy,test,,,,,,,,,,,,,,,,,,,,,,,,,,,,,,,,,,,,,,,,,,,,,,,,,,,,,
test_0743,data/raf-db/aligned/test_0743_aligned.jpg,4,happy,test,,,,,,,,,,,,,,,,,,,,,,,,,,,,,,,,,,,,,,,,,,,,,,,,,,,,,
test_0744,data/raf-db/aligned/test_0744_aligned.jpg,4,happy,test,,,,,,,,,,,,,,,,,,,,,,,,,,,,,,,,,,,,,,,,,,,,,,,,,,,,,
test_0745,data/raf-db/aligned/test_0745_aligned.jpg,4,happy,test,,,,,,,,,,,,,,,,,,,,,,,,,,,,,,,,,,,,,,,,,,,,,,,,,,,,,
test_0746,data/raf-db/aligned/test_0746_aligned.jpg,4,happy,test,,,,,,,,,,,,,,,,,,,,,,,,,,,,,,,,,,,,,,,,,,,,,,,,,,,,,
test_0747,data/raf-db/aligned/test_0747_aligned.jpg,4,happy,test,,,,,,,,,,,,,,,,,,,,,,,,,,,,,,,,,,,,,,,,,,,,,,,,,,,,,
test_0748,data/raf-db/aligned/test_0748_aligned.jpg,6,angry,test,,,,,,,,,,,,,,,,,,,,,,,,,,,,,,,,,,,,,,,,,,,,,,,,,,,,,
test_0749,data/raf-db/aligned/test_0749_aligned.jpg,4,happy,test,,,,,,,,,,,,,,,,,,,,,,,,,,,,,,,,,,,,,,,,,,,,,,,,,,,,,
test_0750,data/raf-db/aligned/test_0750_aligned.jpg,4,happy,test,,,,,,,,,,,,,,,,,,,,,,,,,,,,,,,,,,,,,,,,,,,,,,,,,,,,,
test_0751,data/raf-db/aligned/test_0751_aligned.jpg,4,happy,test,,,,,,,,,,,,,,,,,,,,,,,,,,,,,,,,,,,,,,,,,,,,,,,,,,,,,
test_0752,data/raf-db/aligned/test_0752_aligned.jpg,4,happy,test,,,,,,,,,,,,,,,,,,,,,,,,,,,,,,,,,,,,,,,,,,,,,,,,,,,,,
test_0753,data/raf-db/aligned/test_0753_aligned.jpg,4,happy,test,,,,,,,,,,,,,,,,,,,,,,,,,,,,,,,,,,,,,,,,,,,,,,,,,,,,,
test_0754,data/raf-db/aligned/test_0754_aligned.jpg,1,surprise,test,,,,,,,,,,,,,,,,,,,,,,,,,,,,,,,,,,,,,,,,,,,,,,,,,,,,,
test_0755,data/raf-db/aligned/test_0755_aligned.jpg,4,happy,test,,,,,,,,,,,,,,,,,,,,,,,,,,,,,,,,,,,,,,,,,,,,,,,,,,,,,
test_0756,data/raf-db/aligned/test_0756_aligned.jpg,4,happy,test,,,,,,,,,,,,,,,,,,,,,,,,,,,,,,,,,,,,,,,,,,,,,,,,,,,,,
test_0757,data/raf-db/aligned/test_0757_aligned.jpg,4,happy,test,,,,,,,,,,,,,,,,,,,,,,,,,,,,,,,,,,,,,,,,,,,,,,,,,,,,,
test_0758,data/raf-db/aligned/test_0758_aligned.jpg,4,happy,test,,,,,,,,,,,,,,,,,,,,,,,,,,,,,,,,,,,,,,,,,,,,,,,,,,,,,
test_0759,data/raf-db/aligned/test_0759_aligned.jpg,4,happy,test,,,,,,,,,,,,,,,,,,,,,,,,,,,,,,,,,,,,,,,,,,,,,,,,,,,,,
test_0760,data/raf-db/aligned/test_0760_aligned.jpg,4,happy,test,,,,,,,,,,,,,,,,,,,,,,,,,,,,,,,,,,,,,,,,,,,,,,,,,,,,,
test_0761,data/raf-db/aligned/test_0761_aligned.jpg,1,surprise,test,,,,,,,,,,,,,,,,,,,,,,,,,,,,,,,,,,,,,,,,,,,,,,,,,,,,,
test_0762,data/raf-db/aligned/test_0762_aligned.jpg,1,surprise,test,,,,,,,,,,,,,,,,,,,,,,,,,,,,,,,,,,,,,,,,,,,,,,,,,,,,,
test_0763,data/raf-db/aligned/test_0763_aligned.jpg,4,happy,test,,,,,,,,,,,,,,,,,,,,,,,,,,,,,,,,,,,,,,,,,,,,,,,,,,,,,
test_0764,data/raf-db/aligned/test_0764_aligned.jpg,1,surprise,test,,,,,,,,,,,,,,,,,,,,,,,,,,,,,,,,,,,,,,,,,,,,,,,,,,,,,
test_0765,data/raf-db/aligned/test_0765_aligned.jpg,5,sad,test,,,,,,,,,,,,,,,,,,,,,,,,,,,,,,,,,,,,,,,,,,,,,,,,,,,,,
test_0766,data/raf-db/aligned/test_0766_aligned.jpg,1,surprise,test,,,,,,,,,,,,,,,,,,,,,,,,,,,,,,,,,,,,,,,,,,,,,,,,,,,,,
test_0767,data/raf-db/aligned/test_0767_aligned.jpg,4,happy,test,,,,,,,,,,,,,,,,,,,,,,,,,,,,,,,,,,,,,,,,,,,,,,,,,,,,,
test_0768,data/raf-db/aligned/test_0768_aligned.jpg,4,happy,test,,,,,,,,,,,,,,,,,,,,,,,,,,,,,,,,,,,,,,,,,,,,,,,,,,,,,
test_0769,data/raf-db/aligned/test_0769_aligned.jpg,4,happy,test,,,,,,,,,,,,,,,,,,,,,,,,,,,,,,,,,,,,,,,,,,,,,,,,,,,,,
test_0770,data/raf-db/aligned/test_0770_aligned.jpg,5,sad,test,,,,,,,,,,,,,,,,,,,,,,,,,,,,,,,,,,,,,,,,,,,,,,,,,,,,,
test_0771,data/raf-db/aligned/test_0771_aligned.jpg,4,happy,test,,,,,,,,,,,,,,,,,,,,,,,,,,,,,,,,,,,,,,,,,,,,,,,,,,,,,
test_0772,data/raf-db/aligned/test_0772_aligned.jpg,5,sad,test,,,,,,,,,,,,,,,,,,,,,,,,,,,,,,,,,,,,,,,,,,,,,,,,,,,,,
test_0773,data/raf-db/aligned/test_0773_aligned.jpg,4,happy,test,,,,,,,,,,,,,,,,,,,,,,,,,,,,,,,,,,,,,,,,,,,,,,,,,,,,,
test_0774,data/raf-db/aligned/test_0774_aligned.jpg,3,disgust,test,,,,,,,,,,,,,,,,,,,,,,,,,,,,,,,,,,,,,,,,,,,,,,,,,,,,,
test_0775,data/raf-db/aligned/test_0775_aligned.jpg,4,happy,test,,,,,,,,,,,,,,,,,,,,,,,,,,,,,,,,,,,,,,,,,,,,,,,,,,,,,
test_0776,data/raf-db/aligned/test_0776_aligned.jpg,4,happy,test,,,,,,,,,,,,,,,,,,,,,,,,,,,,,,,,,,,,,,,,,,,,,,,,,,,,,
test_0777,data/raf-db/aligned/test_0777_aligned.jpg,1,surprise,test,,,,,,,,,,,,,,,,,,,,,,,,,,,,,,,,,,,,,,,,,,,,,,,,,,,,,
test_0778,data/raf-db/aligned/test_0778_aligned.jpg,4,happy,test,,,,,,,,,,,,,,,,,,,,,,,,,,,,,,,,,,,,,,,,,,,,,,,,,,,,,
test_0779,data/raf-db/aligned/test_0779_aligned.jpg,6,angry,test,,,,,,,,,,,,,,,,,,,,,,,,,,,,,,,,,,,,,,,,,,,,,,,,,,,,,
test_0780,data/raf-db/aligned/test_0780_aligned.jpg,4,happy,test,,,,,,,,,,,,,,,,,,,,,,,,,,,,,,,,,,,,,,,,,,,,,,,,,,,,,
test_0781,data/raf-db/aligned/test_0781_aligned.jpg,4,happy,test,,,,,,,,,,,,,,,,,,,,,,,,,,,,,,,,,,,,,,,,,,,,,,,,,,,,,
test_0782,data/raf-db/aligned/test_0782_aligned.jpg,4,happy,test,,,,,,,,,,,,,,,,,,,,,,,,,,,,,,,,,,,,,,,,,,,,,,,,,,,,,
test_0783,data/raf-db/aligned/test_0783_aligned.jpg,4,happy,test,,,,,,,,,,,,,,,,,,,,,,,,,,,,,,,,,,,,,,,,,,,,,,,,,,,,,
test_0784,data/raf-db/aligned/test_0784_aligned.jpg,4,happy,test,,,,,,,,,,,,,,,,,,,,,,,,,,,,,,,,,,,,,,,,,,,,,,,,,,,,,
test_0785,data/raf-db/aligned/test_0785_aligned.jpg,4,happy,test,,,,,,,,,,,,,,,,,,,,,,,,,,,,,,,,,,,,,,,,,,,,,,,,,,,,,
test_0786,data/raf-db/aligned/test_0786_aligned.jpg,4,happy,test,,,,,,,,,,,,,,,,,,,,,,,,,,,,,,,,,,,,,,,,,,,,,,,,,,,,,
test_0787,data/raf-db/aligned/test_0787_aligned.jpg,4,happy,test,,,,,,,,,,,,,,,,,,,,,,,,,,,,,,,,,,,,,,,,,,,,,,,,,,,,,
test_0788,data/raf-db/aligned/test_0788_aligned.jpg,4,happy,test,,,,,,,,,,,,,,,,,,,,,,,,,,,,,,,,,,,,,,,,,,,,,,,,,,,,,
test_0789,data/raf-db/aligned/test_0789_aligned.jpg,1,surprise,test,,,,,,,,,,,,,,,,,,,,,,,,,,,,,,,,,,,,,,,,,,,,,,,,,,,,,
test_0790,data/raf-db/aligned/test_0790_aligned.jpg,4,happy,test,,,,,,,,,,,,,,,,,,,,,,,,,,,,,,,,,,,,,,,,,,,,,,,,,,,,,
test_0791,data/raf-db/aligned/test_0791_aligned.jpg,4,happy,test,,,,,,,,,,,,,,,,,,,,,,,,,,,,,,,,,,,,,,,,,,,,,,,,,,,,,
test_0792,data/raf-db/aligned/test_0792_aligned.jpg,4,happy,test,,,,,,,,,,,,,,,,,,,,,,,,,,,,,,,,,,,,,,,,,,,,,,,,,,,,,
test_0793,data/raf-db/aligned/test_0793_aligned.jpg,6,angry,test,,,,,,,,,,,,,,,,,,,,,,,,,,,,,,,,,,,,,,,,,,,,,,,,,,,,,
test_0794,data/raf-db/aligned/test_0794_aligned.jpg,4,happy,test,,,,,,,,,,,,,,,,,,,,,,,,,,,,,,,,,,,,,,,,,,,,,,,,,,,,,
test_0795,data/raf-db/aligned/test_0795_aligned.jpg,1,surprise,test,,,,,,,,,,,,,,,,,,,,,,,,,,,,,,,,,,,,,,,,,,,,,,,,,,,,,
test_0796,data/raf-db/aligned/test_0796_aligned.jpg,4,happy,test,,,,,,,,,,,,,,,,,,,,,,,,,,,,,,,,,,,,,,,,,,,,,,,,,,,,,
test_0797,data/raf-db/aligned/test_0797_aligned.jpg,4,happy,test,,,,,,,,,,,,,,,,,,,,,,,,,,,,,,,,,,,,,,,,,,,,,,,,,,,,,
test_0798,data/raf-db/aligned/test_0798_aligned.jpg,4,happy,test,,,,,,,,,,,,,,,,,,,,,,,,,,,,,,,,,,,,,,,,,,,,,,,,,,,,,
test_0799,data/raf-db/aligned/test_0799_aligned.jpg,4,happy,test,,,,,,,,,,,,,,,,,,,,,,,,,,,,,,,,,,,,,,,,,,,,,,,,,,,,,
test_0800,data/raf-db/aligned/test_0800_aligned.jpg,4,happy,test,,,,,,,,,,,,,,,,,,,,,,,,,,,,,,,,,,,,,,,,,,,,,,,,,,,,,
test_0801,data/raf-db/aligned/test_0801_aligned.jpg,4,happy,test,,,,,,,,,,,,,,,,,,,,,,,,,,,,,,,,,,,,,,,,,,,,,,,,,,,,,
test_0802,data/raf-db/aligned/test_0802_aligned.jpg,4,happy,test,,,,,,,,,,,,,,,,,,,,,,,,,,,,,,,,,,,,,,,,,,,,,,,,,,,,,
test_0803,data/raf-db/aligned/test_0803_aligned.jpg,4,happy,test,,,,,,,,,,,,,,,,,,,,,,,,,,,,,,,,,,,,,,,,,,,,,,,,,,,,,
test_0804,data/raf-db/aligned/test_0804_aligned.jpg,3,disgust,test,,,,,,,,,,,,,,,,,,,,,,,,,,,,,,,,,,,,,,,,,,,,,,,,,,,,,
test_0805,data/raf-db/aligned/test_0805_aligned.jpg,4,happy,test,,,,,,,,,,,,,,,,,,,,,,,,,,,,,,,,,,,,,,,,,,,,,,,,,,,,,
test_0806,data/raf-db/aligned/test_0806_aligned.jpg,4,happy,test,,,,,,,,,,,,,,,,,,,,,,,,,,,,,,,,,,,,,,,,,,,,,,,,,,,,,
test_0807,data/raf-db/aligned/test_0807_aligned.jpg,1,surprise,test,,,,,,,,,,,,,,,,,,,,,,,,,,,,,,,,,,,,,,,,,,,,,,,,,,,,,
test_0808,data/raf-db/aligned/test_0808_aligned.jpg,4,happy,test,,,,,,,,,,,,,,,,,,,,,,,,,,,,,,,,,,,,,,,,,,,,,,,,,,,,,
test_0809,data/raf-db/aligned/test_0809_aligned.jpg,4,happy,test,,,,,,,,,,,,,,,,,,,,,,,,,,,,,,,,,,,,,,,,,,,,,,,,,,,,,
test_0810,data/raf-db/aligned/test_0810_aligned.jpg,5,sad,test,,,,,,,,,,,,,,,,,,,,,,,,,,,,,,,,,,,,,,,,,,,,,,,,,,,,,
test_0811,data/raf-db/aligned/test_0811_aligned.jpg,4,happy,test,,,,,,,,,,,,,,,,,,,,,,,,,,,,,,,,,,,,,,,,,,,,,,,,,,,,,
test_0812,data/raf-db/aligned/test_0812_aligned.jpg,1,surprise,test,,,,,,,,,,,,,,,,,,,,,,,,,,,,,,,,,,,,,,,,,,,,,,,,,,,,,
test_0813,data/raf-db/aligned/test_0813_aligned.jpg,4,happy,test,,,,,,,,,,,,,,,,,,,,,,,,,,,,,,,,,,,,,,,,,,,,,,,,,,,,,
test_0814,data/raf-db/aligned/test_0814_aligned.jpg,4,happy,test,,,,,,,,,,,,,,,,,,,,,,,,,,,,,,,,,,,,,,,,,,,,,,,,,,,,,
test_0815,data/raf-db/aligned/test_0815_aligned.jpg,4,happy,test,,,,,,,,,,,,,,,,,,,,,,,,,,,,,,,,,,,,,,,,,,,,,,,,,,,,,
test_0816,data/raf-db/aligned/test_0816_aligned.jpg,4,happy,test,,,,,,,,,,,,,,,,,,,,,,,,,,,,,,,,,,,,,,,,,,,,,,,,,,,,,
test_0817,data/raf-db/aligned/test_0817_aligned.jpg,4,happy,test,,,,,,,,,,,,,,,,,,,,,,,,,,,,,,,,,,,,,,,,,,,,,,,,,,,,,
test_0818,data/raf-db/aligned/test_0818_aligned.jpg,4,happy,test,,,,,,,,,,,,,,,,,,,,,,,,,,,,,,,,,,,,,,,,,,,,,,,,,,,,,
test_0819,data/raf-db/aligned/test_0819_aligned.jpg,1,surprise,test,,,,,,,,,,,,,,,,,,,,,,,,,,,,,,,,,,,,,,,,,,,,,,,,,,,,,
test_0820,data/raf-db/aligned/test_0820_aligned.jpg,6,angry,test,,,,,,,,,,,,,,,,,,,,,,,,,,,,,,,,,,,,,,,,,,,,,,,,,,,,,
test_0821,data/raf-db/aligned/test_0821_aligned.jpg,4,happy,test,,,,,,,,,,,,,,,,,,,,,,,,,,,,,,,,,,,,,,,,,,,,,,,,,,,,,
test_0822,data/raf-db/aligned/test_0822_aligned.jpg,4,happy,test,,,,,,,,,,,,,,,,,,,,,,,,,,,,,,,,,,,,,,,,,,,,,,,,,,,,,
test_0823,data/raf-db/aligned/test_0823_aligned.jpg,4,happy,test,,,,,,,,,,,,,,,,,,,,,,,,,,,,,,,,,,,,,,,,,,,,,,,,,,,,,
test_0824,data/raf-db/aligned/test_0824_aligned.jpg,4,happy,test,,,,,,,,,,,,,,,,,,,,,,,,,,,,,,,,,,,,,,,,,,,,,,,,,,,,,
test_0825,data/raf-db/aligned/test_0825_aligned.jpg,1,surprise,test,,,,,,,,,,,,,,,,,,,,,,,,,,,,,,,,,,,,,,,,,,,,,,,,,,,,,
test_0826,data/raf-db/aligned/test_0826_aligned.jpg,4,happy,test,,,,,,,,,,,,,,,,,,,,,,,,,,,,,,,,,,,,,,,,,,,,,,,,,,,,,
test_0827,data/raf-db/aligned/test_0827_aligned.jpg,4,happy,test,,,,,,,,,,,,,,,,,,,,,,,,,,,,,,,,,,,,,,,,,,,,,,,,,,,,,
test_0828,data/raf-db/aligned/test_0828_aligned.jpg,4,happy,test,,,,,,,,,,,,,,,,,,,,,,,,,,,,,,,,,,,,,,,,,,,,,,,,,,,,,
test_0829,data/raf-db/aligned/test_0829_aligned.jpg,4,happy,test,,,,,,,,,,,,,,,,,,,,,,,,,,,,,,,,,,,,,,,,,,,,,,,,,,,,,
test_0830,data/raf-db/aligned/test_0830_aligned.jpg,4,happy,test,,,,,,,,,,,,,,,,,,,,,,,,,,,,,,,,,,,,,,,,,,,,,,,,,,,,,
test_0831,data/raf-db/aligned/test_0831_aligned.jpg,4,happy,test,,,,,,,,,,,,,,,,,,,,,,,,,,,,,,,,,,,,,,,,,,,,,,,,,,,,,
test_0832,data/raf-db/aligned/test_0832_aligned.jpg,4,happy,test,,,,,,,,,,,,,,,,,,,,,,,,,,,,,,,,,,,,,,,,,,,,,,,,,,,,,
test_0833,data/raf-db/aligned/test_0833_aligned.jpg,4,happy,test,,,,,,,,,,,,,,,,,,,,,,,,,,,,,,,,,,,,,,,,,,,,,,,,,,,,,
test_0834,data/raf-db/aligned/test_0834_aligned.jpg,5,sad,test,,,,,,,,,,,,,,,,,,,,,,,,,,,,,,,,,,,,,,,,,,,,,,,,,,,,,
test_0835,data/raf-db/aligned/test_0835_aligned.jpg,4,happy,test,,,,,,,,,,,,,,,,,,,,,,,,,,,,,,,,,,,,,,,,,,,,,,,,,,,,,
test_0836,data/raf-db/aligned/test_0836_aligned.jpg,4,happy,test,,,,,,,,,,,,,,,,,,,,,,,,,,,,,,,,,,,,,,,,,,,,,,,,,,,,,
test_0837,data/raf-db/aligned/test_0837_aligned.jpg,1,surprise,test,,,,,,,,,,,,,,,,,,,,,,,,,,,,,,,,,,,,,,,,,,,,,,,,,,,,,
test_0838,data/raf-db/aligned/test_0838_aligned.jpg,4,happy,test,,,,,,,,,,,,,,,,,,,,,,,,,,,,,,,,,,,,,,,,,,,,,,,,,,,,,
test_0839,data/raf-db/aligned/test_0839_aligned.jpg,1,surprise,test,,,,,,,,,,,,,,,,,,,,,,,,,,,,,,,,,,,,,,,,,,,,,,,,,,,,,
test_0840,data/raf-db/aligned/test_0840_aligned.jpg,4,happy,test,,,,,,,,,,,,,,,,,,,,,,,,,,,,,,,,,,,,,,,,,,,,,,,,,,,,,
test_0841,data/raf-db/aligned/test_0841_aligned.jpg,4,happy,test,,,,,,,,,,,,,,,,,,,,,,,,,,,,,,,,,,,,,,,,,,,,,,,,,,,,,
test_0842,data/raf-db/aligned/test_0842_aligned.jpg,4,happy,test,,,,,,,,,,,,,,,,,,,,,,,,,,,,,,,,,,,,,,,,,,,,,,,,,,,,,
test_0843,data/raf-db/aligned/test_0843_aligned.jpg,4,happy,test,,,,,,,,,,,,,,,,,,,,,,,,,,,,,,,,,,,,,,,,,,,,,,,,,,,,,
test_0844,data/raf-db/aligned/test_0844_aligned.jpg,4,happy,test,,,,,,,,,,,,,,,,,,,,,,,,,,,,,,,,,,,,,,,,,,,,,,,,,,,,,
test_0845,data/raf-db/aligned/test_0845_aligned.jpg,5,sad,test,,,,,,,,,,,,,,,,,,,,,,,,,,,,,,,,,,,,,,,,,,,,,,,,,,,,,
test_0846,data/raf-db/aligned/test_0846_aligned.jpg,4,happy,test,,,,,,,,,,,,,,,,,,,,,,,,,,,,,,,,,,,,,,,,,,,,,,,,,,,,,
test_0847,data/raf-db/aligned/test_0847_aligned.jpg,5,sad,test,,,,,,,,,,,,,,,,,,,,,,,,,,,,,,,,,,,,,,,,,,,,,,,,,,,,,
test_0848,data/raf-db/aligned/test_0848_aligned.jpg,4,happy,test,,,,,,,,,,,,,,,,,,,,,,,,,,,,,,,,,,,,,,,,,,,,,,,,,,,,,
test_0849,data/raf-db/aligned/test_0849_aligned.jpg,4,happy,test,,,,,,,,,,,,,,,,,,,,,,,,,,,,,,,,,,,,,,,,,,,,,,,,,,,,,
test_0850,data/raf-db/aligned/test_0850_aligned.jpg,1,surprise,test,,,,,,,,,,,,,,,,,,,,,,,,,,,,,,,,,,,,,,,,,,,,,,,,,,,,,
test_0851,data/raf-db/aligned/test_0851_aligned.jpg,1,surprise,test,,,,,,,,,,,,,,,,,,,,,,,,,,,,,,,,,,,,,,,,,,,,,,,,,,,,,
test_0852,data/raf-db/aligned/test_0852_aligned.jpg,4,happy,test,,,,,,,,,,,,,,,,,,,,,,,,,,,,,,,,,,,,,,,,,,,,,,,,,,,,,
test_0853,data/raf-db/aligned/test_0853_aligned.jpg,6,angry,test,,,,,,,,,,,,,,,,,,,,,,,,,,,,,,,,,,,,,,,,,,,,,,,,,,,,,
test_0854,data/raf-db/aligned/test_0854_aligned.jpg,4,happy,test,,,,,,,,,,,,,,,,,,,,,,,,,,,,,,,,,,,,,,,,,,,,,,,,,,,,,
test_0855,data/raf-db/aligned/test_0855_aligned.jpg,4,happy,test,,,,,,,,,,,,,,,,,,,,,,,,,,,,,,,,,,,,,,,,,,,,,,,,,,,,,
test_0856,data/raf-db/aligned/test_0856_aligned.jpg,4,happy,test,,,,,,,,,,,,,,,,,,,,,,,,,,,,,,,,,,,,,,,,,,,,,,,,,,,,,
test_0857,data/raf-db/aligned/test_0857_aligned.jpg,4,happy,test,,,,,,,,,,,,,,,,,,,,,,,,,,,,,,,,,,,,,,,,,,,,,,,,,,,,,
test_0858,data/raf-db/aligned/test_0858_aligned.jpg,4,happy,test,,,,,,,,,,,,,,,,,,,,,,,,,,,,,,,,,,,,,,,,,,,,,,,,,,,,,
test_0859,data/raf-db/aligned/test_0859_aligned.jpg,2,fear,test,,,,,,,,,,,,,,,,,,,,,,,,,,,,,,,,,,,,,,,,,,,,,,,,,,,,,
test_0860,data/raf-db/aligned/test_0860_aligned.jpg,4,happy,test,,,,,,,,,,,,,,,,,,,,,,,,,,,,,,,,,,,,,,,,,,,,,,,,,,,,,
test_0861,data/raf-db/aligned/test_0861_aligned.jpg,4,happy,test,,,,,,,,,,,,,,,,,,,,,,,,,,,,,,,,,,,,,,,,,,,,,,,,,,,,,
test_0862,data/raf-db/aligned/test_0862_aligned.jpg,4,happy,test,,,,,,,,,,,,,,,,,,,,,,,,,,,,,,,,,,,,,,,,,,,,,,,,,,,,,
test_0863,data/raf-db/aligned/test_0863_aligned.jpg,1,surprise,test,,,,,,,,,,,,,,,,,,,,,,,,,,,,,,,,,,,,,,,,,,,,,,,,,,,,,
test_0864,data/raf-db/aligned/test_0864_aligned.jpg,4,happy,test,,,,,,,,,,,,,,,,,,,,,,,,,,,,,,,,,,,,,,,,,,,,,,,,,,,,,
test_0865,data/raf-db/aligned/test_0865_aligned.jpg,4,happy,test,,,,,,,,,,,,,,,,,,,,,,,,,,,,,,,,,,,,,,,,,,,,,,,,,,,,,
test_0866,data/raf-db/aligned/test_0866_aligned.jpg,4,happy,test,,,,,,,,,,,,,,,,,,,,,,,,,,,,,,,,,,,,,,,,,,,,,,,,,,,,,
test_0867,data/raf-db/aligned/test_0867_aligned.jpg,1,surprise,test,,,,,,,,,,,,,,,,,,,,,,,,,,,,,,,,,,,,,,,,,,,,,,,,,,,,,
test_0868,data/raf-db/aligned/test_0868_aligned.jpg,5,sad,test,,,,,,,,,,,,,,,,,,,,,,,,,,,,,,,,,,,,,,,,,,,,,,,,,,,,,
test_0869,data/raf-db/aligned/test_0869_aligned.jpg,4,happy,test,,,,,,,,,,,,,,,,,,,,,,,,,,,,,,,,,,,,,,,,,,,,,,,,,,,,,
test_0870,data/raf-db/aligned/test_0870_aligned.jpg,6,angry,test,,,,,,,,,,,,,,,,,,,,,,,,,,,,,,,,,,,,,,,,,,,,,,,,,,,,,
test_0871,data/raf-db/aligned/test_0871_aligned.jpg,4,happy,test,,,,,,,,,,,,,,,,,,,,,,,,,,,,,,,,,,,,,,,,,,,,,,,,,,,,,
test_0872,data/raf-db/aligned/test_0872_aligned.jpg,1,surprise,test,,,,,,,,,,,,,,,,,,,,,,,,,,,,,,,,,,,,,,,,,,,,,,,,,,,,,
test_0873,data/raf-db/aligned/test_0873_aligned.jpg,1,surprise,test,,,,,,,,,,,,,,,,,,,,,,,,,,,,,,,,,,,,,,,,,,,,,,,,,,,,,
test_0874,data/raf-db/aligned/test_0874_aligned.jpg,1,surprise,test,,,,,,,,,,,,,,,,,,,,,,,,,,,,,,,,,,,,,,,,,,,,,,,,,,,,,
test_0875,data/raf-db/aligned/test_0875_aligned.jpg,5,sad,test,,,,,,,,,,,,,,,,,,,,,,,,,,,,,,,,,,,,,,,,,,,,,,,,,,,,,
test_0876,data/raf-db/aligned/test_0876_aligned.jpg,5,sad,test,,,,,,,,,,,,,,,,,,,,,,,,,,,,,,,,,,,,,,,,,,,,,,,,,,,,,
test_0877,data/raf-db/aligned/test_0877_aligned.jpg,1,surprise,test,,,,,,,,,,,,,,,,,,,,,,,,,,,,,,,,,,,,,,,,,,,,,,,,,,,,,
test_0878,data/raf-db/aligned/test_0878_aligned.jpg,1,surprise,test,,,,,,,,,,,,,,,,,,,,,,,,,,,,,,,,,,,,,,,,,,,,,,,,,,,,,
test_0879,data/raf-db/aligned/test_0879_aligned.jpg,4,happy,test,,,,,,,,,,,,,,,,,,,,,,,,,,,,,,,,,,,,,,,,,,,,,,,,,,,,,
test_0880,data/raf-db/aligned/test_0880_aligned.jpg,4,happy,test,,,,,,,,,,,,,,,,,,,,,,,,,,,,,,,,,,,,,,,,,,,,,,,,,,,,,
test_0881,data/raf-db/aligned/test_0881_aligned.jpg,4,happy,test,,,,,,,,,,,,,,,,,,,,,,,,,,,,,,,,,,,,,,,,,,,,,,,,,,,,,
test_0882,data/raf-db/aligned/test_0882_aligned.jpg,4,happy,test,,,,,,,,,,,,,,,,,,,,,,,,,,,,,,,,,,,,,,,,,,,,,,,,,,,,,
test_0883,data/raf-db/aligned/test_0883_aligned.jpg,4,happy,test,,,,,,,,,,,,,,,,,,,,,,,,,,,,,,,,,,,,,,,,,,,,,,,,,,,,,
test_0884,data/raf-db/aligned/test_0884_aligned.jpg,4,happy,test,,,,,,,,,,,,,,,,,,,,,,,,,,,,,,,,,,,,,,,,,,,,,,,,,,,,,
test_0885,data/raf-db/aligned/test_0885_aligned.jpg,4,happy,test,,,,,,,,,,,,,,,,,,,,,,,,,,,,,,,,,,,,,,,,,,,,,,,,,,,,,
test_0886,data/raf-db/aligned/test_0886_aligned.jpg,4,happy,test,,,,,,,,,,,,,,,,,,,,,,,,,,,,,,,,,,,,,,,,,,,,,,,,,,,,,
test_0887,data/raf-db/aligned/test_0887_aligned.jpg,4,happy,test,,,,,,,,,,,,,,,,,,,,,,,,,,,,,,,,,,,,,,,,,,,,,,,,,,,,,
test_0888,data/raf-db/aligned/test_0888_aligned.jpg,5,sad,test,,,,,,,,,,,,,,,,,,,,,,,,,,,,,,,,,,,,,,,,,,,,,,,,,,,,,
test_0889,data/raf-db/aligned/test_0889_aligned.jpg,5,sad,test,,,,,,,,,,,,,,,,,,,,,,,,,,,,,,,,,,,,,,,,,,,,,,,,,,,,,
test_0890,data/raf-db/aligned/test_0890_aligned.jpg,4,happy,test,,,,,,,,,,,,,,,,,,,,,,,,,,,,,,,,,,,,,,,,,,,,,,,,,,,,,
test_0891,data/raf-db/aligned/test_0891_aligned.jpg,5,sad,test,,,,,,,,,,,,,,,,,,,,,,,,,,,,,,,,,,,,,,,,,,,,,,,,,,,,,
test_0892,data/raf-db/aligned/test_0892_aligned.jpg,1,surprise,test,,,,,,,,,,,,,,,,,,,,,,,,,,,,,,,,,,,,,,,,,,,,,,,,,,,,,
test_0893,data/raf-db/aligned/test_0893_aligned.jpg,1,surprise,test,,,,,,,,,,,,,,,,,,,,,,,,,,,,,,,,,,,,,,,,,,,,,,,,,,,,,
test_0894,data/raf-db/aligned/test_0894_aligned.jpg,4,happy,test,,,,,,,,,,,,,,,,,,,,,,,,,,,,,,,,,,,,,,,,,,,,,,,,,,,,,
test_0895,data/raf-db/aligned/test_0895_aligned.jpg,5,sad,test,,,,,,,,,,,,,,,,,,,,,,,,,,,,,,,,,,,,,,,,,,,,,,,,,,,,,
test_0896,data/raf-db/aligned/test_0896_aligned.jpg,4,happy,test,,,,,,,,,,,,,,,,,,,,,,,,,,,,,,,,,,,,,,,,,,,,,,,,,,,,,
test_0897,data/raf-db/aligned/test_0897_aligned.jpg,4,happy,test,,,,,,,,,,,,,,,,,,,,,,,,,,,,,,,,,,,,,,,,,,,,,,,,,,,,,
test_0898,data/raf-db/aligned/test_0898_aligned.jpg,4,happy,test,,,,,,,,,,,,,,,,,,,,,,,,,,,,,,,,,,,,,,,,,,,,,,,,,,,,,
test_0899,data/raf-db/aligned/test_0899_aligned.jpg,4,happy,test,,,,,,,,,,,,,,,,,,,,,,,,,,,,,,,,,,,,,,,,,,,,,,,,,,,,,
test_0900,data/raf-db/aligned/test_0900_aligned.jpg,3,disgust,test,,,,,,,,,,,,,,,,,,,,,,,,,,,,,,,,,,,,,,,,,,,,,,,,,,,,,
test_0901,data/raf-db/aligned/test_0901_aligned.jpg,4,happy,test,,,,,,,,,,,,,,,,,,,,,,,,,,,,,,,,,,,,,,,,,,,,,,,,,,,,,
test_0902,data/raf-db/aligned/test_0902_aligned.jpg,6,angry,test,,,,,,,,,,,,,,,,,,,,,,,,,,,,,,,,,,,,,,,,,,,,,,,,,,,,,
test_0903,data/raf-db/aligned/test_0903_aligned.jpg,1,surprise,test,,,,,,,,,,,,,,,,,,,,,,,,,,,,,,,,,,,,,,,,,,,,,,,,,,,,,
test_0904,data/raf-db/aligned/test_0904_aligned.jpg,4,happy,test,,,,,,,,,,,,,,,,,,,,,,,,,,,,,,,,,,,,,,,,,,,,,,,,,,,,,
test_0905,data/raf-db/aligned/test_0905_aligned.jpg,3,disgust,test,,,,,,,,,,,,,,,,,,,,,,,,,,,,,,,,,,,,,,,,,,,,,,,,,,,,,
test_0906,data/raf-db/aligned/test_0906_aligned.jpg,4,happy,test,,,,,,,,,,,,,,,,,,,,,,,,,,,,,,,,,,,,,,,,,,,,,,,,,,,,,
test_0907,data/raf-db/aligned/test_0907_aligned.jpg,1,surprise,test,,,,,,,,,,,,,,,,,,,,,,,,,,,,,,,,,,,,,,,,,,,,,,,,,,,,,
test_0908,data/raf-db/aligned/test_0908_aligned.jpg,4,happy,test,,,,,,,,,,,,,,,,,,,,,,,,,,,,,,,,,,,,,,,,,,,,,,,,,,,,,
test_0909,data/raf-db/aligned/test_0909_aligned.jpg,6,angry,test,,,,,,,,,,,,,,,,,,,,,,,,,,,,,,,,,,,,,,,,,,,,,,,,,,,,,
test_0910,data/raf-db/aligned/test_0910_aligned.jpg,5,sad,test,,,,,,,,,,,,,,,,,,,,,,,,,,,,,,,,,,,,,,,,,,,,,,,,,,,,,
test_0911,data/raf-db/aligned/test_0911_aligned.jpg,4,happy,test,,,,,,,,,,,,,,,,,,,,,,,,,,,,,,,,,,,,,,,,,,,,,,,,,,,,,
test_0912,data/raf-db/aligned/test_0912_aligned.jpg,1,surprise,test,,,,,,,,,,,,,,,,,,,,,,,,,,,,,,,,,,,,,,,,,,,,,,,,,,,,,
test_0913,data/raf-db/aligned/test_0913_aligned.jpg,1,surprise,test,,,,,,,,,,,,,,,,,,,,,,,,,,,,,,,,,,,,,,,,,,,,,,,,,,,,,
test_0914,data/raf-db/aligned/test_0914_aligned.jpg,3,disgust,test,,,,,,,,,,,,,,,,,,,,,,,,,,,,,,,,,,,,,,,,,,,,,,,,,,,,,
test_0915,data/raf-db/aligned/test_0915_aligned.jpg,4,happy,test,,,,,,,,,,,,,,,,,,,,,,,,,,,,,,,,,,,,,,,,,,,,,,,,,,,,,
test_0916,data/raf-db/aligned/test_0916_aligned.jpg,5,sad,test,,,,,,,,,,,,,,,,,,,,,,,,,,,,,,,,,,,,,,,,,,,,,,,,,,,,,
test_0917,data/raf-db/aligned/test_0917_aligned.jpg,5,sad,test,,,,,,,,,,,,,,,,,,,,,,,,,,,,,,,,,,,,,,,,,,,,,,,,,,,,,
test_0918,data/raf-db/aligned/test_0918_aligned.jpg,5,sad,test,,,,,,,,,,,,,,,,,,,,,,,,,,,,,,,,,,,,,,,,,,,,,,,,,,,,,
test_0919,data/raf-db/aligned/test_0919_aligned.jpg,1,surprise,test,,,,,,,,,,,,,,,,,,,,,,,,,,,,,,,,,,,,,,,,,,,,,,,,,,,,,
test_0920,data/raf-db/aligned/test_0920_aligned.jpg,1,surprise,test,,,,,,,,,,,,,,,,,,,,,,,,,,,,,,,,,,,,,,,,,,,,,,,,,,,,,
test_0921,data/raf-db/aligned/test_0921_aligned.jpg,4,happy,test,,,,,,,,,,,,,,,,,,,,,,,,,,,,,,,,,,,,,,,,,,,,,,,,,,,,,
test_0922,data/raf-db/aligned/test_0922_aligned.jpg,4,happy,test,,,,,,,,,,,,,,,,,,,,,,,,,,,,,,,,,,,,,,,,,,,,,,,,,,,,,
test_0923,data/raf-db/aligned/test_0923_aligned.jpg,4,happy,test,,,,,,,,,,,,,,,,,,,,,,,,,,,,,,,,,,,,,,,,,,,,,,,,,,,,,
test_0924,data/raf-db/aligned/test_0924_aligned.jpg,4,happy,test,,,,,,,,,,,,,,,,,,,,,,,,,,,,,,,,,,,,,,,,,,,,,,,,,,,,,
test_0925,data/raf-db/aligned/test_0925_aligned.jpg,5,sad,test,,,,,,,,,,,,,,,,,,,,,,,,,,,,,,,,,,,,,,,,,,,,,,,,,,,,,
test_0926,data/raf-db/aligned/test_0926_aligned.jpg,1,surprise,test,,,,,,,,,,,,,,,,,,,,,,,,,,,,,,,,,,,,,,,,,,,,,,,,,,,,,
test_0927,data/raf-db/aligned/test_0927_aligned.jpg,5,sad,test,,,,,,,,,,,,,,,,,,,,,,,,,,,,,,,,,,,,,,,,,,,,,,,,,,,,,
test_0928,data/raf-db/aligned/test_0928_aligned.jpg,4,happy,test,,,,,,,,,,,,,,,,,,,,,,,,,,,,,,,,,,,,,,,,,,,,,,,,,,,,,
test_0929,data/raf-db/aligned/test_0929_aligned.jpg,4,happy,test,,,,,,,,,,,,,,,,,,,,,,,,,,,,,,,,,,,,,,,,,,,,,,,,,,,,,
test_0930,data/raf-db/aligned/test_0930_aligned.jpg,4,happy,test,,,,,,,,,,,,,,,,,,,,,,,,,,,,,,,,,,,,,,,,,,,,,,,,,,,,,
test_0931,data/raf-db/aligned/test_0931_aligned.jpg,5,sad,test,,,,,,,,,,,,,,,,,,,,,,,,,,,,,,,,,,,,,,,,,,,,,,,,,,,,,
test_0932,data/raf-db/aligned/test_0932_aligned.jpg,4,happy,test,,,,,,,,,,,,,,,,,,,,,,,,,,,,,,,,,,,,,,,,,,,,,,,,,,,,,
test_0933,data/raf-db/aligned/test_0933_aligned.jpg,4,happy,test,,,,,,,,,,,,,,,,,,,,,,,,,,,,,,,,,,,,,,,,,,,,,,,,,,,,,
test_0934,data/raf-db/aligned/test_0934_aligned.jpg,4,happy,test,,,,,,,,,,,,,,,,,,,,,,,,,,,,,,,,,,,,,,,,,,,,,,,,,,,,,
test_0935,data/raf-db/aligned/test_0935_aligned.jpg,3,disgust,test,,,,,,,,,,,,,,,,,,,,,,,,,,,,,,,,,,,,,,,,,,,,,,,,,,,,,
test_0936,data/raf-db/aligned/test_0936_aligned.jpg,5,sad,test,,,,,,,,,,,,,,,,,,,,,,,,,,,,,,,,,,,,,,,,,,,,,,,,,,,,,
test_0937,data/raf-db/aligned/test_0937_aligned.jpg,5,sad,test,,,,,,,,,,,,,,,,,,,,,,,,,,,,,,,,,,,,,,,,,,,,,,,,,,,,,
test_0938,data/raf-db/aligned/test_0938_aligned.jpg,4,happy,test,,,,,,,,,,,,,,,,,,,,,,,,,,,,,,,,,,,,,,,,,,,,,,,,,,,,,
test_0939,data/raf-db/aligned/test_0939_aligned.jpg,4,happy,test,,,,,,,,,,,,,,,,,,,,,,,,,,,,,,,,,,,,,,,,,,,,,,,,,,,,,
test_0940,data/raf-db/aligned/test_0940_aligned.jpg,3,disgust,test,,,,,,,,,,,,,,,,,,,,,,,,,,,,,,,,,,,,,,,,,,,,,,,,,,,,,
test_0941,data/raf-db/aligned/test_0941_aligned.jpg,4,happy,test,,,,,,,,,,,,,,,,,,,,,,,,,,,,,,,,,,,,,,,,,,,,,,,,,,,,,
test_0942,data/raf-db/aligned/test_0942_aligned.jpg,4,happy,test,,,,,,,,,,,,,,,,,,,,,,,,,,,,,,,,,,,,,,,,,,,,,,,,,,,,,
test_0943,data/raf-db/aligned/test_0943_aligned.jpg,4,happy,test,,,,,,,,,,,,,,,,,,,,,,,,,,,,,,,,,,,,,,,,,,,,,,,,,,,,,
test_0944,data/raf-db/aligned/test_0944_aligned.jpg,4,happy,test,,,,,,,,,,,,,,,,,,,,,,,,,,,,,,,,,,,,,,,,,,,,,,,,,,,,,
test_0945,data/raf-db/aligned/test_0945_aligned.jpg,4,happy,test,,,,,,,,,,,,,,,,,,,,,,,,,,,,,,,,,,,,,,,,,,,,,,,,,,,,,
test_0946,data/raf-db/aligned/test_0946_aligned.jpg,4,happy,test,,,,,,,,,,,,,,,,,,,,,,,,,,,,,,,,,,,,,,,,,,,,,,,,,,,,,
test_0947,data/raf-db/aligned/test_0947_aligned.jpg,5,sad,test,,,,,,,,,,,,,,,,,,,,,,,,,,,,,,,,,,,,,,,,,,,,,,,,,,,,,
test_0948,data/raf-db/aligned/test_0948_aligned.jpg,5,sad,test,,,,,,,,,,,,,,,,,,,,,,,,,,,,,,,,,,,,,,,,,,,,,,,,,,,,,
test_0949,data/raf-db/aligned/test_0949_aligned.jpg,5,sad,test,,,,,,,,,,,,,,,,,,,,,,,,,,,,,,,,,,,,,,,,,,,,,,,,,,,,,
test_0950,data/raf-db/aligned/test_0950_aligned.jpg,5,sad,test,,,,,,,,,,,,,,,,,,,,,,,,,,,,,,,,,,,,,,,,,,,,,,,,,,,,,
test_0951,data/raf-db/aligned/test_0951_aligned.jpg,5,sad,test,,,,,,,,,,,,,,,,,,,,,,,,,,,,,,,,,,,,,,,,,,,,,,,,,,,,,
test_0952,data/raf-db/aligned/test_0952_aligned.jpg,5,sad,test,,,,,,,,,,,,,,,,,,,,,,,,,,,,,,,,,,,,,,,,,,,,,,,,,,,,,
test_0953,data/raf-db/aligned/test_0953_aligned.jpg,6,angry,test,,,,,,,,,,,,,,,,,,,,,,,,,,,,,,,,,,,,,,,,,,,,,,,,,,,,,
test_0954,data/raf-db/aligned/test_0954_aligned.jpg,4,happy,test,,,,,,,,,,,,,,,,,,,,,,,,,,,,,,,,,,,,,,,,,,,,,,,,,,,,,
test_0955,data/raf-db/aligned/test_0955_aligned.jpg,4,happy,test,,,,,,,,,,,,,,,,,,,,,,,,,,,,,,,,,,,,,,,,,,,,,,,,,,,,,
test_0956,data/raf-db/aligned/test_0956_aligned.jpg,1,surprise,test,,,,,,,,,,,,,,,,,,,,,,,,,,,,,,,,,,,,,,,,,,,,,,,,,,,,,
test_0957,data/raf-db/aligned/test_0957_aligned.jpg,5,sad,test,,,,,,,,,,,,,,,,,,,,,,,,,,,,,,,,,,,,,,,,,,,,,,,,,,,,,
test_0958,data/raf-db/aligned/test_0958_aligned.jpg,4,happy,test,,,,,,,,,,,,,,,,,,,,,,,,,,,,,,,,,,,,,,,,,,,,,,,,,,,,,
test_0959,data/raf-db/aligned/test_0959_aligned.jpg,4,happy,test,,,,,,,,,,,,,,,,,,,,,,,,,,,,,,,,,,,,,,,,,,,,,,,,,,,,,
test_0960,data/raf-db/aligned/test_0960_aligned.jpg,3,disgust,test,,,,,,,,,,,,,,,,,,,,,,,,,,,,,,,,,,,,,,,,,,,,,,,,,,,,,
test_0961,data/raf-db/aligned/test_0961_aligned.jpg,4,happy,test,,,,,,,,,,,,,,,,,,,,,,,,,,,,,,,,,,,,,,,,,,,,,,,,,,,,,
test_0962,data/raf-db/aligned/test_0962_aligned.jpg,4,happy,test,,,,,,,,,,,,,,,,,,,,,,,,,,,,,,,,,,,,,,,,,,,,,,,,,,,,,
test_0963,data/raf-db/aligned/test_0963_aligned.jpg,4,happy,test,,,,,,,,,,,,,,,,,,,,,,,,,,,,,,,,,,,,,,,,,,,,,,,,,,,,,
test_0964,data/raf-db/aligned/test_0964_aligned.jpg,1,surprise,test,,,,,,,,,,,,,,,,,,,,,,,,,,,,,,,,,,,,,,,,,,,,,,,,,,,,,
test_0965,data/raf-db/aligned/test_0965_aligned.jpg,5,sad,test,,,,,,,,,,,,,,,,,,,,,,,,,,,,,,,,,,,,,,,,,,,,,,,,,,,,,
test_0966,data/raf-db/aligned/test_0966_aligned.jpg,5,sad,test,,,,,,,,,,,,,,,,,,,,,,,,,,,,,,,,,,,,,,,,,,,,,,,,,,,,,
test_0967,data/raf-db/aligned/test_0967_aligned.jpg,4,happy,test,,,,,,,,,,,,,,,,,,,,,,,,,,,,,,,,,,,,,,,,,,,,,,,,,,,,,
test_0968,data/raf-db/aligned/test_0968_aligned.jpg,5,sad,test,,,,,,,,,,,,,,,,,,,,,,,,,,,,,,,,,,,,,,,,,,,,,,,,,,,,,
test_0969,data/raf-db/aligned/test_0969_aligned.jpg,5,sad,test,,,,,,,,,,,,,,,,,,,,,,,,,,,,,,,,,,,,,,,,,,,,,,,,,,,,,
test_0970,data/raf-db/aligned/test_0970_aligned.jpg,1,surprise,test,,,,,,,,,,,,,,,,,,,,,,,,,,,,,,,,,,,,,,,,,,,,,,,,,,,,,
test_0971,data/raf-db/aligned/test_0971_aligned.jpg,4,happy,test,,,,,,,,,,,,,,,,,,,,,,,,,,,,,,,,,,,,,,,,,,,,,,,,,,,,,
test_0972,data/raf-db/aligned/test_0972_aligned.jpg,4,happy,test,,,,,,,,,,,,,,,,,,,,,,,,,,,,,,,,,,,,,,,,,,,,,,,,,,,,,
test_0973,data/raf-db/aligned/test_0973_aligned.jpg,4,happy,test,,,,,,,,,,,,,,,,,,,,,,,,,,,,,,,,,,,,,,,,,,,,,,,,,,,,,
test_0974,data/raf-db/aligned/test_0974_aligned.jpg,4,happy,test,,,,,,,,,,,,,,,,,,,,,,,,,,,,,,,,,,,,,,,,,,,,,,,,,,,,,
test_0975,data/raf-db/aligned/test_0975_aligned.jpg,4,happy,test,,,,,,,,,,,,,,,,,,,,,,,,,,,,,,,,,,,,,,,,,,,,,,,,,,,,,
test_0976,data/raf-db/aligned/test_0976_aligned.jpg,4,happy,test,,,,,,,,,,,,,,,,,,,,,,,,,,,,,,,,,,,,,,,,,,,,,,,,,,,,,
test_0977,data/raf-db/aligned/test_0977_aligned.jpg,4,happy,test,,,,,,,,,,,,,,,,,,,,,,,,,,,,,,,,,,,,,,,,,,,,,,,,,,,,,
test_0978,data/raf-db/aligned/test_0978_aligned.jpg,4,happy,test,,,,,,,,,,,,,,,,,,,,,,,,,,,,,,,,,,,,,,,,,,,,,,,,,,,,,
test_0979,data/raf-db/aligned/test_0979_aligned.jpg,1,surprise,test,,,,,,,,,,,,,,,,,,,,,,,,,,,,,,,,,,,,,,,,,,,,,,,,,,,,,
test_0980,data/raf-db/aligned/test_0980_aligned.jpg,4,happy,test,,,,,,,,,,,,,,,,,,,,,,,,,,,,,,,,,,,,,,,,,,,,,,,,,,,,,
test_0981,data/raf-db/aligned/test_0981_aligned.jpg,4,happy,test,,,,,,,,,,,,,,,,,,,,,,,,,,,,,,,,,,,,,,,,,,,,,,,,,,,,,
test_0982,data/raf-db/aligned/test_0982_aligned.jpg,5,sad,test,,,,,,,,,,,,,,,,,,,,,,,,,,,,,,,,,,,,,,,,,,,,,,,,,,,,,
test_0983,data/raf-db/aligned/test_0983_aligned.jpg,6,angry,test,,,,,,,,,,,,,,,,,,,,,,,,,,,,,,,,,,,,,,,,,,,,,,,,,,,,,
test_0984,data/raf-db/aligned/test_0984_aligned.jpg,4,happy,test,,,,,,,,,,,,,,,,,,,,,,,,,,,,,,,,,,,,,,,,,,,,,,,,,,,,,
test_0985,data/raf-db/aligned/test_0985_aligned.jpg,4,happy,test,,,,,,,,,,,,,,,,,,,,,,,,,,,,,,,,,,,,,,,,,,,,,,,,,,,,,
test_0986,data/raf-db/aligned/test_0986_aligned.jpg,6,angry,test,,,,,,,,,,,,,,,,,,,,,,,,,,,,,,,,,,,,,,,,,,,,,,,,,,,,,
test_0987,data/raf-db/aligned/test_0987_aligned.jpg,1,surprise,test,,,,,,,,,,,,,,,,,,,,,,,,,,,,,,,,,,,,,,,,,,,,,,,,,,,,,
test_0988,data/raf-db/aligned/test_0988_aligned.jpg,5,sad,test,,,,,,,,,,,,,,,,,,,,,,,,,,,,,,,,,,,,,,,,,,,,,,,,,,,,,
test_0989,data/raf-db/aligned/test_0989_aligned.jpg,4,happy,test,,,,,,,,,,,,,,,,,,,,,,,,,,,,,,,,,,,,,,,,,,,,,,,,,,,,,
test_0990,data/raf-db/aligned/test_0990_aligned.jpg,4,happy,test,,,,,,,,,,,,,,,,,,,,,,,,,,,,,,,,,,,,,,,,,,,,,,,,,,,,,
test_0991,data/raf-db/aligned/test_0991_aligned.jpg,5,sad,test,,,,,,,,,,,,,,,,,,,,,,,,,,,,,,,,,,,,,,,,,,,,,,,,,,,,,
test_0992,data/raf-db/aligned/test_0992_aligned.jpg,4,happy,test,,,,,,,,,,,,,,,,,,,,,,,,,,,,,,,,,,,,,,,,,,,,,,,,,,,,,
test_0993,data/raf-db/aligned/test_0993_aligned.jpg,4,happy,test,,,,,,,,,,,,,,,,,,,,,,,,,,,,,,,,,,,,,,,,,,,,,,,,,,,,,
test_0994,data/raf-db/aligned/test_0994_aligned.jpg,1,surprise,test,,,,,,,,,,,,,,,,,,,,,,,,,,,,,,,,,,,,,,,,,,,,,,,,,,,,,
test_0995,data/raf-db/aligned/test_0995_aligned.jpg,4,happy,test,,,,,,,,,,,,,,,,,,,,,,,,,,,,,,,,,,,,,,,,,,,,,,,,,,,,,
test_0996,data/raf-db/aligned/test_0996_aligned.jpg,4,happy,test,,,,,,,,,,,,,,,,,,,,,,,,,,,,,,,,,,,,,,,,,,,,,,,,,,,,,
test_0997,data/raf-db/aligned/test_0997_aligned.jpg,1,surprise,test,,,,,,,,,,,,,,,,,,,,,,,,,,,,,,,,,,,,,,,,,,,,,,,,,,,,,
test_0998,data/raf-db/aligned/test_0998_aligned.jpg,1,surprise,test,,,,,,,,,,,,,,,,,,,,,,,,,,,,,,,,,,,,,,,,,,,,,,,,,,,,,
test_0999,data/raf-db/aligned/test_0999_aligned.jpg,4,happy,test,,,,,,,,,,,,,,,,,,,,,,,,,,,,,,,,,,,,,,,,,,,,,,,,,,,,,
test_1000,data/raf-db/aligned/test_1000_aligned.jpg,1,surprise,test,,,,,,,,,,,,,,,,,,,,,,,,,,,,,,,,,,,,,,,,,,,,,,,,,,,,,
test_1001,data/raf-db/aligned/test_1001_aligned.jpg,1,surprise,test,,,,,,,,,,,,,,,,,,,,,,,,,,,,,,,,,,,,,,,,,,,,,,,,,,,,,
test_1002,data/raf-db/aligned/test_1002_aligned.jpg,1,surprise,test,,,,,,,,,,,,,,,,,,,,,,,,,,,,,,,,,,,,,,,,,,,,,,,,,,,,,
test_1003,data/raf-db/aligned/test_1003_aligned.jpg,3,disgust,test,,,,,,,,,,,,,,,,,,,,,,,,,,,,,,,,,,,,,,,,,,,,,,,,,,,,,
test_1004,data/raf-db/aligned/test_1004_aligned.jpg,4,happy,test,,,,,,,,,,,,,,,,,,,,,,,,,,,,,,,,,,,,,,,,,,,,,,,,,,,,,
test_1005,data/raf-db/aligned/test_1005_aligned.jpg,4,happy,test,,,,,,,,,,,,,,,,,,,,,,,,,,,,,,,,,,,,,,,,,,,,,,,,,,,,,
test_1006,data/raf-db/aligned/test_1006_aligned.jpg,3,disgust,test,,,,,,,,,,,,,,,,,,,,,,,,,,,,,,,,,,,,,,,,,,,,,,,,,,,,,
test_1007,data/raf-db/aligned/test_1007_aligned.jpg,6,angry,test,,,,,,,,,,,,,,,,,,,,,,,,,,,,,,,,,,,,,,,,,,,,,,,,,,,,,
test_1008,data/raf-db/aligned/test_1008_aligned.jpg,5,sad,test,,,,,,,,,,,,,,,,,,,,,,,,,,,,,,,,,,,,,,,,,,,,,,,,,,,,,
test_1009,data/raf-db/aligned/test_1009_aligned.jpg,5,sad,test,,,,,,,,,,,,,,,,,,,,,,,,,,,,,,,,,,,,,,,,,,,,,,,,,,,,,
test_1010,data/raf-db/aligned/test_1010_aligned.jpg,4,happy,test,,,,,,,,,,,,,,,,,,,,,,,,,,,,,,,,,,,,,,,,,,,,,,,,,,,,,
test_1011,data/raf-db/aligned/test_1011_aligned.jpg,4,happy,test,,,,,,,,,,,,,,,,,,,,,,,,,,,,,,,,,,,,,,,,,,,,,,,,,,,,,
test_1012,data/raf-db/aligned/test_1012_aligned.jpg,4,happy,test,,,,,,,,,,,,,,,,,,,,,,,,,,,,,,,,,,,,,,,,,,,,,,,,,,,,,
test_1013,data/raf-db/aligned/test_1013_aligned.jpg,6,angry,test,,,,,,,,,,,,,,,,,,,,,,,,,,,,,,,,,,,,,,,,,,,,,,,,,,,,,
test_1014,data/raf-db/aligned/test_1014_aligned.jpg,1,surprise,test,,,,,,,,,,,,,,,,,,,,,,,,,,,,,,,,,,,,,,,,,,,,,,,,,,,,,
test_1015,data/raf-db/aligned/test_1015_aligned.jpg,1,surprise,test,,,,,,,,,,,,,,,,,,,,,,,,,,,,,,,,,,,,,,,,,,,,,,,,,,,,,
test_1016,data/raf-db/aligned/test_1016_aligned.jpg,4,happy,test,,,,,,,,,,,,,,,,,,,,,,,,,,,,,,,,,,,,,,,,,,,,,,,,,,,,,
test_1017,data/raf-db/aligned/test_1017_aligned.jpg,5,sad,test,,,,,,,,,,,,,,,,,,,,,,,,,,,,,,,,,,,,,,,,,,,,,,,,,,,,,
test_1018,data/raf-db/aligned/test_1018_aligned.jpg,3,disgust,test,,,,,,,,,,,,,,,,,,,,,,,,,,,,,,,,,,,,,,,,,,,,,,,,,,,,,
test_1019,data/raf-db/aligned/test_1019_aligned.jpg,4,happy,test,,,,,,,,,,,,,,,,,,,,,,,,,,,,,,,,,,,,,,,,,,,,,,,,,,,,,
test_1020,data/raf-db/aligned/test_1020_aligned.jpg,4,happy,test,,,,,,,,,,,,,,,,,,,,,,,,,,,,,,,,,,,,,,,,,,,,,,,,,,,,,
test_1021,data/raf-db/aligned/test_1021_aligned.jpg,4,happy,test,,,,,,,,,,,,,,,,,,,,,,,,,,,,,,,,,,,,,,,,,,,,,,,,,,,,,
test_1022,data/raf-db/aligned/test_1022_aligned.jpg,4,happy,test,,,,,,,,,,,,,,,,,,,,,,,,,,,,,,,,,,,,,,,,,,,,,,,,,,,,,
test_1023,data/raf-db/aligned/test_1023_aligned.jpg,5,sad,test,,,,,,,,,,,,,,,,,,,,,,,,,,,,,,,,,,,,,,,,,,,,,,,,,,,,,
test_1024,data/raf-db/aligned/test_1024_aligned.jpg,5,sad,test,,,,,,,,,,,,,,,,,,,,,,,,,,,,,,,,,,,,,,,,,,,,,,,,,,,,,
test_1025,data/raf-db/aligned/test_1025_aligned.jpg,4,happy,test,,,,,,,,,,,,,,,,,,,,,,,,,,,,,,,,,,,,,,,,,,,,,,,,,,,,,
test_1026,data/raf-db/aligned/test_1026_aligned.jpg,4,happy,test,,,,,,,,,,,,,,,,,,,,,,,,,,,,,,,,,,,,,,,,,,,,,,,,,,,,,
test_1027,data/raf-db/aligned/test_1027_aligned.jpg,3,disgust,test,,,,,,,,,,,,,,,,,,,,,,,,,,,,,,,,,,,,,,,,,,,,,,,,,,,,,
test_1028,data/raf-db/aligned/test_1028_aligned.jpg,4,happy,test,,,,,,,,,,,,,,,,,,,,,,,,,,,,,,,,,,,,,,,,,,,,,,,,,,,,,
test_1029,data/raf-db/aligned/test_1029_aligned.jpg,1,surprise,test,,,,,,,,,,,,,,,,,,,,,,,,,,,,,,,,,,,,,,,,,,,,,,,,,,,,,
test_1030,data/raf-db/aligned/test_1030_aligned.jpg,4,happy,test,,,,,,,,,,,,,,,,,,,,,,,,,,,,,,,,,,,,,,,,,,,,,,,,,,,,,
test_1031,data/raf-db/aligned/test_1031_aligned.jpg,1,surprise,test,,,,,,,,,,,,,,,,,,,,,,,,,,,,,,,,,,,,,,,,,,,,,,,,,,,,,
test_1032,data/raf-db/aligned/test_1032_aligned.jpg,1,surprise,test,,,,,,,,,,,,,,,,,,,,,,,,,,,,,,,,,,,,,,,,,,,,,,,,,,,,,
test_1033,data/raf-db/aligned/test_1033_aligned.jpg,1,surprise,test,,,,,,,,,,,,,,,,,,,,,,,,,,,,,,,,,,,,,,,,,,,,,,,,,,,,,
test_1034,data/raf-db/aligned/test_1034_aligned.jpg,1,surprise,test,,,,,,,,,,,,,,,,,,,,,,,,,,,,,,,,,,,,,,,,,,,,,,,,,,,,,
test_1035,data/raf-db/aligned/test_1035_aligned.jpg,3,disgust,test,,,,,,,,,,,,,,,,,,,,,,,,,,,,,,,,,,,,,,,,,,,,,,,,,,,,,
test_1036,data/raf-db/aligned/test_1036_aligned.jpg,5,sad,test,,,,,,,,,,,,,,,,,,,,,,,,,,,,,,,,,,,,,,,,,,,,,,,,,,,,,
test_1037,data/raf-db/aligned/test_1037_aligned.jpg,1,surprise,test,,,,,,,,,,,,,,,,,,,,,,,,,,,,,,,,,,,,,,,,,,,,,,,,,,,,,
test_1038,data/raf-db/aligned/test_1038_aligned.jpg,1,surprise,test,,,,,,,,,,,,,,,,,,,,,,,,,,,,,,,,,,,,,,,,,,,,,,,,,,,,,
test_1039,data/raf-db/aligned/test_1039_aligned.jpg,3,disgust,test,,,,,,,,,,,,,,,,,,,,,,,,,,,,,,,,,,,,,,,,,,,,,,,,,,,,,
test_1040,data/raf-db/aligned/test_1040_aligned.jpg,6,angry,test,,,,,,,,,,,,,,,,,,,,,,,,,,,,,,,,,,,,,,,,,,,,,,,,,,,,,
test_1041,data/raf-db/aligned/test_1041_aligned.jpg,3,disgust,test,,,,,,,,,,,,,,,,,,,,,,,,,,,,,,,,,,,,,,,,,,,,,,,,,,,,,
test_1042,data/raf-db/aligned/test_1042_aligned.jpg,5,sad,test,,,,,,,,,,,,,,,,,,,,,,,,,,,,,,,,,,,,,,,,,,,,,,,,,,,,,
test_1043,data/raf-db/aligned/test_1043_aligned.jpg,5,sad,test,,,,,,,,,,,,,,,,,,,,,,,,,,,,,,,,,,,,,,,,,,,,,,,,,,,,,
test_1044,data/raf-db/aligned/test_1044_aligned.jpg,4,happy,test,,,,,,,,,,,,,,,,,,,,,,,,,,,,,,,,,,,,,,,,,,,,,,,,,,,,,
test_1045,data/raf-db/aligned/test_1045_aligned.jpg,4,happy,test,,,,,,,,,,,,,,,,,,,,,,,,,,,,,,,,,,,,,,,,,,,,,,,,,,,,,
test_1046,data/raf-db/aligned/test_1046_aligned.jpg,4,happy,test,,,,,,,,,,,,,,,,,,,,,,,,,,,,,,,,,,,,,,,,,,,,,,,,,,,,,
test_1047,data/raf-db/aligned/test_1047_aligned.jpg,4,happy,test,,,,,,,,,,,,,,,,,,,,,,,,,,,,,,,,,,,,,,,,,,,,,,,,,,,,,
test_1048,data/raf-db/aligned/test_1048_aligned.jpg,3,disgust,test,,,,,,,,,,,,,,,,,,,,,,,,,,,,,,,,,,,,,,,,,,,,,,,,,,,,,
test_1049,data/raf-db/aligned/test_1049_aligned.jpg,5,sad,test,,,,,,,,,,,,,,,,,,,,,,,,,,,,,,,,,,,,,,,,,,,,,,,,,,,,,
test_1050,data/raf-db/aligned/test_1050_aligned.jpg,6,angry,test,,,,,,,,,,,,,,,,,,,,,,,,,,,,,,,,,,,,,,,,,,,,,,,,,,,,,
test_1051,data/raf-db/aligned/test_1051_aligned.jpg,5,sad,test,,,,,,,,,,,,,,,,,,,,,,,,,,,,,,,,,,,,,,,,,,,,,,,,,,,,,
test_1052,data/raf-db/aligned/test_1052_aligned.jpg,5,sad,test,,,,,,,,,,,,,,,,,,,,,,,,,,,,,,,,,,,,,,,,,,,,,,,,,,,,,
test_1053,data/raf-db/aligned/test_1053_aligned.jpg,4,happy,test,,,,,,,,,,,,,,,,,,,,,,,,,,,,,,,,,,,,,,,,,,,,,,,,,,,,,
test_1054,data/raf-db/aligned/test_1054_aligned.jpg,5,sad,test,,,,,,,,,,,,,,,,,,,,,,,,,,,,,,,,,,,,,,,,,,,,,,,,,,,,,
test_1055,data/raf-db/aligned/test_1055_aligned.jpg,1,surprise,test,,,,,,,,,,,,,,,,,,,,,,,,,,,,,,,,,,,,,,,,,,,,,,,,,,,,,
test_1056,data/raf-db/aligned/test_1056_aligned.jpg,4,happy,test,,,,,,,,,,,,,,,,,,,,,,,,,,,,,,,,,,,,,,,,,,,,,,,,,,,,,
test_1057,data/raf-db/aligned/test_1057_aligned.jpg,1,surprise,test,,,,,,,,,,,,,,,,,,,,,,,,,,,,,,,,,,,,,,,,,,,,,,,,,,,,,
test_1058,data/raf-db/aligned/test_1058_aligned.jpg,6,angry,test,,,,,,,,,,,,,,,,,,,,,,,,,,,,,,,,,,,,,,,,,,,,,,,,,,,,,
test_1059,data/raf-db/aligned/test_1059_aligned.jpg,6,angry,test,,,,,,,,,,,,,,,,,,,,,,,,,,,,,,,,,,,,,,,,,,,,,,,,,,,,,
test_1060,data/raf-db/aligned/test_1060_aligned.jpg,5,sad,test,,,,,,,,,,,,,,,,,,,,,,,,,,,,,,,,,,,,,,,,,,,,,,,,,,,,,
test_1061,data/raf-db/aligned/test_1061_aligned.jpg,6,angry,test,,,,,,,,,,,,,,,,,,,,,,,,,,,,,,,,,,,,,,,,,,,,,,,,,,,,,
test_1062,data/raf-db/aligned/test_1062_aligned.jpg,4,happy,test,,,,,,,,,,,,,,,,,,,,,,,,,,,,,,,,,,,,,,,,,,,,,,,,,,,,,
test_1063,data/raf-db/aligned/test_1063_aligned.jpg,4,happy,test,,,,,,,,,,,,,,,,,,,,,,,,,,,,,,,,,,,,,,,,,,,,,,,,,,,,,
test_1064,data/raf-db/aligned/test_1064_aligned.jpg,1,surprise,test,,,,,,,,,,,,,,,,,,,,,,,,,,,,,,,,,,,,,,,,,,,,,,,,,,,,,
test_1065,data/raf-db/aligned/test_1065_aligned.jpg,5,sad,test,,,,,,,,,,,,,,,,,,,,,,,,,,,,,,,,,,,,,,,,,,,,,,,,,,,,,
test_1066,data/raf-db/aligned/test_1066_aligned.jpg,5,sad,test,,,,,,,,,,,,,,,,,,,,,,,,,,,,,,,,,,,,,,,,,,,,,,,,,,,,,
test_1067,data/raf-db/aligned/test_1067_aligned.jpg,4,happy,test,,,,,,,,,,,,,,,,,,,,,,,,,,,,,,,,,,,,,,,,,,,,,,,,,,,,,
test_1068,data/raf-db/aligned/test_1068_aligned.jpg,4,happy,test,,,,,,,,,,,,,,,,,,,,,,,,,,,,,,,,,,,,,,,,,,,,,,,,,,,,,
test_1069,data/raf-db/aligned/test_1069_aligned.jpg,4,happy,test,,,,,,,,,,,,,,,,,,,,,,,,,,,,,,,,,,,,,,,,,,,,,,,,,,,,,
test_1070,data/raf-db/aligned/test_1070_aligned.jpg,4,happy,test,,,,,,,,,,,,,,,,,,,,,,,,,,,,,,,,,,,,,,,,,,,,,,,,,,,,,
test_1071,data/raf-db/aligned/test_1071_aligned.jpg,1,surprise,test,,,,,,,,,,,,,,,,,,,,,,,,,,,,,,,,,,,,,,,,,,,,,,,,,,,,,
test_1072,data/raf-db/aligned/test_1072_aligned.jpg,1,surprise,test,,,,,,,,,,,,,,,,,,,,,,,,,,,,,,,,,,,,,,,,,,,,,,,,,,,,,
test_1073,data/raf-db/aligned/test_1073_aligned.jpg,4,happy,test,,,,,,,,,,,,,,,,,,,,,,,,,,,,,,,,,,,,,,,,,,,,,,,,,,,,,
test_1074,data/raf-db/aligned/test_1074_aligned.jpg,5,sad,test,,,,,,,,,,,,,,,,,,,,,,,,,,,,,,,,,,,,,,,,,,,,,,,,,,,,,
test_1075,data/raf-db/aligned/test_1075_aligned.jpg,4,happy,test,,,,,,,,,,,,,,,,,,,,,,,,,,,,,,,,,,,,,,,,,,,,,,,,,,,,,
test_1076,data/raf-db/aligned/test_1076_aligned.jpg,5,sad,test,,,,,,,,,,,,,,,,,,,,,,,,,,,,,,,,,,,,,,,,,,,,,,,,,,,,,
test_1077,data/raf-db/aligned/test_1077_aligned.jpg,1,surprise,test,,,,,,,,,,,,,,,,,,,,,,,,,,,,,,,,,,,,,,,,,,,,,,,,,,,,,
test_1078,data/raf-db/aligned/test_1078_aligned.jpg,5,sad,test,,,,,,,,,,,,,,,,,,,,,,,,,,,,,,,,,,,,,,,,,,,,,,,,,,,,,
test_1079,data/raf-db/aligned/test_1079_aligned.jpg,5,sad,test,,,,,,,,,,,,,,,,,,,,,,,,,,,,,,,,,,,,,,,,,,,,,,,,,,,,,
test_1080,data/raf-db/aligned/test_1080_aligned.jpg,1,surprise,test,,,,,,,,,,,,,,,,,,,,,,,,,,,,,,,,,,,,,,,,,,,,,,,,,,,,,
test_1081,data/raf-db/aligned/test_1081_aligned.jpg,5,sad,test,,,,,,,,,,,,,,,,,,,,,,,,,,,,,,,,,,,,,,,,,,,,,,,,,,,,,
test_1082,data/raf-db/aligned/test_1082_aligned.jpg,5,sad,test,,,,,,,,,,,,,,,,,,,,,,,,,,,,,,,,,,,,,,,,,,,,,,,,,,,,,
test_1083,data/raf-db/aligned/test_1083_aligned.jpg,5,sad,test,,,,,,,,,,,,,,,,,,,,,,,,,,,,,,,,,,,,,,,,,,,,,,,,,,,,,
test_1084,data/raf-db/aligned/test_1084_aligned.jpg,5,sad,test,,,,,,,,,,,,,,,,,,,,,,,,,,,,,,,,,,,,,,,,,,,,,,,,,,,,,
test_1085,data/raf-db/aligned/test_1085_aligned.jpg,5,sad,test,,,,,,,,,,,,,,,,,,,,,,,,,,,,,,,,,,,,,,,,,,,,,,,,,,,,,
test_1086,data/raf-db/aligned/test_1086_aligned.jpg,5,sad,test,,,,,,,,,,,,,,,,,,,,,,,,,,,,,,,,,,,,,,,,,,,,,,,,,,,,,
test_1087,data/raf-db/aligned/test_1087_aligned.jpg,5,sad,test,,,,,,,,,,,,,,,,,,,,,,,,,,,,,,,,,,,,,,,,,,,,,,,,,,,,,
test_1088,data/raf-db/aligned/test_1088_aligned.jpg,5,sad,test,,,,,,,,,,,,,,,,,,,,,,,,,,,,,,,,,,,,,,,,,,,,,,,,,,,,,
test_1089,data/raf-db/aligned/test_1089_aligned.jpg,4,happy,test,,,,,,,,,,,,,,,,,,,,,,,,,,,,,,,,,,,,,,,,,,,,,,,,,,,,,
test_1090,data/raf-db/aligned/test_1090_aligned.jpg,5,sad,test,,,,,,,,,,,,,,,,,,,,,,,,,,,,,,,,,,,,,,,,,,,,,,,,,,,,,
test_1091,data/raf-db/aligned/test_1091_aligned.jpg,5,sad,test,,,,,,,,,,,,,,,,,,,,,,,,,,,,,,,,,,,,,,,,,,,,,,,,,,,,,
test_1092,data/raf-db/aligned/test_1092_aligned.jpg,3,disgust,test,,,,,,,,,,,,,,,,,,,,,,,,,,,,,,,,,,,,,,,,,,,,,,,,,,,,,
test_1093,data/raf-db/aligned/test_1093_aligned.jpg,4,happy,test,,,,,,,,,,,,,,,,,,,,,,,,,,,,,,,,,,,,,,,,,,,,,,,,,,,,,
test_1094,data/raf-db/aligned/test_1094_aligned.jpg,5,sad,test,,,,,,,,,,,,,,,,,,,,,,,,,,,,,,,,,,,,,,,,,,,,,,,,,,,,,
test_1095,data/raf-db/aligned/test_1095_aligned.jpg,5,sad,test,,,,,,,,,,,,,,,,,,,,,,,,,,,,,,,,,,,,,,,,,,,,,,,,,,,,,
test_1096,data/raf-db/aligned/test_1096_aligned.jpg,4,happy,test,,,,,,,,,,,,,,,,,,,,,,,,,,,,,,,,,,,,,,,,,,,,,,,,,,,,,
test_1097,data/raf-db/aligned/test_1097_aligned.jpg,4,happy,test,,,,,,,,,,,,,,,,,,,,,,,,,,,,,,,,,,,,,,,,,,,,,,,,,,,,,
test_1098,data/raf-db/aligned/test_1098_aligned.jpg,5,sad,test,,,,,,,,,,,,,,,,,,,,,,,,,,,,,,,,,,,,,,,,,,,,,,,,,,,,,
test_1099,data/raf-db/aligned/test_1099_aligned.jpg,3,disgust,test,,,,,,,,,,,,,,,,,,,,,,,,,,,,,,,,,,,,,,,,,,,,,,,,,,,,,
test_1100,data/raf-db/aligned/test_1100_aligned.jpg,4,happy,test,,,,,,,,,,,,,,,,,,,,,,,,,,,,,,,,,,,,,,,,,,,,,,,,,,,,,
test_1101,data/raf-db/aligned/test_1101_aligned.jpg,4,happy,test,,,,,,,,,,,,,,,,,,,,,,,,,,,,,,,,,,,,,,,,,,,,,,,,,,,,,
test_1102,data/raf-db/aligned/test_1102_aligned.jpg,4,happy,test,,,,,,,,,,,,,,,,,,,,,,,,,,,,,,,,,,,,,,,,,,,,,,,,,,,,,
test_1103,data/raf-db/aligned/test_1103_aligned.jpg,1,surprise,test,,,,,,,,,,,,,,,,,,,,,,,,,,,,,,,,,,,,,,,,,,,,,,,,,,,,,
test_1104,data/raf-db/aligned/test_1104_aligned.jpg,5,sad,test,,,,,,,,,,,,,,,,,,,,,,,,,,,,,,,,,,,,,,,,,,,,,,,,,,,,,
test_1105,data/raf-db/aligned/test_1105_aligned.jpg,1,surprise,test,,,,,,,,,,,,,,,,,,,,,,,,,,,,,,,,,,,,,,,,,,,,,,,,,,,,,
test_1106,data/raf-db/aligned/test_1106_aligned.jpg,1,surprise,test,,,,,,,,,,,,,,,,,,,,,,,,,,,,,,,,,,,,,,,,,,,,,,,,,,,,,
test_1107,data/raf-db/aligned/test_1107_aligned.jpg,4,happy,test,,,,,,,,,,,,,,,,,,,,,,,,,,,,,,,,,,,,,,,,,,,,,,,,,,,,,
test_1108,data/raf-db/aligned/test_1108_aligned.jpg,1,surprise,test,,,,,,,,,,,,,,,,,,,,,,,,,,,,,,,,,,,,,,,,,,,,,,,,,,,,,
test_1109,data/raf-db/aligned/test_1109_aligned.jpg,6,angry,test,,,,,,,,,,,,,,,,,,,,,,,,,,,,,,,,,,,,,,,,,,,,,,,,,,,,,
test_1110,data/raf-db/aligned/test_1110_aligned.jpg,3,disgust,test,,,,,,,,,,,,,,,,,,,,,,,,,,,,,,,,,,,,,,,,,,,,,,,,,,,,,
test_1111,data/raf-db/aligned/test_1111_aligned.jpg,4,happy,test,,,,,,,,,,,,,,,,,,,,,,,,,,,,,,,,,,,,,,,,,,,,,,,,,,,,,
test_1112,data/raf-db/aligned/test_1112_aligned.jpg,5,sad,test,,,,,,,,,,,,,,,,,,,,,,,,,,,,,,,,,,,,,,,,,,,,,,,,,,,,,
test_1113,data/raf-db/aligned/test_1113_aligned.jpg,4,happy,test,,,,,,,,,,,,,,,,,,,,,,,,,,,,,,,,,,,,,,,,,,,,,,,,,,,,,
test_1114,data/raf-db/aligned/test_1114_aligned.jpg,4,happy,test,,,,,,,,,,,,,,,,,,,,,,,,,,,,,,,,,,,,,,,,,,,,,,,,,,,,,
test_1115,data/raf-db/aligned/test_1115_aligned.jpg,6,angry,test,,,,,,,,,,,,,,,,,,,,,,,,,,,,,,,,,,,,,,,,,,,,,,,,,,,,,
test_1116,data/raf-db/aligned/test_1116_aligned.jpg,5,sad,test,,,,,,,,,,,,,,,,,,,,,,,,,,,,,,,,,,,,,,,,,,,,,,,,,,,,,
test_1117,data/raf-db/aligned/test_1117_aligned.jpg,4,happy,test,,,,,,,,,,,,,,,,,,,,,,,,,,,,,,,,,,,,,,,,,,,,,,,,,,,,,
test_1118,data/raf-db/aligned/test_1118_aligned.jpg,5,sad,test,,,,,,,,,,,,,,,,,,,,,,,,,,,,,,,,,,,,,,,,,,,,,,,,,,,,,
test_1119,data/raf-db/aligned/test_1119_aligned.jpg,1,surprise,test,,,,,,,,,,,,,,,,,,,,,,,,,,,,,,,,,,,,,,,,,,,,,,,,,,,,,
test_1120,data/raf-db/aligned/test_1120_aligned.jpg,4,happy,test,,,,,,,,,,,,,,,,,,,,,,,,,,,,,,,,,,,,,,,,,,,,,,,,,,,,,
test_1121,data/raf-db/aligned/test_1121_aligned.jpg,5,sad,test,,,,,,,,,,,,,,,,,,,,,,,,,,,,,,,,,,,,,,,,,,,,,,,,,,,,,
test_1122,data/raf-db/aligned/test_1122_aligned.jpg,4,happy,test,,,,,,,,,,,,,,,,,,,,,,,,,,,,,,,,,,,,,,,,,,,,,,,,,,,,,
test_1123,data/raf-db/aligned/test_1123_aligned.jpg,4,happy,test,,,,,,,,,,,,,,,,,,,,,,,,,,,,,,,,,,,,,,,,,,,,,,,,,,,,,
test_1124,data/raf-db/aligned/test_1124_aligned.jpg,5,sad,test,,,,,,,,,,,,,,,,,,,,,,,,,,,,,,,,,,,,,,,,,,,,,,,,,,,,,
test_1125,data/raf-db/aligned/test_1125_aligned.jpg,4,happy,test,,,,,,,,,,,,,,,,,,,,,,,,,,,,,,,,,,,,,,,,,,,,,,,,,,,,,
test_1126,data/raf-db/aligned/test_1126_aligned.jpg,4,happy,test,,,,,,,,,,,,,,,,,,,,,,,,,,,,,,,,,,,,,,,,,,,,,,,,,,,,,
test_1127,data/raf-db/aligned/test_1127_aligned.jpg,6,angry,test,,,,,,,,,,,,,,,,,,,,,,,,,,,,,,,,,,,,,,,,,,,,,,,,,,,,,
test_1128,data/raf-db/aligned/test_1128_aligned.jpg,4,happy,test,,,,,,,,,,,,,,,,,,,,,,,,,,,,,,,,,,,,,,,,,,,,,,,,,,,,,
test_1129,data/raf-db/aligned/test_1129_aligned.jpg,1,surprise,test,,,,,,,,,,,,,,,,,,,,,,,,,,,,,,,,,,,,,,,,,,,,,,,,,,,,,
test_1130,data/raf-db/aligned/test_1130_aligned.jpg,4,happy,test,,,,,,,,,,,,,,,,,,,,,,,,,,,,,,,,,,,,,,,,,,,,,,,,,,,,,
test_1131,data/raf-db/aligned/test_1131_aligned.jpg,5,sad,test,,,,,,,,,,,,,,,,,,,,,,,,,,,,,,,,,,,,,,,,,,,,,,,,,,,,,
test_1132,data/raf-db/aligned/test_1132_aligned.jpg,6,angry,test,,,,,,,,,,,,,,,,,,,,,,,,,,,,,,,,,,,,,,,,,,,,,,,,,,,,,
test_1133,data/raf-db/aligned/test_1133_aligned.jpg,5,sad,test,,,,,,,,,,,,,,,,,,,,,,,,,,,,,,,,,,,,,,,,,,,,,,,,,,,,,
test_1134,data/raf-db/aligned/test_1134_aligned.jpg,1,surprise,test,,,,,,,,,,,,,,,,,,,,,,,,,,,,,,,,,,,,,,,,,,,,,,,,,,,,,
test_1135,data/raf-db/aligned/test_1135_aligned.jpg,4,happy,test,,,,,,,,,,,,,,,,,,,,,,,,,,,,,,,,,,,,,,,,,,,,,,,,,,,,,
test_1136,data/raf-db/aligned/test_1136_aligned.jpg,1,surprise,test,,,,,,,,,,,,,,,,,,,,,,,,,,,,,,,,,,,,,,,,,,,,,,,,,,,,,
test_1137,data/raf-db/aligned/test_1137_aligned.jpg,5,sad,test,,,,,,,,,,,,,,,,,,,,,,,,,,,,,,,,,,,,,,,,,,,,,,,,,,,,,
test_1138,data/raf-db/aligned/test_1138_aligned.jpg,1,surprise,test,,,,,,,,,,,,,,,,,,,,,,,,,,,,,,,,,,,,,,,,,,,,,,,,,,,,,
test_1139,data/raf-db/aligned/test_1139_aligned.jpg,5,sad,test,,,,,,,,,,,,,,,,,,,,,,,,,,,,,,,,,,,,,,,,,,,,,,,,,,,,,
test_1140,data/raf-db/aligned/test_1140_aligned.jpg,4,happy,test,,,,,,,,,,,,,,,,,,,,,,,,,,,,,,,,,,,,,,,,,,,,,,,,,,,,,
test_1141,data/raf-db/aligned/test_1141_aligned.jpg,5,sad,test,,,,,,,,,,,,,,,,,,,,,,,,,,,,,,,,,,,,,,,,,,,,,,,,,,,,,
test_1142,data/raf-db/aligned/test_1142_aligned.jpg,5,sad,test,,,,,,,,,,,,,,,,,,,,,,,,,,,,,,,,,,,,,,,,,,,,,,,,,,,,,
test_1143,data/raf-db/aligned/test_1143_aligned.jpg,4,happy,test,,,,,,,,,,,,,,,,,,,,,,,,,,,,,,,,,,,,,,,,,,,,,,,,,,,,,
test_1144,data/raf-db/aligned/test_1144_aligned.jpg,4,happy,test,,,,,,,,,,,,,,,,,,,,,,,,,,,,,,,,,,,,,,,,,,,,,,,,,,,,,
test_1145,data/raf-db/aligned/test_1145_aligned.jpg,1,surprise,test,,,,,,,,,,,,,,,,,,,,,,,,,,,,,,,,,,,,,,,,,,,,,,,,,,,,,
test_1146,data/raf-db/aligned/test_1146_aligned.jpg,1,surprise,test,,,,,,,,,,,,,,,,,,,,,,,,,,,,,,,,,,,,,,,,,,,,,,,,,,,,,
test_1147,data/raf-db/aligned/test_1147_aligned.jpg,4,happy,test,,,,,,,,,,,,,,,,,,,,,,,,,,,,,,,,,,,,,,,,,,,,,,,,,,,,,
test_1148,data/raf-db/aligned/test_1148_aligned.jpg,5,sad,test,,,,,,,,,,,,,,,,,,,,,,,,,,,,,,,,,,,,,,,,,,,,,,,,,,,,,
test_1149,data/raf-db/aligned/test_1149_aligned.jpg,5,sad,test,,,,,,,,,,,,,,,,,,,,,,,,,,,,,,,,,,,,,,,,,,,,,,,,,,,,,
test_1150,data/raf-db/aligned/test_1150_aligned.jpg,1,surprise,test,,,,,,,,,,,,,,,,,,,,,,,,,,,,,,,,,,,,,,,,,,,,,,,,,,,,,
test_1151,data/raf-db/aligned/test_1151_aligned.jpg,4,happy,test,,,,,,,,,,,,,,,,,,,,,,,,,,,,,,,,,,,,,,,,,,,,,,,,,,,,,
test_1152,data/raf-db/aligned/test_1152_aligned.jpg,4,happy,test,,,,,,,,,,,,,,,,,,,,,,,,,,,,,,,,,,,,,,,,,,,,,,,,,,,,,
test_1153,data/raf-db/aligned/test_1153_aligned.jpg,4,happy,test,,,,,,,,,,,,,,,,,,,,,,,,,,,,,,,,,,,,,,,,,,,,,,,,,,,,,
test_1154,data/raf-db/aligned/test_1154_aligned.jpg,5,sad,test,,,,,,,,,,,,,,,,,,,,,,,,,,,,,,,,,,,,,,,,,,,,,,,,,,,,,
test_1155,data/raf-db/aligned/test_1155_aligned.jpg,4,happy,test,,,,,,,,,,,,,,,,,,,,,,,,,,,,,,,,,,,,,,,,,,,,,,,,,,,,,
test_1156,data/raf-db/aligned/test_1156_aligned.jpg,5,sad,test,,,,,,,,,,,,,,,,,,,,,,,,,,,,,,,,,,,,,,,,,,,,,,,,,,,,,
test_1157,data/raf-db/aligned/test_1157_aligned.jpg,1,surprise,test,,,,,,,,,,,,,,,,,,,,,,,,,,,,,,,,,,,,,,,,,,,,,,,,,,,,,
test_1158,data/raf-db/aligned/test_1158_aligned.jpg,5,sad,test,,,,,,,,,,,,,,,,,,,,,,,,,,,,,,,,,,,,,,,,,,,,,,,,,,,,,
test_1159,data/raf-db/aligned/test_1159_aligned.jpg,4,happy,test,,,,,,,,,,,,,,,,,,,,,,,,,,,,,,,,,,,,,,,,,,,,,,,,,,,,,
test_1160,data/raf-db/aligned/test_1160_aligned.jpg,5,sad,test,,,,,,,,,,,,,,,,,,,,,,,,,,,,,,,,,,,,,,,,,,,,,,,,,,,,,
test_1161,data/raf-db/aligned/test_1161_aligned.jpg,5,sad,test,,,,,,,,,,,,,,,,,,,,,,,,,,,,,,,,,,,,,,,,,,,,,,,,,,,,,
test_1162,data/raf-db/aligned/test_1162_aligned.jpg,5,sad,test,,,,,,,,,,,,,,,,,,,,,,,,,,,,,,,,,,,,,,,,,,,,,,,,,,,,,
test_1163,data/raf-db/aligned/test_1163_aligned.jpg,4,happy,test,,,,,,,,,,,,,,,,,,,,,,,,,,,,,,,,,,,,,,,,,,,,,,,,,,,,,
test_1164,data/raf-db/aligned/test_1164_aligned.jpg,4,happy,test,,,,,,,,,,,,,,,,,,,,,,,,,,,,,,,,,,,,,,,,,,,,,,,,,,,,,
test_1165,data/raf-db/aligned/test_1165_aligned.jpg,1,surprise,test,,,,,,,,,,,,,,,,,,,,,,,,,,,,,,,,,,,,,,,,,,,,,,,,,,,,,
test_1166,data/raf-db/aligned/test_1166_aligned.jpg,1,surprise,test,,,,,,,,,,,,,,,,,,,,,,,,,,,,,,,,,,,,,,,,,,,,,,,,,,,,,
test_1167,data/raf-db/aligned/test_1167_aligned.jpg,4,happy,test,,,,,,,,,,,,,,,,,,,,,,,,,,,,,,,,,,,,,,,,,,,,,,,,,,,,,
test_1168,data/raf-db/aligned/test_1168_aligned.jpg,3,disgust,test,,,,,,,,,,,,,,,,,,,,,,,,,,,,,,,,,,,,,,,,,,,,,,,,,,,,,
test_1169,data/raf-db/aligned/test_1169_aligned.jpg,4,happy,test,,,,,,,,,,,,,,,,,,,,,,,,,,,,,,,,,,,,,,,,,,,,,,,,,,,,,
test_1170,data/raf-db/aligned/test_1170_aligned.jpg,4,happy,test,,,,,,,,,,,,,,,,,,,,,,,,,,,,,,,,,,,,,,,,,,,,,,,,,,,,,
test_1171,data/raf-db/aligned/test_1171_aligned.jpg,4,happy,test,,,,,,,,,,,,,,,,,,,,,,,,,,,,,,,,,,,,,,,,,,,,,,,,,,,,,
test_1172,data/raf-db/aligned/test_1172_aligned.jpg,4,happy,test,,,,,,,,,,,,,,,,,,,,,,,,,,,,,,,,,,,,,,,,,,,,,,,,,,,,,
test_1173,data/raf-db/aligned/test_1173_aligned.jpg,1,surprise,test,,,,,,,,,,,,,,,,,,,,,,,,,,,,,,,,,,,,,,,,,,,,,,,,,,,,,
test_1174,data/raf-db/aligned/test_1174_aligned.jpg,5,sad,test,,,,,,,,,,,,,,,,,,,,,,,,,,,,,,,,,,,,,,,,,,,,,,,,,,,,,
test_1175,data/raf-db/aligned/test_1175_aligned.jpg,4,happy,test,,,,,,,,,,,,,,,,,,,,,,,,,,,,,,,,,,,,,,,,,,,,,,,,,,,,,
test_1176,data/raf-db/aligned/test_1176_aligned.jpg,4,happy,test,,,,,,,,,,,,,,,,,,,,,,,,,,,,,,,,,,,,,,,,,,,,,,,,,,,,,
test_1177,data/raf-db/aligned/test_1177_aligned.jpg,4,happy,test,,,,,,,,,,,,,,,,,,,,,,,,,,,,,,,,,,,,,,,,,,,,,,,,,,,,,
test_1178,data/raf-db/aligned/test_1178_aligned.jpg,6,angry,test,,,,,,,,,,,,,,,,,,,,,,,,,,,,,,,,,,,,,,,,,,,,,,,,,,,,,
test_1179,data/raf-db/aligned/test_1179_aligned.jpg,4,happy,test,,,,,,,,,,,,,,,,,,,,,,,,,,,,,,,,,,,,,,,,,,,,,,,,,,,,,
test_1180,data/raf-db/aligned/test_1180_aligned.jpg,4,happy,test,,,,,,,,,,,,,,,,,,,,,,,,,,,,,,,,,,,,,,,,,,,,,,,,,,,,,
test_1181,data/raf-db/aligned/test_1181_aligned.jpg,4,happy,test,,,,,,,,,,,,,,,,,,,,,,,,,,,,,,,,,,,,,,,,,,,,,,,,,,,,,
test_1182,data/raf-db/aligned/test_1182_aligned.jpg,4,happy,test,,,,,,,,,,,,,,,,,,,,,,,,,,,,,,,,,,,,,,,,,,,,,,,,,,,,,
test_1183,data/raf-db/aligned/test_1183_aligned.jpg,5,sad,test,,,,,,,,,,,,,,,,,,,,,,,,,,,,,,,,,,,,,,,,,,,,,,,,,,,,,
test_1184,data/raf-db/aligned/test_1184_aligned.jpg,4,happy,test,,,,,,,,,,,,,,,,,,,,,,,,,,,,,,,,,,,,,,,,,,,,,,,,,,,,,
test_1185,data/raf-db/aligned/test_1185_aligned.jpg,5,sad,test,,,,,,,,,,,,,,,,,,,,,,,,,,,,,,,,,,,,,,,,,,,,,,,,,,,,,
test_1186,data/raf-db/aligned/test_1186_aligned.jpg,5,sad,test,,,,,,,,,,,,,,,,,,,,,,,,,,,,,,,,,,,,,,,,,,,,,,,,,,,,,
test_1187,data/raf-db/aligned/test_1187_aligned.jpg,5,sad,test,,,,,,,,,,,,,,,,,,,,,,,,,,,,,,,,,,,,,,,,,,,,,,,,,,,,,
test_1188,data/raf-db/aligned/test_1188_aligned.jpg,1,surprise,test,,,,,,,,,,,,,,,,,,,,,,,,,,,,,,,,,,,,,,,,,,,,,,,,,,,,,
test_1189,data/raf-db/aligned/test_1189_aligned.jpg,4,happy,test,,,,,,,,,,,,,,,,,,,,,,,,,,,,,,,,,,,,,,,,,,,,,,,,,,,,,
test_1190,data/raf-db/aligned/test_1190_aligned.jpg,6,angry,test,,,,,,,,,,,,,,,,,,,,,,,,,,,,,,,,,,,,,,,,,,,,,,,,,,,,,
test_1191,data/raf-db/aligned/test_1191_aligned.jpg,4,happy,test,,,,,,,,,,,,,,,,,,,,,,,,,,,,,,,,,,,,,,,,,,,,,,,,,,,,,
test_1192,data/raf-db/aligned/test_1192_aligned.jpg,6,angry,test,,,,,,,,,,,,,,,,,,,,,,,,,,,,,,,,,,,,,,,,,,,,,,,,,,,,,
test_1193,data/raf-db/aligned/test_1193_aligned.jpg,4,happy,test,,,,,,,,,,,,,,,,,,,,,,,,,,,,,,,,,,,,,,,,,,,,,,,,,,,,,
test_1194,data/raf-db/aligned/test_1194_aligned.jpg,1,surprise,test,,,,,,,,,,,,,,,,,,,,,,,,,,,,,,,,,,,,,,,,,,,,,,,,,,,,,
test_1195,data/raf-db/aligned/test_1195_aligned.jpg,5,sad,test,,,,,,,,,,,,,,,,,,,,,,,,,,,,,,,,,,,,,,,,,,,,,,,,,,,,,
test_1196,data/raf-db/aligned/test_1196_aligned.jpg,4,happy,test,,,,,,,,,,,,,,,,,,,,,,,,,,,,,,,,,,,,,,,,,,,,,,,,,,,,,
test_1197,data/raf-db/aligned/test_1197_aligned.jpg,4,happy,test,,,,,,,,,,,,,,,,,,,,,,,,,,,,,,,,,,,,,,,,,,,,,,,,,,,,,
test_1198,data/raf-db/aligned/test_1198_aligned.jpg,5,sad,test,,,,,,,,,,,,,,,,,,,,,,,,,,,,,,,,,,,,,,,,,,,,,,,,,,,,,
test_1199,data/raf-db/aligned/test_1199_aligned.jpg,5,sad,test,,,,,,,,,,,,,,,,,,,,,,,,,,,,,,,,,,,,,,,,,,,,,,,,,,,,,
test_1200,data/raf-db/aligned/test_1200_aligned.jpg,6,angry,test,,,,,,,,,,,,,,,,,,,,,,,,,,,,,,,,,,,,,,,,,,,,,,,,,,,,,
test_1201,data/raf-db/aligned/test_1201_aligned.jpg,4,happy,test,,,,,,,,,,,,,,,,,,,,,,,,,,,,,,,,,,,,,,,,,,,,,,,,,,,,,
test_1202,data/raf-db/aligned/test_1202_aligned.jpg,4,happy,test,,,,,,,,,,,,,,,,,,,,,,,,,,,,,,,,,,,,,,,,,,,,,,,,,,,,,
test_1203,data/raf-db/aligned/test_1203_aligned.jpg,1,surprise,test,,,,,,,,,,,,,,,,,,,,,,,,,,,,,,,,,,,,,,,,,,,,,,,,,,,,,
test_1204,data/raf-db/aligned/test_1204_aligned.jpg,1,surprise,test,,,,,,,,,,,,,,,,,,,,,,,,,,,,,,,,,,,,,,,,,,,,,,,,,,,,,
test_1205,data/raf-db/aligned/test_1205_aligned.jpg,4,happy,test,,,,,,,,,,,,,,,,,,,,,,,,,,,,,,,,,,,,,,,,,,,,,,,,,,,,,
test_1206,data/raf-db/aligned/test_1206_aligned.jpg,4,happy,test,,,,,,,,,,,,,,,,,,,,,,,,,,,,,,,,,,,,,,,,,,,,,,,,,,,,,
test_1207,data/raf-db/aligned/test_1207_aligned.jpg,1,surprise,test,,,,,,,,,,,,,,,,,,,,,,,,,,,,,,,,,,,,,,,,,,,,,,,,,,,,,
test_1208,data/raf-db/aligned/test_1208_aligned.jpg,4,happy,test,,,,,,,,,,,,,,,,,,,,,,,,,,,,,,,,,,,,,,,,,,,,,,,,,,,,,
test_1209,data/raf-db/aligned/test_1209_aligned.jpg,4,happy,test,,,,,,,,,,,,,,,,,,,,,,,,,,,,,,,,,,,,,,,,,,,,,,,,,,,,,
test_1210,data/raf-db/aligned/test_1210_aligned.jpg,1,surprise,test,,,,,,,,,,,,,,,,,,,,,,,,,,,,,,,,,,,,,,,,,,,,,,,,,,,,,
test_1211,data/raf-db/aligned/test_1211_aligned.jpg,1,surprise,test,,,,,,,,,,,,,,,,,,,,,,,,,,,,,,,,,,,,,,,,,,,,,,,,,,,,,
test_1212,data/raf-db/aligned/test_1212_aligned.jpg,5,sad,test,,,,,,,,,,,,,,,,,,,,,,,,,,,,,,,,,,,,,,,,,,,,,,,,,,,,,
test_1213,data/raf-db/aligned/test_1213_aligned.jpg,4,happy,test,,,,,,,,,,,,,,,,,,,,,,,,,,,,,,,,,,,,,,,,,,,,,,,,,,,,,
test_1214,data/raf-db/aligned/test_1214_aligned.jpg,4,happy,test,,,,,,,,,,,,,,,,,,,,,,,,,,,,,,,,,,,,,,,,,,,,,,,,,,,,,
test_1215,data/raf-db/aligned/test_1215_aligned.jpg,4,happy,test,,,,,,,,,,,,,,,,,,,,,,,,,,,,,,,,,,,,,,,,,,,,,,,,,,,,,
test_1216,data/raf-db/aligned/test_1216_aligned.jpg,4,happy,test,,,,,,,,,,,,,,,,,,,,,,,,,,,,,,,,,,,,,,,,,,,,,,,,,,,,,
test_1217,data/raf-db/aligned/test_1217_aligned.jpg,6,angry,test,,,,,,,,,,,,,,,,,,,,,,,,,,,,,,,,,,,,,,,,,,,,,,,,,,,,,
test_1218,data/raf-db/aligned/test_1218_aligned.jpg,4,happy,test,,,,,,,,,,,,,,,,,,,,,,,,,,,,,,,,,,,,,,,,,,,,,,,,,,,,,
test_1219,data/raf-db/aligned/test_1219_aligned.jpg,4,happy,test,,,,,,,,,,,,,,,,,,,,,,,,,,,,,,,,,,,,,,,,,,,,,,,,,,,,,
test_1220,data/raf-db/aligned/test_1220_aligned.jpg,4,happy,test,,,,,,,,,,,,,,,,,,,,,,,,,,,,,,,,,,,,,,,,,,,,,,,,,,,,,
test_1221,data/raf-db/aligned/test_1221_aligned.jpg,5,sad,test,,,,,,,,,,,,,,,,,,,,,,,,,,,,,,,,,,,,,,,,,,,,,,,,,,,,,
test_1222,data/raf-db/aligned/test_1222_aligned.jpg,4,happy,test,,,,,,,,,,,,,,,,,,,,,,,,,,,,,,,,,,,,,,,,,,,,,,,,,,,,,
test_1223,data/raf-db/aligned/test_1223_aligned.jpg,5,sad,test,,,,,,,,,,,,,,,,,,,,,,,,,,,,,,,,,,,,,,,,,,,,,,,,,,,,,
test_1224,data/raf-db/aligned/test_1224_aligned.jpg,5,sad,test,,,,,,,,,,,,,,,,,,,,,,,,,,,,,,,,,,,,,,,,,,,,,,,,,,,,,
test_1225,data/raf-db/aligned/test_1225_aligned.jpg,4,happy,test,,,,,,,,,,,,,,,,,,,,,,,,,,,,,,,,,,,,,,,,,,,,,,,,,,,,,
test_1226,data/raf-db/aligned/test_1226_aligned.jpg,4,happy,test,,,,,,,,,,,,,,,,,,,,,,,,,,,,,,,,,,,,,,,,,,,,,,,,,,,,,
test_1227,data/raf-db/aligned/test_1227_aligned.jpg,1,surprise,test,,,,,,,,,,,,,,,,,,,,,,,,,,,,,,,,,,,,,,,,,,,,,,,,,,,,,
test_1228,data/raf-db/aligned/test_1228_aligned.jpg,5,sad,test,,,,,,,,,,,,,,,,,,,,,,,,,,,,,,,,,,,,,,,,,,,,,,,,,,,,,
test_1229,data/raf-db/aligned/test_1229_aligned.jpg,4,happy,test,,,,,,,,,,,,,,,,,,,,,,,,,,,,,,,,,,,,,,,,,,,,,,,,,,,,,
test_1230,data/raf-db/aligned/test_1230_aligned.jpg,4,happy,test,,,,,,,,,,,,,,,,,,,,,,,,,,,,,,,,,,,,,,,,,,,,,,,,,,,,,
test_1231,data/raf-db/aligned/test_1231_aligned.jpg,4,happy,test,,,,,,,,,,,,,,,,,,,,,,,,,,,,,,,,,,,,,,,,,,,,,,,,,,,,,
test_1232,data/raf-db/aligned/test_1232_aligned.jpg,4,happy,test,,,,,,,,,,,,,,,,,,,,,,,,,,,,,,,,,,,,,,,,,,,,,,,,,,,,,
test_1233,data/raf-db/aligned/test_1233_aligned.jpg,5,sad,test,,,,,,,,,,,,,,,,,,,,,,,,,,,,,,,,,,,,,,,,,,,,,,,,,,,,,
test_1234,data/raf-db/aligned/test_1234_aligned.jpg,6,angry,test,,,,,,,,,,,,,,,,,,,,,,,,,,,,,,,,,,,,,,,,,,,,,,,,,,,,,
test_1235,data/raf-db/aligned/test_1235_aligned.jpg,4,happy,test,,,,,,,,,,,,,,,,,,,,,,,,,,,,,,,,,,,,,,,,,,,,,,,,,,,,,
test_1236,data/raf-db/aligned/test_1236_aligned.jpg,4,happy,test,,,,,,,,,,,,,,,,,,,,,,,,,,,,,,,,,,,,,,,,,,,,,,,,,,,,,
test_1237,data/raf-db/aligned/test_1237_aligned.jpg,3,disgust,test,,,,,,,,,,,,,,,,,,,,,,,,,,,,,,,,,,,,,,,,,,,,,,,,,,,,,
test_1238,data/raf-db/aligned/test_1238_aligned.jpg,3,disgust,test,,,,,,,,,,,,,,,,,,,,,,,,,,,,,,,,,,,,,,,,,,,,,,,,,,,,,
test_1239,data/raf-db/aligned/test_1239_aligned.jpg,4,happy,test,,,,,,,,,,,,,,,,,,,,,,,,,,,,,,,,,,,,,,,,,,,,,,,,,,,,,
test_1240,data/raf-db/aligned/test_1240_aligned.jpg,4,happy,test,,,,,,,,,,,,,,,,,,,,,,,,,,,,,,,,,,,,,,,,,,,,,,,,,,,,,
test_1241,data/raf-db/aligned/test_1241_aligned.jpg,5,sad,test,,,,,,,,,,,,,,,,,,,,,,,,,,,,,,,,,,,,,,,,,,,,,,,,,,,,,
test_1242,data/raf-db/aligned/test_1242_aligned.jpg,4,happy,test,,,,,,,,,,,,,,,,,,,,,,,,,,,,,,,,,,,,,,,,,,,,,,,,,,,,,
test_1243,data/raf-db/aligned/test_1243_aligned.jpg,4,happy,test,,,,,,,,,,,,,,,,,,,,,,,,,,,,,,,,,,,,,,,,,,,,,,,,,,,,,
test_1244,data/raf-db/aligned/test_1244_aligned.jpg,1,surprise,test,,,,,,,,,,,,,,,,,,,,,,,,,,,,,,,,,,,,,,,,,,,,,,,,,,,,,
test_1245,data/raf-db/aligned/test_1245_aligned.jpg,5,sad,test,,,,,,,,,,,,,,,,,,,,,,,,,,,,,,,,,,,,,,,,,,,,,,,,,,,,,
test_1246,data/raf-db/aligned/test_1246_aligned.jpg,5,sad,test,,,,,,,,,,,,,,,,,,,,,,,,,,,,,,,,,,,,,,,,,,,,,,,,,,,,,
test_1247,data/raf-db/aligned/test_1247_aligned.jpg,4,happy,test,,,,,,,,,,,,,,,,,,,,,,,,,,,,,,,,,,,,,,,,,,,,,,,,,,,,,
test_1248,data/raf-db/aligned/test_1248_aligned.jpg,5,sad,test,,,,,,,,,,,,,,,,,,,,,,,,,,,,,,,,,,,,,,,,,,,,,,,,,,,,,
test_1249,data/raf-db/aligned/test_1249_aligned.jpg,4,happy,test,,,,,,,,,,,,,,,,,,,,,,,,,,,,,,,,,,,,,,,,,,,,,,,,,,,,,
test_1250,data/raf-db/aligned/test_1250_aligned.jpg,1,surprise,test,,,,,,,,,,,,,,,,,,,,,,,,,,,,,,,,,,,,,,,,,,,,,,,,,,,,,
test_1251,data/raf-db/aligned/test_1251_aligned.jpg,1,surprise,test,,,,,,,,,,,,,,,,,,,,,,,,,,,,,,,,,,,,,,,,,,,,,,,,,,,,,
test_1252,data/raf-db/aligned/test_1252_aligned.jpg,4,happy,test,,,,,,,,,,,,,,,,,,,,,,,,,,,,,,,,,,,,,,,,,,,,,,,,,,,,,
test_1253,data/raf-db/aligned/test_1253_aligned.jpg,4,happy,test,,,,,,,,,,,,,,,,,,,,,,,,,,,,,,,,,,,,,,,,,,,,,,,,,,,,,
test_1254,data/raf-db/aligned/test_1254_aligned.jpg,1,surprise,test,,,,,,,,,,,,,,,,,,,,,,,,,,,,,,,,,,,,,,,,,,,,,,,,,,,,,
test_1255,data/raf-db/aligned/test_1255_aligned.jpg,4,happy,test,,,,,,,,,,,,,,,,,,,,,,,,,,,,,,,,,,,,,,,,,,,,,,,,,,,,,
test_1256,data/raf-db/aligned/test_1256_aligned.jpg,5,sad,test,,,,,,,,,,,,,,,,,,,,,,,,,,,,,,,,,,,,,,,,,,,,,,,,,,,,,
test_1257,data/raf-db/aligned/test_1257_aligned.jpg,4,happy,test,,,,,,,,,,,,,,,,,,,,,,,,,,,,,,,,,,,,,,,,,,,,,,,,,,,,,
test_1258,data/raf-db/aligned/test_1258_aligned.jpg,1,surprise,test,,,,,,,,,,,,,,,,,,,,,,,,,,,,,,,,,,,,,,,,,,,,,,,,,,,,,
test_1259,data/raf-db/aligned/test_1259_aligned.jpg,5,sad,test,,,,,,,,,,,,,,,,,,,,,,,,,,,,,,,,,,,,,,,,,,,,,,,,,,,,,
test_1260,data/raf-db/aligned/test_1260_aligned.jpg,4,happy,test,,,,,,,,,,,,,,,,,,,,,,,,,,,,,,,,,,,,,,,,,,,,,,,,,,,,,
test_1261,data/raf-db/aligned/test_1261_aligned.jpg,1,surprise,test,,,,,,,,,,,,,,,,,,,,,,,,,,,,,,,,,,,,,,,,,,,,,,,,,,,,,
test_1262,data/raf-db/aligned/test_1262_aligned.jpg,5,sad,test,,,,,,,,,,,,,,,,,,,,,,,,,,,,,,,,,,,,,,,,,,,,,,,,,,,,,
test_1263,data/raf-db/aligned/test_1263_aligned.jpg,6,angry,test,,,,,,,,,,,,,,,,,,,,,,,,,,,,,,,,,,,,,,,,,,,,,,,,,,,,,
test_1264,data/raf-db/aligned/test_1264_aligned.jpg,4,happy,test,,,,,,,,,,,,,,,,,,,,,,,,,,,,,,,,,,,,,,,,,,,,,,,,,,,,,
test_1265,data/raf-db/aligned/test_1265_aligned.jpg,4,happy,test,,,,,,,,,,,,,,,,,,,,,,,,,,,,,,,,,,,,,,,,,,,,,,,,,,,,,
test_1266,data/raf-db/aligned/test_1266_aligned.jpg,1,surprise,test,,,,,,,,,,,,,,,,,,,,,,,,,,,,,,,,,,,,,,,,,,,,,,,,,,,,,
test_1267,data/raf-db/aligned/test_1267_aligned.jpg,1,surprise,test,,,,,,,,,,,,,,,,,,,,,,,,,,,,,,,,,,,,,,,,,,,,,,,,,,,,,
test_1268,data/raf-db/aligned/test_1268_aligned.jpg,5,sad,test,,,,,,,,,,,,,,,,,,,,,,,,,,,,,,,,,,,,,,,,,,,,,,,,,,,,,
test_1269,data/raf-db/aligned/test_1269_aligned.jpg,4,happy,test,,,,,,,,,,,,,,,,,,,,,,,,,,,,,,,,,,,,,,,,,,,,,,,,,,,,,
test_1270,data/raf-db/aligned/test_1270_aligned.jpg,3,disgust,test,,,,,,,,,,,,,,,,,,,,,,,,,,,,,,,,,,,,,,,,,,,,,,,,,,,,,
test_1271,data/raf-db/aligned/test_1271_aligned.jpg,1,surprise,test,,,,,,,,,,,,,,,,,,,,,,,,,,,,,,,,,,,,,,,,,,,,,,,,,,,,,
test_1272,data/raf-db/aligned/test_1272_aligned.jpg,5,sad,test,,,,,,,,,,,,,,,,,,,,,,,,,,,,,,,,,,,,,,,,,,,,,,,,,,,,,
test_1273,data/raf-db/aligned/test_1273_aligned.jpg,4,happy,test,,,,,,,,,,,,,,,,,,,,,,,,,,,,,,,,,,,,,,,,,,,,,,,,,,,,,
test_1274,data/raf-db/aligned/test_1274_aligned.jpg,4,happy,test,,,,,,,,,,,,,,,,,,,,,,,,,,,,,,,,,,,,,,,,,,,,,,,,,,,,,
test_1275,data/raf-db/aligned/test_1275_aligned.jpg,4,happy,test,,,,,,,,,,,,,,,,,,,,,,,,,,,,,,,,,,,,,,,,,,,,,,,,,,,,,
test_1276,data/raf-db/aligned/test_1276_aligned.jpg,4,happy,test,,,,,,,,,,,,,,,,,,,,,,,,,,,,,,,,,,,,,,,,,,,,,,,,,,,,,
test_1277,data/raf-db/aligned/test_1277_aligned.jpg,5,sad,test,,,,,,,,,,,,,,,,,,,,,,,,,,,,,,,,,,,,,,,,,,,,,,,,,,,,,
test_1278,data/raf-db/aligned/test_1278_aligned.jpg,1,surprise,test,,,,,,,,,,,,,,,,,,,,,,,,,,,,,,,,,,,,,,,,,,,,,,,,,,,,,
test_1279,data/raf-db/aligned/test_1279_aligned.jpg,5,sad,test,,,,,,,,,,,,,,,,,,,,,,,,,,,,,,,,,,,,,,,,,,,,,,,,,,,,,
test_1280,data/raf-db/aligned/test_1280_aligned.jpg,1,surprise,test,,,,,,,,,,,,,,,,,,,,,,,,,,,,,,,,,,,,,,,,,,,,,,,,,,,,,
test_1281,data/raf-db/aligned/test_1281_aligned.jpg,6,angry,test,,,,,,,,,,,,,,,,,,,,,,,,,,,,,,,,,,,,,,,,,,,,,,,,,,,,,
test_1282,data/raf-db/aligned/test_1282_aligned.jpg,1,surprise,test,,,,,,,,,,,,,,,,,,,,,,,,,,,,,,,,,,,,,,,,,,,,,,,,,,,,,
test_1283,data/raf-db/aligned/test_1283_aligned.jpg,1,surprise,test,,,,,,,,,,,,,,,,,,,,,,,,,,,,,,,,,,,,,,,,,,,,,,,,,,,,,
test_1284,data/raf-db/aligned/test_1284_aligned.jpg,4,happy,test,,,,,,,,,,,,,,,,,,,,,,,,,,,,,,,,,,,,,,,,,,,,,,,,,,,,,
test_1285,data/raf-db/aligned/test_1285_aligned.jpg,1,surprise,test,,,,,,,,,,,,,,,,,,,,,,,,,,,,,,,,,,,,,,,,,,,,,,,,,,,,,
test_1286,data/raf-db/aligned/test_1286_aligned.jpg,4,happy,test,,,,,,,,,,,,,,,,,,,,,,,,,,,,,,,,,,,,,,,,,,,,,,,,,,,,,
test_1287,data/raf-db/aligned/test_1287_aligned.jpg,4,happy,test,,,,,,,,,,,,,,,,,,,,,,,,,,,,,,,,,,,,,,,,,,,,,,,,,,,,,
test_1288,data/raf-db/aligned/test_1288_aligned.jpg,4,happy,test,,,,,,,,,,,,,,,,,,,,,,,,,,,,,,,,,,,,,,,,,,,,,,,,,,,,,
test_1289,data/raf-db/aligned/test_1289_aligned.jpg,6,angry,test,,,,,,,,,,,,,,,,,,,,,,,,,,,,,,,,,,,,,,,,,,,,,,,,,,,,,
test_1290,data/raf-db/aligned/test_1290_aligned.jpg,4,happy,test,,,,,,,,,,,,,,,,,,,,,,,,,,,,,,,,,,,,,,,,,,,,,,,,,,,,,
test_1291,data/raf-db/aligned/test_1291_aligned.jpg,4,happy,test,,,,,,,,,,,,,,,,,,,,,,,,,,,,,,,,,,,,,,,,,,,,,,,,,,,,,
test_1292,data/raf-db/aligned/test_1292_aligned.jpg,4,happy,test,,,,,,,,,,,,,,,,,,,,,,,,,,,,,,,,,,,,,,,,,,,,,,,,,,,,,
test_1293,data/raf-db/aligned/test_1293_aligned.jpg,5,sad,test,,,,,,,,,,,,,,,,,,,,,,,,,,,,,,,,,,,,,,,,,,,,,,,,,,,,,
test_1294,data/raf-db/aligned/test_1294_aligned.jpg,6,angry,test,,,,,,,,,,,,,,,,,,,,,,,,,,,,,,,,,,,,,,,,,,,,,,,,,,,,,
test_1295,data/raf-db/aligned/test_1295_aligned.jpg,4,happy,test,,,,,,,,,,,,,,,,,,,,,,,,,,,,,,,,,,,,,,,,,,,,,,,,,,,,,
test_1296,data/raf-db/aligned/test_1296_aligned.jpg,4,happy,test,,,,,,,,,,,,,,,,,,,,,,,,,,,,,,,,,,,,,,,,,,,,,,,,,,,,,
test_1297,data/raf-db/aligned/test_1297_aligned.jpg,4,happy,test,,,,,,,,,,,,,,,,,,,,,,,,,,,,,,,,,,,,,,,,,,,,,,,,,,,,,
test_1298,data/raf-db/aligned/test_1298_aligned.jpg,4,happy,test,,,,,,,,,,,,,,,,,,,,,,,,,,,,,,,,,,,,,,,,,,,,,,,,,,,,,
test_1299,data/raf-db/aligned/test_1299_aligned.jpg,4,happy,test,,,,,,,,,,,,,,,,,,,,,,,,,,,,,,,,,,,,,,,,,,,,,,,,,,,,,
test_1300,data/raf-db/aligned/test_1300_aligned.jpg,5,sad,test,,,,,,,,,,,,,,,,,,,,,,,,,,,,,,,,,,,,,,,,,,,,,,,,,,,,,
test_1301,data/raf-db/aligned/test_1301_aligned.jpg,6,angry,test,,,,,,,,,,,,,,,,,,,,,,,,,,,,,,,,,,,,,,,,,,,,,,,,,,,,,
test_1302,data/raf-db/aligned/test_1302_aligned.jpg,4,happy,test,,,,,,,,,,,,,,,,,,,,,,,,,,,,,,,,,,,,,,,,,,,,,,,,,,,,,
test_1303,data/raf-db/aligned/test_1303_aligned.jpg,5,sad,test,,,,,,,,,,,,,,,,,,,,,,,,,,,,,,,,,,,,,,,,,,,,,,,,,,,,,
test_1304,data/raf-db/aligned/test_1304_aligned.jpg,3,disgust,test,,,,,,,,,,,,,,,,,,,,,,,,,,,,,,,,,,,,,,,,,,,,,,,,,,,,,
test_1305,data/raf-db/aligned/test_1305_aligned.jpg,6,angry,test,,,,,,,,,,,,,,,,,,,,,,,,,,,,,,,,,,,,,,,,,,,,,,,,,,,,,
test_1306,data/raf-db/aligned/test_1306_aligned.jpg,5,sad,test,,,,,,,,,,,,,,,,,,,,,,,,,,,,,,,,,,,,,,,,,,,,,,,,,,,,,
test_1307,data/raf-db/aligned/test_1307_aligned.jpg,4,happy,test,,,,,,,,,,,,,,,,,,,,,,,,,,,,,,,,,,,,,,,,,,,,,,,,,,,,,
test_1308,data/raf-db/aligned/test_1308_aligned.jpg,4,happy,test,,,,,,,,,,,,,,,,,,,,,,,,,,,,,,,,,,,,,,,,,,,,,,,,,,,,,
test_1309,data/raf-db/aligned/test_1309_aligned.jpg,6,angry,test,,,,,,,,,,,,,,,,,,,,,,,,,,,,,,,,,,,,,,,,,,,,,,,,,,,,,
test_1310,data/raf-db/aligned/test_1310_aligned.jpg,4,happy,test,,,,,,,,,,,,,,,,,,,,,,,,,,,,,,,,,,,,,,,,,,,,,,,,,,,,,
test_1311,data/raf-db/aligned/test_1311_aligned.jpg,4,happy,test,,,,,,,,,,,,,,,,,,,,,,,,,,,,,,,,,,,,,,,,,,,,,,,,,,,,,
test_1312,data/raf-db/aligned/test_1312_aligned.jpg,5,sad,test,,,,,,,,,,,,,,,,,,,,,,,,,,,,,,,,,,,,,,,,,,,,,,,,,,,,,
test_1313,data/raf-db/aligned/test_1313_aligned.jpg,4,happy,test,,,,,,,,,,,,,,,,,,,,,,,,,,,,,,,,,,,,,,,,,,,,,,,,,,,,,
test_1314,data/raf-db/aligned/test_1314_aligned.jpg,6,angry,test,,,,,,,,,,,,,,,,,,,,,,,,,,,,,,,,,,,,,,,,,,,,,,,,,,,,,
test_1315,data/raf-db/aligned/test_1315_aligned.jpg,5,sad,test,,,,,,,,,,,,,,,,,,,,,,,,,,,,,,,,,,,,,,,,,,,,,,,,,,,,,
test_1316,data/raf-db/aligned/test_1316_aligned.jpg,5,sad,test,,,,,,,,,,,,,,,,,,,,,,,,,,,,,,,,,,,,,,,,,,,,,,,,,,,,,
test_1317,data/raf-db/aligned/test_1317_aligned.jpg,1,surprise,test,,,,,,,,,,,,,,,,,,,,,,,,,,,,,,,,,,,,,,,,,,,,,,,,,,,,,
test_1318,data/raf-db/aligned/test_1318_aligned.jpg,4,happy,test,,,,,,,,,,,,,,,,,,,,,,,,,,,,,,,,,,,,,,,,,,,,,,,,,,,,,
test_1319,data/raf-db/aligned/test_1319_aligned.jpg,4,happy,test,,,,,,,,,,,,,,,,,,,,,,,,,,,,,,,,,,,,,,,,,,,,,,,,,,,,,
test_1320,data/raf-db/aligned/test_1320_aligned.jpg,1,surprise,test,,,,,,,,,,,,,,,,,,,,,,,,,,,,,,,,,,,,,,,,,,,,,,,,,,,,,
test_1321,data/raf-db/aligned/test_1321_aligned.jpg,4,happy,test,,,,,,,,,,,,,,,,,,,,,,,,,,,,,,,,,,,,,,,,,,,,,,,,,,,,,
test_1322,data/raf-db/aligned/test_1322_aligned.jpg,4,happy,test,,,,,,,,,,,,,,,,,,,,,,,,,,,,,,,,,,,,,,,,,,,,,,,,,,,,,
test_1323,data/raf-db/aligned/test_1323_aligned.jpg,4,happy,test,,,,,,,,,,,,,,,,,,,,,,,,,,,,,,,,,,,,,,,,,,,,,,,,,,,,,
test_1324,data/raf-db/aligned/test_1324_aligned.jpg,5,sad,test,,,,,,,,,,,,,,,,,,,,,,,,,,,,,,,,,,,,,,,,,,,,,,,,,,,,,
test_1325,data/raf-db/aligned/test_1325_aligned.jpg,4,happy,test,,,,,,,,,,,,,,,,,,,,,,,,,,,,,,,,,,,,,,,,,,,,,,,,,,,,,
test_1326,data/raf-db/aligned/test_1326_aligned.jpg,5,sad,test,,,,,,,,,,,,,,,,,,,,,,,,,,,,,,,,,,,,,,,,,,,,,,,,,,,,,
test_1327,data/raf-db/aligned/test_1327_aligned.jpg,4,happy,test,,,,,,,,,,,,,,,,,,,,,,,,,,,,,,,,,,,,,,,,,,,,,,,,,,,,,
test_1328,data/raf-db/aligned/test_1328_aligned.jpg,1,surprise,test,,,,,,,,,,,,,,,,,,,,,,,,,,,,,,,,,,,,,,,,,,,,,,,,,,,,,
test_1329,data/raf-db/aligned/test_1329_aligned.jpg,5,sad,test,,,,,,,,,,,,,,,,,,,,,,,,,,,,,,,,,,,,,,,,,,,,,,,,,,,,,
test_1330,data/raf-db/aligned/test_1330_aligned.jpg,6,angry,test,,,,,,,,,,,,,,,,,,,,,,,,,,,,,,,,,,,,,,,,,,,,,,,,,,,,,
test_1331,data/raf-db/aligned/test_1331_aligned.jpg,1,surprise,test,,,,,,,,,,,,,,,,,,,,,,,,,,,,,,,,,,,,,,,,,,,,,,,,,,,,,
test_1332,data/raf-db/aligned/test_1332_aligned.jpg,1,surprise,test,,,,,,,,,,,,,,,,,,,,,,,,,,,,,,,,,,,,,,,,,,,,,,,,,,,,,
test_1333,data/raf-db/aligned/test_1333_aligned.jpg,1,surprise,test,,,,,,,,,,,,,,,,,,,,,,,,,,,,,,,,,,,,,,,,,,,,,,,,,,,,,
test_1334,data/raf-db/aligned/test_1334_aligned.jpg,1,surprise,test,,,,,,,,,,,,,,,,,,,,,,,,,,,,,,,,,,,,,,,,,,,,,,,,,,,,,
test_1335,data/raf-db/aligned/test_1335_aligned.jpg,5,sad,test,,,,,,,,,,,,,,,,,,,,,,,,,,,,,,,,,,,,,,,,,,,,,,,,,,,,,
test_1336,data/raf-db/aligned/test_1336_aligned.jpg,6,angry,test,,,,,,,,,,,,,,,,,,,,,,,,,,,,,,,,,,,,,,,,,,,,,,,,,,,,,
test_1337,data/raf-db/aligned/test_1337_aligned.jpg,4,happy,test,,,,,,,,,,,,,,,,,,,,,,,,,,,,,,,,,,,,,,,,,,,,,,,,,,,,,
test_1338,data/raf-db/aligned/test_1338_aligned.jpg,1,surprise,test,,,,,,,,,,,,,,,,,,,,,,,,,,,,,,,,,,,,,,,,,,,,,,,,,,,,,
test_1339,data/raf-db/aligned/test_1339_aligned.jpg,1,surprise,test,,,,,,,,,,,,,,,,,,,,,,,,,,,,,,,,,,,,,,,,,,,,,,,,,,,,,
test_1340,data/raf-db/aligned/test_1340_aligned.jpg,1,surprise,test,,,,,,,,,,,,,,,,,,,,,,,,,,,,,,,,,,,,,,,,,,,,,,,,,,,,,
test_1341,data/raf-db/aligned/test_1341_aligned.jpg,1,surprise,test,,,,,,,,,,,,,,,,,,,,,,,,,,,,,,,,,,,,,,,,,,,,,,,,,,,,,
test_1342,data/raf-db/aligned/test_1342_aligned.jpg,1,surprise,test,,,,,,,,,,,,,,,,,,,,,,,,,,,,,,,,,,,,,,,,,,,,,,,,,,,,,
test_1343,data/raf-db/aligned/test_1343_aligned.jpg,5,sad,test,,,,,,,,,,,,,,,,,,,,,,,,,,,,,,,,,,,,,,,,,,,,,,,,,,,,,
test_1344,data/raf-db/aligned/test_1344_aligned.jpg,5,sad,test,,,,,,,,,,,,,,,,,,,,,,,,,,,,,,,,,,,,,,,,,,,,,,,,,,,,,
test_1345,data/raf-db/aligned/test_1345_aligned.jpg,1,surprise,test,,,,,,,,,,,,,,,,,,,,,,,,,,,,,,,,,,,,,,,,,,,,,,,,,,,,,
test_1346,data/raf-db/aligned/test_1346_aligned.jpg,4,happy,test,,,,,,,,,,,,,,,,,,,,,,,,,,,,,,,,,,,,,,,,,,,,,,,,,,,,,
test_1347,data/raf-db/aligned/test_1347_aligned.jpg,1,surprise,test,,,,,,,,,,,,,,,,,,,,,,,,,,,,,,,,,,,,,,,,,,,,,,,,,,,,,
test_1348,data/raf-db/aligned/test_1348_aligned.jpg,5,sad,test,,,,,,,,,,,,,,,,,,,,,,,,,,,,,,,,,,,,,,,,,,,,,,,,,,,,,
test_1349,data/raf-db/aligned/test_1349_aligned.jpg,5,sad,test,,,,,,,,,,,,,,,,,,,,,,,,,,,,,,,,,,,,,,,,,,,,,,,,,,,,,
test_1350,data/raf-db/aligned/test_1350_aligned.jpg,4,happy,test,,,,,,,,,,,,,,,,,,,,,,,,,,,,,,,,,,,,,,,,,,,,,,,,,,,,,
test_1351,data/raf-db/aligned/test_1351_aligned.jpg,4,happy,test,,,,,,,,,,,,,,,,,,,,,,,,,,,,,,,,,,,,,,,,,,,,,,,,,,,,,
test_1352,data/raf-db/aligned/test_1352_aligned.jpg,4,happy,test,,,,,,,,,,,,,,,,,,,,,,,,,,,,,,,,,,,,,,,,,,,,,,,,,,,,,
test_1353,data/raf-db/aligned/test_1353_aligned.jpg,4,happy,test,,,,,,,,,,,,,,,,,,,,,,,,,,,,,,,,,,,,,,,,,,,,,,,,,,,,,
test_1354,data/raf-db/aligned/test_1354_aligned.jpg,4,happy,test,,,,,,,,,,,,,,,,,,,,,,,,,,,,,,,,,,,,,,,,,,,,,,,,,,,,,
test_1355,data/raf-db/aligned/test_1355_aligned.jpg,5,sad,test,,,,,,,,,,,,,,,,,,,,,,,,,,,,,,,,,,,,,,,,,,,,,,,,,,,,,
test_1356,data/raf-db/aligned/test_1356_aligned.jpg,4,happy,test,,,,,,,,,,,,,,,,,,,,,,,,,,,,,,,,,,,,,,,,,,,,,,,,,,,,,
test_1357,data/raf-db/aligned/test_1357_aligned.jpg,4,happy,test,,,,,,,,,,,,,,,,,,,,,,,,,,,,,,,,,,,,,,,,,,,,,,,,,,,,,
test_1358,data/raf-db/aligned/test_1358_aligned.jpg,4,happy,test,,,,,,,,,,,,,,,,,,,,,,,,,,,,,,,,,,,,,,,,,,,,,,,,,,,,,
test_1359,data/raf-db/aligned/test_1359_aligned.jpg,4,happy,test,,,,,,,,,,,,,,,,,,,,,,,,,,,,,,,,,,,,,,,,,,,,,,,,,,,,,
test_1360,data/raf-db/aligned/test_1360_aligned.jpg,4,happy,test,,,,,,,,,,,,,,,,,,,,,,,,,,,,,,,,,,,,,,,,,,,,,,,,,,,,,
test_1361,data/raf-db/aligned/test_1361_aligned.jpg,4,happy,test,,,,,,,,,,,,,,,,,,,,,,,,,,,,,,,,,,,,,,,,,,,,,,,,,,,,,
test_1362,data/raf-db/aligned/test_1362_aligned.jpg,4,happy,test,,,,,,,,,,,,,,,,,,,,,,,,,,,,,,,,,,,,,,,,,,,,,,,,,,,,,
test_1363,data/raf-db/aligned/test_1363_aligned.jpg,4,happy,test,,,,,,,,,,,,,,,,,,,,,,,,,,,,,,,,,,,,,,,,,,,,,,,,,,,,,
test_1364,data/raf-db/aligned/test_1364_aligned.jpg,4,happy,test,,,,,,,,,,,,,,,,,,,,,,,,,,,,,,,,,,,,,,,,,,,,,,,,,,,,,
test_1365,data/raf-db/aligned/test_1365_aligned.jpg,5,sad,test,,,,,,,,,,,,,,,,,,,,,,,,,,,,,,,,,,,,,,,,,,,,,,,,,,,,,
test_1366,data/raf-db/aligned/test_1366_aligned.jpg,4,happy,test,,,,,,,,,,,,,,,,,,,,,,,,,,,,,,,,,,,,,,,,,,,,,,,,,,,,,
test_1367,data/raf-db/aligned/test_1367_aligned.jpg,1,surprise,test,,,,,,,,,,,,,,,,,,,,,,,,,,,,,,,,,,,,,,,,,,,,,,,,,,,,,
test_1368,data/raf-db/aligned/test_1368_aligned.jpg,5,sad,test,,,,,,,,,,,,,,,,,,,,,,,,,,,,,,,,,,,,,,,,,,,,,,,,,,,,,
test_1369,data/raf-db/aligned/test_1369_aligned.jpg,4,happy,test,,,,,,,,,,,,,,,,,,,,,,,,,,,,,,,,,,,,,,,,,,,,,,,,,,,,,
test_1370,data/raf-db/aligned/test_1370_aligned.jpg,5,sad,test,,,,,,,,,,,,,,,,,,,,,,,,,,,,,,,,,,,,,,,,,,,,,,,,,,,,,
test_1371,data/raf-db/aligned/test_1371_aligned.jpg,6,angry,test,,,,,,,,,,,,,,,,,,,,,,,,,,,,,,,,,,,,,,,,,,,,,,,,,,,,,
test_1372,data/raf-db/aligned/test_1372_aligned.jpg,5,sad,test,,,,,,,,,,,,,,,,,,,,,,,,,,,,,,,,,,,,,,,,,,,,,,,,,,,,,
test_1373,data/raf-db/aligned/test_1373_aligned.jpg,6,angry,test,,,,,,,,,,,,,,,,,,,,,,,,,,,,,,,,,,,,,,,,,,,,,,,,,,,,,
test_1374,data/raf-db/aligned/test_1374_aligned.jpg,4,happy,test,,,,,,,,,,,,,,,,,,,,,,,,,,,,,,,,,,,,,,,,,,,,,,,,,,,,,
test_1375,data/raf-db/aligned/test_1375_aligned.jpg,1,surprise,test,,,,,,,,,,,,,,,,,,,,,,,,,,,,,,,,,,,,,,,,,,,,,,,,,,,,,
test_1376,data/raf-db/aligned/test_1376_aligned.jpg,1,surprise,test,,,,,,,,,,,,,,,,,,,,,,,,,,,,,,,,,,,,,,,,,,,,,,,,,,,,,
test_1377,data/raf-db/aligned/test_1377_aligned.jpg,5,sad,test,,,,,,,,,,,,,,,,,,,,,,,,,,,,,,,,,,,,,,,,,,,,,,,,,,,,,
test_1378,data/raf-db/aligned/test_1378_aligned.jpg,1,surprise,test,,,,,,,,,,,,,,,,,,,,,,,,,,,,,,,,,,,,,,,,,,,,,,,,,,,,,
test_1379,data/raf-db/aligned/test_1379_aligned.jpg,1,surprise,test,,,,,,,,,,,,,,,,,,,,,,,,,,,,,,,,,,,,,,,,,,,,,,,,,,,,,
test_1380,data/raf-db/aligned/test_1380_aligned.jpg,4,happy,test,,,,,,,,,,,,,,,,,,,,,,,,,,,,,,,,,,,,,,,,,,,,,,,,,,,,,
test_1381,data/raf-db/aligned/test_1381_aligned.jpg,5,sad,test,,,,,,,,,,,,,,,,,,,,,,,,,,,,,,,,,,,,,,,,,,,,,,,,,,,,,
test_1382,data/raf-db/aligned/test_1382_aligned.jpg,5,sad,test,,,,,,,,,,,,,,,,,,,,,,,,,,,,,,,,,,,,,,,,,,,,,,,,,,,,,
test_1383,data/raf-db/aligned/test_1383_aligned.jpg,4,happy,test,,,,,,,,,,,,,,,,,,,,,,,,,,,,,,,,,,,,,,,,,,,,,,,,,,,,,
test_1384,data/raf-db/aligned/test_1384_aligned.jpg,4,happy,test,,,,,,,,,,,,,,,,,,,,,,,,,,,,,,,,,,,,,,,,,,,,,,,,,,,,,
test_1385,data/raf-db/aligned/test_1385_aligned.jpg,6,angry,test,,,,,,,,,,,,,,,,,,,,,,,,,,,,,,,,,,,,,,,,,,,,,,,,,,,,,
test_1386,data/raf-db/aligned/test_1386_aligned.jpg,5,sad,test,,,,,,,,,,,,,,,,,,,,,,,,,,,,,,,,,,,,,,,,,,,,,,,,,,,,,
test_1387,data/raf-db/aligned/test_1387_aligned.jpg,4,happy,test,,,,,,,,,,,,,,,,,,,,,,,,,,,,,,,,,,,,,,,,,,,,,,,,,,,,,
test_1388,data/raf-db/aligned/test_1388_aligned.jpg,4,happy,test,,,,,,,,,,,,,,,,,,,,,,,,,,,,,,,,,,,,,,,,,,,,,,,,,,,,,
test_1389,data/raf-db/aligned/test_1389_aligned.jpg,3,disgust,test,,,,,,,,,,,,,,,,,,,,,,,,,,,,,,,,,,,,,,,,,,,,,,,,,,,,,
test_1390,data/raf-db/aligned/test_1390_aligned.jpg,3,disgust,test,,,,,,,,,,,,,,,,,,,,,,,,,,,,,,,,,,,,,,,,,,,,,,,,,,,,,
test_1391,data/raf-db/aligned/test_1391_aligned.jpg,6,angry,test,,,,,,,,,,,,,,,,,,,,,,,,,,,,,,,,,,,,,,,,,,,,,,,,,,,,,
test_1392,data/raf-db/aligned/test_1392_aligned.jpg,4,happy,test,,,,,,,,,,,,,,,,,,,,,,,,,,,,,,,,,,,,,,,,,,,,,,,,,,,,,
test_1393,data/raf-db/aligned/test_1393_aligned.jpg,4,happy,test,,,,,,,,,,,,,,,,,,,,,,,,,,,,,,,,,,,,,,,,,,,,,,,,,,,,,
test_1394,data/raf-db/aligned/test_1394_aligned.jpg,4,happy,test,,,,,,,,,,,,,,,,,,,,,,,,,,,,,,,,,,,,,,,,,,,,,,,,,,,,,
test_1395,data/raf-db/aligned/test_1395_aligned.jpg,4,happy,test,,,,,,,,,,,,,,,,,,,,,,,,,,,,,,,,,,,,,,,,,,,,,,,,,,,,,
test_1396,data/raf-db/aligned/test_1396_aligned.jpg,5,sad,test,,,,,,,,,,,,,,,,,,,,,,,,,,,,,,,,,,,,,,,,,,,,,,,,,,,,,
test_1397,data/raf-db/aligned/test_1397_aligned.jpg,5,sad,test,,,,,,,,,,,,,,,,,,,,,,,,,,,,,,,,,,,,,,,,,,,,,,,,,,,,,
test_1398,data/raf-db/aligned/test_1398_aligned.jpg,4,happy,test,,,,,,,,,,,,,,,,,,,,,,,,,,,,,,,,,,,,,,,,,,,,,,,,,,,,,
test_1399,data/raf-db/aligned/test_1399_aligned.jpg,5,sad,test,,,,,,,,,,,,,,,,,,,,,,,,,,,,,,,,,,,,,,,,,,,,,,,,,,,,,
test_1400,data/raf-db/aligned/test_1400_aligned.jpg,1,surprise,test,,,,,,,,,,,,,,,,,,,,,,,,,,,,,,,,,,,,,,,,,,,,,,,,,,,,,
test_1401,data/raf-db/aligned/test_1401_aligned.jpg,4,happy,test,,,,,,,,,,,,,,,,,,,,,,,,,,,,,,,,,,,,,,,,,,,,,,,,,,,,,
test_1402,data/raf-db/aligned/test_1402_aligned.jpg,4,happy,test,,,,,,,,,,,,,,,,,,,,,,,,,,,,,,,,,,,,,,,,,,,,,,,,,,,,,
test_1403,data/raf-db/aligned/test_1403_aligned.jpg,1,surprise,test,,,,,,,,,,,,,,,,,,,,,,,,,,,,,,,,,,,,,,,,,,,,,,,,,,,,,
test_1404,data/raf-db/aligned/test_1404_aligned.jpg,6,angry,test,,,,,,,,,,,,,,,,,,,,,,,,,,,,,,,,,,,,,,,,,,,,,,,,,,,,,
test_1405,data/raf-db/aligned/test_1405_aligned.jpg,4,happy,test,,,,,,,,,,,,,,,,,,,,,,,,,,,,,,,,,,,,,,,,,,,,,,,,,,,,,
test_1406,data/raf-db/aligned/test_1406_aligned.jpg,4,happy,test,,,,,,,,,,,,,,,,,,,,,,,,,,,,,,,,,,,,,,,,,,,,,,,,,,,,,
test_1407,data/raf-db/aligned/test_1407_aligned.jpg,4,happy,test,,,,,,,,,,,,,,,,,,,,,,,,,,,,,,,,,,,,,,,,,,,,,,,,,,,,,
test_1408,data/raf-db/aligned/test_1408_aligned.jpg,5,sad,test,,,,,,,,,,,,,,,,,,,,,,,,,,,,,,,,,,,,,,,,,,,,,,,,,,,,,
test_1409,data/raf-db/aligned/test_1409_aligned.jpg,4,happy,test,,,,,,,,,,,,,,,,,,,,,,,,,,,,,,,,,,,,,,,,,,,,,,,,,,,,,
test_1410,data/raf-db/aligned/test_1410_aligned.jpg,4,happy,test,,,,,,,,,,,,,,,,,,,,,,,,,,,,,,,,,,,,,,,,,,,,,,,,,,,,,
test_1411,data/raf-db/aligned/test_1411_aligned.jpg,5,sad,test,,,,,,,,,,,,,,,,,,,,,,,,,,,,,,,,,,,,,,,,,,,,,,,,,,,,,
test_1412,data/raf-db/aligned/test_1412_aligned.jpg,5,sad,test,,,,,,,,,,,,,,,,,,,,,,,,,,,,,,,,,,,,,,,,,,,,,,,,,,,,,
test_1413,data/raf-db/aligned/test_1413_aligned.jpg,6,angry,test,,,,,,,,,,,,,,,,,,,,,,,,,,,,,,,,,,,,,,,,,,,,,,,,,,,,,
test_1414,data/raf-db/aligned/test_1414_aligned.jpg,4,happy,test,,,,,,,,,,,,,,,,,,,,,,,,,,,,,,,,,,,,,,,,,,,,,,,,,,,,,
test_1415,data/raf-db/aligned/test_1415_aligned.jpg,4,happy,test,,,,,,,,,,,,,,,,,,,,,,,,,,,,,,,,,,,,,,,,,,,,,,,,,,,,,
test_1416,data/raf-db/aligned/test_1416_aligned.jpg,5,sad,test,,,,,,,,,,,,,,,,,,,,,,,,,,,,,,,,,,,,,,,,,,,,,,,,,,,,,
test_1417,data/raf-db/aligned/test_1417_aligned.jpg,1,surprise,test,,,,,,,,,,,,,,,,,,,,,,,,,,,,,,,,,,,,,,,,,,,,,,,,,,,,,
test_1418,data/raf-db/aligned/test_1418_aligned.jpg,4,happy,test,,,,,,,,,,,,,,,,,,,,,,,,,,,,,,,,,,,,,,,,,,,,,,,,,,,,,
test_1419,data/raf-db/aligned/test_1419_aligned.jpg,4,happy,test,,,,,,,,,,,,,,,,,,,,,,,,,,,,,,,,,,,,,,,,,,,,,,,,,,,,,
test_1420,data/raf-db/aligned/test_1420_aligned.jpg,6,angry,test,,,,,,,,,,,,,,,,,,,,,,,,,,,,,,,,,,,,,,,,,,,,,,,,,,,,,
test_1421,data/raf-db/aligned/test_1421_aligned.jpg,1,surprise,test,,,,,,,,,,,,,,,,,,,,,,,,,,,,,,,,,,,,,,,,,,,,,,,,,,,,,
test_1422,data/raf-db/aligned/test_1422_aligned.jpg,4,happy,test,,,,,,,,,,,,,,,,,,,,,,,,,,,,,,,,,,,,,,,,,,,,,,,,,,,,,
test_1423,data/raf-db/aligned/test_1423_aligned.jpg,4,happy,test,,,,,,,,,,,,,,,,,,,,,,,,,,,,,,,,,,,,,,,,,,,,,,,,,,,,,
test_1424,data/raf-db/aligned/test_1424_aligned.jpg,4,happy,test,,,,,,,,,,,,,,,,,,,,,,,,,,,,,,,,,,,,,,,,,,,,,,,,,,,,,
test_1425,data/raf-db/aligned/test_1425_aligned.jpg,5,sad,test,,,,,,,,,,,,,,,,,,,,,,,,,,,,,,,,,,,,,,,,,,,,,,,,,,,,,
test_1426,data/raf-db/aligned/test_1426_aligned.jpg,5,sad,test,,,,,,,,,,,,,,,,,,,,,,,,,,,,,,,,,,,,,,,,,,,,,,,,,,,,,
test_1427,data/raf-db/aligned/test_1427_aligned.jpg,6,angry,test,,,,,,,,,,,,,,,,,,,,,,,,,,,,,,,,,,,,,,,,,,,,,,,,,,,,,
test_1428,data/raf-db/aligned/test_1428_aligned.jpg,4,happy,test,,,,,,,,,,,,,,,,,,,,,,,,,,,,,,,,,,,,,,,,,,,,,,,,,,,,,
test_1429,data/raf-db/aligned/test_1429_aligned.jpg,1,surprise,test,,,,,,,,,,,,,,,,,,,,,,,,,,,,,,,,,,,,,,,,,,,,,,,,,,,,,
test_1430,data/raf-db/aligned/test_1430_aligned.jpg,4,happy,test,,,,,,,,,,,,,,,,,,,,,,,,,,,,,,,,,,,,,,,,,,,,,,,,,,,,,
test_1431,data/raf-db/aligned/test_1431_aligned.jpg,4,happy,test,,,,,,,,,,,,,,,,,,,,,,,,,,,,,,,,,,,,,,,,,,,,,,,,,,,,,
test_1432,data/raf-db/aligned/test_1432_aligned.jpg,1,surprise,test,,,,,,,,,,,,,,,,,,,,,,,,,,,,,,,,,,,,,,,,,,,,,,,,,,,,,
test_1433,data/raf-db/aligned/test_1433_aligned.jpg,5,sad,test,,,,,,,,,,,,,,,,,,,,,,,,,,,,,,,,,,,,,,,,,,,,,,,,,,,,,
test_1434,data/raf-db/aligned/test_1434_aligned.jpg,4,happy,test,,,,,,,,,,,,,,,,,,,,,,,,,,,,,,,,,,,,,,,,,,,,,,,,,,,,,
test_1435,data/raf-db/aligned/test_1435_aligned.jpg,1,surprise,test,,,,,,,,,,,,,,,,,,,,,,,,,,,,,,,,,,,,,,,,,,,,,,,,,,,,,
test_1436,data/raf-db/aligned/test_1436_aligned.jpg,5,sad,test,,,,,,,,,,,,,,,,,,,,,,,,,,,,,,,,,,,,,,,,,,,,,,,,,,,,,
test_1437,data/raf-db/aligned/test_1437_aligned.jpg,6,angry,test,,,,,,,,,,,,,,,,,,,,,,,,,,,,,,,,,,,,,,,,,,,,,,,,,,,,,
test_1438,data/raf-db/aligned/test_1438_aligned.jpg,4,happy,test,,,,,,,,,,,,,,,,,,,,,,,,,,,,,,,,,,,,,,,,,,,,,,,,,,,,,
test_1439,data/raf-db/aligned/test_1439_aligned.jpg,5,sad,test,,,,,,,,,,,,,,,,,,,,,,,,,,,,,,,,,,,,,,,,,,,,,,,,,,,,,
test_1440,data/raf-db/aligned/test_1440_aligned.jpg,5,sad,test,,,,,,,,,,,,,,,,,,,,,,,,,,,,,,,,,,,,,,,,,,,,,,,,,,,,,
test_1441,data/raf-db/aligned/test_1441_aligned.jpg,5,sad,test,,,,,,,,,,,,,,,,,,,,,,,,,,,,,,,,,,,,,,,,,,,,,,,,,,,,,
test_1442,data/raf-db/aligned/test_1442_aligned.jpg,1,surprise,test,,,,,,,,,,,,,,,,,,,,,,,,,,,,,,,,,,,,,,,,,,,,,,,,,,,,,
test_1443,data/raf-db/aligned/test_1443_aligned.jpg,1,surprise,test,,,,,,,,,,,,,,,,,,,,,,,,,,,,,,,,,,,,,,,,,,,,,,,,,,,,,
test_1444,data/raf-db/aligned/test_1444_aligned.jpg,4,happy,test,,,,,,,,,,,,,,,,,,,,,,,,,,,,,,,,,,,,,,,,,,,,,,,,,,,,,
test_1445,data/raf-db/aligned/test_1445_aligned.jpg,6,angry,test,,,,,,,,,,,,,,,,,,,,,,,,,,,,,,,,,,,,,,,,,,,,,,,,,,,,,
test_1446,data/raf-db/aligned/test_1446_aligned.jpg,5,sad,test,,,,,,,,,,,,,,,,,,,,,,,,,,,,,,,,,,,,,,,,,,,,,,,,,,,,,
test_1447,data/raf-db/aligned/test_1447_aligned.jpg,5,sad,test,,,,,,,,,,,,,,,,,,,,,,,,,,,,,,,,,,,,,,,,,,,,,,,,,,,,,
test_1448,data/raf-db/aligned/test_1448_aligned.jpg,4,happy,test,,,,,,,,,,,,,,,,,,,,,,,,,,,,,,,,,,,,,,,,,,,,,,,,,,,,,
test_1449,data/raf-db/aligned/test_1449_aligned.jpg,5,sad,test,,,,,,,,,,,,,,,,,,,,,,,,,,,,,,,,,,,,,,,,,,,,,,,,,,,,,
test_1450,data/raf-db/aligned/test_1450_aligned.jpg,5,sad,test,,,,,,,,,,,,,,,,,,,,,,,,,,,,,,,,,,,,,,,,,,,,,,,,,,,,,
test_1451,data/raf-db/aligned/test_1451_aligned.jpg,5,sad,test,,,,,,,,,,,,,,,,,,,,,,,,,,,,,,,,,,,,,,,,,,,,,,,,,,,,,
test_1452,data/raf-db/aligned/test_1452_aligned.jpg,1,surprise,test,,,,,,,,,,,,,,,,,,,,,,,,,,,,,,,,,,,,,,,,,,,,,,,,,,,,,
test_1453,data/raf-db/aligned/test_1453_aligned.jpg,5,sad,test,,,,,,,,,,,,,,,,,,,,,,,,,,,,,,,,,,,,,,,,,,,,,,,,,,,,,
test_1454,data/raf-db/aligned/test_1454_aligned.jpg,5,sad,test,,,,,,,,,,,,,,,,,,,,,,,,,,,,,,,,,,,,,,,,,,,,,,,,,,,,,
test_1455,data/raf-db/aligned/test_1455_aligned.jpg,4,happy,test,,,,,,,,,,,,,,,,,,,,,,,,,,,,,,,,,,,,,,,,,,,,,,,,,,,,,
test_1456,data/raf-db/aligned/test_1456_aligned.jpg,4,happy,test,,,,,,,,,,,,,,,,,,,,,,,,,,,,,,,,,,,,,,,,,,,,,,,,,,,,,
test_1457,data/raf-db/aligned/test_1457_aligned.jpg,4,happy,test,,,,,,,,,,,,,,,,,,,,,,,,,,,,,,,,,,,,,,,,,,,,,,,,,,,,,
test_1458,data/raf-db/aligned/test_1458_aligned.jpg,1,surprise,test,,,,,,,,,,,,,,,,,,,,,,,,,,,,,,,,,,,,,,,,,,,,,,,,,,,,,
test_1459,data/raf-db/aligned/test_1459_aligned.jpg,1,surprise,test,,,,,,,,,,,,,,,,,,,,,,,,,,,,,,,,,,,,,,,,,,,,,,,,,,,,,
test_1460,data/raf-db/aligned/test_1460_aligned.jpg,4,happy,test,,,,,,,,,,,,,,,,,,,,,,,,,,,,,,,,,,,,,,,,,,,,,,,,,,,,,
test_1461,data/raf-db/aligned/test_1461_aligned.jpg,5,sad,test,,,,,,,,,,,,,,,,,,,,,,,,,,,,,,,,,,,,,,,,,,,,,,,,,,,,,
test_1462,data/raf-db/aligned/test_1462_aligned.jpg,6,angry,test,,,,,,,,,,,,,,,,,,,,,,,,,,,,,,,,,,,,,,,,,,,,,,,,,,,,,
test_1463,data/raf-db/aligned/test_1463_aligned.jpg,4,happy,test,,,,,,,,,,,,,,,,,,,,,,,,,,,,,,,,,,,,,,,,,,,,,,,,,,,,,
test_1464,data/raf-db/aligned/test_1464_aligned.jpg,4,happy,test,,,,,,,,,,,,,,,,,,,,,,,,,,,,,,,,,,,,,,,,,,,,,,,,,,,,,
test_1465,data/raf-db/aligned/test_1465_aligned.jpg,4,happy,test,,,,,,,,,,,,,,,,,,,,,,,,,,,,,,,,,,,,,,,,,,,,,,,,,,,,,
test_1466,data/raf-db/aligned/test_1466_aligned.jpg,4,happy,test,,,,,,,,,,,,,,,,,,,,,,,,,,,,,,,,,,,,,,,,,,,,,,,,,,,,,
test_1467,data/raf-db/aligned/test_1467_aligned.jpg,5,sad,test,,,,,,,,,,,,,,,,,,,,,,,,,,,,,,,,,,,,,,,,,,,,,,,,,,,,,
test_1468,data/raf-db/aligned/test_1468_aligned.jpg,4,happy,test,,,,,,,,,,,,,,,,,,,,,,,,,,,,,,,,,,,,,,,,,,,,,,,,,,,,,
test_1469,data/raf-db/aligned/test_1469_aligned.jpg,4,happy,test,,,,,,,,,,,,,,,,,,,,,,,,,,,,,,,,,,,,,,,,,,,,,,,,,,,,,
test_1470,data/raf-db/aligned/test_1470_aligned.jpg,5,sad,test,,,,,,,,,,,,,,,,,,,,,,,,,,,,,,,,,,,,,,,,,,,,,,,,,,,,,
test_1471,data/raf-db/aligned/test_1471_aligned.jpg,6,angry,test,,,,,,,,,,,,,,,,,,,,,,,,,,,,,,,,,,,,,,,,,,,,,,,,,,,,,
test_1472,data/raf-db/aligned/test_1472_aligned.jpg,4,happy,test,,,,,,,,,,,,,,,,,,,,,,,,,,,,,,,,,,,,,,,,,,,,,,,,,,,,,
test_1473,data/raf-db/aligned/test_1473_aligned.jpg,5,sad,test,,,,,,,,,,,,,,,,,,,,,,,,,,,,,,,,,,,,,,,,,,,,,,,,,,,,,
test_1474,data/raf-db/aligned/test_1474_aligned.jpg,5,sad,test,,,,,,,,,,,,,,,,,,,,,,,,,,,,,,,,,,,,,,,,,,,,,,,,,,,,,
test_1475,data/raf-db/aligned/test_1475_aligned.jpg,1,surprise,test,,,,,,,,,,,,,,,,,,,,,,,,,,,,,,,,,,,,,,,,,,,,,,,,,,,,,
test_1476,data/raf-db/aligned/test_1476_aligned.jpg,5,sad,test,,,,,,,,,,,,,,,,,,,,,,,,,,,,,,,,,,,,,,,,,,,,,,,,,,,,,
test_1477,data/raf-db/aligned/test_1477_aligned.jpg,2,fear,test,,,,,,,,,,,,,,,,,,,,,,,,,,,,,,,,,,,,,,,,,,,,,,,,,,,,,
test_1478,data/raf-db/aligned/test_1478_aligned.jpg,1,surprise,test,,,,,,,,,,,,,,,,,,,,,,,,,,,,,,,,,,,,,,,,,,,,,,,,,,,,,
test_1479,data/raf-db/aligned/test_1479_aligned.jpg,5,sad,test,,,,,,,,,,,,,,,,,,,,,,,,,,,,,,,,,,,,,,,,,,,,,,,,,,,,,
test_1480,data/raf-db/aligned/test_1480_aligned.jpg,4,happy,test,,,,,,,,,,,,,,,,,,,,,,,,,,,,,,,,,,,,,,,,,,,,,,,,,,,,,
test_1481,data/raf-db/aligned/test_1481_aligned.jpg,5,sad,test,,,,,,,,,,,,,,,,,,,,,,,,,,,,,,,,,,,,,,,,,,,,,,,,,,,,,
test_1482,data/raf-db/aligned/test_1482_aligned.jpg,4,happy,test,,,,,,,,,,,,,,,,,,,,,,,,,,,,,,,,,,,,,,,,,,,,,,,,,,,,,
test_1483,data/raf-db/aligned/test_1483_aligned.jpg,4,happy,test,,,,,,,,,,,,,,,,,,,,,,,,,,,,,,,,,,,,,,,,,,,,,,,,,,,,,
test_1484,data/raf-db/aligned/test_1484_aligned.jpg,1,surprise,test,,,,,,,,,,,,,,,,,,,,,,,,,,,,,,,,,,,,,,,,,,,,,,,,,,,,,
test_1485,data/raf-db/aligned/test_1485_aligned.jpg,4,happy,test,,,,,,,,,,,,,,,,,,,,,,,,,,,,,,,,,,,,,,,,,,,,,,,,,,,,,
test_1486,data/raf-db/aligned/test_1486_aligned.jpg,4,happy,test,,,,,,,,,,,,,,,,,,,,,,,,,,,,,,,,,,,,,,,,,,,,,,,,,,,,,
test_1487,data/raf-db/aligned/test_1487_aligned.jpg,6,angry,test,,,,,,,,,,,,,,,,,,,,,,,,,,,,,,,,,,,,,,,,,,,,,,,,,,,,,
test_1488,data/raf-db/aligned/test_1488_aligned.jpg,4,happy,test,,,,,,,,,,,,,,,,,,,,,,,,,,,,,,,,,,,,,,,,,,,,,,,,,,,,,
test_1489,data/raf-db/aligned/test_1489_aligned.jpg,4,happy,test,,,,,,,,,,,,,,,,,,,,,,,,,,,,,,,,,,,,,,,,,,,,,,,,,,,,,
test_1490,data/raf-db/aligned/test_1490_aligned.jpg,1,surprise,test,,,,,,,,,,,,,,,,,,,,,,,,,,,,,,,,,,,,,,,,,,,,,,,,,,,,,
test_1491,data/raf-db/aligned/test_1491_aligned.jpg,4,happy,test,,,,,,,,,,,,,,,,,,,,,,,,,,,,,,,,,,,,,,,,,,,,,,,,,,,,,
test_1492,data/raf-db/aligned/test_1492_aligned.jpg,5,sad,test,,,,,,,,,,,,,,,,,,,,,,,,,,,,,,,,,,,,,,,,,,,,,,,,,,,,,
test_1493,data/raf-db/aligned/test_1493_aligned.jpg,4,happy,test,,,,,,,,,,,,,,,,,,,,,,,,,,,,,,,,,,,,,,,,,,,,,,,,,,,,,
test_1494,data/raf-db/aligned/test_1494_aligned.jpg,5,sad,test,,,,,,,,,,,,,,,,,,,,,,,,,,,,,,,,,,,,,,,,,,,,,,,,,,,,,
test_1495,data/raf-db/aligned/test_1495_aligned.jpg,5,sad,test,,,,,,,,,,,,,,,,,,,,,,,,,,,,,,,,,,,,,,,,,,,,,,,,,,,,,
test_1496,data/raf-db/aligned/test_1496_aligned.jpg,6,angry,test,,,,,,,,,,,,,,,,,,,,,,,,,,,,,,,,,,,,,,,,,,,,,,,,,,,,,
test_1497,data/raf-db/aligned/test_1497_aligned.jpg,4,happy,test,,,,,,,,,,,,,,,,,,,,,,,,,,,,,,,,,,,,,,,,,,,,,,,,,,,,,
test_1498,data/raf-db/aligned/test_1498_aligned.jpg,4,happy,test,,,,,,,,,,,,,,,,,,,,,,,,,,,,,,,,,,,,,,,,,,,,,,,,,,,,,
test_1499,data/raf-db/aligned/test_1499_aligned.jpg,4,happy,test,,,,,,,,,,,,,,,,,,,,,,,,,,,,,,,,,,,,,,,,,,,,,,,,,,,,,
test_1500,data/raf-db/aligned/test_1500_aligned.jpg,1,surprise,test,,,,,,,,,,,,,,,,,,,,,,,,,,,,,,,,,,,,,,,,,,,,,,,,,,,,,
test_1501,data/raf-db/aligned/test_1501_aligned.jpg,4,happy,test,,,,,,,,,,,,,,,,,,,,,,,,,,,,,,,,,,,,,,,,,,,,,,,,,,,,,
test_1502,data/raf-db/aligned/test_1502_aligned.jpg,4,happy,test,,,,,,,,,,,,,,,,,,,,,,,,,,,,,,,,,,,,,,,,,,,,,,,,,,,,,
test_1503,data/raf-db/aligned/test_1503_aligned.jpg,1,surprise,test,,,,,,,,,,,,,,,,,,,,,,,,,,,,,,,,,,,,,,,,,,,,,,,,,,,,,
test_1504,data/raf-db/aligned/test_1504_aligned.jpg,1,surprise,test,,,,,,,,,,,,,,,,,,,,,,,,,,,,,,,,,,,,,,,,,,,,,,,,,,,,,
test_1505,data/raf-db/aligned/test_1505_aligned.jpg,4,happy,test,,,,,,,,,,,,,,,,,,,,,,,,,,,,,,,,,,,,,,,,,,,,,,,,,,,,,
test_1506,data/raf-db/aligned/test_1506_aligned.jpg,4,happy,test,,,,,,,,,,,,,,,,,,,,,,,,,,,,,,,,,,,,,,,,,,,,,,,,,,,,,
test_1507,data/raf-db/aligned/test_1507_aligned.jpg,4,happy,test,,,,,,,,,,,,,,,,,,,,,,,,,,,,,,,,,,,,,,,,,,,,,,,,,,,,,
test_1508,data/raf-db/aligned/test_1508_aligned.jpg,4,happy,test,,,,,,,,,,,,,,,,,,,,,,,,,,,,,,,,,,,,,,,,,,,,,,,,,,,,,
test_1509,data/raf-db/aligned/test_1509_aligned.jpg,5,sad,test,,,,,,,,,,,,,,,,,,,,,,,,,,,,,,,,,,,,,,,,,,,,,,,,,,,,,
test_1510,data/raf-db/aligned/test_1510_aligned.jpg,4,happy,test,,,,,,,,,,,,,,,,,,,,,,,,,,,,,,,,,,,,,,,,,,,,,,,,,,,,,
test_1511,data/raf-db/aligned/test_1511_aligned.jpg,3,disgust,test,,,,,,,,,,,,,,,,,,,,,,,,,,,,,,,,,,,,,,,,,,,,,,,,,,,,,
test_1512,data/raf-db/aligned/test_1512_aligned.jpg,4,happy,test,,,,,,,,,,,,,,,,,,,,,,,,,,,,,,,,,,,,,,,,,,,,,,,,,,,,,
test_1513,data/raf-db/aligned/test_1513_aligned.jpg,6,angry,test,,,,,,,,,,,,,,,,,,,,,,,,,,,,,,,,,,,,,,,,,,,,,,,,,,,,,
test_1514,data/raf-db/aligned/test_1514_aligned.jpg,4,happy,test,,,,,,,,,,,,,,,,,,,,,,,,,,,,,,,,,,,,,,,,,,,,,,,,,,,,,
test_1515,data/raf-db/aligned/test_1515_aligned.jpg,5,sad,test,,,,,,,,,,,,,,,,,,,,,,,,,,,,,,,,,,,,,,,,,,,,,,,,,,,,,
test_1516,data/raf-db/aligned/test_1516_aligned.jpg,4,happy,test,,,,,,,,,,,,,,,,,,,,,,,,,,,,,,,,,,,,,,,,,,,,,,,,,,,,,
test_1517,data/raf-db/aligned/test_1517_aligned.jpg,5,sad,test,,,,,,,,,,,,,,,,,,,,,,,,,,,,,,,,,,,,,,,,,,,,,,,,,,,,,
test_1518,data/raf-db/aligned/test_1518_aligned.jpg,4,happy,test,,,,,,,,,,,,,,,,,,,,,,,,,,,,,,,,,,,,,,,,,,,,,,,,,,,,,
test_1519,data/raf-db/aligned/test_1519_aligned.jpg,1,surprise,test,,,,,,,,,,,,,,,,,,,,,,,,,,,,,,,,,,,,,,,,,,,,,,,,,,,,,
test_1520,data/raf-db/aligned/test_1520_aligned.jpg,1,surprise,test,,,,,,,,,,,,,,,,,,,,,,,,,,,,,,,,,,,,,,,,,,,,,,,,,,,,,
test_1521,data/raf-db/aligned/test_1521_aligned.jpg,4,happy,test,,,,,,,,,,,,,,,,,,,,,,,,,,,,,,,,,,,,,,,,,,,,,,,,,,,,,
test_1522,data/raf-db/aligned/test_1522_aligned.jpg,4,happy,test,,,,,,,,,,,,,,,,,,,,,,,,,,,,,,,,,,,,,,,,,,,,,,,,,,,,,
test_1523,data/raf-db/aligned/test_1523_aligned.jpg,4,happy,test,,,,,,,,,,,,,,,,,,,,,,,,,,,,,,,,,,,,,,,,,,,,,,,,,,,,,
test_1524,data/raf-db/aligned/test_1524_aligned.jpg,4,happy,test,,,,,,,,,,,,,,,,,,,,,,,,,,,,,,,,,,,,,,,,,,,,,,,,,,,,,
test_1525,data/raf-db/aligned/test_1525_aligned.jpg,4,happy,test,,,,,,,,,,,,,,,,,,,,,,,,,,,,,,,,,,,,,,,,,,,,,,,,,,,,,
test_1526,data/raf-db/aligned/test_1526_aligned.jpg,4,happy,test,,,,,,,,,,,,,,,,,,,,,,,,,,,,,,,,,,,,,,,,,,,,,,,,,,,,,
test_1527,data/raf-db/aligned/test_1527_aligned.jpg,4,happy,test,,,,,,,,,,,,,,,,,,,,,,,,,,,,,,,,,,,,,,,,,,,,,,,,,,,,,
test_1528,data/raf-db/aligned/test_1528_aligned.jpg,4,happy,test,,,,,,,,,,,,,,,,,,,,,,,,,,,,,,,,,,,,,,,,,,,,,,,,,,,,,
test_1529,data/raf-db/aligned/test_1529_aligned.jpg,5,sad,test,,,,,,,,,,,,,,,,,,,,,,,,,,,,,,,,,,,,,,,,,,,,,,,,,,,,,
test_1530,data/raf-db/aligned/test_1530_aligned.jpg,1,surprise,test,,,,,,,,,,,,,,,,,,,,,,,,,,,,,,,,,,,,,,,,,,,,,,,,,,,,,
test_1531,data/raf-db/aligned/test_1531_aligned.jpg,4,happy,test,,,,,,,,,,,,,,,,,,,,,,,,,,,,,,,,,,,,,,,,,,,,,,,,,,,,,
test_1532,data/raf-db/aligned/test_1532_aligned.jpg,4,happy,test,,,,,,,,,,,,,,,,,,,,,,,,,,,,,,,,,,,,,,,,,,,,,,,,,,,,,
test_1533,data/raf-db/aligned/test_1533_aligned.jpg,3,disgust,test,,,,,,,,,,,,,,,,,,,,,,,,,,,,,,,,,,,,,,,,,,,,,,,,,,,,,
test_1534,data/raf-db/aligned/test_1534_aligned.jpg,6,angry,test,,,,,,,,,,,,,,,,,,,,,,,,,,,,,,,,,,,,,,,,,,,,,,,,,,,,,
test_1535,data/raf-db/aligned/test_1535_aligned.jpg,5,sad,test,,,,,,,,,,,,,,,,,,,,,,,,,,,,,,,,,,,,,,,,,,,,,,,,,,,,,
test_1536,data/raf-db/aligned/test_1536_aligned.jpg,5,sad,test,,,,,,,,,,,,,,,,,,,,,,,,,,,,,,,,,,,,,,,,,,,,,,,,,,,,,
test_1537,data/raf-db/aligned/test_1537_aligned.jpg,5,sad,test,,,,,,,,,,,,,,,,,,,,,,,,,,,,,,,,,,,,,,,,,,,,,,,,,,,,,
test_1538,data/raf-db/aligned/test_1538_aligned.jpg,4,happy,test,,,,,,,,,,,,,,,,,,,,,,,,,,,,,,,,,,,,,,,,,,,,,,,,,,,,,
test_1539,data/raf-db/aligned/test_1539_aligned.jpg,6,angry,test,,,,,,,,,,,,,,,,,,,,,,,,,,,,,,,,,,,,,,,,,,,,,,,,,,,,,
test_1540,data/raf-db/aligned/test_1540_aligned.jpg,4,happy,test,,,,,,,,,,,,,,,,,,,,,,,,,,,,,,,,,,,,,,,,,,,,,,,,,,,,,
test_1541,data/raf-db/aligned/test_1541_aligned.jpg,4,happy,test,,,,,,,,,,,,,,,,,,,,,,,,,,,,,,,,,,,,,,,,,,,,,,,,,,,,,
test_1542,data/raf-db/aligned/test_1542_aligned.jpg,5,sad,test,,,,,,,,,,,,,,,,,,,,,,,,,,,,,,,,,,,,,,,,,,,,,,,,,,,,,
test_1543,data/raf-db/aligned/test_1543_aligned.jpg,4,happy,test,,,,,,,,,,,,,,,,,,,,,,,,,,,,,,,,,,,,,,,,,,,,,,,,,,,,,
test_1544,data/raf-db/aligned/test_1544_aligned.jpg,4,happy,test,,,,,,,,,,,,,,,,,,,,,,,,,,,,,,,,,,,,,,,,,,,,,,,,,,,,,
test_1545,data/raf-db/aligned/test_1545_aligned.jpg,4,happy,test,,,,,,,,,,,,,,,,,,,,,,,,,,,,,,,,,,,,,,,,,,,,,,,,,,,,,
test_1546,data/raf-db/aligned/test_1546_aligned.jpg,5,sad,test,,,,,,,,,,,,,,,,,,,,,,,,,,,,,,,,,,,,,,,,,,,,,,,,,,,,,
test_1547,data/raf-db/aligned/test_1547_aligned.jpg,5,sad,test,,,,,,,,,,,,,,,,,,,,,,,,,,,,,,,,,,,,,,,,,,,,,,,,,,,,,
test_1548,data/raf-db/aligned/test_1548_aligned.jpg,4,happy,test,,,,,,,,,,,,,,,,,,,,,,,,,,,,,,,,,,,,,,,,,,,,,,,,,,,,,
test_1549,data/raf-db/aligned/test_1549_aligned.jpg,1,surprise,test,,,,,,,,,,,,,,,,,,,,,,,,,,,,,,,,,,,,,,,,,,,,,,,,,,,,,
test_1550,data/raf-db/aligned/test_1550_aligned.jpg,4,happy,test,,,,,,,,,,,,,,,,,,,,,,,,,,,,,,,,,,,,,,,,,,,,,,,,,,,,,
test_1551,data/raf-db/aligned/test_1551_aligned.jpg,1,surprise,test,,,,,,,,,,,,,,,,,,,,,,,,,,,,,,,,,,,,,,,,,,,,,,,,,,,,,
test_1552,data/raf-db/aligned/test_1552_aligned.jpg,4,happy,test,,,,,,,,,,,,,,,,,,,,,,,,,,,,,,,,,,,,,,,,,,,,,,,,,,,,,
test_1553,data/raf-db/aligned/test_1553_aligned.jpg,6,angry,test,,,,,,,,,,,,,,,,,,,,,,,,,,,,,,,,,,,,,,,,,,,,,,,,,,,,,
test_1554,data/raf-db/aligned/test_1554_aligned.jpg,4,happy,test,,,,,,,,,,,,,,,,,,,,,,,,,,,,,,,,,,,,,,,,,,,,,,,,,,,,,
test_1555,data/raf-db/aligned/test_1555_aligned.jpg,3,disgust,test,,,,,,,,,,,,,,,,,,,,,,,,,,,,,,,,,,,,,,,,,,,,,,,,,,,,,
test_1556,data/raf-db/aligned/test_1556_aligned.jpg,1,surprise,test,,,,,,,,,,,,,,,,,,,,,,,,,,,,,,,,,,,,,,,,,,,,,,,,,,,,,
test_1557,data/raf-db/aligned/test_1557_aligned.jpg,5,sad,test,,,,,,,,,,,,,,,,,,,,,,,,,,,,,,,,,,,,,,,,,,,,,,,,,,,,,
test_1558,data/raf-db/aligned/test_1558_aligned.jpg,4,happy,test,,,,,,,,,,,,,,,,,,,,,,,,,,,,,,,,,,,,,,,,,,,,,,,,,,,,,
test_1559,data/raf-db/aligned/test_1559_aligned.jpg,4,happy,test,,,,,,,,,,,,,,,,,,,,,,,,,,,,,,,,,,,,,,,,,,,,,,,,,,,,,
test_1560,data/raf-db/aligned/test_1560_aligned.jpg,4,happy,test,,,,,,,,,,,,,,,,,,,,,,,,,,,,,,,,,,,,,,,,,,,,,,,,,,,,,
test_1561,data/raf-db/aligned/test_1561_aligned.jpg,4,happy,test,,,,,,,,,,,,,,,,,,,,,,,,,,,,,,,,,,,,,,,,,,,,,,,,,,,,,
test_1562,data/raf-db/aligned/test_1562_aligned.jpg,4,happy,test,,,,,,,,,,,,,,,,,,,,,,,,,,,,,,,,,,,,,,,,,,,,,,,,,,,,,
test_1563,data/raf-db/aligned/test_1563_aligned.jpg,5,sad,test,,,,,,,,,,,,,,,,,,,,,,,,,,,,,,,,,,,,,,,,,,,,,,,,,,,,,
test_1564,data/raf-db/aligned/test_1564_aligned.jpg,4,happy,test,,,,,,,,,,,,,,,,,,,,,,,,,,,,,,,,,,,,,,,,,,,,,,,,,,,,,
test_1565,data/raf-db/aligned/test_1565_aligned.jpg,5,sad,test,,,,,,,,,,,,,,,,,,,,,,,,,,,,,,,,,,,,,,,,,,,,,,,,,,,,,
test_1566,data/raf-db/aligned/test_1566_aligned.jpg,5,sad,test,,,,,,,,,,,,,,,,,,,,,,,,,,,,,,,,,,,,,,,,,,,,,,,,,,,,,
test_1567,data/raf-db/aligned/test_1567_aligned.jpg,4,happy,test,,,,,,,,,,,,,,,,,,,,,,,,,,,,,,,,,,,,,,,,,,,,,,,,,,,,,
test_1568,data/raf-db/aligned/test_1568_aligned.jpg,6,angry,test,,,,,,,,,,,,,,,,,,,,,,,,,,,,,,,,,,,,,,,,,,,,,,,,,,,,,
test_1569,data/raf-db/aligned/test_1569_aligned.jpg,2,fear,test,,,,,,,,,,,,,,,,,,,,,,,,,,,,,,,,,,,,,,,,,,,,,,,,,,,,,
test_1570,data/raf-db/aligned/test_1570_aligned.jpg,4,happy,test,,,,,,,,,,,,,,,,,,,,,,,,,,,,,,,,,,,,,,,,,,,,,,,,,,,,,
test_1571,data/raf-db/aligned/test_1571_aligned.jpg,4,happy,test,,,,,,,,,,,,,,,,,,,,,,,,,,,,,,,,,,,,,,,,,,,,,,,,,,,,,
test_1572,data/raf-db/aligned/test_1572_aligned.jpg,6,angry,test,,,,,,,,,,,,,,,,,,,,,,,,,,,,,,,,,,,,,,,,,,,,,,,,,,,,,
test_1573,data/raf-db/aligned/test_1573_aligned.jpg,5,sad,test,,,,,,,,,,,,,,,,,,,,,,,,,,,,,,,,,,,,,,,,,,,,,,,,,,,,,
test_1574,data/raf-db/aligned/test_1574_aligned.jpg,5,sad,test,,,,,,,,,,,,,,,,,,,,,,,,,,,,,,,,,,,,,,,,,,,,,,,,,,,,,
test_1575,data/raf-db/aligned/test_1575_aligned.jpg,5,sad,test,,,,,,,,,,,,,,,,,,,,,,,,,,,,,,,,,,,,,,,,,,,,,,,,,,,,,
test_1576,data/raf-db/aligned/test_1576_aligned.jpg,5,sad,test,,,,,,,,,,,,,,,,,,,,,,,,,,,,,,,,,,,,,,,,,,,,,,,,,,,,,
test_1577,data/raf-db/aligned/test_1577_aligned.jpg,1,surprise,test,,,,,,,,,,,,,,,,,,,,,,,,,,,,,,,,,,,,,,,,,,,,,,,,,,,,,
test_1578,data/raf-db/aligned/test_1578_aligned.jpg,5,sad,test,,,,,,,,,,,,,,,,,,,,,,,,,,,,,,,,,,,,,,,,,,,,,,,,,,,,,
test_1579,data/raf-db/aligned/test_1579_aligned.jpg,4,happy,test,,,,,,,,,,,,,,,,,,,,,,,,,,,,,,,,,,,,,,,,,,,,,,,,,,,,,
test_1580,data/raf-db/aligned/test_1580_aligned.jpg,4,happy,test,,,,,,,,,,,,,,,,,,,,,,,,,,,,,,,,,,,,,,,,,,,,,,,,,,,,,
test_1581,data/raf-db/aligned/test_1581_aligned.jpg,4,happy,test,,,,,,,,,,,,,,,,,,,,,,,,,,,,,,,,,,,,,,,,,,,,,,,,,,,,,
test_1582,data/raf-db/aligned/test_1582_aligned.jpg,4,happy,test,,,,,,,,,,,,,,,,,,,,,,,,,,,,,,,,,,,,,,,,,,,,,,,,,,,,,
test_1583,data/raf-db/aligned/test_1583_aligned.jpg,4,happy,test,,,,,,,,,,,,,,,,,,,,,,,,,,,,,,,,,,,,,,,,,,,,,,,,,,,,,
test_1584,data/raf-db/aligned/test_1584_aligned.jpg,5,sad,test,,,,,,,,,,,,,,,,,,,,,,,,,,,,,,,,,,,,,,,,,,,,,,,,,,,,,
test_1585,data/raf-db/aligned/test_1585_aligned.jpg,6,angry,test,,,,,,,,,,,,,,,,,,,,,,,,,,,,,,,,,,,,,,,,,,,,,,,,,,,,,
test_1586,data/raf-db/aligned/test_1586_aligned.jpg,5,sad,test,,,,,,,,,,,,,,,,,,,,,,,,,,,,,,,,,,,,,,,,,,,,,,,,,,,,,
test_1587,data/raf-db/aligned/test_1587_aligned.jpg,1,surprise,test,,,,,,,,,,,,,,,,,,,,,,,,,,,,,,,,,,,,,,,,,,,,,,,,,,,,,
test_1588,data/raf-db/aligned/test_1588_aligned.jpg,4,happy,test,,,,,,,,,,,,,,,,,,,,,,,,,,,,,,,,,,,,,,,,,,,,,,,,,,,,,
test_1589,data/raf-db/aligned/test_1589_aligned.jpg,4,happy,test,,,,,,,,,,,,,,,,,,,,,,,,,,,,,,,,,,,,,,,,,,,,,,,,,,,,,
test_1590,data/raf-db/aligned/test_1590_aligned.jpg,1,surprise,test,,,,,,,,,,,,,,,,,,,,,,,,,,,,,,,,,,,,,,,,,,,,,,,,,,,,,
test_1591,data/raf-db/aligned/test_1591_aligned.jpg,4,happy,test,,,,,,,,,,,,,,,,,,,,,,,,,,,,,,,,,,,,,,,,,,,,,,,,,,,,,
test_1592,data/raf-db/aligned/test_1592_aligned.jpg,5,sad,test,,,,,,,,,,,,,,,,,,,,,,,,,,,,,,,,,,,,,,,,,,,,,,,,,,,,,
test_1593,data/raf-db/aligned/test_1593_aligned.jpg,4,happy,test,,,,,,,,,,,,,,,,,,,,,,,,,,,,,,,,,,,,,,,,,,,,,,,,,,,,,
test_1594,data/raf-db/aligned/test_1594_aligned.jpg,4,happy,test,,,,,,,,,,,,,,,,,,,,,,,,,,,,,,,,,,,,,,,,,,,,,,,,,,,,,
test_1595,data/raf-db/aligned/test_1595_aligned.jpg,4,happy,test,,,,,,,,,,,,,,,,,,,,,,,,,,,,,,,,,,,,,,,,,,,,,,,,,,,,,
test_1596,data/raf-db/aligned/test_1596_aligned.jpg,4,happy,test,,,,,,,,,,,,,,,,,,,,,,,,,,,,,,,,,,,,,,,,,,,,,,,,,,,,,
test_1597,data/raf-db/aligned/test_1597_aligned.jpg,4,happy,test,,,,,,,,,,,,,,,,,,,,,,,,,,,,,,,,,,,,,,,,,,,,,,,,,,,,,
test_1598,data/raf-db/aligned/test_1598_aligned.jpg,5,sad,test,,,,,,,,,,,,,,,,,,,,,,,,,,,,,,,,,,,,,,,,,,,,,,,,,,,,,
test_1599,data/raf-db/aligned/test_1599_aligned.jpg,3,disgust,test,,,,,,,,,,,,,,,,,,,,,,,,,,,,,,,,,,,,,,,,,,,,,,,,,,,,,
test_1600,data/raf-db/aligned/test_1600_aligned.jpg,4,happy,test,,,,,,,,,,,,,,,,,,,,,,,,,,,,,,,,,,,,,,,,,,,,,,,,,,,,,
test_1601,data/raf-db/aligned/test_1601_aligned.jpg,6,angry,test,,,,,,,,,,,,,,,,,,,,,,,,,,,,,,,,,,,,,,,,,,,,,,,,,,,,,
test_1602,data/raf-db/aligned/test_1602_aligned.jpg,6,angry,test,,,,,,,,,,,,,,,,,,,,,,,,,,,,,,,,,,,,,,,,,,,,,,,,,,,,,
test_1603,data/raf-db/aligned/test_1603_aligned.jpg,5,sad,test,,,,,,,,,,,,,,,,,,,,,,,,,,,,,,,,,,,,,,,,,,,,,,,,,,,,,
test_1604,data/raf-db/aligned/test_1604_aligned.jpg,1,surprise,test,,,,,,,,,,,,,,,,,,,,,,,,,,,,,,,,,,,,,,,,,,,,,,,,,,,,,
test_1605,data/raf-db/aligned/test_1605_aligned.jpg,4,happy,test,,,,,,,,,,,,,,,,,,,,,,,,,,,,,,,,,,,,,,,,,,,,,,,,,,,,,
test_1606,data/raf-db/aligned/test_1606_aligned.jpg,5,sad,test,,,,,,,,,,,,,,,,,,,,,,,,,,,,,,,,,,,,,,,,,,,,,,,,,,,,,
test_1607,data/raf-db/aligned/test_1607_aligned.jpg,5,sad,test,,,,,,,,,,,,,,,,,,,,,,,,,,,,,,,,,,,,,,,,,,,,,,,,,,,,,
test_1608,data/raf-db/aligned/test_1608_aligned.jpg,1,surprise,test,,,,,,,,,,,,,,,,,,,,,,,,,,,,,,,,,,,,,,,,,,,,,,,,,,,,,
test_1609,data/raf-db/aligned/test_1609_aligned.jpg,1,surprise,test,,,,,,,,,,,,,,,,,,,,,,,,,,,,,,,,,,,,,,,,,,,,,,,,,,,,,
test_1610,data/raf-db/aligned/test_1610_aligned.jpg,1,surprise,test,,,,,,,,,,,,,,,,,,,,,,,,,,,,,,,,,,,,,,,,,,,,,,,,,,,,,
test_1611,data/raf-db/aligned/test_1611_aligned.jpg,5,sad,test,,,,,,,,,,,,,,,,,,,,,,,,,,,,,,,,,,,,,,,,,,,,,,,,,,,,,
test_1612,data/raf-db/aligned/test_1612_aligned.jpg,5,sad,test,,,,,,,,,,,,,,,,,,,,,,,,,,,,,,,,,,,,,,,,,,,,,,,,,,,,,
test_1613,data/raf-db/aligned/test_1613_aligned.jpg,5,sad,test,,,,,,,,,,,,,,,,,,,,,,,,,,,,,,,,,,,,,,,,,,,,,,,,,,,,,
test_1614,data/raf-db/aligned/test_1614_aligned.jpg,4,happy,test,,,,,,,,,,,,,,,,,,,,,,,,,,,,,,,,,,,,,,,,,,,,,,,,,,,,,
test_1615,data/raf-db/aligned/test_1615_aligned.jpg,5,sad,test,,,,,,,,,,,,,,,,,,,,,,,,,,,,,,,,,,,,,,,,,,,,,,,,,,,,,
test_1616,data/raf-db/aligned/test_1616_aligned.jpg,4,happy,test,,,,,,,,,,,,,,,,,,,,,,,,,,,,,,,,,,,,,,,,,,,,,,,,,,,,,
test_1617,data/raf-db/aligned/test_1617_aligned.jpg,4,happy,test,,,,,,,,,,,,,,,,,,,,,,,,,,,,,,,,,,,,,,,,,,,,,,,,,,,,,
test_1618,data/raf-db/aligned/test_1618_aligned.jpg,1,surprise,test,,,,,,,,,,,,,,,,,,,,,,,,,,,,,,,,,,,,,,,,,,,,,,,,,,,,,
test_1619,data/raf-db/aligned/test_1619_aligned.jpg,5,sad,test,,,,,,,,,,,,,,,,,,,,,,,,,,,,,,,,,,,,,,,,,,,,,,,,,,,,,
test_1620,data/raf-db/aligned/test_1620_aligned.jpg,6,angry,test,,,,,,,,,,,,,,,,,,,,,,,,,,,,,,,,,,,,,,,,,,,,,,,,,,,,,
test_1621,data/raf-db/aligned/test_1621_aligned.jpg,5,sad,test,,,,,,,,,,,,,,,,,,,,,,,,,,,,,,,,,,,,,,,,,,,,,,,,,,,,,
test_1622,data/raf-db/aligned/test_1622_aligned.jpg,5,sad,test,,,,,,,,,,,,,,,,,,,,,,,,,,,,,,,,,,,,,,,,,,,,,,,,,,,,,
test_1623,data/raf-db/aligned/test_1623_aligned.jpg,6,angry,test,,,,,,,,,,,,,,,,,,,,,,,,,,,,,,,,,,,,,,,,,,,,,,,,,,,,,
test_1624,data/raf-db/aligned/test_1624_aligned.jpg,3,disgust,test,,,,,,,,,,,,,,,,,,,,,,,,,,,,,,,,,,,,,,,,,,,,,,,,,,,,,
test_1625,data/raf-db/aligned/test_1625_aligned.jpg,6,angry,test,,,,,,,,,,,,,,,,,,,,,,,,,,,,,,,,,,,,,,,,,,,,,,,,,,,,,
test_1626,data/raf-db/aligned/test_1626_aligned.jpg,6,angry,test,,,,,,,,,,,,,,,,,,,,,,,,,,,,,,,,,,,,,,,,,,,,,,,,,,,,,
test_1627,data/raf-db/aligned/test_1627_aligned.jpg,3,disgust,test,,,,,,,,,,,,,,,,,,,,,,,,,,,,,,,,,,,,,,,,,,,,,,,,,,,,,
test_1628,data/raf-db/aligned/test_1628_aligned.jpg,4,happy,test,,,,,,,,,,,,,,,,,,,,,,,,,,,,,,,,,,,,,,,,,,,,,,,,,,,,,
test_1629,data/raf-db/aligned/test_1629_aligned.jpg,4,happy,test,,,,,,,,,,,,,,,,,,,,,,,,,,,,,,,,,,,,,,,,,,,,,,,,,,,,,
test_1630,data/raf-db/aligned/test_1630_aligned.jpg,5,sad,test,,,,,,,,,,,,,,,,,,,,,,,,,,,,,,,,,,,,,,,,,,,,,,,,,,,,,
test_1631,data/raf-db/aligned/test_1631_aligned.jpg,4,happy,test,,,,,,,,,,,,,,,,,,,,,,,,,,,,,,,,,,,,,,,,,,,,,,,,,,,,,
test_1632,data/raf-db/aligned/test_1632_aligned.jpg,5,sad,test,,,,,,,,,,,,,,,,,,,,,,,,,,,,,,,,,,,,,,,,,,,,,,,,,,,,,
test_1633,data/raf-db/aligned/test_1633_aligned.jpg,4,happy,test,,,,,,,,,,,,,,,,,,,,,,,,,,,,,,,,,,,,,,,,,,,,,,,,,,,,,
test_1634,data/raf-db/aligned/test_1634_aligned.jpg,5,sad,test,,,,,,,,,,,,,,,,,,,,,,,,,,,,,,,,,,,,,,,,,,,,,,,,,,,,,
test_1635,data/raf-db/aligned/test_1635_aligned.jpg,4,happy,test,,,,,,,,,,,,,,,,,,,,,,,,,,,,,,,,,,,,,,,,,,,,,,,,,,,,,
test_1636,data/raf-db/aligned/test_1636_aligned.jpg,4,happy,test,,,,,,,,,,,,,,,,,,,,,,,,,,,,,,,,,,,,,,,,,,,,,,,,,,,,,
test_1637,data/raf-db/aligned/test_1637_aligned.jpg,5,sad,test,,,,,,,,,,,,,,,,,,,,,,,,,,,,,,,,,,,,,,,,,,,,,,,,,,,,,
test_1638,data/raf-db/aligned/test_1638_aligned.jpg,1,surprise,test,,,,,,,,,,,,,,,,,,,,,,,,,,,,,,,,,,,,,,,,,,,,,,,,,,,,,
test_1639,data/raf-db/aligned/test_1639_aligned.jpg,5,sad,test,,,,,,,,,,,,,,,,,,,,,,,,,,,,,,,,,,,,,,,,,,,,,,,,,,,,,
test_1640,data/raf-db/aligned/test_1640_aligned.jpg,4,happy,test,,,,,,,,,,,,,,,,,,,,,,,,,,,,,,,,,,,,,,,,,,,,,,,,,,,,,
test_1641,data/raf-db/aligned/test_1641_aligned.jpg,4,happy,test,,,,,,,,,,,,,,,,,,,,,,,,,,,,,,,,,,,,,,,,,,,,,,,,,,,,,
test_1642,data/raf-db/aligned/test_1642_aligned.jpg,5,sad,test,,,,,,,,,,,,,,,,,,,,,,,,,,,,,,,,,,,,,,,,,,,,,,,,,,,,,
test_1643,data/raf-db/aligned/test_1643_aligned.jpg,6,angry,test,,,,,,,,,,,,,,,,,,,,,,,,,,,,,,,,,,,,,,,,,,,,,,,,,,,,,
test_1644,data/raf-db/aligned/test_1644_aligned.jpg,4,happy,test,,,,,,,,,,,,,,,,,,,,,,,,,,,,,,,,,,,,,,,,,,,,,,,,,,,,,
test_1645,data/raf-db/aligned/test_1645_aligned.jpg,5,sad,test,,,,,,,,,,,,,,,,,,,,,,,,,,,,,,,,,,,,,,,,,,,,,,,,,,,,,
test_1646,data/raf-db/aligned/test_1646_aligned.jpg,5,sad,test,,,,,,,,,,,,,,,,,,,,,,,,,,,,,,,,,,,,,,,,,,,,,,,,,,,,,
test_1647,data/raf-db/aligned/test_1647_aligned.jpg,4,happy,test,,,,,,,,,,,,,,,,,,,,,,,,,,,,,,,,,,,,,,,,,,,,,,,,,,,,,
test_1648,data/raf-db/aligned/test_1648_aligned.jpg,4,happy,test,,,,,,,,,,,,,,,,,,,,,,,,,,,,,,,,,,,,,,,,,,,,,,,,,,,,,
test_1649,data/raf-db/aligned/test_1649_aligned.jpg,6,angry,test,,,,,,,,,,,,,,,,,,,,,,,,,,,,,,,,,,,,,,,,,,,,,,,,,,,,,
test_1650,data/raf-db/aligned/test_1650_aligned.jpg,6,angry,test,,,,,,,,,,,,,,,,,,,,,,,,,,,,,,,,,,,,,,,,,,,,,,,,,,,,,
test_1651,data/raf-db/aligned/test_1651_aligned.jpg,1,surprise,test,,,,,,,,,,,,,,,,,,,,,,,,,,,,,,,,,,,,,,,,,,,,,,,,,,,,,
test_1652,data/raf-db/aligned/test_1652_aligned.jpg,5,sad,test,,,,,,,,,,,,,,,,,,,,,,,,,,,,,,,,,,,,,,,,,,,,,,,,,,,,,
test_1653,data/raf-db/aligned/test_1653_aligned.jpg,3,disgust,test,,,,,,,,,,,,,,,,,,,,,,,,,,,,,,,,,,,,,,,,,,,,,,,,,,,,,
test_1654,data/raf-db/aligned/test_1654_aligned.jpg,5,sad,test,,,,,,,,,,,,,,,,,,,,,,,,,,,,,,,,,,,,,,,,,,,,,,,,,,,,,
test_1655,data/raf-db/aligned/test_1655_aligned.jpg,4,happy,test,,,,,,,,,,,,,,,,,,,,,,,,,,,,,,,,,,,,,,,,,,,,,,,,,,,,,
test_1656,data/raf-db/aligned/test_1656_aligned.jpg,4,happy,test,,,,,,,,,,,,,,,,,,,,,,,,,,,,,,,,,,,,,,,,,,,,,,,,,,,,,
test_1657,data/raf-db/aligned/test_1657_aligned.jpg,5,sad,test,,,,,,,,,,,,,,,,,,,,,,,,,,,,,,,,,,,,,,,,,,,,,,,,,,,,,
test_1658,data/raf-db/aligned/test_1658_aligned.jpg,4,happy,test,,,,,,,,,,,,,,,,,,,,,,,,,,,,,,,,,,,,,,,,,,,,,,,,,,,,,
test_1659,data/raf-db/aligned/test_1659_aligned.jpg,4,happy,test,,,,,,,,,,,,,,,,,,,,,,,,,,,,,,,,,,,,,,,,,,,,,,,,,,,,,
test_1660,data/raf-db/aligned/test_1660_aligned.jpg,5,sad,test,,,,,,,,,,,,,,,,,,,,,,,,,,,,,,,,,,,,,,,,,,,,,,,,,,,,,
test_1661,data/raf-db/aligned/test_1661_aligned.jpg,1,surprise,test,,,,,,,,,,,,,,,,,,,,,,,,,,,,,,,,,,,,,,,,,,,,,,,,,,,,,
test_1662,data/raf-db/aligned/test_1662_aligned.jpg,5,sad,test,,,,,,,,,,,,,,,,,,,,,,,,,,,,,,,,,,,,,,,,,,,,,,,,,,,,,
test_1663,data/raf-db/aligned/test_1663_aligned.jpg,5,sad,test,,,,,,,,,,,,,,,,,,,,,,,,,,,,,,,,,,,,,,,,,,,,,,,,,,,,,
test_1664,data/raf-db/aligned/test_1664_aligned.jpg,5,sad,test,,,,,,,,,,,,,,,,,,,,,,,,,,,,,,,,,,,,,,,,,,,,,,,,,,,,,
test_1665,data/raf-db/aligned/test_1665_aligned.jpg,4,happy,test,,,,,,,,,,,,,,,,,,,,,,,,,,,,,,,,,,,,,,,,,,,,,,,,,,,,,
test_1666,data/raf-db/aligned/test_1666_aligned.jpg,5,sad,test,,,,,,,,,,,,,,,,,,,,,,,,,,,,,,,,,,,,,,,,,,,,,,,,,,,,,
test_1667,data/raf-db/aligned/test_1667_aligned.jpg,4,happy,test,,,,,,,,,,,,,,,,,,,,,,,,,,,,,,,,,,,,,,,,,,,,,,,,,,,,,
test_1668,data/raf-db/aligned/test_1668_aligned.jpg,5,sad,test,,,,,,,,,,,,,,,,,,,,,,,,,,,,,,,,,,,,,,,,,,,,,,,,,,,,,
test_1669,data/raf-db/aligned/test_1669_aligned.jpg,6,angry,test,,,,,,,,,,,,,,,,,,,,,,,,,,,,,,,,,,,,,,,,,,,,,,,,,,,,,
test_1670,data/raf-db/aligned/test_1670_aligned.jpg,1,surprise,test,,,,,,,,,,,,,,,,,,,,,,,,,,,,,,,,,,,,,,,,,,,,,,,,,,,,,
test_1671,data/raf-db/aligned/test_1671_aligned.jpg,3,disgust,test,,,,,,,,,,,,,,,,,,,,,,,,,,,,,,,,,,,,,,,,,,,,,,,,,,,,,
test_1672,data/raf-db/aligned/test_1672_aligned.jpg,1,surprise,test,,,,,,,,,,,,,,,,,,,,,,,,,,,,,,,,,,,,,,,,,,,,,,,,,,,,,
test_1673,data/raf-db/aligned/test_1673_aligned.jpg,5,sad,test,,,,,,,,,,,,,,,,,,,,,,,,,,,,,,,,,,,,,,,,,,,,,,,,,,,,,
test_1674,data/raf-db/aligned/test_1674_aligned.jpg,5,sad,test,,,,,,,,,,,,,,,,,,,,,,,,,,,,,,,,,,,,,,,,,,,,,,,,,,,,,
test_1675,data/raf-db/aligned/test_1675_aligned.jpg,5,sad,test,,,,,,,,,,,,,,,,,,,,,,,,,,,,,,,,,,,,,,,,,,,,,,,,,,,,,
test_1676,data/raf-db/aligned/test_1676_aligned.jpg,4,happy,test,,,,,,,,,,,,,,,,,,,,,,,,,,,,,,,,,,,,,,,,,,,,,,,,,,,,,
test_1677,data/raf-db/aligned/test_1677_aligned.jpg,4,happy,test,,,,,,,,,,,,,,,,,,,,,,,,,,,,,,,,,,,,,,,,,,,,,,,,,,,,,
test_1678,data/raf-db/aligned/test_1678_aligned.jpg,4,happy,test,,,,,,,,,,,,,,,,,,,,,,,,,,,,,,,,,,,,,,,,,,,,,,,,,,,,,
test_1679,data/raf-db/aligned/test_1679_aligned.jpg,4,happy,test,,,,,,,,,,,,,,,,,,,,,,,,,,,,,,,,,,,,,,,,,,,,,,,,,,,,,
test_1680,data/raf-db/aligned/test_1680_aligned.jpg,3,disgust,test,,,,,,,,,,,,,,,,,,,,,,,,,,,,,,,,,,,,,,,,,,,,,,,,,,,,,
test_1681,data/raf-db/aligned/test_1681_aligned.jpg,6,angry,test,,,,,,,,,,,,,,,,,,,,,,,,,,,,,,,,,,,,,,,,,,,,,,,,,,,,,
test_1682,data/raf-db/aligned/test_1682_aligned.jpg,5,sad,test,,,,,,,,,,,,,,,,,,,,,,,,,,,,,,,,,,,,,,,,,,,,,,,,,,,,,
test_1683,data/raf-db/aligned/test_1683_aligned.jpg,6,angry,test,,,,,,,,,,,,,,,,,,,,,,,,,,,,,,,,,,,,,,,,,,,,,,,,,,,,,
test_1684,data/raf-db/aligned/test_1684_aligned.jpg,6,angry,test,,,,,,,,,,,,,,,,,,,,,,,,,,,,,,,,,,,,,,,,,,,,,,,,,,,,,
test_1685,data/raf-db/aligned/test_1685_aligned.jpg,6,angry,test,,,,,,,,,,,,,,,,,,,,,,,,,,,,,,,,,,,,,,,,,,,,,,,,,,,,,
test_1686,data/raf-db/aligned/test_1686_aligned.jpg,4,happy,test,,,,,,,,,,,,,,,,,,,,,,,,,,,,,,,,,,,,,,,,,,,,,,,,,,,,,
test_1687,data/raf-db/aligned/test_1687_aligned.jpg,5,sad,test,,,,,,,,,,,,,,,,,,,,,,,,,,,,,,,,,,,,,,,,,,,,,,,,,,,,,
test_1688,data/raf-db/aligned/test_1688_aligned.jpg,5,sad,test,,,,,,,,,,,,,,,,,,,,,,,,,,,,,,,,,,,,,,,,,,,,,,,,,,,,,
test_1689,data/raf-db/aligned/test_1689_aligned.jpg,6,angry,test,,,,,,,,,,,,,,,,,,,,,,,,,,,,,,,,,,,,,,,,,,,,,,,,,,,,,
test_1690,data/raf-db/aligned/test_1690_aligned.jpg,4,happy,test,,,,,,,,,,,,,,,,,,,,,,,,,,,,,,,,,,,,,,,,,,,,,,,,,,,,,
test_1691,data/raf-db/aligned/test_1691_aligned.jpg,6,angry,test,,,,,,,,,,,,,,,,,,,,,,,,,,,,,,,,,,,,,,,,,,,,,,,,,,,,,
test_1692,data/raf-db/aligned/test_1692_aligned.jpg,4,happy,test,,,,,,,,,,,,,,,,,,,,,,,,,,,,,,,,,,,,,,,,,,,,,,,,,,,,,
test_1693,data/raf-db/aligned/test_1693_aligned.jpg,4,happy,test,,,,,,,,,,,,,,,,,,,,,,,,,,,,,,,,,,,,,,,,,,,,,,,,,,,,,
test_1694,data/raf-db/aligned/test_1694_aligned.jpg,4,happy,test,,,,,,,,,,,,,,,,,,,,,,,,,,,,,,,,,,,,,,,,,,,,,,,,,,,,,
test_1695,data/raf-db/aligned/test_1695_aligned.jpg,4,happy,test,,,,,,,,,,,,,,,,,,,,,,,,,,,,,,,,,,,,,,,,,,,,,,,,,,,,,
test_1696,data/raf-db/aligned/test_1696_aligned.jpg,4,happy,test,,,,,,,,,,,,,,,,,,,,,,,,,,,,,,,,,,,,,,,,,,,,,,,,,,,,,
test_1697,data/raf-db/aligned/test_1697_aligned.jpg,4,happy,test,,,,,,,,,,,,,,,,,,,,,,,,,,,,,,,,,,,,,,,,,,,,,,,,,,,,,
test_1698,data/raf-db/aligned/test_1698_aligned.jpg,5,sad,test,,,,,,,,,,,,,,,,,,,,,,,,,,,,,,,,,,,,,,,,,,,,,,,,,,,,,
test_1699,data/raf-db/aligned/test_1699_aligned.jpg,4,happy,test,,,,,,,,,,,,,,,,,,,,,,,,,,,,,,,,,,,,,,,,,,,,,,,,,,,,,
test_1700,data/raf-db/aligned/test_1700_aligned.jpg,5,sad,test,,,,,,,,,,,,,,,,,,,,,,,,,,,,,,,,,,,,,,,,,,,,,,,,,,,,,
test_1701,data/raf-db/aligned/test_1701_aligned.jpg,4,happy,test,,,,,,,,,,,,,,,,,,,,,,,,,,,,,,,,,,,,,,,,,,,,,,,,,,,,,
test_1702,data/raf-db/aligned/test_1702_aligned.jpg,4,happy,test,,,,,,,,,,,,,,,,,,,,,,,,,,,,,,,,,,,,,,,,,,,,,,,,,,,,,
test_1703,data/raf-db/aligned/test_1703_aligned.jpg,4,happy,test,,,,,,,,,,,,,,,,,,,,,,,,,,,,,,,,,,,,,,,,,,,,,,,,,,,,,
test_1704,data/raf-db/aligned/test_1704_aligned.jpg,4,happy,test,,,,,,,,,,,,,,,,,,,,,,,,,,,,,,,,,,,,,,,,,,,,,,,,,,,,,
test_1705,data/raf-db/aligned/test_1705_aligned.jpg,4,happy,test,,,,,,,,,,,,,,,,,,,,,,,,,,,,,,,,,,,,,,,,,,,,,,,,,,,,,
test_1706,data/raf-db/aligned/test_1706_aligned.jpg,4,happy,test,,,,,,,,,,,,,,,,,,,,,,,,,,,,,,,,,,,,,,,,,,,,,,,,,,,,,
test_1707,data/raf-db/aligned/test_1707_aligned.jpg,4,happy,test,,,,,,,,,,,,,,,,,,,,,,,,,,,,,,,,,,,,,,,,,,,,,,,,,,,,,
test_1708,data/raf-db/aligned/test_1708_aligned.jpg,4,happy,test,,,,,,,,,,,,,,,,,,,,,,,,,,,,,,,,,,,,,,,,,,,,,,,,,,,,,
test_1709,data/raf-db/aligned/test_1709_aligned.jpg,5,sad,test,,,,,,,,,,,,,,,,,,,,,,,,,,,,,,,,,,,,,,,,,,,,,,,,,,,,,
test_1710,data/raf-db/aligned/test_1710_aligned.jpg,4,happy,test,,,,,,,,,,,,,,,,,,,,,,,,,,,,,,,,,,,,,,,,,,,,,,,,,,,,,
test_1711,data/raf-db/aligned/test_1711_aligned.jpg,5,sad,test,,,,,,,,,,,,,,,,,,,,,,,,,,,,,,,,,,,,,,,,,,,,,,,,,,,,,
test_1712,data/raf-db/aligned/test_1712_aligned.jpg,4,happy,test,,,,,,,,,,,,,,,,,,,,,,,,,,,,,,,,,,,,,,,,,,,,,,,,,,,,,
test_1713,data/raf-db/aligned/test_1713_aligned.jpg,4,happy,test,,,,,,,,,,,,,,,,,,,,,,,,,,,,,,,,,,,,,,,,,,,,,,,,,,,,,
test_1714,data/raf-db/aligned/test_1714_aligned.jpg,1,surprise,test,,,,,,,,,,,,,,,,,,,,,,,,,,,,,,,,,,,,,,,,,,,,,,,,,,,,,
test_1715,data/raf-db/aligned/test_1715_aligned.jpg,5,sad,test,,,,,,,,,,,,,,,,,,,,,,,,,,,,,,,,,,,,,,,,,,,,,,,,,,,,,
test_1716,data/raf-db/aligned/test_1716_aligned.jpg,5,sad,test,,,,,,,,,,,,,,,,,,,,,,,,,,,,,,,,,,,,,,,,,,,,,,,,,,,,,
test_1717,data/raf-db/aligned/test_1717_aligned.jpg,4,happy,test,,,,,,,,,,,,,,,,,,,,,,,,,,,,,,,,,,,,,,,,,,,,,,,,,,,,,
test_1718,data/raf-db/aligned/test_1718_aligned.jpg,4,happy,test,,,,,,,,,,,,,,,,,,,,,,,,,,,,,,,,,,,,,,,,,,,,,,,,,,,,,
test_1719,data/raf-db/aligned/test_1719_aligned.jpg,4,happy,test,,,,,,,,,,,,,,,,,,,,,,,,,,,,,,,,,,,,,,,,,,,,,,,,,,,,,
test_1720,data/raf-db/aligned/test_1720_aligned.jpg,5,sad,test,,,,,,,,,,,,,,,,,,,,,,,,,,,,,,,,,,,,,,,,,,,,,,,,,,,,,
test_1721,data/raf-db/aligned/test_1721_aligned.jpg,5,sad,test,,,,,,,,,,,,,,,,,,,,,,,,,,,,,,,,,,,,,,,,,,,,,,,,,,,,,
test_1722,data/raf-db/aligned/test_1722_aligned.jpg,1,surprise,test,,,,,,,,,,,,,,,,,,,,,,,,,,,,,,,,,,,,,,,,,,,,,,,,,,,,,
test_1723,data/raf-db/aligned/test_1723_aligned.jpg,5,sad,test,,,,,,,,,,,,,,,,,,,,,,,,,,,,,,,,,,,,,,,,,,,,,,,,,,,,,
test_1724,data/raf-db/aligned/test_1724_aligned.jpg,4,happy,test,,,,,,,,,,,,,,,,,,,,,,,,,,,,,,,,,,,,,,,,,,,,,,,,,,,,,
test_1725,data/raf-db/aligned/test_1725_aligned.jpg,1,surprise,test,,,,,,,,,,,,,,,,,,,,,,,,,,,,,,,,,,,,,,,,,,,,,,,,,,,,,
test_1726,data/raf-db/aligned/test_1726_aligned.jpg,4,happy,test,,,,,,,,,,,,,,,,,,,,,,,,,,,,,,,,,,,,,,,,,,,,,,,,,,,,,
test_1727,data/raf-db/aligned/test_1727_aligned.jpg,1,surprise,test,,,,,,,,,,,,,,,,,,,,,,,,,,,,,,,,,,,,,,,,,,,,,,,,,,,,,
test_1728,data/raf-db/aligned/test_1728_aligned.jpg,5,sad,test,,,,,,,,,,,,,,,,,,,,,,,,,,,,,,,,,,,,,,,,,,,,,,,,,,,,,
test_1729,data/raf-db/aligned/test_1729_aligned.jpg,4,happy,test,,,,,,,,,,,,,,,,,,,,,,,,,,,,,,,,,,,,,,,,,,,,,,,,,,,,,
test_1730,data/raf-db/aligned/test_1730_aligned.jpg,5,sad,test,,,,,,,,,,,,,,,,,,,,,,,,,,,,,,,,,,,,,,,,,,,,,,,,,,,,,
test_1731,data/raf-db/aligned/test_1731_aligned.jpg,5,sad,test,,,,,,,,,,,,,,,,,,,,,,,,,,,,,,,,,,,,,,,,,,,,,,,,,,,,,
test_1732,data/raf-db/aligned/test_1732_aligned.jpg,1,surprise,test,,,,,,,,,,,,,,,,,,,,,,,,,,,,,,,,,,,,,,,,,,,,,,,,,,,,,
test_1733,data/raf-db/aligned/test_1733_aligned.jpg,4,happy,test,,,,,,,,,,,,,,,,,,,,,,,,,,,,,,,,,,,,,,,,,,,,,,,,,,,,,
test_1734,data/raf-db/aligned/test_1734_aligned.jpg,4,happy,test,,,,,,,,,,,,,,,,,,,,,,,,,,,,,,,,,,,,,,,,,,,,,,,,,,,,,
test_1735,data/raf-db/aligned/test_1735_aligned.jpg,5,sad,test,,,,,,,,,,,,,,,,,,,,,,,,,,,,,,,,,,,,,,,,,,,,,,,,,,,,,
test_1736,data/raf-db/aligned/test_1736_aligned.jpg,5,sad,test,,,,,,,,,,,,,,,,,,,,,,,,,,,,,,,,,,,,,,,,,,,,,,,,,,,,,
test_1737,data/raf-db/aligned/test_1737_aligned.jpg,5,sad,test,,,,,,,,,,,,,,,,,,,,,,,,,,,,,,,,,,,,,,,,,,,,,,,,,,,,,
test_1738,data/raf-db/aligned/test_1738_aligned.jpg,1,surprise,test,,,,,,,,,,,,,,,,,,,,,,,,,,,,,,,,,,,,,,,,,,,,,,,,,,,,,
test_1739,data/raf-db/aligned/test_1739_aligned.jpg,6,angry,test,,,,,,,,,,,,,,,,,,,,,,,,,,,,,,,,,,,,,,,,,,,,,,,,,,,,,
test_1740,data/raf-db/aligned/test_1740_aligned.jpg,5,sad,test,,,,,,,,,,,,,,,,,,,,,,,,,,,,,,,,,,,,,,,,,,,,,,,,,,,,,
test_1741,data/raf-db/aligned/test_1741_aligned.jpg,6,angry,test,,,,,,,,,,,,,,,,,,,,,,,,,,,,,,,,,,,,,,,,,,,,,,,,,,,,,
test_1742,data/raf-db/aligned/test_1742_aligned.jpg,5,sad,test,,,,,,,,,,,,,,,,,,,,,,,,,,,,,,,,,,,,,,,,,,,,,,,,,,,,,
test_1743,data/raf-db/aligned/test_1743_aligned.jpg,4,happy,test,,,,,,,,,,,,,,,,,,,,,,,,,,,,,,,,,,,,,,,,,,,,,,,,,,,,,
test_1744,data/raf-db/aligned/test_1744_aligned.jpg,1,surprise,test,,,,,,,,,,,,,,,,,,,,,,,,,,,,,,,,,,,,,,,,,,,,,,,,,,,,,
test_1745,data/raf-db/aligned/test_1745_aligned.jpg,5,sad,test,,,,,,,,,,,,,,,,,,,,,,,,,,,,,,,,,,,,,,,,,,,,,,,,,,,,,
test_1746,data/raf-db/aligned/test_1746_aligned.jpg,6,angry,test,,,,,,,,,,,,,,,,,,,,,,,,,,,,,,,,,,,,,,,,,,,,,,,,,,,,,
test_1747,data/raf-db/aligned/test_1747_aligned.jpg,5,sad,test,,,,,,,,,,,,,,,,,,,,,,,,,,,,,,,,,,,,,,,,,,,,,,,,,,,,,
test_1748,data/raf-db/aligned/test_1748_aligned.jpg,5,sad,test,,,,,,,,,,,,,,,,,,,,,,,,,,,,,,,,,,,,,,,,,,,,,,,,,,,,,
test_1749,data/raf-db/aligned/test_1749_aligned.jpg,4,happy,test,,,,,,,,,,,,,,,,,,,,,,,,,,,,,,,,,,,,,,,,,,,,,,,,,,,,,
test_1750,data/raf-db/aligned/test_1750_aligned.jpg,1,surprise,test,,,,,,,,,,,,,,,,,,,,,,,,,,,,,,,,,,,,,,,,,,,,,,,,,,,,,
test_1751,data/raf-db/aligned/test_1751_aligned.jpg,6,angry,test,,,,,,,,,,,,,,,,,,,,,,,,,,,,,,,,,,,,,,,,,,,,,,,,,,,,,
test_1752,data/raf-db/aligned/test_1752_aligned.jpg,4,happy,test,,,,,,,,,,,,,,,,,,,,,,,,,,,,,,,,,,,,,,,,,,,,,,,,,,,,,
test_1753,data/raf-db/aligned/test_1753_aligned.jpg,5,sad,test,,,,,,,,,,,,,,,,,,,,,,,,,,,,,,,,,,,,,,,,,,,,,,,,,,,,,
test_1754,data/raf-db/aligned/test_1754_aligned.jpg,5,sad,test,,,,,,,,,,,,,,,,,,,,,,,,,,,,,,,,,,,,,,,,,,,,,,,,,,,,,
test_1755,data/raf-db/aligned/test_1755_aligned.jpg,4,happy,test,,,,,,,,,,,,,,,,,,,,,,,,,,,,,,,,,,,,,,,,,,,,,,,,,,,,,
test_1756,data/raf-db/aligned/test_1756_aligned.jpg,6,angry,test,,,,,,,,,,,,,,,,,,,,,,,,,,,,,,,,,,,,,,,,,,,,,,,,,,,,,
test_1757,data/raf-db/aligned/test_1757_aligned.jpg,4,happy,test,,,,,,,,,,,,,,,,,,,,,,,,,,,,,,,,,,,,,,,,,,,,,,,,,,,,,
test_1758,data/raf-db/aligned/test_1758_aligned.jpg,5,sad,test,,,,,,,,,,,,,,,,,,,,,,,,,,,,,,,,,,,,,,,,,,,,,,,,,,,,,
test_1759,data/raf-db/aligned/test_1759_aligned.jpg,1,surprise,test,,,,,,,,,,,,,,,,,,,,,,,,,,,,,,,,,,,,,,,,,,,,,,,,,,,,,
test_1760,data/raf-db/aligned/test_1760_aligned.jpg,6,angry,test,,,,,,,,,,,,,,,,,,,,,,,,,,,,,,,,,,,,,,,,,,,,,,,,,,,,,
test_1761,data/raf-db/aligned/test_1761_aligned.jpg,4,happy,test,,,,,,,,,,,,,,,,,,,,,,,,,,,,,,,,,,,,,,,,,,,,,,,,,,,,,
test_1762,data/raf-db/aligned/test_1762_aligned.jpg,4,happy,test,,,,,,,,,,,,,,,,,,,,,,,,,,,,,,,,,,,,,,,,,,,,,,,,,,,,,
test_1763,data/raf-db/aligned/test_1763_aligned.jpg,5,sad,test,,,,,,,,,,,,,,,,,,,,,,,,,,,,,,,,,,,,,,,,,,,,,,,,,,,,,
test_1764,data/raf-db/aligned/test_1764_aligned.jpg,4,happy,test,,,,,,,,,,,,,,,,,,,,,,,,,,,,,,,,,,,,,,,,,,,,,,,,,,,,,
test_1765,data/raf-db/aligned/test_1765_aligned.jpg,4,happy,test,,,,,,,,,,,,,,,,,,,,,,,,,,,,,,,,,,,,,,,,,,,,,,,,,,,,,
test_1766,data/raf-db/aligned/test_1766_aligned.jpg,5,sad,test,,,,,,,,,,,,,,,,,,,,,,,,,,,,,,,,,,,,,,,,,,,,,,,,,,,,,
test_1767,data/raf-db/aligned/test_1767_aligned.jpg,5,sad,test,,,,,,,,,,,,,,,,,,,,,,,,,,,,,,,,,,,,,,,,,,,,,,,,,,,,,
test_1768,data/raf-db/aligned/test_1768_aligned.jpg,6,angry,test,,,,,,,,,,,,,,,,,,,,,,,,,,,,,,,,,,,,,,,,,,,,,,,,,,,,,
test_1769,data/raf-db/aligned/test_1769_aligned.jpg,1,surprise,test,,,,,,,,,,,,,,,,,,,,,,,,,,,,,,,,,,,,,,,,,,,,,,,,,,,,,
test_1770,data/raf-db/aligned/test_1770_aligned.jpg,4,happy,test,,,,,,,,,,,,,,,,,,,,,,,,,,,,,,,,,,,,,,,,,,,,,,,,,,,,,
test_1771,data/raf-db/aligned/test_1771_aligned.jpg,5,sad,test,,,,,,,,,,,,,,,,,,,,,,,,,,,,,,,,,,,,,,,,,,,,,,,,,,,,,
test_1772,data/raf-db/aligned/test_1772_aligned.jpg,1,surprise,test,,,,,,,,,,,,,,,,,,,,,,,,,,,,,,,,,,,,,,,,,,,,,,,,,,,,,
test_1773,data/raf-db/aligned/test_1773_aligned.jpg,4,happy,test,,,,,,,,,,,,,,,,,,,,,,,,,,,,,,,,,,,,,,,,,,,,,,,,,,,,,
test_1774,data/raf-db/aligned/test_1774_aligned.jpg,1,surprise,test,,,,,,,,,,,,,,,,,,,,,,,,,,,,,,,,,,,,,,,,,,,,,,,,,,,,,
test_1775,data/raf-db/aligned/test_1775_aligned.jpg,4,happy,test,,,,,,,,,,,,,,,,,,,,,,,,,,,,,,,,,,,,,,,,,,,,,,,,,,,,,
test_1776,data/raf-db/aligned/test_1776_aligned.jpg,5,sad,test,,,,,,,,,,,,,,,,,,,,,,,,,,,,,,,,,,,,,,,,,,,,,,,,,,,,,
test_1777,data/raf-db/aligned/test_1777_aligned.jpg,5,sad,test,,,,,,,,,,,,,,,,,,,,,,,,,,,,,,,,,,,,,,,,,,,,,,,,,,,,,
test_1778,data/raf-db/aligned/test_1778_aligned.jpg,4,happy,test,,,,,,,,,,,,,,,,,,,,,,,,,,,,,,,,,,,,,,,,,,,,,,,,,,,,,
test_1779,data/raf-db/aligned/test_1779_aligned.jpg,3,disgust,test,,,,,,,,,,,,,,,,,,,,,,,,,,,,,,,,,,,,,,,,,,,,,,,,,,,,,
test_1780,data/raf-db/aligned/test_1780_aligned.jpg,5,sad,test,,,,,,,,,,,,,,,,,,,,,,,,,,,,,,,,,,,,,,,,,,,,,,,,,,,,,
test_1781,data/raf-db/aligned/test_1781_aligned.jpg,1,surprise,test,,,,,,,,,,,,,,,,,,,,,,,,,,,,,,,,,,,,,,,,,,,,,,,,,,,,,
test_1782,data/raf-db/aligned/test_1782_aligned.jpg,6,angry,test,,,,,,,,,,,,,,,,,,,,,,,,,,,,,,,,,,,,,,,,,,,,,,,,,,,,,
test_1783,data/raf-db/aligned/test_1783_aligned.jpg,6,angry,test,,,,,,,,,,,,,,,,,,,,,,,,,,,,,,,,,,,,,,,,,,,,,,,,,,,,,
test_1784,data/raf-db/aligned/test_1784_aligned.jpg,4,happy,test,,,,,,,,,,,,,,,,,,,,,,,,,,,,,,,,,,,,,,,,,,,,,,,,,,,,,
test_1785,data/raf-db/aligned/test_1785_aligned.jpg,6,angry,test,,,,,,,,,,,,,,,,,,,,,,,,,,,,,,,,,,,,,,,,,,,,,,,,,,,,,
test_1786,data/raf-db/aligned/test_1786_aligned.jpg,1,surprise,test,,,,,,,,,,,,,,,,,,,,,,,,,,,,,,,,,,,,,,,,,,,,,,,,,,,,,
test_1787,data/raf-db/aligned/test_1787_aligned.jpg,4,happy,test,,,,,,,,,,,,,,,,,,,,,,,,,,,,,,,,,,,,,,,,,,,,,,,,,,,,,
test_1788,data/raf-db/aligned/test_1788_aligned.jpg,2,fear,test,,,,,,,,,,,,,,,,,,,,,,,,,,,,,,,,,,,,,,,,,,,,,,,,,,,,,
test_1789,data/raf-db/aligned/test_1789_aligned.jpg,5,sad,test,,,,,,,,,,,,,,,,,,,,,,,,,,,,,,,,,,,,,,,,,,,,,,,,,,,,,
test_1790,data/raf-db/aligned/test_1790_aligned.jpg,4,happy,test,,,,,,,,,,,,,,,,,,,,,,,,,,,,,,,,,,,,,,,,,,,,,,,,,,,,,
test_1791,data/raf-db/aligned/test_1791_aligned.jpg,6,angry,test,,,,,,,,,,,,,,,,,,,,,,,,,,,,,,,,,,,,,,,,,,,,,,,,,,,,,
test_1792,data/raf-db/aligned/test_1792_aligned.jpg,2,fear,test,,,,,,,,,,,,,,,,,,,,,,,,,,,,,,,,,,,,,,,,,,,,,,,,,,,,,
test_1793,data/raf-db/aligned/test_1793_aligned.jpg,4,happy,test,,,,,,,,,,,,,,,,,,,,,,,,,,,,,,,,,,,,,,,,,,,,,,,,,,,,,
test_1794,data/raf-db/aligned/test_1794_aligned.jpg,4,happy,test,,,,,,,,,,,,,,,,,,,,,,,,,,,,,,,,,,,,,,,,,,,,,,,,,,,,,
test_1795,data/raf-db/aligned/test_1795_aligned.jpg,5,sad,test,,,,,,,,,,,,,,,,,,,,,,,,,,,,,,,,,,,,,,,,,,,,,,,,,,,,,
test_1796,data/raf-db/aligned/test_1796_aligned.jpg,4,happy,test,,,,,,,,,,,,,,,,,,,,,,,,,,,,,,,,,,,,,,,,,,,,,,,,,,,,,
test_1797,data/raf-db/aligned/test_1797_aligned.jpg,4,happy,test,,,,,,,,,,,,,,,,,,,,,,,,,,,,,,,,,,,,,,,,,,,,,,,,,,,,,
test_1798,data/raf-db/aligned/test_1798_aligned.jpg,5,sad,test,,,,,,,,,,,,,,,,,,,,,,,,,,,,,,,,,,,,,,,,,,,,,,,,,,,,,
test_1799,data/raf-db/aligned/test_1799_aligned.jpg,5,sad,test,,,,,,,,,,,,,,,,,,,,,,,,,,,,,,,,,,,,,,,,,,,,,,,,,,,,,
test_1800,data/raf-db/aligned/test_1800_aligned.jpg,5,sad,test,,,,,,,,,,,,,,,,,,,,,,,,,,,,,,,,,,,,,,,,,,,,,,,,,,,,,
test_1801,data/raf-db/aligned/test_1801_aligned.jpg,6,angry,test,,,,,,,,,,,,,,,,,,,,,,,,,,,,,,,,,,,,,,,,,,,,,,,,,,,,,
test_1802,data/raf-db/aligned/test_1802_aligned.jpg,1,surprise,test,,,,,,,,,,,,,,,,,,,,,,,,,,,,,,,,,,,,,,,,,,,,,,,,,,,,,
test_1803,data/raf-db/aligned/test_1803_aligned.jpg,6,angry,test,,,,,,,,,,,,,,,,,,,,,,,,,,,,,,,,,,,,,,,,,,,,,,,,,,,,,
test_1804,data/raf-db/aligned/test_1804_aligned.jpg,5,sad,test,,,,,,,,,,,,,,,,,,,,,,,,,,,,,,,,,,,,,,,,,,,,,,,,,,,,,
test_1805,data/raf-db/aligned/test_1805_aligned.jpg,6,angry,test,,,,,,,,,,,,,,,,,,,,,,,,,,,,,,,,,,,,,,,,,,,,,,,,,,,,,
test_1806,data/raf-db/aligned/test_1806_aligned.jpg,5,sad,test,,,,,,,,,,,,,,,,,,,,,,,,,,,,,,,,,,,,,,,,,,,,,,,,,,,,,
test_1807,data/raf-db/aligned/test_1807_aligned.jpg,1,surprise,test,,,,,,,,,,,,,,,,,,,,,,,,,,,,,,,,,,,,,,,,,,,,,,,,,,,,,
test_1808,data/raf-db/aligned/test_1808_aligned.jpg,5,sad,test,,,,,,,,,,,,,,,,,,,,,,,,,,,,,,,,,,,,,,,,,,,,,,,,,,,,,
test_1809,data/raf-db/aligned/test_1809_aligned.jpg,5,sad,test,,,,,,,,,,,,,,,,,,,,,,,,,,,,,,,,,,,,,,,,,,,,,,,,,,,,,
test_1810,data/raf-db/aligned/test_1810_aligned.jpg,5,sad,test,,,,,,,,,,,,,,,,,,,,,,,,,,,,,,,,,,,,,,,,,,,,,,,,,,,,,
test_1811,data/raf-db/aligned/test_1811_aligned.jpg,5,sad,test,,,,,,,,,,,,,,,,,,,,,,,,,,,,,,,,,,,,,,,,,,,,,,,,,,,,,
test_1812,data/raf-db/aligned/test_1812_aligned.jpg,5,sad,test,,,,,,,,,,,,,,,,,,,,,,,,,,,,,,,,,,,,,,,,,,,,,,,,,,,,,
test_1813,data/raf-db/aligned/test_1813_aligned.jpg,3,disgust,test,,,,,,,,,,,,,,,,,,,,,,,,,,,,,,,,,,,,,,,,,,,,,,,,,,,,,
test_1814,data/raf-db/aligned/test_1814_aligned.jpg,5,sad,test,,,,,,,,,,,,,,,,,,,,,,,,,,,,,,,,,,,,,,,,,,,,,,,,,,,,,
test_1815,data/raf-db/aligned/test_1815_aligned.jpg,6,angry,test,,,,,,,,,,,,,,,,,,,,,,,,,,,,,,,,,,,,,,,,,,,,,,,,,,,,,
test_1816,data/raf-db/aligned/test_1816_aligned.jpg,1,surprise,test,,,,,,,,,,,,,,,,,,,,,,,,,,,,,,,,,,,,,,,,,,,,,,,,,,,,,
test_1817,data/raf-db/aligned/test_1817_aligned.jpg,4,happy,test,,,,,,,,,,,,,,,,,,,,,,,,,,,,,,,,,,,,,,,,,,,,,,,,,,,,,
test_1818,data/raf-db/aligned/test_1818_aligned.jpg,5,sad,test,,,,,,,,,,,,,,,,,,,,,,,,,,,,,,,,,,,,,,,,,,,,,,,,,,,,,
test_1819,data/raf-db/aligned/test_1819_aligned.jpg,4,happy,test,,,,,,,,,,,,,,,,,,,,,,,,,,,,,,,,,,,,,,,,,,,,,,,,,,,,,
test_1820,data/raf-db/aligned/test_1820_aligned.jpg,1,surprise,test,,,,,,,,,,,,,,,,,,,,,,,,,,,,,,,,,,,,,,,,,,,,,,,,,,,,,
test_1821,data/raf-db/aligned/test_1821_aligned.jpg,1,surprise,test,,,,,,,,,,,,,,,,,,,,,,,,,,,,,,,,,,,,,,,,,,,,,,,,,,,,,
test_1822,data/raf-db/aligned/test_1822_aligned.jpg,1,surprise,test,,,,,,,,,,,,,,,,,,,,,,,,,,,,,,,,,,,,,,,,,,,,,,,,,,,,,
test_1823,data/raf-db/aligned/test_1823_aligned.jpg,5,sad,test,,,,,,,,,,,,,,,,,,,,,,,,,,,,,,,,,,,,,,,,,,,,,,,,,,,,,
test_1824,data/raf-db/aligned/test_1824_aligned.jpg,5,sad,test,,,,,,,,,,,,,,,,,,,,,,,,,,,,,,,,,,,,,,,,,,,,,,,,,,,,,
test_1825,data/raf-db/aligned/test_1825_aligned.jpg,4,happy,test,,,,,,,,,,,,,,,,,,,,,,,,,,,,,,,,,,,,,,,,,,,,,,,,,,,,,
test_1826,data/raf-db/aligned/test_1826_aligned.jpg,4,happy,test,,,,,,,,,,,,,,,,,,,,,,,,,,,,,,,,,,,,,,,,,,,,,,,,,,,,,
test_1827,data/raf-db/aligned/test_1827_aligned.jpg,1,surprise,test,,,,,,,,,,,,,,,,,,,,,,,,,,,,,,,,,,,,,,,,,,,,,,,,,,,,,
test_1828,data/raf-db/aligned/test_1828_aligned.jpg,6,angry,test,,,,,,,,,,,,,,,,,,,,,,,,,,,,,,,,,,,,,,,,,,,,,,,,,,,,,
test_1829,data/raf-db/aligned/test_1829_aligned.jpg,5,sad,test,,,,,,,,,,,,,,,,,,,,,,,,,,,,,,,,,,,,,,,,,,,,,,,,,,,,,
test_1830,data/raf-db/aligned/test_1830_aligned.jpg,6,angry,test,,,,,,,,,,,,,,,,,,,,,,,,,,,,,,,,,,,,,,,,,,,,,,,,,,,,,
test_1831,data/raf-db/aligned/test_1831_aligned.jpg,5,sad,test,,,,,,,,,,,,,,,,,,,,,,,,,,,,,,,,,,,,,,,,,,,,,,,,,,,,,
test_1832,data/raf-db/aligned/test_1832_aligned.jpg,5,sad,test,,,,,,,,,,,,,,,,,,,,,,,,,,,,,,,,,,,,,,,,,,,,,,,,,,,,,
test_1833,data/raf-db/aligned/test_1833_aligned.jpg,1,surprise,test,,,,,,,,,,,,,,,,,,,,,,,,,,,,,,,,,,,,,,,,,,,,,,,,,,,,,
test_1834,data/raf-db/aligned/test_1834_aligned.jpg,4,happy,test,,,,,,,,,,,,,,,,,,,,,,,,,,,,,,,,,,,,,,,,,,,,,,,,,,,,,
test_1835,data/raf-db/aligned/test_1835_aligned.jpg,1,surprise,test,,,,,,,,,,,,,,,,,,,,,,,,,,,,,,,,,,,,,,,,,,,,,,,,,,,,,
test_1836,data/raf-db/aligned/test_1836_aligned.jpg,6,angry,test,,,,,,,,,,,,,,,,,,,,,,,,,,,,,,,,,,,,,,,,,,,,,,,,,,,,,
test_1837,data/raf-db/aligned/test_1837_aligned.jpg,4,happy,test,,,,,,,,,,,,,,,,,,,,,,,,,,,,,,,,,,,,,,,,,,,,,,,,,,,,,
test_1838,data/raf-db/aligned/test_1838_aligned.jpg,6,angry,test,,,,,,,,,,,,,,,,,,,,,,,,,,,,,,,,,,,,,,,,,,,,,,,,,,,,,
test_1839,data/raf-db/aligned/test_1839_aligned.jpg,6,angry,test,,,,,,,,,,,,,,,,,,,,,,,,,,,,,,,,,,,,,,,,,,,,,,,,,,,,,
test_1840,data/raf-db/aligned/test_1840_aligned.jpg,1,surprise,test,,,,,,,,,,,,,,,,,,,,,,,,,,,,,,,,,,,,,,,,,,,,,,,,,,,,,
test_1841,data/raf-db/aligned/test_1841_aligned.jpg,4,happy,test,,,,,,,,,,,,,,,,,,,,,,,,,,,,,,,,,,,,,,,,,,,,,,,,,,,,,
test_1842,data/raf-db/aligned/test_1842_aligned.jpg,5,sad,test,,,,,,,,,,,,,,,,,,,,,,,,,,,,,,,,,,,,,,,,,,,,,,,,,,,,,
test_1843,data/raf-db/aligned/test_1843_aligned.jpg,5,sad,test,,,,,,,,,,,,,,,,,,,,,,,,,,,,,,,,,,,,,,,,,,,,,,,,,,,,,
test_1844,data/raf-db/aligned/test_1844_aligned.jpg,4,happy,test,,,,,,,,,,,,,,,,,,,,,,,,,,,,,,,,,,,,,,,,,,,,,,,,,,,,,
test_1845,data/raf-db/aligned/test_1845_aligned.jpg,1,surprise,test,,,,,,,,,,,,,,,,,,,,,,,,,,,,,,,,,,,,,,,,,,,,,,,,,,,,,
test_1846,data/raf-db/aligned/test_1846_aligned.jpg,5,sad,test,,,,,,,,,,,,,,,,,,,,,,,,,,,,,,,,,,,,,,,,,,,,,,,,,,,,,
test_1847,data/raf-db/aligned/test_1847_aligned.jpg,5,sad,test,,,,,,,,,,,,,,,,,,,,,,,,,,,,,,,,,,,,,,,,,,,,,,,,,,,,,
test_1848,data/raf-db/aligned/test_1848_aligned.jpg,4,happy,test,,,,,,,,,,,,,,,,,,,,,,,,,,,,,,,,,,,,,,,,,,,,,,,,,,,,,
test_1849,data/raf-db/aligned/test_1849_aligned.jpg,5,sad,test,,,,,,,,,,,,,,,,,,,,,,,,,,,,,,,,,,,,,,,,,,,,,,,,,,,,,
test_1850,data/raf-db/aligned/test_1850_aligned.jpg,1,surprise,test,,,,,,,,,,,,,,,,,,,,,,,,,,,,,,,,,,,,,,,,,,,,,,,,,,,,,
test_1851,data/raf-db/aligned/test_1851_aligned.jpg,5,sad,test,,,,,,,,,,,,,,,,,,,,,,,,,,,,,,,,,,,,,,,,,,,,,,,,,,,,,
test_1852,data/raf-db/aligned/test_1852_aligned.jpg,3,disgust,test,,,,,,,,,,,,,,,,,,,,,,,,,,,,,,,,,,,,,,,,,,,,,,,,,,,,,
test_1853,data/raf-db/aligned/test_1853_aligned.jpg,5,sad,test,,,,,,,,,,,,,,,,,,,,,,,,,,,,,,,,,,,,,,,,,,,,,,,,,,,,,
test_1854,data/raf-db/aligned/test_1854_aligned.jpg,5,sad,test,,,,,,,,,,,,,,,,,,,,,,,,,,,,,,,,,,,,,,,,,,,,,,,,,,,,,
test_1855,data/raf-db/aligned/test_1855_aligned.jpg,1,surprise,test,,,,,,,,,,,,,,,,,,,,,,,,,,,,,,,,,,,,,,,,,,,,,,,,,,,,,
test_1856,data/raf-db/aligned/test_1856_aligned.jpg,5,sad,test,,,,,,,,,,,,,,,,,,,,,,,,,,,,,,,,,,,,,,,,,,,,,,,,,,,,,
test_1857,data/raf-db/aligned/test_1857_aligned.jpg,5,sad,test,,,,,,,,,,,,,,,,,,,,,,,,,,,,,,,,,,,,,,,,,,,,,,,,,,,,,
test_1858,data/raf-db/aligned/test_1858_aligned.jpg,6,angry,test,,,,,,,,,,,,,,,,,,,,,,,,,,,,,,,,,,,,,,,,,,,,,,,,,,,,,
test_1859,data/raf-db/aligned/test_1859_aligned.jpg,1,surprise,test,,,,,,,,,,,,,,,,,,,,,,,,,,,,,,,,,,,,,,,,,,,,,,,,,,,,,
test_1860,data/raf-db/aligned/test_1860_aligned.jpg,4,happy,test,,,,,,,,,,,,,,,,,,,,,,,,,,,,,,,,,,,,,,,,,,,,,,,,,,,,,
test_1861,data/raf-db/aligned/test_1861_aligned.jpg,1,surprise,test,,,,,,,,,,,,,,,,,,,,,,,,,,,,,,,,,,,,,,,,,,,,,,,,,,,,,
test_1862,data/raf-db/aligned/test_1862_aligned.jpg,4,happy,test,,,,,,,,,,,,,,,,,,,,,,,,,,,,,,,,,,,,,,,,,,,,,,,,,,,,,
test_1863,data/raf-db/aligned/test_1863_aligned.jpg,6,angry,test,,,,,,,,,,,,,,,,,,,,,,,,,,,,,,,,,,,,,,,,,,,,,,,,,,,,,
test_1864,data/raf-db/aligned/test_1864_aligned.jpg,5,sad,test,,,,,,,,,,,,,,,,,,,,,,,,,,,,,,,,,,,,,,,,,,,,,,,,,,,,,
test_1865,data/raf-db/aligned/test_1865_aligned.jpg,4,happy,test,,,,,,,,,,,,,,,,,,,,,,,,,,,,,,,,,,,,,,,,,,,,,,,,,,,,,
test_1866,data/raf-db/aligned/test_1866_aligned.jpg,3,disgust,test,,,,,,,,,,,,,,,,,,,,,,,,,,,,,,,,,,,,,,,,,,,,,,,,,,,,,
test_1867,data/raf-db/aligned/test_1867_aligned.jpg,6,angry,test,,,,,,,,,,,,,,,,,,,,,,,,,,,,,,,,,,,,,,,,,,,,,,,,,,,,,
test_1868,data/raf-db/aligned/test_1868_aligned.jpg,6,angry,test,,,,,,,,,,,,,,,,,,,,,,,,,,,,,,,,,,,,,,,,,,,,,,,,,,,,,
test_1869,data/raf-db/aligned/test_1869_aligned.jpg,1,surprise,test,,,,,,,,,,,,,,,,,,,,,,,,,,,,,,,,,,,,,,,,,,,,,,,,,,,,,
test_1870,data/raf-db/aligned/test_1870_aligned.jpg,4,happy,test,,,,,,,,,,,,,,,,,,,,,,,,,,,,,,,,,,,,,,,,,,,,,,,,,,,,,
test_1871,data/raf-db/aligned/test_1871_aligned.jpg,4,happy,test,,,,,,,,,,,,,,,,,,,,,,,,,,,,,,,,,,,,,,,,,,,,,,,,,,,,,
test_1872,data/raf-db/aligned/test_1872_aligned.jpg,5,sad,test,,,,,,,,,,,,,,,,,,,,,,,,,,,,,,,,,,,,,,,,,,,,,,,,,,,,,
test_1873,data/raf-db/aligned/test_1873_aligned.jpg,5,sad,test,,,,,,,,,,,,,,,,,,,,,,,,,,,,,,,,,,,,,,,,,,,,,,,,,,,,,
test_1874,data/raf-db/aligned/test_1874_aligned.jpg,1,surprise,test,,,,,,,,,,,,,,,,,,,,,,,,,,,,,,,,,,,,,,,,,,,,,,,,,,,,,
test_1875,data/raf-db/aligned/test_1875_aligned.jpg,5,sad,test,,,,,,,,,,,,,,,,,,,,,,,,,,,,,,,,,,,,,,,,,,,,,,,,,,,,,
test_1876,data/raf-db/aligned/test_1876_aligned.jpg,4,happy,test,,,,,,,,,,,,,,,,,,,,,,,,,,,,,,,,,,,,,,,,,,,,,,,,,,,,,
test_1877,data/raf-db/aligned/test_1877_aligned.jpg,5,sad,test,,,,,,,,,,,,,,,,,,,,,,,,,,,,,,,,,,,,,,,,,,,,,,,,,,,,,
test_1878,data/raf-db/aligned/test_1878_aligned.jpg,4,happy,test,,,,,,,,,,,,,,,,,,,,,,,,,,,,,,,,,,,,,,,,,,,,,,,,,,,,,
test_1879,data/raf-db/aligned/test_1879_aligned.jpg,6,angry,test,,,,,,,,,,,,,,,,,,,,,,,,,,,,,,,,,,,,,,,,,,,,,,,,,,,,,
test_1880,data/raf-db/aligned/test_1880_aligned.jpg,6,angry,test,,,,,,,,,,,,,,,,,,,,,,,,,,,,,,,,,,,,,,,,,,,,,,,,,,,,,
test_1881,data/raf-db/aligned/test_1881_aligned.jpg,4,happy,test,,,,,,,,,,,,,,,,,,,,,,,,,,,,,,,,,,,,,,,,,,,,,,,,,,,,,
test_1882,data/raf-db/aligned/test_1882_aligned.jpg,5,sad,test,,,,,,,,,,,,,,,,,,,,,,,,,,,,,,,,,,,,,,,,,,,,,,,,,,,,,
test_1883,data/raf-db/aligned/test_1883_aligned.jpg,4,happy,test,,,,,,,,,,,,,,,,,,,,,,,,,,,,,,,,,,,,,,,,,,,,,,,,,,,,,
test_1884,data/raf-db/aligned/test_1884_aligned.jpg,3,disgust,test,,,,,,,,,,,,,,,,,,,,,,,,,,,,,,,,,,,,,,,,,,,,,,,,,,,,,
test_1885,data/raf-db/aligned/test_1885_aligned.jpg,4,happy,test,,,,,,,,,,,,,,,,,,,,,,,,,,,,,,,,,,,,,,,,,,,,,,,,,,,,,
test_1886,data/raf-db/aligned/test_1886_aligned.jpg,6,angry,test,,,,,,,,,,,,,,,,,,,,,,,,,,,,,,,,,,,,,,,,,,,,,,,,,,,,,
test_1887,data/raf-db/aligned/test_1887_aligned.jpg,4,happy,test,,,,,,,,,,,,,,,,,,,,,,,,,,,,,,,,,,,,,,,,,,,,,,,,,,,,,
test_1888,data/raf-db/aligned/test_1888_aligned.jpg,4,happy,test,,,,,,,,,,,,,,,,,,,,,,,,,,,,,,,,,,,,,,,,,,,,,,,,,,,,,
test_1889,data/raf-db/aligned/test_1889_aligned.jpg,4,happy,test,,,,,,,,,,,,,,,,,,,,,,,,,,,,,,,,,,,,,,,,,,,,,,,,,,,,,
test_1890,data/raf-db/aligned/test_1890_aligned.jpg,1,surprise,test,,,,,,,,,,,,,,,,,,,,,,,,,,,,,,,,,,,,,,,,,,,,,,,,,,,,,
test_1891,data/raf-db/aligned/test_1891_aligned.jpg,3,disgust,test,,,,,,,,,,,,,,,,,,,,,,,,,,,,,,,,,,,,,,,,,,,,,,,,,,,,,
test_1892,data/raf-db/aligned/test_1892_aligned.jpg,4,happy,test,,,,,,,,,,,,,,,,,,,,,,,,,,,,,,,,,,,,,,,,,,,,,,,,,,,,,
test_1893,data/raf-db/aligned/test_1893_aligned.jpg,5,sad,test,,,,,,,,,,,,,,,,,,,,,,,,,,,,,,,,,,,,,,,,,,,,,,,,,,,,,
test_1894,data/raf-db/aligned/test_1894_aligned.jpg,4,happy,test,,,,,,,,,,,,,,,,,,,,,,,,,,,,,,,,,,,,,,,,,,,,,,,,,,,,,
test_1895,data/raf-db/aligned/test_1895_aligned.jpg,4,happy,test,,,,,,,,,,,,,,,,,,,,,,,,,,,,,,,,,,,,,,,,,,,,,,,,,,,,,
test_1896,data/raf-db/aligned/test_1896_aligned.jpg,4,happy,test,,,,,,,,,,,,,,,,,,,,,,,,,,,,,,,,,,,,,,,,,,,,,,,,,,,,,
test_1897,data/raf-db/aligned/test_1897_aligned.jpg,4,happy,test,,,,,,,,,,,,,,,,,,,,,,,,,,,,,,,,,,,,,,,,,,,,,,,,,,,,,
test_1898,data/raf-db/aligned/test_1898_aligned.jpg,4,happy,test,,,,,,,,,,,,,,,,,,,,,,,,,,,,,,,,,,,,,,,,,,,,,,,,,,,,,
test_1899,data/raf-db/aligned/test_1899_aligned.jpg,4,happy,test,,,,,,,,,,,,,,,,,,,,,,,,,,,,,,,,,,,,,,,,,,,,,,,,,,,,,
test_1900,data/raf-db/aligned/test_1900_aligned.jpg,4,happy,test,,,,,,,,,,,,,,,,,,,,,,,,,,,,,,,,,,,,,,,,,,,,,,,,,,,,,
test_1901,data/raf-db/aligned/test_1901_aligned.jpg,6,angry,test,,,,,,,,,,,,,,,,,,,,,,,,,,,,,,,,,,,,,,,,,,,,,,,,,,,,,
test_1902,data/raf-db/aligned/test_1902_aligned.jpg,5,sad,test,,,,,,,,,,,,,,,,,,,,,,,,,,,,,,,,,,,,,,,,,,,,,,,,,,,,,
test_1903,data/raf-db/aligned/test_1903_aligned.jpg,1,surprise,test,,,,,,,,,,,,,,,,,,,,,,,,,,,,,,,,,,,,,,,,,,,,,,,,,,,,,
test_1904,data/raf-db/aligned/test_1904_aligned.jpg,1,surprise,test,,,,,,,,,,,,,,,,,,,,,,,,,,,,,,,,,,,,,,,,,,,,,,,,,,,,,
test_1905,data/raf-db/aligned/test_1905_aligned.jpg,4,happy,test,,,,,,,,,,,,,,,,,,,,,,,,,,,,,,,,,,,,,,,,,,,,,,,,,,,,,
test_1906,data/raf-db/aligned/test_1906_aligned.jpg,4,happy,test,,,,,,,,,,,,,,,,,,,,,,,,,,,,,,,,,,,,,,,,,,,,,,,,,,,,,
test_1907,data/raf-db/aligned/test_1907_aligned.jpg,4,happy,test,,,,,,,,,,,,,,,,,,,,,,,,,,,,,,,,,,,,,,,,,,,,,,,,,,,,,
test_1908,data/raf-db/aligned/test_1908_aligned.jpg,5,sad,test,,,,,,,,,,,,,,,,,,,,,,,,,,,,,,,,,,,,,,,,,,,,,,,,,,,,,
test_1909,data/raf-db/aligned/test_1909_aligned.jpg,5,sad,test,,,,,,,,,,,,,,,,,,,,,,,,,,,,,,,,,,,,,,,,,,,,,,,,,,,,,
test_1910,data/raf-db/aligned/test_1910_aligned.jpg,5,sad,test,,,,,,,,,,,,,,,,,,,,,,,,,,,,,,,,,,,,,,,,,,,,,,,,,,,,,
test_1911,data/raf-db/aligned/test_1911_aligned.jpg,6,angry,test,,,,,,,,,,,,,,,,,,,,,,,,,,,,,,,,,,,,,,,,,,,,,,,,,,,,,
test_1912,data/raf-db/aligned/test_1912_aligned.jpg,3,disgust,test,,,,,,,,,,,,,,,,,,,,,,,,,,,,,,,,,,,,,,,,,,,,,,,,,,,,,
test_1913,data/raf-db/aligned/test_1913_aligned.jpg,1,surprise,test,,,,,,,,,,,,,,,,,,,,,,,,,,,,,,,,,,,,,,,,,,,,,,,,,,,,,
test_1914,data/raf-db/aligned/test_1914_aligned.jpg,6,angry,test,,,,,,,,,,,,,,,,,,,,,,,,,,,,,,,,,,,,,,,,,,,,,,,,,,,,,
test_1915,data/raf-db/aligned/test_1915_aligned.jpg,4,happy,test,,,,,,,,,,,,,,,,,,,,,,,,,,,,,,,,,,,,,,,,,,,,,,,,,,,,,
test_1916,data/raf-db/aligned/test_1916_aligned.jpg,4,happy,test,,,,,,,,,,,,,,,,,,,,,,,,,,,,,,,,,,,,,,,,,,,,,,,,,,,,,
test_1917,data/raf-db/aligned/test_1917_aligned.jpg,4,happy,test,,,,,,,,,,,,,,,,,,,,,,,,,,,,,,,,,,,,,,,,,,,,,,,,,,,,,
test_1918,data/raf-db/aligned/test_1918_aligned.jpg,5,sad,test,,,,,,,,,,,,,,,,,,,,,,,,,,,,,,,,,,,,,,,,,,,,,,,,,,,,,
test_1919,data/raf-db/aligned/test_1919_aligned.jpg,4,happy,test,,,,,,,,,,,,,,,,,,,,,,,,,,,,,,,,,,,,,,,,,,,,,,,,,,,,,
test_1920,data/raf-db/aligned/test_1920_aligned.jpg,1,surprise,test,,,,,,,,,,,,,,,,,,,,,,,,,,,,,,,,,,,,,,,,,,,,,,,,,,,,,
test_1921,data/raf-db/aligned/test_1921_aligned.jpg,4,happy,test,,,,,,,,,,,,,,,,,,,,,,,,,,,,,,,,,,,,,,,,,,,,,,,,,,,,,
test_1922,data/raf-db/aligned/test_1922_aligned.jpg,5,sad,test,,,,,,,,,,,,,,,,,,,,,,,,,,,,,,,,,,,,,,,,,,,,,,,,,,,,,
test_1923,data/raf-db/aligned/test_1923_aligned.jpg,5,sad,test,,,,,,,,,,,,,,,,,,,,,,,,,,,,,,,,,,,,,,,,,,,,,,,,,,,,,
test_1924,data/raf-db/aligned/test_1924_aligned.jpg,4,happy,test,,,,,,,,,,,,,,,,,,,,,,,,,,,,,,,,,,,,,,,,,,,,,,,,,,,,,
test_1925,data/raf-db/aligned/test_1925_aligned.jpg,4,happy,test,,,,,,,,,,,,,,,,,,,,,,,,,,,,,,,,,,,,,,,,,,,,,,,,,,,,,
test_1926,data/raf-db/aligned/test_1926_aligned.jpg,1,surprise,test,,,,,,,,,,,,,,,,,,,,,,,,,,,,,,,,,,,,,,,,,,,,,,,,,,,,,
test_1927,data/raf-db/aligned/test_1927_aligned.jpg,5,sad,test,,,,,,,,,,,,,,,,,,,,,,,,,,,,,,,,,,,,,,,,,,,,,,,,,,,,,
test_1928,data/raf-db/aligned/test_1928_aligned.jpg,1,surprise,test,,,,,,,,,,,,,,,,,,,,,,,,,,,,,,,,,,,,,,,,,,,,,,,,,,,,,
test_1929,data/raf-db/aligned/test_1929_aligned.jpg,5,sad,test,,,,,,,,,,,,,,,,,,,,,,,,,,,,,,,,,,,,,,,,,,,,,,,,,,,,,
test_1930,data/raf-db/aligned/test_1930_aligned.jpg,4,happy,test,,,,,,,,,,,,,,,,,,,,,,,,,,,,,,,,,,,,,,,,,,,,,,,,,,,,,
test_1931,data/raf-db/aligned/test_1931_aligned.jpg,1,surprise,test,,,,,,,,,,,,,,,,,,,,,,,,,,,,,,,,,,,,,,,,,,,,,,,,,,,,,
test_1932,data/raf-db/aligned/test_1932_aligned.jpg,5,sad,test,,,,,,,,,,,,,,,,,,,,,,,,,,,,,,,,,,,,,,,,,,,,,,,,,,,,,
test_1933,data/raf-db/aligned/test_1933_aligned.jpg,1,surprise,test,,,,,,,,,,,,,,,,,,,,,,,,,,,,,,,,,,,,,,,,,,,,,,,,,,,,,
test_1934,data/raf-db/aligned/test_1934_aligned.jpg,1,surprise,test,,,,,,,,,,,,,,,,,,,,,,,,,,,,,,,,,,,,,,,,,,,,,,,,,,,,,
test_1935,data/raf-db/aligned/test_1935_aligned.jpg,3,disgust,test,,,,,,,,,,,,,,,,,,,,,,,,,,,,,,,,,,,,,,,,,,,,,,,,,,,,,
test_1936,data/raf-db/aligned/test_1936_aligned.jpg,5,sad,test,,,,,,,,,,,,,,,,,,,,,,,,,,,,,,,,,,,,,,,,,,,,,,,,,,,,,
test_1937,data/raf-db/aligned/test_1937_aligned.jpg,5,sad,test,,,,,,,,,,,,,,,,,,,,,,,,,,,,,,,,,,,,,,,,,,,,,,,,,,,,,
test_1938,data/raf-db/aligned/test_1938_aligned.jpg,1,surprise,test,,,,,,,,,,,,,,,,,,,,,,,,,,,,,,,,,,,,,,,,,,,,,,,,,,,,,
test_1939,data/raf-db/aligned/test_1939_aligned.jpg,6,angry,test,,,,,,,,,,,,,,,,,,,,,,,,,,,,,,,,,,,,,,,,,,,,,,,,,,,,,
test_1940,data/raf-db/aligned/test_1940_aligned.jpg,4,happy,test,,,,,,,,,,,,,,,,,,,,,,,,,,,,,,,,,,,,,,,,,,,,,,,,,,,,,
test_1941,data/raf-db/aligned/test_1941_aligned.jpg,4,happy,test,,,,,,,,,,,,,,,,,,,,,,,,,,,,,,,,,,,,,,,,,,,,,,,,,,,,,
test_1942,data/raf-db/aligned/test_1942_aligned.jpg,5,sad,test,,,,,,,,,,,,,,,,,,,,,,,,,,,,,,,,,,,,,,,,,,,,,,,,,,,,,
test_1943,data/raf-db/aligned/test_1943_aligned.jpg,5,sad,test,,,,,,,,,,,,,,,,,,,,,,,,,,,,,,,,,,,,,,,,,,,,,,,,,,,,,
test_1944,data/raf-db/aligned/test_1944_aligned.jpg,6,angry,test,,,,,,,,,,,,,,,,,,,,,,,,,,,,,,,,,,,,,,,,,,,,,,,,,,,,,
test_1945,data/raf-db/aligned/test_1945_aligned.jpg,1,surprise,test,,,,,,,,,,,,,,,,,,,,,,,,,,,,,,,,,,,,,,,,,,,,,,,,,,,,,
test_1946,data/raf-db/aligned/test_1946_aligned.jpg,6,angry,test,,,,,,,,,,,,,,,,,,,,,,,,,,,,,,,,,,,,,,,,,,,,,,,,,,,,,
test_1947,data/raf-db/aligned/test_1947_aligned.jpg,5,sad,test,,,,,,,,,,,,,,,,,,,,,,,,,,,,,,,,,,,,,,,,,,,,,,,,,,,,,
test_1948,data/raf-db/aligned/test_1948_aligned.jpg,6,angry,test,,,,,,,,,,,,,,,,,,,,,,,,,,,,,,,,,,,,,,,,,,,,,,,,,,,,,
test_1949,data/raf-db/aligned/test_1949_aligned.jpg,5,sad,test,,,,,,,,,,,,,,,,,,,,,,,,,,,,,,,,,,,,,,,,,,,,,,,,,,,,,
test_1950,data/raf-db/aligned/test_1950_aligned.jpg,4,happy,test,,,,,,,,,,,,,,,,,,,,,,,,,,,,,,,,,,,,,,,,,,,,,,,,,,,,,
test_1951,data/raf-db/aligned/test_1951_aligned.jpg,5,sad,test,,,,,,,,,,,,,,,,,,,,,,,,,,,,,,,,,,,,,,,,,,,,,,,,,,,,,
test_1952,data/raf-db/aligned/test_1952_aligned.jpg,5,sad,test,,,,,,,,,,,,,,,,,,,,,,,,,,,,,,,,,,,,,,,,,,,,,,,,,,,,,
test_1953,data/raf-db/aligned/test_1953_aligned.jpg,4,happy,test,,,,,,,,,,,,,,,,,,,,,,,,,,,,,,,,,,,,,,,,,,,,,,,,,,,,,
test_1954,data/raf-db/aligned/test_1954_aligned.jpg,3,disgust,test,,,,,,,,,,,,,,,,,,,,,,,,,,,,,,,,,,,,,,,,,,,,,,,,,,,,,
test_1955,data/raf-db/aligned/test_1955_aligned.jpg,3,disgust,test,,,,,,,,,,,,,,,,,,,,,,,,,,,,,,,,,,,,,,,,,,,,,,,,,,,,,
test_1956,data/raf-db/aligned/test_1956_aligned.jpg,5,sad,test,,,,,,,,,,,,,,,,,,,,,,,,,,,,,,,,,,,,,,,,,,,,,,,,,,,,,
test_1957,data/raf-db/aligned/test_1957_aligned.jpg,6,angry,test,,,,,,,,,,,,,,,,,,,,,,,,,,,,,,,,,,,,,,,,,,,,,,,,,,,,,
test_1958,data/raf-db/aligned/test_1958_aligned.jpg,3,disgust,test,,,,,,,,,,,,,,,,,,,,,,,,,,,,,,,,,,,,,,,,,,,,,,,,,,,,,
test_1959,data/raf-db/aligned/test_1959_aligned.jpg,4,happy,test,,,,,,,,,,,,,,,,,,,,,,,,,,,,,,,,,,,,,,,,,,,,,,,,,,,,,
test_1960,data/raf-db/aligned/test_1960_aligned.jpg,4,happy,test,,,,,,,,,,,,,,,,,,,,,,,,,,,,,,,,,,,,,,,,,,,,,,,,,,,,,
test_1961,data/raf-db/aligned/test_1961_aligned.jpg,5,sad,test,,,,,,,,,,,,,,,,,,,,,,,,,,,,,,,,,,,,,,,,,,,,,,,,,,,,,
test_1962,data/raf-db/aligned/test_1962_aligned.jpg,1,surprise,test,,,,,,,,,,,,,,,,,,,,,,,,,,,,,,,,,,,,,,,,,,,,,,,,,,,,,
test_1963,data/raf-db/aligned/test_1963_aligned.jpg,3,disgust,test,,,,,,,,,,,,,,,,,,,,,,,,,,,,,,,,,,,,,,,,,,,,,,,,,,,,,
test_1964,data/raf-db/aligned/test_1964_aligned.jpg,6,angry,test,,,,,,,,,,,,,,,,,,,,,,,,,,,,,,,,,,,,,,,,,,,,,,,,,,,,,
test_1965,data/raf-db/aligned/test_1965_aligned.jpg,4,happy,test,,,,,,,,,,,,,,,,,,,,,,,,,,,,,,,,,,,,,,,,,,,,,,,,,,,,,
test_1966,data/raf-db/aligned/test_1966_aligned.jpg,1,surprise,test,,,,,,,,,,,,,,,,,,,,,,,,,,,,,,,,,,,,,,,,,,,,,,,,,,,,,
test_1967,data/raf-db/aligned/test_1967_aligned.jpg,1,surprise,test,,,,,,,,,,,,,,,,,,,,,,,,,,,,,,,,,,,,,,,,,,,,,,,,,,,,,
test_1968,data/raf-db/aligned/test_1968_aligned.jpg,5,sad,test,,,,,,,,,,,,,,,,,,,,,,,,,,,,,,,,,,,,,,,,,,,,,,,,,,,,,
test_1969,data/raf-db/aligned/test_1969_aligned.jpg,1,surprise,test,,,,,,,,,,,,,,,,,,,,,,,,,,,,,,,,,,,,,,,,,,,,,,,,,,,,,
test_1970,data/raf-db/aligned/test_1970_aligned.jpg,1,surprise,test,,,,,,,,,,,,,,,,,,,,,,,,,,,,,,,,,,,,,,,,,,,,,,,,,,,,,
test_1971,data/raf-db/aligned/test_1971_aligned.jpg,1,surprise,test,,,,,,,,,,,,,,,,,,,,,,,,,,,,,,,,,,,,,,,,,,,,,,,,,,,,,
test_1972,data/raf-db/aligned/test_1972_aligned.jpg,4,happy,test,,,,,,,,,,,,,,,,,,,,,,,,,,,,,,,,,,,,,,,,,,,,,,,,,,,,,
test_1973,data/raf-db/aligned/test_1973_aligned.jpg,5,sad,test,,,,,,,,,,,,,,,,,,,,,,,,,,,,,,,,,,,,,,,,,,,,,,,,,,,,,
test_1974,data/raf-db/aligned/test_1974_aligned.jpg,5,sad,test,,,,,,,,,,,,,,,,,,,,,,,,,,,,,,,,,,,,,,,,,,,,,,,,,,,,,
test_1975,data/raf-db/aligned/test_1975_aligned.jpg,5,sad,test,,,,,,,,,,,,,,,,,,,,,,,,,,,,,,,,,,,,,,,,,,,,,,,,,,,,,
test_1976,data/raf-db/aligned/test_1976_aligned.jpg,6,angry,test,,,,,,,,,,,,,,,,,,,,,,,,,,,,,,,,,,,,,,,,,,,,,,,,,,,,,
test_1977,data/raf-db/aligned/test_1977_aligned.jpg,4,happy,test,,,,,,,,,,,,,,,,,,,,,,,,,,,,,,,,,,,,,,,,,,,,,,,,,,,,,
test_1978,data/raf-db/aligned/test_1978_aligned.jpg,4,happy,test,,,,,,,,,,,,,,,,,,,,,,,,,,,,,,,,,,,,,,,,,,,,,,,,,,,,,
test_1979,data/raf-db/aligned/test_1979_aligned.jpg,4,happy,test,,,,,,,,,,,,,,,,,,,,,,,,,,,,,,,,,,,,,,,,,,,,,,,,,,,,,
test_1980,data/raf-db/aligned/test_1980_aligned.jpg,4,happy,test,,,,,,,,,,,,,,,,,,,,,,,,,,,,,,,,,,,,,,,,,,,,,,,,,,,,,
test_1981,data/raf-db/aligned/test_1981_aligned.jpg,1,surprise,test,,,,,,,,,,,,,,,,,,,,,,,,,,,,,,,,,,,,,,,,,,,,,,,,,,,,,
test_1982,data/raf-db/aligned/test_1982_aligned.jpg,1,surprise,test,,,,,,,,,,,,,,,,,,,,,,,,,,,,,,,,,,,,,,,,,,,,,,,,,,,,,
test_1983,data/raf-db/aligned/test_1983_aligned.jpg,5,sad,test,,,,,,,,,,,,,,,,,,,,,,,,,,,,,,,,,,,,,,,,,,,,,,,,,,,,,
test_1984,data/raf-db/aligned/test_1984_aligned.jpg,5,sad,test,,,,,,,,,,,,,,,,,,,,,,,,,,,,,,,,,,,,,,,,,,,,,,,,,,,,,
test_1985,data/raf-db/aligned/test_1985_aligned.jpg,1,surprise,test,,,,,,,,,,,,,,,,,,,,,,,,,,,,,,,,,,,,,,,,,,,,,,,,,,,,,
test_1986,data/raf-db/aligned/test_1986_aligned.jpg,5,sad,test,,,,,,,,,,,,,,,,,,,,,,,,,,,,,,,,,,,,,,,,,,,,,,,,,,,,,
test_1987,data/raf-db/aligned/test_1987_aligned.jpg,4,happy,test,,,,,,,,,,,,,,,,,,,,,,,,,,,,,,,,,,,,,,,,,,,,,,,,,,,,,
test_1988,data/raf-db/aligned/test_1988_aligned.jpg,3,disgust,test,,,,,,,,,,,,,,,,,,,,,,,,,,,,,,,,,,,,,,,,,,,,,,,,,,,,,
test_1989,data/raf-db/aligned/test_1989_aligned.jpg,4,happy,test,,,,,,,,,,,,,,,,,,,,,,,,,,,,,,,,,,,,,,,,,,,,,,,,,,,,,
test_1990,data/raf-db/aligned/test_1990_aligned.jpg,3,disgust,test,,,,,,,,,,,,,,,,,,,,,,,,,,,,,,,,,,,,,,,,,,,,,,,,,,,,,
test_1991,data/raf-db/aligned/test_1991_aligned.jpg,4,happy,test,,,,,,,,,,,,,,,,,,,,,,,,,,,,,,,,,,,,,,,,,,,,,,,,,,,,,
test_1992,data/raf-db/aligned/test_1992_aligned.jpg,4,happy,test,,,,,,,,,,,,,,,,,,,,,,,,,,,,,,,,,,,,,,,,,,,,,,,,,,,,,
test_1993,data/raf-db/aligned/test_1993_aligned.jpg,3,disgust,test,,,,,,,,,,,,,,,,,,,,,,,,,,,,,,,,,,,,,,,,,,,,,,,,,,,,,
test_1994,data/raf-db/aligned/test_1994_aligned.jpg,4,happy,test,,,,,,,,,,,,,,,,,,,,,,,,,,,,,,,,,,,,,,,,,,,,,,,,,,,,,
test_1995,data/raf-db/aligned/test_1995_aligned.jpg,4,happy,test,,,,,,,,,,,,,,,,,,,,,,,,,,,,,,,,,,,,,,,,,,,,,,,,,,,,,
test_1996,data/raf-db/aligned/test_1996_aligned.jpg,5,sad,test,,,,,,,,,,,,,,,,,,,,,,,,,,,,,,,,,,,,,,,,,,,,,,,,,,,,,
test_1997,data/raf-db/aligned/test_1997_aligned.jpg,6,angry,test,,,,,,,,,,,,,,,,,,,,,,,,,,,,,,,,,,,,,,,,,,,,,,,,,,,,,
test_1998,data/raf-db/aligned/test_1998_aligned.jpg,4,happy,test,,,,,,,,,,,,,,,,,,,,,,,,,,,,,,,,,,,,,,,,,,,,,,,,,,,,,
test_1999,data/raf-db/aligned/test_1999_aligned.jpg,4,happy,test,,,,,,,,,,,,,,,,,,,,,,,,,,,,,,,,,,,,,,,,,,,,,,,,,,,,,
test_2000,data/raf-db/aligned/test_2000_aligned.jpg,6,angry,test,,,,,,,,,,,,,,,,,,,,,,,,,,,,,,,,,,,,,,,,,,,,,,,,,,,,,
test_2001,data/raf-db/aligned/test_2001_aligned.jpg,4,happy,test,,,,,,,,,,,,,,,,,,,,,,,,,,,,,,,,,,,,,,,,,,,,,,,,,,,,,
test_2002,data/raf-db/aligned/test_2002_aligned.jpg,4,happy,test,,,,,,,,,,,,,,,,,,,,,,,,,,,,,,,,,,,,,,,,,,,,,,,,,,,,,
test_2003,data/raf-db/aligned/test_2003_aligned.jpg,4,happy,test,,,,,,,,,,,,,,,,,,,,,,,,,,,,,,,,,,,,,,,,,,,,,,,,,,,,,
test_2004,data/raf-db/aligned/test_2004_aligned.jpg,4,happy,test,,,,,,,,,,,,,,,,,,,,,,,,,,,,,,,,,,,,,,,,,,,,,,,,,,,,,
test_2005,data/raf-db/aligned/test_2005_aligned.jpg,5,sad,test,,,,,,,,,,,,,,,,,,,,,,,,,,,,,,,,,,,,,,,,,,,,,,,,,,,,,
test_2006,data/raf-db/aligned/test_2006_aligned.jpg,4,happy,test,,,,,,,,,,,,,,,,,,,,,,,,,,,,,,,,,,,,,,,,,,,,,,,,,,,,,
test_2007,data/raf-db/aligned/test_2007_aligned.jpg,4,happy,test,,,,,,,,,,,,,,,,,,,,,,,,,,,,,,,,,,,,,,,,,,,,,,,,,,,,,
test_2008,data/raf-db/aligned/test_2008_aligned.jpg,4,happy,test,,,,,,,,,,,,,,,,,,,,,,,,,,,,,,,,,,,,,,,,,,,,,,,,,,,,,
test_2009,data/raf-db/aligned/test_2009_aligned.jpg,4,happy,test,,,,,,,,,,,,,,,,,,,,,,,,,,,,,,,,,,,,,,,,,,,,,,,,,,,,,
test_2010,data/raf-db/aligned/test_2010_aligned.jpg,4,happy,test,,,,,,,,,,,,,,,,,,,,,,,,,,,,,,,,,,,,,,,,,,,,,,,,,,,,,
test_2011,data/raf-db/aligned/test_2011_aligned.jpg,4,happy,test,,,,,,,,,,,,,,,,,,,,,,,,,,,,,,,,,,,,,,,,,,,,,,,,,,,,,
test_2012,data/raf-db/aligned/test_2012_aligned.jpg,4,happy,test,,,,,,,,,,,,,,,,,,,,,,,,,,,,,,,,,,,,,,,,,,,,,,,,,,,,,
test_2013,data/raf-db/aligned/test_2013_aligned.jpg,5,sad,test,,,,,,,,,,,,,,,,,,,,,,,,,,,,,,,,,,,,,,,,,,,,,,,,,,,,,
test_2014,data/raf-db/aligned/test_2014_aligned.jpg,1,surprise,test,,,,,,,,,,,,,,,,,,,,,,,,,,,,,,,,,,,,,,,,,,,,,,,,,,,,,
test_2015,data/raf-db/aligned/test_2015_aligned.jpg,4,happy,test,,,,,,,,,,,,,,,,,,,,,,,,,,,,,,,,,,,,,,,,,,,,,,,,,,,,,
test_2016,data/raf-db/aligned/test_2016_aligned.jpg,6,angry,test,,,,,,,,,,,,,,,,,,,,,,,,,,,,,,,,,,,,,,,,,,,,,,,,,,,,,
test_2017,data/raf-db/aligned/test_2017_aligned.jpg,5,sad,test,,,,,,,,,,,,,,,,,,,,,,,,,,,,,,,,,,,,,,,,,,,,,,,,,,,,,
test_2018,data/raf-db/aligned/test_2018_aligned.jpg,4,happy,test,,,,,,,,,,,,,,,,,,,,,,,,,,,,,,,,,,,,,,,,,,,,,,,,,,,,,
test_2019,data/raf-db/aligned/test_2019_aligned.jpg,4,happy,test,,,,,,,,,,,,,,,,,,,,,,,,,,,,,,,,,,,,,,,,,,,,,,,,,,,,,
test_2020,data/raf-db/aligned/test_2020_aligned.jpg,4,happy,test,,,,,,,,,,,,,,,,,,,,,,,,,,,,,,,,,,,,,,,,,,,,,,,,,,,,,
test_2021,data/raf-db/aligned/test_2021_aligned.jpg,5,sad,test,,,,,,,,,,,,,,,,,,,,,,,,,,,,,,,,,,,,,,,,,,,,,,,,,,,,,
test_2022,data/raf-db/aligned/test_2022_aligned.jpg,5,sad,test,,,,,,,,,,,,,,,,,,,,,,,,,,,,,,,,,,,,,,,,,,,,,,,,,,,,,
test_2023,data/raf-db/aligned/test_2023_aligned.jpg,4,happy,test,,,,,,,,,,,,,,,,,,,,,,,,,,,,,,,,,,,,,,,,,,,,,,,,,,,,,
test_2024,data/raf-db/aligned/test_2024_aligned.jpg,6,angry,test,,,,,,,,,,,,,,,,,,,,,,,,,,,,,,,,,,,,,,,,,,,,,,,,,,,,,
test_2025,data/raf-db/aligned/test_2025_aligned.jpg,5,sad,test,,,,,,,,,,,,,,,,,,,,,,,,,,,,,,,,,,,,,,,,,,,,,,,,,,,,,
test_2026,data/raf-db/aligned/test_2026_aligned.jpg,5,sad,test,,,,,,,,,,,,,,,,,,,,,,,,,,,,,,,,,,,,,,,,,,,,,,,,,,,,,
test_2027,data/raf-db/aligned/test_2027_aligned.jpg,4,happy,test,,,,,,,,,,,,,,,,,,,,,,,,,,,,,,,,,,,,,,,,,,,,,,,,,,,,,
test_2028,data/raf-db/aligned/test_2028_aligned.jpg,4,happy,test,,,,,,,,,,,,,,,,,,,,,,,,,,,,,,,,,,,,,,,,,,,,,,,,,,,,,
test_2029,data/raf-db/aligned/test_2029_aligned.jpg,4,happy,test,,,,,,,,,,,,,,,,,,,,,,,,,,,,,,,,,,,,,,,,,,,,,,,,,,,,,
test_2030,data/raf-db/aligned/test_2030_aligned.jpg,4,happy,test,,,,,,,,,,,,,,,,,,,,,,,,,,,,,,,,,,,,,,,,,,,,,,,,,,,,,
test_2031,data/raf-db/aligned/test_2031_aligned.jpg,4,happy,test,,,,,,,,,,,,,,,,,,,,,,,,,,,,,,,,,,,,,,,,,,,,,,,,,,,,,
test_2032,data/raf-db/aligned/test_2032_aligned.jpg,4,happy,test,,,,,,,,,,,,,,,,,,,,,,,,,,,,,,,,,,,,,,,,,,,,,,,,,,,,,
test_2033,data/raf-db/aligned/test_2033_aligned.jpg,4,happy,test,,,,,,,,,,,,,,,,,,,,,,,,,,,,,,,,,,,,,,,,,,,,,,,,,,,,,
test_2034,data/raf-db/aligned/test_2034_aligned.jpg,3,disgust,test,,,,,,,,,,,,,,,,,,,,,,,,,,,,,,,,,,,,,,,,,,,,,,,,,,,,,
test_2035,data/raf-db/aligned/test_2035_aligned.jpg,5,sad,test,,,,,,,,,,,,,,,,,,,,,,,,,,,,,,,,,,,,,,,,,,,,,,,,,,,,,
test_2036,data/raf-db/aligned/test_2036_aligned.jpg,1,surprise,test,,,,,,,,,,,,,,,,,,,,,,,,,,,,,,,,,,,,,,,,,,,,,,,,,,,,,
test_2037,data/raf-db/aligned/test_2037_aligned.jpg,3,disgust,test,,,,,,,,,,,,,,,,,,,,,,,,,,,,,,,,,,,,,,,,,,,,,,,,,,,,,
test_2038,data/raf-db/aligned/test_2038_aligned.jpg,5,sad,test,,,,,,,,,,,,,,,,,,,,,,,,,,,,,,,,,,,,,,,,,,,,,,,,,,,,,
test_2039,data/raf-db/aligned/test_2039_aligned.jpg,4,happy,test,,,,,,,,,,,,,,,,,,,,,,,,,,,,,,,,,,,,,,,,,,,,,,,,,,,,,
test_2040,data/raf-db/aligned/test_2040_aligned.jpg,4,happy,test,,,,,,,,,,,,,,,,,,,,,,,,,,,,,,,,,,,,,,,,,,,,,,,,,,,,,
test_2041,data/raf-db/aligned/test_2041_aligned.jpg,4,happy,test,,,,,,,,,,,,,,,,,,,,,,,,,,,,,,,,,,,,,,,,,,,,,,,,,,,,,
test_2042,data/raf-db/aligned/test_2042_aligned.jpg,4,happy,test,,,,,,,,,,,,,,,,,,,,,,,,,,,,,,,,,,,,,,,,,,,,,,,,,,,,,
test_2043,data/raf-db/aligned/test_2043_aligned.jpg,4,happy,test,,,,,,,,,,,,,,,,,,,,,,,,,,,,,,,,,,,,,,,,,,,,,,,,,,,,,
test_2044,data/raf-db/aligned/test_2044_aligned.jpg,4,happy,test,,,,,,,,,,,,,,,,,,,,,,,,,,,,,,,,,,,,,,,,,,,,,,,,,,,,,
test_2045,data/raf-db/aligned/test_2045_aligned.jpg,4,happy,test,,,,,,,,,,,,,,,,,,,,,,,,,,,,,,,,,,,,,,,,,,,,,,,,,,,,,
test_2046,data/raf-db/aligned/test_2046_aligned.jpg,4,happy,test,,,,,,,,,,,,,,,,,,,,,,,,,,,,,,,,,,,,,,,,,,,,,,,,,,,,,
test_2047,data/raf-db/aligned/test_2047_aligned.jpg,4,happy,test,,,,,,,,,,,,,,,,,,,,,,,,,,,,,,,,,,,,,,,,,,,,,,,,,,,,,
test_2048,data/raf-db/aligned/test_2048_aligned.jpg,4,happy,test,,,,,,,,,,,,,,,,,,,,,,,,,,,,,,,,,,,,,,,,,,,,,,,,,,,,,
test_2049,data/raf-db/aligned/test_2049_aligned.jpg,4,happy,test,,,,,,,,,,,,,,,,,,,,,,,,,,,,,,,,,,,,,,,,,,,,,,,,,,,,,
test_2050,data/raf-db/aligned/test_2050_aligned.jpg,5,sad,test,,,,,,,,,,,,,,,,,,,,,,,,,,,,,,,,,,,,,,,,,,,,,,,,,,,,,
test_2051,data/raf-db/aligned/test_2051_aligned.jpg,1,surprise,test,,,,,,,,,,,,,,,,,,,,,,,,,,,,,,,,,,,,,,,,,,,,,,,,,,,,,
test_2052,data/raf-db/aligned/test_2052_aligned.jpg,5,sad,test,,,,,,,,,,,,,,,,,,,,,,,,,,,,,,,,,,,,,,,,,,,,,,,,,,,,,
test_2053,data/raf-db/aligned/test_2053_aligned.jpg,4,happy,test,,,,,,,,,,,,,,,,,,,,,,,,,,,,,,,,,,,,,,,,,,,,,,,,,,,,,
test_2054,data/raf-db/aligned/test_2054_aligned.jpg,5,sad,test,,,,,,,,,,,,,,,,,,,,,,,,,,,,,,,,,,,,,,,,,,,,,,,,,,,,,
test_2055,data/raf-db/aligned/test_2055_aligned.jpg,4,happy,test,,,,,,,,,,,,,,,,,,,,,,,,,,,,,,,,,,,,,,,,,,,,,,,,,,,,,
test_2056,data/raf-db/aligned/test_2056_aligned.jpg,6,angry,test,,,,,,,,,,,,,,,,,,,,,,,,,,,,,,,,,,,,,,,,,,,,,,,,,,,,,
test_2057,data/raf-db/aligned/test_2057_aligned.jpg,6,angry,test,,,,,,,,,,,,,,,,,,,,,,,,,,,,,,,,,,,,,,,,,,,,,,,,,,,,,
test_2058,data/raf-db/aligned/test_2058_aligned.jpg,6,angry,test,,,,,,,,,,,,,,,,,,,,,,,,,,,,,,,,,,,,,,,,,,,,,,,,,,,,,
test_2059,data/raf-db/aligned/test_2059_aligned.jpg,4,happy,test,,,,,,,,,,,,,,,,,,,,,,,,,,,,,,,,,,,,,,,,,,,,,,,,,,,,,
test_2060,data/raf-db/aligned/test_2060_aligned.jpg,4,happy,test,,,,,,,,,,,,,,,,,,,,,,,,,,,,,,,,,,,,,,,,,,,,,,,,,,,,,
test_2061,data/raf-db/aligned/test_2061_aligned.jpg,5,sad,test,,,,,,,,,,,,,,,,,,,,,,,,,,,,,,,,,,,,,,,,,,,,,,,,,,,,,
test_2062,data/raf-db/aligned/test_2062_aligned.jpg,6,angry,test,,,,,,,,,,,,,,,,,,,,,,,,,,,,,,,,,,,,,,,,,,,,,,,,,,,,,
test_2063,data/raf-db/aligned/test_2063_aligned.jpg,4,happy,test,,,,,,,,,,,,,,,,,,,,,,,,,,,,,,,,,,,,,,,,,,,,,,,,,,,,,
test_2064,data/raf-db/aligned/test_2064_aligned.jpg,4,happy,test,,,,,,,,,,,,,,,,,,,,,,,,,,,,,,,,,,,,,,,,,,,,,,,,,,,,,
test_2065,data/raf-db/aligned/test_2065_aligned.jpg,4,happy,test,,,,,,,,,,,,,,,,,,,,,,,,,,,,,,,,,,,,,,,,,,,,,,,,,,,,,
test_2066,data/raf-db/aligned/test_2066_aligned.jpg,5,sad,test,,,,,,,,,,,,,,,,,,,,,,,,,,,,,,,,,,,,,,,,,,,,,,,,,,,,,
test_2067,data/raf-db/aligned/test_2067_aligned.jpg,1,surprise,test,,,,,,,,,,,,,,,,,,,,,,,,,,,,,,,,,,,,,,,,,,,,,,,,,,,,,
test_2068,data/raf-db/aligned/test_2068_aligned.jpg,1,surprise,test,,,,,,,,,,,,,,,,,,,,,,,,,,,,,,,,,,,,,,,,,,,,,,,,,,,,,
test_2069,data/raf-db/aligned/test_2069_aligned.jpg,1,surprise,test,,,,,,,,,,,,,,,,,,,,,,,,,,,,,,,,,,,,,,,,,,,,,,,,,,,,,
test_2070,data/raf-db/aligned/test_2070_aligned.jpg,5,sad,test,,,,,,,,,,,,,,,,,,,,,,,,,,,,,,,,,,,,,,,,,,,,,,,,,,,,,
test_2071,data/raf-db/aligned/test_2071_aligned.jpg,5,sad,test,,,,,,,,,,,,,,,,,,,,,,,,,,,,,,,,,,,,,,,,,,,,,,,,,,,,,
test_2072,data/raf-db/aligned/test_2072_aligned.jpg,4,happy,test,,,,,,,,,,,,,,,,,,,,,,,,,,,,,,,,,,,,,,,,,,,,,,,,,,,,,
test_2073,data/raf-db/aligned/test_2073_aligned.jpg,6,angry,test,,,,,,,,,,,,,,,,,,,,,,,,,,,,,,,,,,,,,,,,,,,,,,,,,,,,,
test_2074,data/raf-db/aligned/test_2074_aligned.jpg,4,happy,test,,,,,,,,,,,,,,,,,,,,,,,,,,,,,,,,,,,,,,,,,,,,,,,,,,,,,
test_2075,data/raf-db/aligned/test_2075_aligned.jpg,6,angry,test,,,,,,,,,,,,,,,,,,,,,,,,,,,,,,,,,,,,,,,,,,,,,,,,,,,,,
test_2076,data/raf-db/aligned/test_2076_aligned.jpg,1,surprise,test,,,,,,,,,,,,,,,,,,,,,,,,,,,,,,,,,,,,,,,,,,,,,,,,,,,,,
test_2077,data/raf-db/aligned/test_2077_aligned.jpg,5,sad,test,,,,,,,,,,,,,,,,,,,,,,,,,,,,,,,,,,,,,,,,,,,,,,,,,,,,,
test_2078,data/raf-db/aligned/test_2078_aligned.jpg,5,sad,test,,,,,,,,,,,,,,,,,,,,,,,,,,,,,,,,,,,,,,,,,,,,,,,,,,,,,
test_2079,data/raf-db/aligned/test_2079_aligned.jpg,4,happy,test,,,,,,,,,,,,,,,,,,,,,,,,,,,,,,,,,,,,,,,,,,,,,,,,,,,,,
test_2080,data/raf-db/aligned/test_2080_aligned.jpg,5,sad,test,,,,,,,,,,,,,,,,,,,,,,,,,,,,,,,,,,,,,,,,,,,,,,,,,,,,,
test_2081,data/raf-db/aligned/test_2081_aligned.jpg,4,happy,test,,,,,,,,,,,,,,,,,,,,,,,,,,,,,,,,,,,,,,,,,,,,,,,,,,,,,
test_2082,data/raf-db/aligned/test_2082_aligned.jpg,4,happy,test,,,,,,,,,,,,,,,,,,,,,,,,,,,,,,,,,,,,,,,,,,,,,,,,,,,,,
test_2083,data/raf-db/aligned/test_2083_aligned.jpg,4,happy,test,,,,,,,,,,,,,,,,,,,,,,,,,,,,,,,,,,,,,,,,,,,,,,,,,,,,,
test_2084,data/raf-db/aligned/test_2084_aligned.jpg,4,happy,test,,,,,,,,,,,,,,,,,,,,,,,,,,,,,,,,,,,,,,,,,,,,,,,,,,,,,
test_2085,data/raf-db/aligned/test_2085_aligned.jpg,4,happy,test,,,,,,,,,,,,,,,,,,,,,,,,,,,,,,,,,,,,,,,,,,,,,,,,,,,,,
test_2086,data/raf-db/aligned/test_2086_aligned.jpg,4,happy,test,,,,,,,,,,,,,,,,,,,,,,,,,,,,,,,,,,,,,,,,,,,,,,,,,,,,,
test_2087,data/raf-db/aligned/test_2087_aligned.jpg,4,happy,test,,,,,,,,,,,,,,,,,,,,,,,,,,,,,,,,,,,,,,,,,,,,,,,,,,,,,
test_2088,data/raf-db/aligned/test_2088_aligned.jpg,5,sad,test,,,,,,,,,,,,,,,,,,,,,,,,,,,,,,,,,,,,,,,,,,,,,,,,,,,,,
test_2089,data/raf-db/aligned/test_2089_aligned.jpg,4,happy,test,,,,,,,,,,,,,,,,,,,,,,,,,,,,,,,,,,,,,,,,,,,,,,,,,,,,,
test_2090,data/raf-db/aligned/test_2090_aligned.jpg,4,happy,test,,,,,,,,,,,,,,,,,,,,,,,,,,,,,,,,,,,,,,,,,,,,,,,,,,,,,
test_2091,data/raf-db/aligned/test_2091_aligned.jpg,4,happy,test,,,,,,,,,,,,,,,,,,,,,,,,,,,,,,,,,,,,,,,,,,,,,,,,,,,,,
test_2092,data/raf-db/aligned/test_2092_aligned.jpg,4,happy,test,,,,,,,,,,,,,,,,,,,,,,,,,,,,,,,,,,,,,,,,,,,,,,,,,,,,,
test_2093,data/raf-db/aligned/test_2093_aligned.jpg,4,happy,test,,,,,,,,,,,,,,,,,,,,,,,,,,,,,,,,,,,,,,,,,,,,,,,,,,,,,
test_2094,data/raf-db/aligned/test_2094_aligned.jpg,4,happy,test,,,,,,,,,,,,,,,,,,,,,,,,,,,,,,,,,,,,,,,,,,,,,,,,,,,,,
test_2095,data/raf-db/aligned/test_2095_aligned.jpg,5,sad,test,,,,,,,,,,,,,,,,,,,,,,,,,,,,,,,,,,,,,,,,,,,,,,,,,,,,,
test_2096,data/raf-db/aligned/test_2096_aligned.jpg,4,happy,test,,,,,,,,,,,,,,,,,,,,,,,,,,,,,,,,,,,,,,,,,,,,,,,,,,,,,
test_2097,data/raf-db/aligned/test_2097_aligned.jpg,5,sad,test,,,,,,,,,,,,,,,,,,,,,,,,,,,,,,,,,,,,,,,,,,,,,,,,,,,,,
test_2098,data/raf-db/aligned/test_2098_aligned.jpg,4,happy,test,,,,,,,,,,,,,,,,,,,,,,,,,,,,,,,,,,,,,,,,,,,,,,,,,,,,,
test_2099,data/raf-db/aligned/test_2099_aligned.jpg,6,angry,test,,,,,,,,,,,,,,,,,,,,,,,,,,,,,,,,,,,,,,,,,,,,,,,,,,,,,
test_2100,data/raf-db/aligned/test_2100_aligned.jpg,1,surprise,test,,,,,,,,,,,,,,,,,,,,,,,,,,,,,,,,,,,,,,,,,,,,,,,,,,,,,
test_2101,data/raf-db/aligned/test_2101_aligned.jpg,6,angry,test,,,,,,,,,,,,,,,,,,,,,,,,,,,,,,,,,,,,,,,,,,,,,,,,,,,,,
test_2102,data/raf-db/aligned/test_2102_aligned.jpg,5,sad,test,,,,,,,,,,,,,,,,,,,,,,,,,,,,,,,,,,,,,,,,,,,,,,,,,,,,,
test_2103,data/raf-db/aligned/test_2103_aligned.jpg,1,surprise,test,,,,,,,,,,,,,,,,,,,,,,,,,,,,,,,,,,,,,,,,,,,,,,,,,,,,,
test_2104,data/raf-db/aligned/test_2104_aligned.jpg,4,happy,test,,,,,,,,,,,,,,,,,,,,,,,,,,,,,,,,,,,,,,,,,,,,,,,,,,,,,
test_2105,data/raf-db/aligned/test_2105_aligned.jpg,4,happy,test,,,,,,,,,,,,,,,,,,,,,,,,,,,,,,,,,,,,,,,,,,,,,,,,,,,,,
test_2106,data/raf-db/aligned/test_2106_aligned.jpg,4,happy,test,,,,,,,,,,,,,,,,,,,,,,,,,,,,,,,,,,,,,,,,,,,,,,,,,,,,,
test_2107,data/raf-db/aligned/test_2107_aligned.jpg,4,happy,test,,,,,,,,,,,,,,,,,,,,,,,,,,,,,,,,,,,,,,,,,,,,,,,,,,,,,
test_2108,data/raf-db/aligned/test_2108_aligned.jpg,4,happy,test,,,,,,,,,,,,,,,,,,,,,,,,,,,,,,,,,,,,,,,,,,,,,,,,,,,,,
test_2109,data/raf-db/aligned/test_2109_aligned.jpg,6,angry,test,,,,,,,,,,,,,,,,,,,,,,,,,,,,,,,,,,,,,,,,,,,,,,,,,,,,,
test_2110,data/raf-db/aligned/test_2110_aligned.jpg,4,happy,test,,,,,,,,,,,,,,,,,,,,,,,,,,,,,,,,,,,,,,,,,,,,,,,,,,,,,
test_2111,data/raf-db/aligned/test_2111_aligned.jpg,5,sad,test,,,,,,,,,,,,,,,,,,,,,,,,,,,,,,,,,,,,,,,,,,,,,,,,,,,,,
test_2112,data/raf-db/aligned/test_2112_aligned.jpg,4,happy,test,,,,,,,,,,,,,,,,,,,,,,,,,,,,,,,,,,,,,,,,,,,,,,,,,,,,,
test_2113,data/raf-db/aligned/test_2113_aligned.jpg,5,sad,test,,,,,,,,,,,,,,,,,,,,,,,,,,,,,,,,,,,,,,,,,,,,,,,,,,,,,
test_2114,data/raf-db/aligned/test_2114_aligned.jpg,4,happy,test,,,,,,,,,,,,,,,,,,,,,,,,,,,,,,,,,,,,,,,,,,,,,,,,,,,,,
test_2115,data/raf-db/aligned/test_2115_aligned.jpg,5,sad,test,,,,,,,,,,,,,,,,,,,,,,,,,,,,,,,,,,,,,,,,,,,,,,,,,,,,,
test_2116,data/raf-db/aligned/test_2116_aligned.jpg,4,happy,test,,,,,,,,,,,,,,,,,,,,,,,,,,,,,,,,,,,,,,,,,,,,,,,,,,,,,
test_2117,data/raf-db/aligned/test_2117_aligned.jpg,5,sad,test,,,,,,,,,,,,,,,,,,,,,,,,,,,,,,,,,,,,,,,,,,,,,,,,,,,,,
test_2118,data/raf-db/aligned/test_2118_aligned.jpg,5,sad,test,,,,,,,,,,,,,,,,,,,,,,,,,,,,,,,,,,,,,,,,,,,,,,,,,,,,,
test_2119,data/raf-db/aligned/test_2119_aligned.jpg,5,sad,test,,,,,,,,,,,,,,,,,,,,,,,,,,,,,,,,,,,,,,,,,,,,,,,,,,,,,
test_2120,data/raf-db/aligned/test_2120_aligned.jpg,4,happy,test,,,,,,,,,,,,,,,,,,,,,,,,,,,,,,,,,,,,,,,,,,,,,,,,,,,,,
test_2121,data/raf-db/aligned/test_2121_aligned.jpg,1,surprise,test,,,,,,,,,,,,,,,,,,,,,,,,,,,,,,,,,,,,,,,,,,,,,,,,,,,,,
test_2122,data/raf-db/aligned/test_2122_aligned.jpg,4,happy,test,,,,,,,,,,,,,,,,,,,,,,,,,,,,,,,,,,,,,,,,,,,,,,,,,,,,,
test_2123,data/raf-db/aligned/test_2123_aligned.jpg,5,sad,test,,,,,,,,,,,,,,,,,,,,,,,,,,,,,,,,,,,,,,,,,,,,,,,,,,,,,
test_2124,data/raf-db/aligned/test_2124_aligned.jpg,5,sad,test,,,,,,,,,,,,,,,,,,,,,,,,,,,,,,,,,,,,,,,,,,,,,,,,,,,,,
test_2125,data/raf-db/aligned/test_2125_aligned.jpg,4,happy,test,,,,,,,,,,,,,,,,,,,,,,,,,,,,,,,,,,,,,,,,,,,,,,,,,,,,,
test_2126,data/raf-db/aligned/test_2126_aligned.jpg,4,happy,test,,,,,,,,,,,,,,,,,,,,,,,,,,,,,,,,,,,,,,,,,,,,,,,,,,,,,
test_2127,data/raf-db/aligned/test_2127_aligned.jpg,4,happy,test,,,,,,,,,,,,,,,,,,,,,,,,,,,,,,,,,,,,,,,,,,,,,,,,,,,,,
test_2128,data/raf-db/aligned/test_2128_aligned.jpg,4,happy,test,,,,,,,,,,,,,,,,,,,,,,,,,,,,,,,,,,,,,,,,,,,,,,,,,,,,,
test_2129,data/raf-db/aligned/test_2129_aligned.jpg,4,happy,test,,,,,,,,,,,,,,,,,,,,,,,,,,,,,,,,,,,,,,,,,,,,,,,,,,,,,
test_2130,data/raf-db/aligned/test_2130_aligned.jpg,1,surprise,test,,,,,,,,,,,,,,,,,,,,,,,,,,,,,,,,,,,,,,,,,,,,,,,,,,,,,
test_2131,data/raf-db/aligned/test_2131_aligned.jpg,5,sad,test,,,,,,,,,,,,,,,,,,,,,,,,,,,,,,,,,,,,,,,,,,,,,,,,,,,,,
test_2132,data/raf-db/aligned/test_2132_aligned.jpg,5,sad,test,,,,,,,,,,,,,,,,,,,,,,,,,,,,,,,,,,,,,,,,,,,,,,,,,,,,,
test_2133,data/raf-db/aligned/test_2133_aligned.jpg,4,happy,test,,,,,,,,,,,,,,,,,,,,,,,,,,,,,,,,,,,,,,,,,,,,,,,,,,,,,
test_2134,data/raf-db/aligned/test_2134_aligned.jpg,4,happy,test,,,,,,,,,,,,,,,,,,,,,,,,,,,,,,,,,,,,,,,,,,,,,,,,,,,,,
test_2135,data/raf-db/aligned/test_2135_aligned.jpg,4,happy,test,,,,,,,,,,,,,,,,,,,,,,,,,,,,,,,,,,,,,,,,,,,,,,,,,,,,,
test_2136,data/raf-db/aligned/test_2136_aligned.jpg,4,happy,test,,,,,,,,,,,,,,,,,,,,,,,,,,,,,,,,,,,,,,,,,,,,,,,,,,,,,
test_2137,data/raf-db/aligned/test_2137_aligned.jpg,4,happy,test,,,,,,,,,,,,,,,,,,,,,,,,,,,,,,,,,,,,,,,,,,,,,,,,,,,,,
test_2138,data/raf-db/aligned/test_2138_aligned.jpg,5,sad,test,,,,,,,,,,,,,,,,,,,,,,,,,,,,,,,,,,,,,,,,,,,,,,,,,,,,,
test_2139,data/raf-db/aligned/test_2139_aligned.jpg,4,happy,test,,,,,,,,,,,,,,,,,,,,,,,,,,,,,,,,,,,,,,,,,,,,,,,,,,,,,
test_2140,data/raf-db/aligned/test_2140_aligned.jpg,4,happy,test,,,,,,,,,,,,,,,,,,,,,,,,,,,,,,,,,,,,,,,,,,,,,,,,,,,,,
test_2141,data/raf-db/aligned/test_2141_aligned.jpg,4,happy,test,,,,,,,,,,,,,,,,,,,,,,,,,,,,,,,,,,,,,,,,,,,,,,,,,,,,,
test_2142,data/raf-db/aligned/test_2142_aligned.jpg,5,sad,test,,,,,,,,,,,,,,,,,,,,,,,,,,,,,,,,,,,,,,,,,,,,,,,,,,,,,
test_2143,data/raf-db/aligned/test_2143_aligned.jpg,4,happy,test,,,,,,,,,,,,,,,,,,,,,,,,,,,,,,,,,,,,,,,,,,,,,,,,,,,,,
test_2144,data/raf-db/aligned/test_2144_aligned.jpg,4,happy,test,,,,,,,,,,,,,,,,,,,,,,,,,,,,,,,,,,,,,,,,,,,,,,,,,,,,,
test_2145,data/raf-db/aligned/test_2145_aligned.jpg,4,happy,test,,,,,,,,,,,,,,,,,,,,,,,,,,,,,,,,,,,,,,,,,,,,,,,,,,,,,
test_2146,data/raf-db/aligned/test_2146_aligned.jpg,1,surprise,test,,,,,,,,,,,,,,,,,,,,,,,,,,,,,,,,,,,,,,,,,,,,,,,,,,,,,
test_2147,data/raf-db/aligned/test_2147_aligned.jpg,5,sad,test,,,,,,,,,,,,,,,,,,,,,,,,,,,,,,,,,,,,,,,,,,,,,,,,,,,,,
test_2148,data/raf-db/aligned/test_2148_aligned.jpg,4,happy,test,,,,,,,,,,,,,,,,,,,,,,,,,,,,,,,,,,,,,,,,,,,,,,,,,,,,,
test_2149,data/raf-db/aligned/test_2149_aligned.jpg,1,surprise,test,,,,,,,,,,,,,,,,,,,,,,,,,,,,,,,,,,,,,,,,,,,,,,,,,,,,,
test_2150,data/raf-db/aligned/test_2150_aligned.jpg,4,happy,test,,,,,,,,,,,,,,,,,,,,,,,,,,,,,,,,,,,,,,,,,,,,,,,,,,,,,
test_2151,data/raf-db/aligned/test_2151_aligned.jpg,4,happy,test,,,,,,,,,,,,,,,,,,,,,,,,,,,,,,,,,,,,,,,,,,,,,,,,,,,,,
test_2152,data/raf-db/aligned/test_2152_aligned.jpg,4,happy,test,,,,,,,,,,,,,,,,,,,,,,,,,,,,,,,,,,,,,,,,,,,,,,,,,,,,,
test_2153,data/raf-db/aligned/test_2153_aligned.jpg,4,happy,test,,,,,,,,,,,,,,,,,,,,,,,,,,,,,,,,,,,,,,,,,,,,,,,,,,,,,
test_2154,data/raf-db/aligned/test_2154_aligned.jpg,3,disgust,test,,,,,,,,,,,,,,,,,,,,,,,,,,,,,,,,,,,,,,,,,,,,,,,,,,,,,
test_2155,data/raf-db/aligned/test_2155_aligned.jpg,4,happy,test,,,,,,,,,,,,,,,,,,,,,,,,,,,,,,,,,,,,,,,,,,,,,,,,,,,,,
test_2156,data/raf-db/aligned/test_2156_aligned.jpg,5,sad,test,,,,,,,,,,,,,,,,,,,,,,,,,,,,,,,,,,,,,,,,,,,,,,,,,,,,,
test_2157,data/raf-db/aligned/test_2157_aligned.jpg,5,sad,test,,,,,,,,,,,,,,,,,,,,,,,,,,,,,,,,,,,,,,,,,,,,,,,,,,,,,
test_2158,data/raf-db/aligned/test_2158_aligned.jpg,5,sad,test,,,,,,,,,,,,,,,,,,,,,,,,,,,,,,,,,,,,,,,,,,,,,,,,,,,,,
test_2159,data/raf-db/aligned/test_2159_aligned.jpg,3,disgust,test,,,,,,,,,,,,,,,,,,,,,,,,,,,,,,,,,,,,,,,,,,,,,,,,,,,,,
test_2160,data/raf-db/aligned/test_2160_aligned.jpg,4,happy,test,,,,,,,,,,,,,,,,,,,,,,,,,,,,,,,,,,,,,,,,,,,,,,,,,,,,,
test_2161,data/raf-db/aligned/test_2161_aligned.jpg,4,happy,test,,,,,,,,,,,,,,,,,,,,,,,,,,,,,,,,,,,,,,,,,,,,,,,,,,,,,
test_2162,data/raf-db/aligned/test_2162_aligned.jpg,4,happy,test,,,,,,,,,,,,,,,,,,,,,,,,,,,,,,,,,,,,,,,,,,,,,,,,,,,,,
test_2163,data/raf-db/aligned/test_2163_aligned.jpg,4,happy,test,,,,,,,,,,,,,,,,,,,,,,,,,,,,,,,,,,,,,,,,,,,,,,,,,,,,,
test_2164,data/raf-db/aligned/test_2164_aligned.jpg,4,happy,test,,,,,,,,,,,,,,,,,,,,,,,,,,,,,,,,,,,,,,,,,,,,,,,,,,,,,
test_2165,data/raf-db/aligned/test_2165_aligned.jpg,4,happy,test,,,,,,,,,,,,,,,,,,,,,,,,,,,,,,,,,,,,,,,,,,,,,,,,,,,,,
test_2166,data/raf-db/aligned/test_2166_aligned.jpg,4,happy,test,,,,,,,,,,,,,,,,,,,,,,,,,,,,,,,,,,,,,,,,,,,,,,,,,,,,,
test_2167,data/raf-db/aligned/test_2167_aligned.jpg,5,sad,test,,,,,,,,,,,,,,,,,,,,,,,,,,,,,,,,,,,,,,,,,,,,,,,,,,,,,
test_2168,data/raf-db/aligned/test_2168_aligned.jpg,4,happy,test,,,,,,,,,,,,,,,,,,,,,,,,,,,,,,,,,,,,,,,,,,,,,,,,,,,,,
test_2169,data/raf-db/aligned/test_2169_aligned.jpg,5,sad,test,,,,,,,,,,,,,,,,,,,,,,,,,,,,,,,,,,,,,,,,,,,,,,,,,,,,,
test_2170,data/raf-db/aligned/test_2170_aligned.jpg,6,angry,test,,,,,,,,,,,,,,,,,,,,,,,,,,,,,,,,,,,,,,,,,,,,,,,,,,,,,
test_2171,data/raf-db/aligned/test_2171_aligned.jpg,4,happy,test,,,,,,,,,,,,,,,,,,,,,,,,,,,,,,,,,,,,,,,,,,,,,,,,,,,,,
test_2172,data/raf-db/aligned/test_2172_aligned.jpg,6,angry,test,,,,,,,,,,,,,,,,,,,,,,,,,,,,,,,,,,,,,,,,,,,,,,,,,,,,,
test_2173,data/raf-db/aligned/test_2173_aligned.jpg,4,happy,test,,,,,,,,,,,,,,,,,,,,,,,,,,,,,,,,,,,,,,,,,,,,,,,,,,,,,
test_2174,data/raf-db/aligned/test_2174_aligned.jpg,6,angry,test,,,,,,,,,,,,,,,,,,,,,,,,,,,,,,,,,,,,,,,,,,,,,,,,,,,,,
test_2175,data/raf-db/aligned/test_2175_aligned.jpg,4,happy,test,,,,,,,,,,,,,,,,,,,,,,,,,,,,,,,,,,,,,,,,,,,,,,,,,,,,,
test_2176,data/raf-db/aligned/test_2176_aligned.jpg,4,happy,test,,,,,,,,,,,,,,,,,,,,,,,,,,,,,,,,,,,,,,,,,,,,,,,,,,,,,
test_2177,data/raf-db/aligned/test_2177_aligned.jpg,4,happy,test,,,,,,,,,,,,,,,,,,,,,,,,,,,,,,,,,,,,,,,,,,,,,,,,,,,,,
test_2178,data/raf-db/aligned/test_2178_aligned.jpg,4,happy,test,,,,,,,,,,,,,,,,,,,,,,,,,,,,,,,,,,,,,,,,,,,,,,,,,,,,,
test_2179,data/raf-db/aligned/test_2179_aligned.jpg,4,happy,test,,,,,,,,,,,,,,,,,,,,,,,,,,,,,,,,,,,,,,,,,,,,,,,,,,,,,
test_2180,data/raf-db/aligned/test_2180_aligned.jpg,4,happy,test,,,,,,,,,,,,,,,,,,,,,,,,,,,,,,,,,,,,,,,,,,,,,,,,,,,,,
test_2181,data/raf-db/aligned/test_2181_aligned.jpg,4,happy,test,,,,,,,,,,,,,,,,,,,,,,,,,,,,,,,,,,,,,,,,,,,,,,,,,,,,,
test_2182,data/raf-db/aligned/test_2182_aligned.jpg,4,happy,test,,,,,,,,,,,,,,,,,,,,,,,,,,,,,,,,,,,,,,,,,,,,,,,,,,,,,
test_2183,data/raf-db/aligned/test_2183_aligned.jpg,1,surprise,test,,,,,,,,,,,,,,,,,,,,,,,,,,,,,,,,,,,,,,,,,,,,,,,,,,,,,
test_2184,data/raf-db/aligned/test_2184_aligned.jpg,4,happy,test,,,,,,,,,,,,,,,,,,,,,,,,,,,,,,,,,,,,,,,,,,,,,,,,,,,,,
test_2185,data/raf-db/aligned/test_2185_aligned.jpg,4,happy,test,,,,,,,,,,,,,,,,,,,,,,,,,,,,,,,,,,,,,,,,,,,,,,,,,,,,,
test_2186,data/raf-db/aligned/test_2186_aligned.jpg,4,happy,test,,,,,,,,,,,,,,,,,,,,,,,,,,,,,,,,,,,,,,,,,,,,,,,,,,,,,
test_2187,data/raf-db/aligned/test_2187_aligned.jpg,4,happy,test,,,,,,,,,,,,,,,,,,,,,,,,,,,,,,,,,,,,,,,,,,,,,,,,,,,,,
test_2188,data/raf-db/aligned/test_2188_aligned.jpg,5,sad,test,,,,,,,,,,,,,,,,,,,,,,,,,,,,,,,,,,,,,,,,,,,,,,,,,,,,,
test_2189,data/raf-db/aligned/test_2189_aligned.jpg,4,happy,test,,,,,,,,,,,,,,,,,,,,,,,,,,,,,,,,,,,,,,,,,,,,,,,,,,,,,
test_2190,data/raf-db/aligned/test_2190_aligned.jpg,4,happy,test,,,,,,,,,,,,,,,,,,,,,,,,,,,,,,,,,,,,,,,,,,,,,,,,,,,,,
test_2191,data/raf-db/aligned/test_2191_aligned.jpg,5,sad,test,,,,,,,,,,,,,,,,,,,,,,,,,,,,,,,,,,,,,,,,,,,,,,,,,,,,,
test_2192,data/raf-db/aligned/test_2192_aligned.jpg,1,surprise,test,,,,,,,,,,,,,,,,,,,,,,,,,,,,,,,,,,,,,,,,,,,,,,,,,,,,,
test_2193,data/raf-db/aligned/test_2193_aligned.jpg,5,sad,test,,,,,,,,,,,,,,,,,,,,,,,,,,,,,,,,,,,,,,,,,,,,,,,,,,,,,
test_2194,data/raf-db/aligned/test_2194_aligned.jpg,5,sad,test,,,,,,,,,,,,,,,,,,,,,,,,,,,,,,,,,,,,,,,,,,,,,,,,,,,,,
test_2195,data/raf-db/aligned/test_2195_aligned.jpg,5,sad,test,,,,,,,,,,,,,,,,,,,,,,,,,,,,,,,,,,,,,,,,,,,,,,,,,,,,,
test_2196,data/raf-db/aligned/test_2196_aligned.jpg,4,happy,test,,,,,,,,,,,,,,,,,,,,,,,,,,,,,,,,,,,,,,,,,,,,,,,,,,,,,
test_2197,data/raf-db/aligned/test_2197_aligned.jpg,4,happy,test,,,,,,,,,,,,,,,,,,,,,,,,,,,,,,,,,,,,,,,,,,,,,,,,,,,,,
test_2198,data/raf-db/aligned/test_2198_aligned.jpg,4,happy,test,,,,,,,,,,,,,,,,,,,,,,,,,,,,,,,,,,,,,,,,,,,,,,,,,,,,,
test_2199,data/raf-db/aligned/test_2199_aligned.jpg,4,happy,test,,,,,,,,,,,,,,,,,,,,,,,,,,,,,,,,,,,,,,,,,,,,,,,,,,,,,
test_2200,data/raf-db/aligned/test_2200_aligned.jpg,4,happy,test,,,,,,,,,,,,,,,,,,,,,,,,,,,,,,,,,,,,,,,,,,,,,,,,,,,,,
test_2201,data/raf-db/aligned/test_2201_aligned.jpg,4,happy,test,,,,,,,,,,,,,,,,,,,,,,,,,,,,,,,,,,,,,,,,,,,,,,,,,,,,,
test_2202,data/raf-db/aligned/test_2202_aligned.jpg,4,happy,test,,,,,,,,,,,,,,,,,,,,,,,,,,,,,,,,,,,,,,,,,,,,,,,,,,,,,
test_2203,data/raf-db/aligned/test_2203_aligned.jpg,4,happy,test,,,,,,,,,,,,,,,,,,,,,,,,,,,,,,,,,,,,,,,,,,,,,,,,,,,,,
test_2204,data/raf-db/aligned/test_2204_aligned.jpg,5,sad,test,,,,,,,,,,,,,,,,,,,,,,,,,,,,,,,,,,,,,,,,,,,,,,,,,,,,,
test_2205,data/raf-db/aligned/test_2205_aligned.jpg,4,happy,test,,,,,,,,,,,,,,,,,,,,,,,,,,,,,,,,,,,,,,,,,,,,,,,,,,,,,
test_2206,data/raf-db/aligned/test_2206_aligned.jpg,4,happy,test,,,,,,,,,,,,,,,,,,,,,,,,,,,,,,,,,,,,,,,,,,,,,,,,,,,,,
test_2207,data/raf-db/aligned/test_2207_aligned.jpg,1,surprise,test,,,,,,,,,,,,,,,,,,,,,,,,,,,,,,,,,,,,,,,,,,,,,,,,,,,,,
test_2208,data/raf-db/aligned/test_2208_aligned.jpg,4,happy,test,,,,,,,,,,,,,,,,,,,,,,,,,,,,,,,,,,,,,,,,,,,,,,,,,,,,,
test_2209,data/raf-db/aligned/test_2209_aligned.jpg,5,sad,test,,,,,,,,,,,,,,,,,,,,,,,,,,,,,,,,,,,,,,,,,,,,,,,,,,,,,
test_2210,data/raf-db/aligned/test_2210_aligned.jpg,5,sad,test,,,,,,,,,,,,,,,,,,,,,,,,,,,,,,,,,,,,,,,,,,,,,,,,,,,,,
test_2211,data/raf-db/aligned/test_2211_aligned.jpg,5,sad,test,,,,,,,,,,,,,,,,,,,,,,,,,,,,,,,,,,,,,,,,,,,,,,,,,,,,,
test_2212,data/raf-db/aligned/test_2212_aligned.jpg,4,happy,test,,,,,,,,,,,,,,,,,,,,,,,,,,,,,,,,,,,,,,,,,,,,,,,,,,,,,
test_2213,data/raf-db/aligned/test_2213_aligned.jpg,3,disgust,test,,,,,,,,,,,,,,,,,,,,,,,,,,,,,,,,,,,,,,,,,,,,,,,,,,,,,
test_2214,data/raf-db/aligned/test_2214_aligned.jpg,3,disgust,test,,,,,,,,,,,,,,,,,,,,,,,,,,,,,,,,,,,,,,,,,,,,,,,,,,,,,
test_2215,data/raf-db/aligned/test_2215_aligned.jpg,4,happy,test,,,,,,,,,,,,,,,,,,,,,,,,,,,,,,,,,,,,,,,,,,,,,,,,,,,,,
test_2216,data/raf-db/aligned/test_2216_aligned.jpg,5,sad,test,,,,,,,,,,,,,,,,,,,,,,,,,,,,,,,,,,,,,,,,,,,,,,,,,,,,,
test_2217,data/raf-db/aligned/test_2217_aligned.jpg,5,sad,test,,,,,,,,,,,,,,,,,,,,,,,,,,,,,,,,,,,,,,,,,,,,,,,,,,,,,
test_2218,data/raf-db/aligned/test_2218_aligned.jpg,1,surprise,test,,,,,,,,,,,,,,,,,,,,,,,,,,,,,,,,,,,,,,,,,,,,,,,,,,,,,
test_2219,data/raf-db/aligned/test_2219_aligned.jpg,4,happy,test,,,,,,,,,,,,,,,,,,,,,,,,,,,,,,,,,,,,,,,,,,,,,,,,,,,,,
test_2220,data/raf-db/aligned/test_2220_aligned.jpg,4,happy,test,,,,,,,,,,,,,,,,,,,,,,,,,,,,,,,,,,,,,,,,,,,,,,,,,,,,,
test_2221,data/raf-db/aligned/test_2221_aligned.jpg,4,happy,test,,,,,,,,,,,,,,,,,,,,,,,,,,,,,,,,,,,,,,,,,,,,,,,,,,,,,
test_2222,data/raf-db/aligned/test_2222_aligned.jpg,4,happy,test,,,,,,,,,,,,,,,,,,,,,,,,,,,,,,,,,,,,,,,,,,,,,,,,,,,,,
test_2223,data/raf-db/aligned/test_2223_aligned.jpg,5,sad,test,,,,,,,,,,,,,,,,,,,,,,,,,,,,,,,,,,,,,,,,,,,,,,,,,,,,,
test_2224,data/raf-db/aligned/test_2224_aligned.jpg,4,happy,test,,,,,,,,,,,,,,,,,,,,,,,,,,,,,,,,,,,,,,,,,,,,,,,,,,,,,
test_2225,data/raf-db/aligned/test_2225_aligned.jpg,5,sad,test,,,,,,,,,,,,,,,,,,,,,,,,,,,,,,,,,,,,,,,,,,,,,,,,,,,,,
test_2226,data/raf-db/aligned/test_2226_aligned.jpg,1,surprise,test,,,,,,,,,,,,,,,,,,,,,,,,,,,,,,,,,,,,,,,,,,,,,,,,,,,,,
test_2227,data/raf-db/aligned/test_2227_aligned.jpg,5,sad,test,,,,,,,,,,,,,,,,,,,,,,,,,,,,,,,,,,,,,,,,,,,,,,,,,,,,,
test_2228,data/raf-db/aligned/test_2228_aligned.jpg,6,angry,test,,,,,,,,,,,,,,,,,,,,,,,,,,,,,,,,,,,,,,,,,,,,,,,,,,,,,
test_2229,data/raf-db/aligned/test_2229_aligned.jpg,4,happy,test,,,,,,,,,,,,,,,,,,,,,,,,,,,,,,,,,,,,,,,,,,,,,,,,,,,,,
test_2230,data/raf-db/aligned/test_2230_aligned.jpg,4,happy,test,,,,,,,,,,,,,,,,,,,,,,,,,,,,,,,,,,,,,,,,,,,,,,,,,,,,,
test_2231,data/raf-db/aligned/test_2231_aligned.jpg,4,happy,test,,,,,,,,,,,,,,,,,,,,,,,,,,,,,,,,,,,,,,,,,,,,,,,,,,,,,
test_2232,data/raf-db/aligned/test_2232_aligned.jpg,4,happy,test,,,,,,,,,,,,,,,,,,,,,,,,,,,,,,,,,,,,,,,,,,,,,,,,,,,,,
test_2233,data/raf-db/aligned/test_2233_aligned.jpg,4,happy,test,,,,,,,,,,,,,,,,,,,,,,,,,,,,,,,,,,,,,,,,,,,,,,,,,,,,,
test_2234,data/raf-db/aligned/test_2234_aligned.jpg,1,surprise,test,,,,,,,,,,,,,,,,,,,,,,,,,,,,,,,,,,,,,,,,,,,,,,,,,,,,,
test_2235,data/raf-db/aligned/test_2235_aligned.jpg,4,happy,test,,,,,,,,,,,,,,,,,,,,,,,,,,,,,,,,,,,,,,,,,,,,,,,,,,,,,
test_2236,data/raf-db/aligned/test_2236_aligned.jpg,4,happy,test,,,,,,,,,,,,,,,,,,,,,,,,,,,,,,,,,,,,,,,,,,,,,,,,,,,,,
test_2237,data/raf-db/aligned/test_2237_aligned.jpg,4,happy,test,,,,,,,,,,,,,,,,,,,,,,,,,,,,,,,,,,,,,,,,,,,,,,,,,,,,,
test_2238,data/raf-db/aligned/test_2238_aligned.jpg,2,fear,test,,,,,,,,,,,,,,,,,,,,,,,,,,,,,,,,,,,,,,,,,,,,,,,,,,,,,
test_2239,data/raf-db/aligned/test_2239_aligned.jpg,2,fear,test,,,,,,,,,,,,,,,,,,,,,,,,,,,,,,,,,,,,,,,,,,,,,,,,,,,,,
test_2240,data/raf-db/aligned/test_2240_aligned.jpg,2,fear,test,,,,,,,,,,,,,,,,,,,,,,,,,,,,,,,,,,,,,,,,,,,,,,,,,,,,,
test_2241,data/raf-db/aligned/test_2241_aligned.jpg,2,fear,test,,,,,,,,,,,,,,,,,,,,,,,,,,,,,,,,,,,,,,,,,,,,,,,,,,,,,
test_2242,data/raf-db/aligned/test_2242_aligned.jpg,2,fear,test,,,,,,,,,,,,,,,,,,,,,,,,,,,,,,,,,,,,,,,,,,,,,,,,,,,,,
test_2243,data/raf-db/aligned/test_2243_aligned.jpg,2,fear,test,,,,,,,,,,,,,,,,,,,,,,,,,,,,,,,,,,,,,,,,,,,,,,,,,,,,,
test_2244,data/raf-db/aligned/test_2244_aligned.jpg,2,fear,test,,,,,,,,,,,,,,,,,,,,,,,,,,,,,,,,,,,,,,,,,,,,,,,,,,,,,
test_2245,data/raf-db/aligned/test_2245_aligned.jpg,2,fear,test,,,,,,,,,,,,,,,,,,,,,,,,,,,,,,,,,,,,,,,,,,,,,,,,,,,,,
test_2246,data/raf-db/aligned/test_2246_aligned.jpg,2,fear,test,,,,,,,,,,,,,,,,,,,,,,,,,,,,,,,,,,,,,,,,,,,,,,,,,,,,,
test_2247,data/raf-db/aligned/test_2247_aligned.jpg,2,fear,test,,,,,,,,,,,,,,,,,,,,,,,,,,,,,,,,,,,,,,,,,,,,,,,,,,,,,
test_2248,data/raf-db/aligned/test_2248_aligned.jpg,2,fear,test,,,,,,,,,,,,,,,,,,,,,,,,,,,,,,,,,,,,,,,,,,,,,,,,,,,,,
test_2249,data/raf-db/aligned/test_2249_aligned.jpg,2,fear,test,,,,,,,,,,,,,,,,,,,,,,,,,,,,,,,,,,,,,,,,,,,,,,,,,,,,,
test_2250,data/raf-db/aligned/test_2250_aligned.jpg,2,fear,test,,,,,,,,,,,,,,,,,,,,,,,,,,,,,,,,,,,,,,,,,,,,,,,,,,,,,
test_2251,data/raf-db/aligned/test_2251_aligned.jpg,2,fear,test,,,,,,,,,,,,,,,,,,,,,,,,,,,,,,,,,,,,,,,,,,,,,,,,,,,,,
test_2252,data/raf-db/aligned/test_2252_aligned.jpg,2,fear,test,,,,,,,,,,,,,,,,,,,,,,,,,,,,,,,,,,,,,,,,,,,,,,,,,,,,,
test_2253,data/raf-db/aligned/test_2253_aligned.jpg,2,fear,test,,,,,,,,,,,,,,,,,,,,,,,,,,,,,,,,,,,,,,,,,,,,,,,,,,,,,
test_2254,data/raf-db/aligned/test_2254_aligned.jpg,2,fear,test,,,,,,,,,,,,,,,,,,,,,,,,,,,,,,,,,,,,,,,,,,,,,,,,,,,,,
test_2255,data/raf-db/aligned/test_2255_aligned.jpg,2,fear,test,,,,,,,,,,,,,,,,,,,,,,,,,,,,,,,,,,,,,,,,,,,,,,,,,,,,,
test_2256,data/raf-db/aligned/test_2256_aligned.jpg,2,fear,test,,,,,,,,,,,,,,,,,,,,,,,,,,,,,,,,,,,,,,,,,,,,,,,,,,,,,
test_2257,data/raf-db/aligned/test_2257_aligned.jpg,2,fear,test,,,,,,,,,,,,,,,,,,,,,,,,,,,,,,,,,,,,,,,,,,,,,,,,,,,,,
test_2258,data/raf-db/aligned/test_2258_aligned.jpg,2,fear,test,,,,,,,,,,,,,,,,,,,,,,,,,,,,,,,,,,,,,,,,,,,,,,,,,,,,,
test_2259,data/raf-db/aligned/test_2259_aligned.jpg,2,fear,test,,,,,,,,,,,,,,,,,,,,,,,,,,,,,,,,,,,,,,,,,,,,,,,,,,,,,
test_2260,data/raf-db/aligned/test_2260_aligned.jpg,2,fear,test,,,,,,,,,,,,,,,,,,,,,,,,,,,,,,,,,,,,,,,,,,,,,,,,,,,,,
test_2261,data/raf-db/aligned/test_2261_aligned.jpg,2,fear,test,,,,,,,,,,,,,,,,,,,,,,,,,,,,,,,,,,,,,,,,,,,,,,,,,,,,,
test_2262,data/raf-db/aligned/test_2262_aligned.jpg,2,fear,test,,,,,,,,,,,,,,,,,,,,,,,,,,,,,,,,,,,,,,,,,,,,,,,,,,,,,
test_2263,data/raf-db/aligned/test_2263_aligned.jpg,2,fear,test,,,,,,,,,,,,,,,,,,,,,,,,,,,,,,,,,,,,,,,,,,,,,,,,,,,,,
test_2264,data/raf-db/aligned/test_2264_aligned.jpg,2,fear,test,,,,,,,,,,,,,,,,,,,,,,,,,,,,,,,,,,,,,,,,,,,,,,,,,,,,,
test_2265,data/raf-db/aligned/test_2265_aligned.jpg,2,fear,test,,,,,,,,,,,,,,,,,,,,,,,,,,,,,,,,,,,,,,,,,,,,,,,,,,,,,
test_2266,data/raf-db/aligned/test_2266_aligned.jpg,2,fear,test,,,,,,,,,,,,,,,,,,,,,,,,,,,,,,,,,,,,,,,,,,,,,,,,,,,,,
test_2267,data/raf-db/aligned/test_2267_aligned.jpg,2,fear,test,,,,,,,,,,,,,,,,,,,,,,,,,,,,,,,,,,,,,,,,,,,,,,,,,,,,,
test_2268,data/raf-db/aligned/test_2268_aligned.jpg,2,fear,test,,,,,,,,,,,,,,,,,,,,,,,,,,,,,,,,,,,,,,,,,,,,,,,,,,,,,
test_2269,data/raf-db/aligned/test_2269_aligned.jpg,2,fear,test,,,,,,,,,,,,,,,,,,,,,,,,,,,,,,,,,,,,,,,,,,,,,,,,,,,,,
test_2270,data/raf-db/aligned/test_2270_aligned.jpg,2,fear,test,,,,,,,,,,,,,,,,,,,,,,,,,,,,,,,,,,,,,,,,,,,,,,,,,,,,,
test_2271,data/raf-db/aligned/test_2271_aligned.jpg,2,fear,test,,,,,,,,,,,,,,,,,,,,,,,,,,,,,,,,,,,,,,,,,,,,,,,,,,,,,
test_2272,data/raf-db/aligned/test_2272_aligned.jpg,2,fear,test,,,,,,,,,,,,,,,,,,,,,,,,,,,,,,,,,,,,,,,,,,,,,,,,,,,,,
test_2273,data/raf-db/aligned/test_2273_aligned.jpg,2,fear,test,,,,,,,,,,,,,,,,,,,,,,,,,,,,,,,,,,,,,,,,,,,,,,,,,,,,,
test_2274,data/raf-db/aligned/test_2274_aligned.jpg,2,fear,test,,,,,,,,,,,,,,,,,,,,,,,,,,,,,,,,,,,,,,,,,,,,,,,,,,,,,
test_2275,data/raf-db/aligned/test_2275_aligned.jpg,2,fear,test,,,,,,,,,,,,,,,,,,,,,,,,,,,,,,,,,,,,,,,,,,,,,,,,,,,,,
test_2276,data/raf-db/aligned/test_2276_aligned.jpg,2,fear,test,,,,,,,,,,,,,,,,,,,,,,,,,,,,,,,,,,,,,,,,,,,,,,,,,,,,,
test_2277,data/raf-db/aligned/test_2277_aligned.jpg,2,fear,test,,,,,,,,,,,,,,,,,,,,,,,,,,,,,,,,,,,,,,,,,,,,,,,,,,,,,
test_2278,data/raf-db/aligned/test_2278_aligned.jpg,2,fear,test,,,,,,,,,,,,,,,,,,,,,,,,,,,,,,,,,,,,,,,,,,,,,,,,,,,,,
test_2279,data/raf-db/aligned/test_2279_aligned.jpg,2,fear,test,,,,,,,,,,,,,,,,,,,,,,,,,,,,,,,,,,,,,,,,,,,,,,,,,,,,,
test_2280,data/raf-db/aligned/test_2280_aligned.jpg,2,fear,test,,,,,,,,,,,,,,,,,,,,,,,,,,,,,,,,,,,,,,,,,,,,,,,,,,,,,
test_2281,data/raf-db/aligned/test_2281_aligned.jpg,2,fear,test,,,,,,,,,,,,,,,,,,,,,,,,,,,,,,,,,,,,,,,,,,,,,,,,,,,,,
test_2282,data/raf-db/aligned/test_2282_aligned.jpg,2,fear,test,,,,,,,,,,,,,,,,,,,,,,,,,,,,,,,,,,,,,,,,,,,,,,,,,,,,,
test_2283,data/raf-db/aligned/test_2283_aligned.jpg,2,fear,test,,,,,,,,,,,,,,,,,,,,,,,,,,,,,,,,,,,,,,,,,,,,,,,,,,,,,
test_2284,data/raf-db/aligned/test_2284_aligned.jpg,2,fear,test,,,,,,,,,,,,,,,,,,,,,,,,,,,,,,,,,,,,,,,,,,,,,,,,,,,,,
test_2285,data/raf-db/aligned/test_2285_aligned.jpg,2,fear,test,,,,,,,,,,,,,,,,,,,,,,,,,,,,,,,,,,,,,,,,,,,,,,,,,,,,,
test_2286,data/raf-db/aligned/test_2286_aligned.jpg,2,fear,test,,,,,,,,,,,,,,,,,,,,,,,,,,,,,,,,,,,,,,,,,,,,,,,,,,,,,
test_2287,data/raf-db/aligned/test_2287_aligned.jpg,2,fear,test,,,,,,,,,,,,,,,,,,,,,,,,,,,,,,,,,,,,,,,,,,,,,,,,,,,,,
test_2288,data/raf-db/aligned/test_2288_aligned.jpg,2,fear,test,,,,,,,,,,,,,,,,,,,,,,,,,,,,,,,,,,,,,,,,,,,,,,,,,,,,,
test_2289,data/raf-db/aligned/test_2289_aligned.jpg,2,fear,test,,,,,,,,,,,,,,,,,,,,,,,,,,,,,,,,,,,,,,,,,,,,,,,,,,,,,
test_2290,data/raf-db/aligned/test_2290_aligned.jpg,2,fear,test,,,,,,,,,,,,,,,,,,,,,,,,,,,,,,,,,,,,,,,,,,,,,,,,,,,,,
test_2291,data/raf-db/aligned/test_2291_aligned.jpg,2,fear,test,,,,,,,,,,,,,,,,,,,,,,,,,,,,,,,,,,,,,,,,,,,,,,,,,,,,,
test_2292,data/raf-db/aligned/test_2292_aligned.jpg,2,fear,test,,,,,,,,,,,,,,,,,,,,,,,,,,,,,,,,,,,,,,,,,,,,,,,,,,,,,
test_2293,data/raf-db/aligned/test_2293_aligned.jpg,2,fear,test,,,,,,,,,,,,,,,,,,,,,,,,,,,,,,,,,,,,,,,,,,,,,,,,,,,,,
test_2294,data/raf-db/aligned/test_2294_aligned.jpg,2,fear,test,,,,,,,,,,,,,,,,,,,,,,,,,,,,,,,,,,,,,,,,,,,,,,,,,,,,,
test_2295,data/raf-db/aligned/test_2295_aligned.jpg,2,fear,test,,,,,,,,,,,,,,,,,,,,,,,,,,,,,,,,,,,,,,,,,,,,,,,,,,,,,
test_2296,data/raf-db/aligned/test_2296_aligned.jpg,2,fear,test,,,,,,,,,,,,,,,,,,,,,,,,,,,,,,,,,,,,,,,,,,,,,,,,,,,,,
test_2297,data/raf-db/aligned/test_2297_aligned.jpg,2,fear,test,,,,,,,,,,,,,,,,,,,,,,,,,,,,,,,,,,,,,,,,,,,,,,,,,,,,,
test_2298,data/raf-db/aligned/test_2298_aligned.jpg,2,fear,test,,,,,,,,,,,,,,,,,,,,,,,,,,,,,,,,,,,,,,,,,,,,,,,,,,,,,
test_2299,data/raf-db/aligned/test_2299_aligned.jpg,2,fear,test,,,,,,,,,,,,,,,,,,,,,,,,,,,,,,,,,,,,,,,,,,,,,,,,,,,,,
test_2300,data/raf-db/aligned/test_2300_aligned.jpg,2,fear,test,,,,,,,,,,,,,,,,,,,,,,,,,,,,,,,,,,,,,,,,,,,,,,,,,,,,,
test_2301,data/raf-db/aligned/test_2301_aligned.jpg,2,fear,test,,,,,,,,,,,,,,,,,,,,,,,,,,,,,,,,,,,,,,,,,,,,,,,,,,,,,
test_2302,data/raf-db/aligned/test_2302_aligned.jpg,2,fear,test,,,,,,,,,,,,,,,,,,,,,,,,,,,,,,,,,,,,,,,,,,,,,,,,,,,,,
test_2303,data/raf-db/aligned/test_2303_aligned.jpg,2,fear,test,,,,,,,,,,,,,,,,,,,,,,,,,,,,,,,,,,,,,,,,,,,,,,,,,,,,,
test_2304,data/raf-db/aligned/test_2304_aligned.jpg,3,disgust,test,,,,,,,,,,,,,,,,,,,,,,,,,,,,,,,,,,,,,,,,,,,,,,,,,,,,,
test_2305,data/raf-db/aligned/test_2305_aligned.jpg,3,disgust,test,,,,,,,,,,,,,,,,,,,,,,,,,,,,,,,,,,,,,,,,,,,,,,,,,,,,,
test_2306,data/raf-db/aligned/test_2306_aligned.jpg,3,disgust,test,,,,,,,,,,,,,,,,,,,,,,,,,,,,,,,,,,,,,,,,,,,,,,,,,,,,,
test_2307,data/raf-db/aligned/test_2307_aligned.jpg,3,disgust,test,,,,,,,,,,,,,,,,,,,,,,,,,,,,,,,,,,,,,,,,,,,,,,,,,,,,,
test_2308,data/raf-db/aligned/test_2308_aligned.jpg,3,disgust,test,,,,,,,,,,,,,,,,,,,,,,,,,,,,,,,,,,,,,,,,,,,,,,,,,,,,,
test_2309,data/raf-db/aligned/test_2309_aligned.jpg,3,disgust,test,,,,,,,,,,,,,,,,,,,,,,,,,,,,,,,,,,,,,,,,,,,,,,,,,,,,,
test_2310,data/raf-db/aligned/test_2310_aligned.jpg,3,disgust,test,,,,,,,,,,,,,,,,,,,,,,,,,,,,,,,,,,,,,,,,,,,,,,,,,,,,,
test_2311,data/raf-db/aligned/test_2311_aligned.jpg,3,disgust,test,,,,,,,,,,,,,,,,,,,,,,,,,,,,,,,,,,,,,,,,,,,,,,,,,,,,,
test_2312,data/raf-db/aligned/test_2312_aligned.jpg,3,disgust,test,,,,,,,,,,,,,,,,,,,,,,,,,,,,,,,,,,,,,,,,,,,,,,,,,,,,,
test_2313,data/raf-db/aligned/test_2313_aligned.jpg,3,disgust,test,,,,,,,,,,,,,,,,,,,,,,,,,,,,,,,,,,,,,,,,,,,,,,,,,,,,,
test_2314,data/raf-db/aligned/test_2314_aligned.jpg,3,disgust,test,,,,,,,,,,,,,,,,,,,,,,,,,,,,,,,,,,,,,,,,,,,,,,,,,,,,,
test_2315,data/raf-db/aligned/test_2315_aligned.jpg,3,disgust,test,,,,,,,,,,,,,,,,,,,,,,,,,,,,,,,,,,,,,,,,,,,,,,,,,,,,,
test_2316,data/raf-db/aligned/test_2316_aligned.jpg,3,disgust,test,,,,,,,,,,,,,,,,,,,,,,,,,,,,,,,,,,,,,,,,,,,,,,,,,,,,,
test_2317,data/raf-db/aligned/test_2317_aligned.jpg,3,disgust,test,,,,,,,,,,,,,,,,,,,,,,,,,,,,,,,,,,,,,,,,,,,,,,,,,,,,,
test_2318,data/raf-db/aligned/test_2318_aligned.jpg,3,disgust,test,,,,,,,,,,,,,,,,,,,,,,,,,,,,,,,,,,,,,,,,,,,,,,,,,,,,,
test_2319,data/raf-db/aligned/test_2319_aligned.jpg,3,disgust,test,,,,,,,,,,,,,,,,,,,,,,,,,,,,,,,,,,,,,,,,,,,,,,,,,,,,,
test_2320,data/raf-db/aligned/test_2320_aligned.jpg,3,disgust,test,,,,,,,,,,,,,,,,,,,,,,,,,,,,,,,,,,,,,,,,,,,,,,,,,,,,,
test_2321,data/raf-db/aligned/test_2321_aligned.jpg,3,disgust,test,,,,,,,,,,,,,,,,,,,,,,,,,,,,,,,,,,,,,,,,,,,,,,,,,,,,,
test_2322,data/raf-db/aligned/test_2322_aligned.jpg,3,disgust,test,,,,,,,,,,,,,,,,,,,,,,,,,,,,,,,,,,,,,,,,,,,,,,,,,,,,,
test_2323,data/raf-db/aligned/test_2323_aligned.jpg,3,disgust,test,,,,,,,,,,,,,,,,,,,,,,,,,,,,,,,,,,,,,,,,,,,,,,,,,,,,,
test_2324,data/raf-db/aligned/test_2324_aligned.jpg,3,disgust,test,,,,,,,,,,,,,,,,,,,,,,,,,,,,,,,,,,,,,,,,,,,,,,,,,,,,,
test_2325,data/raf-db/aligned/test_2325_aligned.jpg,3,disgust,test,,,,,,,,,,,,,,,,,,,,,,,,,,,,,,,,,,,,,,,,,,,,,,,,,,,,,
test_2326,data/raf-db/aligned/test_2326_aligned.jpg,3,disgust,test,,,,,,,,,,,,,,,,,,,,,,,,,,,,,,,,,,,,,,,,,,,,,,,,,,,,,
test_2327,data/raf-db/aligned/test_2327_aligned.jpg,3,disgust,test,,,,,,,,,,,,,,,,,,,,,,,,,,,,,,,,,,,,,,,,,,,,,,,,,,,,,
test_2328,data/raf-db/aligned/test_2328_aligned.jpg,3,disgust,test,,,,,,,,,,,,,,,,,,,,,,,,,,,,,,,,,,,,,,,,,,,,,,,,,,,,,
test_2329,data/raf-db/aligned/test_2329_aligned.jpg,3,disgust,test,,,,,,,,,,,,,,,,,,,,,,,,,,,,,,,,,,,,,,,,,,,,,,,,,,,,,
test_2330,data/raf-db/aligned/test_2330_aligned.jpg,3,disgust,test,,,,,,,,,,,,,,,,,,,,,,,,,,,,,,,,,,,,,,,,,,,,,,,,,,,,,
test_2331,data/raf-db/aligned/test_2331_aligned.jpg,3,disgust,test,,,,,,,,,,,,,,,,,,,,,,,,,,,,,,,,,,,,,,,,,,,,,,,,,,,,,
test_2332,data/raf-db/aligned/test_2332_aligned.jpg,3,disgust,test,,,,,,,,,,,,,,,,,,,,,,,,,,,,,,,,,,,,,,,,,,,,,,,,,,,,,
test_2333,data/raf-db/aligned/test_2333_aligned.jpg,3,disgust,test,,,,,,,,,,,,,,,,,,,,,,,,,,,,,,,,,,,,,,,,,,,,,,,,,,,,,
test_2334,data/raf-db/aligned/test_2334_aligned.jpg,3,disgust,test,,,,,,,,,,,,,,,,,,,,,,,,,,,,,,,,,,,,,,,,,,,,,,,,,,,,,
test_2335,data/raf-db/aligned/test_2335_aligned.jpg,3,disgust,test,,,,,,,,,,,,,,,,,,,,,,,,,,,,,,,,,,,,,,,,,,,,,,,,,,,,,
test_2336,data/raf-db/aligned/test_2336_aligned.jpg,3,disgust,test,,,,,,,,,,,,,,,,,,,,,,,,,,,,,,,,,,,,,,,,,,,,,,,,,,,,,
test_2337,data/raf-db/aligned/test_2337_aligned.jpg,3,disgust,test,,,,,,,,,,,,,,,,,,,,,,,,,,,,,,,,,,,,,,,,,,,,,,,,,,,,,
test_2338,data/raf-db/aligned/test_2338_aligned.jpg,3,disgust,test,,,,,,,,,,,,,,,,,,,,,,,,,,,,,,,,,,,,,,,,,,,,,,,,,,,,,
test_2339,data/raf-db/aligned/test_2339_aligned.jpg,3,disgust,test,,,,,,,,,,,,,,,,,,,,,,,,,,,,,,,,,,,,,,,,,,,,,,,,,,,,,
test_2340,data/raf-db/aligned/test_2340_aligned.jpg,3,disgust,test,,,,,,,,,,,,,,,,,,,,,,,,,,,,,,,,,,,,,,,,,,,,,,,,,,,,,
test_2341,data/raf-db/aligned/test_2341_aligned.jpg,3,disgust,test,,,,,,,,,,,,,,,,,,,,,,,,,,,,,,,,,,,,,,,,,,,,,,,,,,,,,
test_2342,data/raf-db/aligned/test_2342_aligned.jpg,3,disgust,test,,,,,,,,,,,,,,,,,,,,,,,,,,,,,,,,,,,,,,,,,,,,,,,,,,,,,
test_2343,data/raf-db/aligned/test_2343_aligned.jpg,3,disgust,test,,,,,,,,,,,,,,,,,,,,,,,,,,,,,,,,,,,,,,,,,,,,,,,,,,,,,
test_2344,data/raf-db/aligned/test_2344_aligned.jpg,3,disgust,test,,,,,,,,,,,,,,,,,,,,,,,,,,,,,,,,,,,,,,,,,,,,,,,,,,,,,
test_2345,data/raf-db/aligned/test_2345_aligned.jpg,3,disgust,test,,,,,,,,,,,,,,,,,,,,,,,,,,,,,,,,,,,,,,,,,,,,,,,,,,,,,
test_2346,data/raf-db/aligned/test_2346_aligned.jpg,3,disgust,test,,,,,,,,,,,,,,,,,,,,,,,,,,,,,,,,,,,,,,,,,,,,,,,,,,,,,
test_2347,data/raf-db/aligned/test_2347_aligned.jpg,3,disgust,test,,,,,,,,,,,,,,,,,,,,,,,,,,,,,,,,,,,,,,,,,,,,,,,,,,,,,
test_2348,data/raf-db/aligned/test_2348_aligned.jpg,3,disgust,test,,,,,,,,,,,,,,,,,,,,,,,,,,,,,,,,,,,,,,,,,,,,,,,,,,,,,
test_2349,data/raf-db/aligned/test_2349_aligned.jpg,3,disgust,test,,,,,,,,,,,,,,,,,,,,,,,,,,,,,,,,,,,,,,,,,,,,,,,,,,,,,
test_2350,data/raf-db/aligned/test_2350_aligned.jpg,3,disgust,test,,,,,,,,,,,,,,,,,,,,,,,,,,,,,,,,,,,,,,,,,,,,,,,,,,,,,
test_2351,data/raf-db/aligned/test_2351_aligned.jpg,3,disgust,test,,,,,,,,,,,,,,,,,,,,,,,,,,,,,,,,,,,,,,,,,,,,,,,,,,,,,
test_2352,data/raf-db/aligned/test_2352_aligned.jpg,3,disgust,test,,,,,,,,,,,,,,,,,,,,,,,,,,,,,,,,,,,,,,,,,,,,,,,,,,,,,
test_2353,data/raf-db/aligned/test_2353_aligned.jpg,3,disgust,test,,,,,,,,,,,,,,,,,,,,,,,,,,,,,,,,,,,,,,,,,,,,,,,,,,,,,
test_2354,data/raf-db/aligned/test_2354_aligned.jpg,3,disgust,test,,,,,,,,,,,,,,,,,,,,,,,,,,,,,,,,,,,,,,,,,,,,,,,,,,,,,
test_2355,data/raf-db/aligned/test_2355_aligned.jpg,3,disgust,test,,,,,,,,,,,,,,,,,,,,,,,,,,,,,,,,,,,,,,,,,,,,,,,,,,,,,
test_2356,data/raf-db/aligned/test_2356_aligned.jpg,3,disgust,test,,,,,,,,,,,,,,,,,,,,,,,,,,,,,,,,,,,,,,,,,,,,,,,,,,,,,
test_2357,data/raf-db/aligned/test_2357_aligned.jpg,3,disgust,test,,,,,,,,,,,,,,,,,,,,,,,,,,,,,,,,,,,,,,,,,,,,,,,,,,,,,
test_2358,data/raf-db/aligned/test_2358_aligned.jpg,3,disgust,test,,,,,,,,,,,,,,,,,,,,,,,,,,,,,,,,,,,,,,,,,,,,,,,,,,,,,
test_2359,data/raf-db/aligned/test_2359_aligned.jpg,3,disgust,test,,,,,,,,,,,,,,,,,,,,,,,,,,,,,,,,,,,,,,,,,,,,,,,,,,,,,
test_2360,data/raf-db/aligned/test_2360_aligned.jpg,3,disgust,test,,,,,,,,,,,,,,,,,,,,,,,,,,,,,,,,,,,,,,,,,,,,,,,,,,,,,
test_2361,data/raf-db/aligned/test_2361_aligned.jpg,3,disgust,test,,,,,,,,,,,,,,,,,,,,,,,,,,,,,,,,,,,,,,,,,,,,,,,,,,,,,
test_2362,data/raf-db/aligned/test_2362_aligned.jpg,3,disgust,test,,,,,,,,,,,,,,,,,,,,,,,,,,,,,,,,,,,,,,,,,,,,,,,,,,,,,
test_2363,data/raf-db/aligned/test_2363_aligned.jpg,3,disgust,test,,,,,,,,,,,,,,,,,,,,,,,,,,,,,,,,,,,,,,,,,,,,,,,,,,,,,
test_2364,data/raf-db/aligned/test_2364_aligned.jpg,3,disgust,test,,,,,,,,,,,,,,,,,,,,,,,,,,,,,,,,,,,,,,,,,,,,,,,,,,,,,
test_2365,data/raf-db/aligned/test_2365_aligned.jpg,3,disgust,test,,,,,,,,,,,,,,,,,,,,,,,,,,,,,,,,,,,,,,,,,,,,,,,,,,,,,
test_2366,data/raf-db/aligned/test_2366_aligned.jpg,3,disgust,test,,,,,,,,,,,,,,,,,,,,,,,,,,,,,,,,,,,,,,,,,,,,,,,,,,,,,
test_2367,data/raf-db/aligned/test_2367_aligned.jpg,3,disgust,test,,,,,,,,,,,,,,,,,,,,,,,,,,,,,,,,,,,,,,,,,,,,,,,,,,,,,
test_2368,data/raf-db/aligned/test_2368_aligned.jpg,3,disgust,test,,,,,,,,,,,,,,,,,,,,,,,,,,,,,,,,,,,,,,,,,,,,,,,,,,,,,
test_2369,data/raf-db/aligned/test_2369_aligned.jpg,3,disgust,test,,,,,,,,,,,,,,,,,,,,,,,,,,,,,,,,,,,,,,,,,,,,,,,,,,,,,
test_2370,data/raf-db/aligned/test_2370_aligned.jpg,3,disgust,test,,,,,,,,,,,,,,,,,,,,,,,,,,,,,,,,,,,,,,,,,,,,,,,,,,,,,
test_2371,data/raf-db/aligned/test_2371_aligned.jpg,3,disgust,test,,,,,,,,,,,,,,,,,,,,,,,,,,,,,,,,,,,,,,,,,,,,,,,,,,,,,
test_2372,data/raf-db/aligned/test_2372_aligned.jpg,3,disgust,test,,,,,,,,,,,,,,,,,,,,,,,,,,,,,,,,,,,,,,,,,,,,,,,,,,,,,
test_2373,data/raf-db/aligned/test_2373_aligned.jpg,3,disgust,test,,,,,,,,,,,,,,,,,,,,,,,,,,,,,,,,,,,,,,,,,,,,,,,,,,,,,
test_2374,data/raf-db/aligned/test_2374_aligned.jpg,3,disgust,test,,,,,,,,,,,,,,,,,,,,,,,,,,,,,,,,,,,,,,,,,,,,,,,,,,,,,
test_2375,data/raf-db/aligned/test_2375_aligned.jpg,3,disgust,test,,,,,,,,,,,,,,,,,,,,,,,,,,,,,,,,,,,,,,,,,,,,,,,,,,,,,
test_2376,data/raf-db/aligned/test_2376_aligned.jpg,3,disgust,test,,,,,,,,,,,,,,,,,,,,,,,,,,,,,,,,,,,,,,,,,,,,,,,,,,,,,
test_2377,data/raf-db/aligned/test_2377_aligned.jpg,3,disgust,test,,,,,,,,,,,,,,,,,,,,,,,,,,,,,,,,,,,,,,,,,,,,,,,,,,,,,
test_2378,data/raf-db/aligned/test_2378_aligned.jpg,3,disgust,test,,,,,,,,,,,,,,,,,,,,,,,,,,,,,,,,,,,,,,,,,,,,,,,,,,,,,
test_2379,data/raf-db/aligned/test_2379_aligned.jpg,3,disgust,test,,,,,,,,,,,,,,,,,,,,,,,,,,,,,,,,,,,,,,,,,,,,,,,,,,,,,
test_2380,data/raf-db/aligned/test_2380_aligned.jpg,3,disgust,test,,,,,,,,,,,,,,,,,,,,,,,,,,,,,,,,,,,,,,,,,,,,,,,,,,,,,
test_2381,data/raf-db/aligned/test_2381_aligned.jpg,3,disgust,test,,,,,,,,,,,,,,,,,,,,,,,,,,,,,,,,,,,,,,,,,,,,,,,,,,,,,
test_2382,data/raf-db/aligned/test_2382_aligned.jpg,3,disgust,test,,,,,,,,,,,,,,,,,,,,,,,,,,,,,,,,,,,,,,,,,,,,,,,,,,,,,
test_2383,data/raf-db/aligned/test_2383_aligned.jpg,3,disgust,test,,,,,,,,,,,,,,,,,,,,,,,,,,,,,,,,,,,,,,,,,,,,,,,,,,,,,
test_2384,data/raf-db/aligned/test_2384_aligned.jpg,3,disgust,test,,,,,,,,,,,,,,,,,,,,,,,,,,,,,,,,,,,,,,,,,,,,,,,,,,,,,
test_2385,data/raf-db/aligned/test_2385_aligned.jpg,3,disgust,test,,,,,,,,,,,,,,,,,,,,,,,,,,,,,,,,,,,,,,,,,,,,,,,,,,,,,
test_2386,data/raf-db/aligned/test_2386_aligned.jpg,3,disgust,test,,,,,,,,,,,,,,,,,,,,,,,,,,,,,,,,,,,,,,,,,,,,,,,,,,,,,
test_2387,data/raf-db/aligned/test_2387_aligned.jpg,3,disgust,test,,,,,,,,,,,,,,,,,,,,,,,,,,,,,,,,,,,,,,,,,,,,,,,,,,,,,
test_2388,data/raf-db/aligned/test_2388_aligned.jpg,3,disgust,test,,,,,,,,,,,,,,,,,,,,,,,,,,,,,,,,,,,,,,,,,,,,,,,,,,,,,
test_2389,data/raf-db/aligned/test_2389_aligned.jpg,7,neutral,test,,,,,,,,,,,,,,,,,,,,,,,,,,,,,,,,,,,,,,,,,,,,,,,,,,,,,
test_2390,data/raf-db/aligned/test_2390_aligned.jpg,7,neutral,test,,,,,,,,,,,,,,,,,,,,,,,,,,,,,,,,,,,,,,,,,,,,,,,,,,,,,
test_2391,data/raf-db/aligned/test_2391_aligned.jpg,7,neutral,test,,,,,,,,,,,,,,,,,,,,,,,,,,,,,,,,,,,,,,,,,,,,,,,,,,,,,
test_2392,data/raf-db/aligned/test_2392_aligned.jpg,7,neutral,test,,,,,,,,,,,,,,,,,,,,,,,,,,,,,,,,,,,,,,,,,,,,,,,,,,,,,
test_2393,data/raf-db/aligned/test_2393_aligned.jpg,7,neutral,test,,,,,,,,,,,,,,,,,,,,,,,,,,,,,,,,,,,,,,,,,,,,,,,,,,,,,
test_2394,data/raf-db/aligned/test_2394_aligned.jpg,7,neutral,test,,,,,,,,,,,,,,,,,,,,,,,,,,,,,,,,,,,,,,,,,,,,,,,,,,,,,
test_2395,data/raf-db/aligned/test_2395_aligned.jpg,7,neutral,test,,,,,,,,,,,,,,,,,,,,,,,,,,,,,,,,,,,,,,,,,,,,,,,,,,,,,
test_2396,data/raf-db/aligned/test_2396_aligned.jpg,7,neutral,test,,,,,,,,,,,,,,,,,,,,,,,,,,,,,,,,,,,,,,,,,,,,,,,,,,,,,
test_2397,data/raf-db/aligned/test_2397_aligned.jpg,7,neutral,test,,,,,,,,,,,,,,,,,,,,,,,,,,,,,,,,,,,,,,,,,,,,,,,,,,,,,
test_2398,data/raf-db/aligned/test_2398_aligned.jpg,7,neutral,test,,,,,,,,,,,,,,,,,,,,,,,,,,,,,,,,,,,,,,,,,,,,,,,,,,,,,
test_2399,data/raf-db/aligned/test_2399_aligned.jpg,7,neutral,test,,,,,,,,,,,,,,,,,,,,,,,,,,,,,,,,,,,,,,,,,,,,,,,,,,,,,
test_2400,data/raf-db/aligned/test_2400_aligned.jpg,7,neutral,test,,,,,,,,,,,,,,,,,,,,,,,,,,,,,,,,,,,,,,,,,,,,,,,,,,,,,
test_2401,data/raf-db/aligned/test_2401_aligned.jpg,7,neutral,test,,,,,,,,,,,,,,,,,,,,,,,,,,,,,,,,,,,,,,,,,,,,,,,,,,,,,
test_2402,data/raf-db/aligned/test_2402_aligned.jpg,7,neutral,test,,,,,,,,,,,,,,,,,,,,,,,,,,,,,,,,,,,,,,,,,,,,,,,,,,,,,
test_2403,data/raf-db/aligned/test_2403_aligned.jpg,7,neutral,test,,,,,,,,,,,,,,,,,,,,,,,,,,,,,,,,,,,,,,,,,,,,,,,,,,,,,
test_2404,data/raf-db/aligned/test_2404_aligned.jpg,7,neutral,test,,,,,,,,,,,,,,,,,,,,,,,,,,,,,,,,,,,,,,,,,,,,,,,,,,,,,
test_2405,data/raf-db/aligned/test_2405_aligned.jpg,7,neutral,test,,,,,,,,,,,,,,,,,,,,,,,,,,,,,,,,,,,,,,,,,,,,,,,,,,,,,
test_2406,data/raf-db/aligned/test_2406_aligned.jpg,7,neutral,test,,,,,,,,,,,,,,,,,,,,,,,,,,,,,,,,,,,,,,,,,,,,,,,,,,,,,
test_2407,data/raf-db/aligned/test_2407_aligned.jpg,7,neutral,test,,,,,,,,,,,,,,,,,,,,,,,,,,,,,,,,,,,,,,,,,,,,,,,,,,,,,
test_2408,data/raf-db/aligned/test_2408_aligned.jpg,7,neutral,test,,,,,,,,,,,,,,,,,,,,,,,,,,,,,,,,,,,,,,,,,,,,,,,,,,,,,
test_2409,data/raf-db/aligned/test_2409_aligned.jpg,7,neutral,test,,,,,,,,,,,,,,,,,,,,,,,,,,,,,,,,,,,,,,,,,,,,,,,,,,,,,
test_2410,data/raf-db/aligned/test_2410_aligned.jpg,7,neutral,test,,,,,,,,,,,,,,,,,,,,,,,,,,,,,,,,,,,,,,,,,,,,,,,,,,,,,
test_2411,data/raf-db/aligned/test_2411_aligned.jpg,7,neutral,test,,,,,,,,,,,,,,,,,,,,,,,,,,,,,,,,,,,,,,,,,,,,,,,,,,,,,
test_2412,data/raf-db/aligned/test_2412_aligned.jpg,7,neutral,test,,,,,,,,,,,,,,,,,,,,,,,,,,,,,,,,,,,,,,,,,,,,,,,,,,,,,
test_2413,data/raf-db/aligned/test_2413_aligned.jpg,7,neutral,test,,,,,,,,,,,,,,,,,,,,,,,,,,,,,,,,,,,,,,,,,,,,,,,,,,,,,
test_2414,data/raf-db/aligned/test_2414_aligned.jpg,7,neutral,test,,,,,,,,,,,,,,,,,,,,,,,,,,,,,,,,,,,,,,,,,,,,,,,,,,,,,
test_2415,data/raf-db/aligned/test_2415_aligned.jpg,7,neutral,test,,,,,,,,,,,,,,,,,,,,,,,,,,,,,,,,,,,,,,,,,,,,,,,,,,,,,
test_2416,data/raf-db/aligned/test_2416_aligned.jpg,7,neutral,test,,,,,,,,,,,,,,,,,,,,,,,,,,,,,,,,,,,,,,,,,,,,,,,,,,,,,
test_2417,data/raf-db/aligned/test_2417_aligned.jpg,7,neutral,test,,,,,,,,,,,,,,,,,,,,,,,,,,,,,,,,,,,,,,,,,,,,,,,,,,,,,
test_2418,data/raf-db/aligned/test_2418_aligned.jpg,7,neutral,test,,,,,,,,,,,,,,,,,,,,,,,,,,,,,,,,,,,,,,,,,,,,,,,,,,,,,
test_2419,data/raf-db/aligned/test_2419_aligned.jpg,7,neutral,test,,,,,,,,,,,,,,,,,,,,,,,,,,,,,,,,,,,,,,,,,,,,,,,,,,,,,
test_2420,data/raf-db/aligned/test_2420_aligned.jpg,7,neutral,test,,,,,,,,,,,,,,,,,,,,,,,,,,,,,,,,,,,,,,,,,,,,,,,,,,,,,
test_2421,data/raf-db/aligned/test_2421_aligned.jpg,7,neutral,test,,,,,,,,,,,,,,,,,,,,,,,,,,,,,,,,,,,,,,,,,,,,,,,,,,,,,
test_2422,data/raf-db/aligned/test_2422_aligned.jpg,7,neutral,test,,,,,,,,,,,,,,,,,,,,,,,,,,,,,,,,,,,,,,,,,,,,,,,,,,,,,
test_2423,data/raf-db/aligned/test_2423_aligned.jpg,7,neutral,test,,,,,,,,,,,,,,,,,,,,,,,,,,,,,,,,,,,,,,,,,,,,,,,,,,,,,
test_2424,data/raf-db/aligned/test_2424_aligned.jpg,7,neutral,test,,,,,,,,,,,,,,,,,,,,,,,,,,,,,,,,,,,,,,,,,,,,,,,,,,,,,
test_2425,data/raf-db/aligned/test_2425_aligned.jpg,7,neutral,test,,,,,,,,,,,,,,,,,,,,,,,,,,,,,,,,,,,,,,,,,,,,,,,,,,,,,
test_2426,data/raf-db/aligned/test_2426_aligned.jpg,7,neutral,test,,,,,,,,,,,,,,,,,,,,,,,,,,,,,,,,,,,,,,,,,,,,,,,,,,,,,
test_2427,data/raf-db/aligned/test_2427_aligned.jpg,7,neutral,test,,,,,,,,,,,,,,,,,,,,,,,,,,,,,,,,,,,,,,,,,,,,,,,,,,,,,
test_2428,data/raf-db/aligned/test_2428_aligned.jpg,7,neutral,test,,,,,,,,,,,,,,,,,,,,,,,,,,,,,,,,,,,,,,,,,,,,,,,,,,,,,
test_2429,data/raf-db/aligned/test_2429_aligned.jpg,7,neutral,test,,,,,,,,,,,,,,,,,,,,,,,,,,,,,,,,,,,,,,,,,,,,,,,,,,,,,
test_2430,data/raf-db/aligned/test_2430_aligned.jpg,7,neutral,test,,,,,,,,,,,,,,,,,,,,,,,,,,,,,,,,,,,,,,,,,,,,,,,,,,,,,
test_2431,data/raf-db/aligned/test_2431_aligned.jpg,7,neutral,test,,,,,,,,,,,,,,,,,,,,,,,,,,,,,,,,,,,,,,,,,,,,,,,,,,,,,
test_2432,data/raf-db/aligned/test_2432_aligned.jpg,7,neutral,test,,,,,,,,,,,,,,,,,,,,,,,,,,,,,,,,,,,,,,,,,,,,,,,,,,,,,
test_2433,data/raf-db/aligned/test_2433_aligned.jpg,7,neutral,test,,,,,,,,,,,,,,,,,,,,,,,,,,,,,,,,,,,,,,,,,,,,,,,,,,,,,
test_2434,data/raf-db/aligned/test_2434_aligned.jpg,7,neutral,test,,,,,,,,,,,,,,,,,,,,,,,,,,,,,,,,,,,,,,,,,,,,,,,,,,,,,
test_2435,data/raf-db/aligned/test_2435_aligned.jpg,7,neutral,test,,,,,,,,,,,,,,,,,,,,,,,,,,,,,,,,,,,,,,,,,,,,,,,,,,,,,
test_2436,data/raf-db/aligned/test_2436_aligned.jpg,7,neutral,test,,,,,,,,,,,,,,,,,,,,,,,,,,,,,,,,,,,,,,,,,,,,,,,,,,,,,
test_2437,data/raf-db/aligned/test_2437_aligned.jpg,7,neutral,test,,,,,,,,,,,,,,,,,,,,,,,,,,,,,,,,,,,,,,,,,,,,,,,,,,,,,
test_2438,data/raf-db/aligned/test_2438_aligned.jpg,7,neutral,test,,,,,,,,,,,,,,,,,,,,,,,,,,,,,,,,,,,,,,,,,,,,,,,,,,,,,
test_2439,data/raf-db/aligned/test_2439_aligned.jpg,7,neutral,test,,,,,,,,,,,,,,,,,,,,,,,,,,,,,,,,,,,,,,,,,,,,,,,,,,,,,
test_2440,data/raf-db/aligned/test_2440_aligned.jpg,7,neutral,test,,,,,,,,,,,,,,,,,,,,,,,,,,,,,,,,,,,,,,,,,,,,,,,,,,,,,
test_2441,data/raf-db/aligned/test_2441_aligned.jpg,7,neutral,test,,,,,,,,,,,,,,,,,,,,,,,,,,,,,,,,,,,,,,,,,,,,,,,,,,,,,
test_2442,data/raf-db/aligned/test_2442_aligned.jpg,7,neutral,test,,,,,,,,,,,,,,,,,,,,,,,,,,,,,,,,,,,,,,,,,,,,,,,,,,,,,
test_2443,data/raf-db/aligned/test_2443_aligned.jpg,7,neutral,test,,,,,,,,,,,,,,,,,,,,,,,,,,,,,,,,,,,,,,,,,,,,,,,,,,,,,
test_2444,data/raf-db/aligned/test_2444_aligned.jpg,7,neutral,test,,,,,,,,,,,,,,,,,,,,,,,,,,,,,,,,,,,,,,,,,,,,,,,,,,,,,
test_2445,data/raf-db/aligned/test_2445_aligned.jpg,7,neutral,test,,,,,,,,,,,,,,,,,,,,,,,,,,,,,,,,,,,,,,,,,,,,,,,,,,,,,
test_2446,data/raf-db/aligned/test_2446_aligned.jpg,7,neutral,test,,,,,,,,,,,,,,,,,,,,,,,,,,,,,,,,,,,,,,,,,,,,,,,,,,,,,
test_2447,data/raf-db/aligned/test_2447_aligned.jpg,7,neutral,test,,,,,,,,,,,,,,,,,,,,,,,,,,,,,,,,,,,,,,,,,,,,,,,,,,,,,
test_2448,data/raf-db/aligned/test_2448_aligned.jpg,7,neutral,test,,,,,,,,,,,,,,,,,,,,,,,,,,,,,,,,,,,,,,,,,,,,,,,,,,,,,
test_2449,data/raf-db/aligned/test_2449_aligned.jpg,7,neutral,test,,,,,,,,,,,,,,,,,,,,,,,,,,,,,,,,,,,,,,,,,,,,,,,,,,,,,
test_2450,data/raf-db/aligned/test_2450_aligned.jpg,7,neutral,test,,,,,,,,,,,,,,,,,,,,,,,,,,,,,,,,,,,,,,,,,,,,,,,,,,,,,
test_2451,data/raf-db/aligned/test_2451_aligned.jpg,7,neutral,test,,,,,,,,,,,,,,,,,,,,,,,,,,,,,,,,,,,,,,,,,,,,,,,,,,,,,
test_2452,data/raf-db/aligned/test_2452_aligned.jpg,7,neutral,test,,,,,,,,,,,,,,,,,,,,,,,,,,,,,,,,,,,,,,,,,,,,,,,,,,,,,
test_2453,data/raf-db/aligned/test_2453_aligned.jpg,7,neutral,test,,,,,,,,,,,,,,,,,,,,,,,,,,,,,,,,,,,,,,,,,,,,,,,,,,,,,
test_2454,data/raf-db/aligned/test_2454_aligned.jpg,7,neutral,test,,,,,,,,,,,,,,,,,,,,,,,,,,,,,,,,,,,,,,,,,,,,,,,,,,,,,
test_2455,data/raf-db/aligned/test_2455_aligned.jpg,7,neutral,test,,,,,,,,,,,,,,,,,,,,,,,,,,,,,,,,,,,,,,,,,,,,,,,,,,,,,
test_2456,data/raf-db/aligned/test_2456_aligned.jpg,7,neutral,test,,,,,,,,,,,,,,,,,,,,,,,,,,,,,,,,,,,,,,,,,,,,,,,,,,,,,
test_2457,data/raf-db/aligned/test_2457_aligned.jpg,7,neutral,test,,,,,,,,,,,,,,,,,,,,,,,,,,,,,,,,,,,,,,,,,,,,,,,,,,,,,
test_2458,data/raf-db/aligned/test_2458_aligned.jpg,7,neutral,test,,,,,,,,,,,,,,,,,,,,,,,,,,,,,,,,,,,,,,,,,,,,,,,,,,,,,
test_2459,data/raf-db/aligned/test_2459_aligned.jpg,7,neutral,test,,,,,,,,,,,,,,,,,,,,,,,,,,,,,,,,,,,,,,,,,,,,,,,,,,,,,
test_2460,data/raf-db/aligned/test_2460_aligned.jpg,7,neutral,test,,,,,,,,,,,,,,,,,,,,,,,,,,,,,,,,,,,,,,,,,,,,,,,,,,,,,
test_2461,data/raf-db/aligned/test_2461_aligned.jpg,7,neutral,test,,,,,,,,,,,,,,,,,,,,,,,,,,,,,,,,,,,,,,,,,,,,,,,,,,,,,
test_2462,data/raf-db/aligned/test_2462_aligned.jpg,7,neutral,test,,,,,,,,,,,,,,,,,,,,,,,,,,,,,,,,,,,,,,,,,,,,,,,,,,,,,
test_2463,data/raf-db/aligned/test_2463_aligned.jpg,7,neutral,test,,,,,,,,,,,,,,,,,,,,,,,,,,,,,,,,,,,,,,,,,,,,,,,,,,,,,
test_2464,data/raf-db/aligned/test_2464_aligned.jpg,7,neutral,test,,,,,,,,,,,,,,,,,,,,,,,,,,,,,,,,,,,,,,,,,,,,,,,,,,,,,
test_2465,data/raf-db/aligned/test_2465_aligned.jpg,7,neutral,test,,,,,,,,,,,,,,,,,,,,,,,,,,,,,,,,,,,,,,,,,,,,,,,,,,,,,
test_2466,data/raf-db/aligned/test_2466_aligned.jpg,7,neutral,test,,,,,,,,,,,,,,,,,,,,,,,,,,,,,,,,,,,,,,,,,,,,,,,,,,,,,
test_2467,data/raf-db/aligned/test_2467_aligned.jpg,7,neutral,test,,,,,,,,,,,,,,,,,,,,,,,,,,,,,,,,,,,,,,,,,,,,,,,,,,,,,
test_2468,data/raf-db/aligned/test_2468_aligned.jpg,7,neutral,test,,,,,,,,,,,,,,,,,,,,,,,,,,,,,,,,,,,,,,,,,,,,,,,,,,,,,
test_2469,data/raf-db/aligned/test_2469_aligned.jpg,7,neutral,test,,,,,,,,,,,,,,,,,,,,,,,,,,,,,,,,,,,,,,,,,,,,,,,,,,,,,
test_2470,data/raf-db/aligned/test_2470_aligned.jpg,7,neutral,test,,,,,,,,,,,,,,,,,,,,,,,,,,,,,,,,,,,,,,,,,,,,,,,,,,,,,
test_2471,data/raf-db/aligned/test_2471_aligned.jpg,7,neutral,test,,,,,,,,,,,,,,,,,,,,,,,,,,,,,,,,,,,,,,,,,,,,,,,,,,,,,
test_2472,data/raf-db/aligned/test_2472_aligned.jpg,7,neutral,test,,,,,,,,,,,,,,,,,,,,,,,,,,,,,,,,,,,,,,,,,,,,,,,,,,,,,
test_2473,data/raf-db/aligned/test_2473_aligned.jpg,7,neutral,test,,,,,,,,,,,,,,,,,,,,,,,,,,,,,,,,,,,,,,,,,,,,,,,,,,,,,
test_2474,data/raf-db/aligned/test_2474_aligned.jpg,7,neutral,test,,,,,,,,,,,,,,,,,,,,,,,,,,,,,,,,,,,,,,,,,,,,,,,,,,,,,
test_2475,data/raf-db/aligned/test_2475_aligned.jpg,7,neutral,test,,,,,,,,,,,,,,,,,,,,,,,,,,,,,,,,,,,,,,,,,,,,,,,,,,,,,
test_2476,data/raf-db/aligned/test_2476_aligned.jpg,7,neutral,test,,,,,,,,,,,,,,,,,,,,,,,,,,,,,,,,,,,,,,,,,,,,,,,,,,,,,
test_2477,data/raf-db/aligned/test_2477_aligned.jpg,7,neutral,test,,,,,,,,,,,,,,,,,,,,,,,,,,,,,,,,,,,,,,,,,,,,,,,,,,,,,
test_2478,data/raf-db/aligned/test_2478_aligned.jpg,7,neutral,test,,,,,,,,,,,,,,,,,,,,,,,,,,,,,,,,,,,,,,,,,,,,,,,,,,,,,
test_2479,data/raf-db/aligned/test_2479_aligned.jpg,7,neutral,test,,,,,,,,,,,,,,,,,,,,,,,,,,,,,,,,,,,,,,,,,,,,,,,,,,,,,
test_2480,data/raf-db/aligned/test_2480_aligned.jpg,7,neutral,test,,,,,,,,,,,,,,,,,,,,,,,,,,,,,,,,,,,,,,,,,,,,,,,,,,,,,
test_2481,data/raf-db/aligned/test_2481_aligned.jpg,7,neutral,test,,,,,,,,,,,,,,,,,,,,,,,,,,,,,,,,,,,,,,,,,,,,,,,,,,,,,
test_2482,data/raf-db/aligned/test_2482_aligned.jpg,7,neutral,test,,,,,,,,,,,,,,,,,,,,,,,,,,,,,,,,,,,,,,,,,,,,,,,,,,,,,
test_2483,data/raf-db/aligned/test_2483_aligned.jpg,7,neutral,test,,,,,,,,,,,,,,,,,,,,,,,,,,,,,,,,,,,,,,,,,,,,,,,,,,,,,
test_2484,data/raf-db/aligned/test_2484_aligned.jpg,7,neutral,test,,,,,,,,,,,,,,,,,,,,,,,,,,,,,,,,,,,,,,,,,,,,,,,,,,,,,
test_2485,data/raf-db/aligned/test_2485_aligned.jpg,7,neutral,test,,,,,,,,,,,,,,,,,,,,,,,,,,,,,,,,,,,,,,,,,,,,,,,,,,,,,
test_2486,data/raf-db/aligned/test_2486_aligned.jpg,7,neutral,test,,,,,,,,,,,,,,,,,,,,,,,,,,,,,,,,,,,,,,,,,,,,,,,,,,,,,
test_2487,data/raf-db/aligned/test_2487_aligned.jpg,7,neutral,test,,,,,,,,,,,,,,,,,,,,,,,,,,,,,,,,,,,,,,,,,,,,,,,,,,,,,
test_2488,data/raf-db/aligned/test_2488_aligned.jpg,7,neutral,test,,,,,,,,,,,,,,,,,,,,,,,,,,,,,,,,,,,,,,,,,,,,,,,,,,,,,
test_2489,data/raf-db/aligned/test_2489_aligned.jpg,7,neutral,test,,,,,,,,,,,,,,,,,,,,,,,,,,,,,,,,,,,,,,,,,,,,,,,,,,,,,
test_2490,data/raf-db/aligned/test_2490_aligned.jpg,7,neutral,test,,,,,,,,,,,,,,,,,,,,,,,,,,,,,,,,,,,,,,,,,,,,,,,,,,,,,
test_2491,data/raf-db/aligned/test_2491_aligned.jpg,7,neutral,test,,,,,,,,,,,,,,,,,,,,,,,,,,,,,,,,,,,,,,,,,,,,,,,,,,,,,
test_2492,data/raf-db/aligned/test_2492_aligned.jpg,7,neutral,test,,,,,,,,,,,,,,,,,,,,,,,,,,,,,,,,,,,,,,,,,,,,,,,,,,,,,
test_2493,data/raf-db/aligned/test_2493_aligned.jpg,7,neutral,test,,,,,,,,,,,,,,,,,,,,,,,,,,,,,,,,,,,,,,,,,,,,,,,,,,,,,
test_2494,data/raf-db/aligned/test_2494_aligned.jpg,7,neutral,test,,,,,,,,,,,,,,,,,,,,,,,,,,,,,,,,,,,,,,,,,,,,,,,,,,,,,
test_2495,data/raf-db/aligned/test_2495_aligned.jpg,7,neutral,test,,,,,,,,,,,,,,,,,,,,,,,,,,,,,,,,,,,,,,,,,,,,,,,,,,,,,
test_2496,data/raf-db/aligned/test_2496_aligned.jpg,7,neutral,test,,,,,,,,,,,,,,,,,,,,,,,,,,,,,,,,,,,,,,,,,,,,,,,,,,,,,
test_2497,data/raf-db/aligned/test_2497_aligned.jpg,7,neutral,test,,,,,,,,,,,,,,,,,,,,,,,,,,,,,,,,,,,,,,,,,,,,,,,,,,,,,
test_2498,data/raf-db/aligned/test_2498_aligned.jpg,7,neutral,test,,,,,,,,,,,,,,,,,,,,,,,,,,,,,,,,,,,,,,,,,,,,,,,,,,,,,
test_2499,data/raf-db/aligned/test_2499_aligned.jpg,7,neutral,test,,,,,,,,,,,,,,,,,,,,,,,,,,,,,,,,,,,,,,,,,,,,,,,,,,,,,
test_2500,data/raf-db/aligned/test_2500_aligned.jpg,7,neutral,test,,,,,,,,,,,,,,,,,,,,,,,,,,,,,,,,,,,,,,,,,,,,,,,,,,,,,
test_2501,data/raf-db/aligned/test_2501_aligned.jpg,7,neutral,test,,,,,,,,,,,,,,,,,,,,,,,,,,,,,,,,,,,,,,,,,,,,,,,,,,,,,
test_2502,data/raf-db/aligned/test_2502_aligned.jpg,7,neutral,test,,,,,,,,,,,,,,,,,,,,,,,,,,,,,,,,,,,,,,,,,,,,,,,,,,,,,
test_2503,data/raf-db/aligned/test_2503_aligned.jpg,7,neutral,test,,,,,,,,,,,,,,,,,,,,,,,,,,,,,,,,,,,,,,,,,,,,,,,,,,,,,
test_2504,data/raf-db/aligned/test_2504_aligned.jpg,7,neutral,test,,,,,,,,,,,,,,,,,,,,,,,,,,,,,,,,,,,,,,,,,,,,,,,,,,,,,
test_2505,data/raf-db/aligned/test_2505_aligned.jpg,7,neutral,test,,,,,,,,,,,,,,,,,,,,,,,,,,,,,,,,,,,,,,,,,,,,,,,,,,,,,
test_2506,data/raf-db/aligned/test_2506_aligned.jpg,7,neutral,test,,,,,,,,,,,,,,,,,,,,,,,,,,,,,,,,,,,,,,,,,,,,,,,,,,,,,
test_2507,data/raf-db/aligned/test_2507_aligned.jpg,7,neutral,test,,,,,,,,,,,,,,,,,,,,,,,,,,,,,,,,,,,,,,,,,,,,,,,,,,,,,
test_2508,data/raf-db/aligned/test_2508_aligned.jpg,7,neutral,test,,,,,,,,,,,,,,,,,,,,,,,,,,,,,,,,,,,,,,,,,,,,,,,,,,,,,
test_2509,data/raf-db/aligned/test_2509_aligned.jpg,7,neutral,test,,,,,,,,,,,,,,,,,,,,,,,,,,,,,,,,,,,,,,,,,,,,,,,,,,,,,
test_2510,data/raf-db/aligned/test_2510_aligned.jpg,7,neutral,test,,,,,,,,,,,,,,,,,,,,,,,,,,,,,,,,,,,,,,,,,,,,,,,,,,,,,
test_2511,data/raf-db/aligned/test_2511_aligned.jpg,7,neutral,test,,,,,,,,,,,,,,,,,,,,,,,,,,,,,,,,,,,,,,,,,,,,,,,,,,,,,
test_2512,data/raf-db/aligned/test_2512_aligned.jpg,7,neutral,test,,,,,,,,,,,,,,,,,,,,,,,,,,,,,,,,,,,,,,,,,,,,,,,,,,,,,
test_2513,data/raf-db/aligned/test_2513_aligned.jpg,7,neutral,test,,,,,,,,,,,,,,,,,,,,,,,,,,,,,,,,,,,,,,,,,,,,,,,,,,,,,
test_2514,data/raf-db/aligned/test_2514_aligned.jpg,7,neutral,test,,,,,,,,,,,,,,,,,,,,,,,,,,,,,,,,,,,,,,,,,,,,,,,,,,,,,
test_2515,data/raf-db/aligned/test_2515_aligned.jpg,7,neutral,test,,,,,,,,,,,,,,,,,,,,,,,,,,,,,,,,,,,,,,,,,,,,,,,,,,,,,
test_2516,data/raf-db/aligned/test_2516_aligned.jpg,7,neutral,test,,,,,,,,,,,,,,,,,,,,,,,,,,,,,,,,,,,,,,,,,,,,,,,,,,,,,
test_2517,data/raf-db/aligned/test_2517_aligned.jpg,7,neutral,test,,,,,,,,,,,,,,,,,,,,,,,,,,,,,,,,,,,,,,,,,,,,,,,,,,,,,
test_2518,data/raf-db/aligned/test_2518_aligned.jpg,7,neutral,test,,,,,,,,,,,,,,,,,,,,,,,,,,,,,,,,,,,,,,,,,,,,,,,,,,,,,
test_2519,data/raf-db/aligned/test_2519_aligned.jpg,7,neutral,test,,,,,,,,,,,,,,,,,,,,,,,,,,,,,,,,,,,,,,,,,,,,,,,,,,,,,
test_2520,data/raf-db/aligned/test_2520_aligned.jpg,7,neutral,test,,,,,,,,,,,,,,,,,,,,,,,,,,,,,,,,,,,,,,,,,,,,,,,,,,,,,
test_2521,data/raf-db/aligned/test_2521_aligned.jpg,7,neutral,test,,,,,,,,,,,,,,,,,,,,,,,,,,,,,,,,,,,,,,,,,,,,,,,,,,,,,
test_2522,data/raf-db/aligned/test_2522_aligned.jpg,7,neutral,test,,,,,,,,,,,,,,,,,,,,,,,,,,,,,,,,,,,,,,,,,,,,,,,,,,,,,
test_2523,data/raf-db/aligned/test_2523_aligned.jpg,7,neutral,test,,,,,,,,,,,,,,,,,,,,,,,,,,,,,,,,,,,,,,,,,,,,,,,,,,,,,
test_2524,data/raf-db/aligned/test_2524_aligned.jpg,7,neutral,test,,,,,,,,,,,,,,,,,,,,,,,,,,,,,,,,,,,,,,,,,,,,,,,,,,,,,
test_2525,data/raf-db/aligned/test_2525_aligned.jpg,7,neutral,test,,,,,,,,,,,,,,,,,,,,,,,,,,,,,,,,,,,,,,,,,,,,,,,,,,,,,
test_2526,data/raf-db/aligned/test_2526_aligned.jpg,7,neutral,test,,,,,,,,,,,,,,,,,,,,,,,,,,,,,,,,,,,,,,,,,,,,,,,,,,,,,
test_2527,data/raf-db/aligned/test_2527_aligned.jpg,7,neutral,test,,,,,,,,,,,,,,,,,,,,,,,,,,,,,,,,,,,,,,,,,,,,,,,,,,,,,
test_2528,data/raf-db/aligned/test_2528_aligned.jpg,7,neutral,test,,,,,,,,,,,,,,,,,,,,,,,,,,,,,,,,,,,,,,,,,,,,,,,,,,,,,
test_2529,data/raf-db/aligned/test_2529_aligned.jpg,7,neutral,test,,,,,,,,,,,,,,,,,,,,,,,,,,,,,,,,,,,,,,,,,,,,,,,,,,,,,
test_2530,data/raf-db/aligned/test_2530_aligned.jpg,7,neutral,test,,,,,,,,,,,,,,,,,,,,,,,,,,,,,,,,,,,,,,,,,,,,,,,,,,,,,
test_2531,data/raf-db/aligned/test_2531_aligned.jpg,7,neutral,test,,,,,,,,,,,,,,,,,,,,,,,,,,,,,,,,,,,,,,,,,,,,,,,,,,,,,
test_2532,data/raf-db/aligned/test_2532_aligned.jpg,7,neutral,test,,,,,,,,,,,,,,,,,,,,,,,,,,,,,,,,,,,,,,,,,,,,,,,,,,,,,
test_2533,data/raf-db/aligned/test_2533_aligned.jpg,7,neutral,test,,,,,,,,,,,,,,,,,,,,,,,,,,,,,,,,,,,,,,,,,,,,,,,,,,,,,
test_2534,data/raf-db/aligned/test_2534_aligned.jpg,7,neutral,test,,,,,,,,,,,,,,,,,,,,,,,,,,,,,,,,,,,,,,,,,,,,,,,,,,,,,
test_2535,data/raf-db/aligned/test_2535_aligned.jpg,7,neutral,test,,,,,,,,,,,,,,,,,,,,,,,,,,,,,,,,,,,,,,,,,,,,,,,,,,,,,
test_2536,data/raf-db/aligned/test_2536_aligned.jpg,7,neutral,test,,,,,,,,,,,,,,,,,,,,,,,,,,,,,,,,,,,,,,,,,,,,,,,,,,,,,
test_2537,data/raf-db/aligned/test_2537_aligned.jpg,7,neutral,test,,,,,,,,,,,,,,,,,,,,,,,,,,,,,,,,,,,,,,,,,,,,,,,,,,,,,
test_2538,data/raf-db/aligned/test_2538_aligned.jpg,7,neutral,test,,,,,,,,,,,,,,,,,,,,,,,,,,,,,,,,,,,,,,,,,,,,,,,,,,,,,
test_2539,data/raf-db/aligned/test_2539_aligned.jpg,7,neutral,test,,,,,,,,,,,,,,,,,,,,,,,,,,,,,,,,,,,,,,,,,,,,,,,,,,,,,
test_2540,data/raf-db/aligned/test_2540_aligned.jpg,7,neutral,test,,,,,,,,,,,,,,,,,,,,,,,,,,,,,,,,,,,,,,,,,,,,,,,,,,,,,
test_2541,data/raf-db/aligned/test_2541_aligned.jpg,7,neutral,test,,,,,,,,,,,,,,,,,,,,,,,,,,,,,,,,,,,,,,,,,,,,,,,,,,,,,
test_2542,data/raf-db/aligned/test_2542_aligned.jpg,7,neutral,test,,,,,,,,,,,,,,,,,,,,,,,,,,,,,,,,,,,,,,,,,,,,,,,,,,,,,
test_2543,data/raf-db/aligned/test_2543_aligned.jpg,7,neutral,test,,,,,,,,,,,,,,,,,,,,,,,,,,,,,,,,,,,,,,,,,,,,,,,,,,,,,
test_2544,data/raf-db/aligned/test_2544_aligned.jpg,7,neutral,test,,,,,,,,,,,,,,,,,,,,,,,,,,,,,,,,,,,,,,,,,,,,,,,,,,,,,
test_2545,data/raf-db/aligned/test_2545_aligned.jpg,7,neutral,test,,,,,,,,,,,,,,,,,,,,,,,,,,,,,,,,,,,,,,,,,,,,,,,,,,,,,
test_2546,data/raf-db/aligned/test_2546_aligned.jpg,7,neutral,test,,,,,,,,,,,,,,,,,,,,,,,,,,,,,,,,,,,,,,,,,,,,,,,,,,,,,
test_2547,data/raf-db/aligned/test_2547_aligned.jpg,7,neutral,test,,,,,,,,,,,,,,,,,,,,,,,,,,,,,,,,,,,,,,,,,,,,,,,,,,,,,
test_2548,data/raf-db/aligned/test_2548_aligned.jpg,7,neutral,test,,,,,,,,,,,,,,,,,,,,,,,,,,,,,,,,,,,,,,,,,,,,,,,,,,,,,
test_2549,data/raf-db/aligned/test_2549_aligned.jpg,7,neutral,test,,,,,,,,,,,,,,,,,,,,,,,,,,,,,,,,,,,,,,,,,,,,,,,,,,,,,
test_2550,data/raf-db/aligned/test_2550_aligned.jpg,7,neutral,test,,,,,,,,,,,,,,,,,,,,,,,,,,,,,,,,,,,,,,,,,,,,,,,,,,,,,
test_2551,data/raf-db/aligned/test_2551_aligned.jpg,7,neutral,test,,,,,,,,,,,,,,,,,,,,,,,,,,,,,,,,,,,,,,,,,,,,,,,,,,,,,
test_2552,data/raf-db/aligned/test_2552_aligned.jpg,7,neutral,test,,,,,,,,,,,,,,,,,,,,,,,,,,,,,,,,,,,,,,,,,,,,,,,,,,,,,
test_2553,data/raf-db/aligned/test_2553_aligned.jpg,7,neutral,test,,,,,,,,,,,,,,,,,,,,,,,,,,,,,,,,,,,,,,,,,,,,,,,,,,,,,
test_2554,data/raf-db/aligned/test_2554_aligned.jpg,7,neutral,test,,,,,,,,,,,,,,,,,,,,,,,,,,,,,,,,,,,,,,,,,,,,,,,,,,,,,
test_2555,data/raf-db/aligned/test_2555_aligned.jpg,7,neutral,test,,,,,,,,,,,,,,,,,,,,,,,,,,,,,,,,,,,,,,,,,,,,,,,,,,,,,
test_2556,data/raf-db/aligned/test_2556_aligned.jpg,7,neutral,test,,,,,,,,,,,,,,,,,,,,,,,,,,,,,,,,,,,,,,,,,,,,,,,,,,,,,
test_2557,data/raf-db/aligned/test_2557_aligned.jpg,7,neutral,test,,,,,,,,,,,,,,,,,,,,,,,,,,,,,,,,,,,,,,,,,,,,,,,,,,,,,
test_2558,data/raf-db/aligned/test_2558_aligned.jpg,7,neutral,test,,,,,,,,,,,,,,,,,,,,,,,,,,,,,,,,,,,,,,,,,,,,,,,,,,,,,
test_2559,data/raf-db/aligned/test_2559_aligned.jpg,7,neutral,test,,,,,,,,,,,,,,,,,,,,,,,,,,,,,,,,,,,,,,,,,,,,,,,,,,,,,
test_2560,data/raf-db/aligned/test_2560_aligned.jpg,7,neutral,test,,,,,,,,,,,,,,,,,,,,,,,,,,,,,,,,,,,,,,,,,,,,,,,,,,,,,
test_2561,data/raf-db/aligned/test_2561_aligned.jpg,7,neutral,test,,,,,,,,,,,,,,,,,,,,,,,,,,,,,,,,,,,,,,,,,,,,,,,,,,,,,
test_2562,data/raf-db/aligned/test_2562_aligned.jpg,7,neutral,test,,,,,,,,,,,,,,,,,,,,,,,,,,,,,,,,,,,,,,,,,,,,,,,,,,,,,
test_2563,data/raf-db/aligned/test_2563_aligned.jpg,7,neutral,test,,,,,,,,,,,,,,,,,,,,,,,,,,,,,,,,,,,,,,,,,,,,,,,,,,,,,
test_2564,data/raf-db/aligned/test_2564_aligned.jpg,7,neutral,test,,,,,,,,,,,,,,,,,,,,,,,,,,,,,,,,,,,,,,,,,,,,,,,,,,,,,
test_2565,data/raf-db/aligned/test_2565_aligned.jpg,7,neutral,test,,,,,,,,,,,,,,,,,,,,,,,,,,,,,,,,,,,,,,,,,,,,,,,,,,,,,
test_2566,data/raf-db/aligned/test_2566_aligned.jpg,7,neutral,test,,,,,,,,,,,,,,,,,,,,,,,,,,,,,,,,,,,,,,,,,,,,,,,,,,,,,
test_2567,data/raf-db/aligned/test_2567_aligned.jpg,7,neutral,test,,,,,,,,,,,,,,,,,,,,,,,,,,,,,,,,,,,,,,,,,,,,,,,,,,,,,
test_2568,data/raf-db/aligned/test_2568_aligned.jpg,7,neutral,test,,,,,,,,,,,,,,,,,,,,,,,,,,,,,,,,,,,,,,,,,,,,,,,,,,,,,
test_2569,data/raf-db/aligned/test_2569_aligned.jpg,7,neutral,test,,,,,,,,,,,,,,,,,,,,,,,,,,,,,,,,,,,,,,,,,,,,,,,,,,,,,
test_2570,data/raf-db/aligned/test_2570_aligned.jpg,7,neutral,test,,,,,,,,,,,,,,,,,,,,,,,,,,,,,,,,,,,,,,,,,,,,,,,,,,,,,
test_2571,data/raf-db/aligned/test_2571_aligned.jpg,7,neutral,test,,,,,,,,,,,,,,,,,,,,,,,,,,,,,,,,,,,,,,,,,,,,,,,,,,,,,
test_2572,data/raf-db/aligned/test_2572_aligned.jpg,7,neutral,test,,,,,,,,,,,,,,,,,,,,,,,,,,,,,,,,,,,,,,,,,,,,,,,,,,,,,
test_2573,data/raf-db/aligned/test_2573_aligned.jpg,7,neutral,test,,,,,,,,,,,,,,,,,,,,,,,,,,,,,,,,,,,,,,,,,,,,,,,,,,,,,
test_2574,data/raf-db/aligned/test_2574_aligned.jpg,7,neutral,test,,,,,,,,,,,,,,,,,,,,,,,,,,,,,,,,,,,,,,,,,,,,,,,,,,,,,
test_2575,data/raf-db/aligned/test_2575_aligned.jpg,7,neutral,test,,,,,,,,,,,,,,,,,,,,,,,,,,,,,,,,,,,,,,,,,,,,,,,,,,,,,
test_2576,data/raf-db/aligned/test_2576_aligned.jpg,7,neutral,test,,,,,,,,,,,,,,,,,,,,,,,,,,,,,,,,,,,,,,,,,,,,,,,,,,,,,
test_2577,data/raf-db/aligned/test_2577_aligned.jpg,7,neutral,test,,,,,,,,,,,,,,,,,,,,,,,,,,,,,,,,,,,,,,,,,,,,,,,,,,,,,
test_2578,data/raf-db/aligned/test_2578_aligned.jpg,7,neutral,test,,,,,,,,,,,,,,,,,,,,,,,,,,,,,,,,,,,,,,,,,,,,,,,,,,,,,
test_2579,data/raf-db/aligned/test_2579_aligned.jpg,7,neutral,test,,,,,,,,,,,,,,,,,,,,,,,,,,,,,,,,,,,,,,,,,,,,,,,,,,,,,
test_2580,data/raf-db/aligned/test_2580_aligned.jpg,7,neutral,test,,,,,,,,,,,,,,,,,,,,,,,,,,,,,,,,,,,,,,,,,,,,,,,,,,,,,
test_2581,data/raf-db/aligned/test_2581_aligned.jpg,7,neutral,test,,,,,,,,,,,,,,,,,,,,,,,,,,,,,,,,,,,,,,,,,,,,,,,,,,,,,
test_2582,data/raf-db/aligned/test_2582_aligned.jpg,7,neutral,test,,,,,,,,,,,,,,,,,,,,,,,,,,,,,,,,,,,,,,,,,,,,,,,,,,,,,
test_2583,data/raf-db/aligned/test_2583_aligned.jpg,7,neutral,test,,,,,,,,,,,,,,,,,,,,,,,,,,,,,,,,,,,,,,,,,,,,,,,,,,,,,
test_2584,data/raf-db/aligned/test_2584_aligned.jpg,7,neutral,test,,,,,,,,,,,,,,,,,,,,,,,,,,,,,,,,,,,,,,,,,,,,,,,,,,,,,
test_2585,data/raf-db/aligned/test_2585_aligned.jpg,7,neutral,test,,,,,,,,,,,,,,,,,,,,,,,,,,,,,,,,,,,,,,,,,,,,,,,,,,,,,
test_2586,data/raf-db/aligned/test_2586_aligned.jpg,7,neutral,test,,,,,,,,,,,,,,,,,,,,,,,,,,,,,,,,,,,,,,,,,,,,,,,,,,,,,
test_2587,data/raf-db/aligned/test_2587_aligned.jpg,7,neutral,test,,,,,,,,,,,,,,,,,,,,,,,,,,,,,,,,,,,,,,,,,,,,,,,,,,,,,
test_2588,data/raf-db/aligned/test_2588_aligned.jpg,7,neutral,test,,,,,,,,,,,,,,,,,,,,,,,,,,,,,,,,,,,,,,,,,,,,,,,,,,,,,
test_2589,data/raf-db/aligned/test_2589_aligned.jpg,7,neutral,test,,,,,,,,,,,,,,,,,,,,,,,,,,,,,,,,,,,,,,,,,,,,,,,,,,,,,
test_2590,data/raf-db/aligned/test_2590_aligned.jpg,7,neutral,test,,,,,,,,,,,,,,,,,,,,,,,,,,,,,,,,,,,,,,,,,,,,,,,,,,,,,
test_2591,data/raf-db/aligned/test_2591_aligned.jpg,7,neutral,test,,,,,,,,,,,,,,,,,,,,,,,,,,,,,,,,,,,,,,,,,,,,,,,,,,,,,
test_2592,data/raf-db/aligned/test_2592_aligned.jpg,7,neutral,test,,,,,,,,,,,,,,,,,,,,,,,,,,,,,,,,,,,,,,,,,,,,,,,,,,,,,
test_2593,data/raf-db/aligned/test_2593_aligned.jpg,7,neutral,test,,,,,,,,,,,,,,,,,,,,,,,,,,,,,,,,,,,,,,,,,,,,,,,,,,,,,
test_2594,data/raf-db/aligned/test_2594_aligned.jpg,7,neutral,test,,,,,,,,,,,,,,,,,,,,,,,,,,,,,,,,,,,,,,,,,,,,,,,,,,,,,
test_2595,data/raf-db/aligned/test_2595_aligned.jpg,7,neutral,test,,,,,,,,,,,,,,,,,,,,,,,,,,,,,,,,,,,,,,,,,,,,,,,,,,,,,
test_2596,data/raf-db/aligned/test_2596_aligned.jpg,7,neutral,test,,,,,,,,,,,,,,,,,,,,,,,,,,,,,,,,,,,,,,,,,,,,,,,,,,,,,
test_2597,data/raf-db/aligned/test_2597_aligned.jpg,7,neutral,test,,,,,,,,,,,,,,,,,,,,,,,,,,,,,,,,,,,,,,,,,,,,,,,,,,,,,
test_2598,data/raf-db/aligned/test_2598_aligned.jpg,7,neutral,test,,,,,,,,,,,,,,,,,,,,,,,,,,,,,,,,,,,,,,,,,,,,,,,,,,,,,
test_2599,data/raf-db/aligned/test_2599_aligned.jpg,7,neutral,test,,,,,,,,,,,,,,,,,,,,,,,,,,,,,,,,,,,,,,,,,,,,,,,,,,,,,
test_2600,data/raf-db/aligned/test_2600_aligned.jpg,7,neutral,test,,,,,,,,,,,,,,,,,,,,,,,,,,,,,,,,,,,,,,,,,,,,,,,,,,,,,
test_2601,data/raf-db/aligned/test_2601_aligned.jpg,7,neutral,test,,,,,,,,,,,,,,,,,,,,,,,,,,,,,,,,,,,,,,,,,,,,,,,,,,,,,
test_2602,data/raf-db/aligned/test_2602_aligned.jpg,7,neutral,test,,,,,,,,,,,,,,,,,,,,,,,,,,,,,,,,,,,,,,,,,,,,,,,,,,,,,
test_2603,data/raf-db/aligned/test_2603_aligned.jpg,7,neutral,test,,,,,,,,,,,,,,,,,,,,,,,,,,,,,,,,,,,,,,,,,,,,,,,,,,,,,
test_2604,data/raf-db/aligned/test_2604_aligned.jpg,7,neutral,test,,,,,,,,,,,,,,,,,,,,,,,,,,,,,,,,,,,,,,,,,,,,,,,,,,,,,
test_2605,data/raf-db/aligned/test_2605_aligned.jpg,7,neutral,test,,,,,,,,,,,,,,,,,,,,,,,,,,,,,,,,,,,,,,,,,,,,,,,,,,,,,
test_2606,data/raf-db/aligned/test_2606_aligned.jpg,7,neutral,test,,,,,,,,,,,,,,,,,,,,,,,,,,,,,,,,,,,,,,,,,,,,,,,,,,,,,
test_2607,data/raf-db/aligned/test_2607_aligned.jpg,7,neutral,test,,,,,,,,,,,,,,,,,,,,,,,,,,,,,,,,,,,,,,,,,,,,,,,,,,,,,
test_2608,data/raf-db/aligned/test_2608_aligned.jpg,7,neutral,test,,,,,,,,,,,,,,,,,,,,,,,,,,,,,,,,,,,,,,,,,,,,,,,,,,,,,
test_2609,data/raf-db/aligned/test_2609_aligned.jpg,7,neutral,test,,,,,,,,,,,,,,,,,,,,,,,,,,,,,,,,,,,,,,,,,,,,,,,,,,,,,
test_2610,data/raf-db/aligned/test_2610_aligned.jpg,7,neutral,test,,,,,,,,,,,,,,,,,,,,,,,,,,,,,,,,,,,,,,,,,,,,,,,,,,,,,
test_2611,data/raf-db/aligned/test_2611_aligned.jpg,7,neutral,test,,,,,,,,,,,,,,,,,,,,,,,,,,,,,,,,,,,,,,,,,,,,,,,,,,,,,
test_2612,data/raf-db/aligned/test_2612_aligned.jpg,7,neutral,test,,,,,,,,,,,,,,,,,,,,,,,,,,,,,,,,,,,,,,,,,,,,,,,,,,,,,
test_2613,data/raf-db/aligned/test_2613_aligned.jpg,7,neutral,test,,,,,,,,,,,,,,,,,,,,,,,,,,,,,,,,,,,,,,,,,,,,,,,,,,,,,
test_2614,data/raf-db/aligned/test_2614_aligned.jpg,7,neutral,test,,,,,,,,,,,,,,,,,,,,,,,,,,,,,,,,,,,,,,,,,,,,,,,,,,,,,
test_2615,data/raf-db/aligned/test_2615_aligned.jpg,7,neutral,test,,,,,,,,,,,,,,,,,,,,,,,,,,,,,,,,,,,,,,,,,,,,,,,,,,,,,
test_2616,data/raf-db/aligned/test_2616_aligned.jpg,7,neutral,test,,,,,,,,,,,,,,,,,,,,,,,,,,,,,,,,,,,,,,,,,,,,,,,,,,,,,
test_2617,data/raf-db/aligned/test_2617_aligned.jpg,7,neutral,test,,,,,,,,,,,,,,,,,,,,,,,,,,,,,,,,,,,,,,,,,,,,,,,,,,,,,
test_2618,data/raf-db/aligned/test_2618_aligned.jpg,7,neutral,test,,,,,,,,,,,,,,,,,,,,,,,,,,,,,,,,,,,,,,,,,,,,,,,,,,,,,
test_2619,data/raf-db/aligned/test_2619_aligned.jpg,7,neutral,test,,,,,,,,,,,,,,,,,,,,,,,,,,,,,,,,,,,,,,,,,,,,,,,,,,,,,
test_2620,data/raf-db/aligned/test_2620_aligned.jpg,7,neutral,test,,,,,,,,,,,,,,,,,,,,,,,,,,,,,,,,,,,,,,,,,,,,,,,,,,,,,
test_2621,data/raf-db/aligned/test_2621_aligned.jpg,7,neutral,test,,,,,,,,,,,,,,,,,,,,,,,,,,,,,,,,,,,,,,,,,,,,,,,,,,,,,
test_2622,data/raf-db/aligned/test_2622_aligned.jpg,7,neutral,test,,,,,,,,,,,,,,,,,,,,,,,,,,,,,,,,,,,,,,,,,,,,,,,,,,,,,
test_2623,data/raf-db/aligned/test_2623_aligned.jpg,7,neutral,test,,,,,,,,,,,,,,,,,,,,,,,,,,,,,,,,,,,,,,,,,,,,,,,,,,,,,
test_2624,data/raf-db/aligned/test_2624_aligned.jpg,7,neutral,test,,,,,,,,,,,,,,,,,,,,,,,,,,,,,,,,,,,,,,,,,,,,,,,,,,,,,
test_2625,data/raf-db/aligned/test_2625_aligned.jpg,7,neutral,test,,,,,,,,,,,,,,,,,,,,,,,,,,,,,,,,,,,,,,,,,,,,,,,,,,,,,
test_2626,data/raf-db/aligned/test_2626_aligned.jpg,7,neutral,test,,,,,,,,,,,,,,,,,,,,,,,,,,,,,,,,,,,,,,,,,,,,,,,,,,,,,
test_2627,data/raf-db/aligned/test_2627_aligned.jpg,7,neutral,test,,,,,,,,,,,,,,,,,,,,,,,,,,,,,,,,,,,,,,,,,,,,,,,,,,,,,
test_2628,data/raf-db/aligned/test_2628_aligned.jpg,7,neutral,test,,,,,,,,,,,,,,,,,,,,,,,,,,,,,,,,,,,,,,,,,,,,,,,,,,,,,
test_2629,data/raf-db/aligned/test_2629_aligned.jpg,7,neutral,test,,,,,,,,,,,,,,,,,,,,,,,,,,,,,,,,,,,,,,,,,,,,,,,,,,,,,
test_2630,data/raf-db/aligned/test_2630_aligned.jpg,7,neutral,test,,,,,,,,,,,,,,,,,,,,,,,,,,,,,,,,,,,,,,,,,,,,,,,,,,,,,
test_2631,data/raf-db/aligned/test_2631_aligned.jpg,7,neutral,test,,,,,,,,,,,,,,,,,,,,,,,,,,,,,,,,,,,,,,,,,,,,,,,,,,,,,
test_2632,data/raf-db/aligned/test_2632_aligned.jpg,7,neutral,test,,,,,,,,,,,,,,,,,,,,,,,,,,,,,,,,,,,,,,,,,,,,,,,,,,,,,
test_2633,data/raf-db/aligned/test_2633_aligned.jpg,7,neutral,test,,,,,,,,,,,,,,,,,,,,,,,,,,,,,,,,,,,,,,,,,,,,,,,,,,,,,
test_2634,data/raf-db/aligned/test_2634_aligned.jpg,7,neutral,test,,,,,,,,,,,,,,,,,,,,,,,,,,,,,,,,,,,,,,,,,,,,,,,,,,,,,
test_2635,data/raf-db/aligned/test_2635_aligned.jpg,7,neutral,test,,,,,,,,,,,,,,,,,,,,,,,,,,,,,,,,,,,,,,,,,,,,,,,,,,,,,
test_2636,data/raf-db/aligned/test_2636_aligned.jpg,7,neutral,test,,,,,,,,,,,,,,,,,,,,,,,,,,,,,,,,,,,,,,,,,,,,,,,,,,,,,
test_2637,data/raf-db/aligned/test_2637_aligned.jpg,7,neutral,test,,,,,,,,,,,,,,,,,,,,,,,,,,,,,,,,,,,,,,,,,,,,,,,,,,,,,
test_2638,data/raf-db/aligned/test_2638_aligned.jpg,7,neutral,test,,,,,,,,,,,,,,,,,,,,,,,,,,,,,,,,,,,,,,,,,,,,,,,,,,,,,
test_2639,data/raf-db/aligned/test_2639_aligned.jpg,7,neutral,test,,,,,,,,,,,,,,,,,,,,,,,,,,,,,,,,,,,,,,,,,,,,,,,,,,,,,
test_2640,data/raf-db/aligned/test_2640_aligned.jpg,7,neutral,test,,,,,,,,,,,,,,,,,,,,,,,,,,,,,,,,,,,,,,,,,,,,,,,,,,,,,
test_2641,data/raf-db/aligned/test_2641_aligned.jpg,7,neutral,test,,,,,,,,,,,,,,,,,,,,,,,,,,,,,,,,,,,,,,,,,,,,,,,,,,,,,
test_2642,data/raf-db/aligned/test_2642_aligned.jpg,7,neutral,test,,,,,,,,,,,,,,,,,,,,,,,,,,,,,,,,,,,,,,,,,,,,,,,,,,,,,
test_2643,data/raf-db/aligned/test_2643_aligned.jpg,7,neutral,test,,,,,,,,,,,,,,,,,,,,,,,,,,,,,,,,,,,,,,,,,,,,,,,,,,,,,
test_2644,data/raf-db/aligned/test_2644_aligned.jpg,7,neutral,test,,,,,,,,,,,,,,,,,,,,,,,,,,,,,,,,,,,,,,,,,,,,,,,,,,,,,
test_2645,data/raf-db/aligned/test_2645_aligned.jpg,7,neutral,test,,,,,,,,,,,,,,,,,,,,,,,,,,,,,,,,,,,,,,,,,,,,,,,,,,,,,
test_2646,data/raf-db/aligned/test_2646_aligned.jpg,7,neutral,test,,,,,,,,,,,,,,,,,,,,,,,,,,,,,,,,,,,,,,,,,,,,,,,,,,,,,
test_2647,data/raf-db/aligned/test_2647_aligned.jpg,7,neutral,test,,,,,,,,,,,,,,,,,,,,,,,,,,,,,,,,,,,,,,,,,,,,,,,,,,,,,
test_2648,data/raf-db/aligned/test_2648_aligned.jpg,7,neutral,test,,,,,,,,,,,,,,,,,,,,,,,,,,,,,,,,,,,,,,,,,,,,,,,,,,,,,
test_2649,data/raf-db/aligned/test_2649_aligned.jpg,7,neutral,test,,,,,,,,,,,,,,,,,,,,,,,,,,,,,,,,,,,,,,,,,,,,,,,,,,,,,
test_2650,data/raf-db/aligned/test_2650_aligned.jpg,7,neutral,test,,,,,,,,,,,,,,,,,,,,,,,,,,,,,,,,,,,,,,,,,,,,,,,,,,,,,
test_2651,data/raf-db/aligned/test_2651_aligned.jpg,7,neutral,test,,,,,,,,,,,,,,,,,,,,,,,,,,,,,,,,,,,,,,,,,,,,,,,,,,,,,
test_2652,data/raf-db/aligned/test_2652_aligned.jpg,7,neutral,test,,,,,,,,,,,,,,,,,,,,,,,,,,,,,,,,,,,,,,,,,,,,,,,,,,,,,
test_2653,data/raf-db/aligned/test_2653_aligned.jpg,7,neutral,test,,,,,,,,,,,,,,,,,,,,,,,,,,,,,,,,,,,,,,,,,,,,,,,,,,,,,
test_2654,data/raf-db/aligned/test_2654_aligned.jpg,7,neutral,test,,,,,,,,,,,,,,,,,,,,,,,,,,,,,,,,,,,,,,,,,,,,,,,,,,,,,
test_2655,data/raf-db/aligned/test_2655_aligned.jpg,7,neutral,test,,,,,,,,,,,,,,,,,,,,,,,,,,,,,,,,,,,,,,,,,,,,,,,,,,,,,
test_2656,data/raf-db/aligned/test_2656_aligned.jpg,7,neutral,test,,,,,,,,,,,,,,,,,,,,,,,,,,,,,,,,,,,,,,,,,,,,,,,,,,,,,
test_2657,data/raf-db/aligned/test_2657_aligned.jpg,7,neutral,test,,,,,,,,,,,,,,,,,,,,,,,,,,,,,,,,,,,,,,,,,,,,,,,,,,,,,
test_2658,data/raf-db/aligned/test_2658_aligned.jpg,7,neutral,test,,,,,,,,,,,,,,,,,,,,,,,,,,,,,,,,,,,,,,,,,,,,,,,,,,,,,
test_2659,data/raf-db/aligned/test_2659_aligned.jpg,7,neutral,test,,,,,,,,,,,,,,,,,,,,,,,,,,,,,,,,,,,,,,,,,,,,,,,,,,,,,
test_2660,data/raf-db/aligned/test_2660_aligned.jpg,7,neutral,test,,,,,,,,,,,,,,,,,,,,,,,,,,,,,,,,,,,,,,,,,,,,,,,,,,,,,
test_2661,data/raf-db/aligned/test_2661_aligned.jpg,7,neutral,test,,,,,,,,,,,,,,,,,,,,,,,,,,,,,,,,,,,,,,,,,,,,,,,,,,,,,
test_2662,data/raf-db/aligned/test_2662_aligned.jpg,7,neutral,test,,,,,,,,,,,,,,,,,,,,,,,,,,,,,,,,,,,,,,,,,,,,,,,,,,,,,
test_2663,data/raf-db/aligned/test_2663_aligned.jpg,7,neutral,test,,,,,,,,,,,,,,,,,,,,,,,,,,,,,,,,,,,,,,,,,,,,,,,,,,,,,
test_2664,data/raf-db/aligned/test_2664_aligned.jpg,7,neutral,test,,,,,,,,,,,,,,,,,,,,,,,,,,,,,,,,,,,,,,,,,,,,,,,,,,,,,
test_2665,data/raf-db/aligned/test_2665_aligned.jpg,7,neutral,test,,,,,,,,,,,,,,,,,,,,,,,,,,,,,,,,,,,,,,,,,,,,,,,,,,,,,
test_2666,data/raf-db/aligned/test_2666_aligned.jpg,7,neutral,test,,,,,,,,,,,,,,,,,,,,,,,,,,,,,,,,,,,,,,,,,,,,,,,,,,,,,
test_2667,data/raf-db/aligned/test_2667_aligned.jpg,7,neutral,test,,,,,,,,,,,,,,,,,,,,,,,,,,,,,,,,,,,,,,,,,,,,,,,,,,,,,
test_2668,data/raf-db/aligned/test_2668_aligned.jpg,7,neutral,test,,,,,,,,,,,,,,,,,,,,,,,,,,,,,,,,,,,,,,,,,,,,,,,,,,,,,
test_2669,data/raf-db/aligned/test_2669_aligned.jpg,7,neutral,test,,,,,,,,,,,,,,,,,,,,,,,,,,,,,,,,,,,,,,,,,,,,,,,,,,,,,
test_2670,data/raf-db/aligned/test_2670_aligned.jpg,7,neutral,test,,,,,,,,,,,,,,,,,,,,,,,,,,,,,,,,,,,,,,,,,,,,,,,,,,,,,
test_2671,data/raf-db/aligned/test_2671_aligned.jpg,7,neutral,test,,,,,,,,,,,,,,,,,,,,,,,,,,,,,,,,,,,,,,,,,,,,,,,,,,,,,
test_2672,data/raf-db/aligned/test_2672_aligned.jpg,7,neutral,test,,,,,,,,,,,,,,,,,,,,,,,,,,,,,,,,,,,,,,,,,,,,,,,,,,,,,
test_2673,data/raf-db/aligned/test_2673_aligned.jpg,7,neutral,test,,,,,,,,,,,,,,,,,,,,,,,,,,,,,,,,,,,,,,,,,,,,,,,,,,,,,
test_2674,data/raf-db/aligned/test_2674_aligned.jpg,7,neutral,test,,,,,,,,,,,,,,,,,,,,,,,,,,,,,,,,,,,,,,,,,,,,,,,,,,,,,
test_2675,data/raf-db/aligned/test_2675_aligned.jpg,7,neutral,test,,,,,,,,,,,,,,,,,,,,,,,,,,,,,,,,,,,,,,,,,,,,,,,,,,,,,
test_2676,data/raf-db/aligned/test_2676_aligned.jpg,7,neutral,test,,,,,,,,,,,,,,,,,,,,,,,,,,,,,,,,,,,,,,,,,,,,,,,,,,,,,
test_2677,data/raf-db/aligned/test_2677_aligned.jpg,7,neutral,test,,,,,,,,,,,,,,,,,,,,,,,,,,,,,,,,,,,,,,,,,,,,,,,,,,,,,
test_2678,data/raf-db/aligned/test_2678_aligned.jpg,7,neutral,test,,,,,,,,,,,,,,,,,,,,,,,,,,,,,,,,,,,,,,,,,,,,,,,,,,,,,
test_2679,data/raf-db/aligned/test_2679_aligned.jpg,7,neutral,test,,,,,,,,,,,,,,,,,,,,,,,,,,,,,,,,,,,,,,,,,,,,,,,,,,,,,
test_2680,data/raf-db/aligned/test_2680_aligned.jpg,7,neutral,test,,,,,,,,,,,,,,,,,,,,,,,,,,,,,,,,,,,,,,,,,,,,,,,,,,,,,
test_2681,data/raf-db/aligned/test_2681_aligned.jpg,7,neutral,test,,,,,,,,,,,,,,,,,,,,,,,,,,,,,,,,,,,,,,,,,,,,,,,,,,,,,
test_2682,data/raf-db/aligned/test_2682_aligned.jpg,7,neutral,test,,,,,,,,,,,,,,,,,,,,,,,,,,,,,,,,,,,,,,,,,,,,,,,,,,,,,
test_2683,data/raf-db/aligned/test_2683_aligned.jpg,7,neutral,test,,,,,,,,,,,,,,,,,,,,,,,,,,,,,,,,,,,,,,,,,,,,,,,,,,,,,
test_2684,data/raf-db/aligned/test_2684_aligned.jpg,7,neutral,test,,,,,,,,,,,,,,,,,,,,,,,,,,,,,,,,,,,,,,,,,,,,,,,,,,,,,
test_2685,data/raf-db/aligned/test_2685_aligned.jpg,7,neutral,test,,,,,,,,,,,,,,,,,,,,,,,,,,,,,,,,,,,,,,,,,,,,,,,,,,,,,
test_2686,data/raf-db/aligned/test_2686_aligned.jpg,7,neutral,test,,,,,,,,,,,,,,,,,,,,,,,,,,,,,,,,,,,,,,,,,,,,,,,,,,,,,
test_2687,data/raf-db/aligned/test_2687_aligned.jpg,7,neutral,test,,,,,,,,,,,,,,,,,,,,,,,,,,,,,,,,,,,,,,,,,,,,,,,,,,,,,
test_2688,data/raf-db/aligned/test_2688_aligned.jpg,7,neutral,test,,,,,,,,,,,,,,,,,,,,,,,,,,,,,,,,,,,,,,,,,,,,,,,,,,,,,
test_2689,data/raf-db/aligned/test_2689_aligned.jpg,7,neutral,test,,,,,,,,,,,,,,,,,,,,,,,,,,,,,,,,,,,,,,,,,,,,,,,,,,,,,
test_2690,data/raf-db/aligned/test_2690_aligned.jpg,7,neutral,test,,,,,,,,,,,,,,,,,,,,,,,,,,,,,,,,,,,,,,,,,,,,,,,,,,,,,
test_2691,data/raf-db/aligned/test_2691_aligned.jpg,7,neutral,test,,,,,,,,,,,,,,,,,,,,,,,,,,,,,,,,,,,,,,,,,,,,,,,,,,,,,
test_2692,data/raf-db/aligned/test_2692_aligned.jpg,7,neutral,test,,,,,,,,,,,,,,,,,,,,,,,,,,,,,,,,,,,,,,,,,,,,,,,,,,,,,
test_2693,data/raf-db/aligned/test_2693_aligned.jpg,7,neutral,test,,,,,,,,,,,,,,,,,,,,,,,,,,,,,,,,,,,,,,,,,,,,,,,,,,,,,
test_2694,data/raf-db/aligned/test_2694_aligned.jpg,7,neutral,test,,,,,,,,,,,,,,,,,,,,,,,,,,,,,,,,,,,,,,,,,,,,,,,,,,,,,
test_2695,data/raf-db/aligned/test_2695_aligned.jpg,7,neutral,test,,,,,,,,,,,,,,,,,,,,,,,,,,,,,,,,,,,,,,,,,,,,,,,,,,,,,
test_2696,data/raf-db/aligned/test_2696_aligned.jpg,7,neutral,test,,,,,,,,,,,,,,,,,,,,,,,,,,,,,,,,,,,,,,,,,,,,,,,,,,,,,
test_2697,data/raf-db/aligned/test_2697_aligned.jpg,7,neutral,test,,,,,,,,,,,,,,,,,,,,,,,,,,,,,,,,,,,,,,,,,,,,,,,,,,,,,
test_2698,data/raf-db/aligned/test_2698_aligned.jpg,7,neutral,test,,,,,,,,,,,,,,,,,,,,,,,,,,,,,,,,,,,,,,,,,,,,,,,,,,,,,
test_2699,data/raf-db/aligned/test_2699_aligned.jpg,7,neutral,test,,,,,,,,,,,,,,,,,,,,,,,,,,,,,,,,,,,,,,,,,,,,,,,,,,,,,
test_2700,data/raf-db/aligned/test_2700_aligned.jpg,7,neutral,test,,,,,,,,,,,,,,,,,,,,,,,,,,,,,,,,,,,,,,,,,,,,,,,,,,,,,
test_2701,data/raf-db/aligned/test_2701_aligned.jpg,7,neutral,test,,,,,,,,,,,,,,,,,,,,,,,,,,,,,,,,,,,,,,,,,,,,,,,,,,,,,
test_2702,data/raf-db/aligned/test_2702_aligned.jpg,7,neutral,test,,,,,,,,,,,,,,,,,,,,,,,,,,,,,,,,,,,,,,,,,,,,,,,,,,,,,
test_2703,data/raf-db/aligned/test_2703_aligned.jpg,7,neutral,test,,,,,,,,,,,,,,,,,,,,,,,,,,,,,,,,,,,,,,,,,,,,,,,,,,,,,
test_2704,data/raf-db/aligned/test_2704_aligned.jpg,7,neutral,test,,,,,,,,,,,,,,,,,,,,,,,,,,,,,,,,,,,,,,,,,,,,,,,,,,,,,
test_2705,data/raf-db/aligned/test_2705_aligned.jpg,7,neutral,test,,,,,,,,,,,,,,,,,,,,,,,,,,,,,,,,,,,,,,,,,,,,,,,,,,,,,
test_2706,data/raf-db/aligned/test_2706_aligned.jpg,7,neutral,test,,,,,,,,,,,,,,,,,,,,,,,,,,,,,,,,,,,,,,,,,,,,,,,,,,,,,
test_2707,data/raf-db/aligned/test_2707_aligned.jpg,7,neutral,test,,,,,,,,,,,,,,,,,,,,,,,,,,,,,,,,,,,,,,,,,,,,,,,,,,,,,
test_2708,data/raf-db/aligned/test_2708_aligned.jpg,7,neutral,test,,,,,,,,,,,,,,,,,,,,,,,,,,,,,,,,,,,,,,,,,,,,,,,,,,,,,
test_2709,data/raf-db/aligned/test_2709_aligned.jpg,7,neutral,test,,,,,,,,,,,,,,,,,,,,,,,,,,,,,,,,,,,,,,,,,,,,,,,,,,,,,
test_2710,data/raf-db/aligned/test_2710_aligned.jpg,7,neutral,test,,,,,,,,,,,,,,,,,,,,,,,,,,,,,,,,,,,,,,,,,,,,,,,,,,,,,
test_2711,data/raf-db/aligned/test_2711_aligned.jpg,7,neutral,test,,,,,,,,,,,,,,,,,,,,,,,,,,,,,,,,,,,,,,,,,,,,,,,,,,,,,
test_2712,data/raf-db/aligned/test_2712_aligned.jpg,7,neutral,test,,,,,,,,,,,,,,,,,,,,,,,,,,,,,,,,,,,,,,,,,,,,,,,,,,,,,
test_2713,data/raf-db/aligned/test_2713_aligned.jpg,7,neutral,test,,,,,,,,,,,,,,,,,,,,,,,,,,,,,,,,,,,,,,,,,,,,,,,,,,,,,
test_2714,data/raf-db/aligned/test_2714_aligned.jpg,7,neutral,test,,,,,,,,,,,,,,,,,,,,,,,,,,,,,,,,,,,,,,,,,,,,,,,,,,,,,
test_2715,data/raf-db/aligned/test_2715_aligned.jpg,7,neutral,test,,,,,,,,,,,,,,,,,,,,,,,,,,,,,,,,,,,,,,,,,,,,,,,,,,,,,
test_2716,data/raf-db/aligned/test_2716_aligned.jpg,7,neutral,test,,,,,,,,,,,,,,,,,,,,,,,,,,,,,,,,,,,,,,,,,,,,,,,,,,,,,
test_2717,data/raf-db/aligned/test_2717_aligned.jpg,7,neutral,test,,,,,,,,,,,,,,,,,,,,,,,,,,,,,,,,,,,,,,,,,,,,,,,,,,,,,
test_2718,data/raf-db/aligned/test_2718_aligned.jpg,7,neutral,test,,,,,,,,,,,,,,,,,,,,,,,,,,,,,,,,,,,,,,,,,,,,,,,,,,,,,
test_2719,data/raf-db/aligned/test_2719_aligned.jpg,7,neutral,test,,,,,,,,,,,,,,,,,,,,,,,,,,,,,,,,,,,,,,,,,,,,,,,,,,,,,
test_2720,data/raf-db/aligned/test_2720_aligned.jpg,7,neutral,test,,,,,,,,,,,,,,,,,,,,,,,,,,,,,,,,,,,,,,,,,,,,,,,,,,,,,
test_2721,data/raf-db/aligned/test_2721_aligned.jpg,7,neutral,test,,,,,,,,,,,,,,,,,,,,,,,,,,,,,,,,,,,,,,,,,,,,,,,,,,,,,
test_2722,data/raf-db/aligned/test_2722_aligned.jpg,7,neutral,test,,,,,,,,,,,,,,,,,,,,,,,,,,,,,,,,,,,,,,,,,,,,,,,,,,,,,
test_2723,data/raf-db/aligned/test_2723_aligned.jpg,7,neutral,test,,,,,,,,,,,,,,,,,,,,,,,,,,,,,,,,,,,,,,,,,,,,,,,,,,,,,
test_2724,data/raf-db/aligned/test_2724_aligned.jpg,7,neutral,test,,,,,,,,,,,,,,,,,,,,,,,,,,,,,,,,,,,,,,,,,,,,,,,,,,,,,
test_2725,data/raf-db/aligned/test_2725_aligned.jpg,7,neutral,test,,,,,,,,,,,,,,,,,,,,,,,,,,,,,,,,,,,,,,,,,,,,,,,,,,,,,
test_2726,data/raf-db/aligned/test_2726_aligned.jpg,7,neutral,test,,,,,,,,,,,,,,,,,,,,,,,,,,,,,,,,,,,,,,,,,,,,,,,,,,,,,
test_2727,data/raf-db/aligned/test_2727_aligned.jpg,7,neutral,test,,,,,,,,,,,,,,,,,,,,,,,,,,,,,,,,,,,,,,,,,,,,,,,,,,,,,
test_2728,data/raf-db/aligned/test_2728_aligned.jpg,7,neutral,test,,,,,,,,,,,,,,,,,,,,,,,,,,,,,,,,,,,,,,,,,,,,,,,,,,,,,
test_2729,data/raf-db/aligned/test_2729_aligned.jpg,7,neutral,test,,,,,,,,,,,,,,,,,,,,,,,,,,,,,,,,,,,,,,,,,,,,,,,,,,,,,
test_2730,data/raf-db/aligned/test_2730_aligned.jpg,7,neutral,test,,,,,,,,,,,,,,,,,,,,,,,,,,,,,,,,,,,,,,,,,,,,,,,,,,,,,
test_2731,data/raf-db/aligned/test_2731_aligned.jpg,7,neutral,test,,,,,,,,,,,,,,,,,,,,,,,,,,,,,,,,,,,,,,,,,,,,,,,,,,,,,
test_2732,data/raf-db/aligned/test_2732_aligned.jpg,7,neutral,test,,,,,,,,,,,,,,,,,,,,,,,,,,,,,,,,,,,,,,,,,,,,,,,,,,,,,
test_2733,data/raf-db/aligned/test_2733_aligned.jpg,7,neutral,test,,,,,,,,,,,,,,,,,,,,,,,,,,,,,,,,,,,,,,,,,,,,,,,,,,,,,
test_2734,data/raf-db/aligned/test_2734_aligned.jpg,7,neutral,test,,,,,,,,,,,,,,,,,,,,,,,,,,,,,,,,,,,,,,,,,,,,,,,,,,,,,
test_2735,data/raf-db/aligned/test_2735_aligned.jpg,7,neutral,test,,,,,,,,,,,,,,,,,,,,,,,,,,,,,,,,,,,,,,,,,,,,,,,,,,,,,
test_2736,data/raf-db/aligned/test_2736_aligned.jpg,7,neutral,test,,,,,,,,,,,,,,,,,,,,,,,,,,,,,,,,,,,,,,,,,,,,,,,,,,,,,
test_2737,data/raf-db/aligned/test_2737_aligned.jpg,7,neutral,test,,,,,,,,,,,,,,,,,,,,,,,,,,,,,,,,,,,,,,,,,,,,,,,,,,,,,
test_2738,data/raf-db/aligned/test_2738_aligned.jpg,7,neutral,test,,,,,,,,,,,,,,,,,,,,,,,,,,,,,,,,,,,,,,,,,,,,,,,,,,,,,
test_2739,data/raf-db/aligned/test_2739_aligned.jpg,7,neutral,test,,,,,,,,,,,,,,,,,,,,,,,,,,,,,,,,,,,,,,,,,,,,,,,,,,,,,
test_2740,data/raf-db/aligned/test_2740_aligned.jpg,7,neutral,test,,,,,,,,,,,,,,,,,,,,,,,,,,,,,,,,,,,,,,,,,,,,,,,,,,,,,
test_2741,data/raf-db/aligned/test_2741_aligned.jpg,7,neutral,test,,,,,,,,,,,,,,,,,,,,,,,,,,,,,,,,,,,,,,,,,,,,,,,,,,,,,
test_2742,data/raf-db/aligned/test_2742_aligned.jpg,7,neutral,test,,,,,,,,,,,,,,,,,,,,,,,,,,,,,,,,,,,,,,,,,,,,,,,,,,,,,
test_2743,data/raf-db/aligned/test_2743_aligned.jpg,7,neutral,test,,,,,,,,,,,,,,,,,,,,,,,,,,,,,,,,,,,,,,,,,,,,,,,,,,,,,
test_2744,data/raf-db/aligned/test_2744_aligned.jpg,7,neutral,test,,,,,,,,,,,,,,,,,,,,,,,,,,,,,,,,,,,,,,,,,,,,,,,,,,,,,
test_2745,data/raf-db/aligned/test_2745_aligned.jpg,7,neutral,test,,,,,,,,,,,,,,,,,,,,,,,,,,,,,,,,,,,,,,,,,,,,,,,,,,,,,
test_2746,data/raf-db/aligned/test_2746_aligned.jpg,7,neutral,test,,,,,,,,,,,,,,,,,,,,,,,,,,,,,,,,,,,,,,,,,,,,,,,,,,,,,
test_2747,data/raf-db/aligned/test_2747_aligned.jpg,7,neutral,test,,,,,,,,,,,,,,,,,,,,,,,,,,,,,,,,,,,,,,,,,,,,,,,,,,,,,
test_2748,data/raf-db/aligned/test_2748_aligned.jpg,7,neutral,test,,,,,,,,,,,,,,,,,,,,,,,,,,,,,,,,,,,,,,,,,,,,,,,,,,,,,
test_2749,data/raf-db/aligned/test_2749_aligned.jpg,7,neutral,test,,,,,,,,,,,,,,,,,,,,,,,,,,,,,,,,,,,,,,,,,,,,,,,,,,,,,
test_2750,data/raf-db/aligned/test_2750_aligned.jpg,7,neutral,test,,,,,,,,,,,,,,,,,,,,,,,,,,,,,,,,,,,,,,,,,,,,,,,,,,,,,
test_2751,data/raf-db/aligned/test_2751_aligned.jpg,7,neutral,test,,,,,,,,,,,,,,,,,,,,,,,,,,,,,,,,,,,,,,,,,,,,,,,,,,,,,
test_2752,data/raf-db/aligned/test_2752_aligned.jpg,7,neutral,test,,,,,,,,,,,,,,,,,,,,,,,,,,,,,,,,,,,,,,,,,,,,,,,,,,,,,
test_2753,data/raf-db/aligned/test_2753_aligned.jpg,7,neutral,test,,,,,,,,,,,,,,,,,,,,,,,,,,,,,,,,,,,,,,,,,,,,,,,,,,,,,
test_2754,data/raf-db/aligned/test_2754_aligned.jpg,7,neutral,test,,,,,,,,,,,,,,,,,,,,,,,,,,,,,,,,,,,,,,,,,,,,,,,,,,,,,
test_2755,data/raf-db/aligned/test_2755_aligned.jpg,7,neutral,test,,,,,,,,,,,,,,,,,,,,,,,,,,,,,,,,,,,,,,,,,,,,,,,,,,,,,
test_2756,data/raf-db/aligned/test_2756_aligned.jpg,7,neutral,test,,,,,,,,,,,,,,,,,,,,,,,,,,,,,,,,,,,,,,,,,,,,,,,,,,,,,
test_2757,data/raf-db/aligned/test_2757_aligned.jpg,7,neutral,test,,,,,,,,,,,,,,,,,,,,,,,,,,,,,,,,,,,,,,,,,,,,,,,,,,,,,
test_2758,data/raf-db/aligned/test_2758_aligned.jpg,7,neutral,test,,,,,,,,,,,,,,,,,,,,,,,,,,,,,,,,,,,,,,,,,,,,,,,,,,,,,
test_2759,data/raf-db/aligned/test_2759_aligned.jpg,7,neutral,test,,,,,,,,,,,,,,,,,,,,,,,,,,,,,,,,,,,,,,,,,,,,,,,,,,,,,
test_2760,data/raf-db/aligned/test_2760_aligned.jpg,7,neutral,test,,,,,,,,,,,,,,,,,,,,,,,,,,,,,,,,,,,,,,,,,,,,,,,,,,,,,
test_2761,data/raf-db/aligned/test_2761_aligned.jpg,7,neutral,test,,,,,,,,,,,,,,,,,,,,,,,,,,,,,,,,,,,,,,,,,,,,,,,,,,,,,
test_2762,data/raf-db/aligned/test_2762_aligned.jpg,7,neutral,test,,,,,,,,,,,,,,,,,,,,,,,,,,,,,,,,,,,,,,,,,,,,,,,,,,,,,
test_2763,data/raf-db/aligned/test_2763_aligned.jpg,7,neutral,test,,,,,,,,,,,,,,,,,,,,,,,,,,,,,,,,,,,,,,,,,,,,,,,,,,,,,
test_2764,data/raf-db/aligned/test_2764_aligned.jpg,7,neutral,test,,,,,,,,,,,,,,,,,,,,,,,,,,,,,,,,,,,,,,,,,,,,,,,,,,,,,
test_2765,data/raf-db/aligned/test_2765_aligned.jpg,7,neutral,test,,,,,,,,,,,,,,,,,,,,,,,,,,,,,,,,,,,,,,,,,,,,,,,,,,,,,
test_2766,data/raf-db/aligned/test_2766_aligned.jpg,7,neutral,test,,,,,,,,,,,,,,,,,,,,,,,,,,,,,,,,,,,,,,,,,,,,,,,,,,,,,
test_2767,data/raf-db/aligned/test_2767_aligned.jpg,7,neutral,test,,,,,,,,,,,,,,,,,,,,,,,,,,,,,,,,,,,,,,,,,,,,,,,,,,,,,
test_2768,data/raf-db/aligned/test_2768_aligned.jpg,7,neutral,test,,,,,,,,,,,,,,,,,,,,,,,,,,,,,,,,,,,,,,,,,,,,,,,,,,,,,
test_2769,data/raf-db/aligned/test_2769_aligned.jpg,7,neutral,test,,,,,,,,,,,,,,,,,,,,,,,,,,,,,,,,,,,,,,,,,,,,,,,,,,,,,
test_2770,data/raf-db/aligned/test_2770_aligned.jpg,7,neutral,test,,,,,,,,,,,,,,,,,,,,,,,,,,,,,,,,,,,,,,,,,,,,,,,,,,,,,
test_2771,data/raf-db/aligned/test_2771_aligned.jpg,7,neutral,test,,,,,,,,,,,,,,,,,,,,,,,,,,,,,,,,,,,,,,,,,,,,,,,,,,,,,
test_2772,data/raf-db/aligned/test_2772_aligned.jpg,7,neutral,test,,,,,,,,,,,,,,,,,,,,,,,,,,,,,,,,,,,,,,,,,,,,,,,,,,,,,
test_2773,data/raf-db/aligned/test_2773_aligned.jpg,7,neutral,test,,,,,,,,,,,,,,,,,,,,,,,,,,,,,,,,,,,,,,,,,,,,,,,,,,,,,
test_2774,data/raf-db/aligned/test_2774_aligned.jpg,7,neutral,test,,,,,,,,,,,,,,,,,,,,,,,,,,,,,,,,,,,,,,,,,,,,,,,,,,,,,
test_2775,data/raf-db/aligned/test_2775_aligned.jpg,7,neutral,test,,,,,,,,,,,,,,,,,,,,,,,,,,,,,,,,,,,,,,,,,,,,,,,,,,,,,
test_2776,data/raf-db/aligned/test_2776_aligned.jpg,7,neutral,test,,,,,,,,,,,,,,,,,,,,,,,,,,,,,,,,,,,,,,,,,,,,,,,,,,,,,
test_2777,data/raf-db/aligned/test_2777_aligned.jpg,7,neutral,test,,,,,,,,,,,,,,,,,,,,,,,,,,,,,,,,,,,,,,,,,,,,,,,,,,,,,
test_2778,data/raf-db/aligned/test_2778_aligned.jpg,7,neutral,test,,,,,,,,,,,,,,,,,,,,,,,,,,,,,,,,,,,,,,,,,,,,,,,,,,,,,
test_2779,data/raf-db/aligned/test_2779_aligned.jpg,7,neutral,test,,,,,,,,,,,,,,,,,,,,,,,,,,,,,,,,,,,,,,,,,,,,,,,,,,,,,
test_2780,data/raf-db/aligned/test_2780_aligned.jpg,7,neutral,test,,,,,,,,,,,,,,,,,,,,,,,,,,,,,,,,,,,,,,,,,,,,,,,,,,,,,
test_2781,data/raf-db/aligned/test_2781_aligned.jpg,7,neutral,test,,,,,,,,,,,,,,,,,,,,,,,,,,,,,,,,,,,,,,,,,,,,,,,,,,,,,
test_2782,data/raf-db/aligned/test_2782_aligned.jpg,7,neutral,test,,,,,,,,,,,,,,,,,,,,,,,,,,,,,,,,,,,,,,,,,,,,,,,,,,,,,
test_2783,data/raf-db/aligned/test_2783_aligned.jpg,7,neutral,test,,,,,,,,,,,,,,,,,,,,,,,,,,,,,,,,,,,,,,,,,,,,,,,,,,,,,
test_2784,data/raf-db/aligned/test_2784_aligned.jpg,7,neutral,test,,,,,,,,,,,,,,,,,,,,,,,,,,,,,,,,,,,,,,,,,,,,,,,,,,,,,
test_2785,data/raf-db/aligned/test_2785_aligned.jpg,7,neutral,test,,,,,,,,,,,,,,,,,,,,,,,,,,,,,,,,,,,,,,,,,,,,,,,,,,,,,
test_2786,data/raf-db/aligned/test_2786_aligned.jpg,7,neutral,test,,,,,,,,,,,,,,,,,,,,,,,,,,,,,,,,,,,,,,,,,,,,,,,,,,,,,
test_2787,data/raf-db/aligned/test_2787_aligned.jpg,7,neutral,test,,,,,,,,,,,,,,,,,,,,,,,,,,,,,,,,,,,,,,,,,,,,,,,,,,,,,
test_2788,data/raf-db/aligned/test_2788_aligned.jpg,7,neutral,test,,,,,,,,,,,,,,,,,,,,,,,,,,,,,,,,,,,,,,,,,,,,,,,,,,,,,
test_2789,data/raf-db/aligned/test_2789_aligned.jpg,7,neutral,test,,,,,,,,,,,,,,,,,,,,,,,,,,,,,,,,,,,,,,,,,,,,,,,,,,,,,
test_2790,data/raf-db/aligned/test_2790_aligned.jpg,7,neutral,test,,,,,,,,,,,,,,,,,,,,,,,,,,,,,,,,,,,,,,,,,,,,,,,,,,,,,
test_2791,data/raf-db/aligned/test_2791_aligned.jpg,7,neutral,test,,,,,,,,,,,,,,,,,,,,,,,,,,,,,,,,,,,,,,,,,,,,,,,,,,,,,
test_2792,data/raf-db/aligned/test_2792_aligned.jpg,7,neutral,test,,,,,,,,,,,,,,,,,,,,,,,,,,,,,,,,,,,,,,,,,,,,,,,,,,,,,
test_2793,data/raf-db/aligned/test_2793_aligned.jpg,7,neutral,test,,,,,,,,,,,,,,,,,,,,,,,,,,,,,,,,,,,,,,,,,,,,,,,,,,,,,
test_2794,data/raf-db/aligned/test_2794_aligned.jpg,7,neutral,test,,,,,,,,,,,,,,,,,,,,,,,,,,,,,,,,,,,,,,,,,,,,,,,,,,,,,
test_2795,data/raf-db/aligned/test_2795_aligned.jpg,7,neutral,test,,,,,,,,,,,,,,,,,,,,,,,,,,,,,,,,,,,,,,,,,,,,,,,,,,,,,
test_2796,data/raf-db/aligned/test_2796_aligned.jpg,7,neutral,test,,,,,,,,,,,,,,,,,,,,,,,,,,,,,,,,,,,,,,,,,,,,,,,,,,,,,
test_2797,data/raf-db/aligned/test_2797_aligned.jpg,7,neutral,test,,,,,,,,,,,,,,,,,,,,,,,,,,,,,,,,,,,,,,,,,,,,,,,,,,,,,
test_2798,data/raf-db/aligned/test_2798_aligned.jpg,7,neutral,test,,,,,,,,,,,,,,,,,,,,,,,,,,,,,,,,,,,,,,,,,,,,,,,,,,,,,
test_2799,data/raf-db/aligned/test_2799_aligned.jpg,7,neutral,test,,,,,,,,,,,,,,,,,,,,,,,,,,,,,,,,,,,,,,,,,,,,,,,,,,,,,
test_2800,data/raf-db/aligned/test_2800_aligned.jpg,7,neutral,test,,,,,,,,,,,,,,,,,,,,,,,,,,,,,,,,,,,,,,,,,,,,,,,,,,,,,
test_2801,data/raf-db/aligned/test_2801_aligned.jpg,7,neutral,test,,,,,,,,,,,,,,,,,,,,,,,,,,,,,,,,,,,,,,,,,,,,,,,,,,,,,
test_2802,data/raf-db/aligned/test_2802_aligned.jpg,7,neutral,test,,,,,,,,,,,,,,,,,,,,,,,,,,,,,,,,,,,,,,,,,,,,,,,,,,,,,
test_2803,data/raf-db/aligned/test_2803_aligned.jpg,7,neutral,test,,,,,,,,,,,,,,,,,,,,,,,,,,,,,,,,,,,,,,,,,,,,,,,,,,,,,
test_2804,data/raf-db/aligned/test_2804_aligned.jpg,7,neutral,test,,,,,,,,,,,,,,,,,,,,,,,,,,,,,,,,,,,,,,,,,,,,,,,,,,,,,
test_2805,data/raf-db/aligned/test_2805_aligned.jpg,7,neutral,test,,,,,,,,,,,,,,,,,,,,,,,,,,,,,,,,,,,,,,,,,,,,,,,,,,,,,
test_2806,data/raf-db/aligned/test_2806_aligned.jpg,7,neutral,test,,,,,,,,,,,,,,,,,,,,,,,,,,,,,,,,,,,,,,,,,,,,,,,,,,,,,
test_2807,data/raf-db/aligned/test_2807_aligned.jpg,7,neutral,test,,,,,,,,,,,,,,,,,,,,,,,,,,,,,,,,,,,,,,,,,,,,,,,,,,,,,
test_2808,data/raf-db/aligned/test_2808_aligned.jpg,7,neutral,test,,,,,,,,,,,,,,,,,,,,,,,,,,,,,,,,,,,,,,,,,,,,,,,,,,,,,
test_2809,data/raf-db/aligned/test_2809_aligned.jpg,7,neutral,test,,,,,,,,,,,,,,,,,,,,,,,,,,,,,,,,,,,,,,,,,,,,,,,,,,,,,
test_2810,data/raf-db/aligned/test_2810_aligned.jpg,7,neutral,test,,,,,,,,,,,,,,,,,,,,,,,,,,,,,,,,,,,,,,,,,,,,,,,,,,,,,
test_2811,data/raf-db/aligned/test_2811_aligned.jpg,7,neutral,test,,,,,,,,,,,,,,,,,,,,,,,,,,,,,,,,,,,,,,,,,,,,,,,,,,,,,
test_2812,data/raf-db/aligned/test_2812_aligned.jpg,7,neutral,test,,,,,,,,,,,,,,,,,,,,,,,,,,,,,,,,,,,,,,,,,,,,,,,,,,,,,
test_2813,data/raf-db/aligned/test_2813_aligned.jpg,7,neutral,test,,,,,,,,,,,,,,,,,,,,,,,,,,,,,,,,,,,,,,,,,,,,,,,,,,,,,
test_2814,data/raf-db/aligned/test_2814_aligned.jpg,7,neutral,test,,,,,,,,,,,,,,,,,,,,,,,,,,,,,,,,,,,,,,,,,,,,,,,,,,,,,
test_2815,data/raf-db/aligned/test_2815_aligned.jpg,7,neutral,test,,,,,,,,,,,,,,,,,,,,,,,,,,,,,,,,,,,,,,,,,,,,,,,,,,,,,
test_2816,data/raf-db/aligned/test_2816_aligned.jpg,7,neutral,test,,,,,,,,,,,,,,,,,,,,,,,,,,,,,,,,,,,,,,,,,,,,,,,,,,,,,
test_2817,data/raf-db/aligned/test_2817_aligned.jpg,7,neutral,test,,,,,,,,,,,,,,,,,,,,,,,,,,,,,,,,,,,,,,,,,,,,,,,,,,,,,
test_2818,data/raf-db/aligned/test_2818_aligned.jpg,7,neutral,test,,,,,,,,,,,,,,,,,,,,,,,,,,,,,,,,,,,,,,,,,,,,,,,,,,,,,
test_2819,data/raf-db/aligned/test_2819_aligned.jpg,7,neutral,test,,,,,,,,,,,,,,,,,,,,,,,,,,,,,,,,,,,,,,,,,,,,,,,,,,,,,
test_2820,data/raf-db/aligned/test_2820_aligned.jpg,7,neutral,test,,,,,,,,,,,,,,,,,,,,,,,,,,,,,,,,,,,,,,,,,,,,,,,,,,,,,
test_2821,data/raf-db/aligned/test_2821_aligned.jpg,7,neutral,test,,,,,,,,,,,,,,,,,,,,,,,,,,,,,,,,,,,,,,,,,,,,,,,,,,,,,
test_2822,data/raf-db/aligned/test_2822_aligned.jpg,7,neutral,test,,,,,,,,,,,,,,,,,,,,,,,,,,,,,,,,,,,,,,,,,,,,,,,,,,,,,
test_2823,data/raf-db/aligned/test_2823_aligned.jpg,7,neutral,test,,,,,,,,,,,,,,,,,,,,,,,,,,,,,,,,,,,,,,,,,,,,,,,,,,,,,
test_2824,data/raf-db/aligned/test_2824_aligned.jpg,7,neutral,test,,,,,,,,,,,,,,,,,,,,,,,,,,,,,,,,,,,,,,,,,,,,,,,,,,,,,
test_2825,data/raf-db/aligned/test_2825_aligned.jpg,7,neutral,test,,,,,,,,,,,,,,,,,,,,,,,,,,,,,,,,,,,,,,,,,,,,,,,,,,,,,
test_2826,data/raf-db/aligned/test_2826_aligned.jpg,7,neutral,test,,,,,,,,,,,,,,,,,,,,,,,,,,,,,,,,,,,,,,,,,,,,,,,,,,,,,
test_2827,data/raf-db/aligned/test_2827_aligned.jpg,7,neutral,test,,,,,,,,,,,,,,,,,,,,,,,,,,,,,,,,,,,,,,,,,,,,,,,,,,,,,
test_2828,data/raf-db/aligned/test_2828_aligned.jpg,7,neutral,test,,,,,,,,,,,,,,,,,,,,,,,,,,,,,,,,,,,,,,,,,,,,,,,,,,,,,
test_2829,data/raf-db/aligned/test_2829_aligned.jpg,7,neutral,test,,,,,,,,,,,,,,,,,,,,,,,,,,,,,,,,,,,,,,,,,,,,,,,,,,,,,
test_2830,data/raf-db/aligned/test_2830_aligned.jpg,7,neutral,test,,,,,,,,,,,,,,,,,,,,,,,,,,,,,,,,,,,,,,,,,,,,,,,,,,,,,
test_2831,data/raf-db/aligned/test_2831_aligned.jpg,7,neutral,test,,,,,,,,,,,,,,,,,,,,,,,,,,,,,,,,,,,,,,,,,,,,,,,,,,,,,
test_2832,data/raf-db/aligned/test_2832_aligned.jpg,7,neutral,test,,,,,,,,,,,,,,,,,,,,,,,,,,,,,,,,,,,,,,,,,,,,,,,,,,,,,
test_2833,data/raf-db/aligned/test_2833_aligned.jpg,7,neutral,test,,,,,,,,,,,,,,,,,,,,,,,,,,,,,,,,,,,,,,,,,,,,,,,,,,,,,
test_2834,data/raf-db/aligned/test_2834_aligned.jpg,7,neutral,test,,,,,,,,,,,,,,,,,,,,,,,,,,,,,,,,,,,,,,,,,,,,,,,,,,,,,
test_2835,data/raf-db/aligned/test_2835_aligned.jpg,7,neutral,test,,,,,,,,,,,,,,,,,,,,,,,,,,,,,,,,,,,,,,,,,,,,,,,,,,,,,
test_2836,data/raf-db/aligned/test_2836_aligned.jpg,7,neutral,test,,,,,,,,,,,,,,,,,,,,,,,,,,,,,,,,,,,,,,,,,,,,,,,,,,,,,
test_2837,data/raf-db/aligned/test_2837_aligned.jpg,7,neutral,test,,,,,,,,,,,,,,,,,,,,,,,,,,,,,,,,,,,,,,,,,,,,,,,,,,,,,
test_2838,data/raf-db/aligned/test_2838_aligned.jpg,7,neutral,test,,,,,,,,,,,,,,,,,,,,,,,,,,,,,,,,,,,,,,,,,,,,,,,,,,,,,
test_2839,data/raf-db/aligned/test_2839_aligned.jpg,7,neutral,test,,,,,,,,,,,,,,,,,,,,,,,,,,,,,,,,,,,,,,,,,,,,,,,,,,,,,
test_2840,data/raf-db/aligned/test_2840_aligned.jpg,7,neutral,test,,,,,,,,,,,,,,,,,,,,,,,,,,,,,,,,,,,,,,,,,,,,,,,,,,,,,
test_2841,data/raf-db/aligned/test_2841_aligned.jpg,7,neutral,test,,,,,,,,,,,,,,,,,,,,,,,,,,,,,,,,,,,,,,,,,,,,,,,,,,,,,
test_2842,data/raf-db/aligned/test_2842_aligned.jpg,7,neutral,test,,,,,,,,,,,,,,,,,,,,,,,,,,,,,,,,,,,,,,,,,,,,,,,,,,,,,
test_2843,data/raf-db/aligned/test_2843_aligned.jpg,7,neutral,test,,,,,,,,,,,,,,,,,,,,,,,,,,,,,,,,,,,,,,,,,,,,,,,,,,,,,
test_2844,data/raf-db/aligned/test_2844_aligned.jpg,7,neutral,test,,,,,,,,,,,,,,,,,,,,,,,,,,,,,,,,,,,,,,,,,,,,,,,,,,,,,
test_2845,data/raf-db/aligned/test_2845_aligned.jpg,7,neutral,test,,,,,,,,,,,,,,,,,,,,,,,,,,,,,,,,,,,,,,,,,,,,,,,,,,,,,
test_2846,data/raf-db/aligned/test_2846_aligned.jpg,7,neutral,test,,,,,,,,,,,,,,,,,,,,,,,,,,,,,,,,,,,,,,,,,,,,,,,,,,,,,
test_2847,data/raf-db/aligned/test_2847_aligned.jpg,7,neutral,test,,,,,,,,,,,,,,,,,,,,,,,,,,,,,,,,,,,,,,,,,,,,,,,,,,,,,
test_2848,data/raf-db/aligned/test_2848_aligned.jpg,7,neutral,test,,,,,,,,,,,,,,,,,,,,,,,,,,,,,,,,,,,,,,,,,,,,,,,,,,,,,
test_2849,data/raf-db/aligned/test_2849_aligned.jpg,7,neutral,test,,,,,,,,,,,,,,,,,,,,,,,,,,,,,,,,,,,,,,,,,,,,,,,,,,,,,
test_2850,data/raf-db/aligned/test_2850_aligned.jpg,7,neutral,test,,,,,,,,,,,,,,,,,,,,,,,,,,,,,,,,,,,,,,,,,,,,,,,,,,,,,
test_2851,data/raf-db/aligned/test_2851_aligned.jpg,7,neutral,test,,,,,,,,,,,,,,,,,,,,,,,,,,,,,,,,,,,,,,,,,,,,,,,,,,,,,
test_2852,data/raf-db/aligned/test_2852_aligned.jpg,7,neutral,test,,,,,,,,,,,,,,,,,,,,,,,,,,,,,,,,,,,,,,,,,,,,,,,,,,,,,
test_2853,data/raf-db/aligned/test_2853_aligned.jpg,7,neutral,test,,,,,,,,,,,,,,,,,,,,,,,,,,,,,,,,,,,,,,,,,,,,,,,,,,,,,
test_2854,data/raf-db/aligned/test_2854_aligned.jpg,7,neutral,test,,,,,,,,,,,,,,,,,,,,,,,,,,,,,,,,,,,,,,,,,,,,,,,,,,,,,
test_2855,data/raf-db/aligned/test_2855_aligned.jpg,7,neutral,test,,,,,,,,,,,,,,,,,,,,,,,,,,,,,,,,,,,,,,,,,,,,,,,,,,,,,
test_2856,data/raf-db/aligned/test_2856_aligned.jpg,7,neutral,test,,,,,,,,,,,,,,,,,,,,,,,,,,,,,,,,,,,,,,,,,,,,,,,,,,,,,
test_2857,data/raf-db/aligned/test_2857_aligned.jpg,7,neutral,test,,,,,,,,,,,,,,,,,,,,,,,,,,,,,,,,,,,,,,,,,,,,,,,,,,,,,
test_2858,data/raf-db/aligned/test_2858_aligned.jpg,7,neutral,test,,,,,,,,,,,,,,,,,,,,,,,,,,,,,,,,,,,,,,,,,,,,,,,,,,,,,
test_2859,data/raf-db/aligned/test_2859_aligned.jpg,7,neutral,test,,,,,,,,,,,,,,,,,,,,,,,,,,,,,,,,,,,,,,,,,,,,,,,,,,,,,
test_2860,data/raf-db/aligned/test_2860_aligned.jpg,7,neutral,test,,,,,,,,,,,,,,,,,,,,,,,,,,,,,,,,,,,,,,,,,,,,,,,,,,,,,
test_2861,data/raf-db/aligned/test_2861_aligned.jpg,7,neutral,test,,,,,,,,,,,,,,,,,,,,,,,,,,,,,,,,,,,,,,,,,,,,,,,,,,,,,
test_2862,data/raf-db/aligned/test_2862_aligned.jpg,7,neutral,test,,,,,,,,,,,,,,,,,,,,,,,,,,,,,,,,,,,,,,,,,,,,,,,,,,,,,
test_2863,data/raf-db/aligned/test_2863_aligned.jpg,7,neutral,test,,,,,,,,,,,,,,,,,,,,,,,,,,,,,,,,,,,,,,,,,,,,,,,,,,,,,
test_2864,data/raf-db/aligned/test_2864_aligned.jpg,7,neutral,test,,,,,,,,,,,,,,,,,,,,,,,,,,,,,,,,,,,,,,,,,,,,,,,,,,,,,
test_2865,data/raf-db/aligned/test_2865_aligned.jpg,7,neutral,test,,,,,,,,,,,,,,,,,,,,,,,,,,,,,,,,,,,,,,,,,,,,,,,,,,,,,
test_2866,data/raf-db/aligned/test_2866_aligned.jpg,7,neutral,test,,,,,,,,,,,,,,,,,,,,,,,,,,,,,,,,,,,,,,,,,,,,,,,,,,,,,
test_2867,data/raf-db/aligned/test_2867_aligned.jpg,7,neutral,test,,,,,,,,,,,,,,,,,,,,,,,,,,,,,,,,,,,,,,,,,,,,,,,,,,,,,
test_2868,data/raf-db/aligned/test_2868_aligned.jpg,7,neutral,test,,,,,,,,,,,,,,,,,,,,,,,,,,,,,,,,,,,,,,,,,,,,,,,,,,,,,
test_2869,data/raf-db/aligned/test_2869_aligned.jpg,7,neutral,test,,,,,,,,,,,,,,,,,,,,,,,,,,,,,,,,,,,,,,,,,,,,,,,,,,,,,
test_2870,data/raf-db/aligned/test_2870_aligned.jpg,7,neutral,test,,,,,,,,,,,,,,,,,,,,,,,,,,,,,,,,,,,,,,,,,,,,,,,,,,,,,
test_2871,data/raf-db/aligned/test_2871_aligned.jpg,7,neutral,test,,,,,,,,,,,,,,,,,,,,,,,,,,,,,,,,,,,,,,,,,,,,,,,,,,,,,
test_2872,data/raf-db/aligned/test_2872_aligned.jpg,7,neutral,test,,,,,,,,,,,,,,,,,,,,,,,,,,,,,,,,,,,,,,,,,,,,,,,,,,,,,
test_2873,data/raf-db/aligned/test_2873_aligned.jpg,7,neutral,test,,,,,,,,,,,,,,,,,,,,,,,,,,,,,,,,,,,,,,,,,,,,,,,,,,,,,
test_2874,data/raf-db/aligned/test_2874_aligned.jpg,7,neutral,test,,,,,,,,,,,,,,,,,,,,,,,,,,,,,,,,,,,,,,,,,,,,,,,,,,,,,
test_2875,data/raf-db/aligned/test_2875_aligned.jpg,7,neutral,test,,,,,,,,,,,,,,,,,,,,,,,,,,,,,,,,,,,,,,,,,,,,,,,,,,,,,
test_2876,data/raf-db/aligned/test_2876_aligned.jpg,7,neutral,test,,,,,,,,,,,,,,,,,,,,,,,,,,,,,,,,,,,,,,,,,,,,,,,,,,,,,
test_2877,data/raf-db/aligned/test_2877_aligned.jpg,7,neutral,test,,,,,,,,,,,,,,,,,,,,,,,,,,,,,,,,,,,,,,,,,,,,,,,,,,,,,
test_2878,data/raf-db/aligned/test_2878_aligned.jpg,7,neutral,test,,,,,,,,,,,,,,,,,,,,,,,,,,,,,,,,,,,,,,,,,,,,,,,,,,,,,
test_2879,data/raf-db/aligned/test_2879_aligned.jpg,7,neutral,test,,,,,,,,,,,,,,,,,,,,,,,,,,,,,,,,,,,,,,,,,,,,,,,,,,,,,
test_2880,data/raf-db/aligned/test_2880_aligned.jpg,7,neutral,test,,,,,,,,,,,,,,,,,,,,,,,,,,,,,,,,,,,,,,,,,,,,,,,,,,,,,
test_2881,data/raf-db/aligned/test_2881_aligned.jpg,7,neutral,test,,,,,,,,,,,,,,,,,,,,,,,,,,,,,,,,,,,,,,,,,,,,,,,,,,,,,
test_2882,data/raf-db/aligned/test_2882_aligned.jpg,7,neutral,test,,,,,,,,,,,,,,,,,,,,,,,,,,,,,,,,,,,,,,,,,,,,,,,,,,,,,
test_2883,data/raf-db/aligned/test_2883_aligned.jpg,7,neutral,test,,,,,,,,,,,,,,,,,,,,,,,,,,,,,,,,,,,,,,,,,,,,,,,,,,,,,
test_2884,data/raf-db/aligned/test_2884_aligned.jpg,7,neutral,test,,,,,,,,,,,,,,,,,,,,,,,,,,,,,,,,,,,,,,,,,,,,,,,,,,,,,
test_2885,data/raf-db/aligned/test_2885_aligned.jpg,7,neutral,test,,,,,,,,,,,,,,,,,,,,,,,,,,,,,,,,,,,,,,,,,,,,,,,,,,,,,
test_2886,data/raf-db/aligned/test_2886_aligned.jpg,7,neutral,test,,,,,,,,,,,,,,,,,,,,,,,,,,,,,,,,,,,,,,,,,,,,,,,,,,,,,
test_2887,data/raf-db/aligned/test_2887_aligned.jpg,7,neutral,test,,,,,,,,,,,,,,,,,,,,,,,,,,,,,,,,,,,,,,,,,,,,,,,,,,,,,
test_2888,data/raf-db/aligned/test_2888_aligned.jpg,7,neutral,test,,,,,,,,,,,,,,,,,,,,,,,,,,,,,,,,,,,,,,,,,,,,,,,,,,,,,
test_2889,data/raf-db/aligned/test_2889_aligned.jpg,7,neutral,test,,,,,,,,,,,,,,,,,,,,,,,,,,,,,,,,,,,,,,,,,,,,,,,,,,,,,
test_2890,data/raf-db/aligned/test_2890_aligned.jpg,7,neutral,test,,,,,,,,,,,,,,,,,,,,,,,,,,,,,,,,,,,,,,,,,,,,,,,,,,,,,
test_2891,data/raf-db/aligned/test_2891_aligned.jpg,7,neutral,test,,,,,,,,,,,,,,,,,,,,,,,,,,,,,,,,,,,,,,,,,,,,,,,,,,,,,
test_2892,data/raf-db/aligned/test_2892_aligned.jpg,7,neutral,test,,,,,,,,,,,,,,,,,,,,,,,,,,,,,,,,,,,,,,,,,,,,,,,,,,,,,
test_2893,data/raf-db/aligned/test_2893_aligned.jpg,7,neutral,test,,,,,,,,,,,,,,,,,,,,,,,,,,,,,,,,,,,,,,,,,,,,,,,,,,,,,
test_2894,data/raf-db/aligned/test_2894_aligned.jpg,7,neutral,test,,,,,,,,,,,,,,,,,,,,,,,,,,,,,,,,,,,,,,,,,,,,,,,,,,,,,
test_2895,data/raf-db/aligned/test_2895_aligned.jpg,7,neutral,test,,,,,,,,,,,,,,,,,,,,,,,,,,,,,,,,,,,,,,,,,,,,,,,,,,,,,
test_2896,data/raf-db/aligned/test_2896_aligned.jpg,7,neutral,test,,,,,,,,,,,,,,,,,,,,,,,,,,,,,,,,,,,,,,,,,,,,,,,,,,,,,
test_2897,data/raf-db/aligned/test_2897_aligned.jpg,7,neutral,test,,,,,,,,,,,,,,,,,,,,,,,,,,,,,,,,,,,,,,,,,,,,,,,,,,,,,
test_2898,data/raf-db/aligned/test_2898_aligned.jpg,7,neutral,test,,,,,,,,,,,,,,,,,,,,,,,,,,,,,,,,,,,,,,,,,,,,,,,,,,,,,
test_2899,data/raf-db/aligned/test_2899_aligned.jpg,7,neutral,test,,,,,,,,,,,,,,,,,,,,,,,,,,,,,,,,,,,,,,,,,,,,,,,,,,,,,
test_2900,data/raf-db/aligned/test_2900_aligned.jpg,7,neutral,test,,,,,,,,,,,,,,,,,,,,,,,,,,,,,,,,,,,,,,,,,,,,,,,,,,,,,
test_2901,data/raf-db/aligned/test_2901_aligned.jpg,7,neutral,test,,,,,,,,,,,,,,,,,,,,,,,,,,,,,,,,,,,,,,,,,,,,,,,,,,,,,
test_2902,data/raf-db/aligned/test_2902_aligned.jpg,7,neutral,test,,,,,,,,,,,,,,,,,,,,,,,,,,,,,,,,,,,,,,,,,,,,,,,,,,,,,
test_2903,data/raf-db/aligned/test_2903_aligned.jpg,7,neutral,test,,,,,,,,,,,,,,,,,,,,,,,,,,,,,,,,,,,,,,,,,,,,,,,,,,,,,
test_2904,data/raf-db/aligned/test_2904_aligned.jpg,7,neutral,test,,,,,,,,,,,,,,,,,,,,,,,,,,,,,,,,,,,,,,,,,,,,,,,,,,,,,
test_2905,data/raf-db/aligned/test_2905_aligned.jpg,7,neutral,test,,,,,,,,,,,,,,,,,,,,,,,,,,,,,,,,,,,,,,,,,,,,,,,,,,,,,
test_2906,data/raf-db/aligned/test_2906_aligned.jpg,7,neutral,test,,,,,,,,,,,,,,,,,,,,,,,,,,,,,,,,,,,,,,,,,,,,,,,,,,,,,
test_2907,data/raf-db/aligned/test_2907_aligned.jpg,7,neutral,test,,,,,,,,,,,,,,,,,,,,,,,,,,,,,,,,,,,,,,,,,,,,,,,,,,,,,
test_2908,data/raf-db/aligned/test_2908_aligned.jpg,7,neutral,test,,,,,,,,,,,,,,,,,,,,,,,,,,,,,,,,,,,,,,,,,,,,,,,,,,,,,
test_2909,data/raf-db/aligned/test_2909_aligned.jpg,7,neutral,test,,,,,,,,,,,,,,,,,,,,,,,,,,,,,,,,,,,,,,,,,,,,,,,,,,,,,
test_2910,data/raf-db/aligned/test_2910_aligned.jpg,7,neutral,test,,,,,,,,,,,,,,,,,,,,,,,,,,,,,,,,,,,,,,,,,,,,,,,,,,,,,
test_2911,data/raf-db/aligned/test_2911_aligned.jpg,7,neutral,test,,,,,,,,,,,,,,,,,,,,,,,,,,,,,,,,,,,,,,,,,,,,,,,,,,,,,
test_2912,data/raf-db/aligned/test_2912_aligned.jpg,7,neutral,test,,,,,,,,,,,,,,,,,,,,,,,,,,,,,,,,,,,,,,,,,,,,,,,,,,,,,
test_2913,data/raf-db/aligned/test_2913_aligned.jpg,7,neutral,test,,,,,,,,,,,,,,,,,,,,,,,,,,,,,,,,,,,,,,,,,,,,,,,,,,,,,
test_2914,data/raf-db/aligned/test_2914_aligned.jpg,7,neutral,test,,,,,,,,,,,,,,,,,,,,,,,,,,,,,,,,,,,,,,,,,,,,,,,,,,,,,
test_2915,data/raf-db/aligned/test_2915_aligned.jpg,7,neutral,test,,,,,,,,,,,,,,,,,,,,,,,,,,,,,,,,,,,,,,,,,,,,,,,,,,,,,
test_2916,data/raf-db/aligned/test_2916_aligned.jpg,7,neutral,test,,,,,,,,,,,,,,,,,,,,,,,,,,,,,,,,,,,,,,,,,,,,,,,,,,,,,
test_2917,data/raf-db/aligned/test_2917_aligned.jpg,7,neutral,test,,,,,,,,,,,,,,,,,,,,,,,,,,,,,,,,,,,,,,,,,,,,,,,,,,,,,
test_2918,data/raf-db/aligned/test_2918_aligned.jpg,7,neutral,test,,,,,,,,,,,,,,,,,,,,,,,,,,,,,,,,,,,,,,,,,,,,,,,,,,,,,
test_2919,data/raf-db/aligned/test_2919_aligned.jpg,7,neutral,test,,,,,,,,,,,,,,,,,,,,,,,,,,,,,,,,,,,,,,,,,,,,,,,,,,,,,
test_2920,data/raf-db/aligned/test_2920_aligned.jpg,7,neutral,test,,,,,,,,,,,,,,,,,,,,,,,,,,,,,,,,,,,,,,,,,,,,,,,,,,,,,
test_2921,data/raf-db/aligned/test_2921_aligned.jpg,7,neutral,test,,,,,,,,,,,,,,,,,,,,,,,,,,,,,,,,,,,,,,,,,,,,,,,,,,,,,
test_2922,data/raf-db/aligned/test_2922_aligned.jpg,7,neutral,test,,,,,,,,,,,,,,,,,,,,,,,,,,,,,,,,,,,,,,,,,,,,,,,,,,,,,
test_2923,data/raf-db/aligned/test_2923_aligned.jpg,7,neutral,test,,,,,,,,,,,,,,,,,,,,,,,,,,,,,,,,,,,,,,,,,,,,,,,,,,,,,
test_2924,data/raf-db/aligned/test_2924_aligned.jpg,7,neutral,test,,,,,,,,,,,,,,,,,,,,,,,,,,,,,,,,,,,,,,,,,,,,,,,,,,,,,
test_2925,data/raf-db/aligned/test_2925_aligned.jpg,7,neutral,test,,,,,,,,,,,,,,,,,,,,,,,,,,,,,,,,,,,,,,,,,,,,,,,,,,,,,
test_2926,data/raf-db/aligned/test_2926_aligned.jpg,7,neutral,test,,,,,,,,,,,,,,,,,,,,,,,,,,,,,,,,,,,,,,,,,,,,,,,,,,,,,
test_2927,data/raf-db/aligned/test_2927_aligned.jpg,7,neutral,test,,,,,,,,,,,,,,,,,,,,,,,,,,,,,,,,,,,,,,,,,,,,,,,,,,,,,
test_2928,data/raf-db/aligned/test_2928_aligned.jpg,7,neutral,test,,,,,,,,,,,,,,,,,,,,,,,,,,,,,,,,,,,,,,,,,,,,,,,,,,,,,
test_2929,data/raf-db/aligned/test_2929_aligned.jpg,7,neutral,test,,,,,,,,,,,,,,,,,,,,,,,,,,,,,,,,,,,,,,,,,,,,,,,,,,,,,
test_2930,data/raf-db/aligned/test_2930_aligned.jpg,7,neutral,test,,,,,,,,,,,,,,,,,,,,,,,,,,,,,,,,,,,,,,,,,,,,,,,,,,,,,
test_2931,data/raf-db/aligned/test_2931_aligned.jpg,7,neutral,test,,,,,,,,,,,,,,,,,,,,,,,,,,,,,,,,,,,,,,,,,,,,,,,,,,,,,
test_2932,data/raf-db/aligned/test_2932_aligned.jpg,7,neutral,test,,,,,,,,,,,,,,,,,,,,,,,,,,,,,,,,,,,,,,,,,,,,,,,,,,,,,
test_2933,data/raf-db/aligned/test_2933_aligned.jpg,7,neutral,test,,,,,,,,,,,,,,,,,,,,,,,,,,,,,,,,,,,,,,,,,,,,,,,,,,,,,
test_2934,data/raf-db/aligned/test_2934_aligned.jpg,7,neutral,test,,,,,,,,,,,,,,,,,,,,,,,,,,,,,,,,,,,,,,,,,,,,,,,,,,,,,
test_2935,data/raf-db/aligned/test_2935_aligned.jpg,7,neutral,test,,,,,,,,,,,,,,,,,,,,,,,,,,,,,,,,,,,,,,,,,,,,,,,,,,,,,
test_2936,data/raf-db/aligned/test_2936_aligned.jpg,7,neutral,test,,,,,,,,,,,,,,,,,,,,,,,,,,,,,,,,,,,,,,,,,,,,,,,,,,,,,
test_2937,data/raf-db/aligned/test_2937_aligned.jpg,7,neutral,test,,,,,,,,,,,,,,,,,,,,,,,,,,,,,,,,,,,,,,,,,,,,,,,,,,,,,
test_2938,data/raf-db/aligned/test_2938_aligned.jpg,7,neutral,test,,,,,,,,,,,,,,,,,,,,,,,,,,,,,,,,,,,,,,,,,,,,,,,,,,,,,
test_2939,data/raf-db/aligned/test_2939_aligned.jpg,7,neutral,test,,,,,,,,,,,,,,,,,,,,,,,,,,,,,,,,,,,,,,,,,,,,,,,,,,,,,
test_2940,data/raf-db/aligned/test_2940_aligned.jpg,7,neutral,test,,,,,,,,,,,,,,,,,,,,,,,,,,,,,,,,,,,,,,,,,,,,,,,,,,,,,
test_2941,data/raf-db/aligned/test_2941_aligned.jpg,7,neutral,test,,,,,,,,,,,,,,,,,,,,,,,,,,,,,,,,,,,,,,,,,,,,,,,,,,,,,
test_2942,data/raf-db/aligned/test_2942_aligned.jpg,7,neutral,test,,,,,,,,,,,,,,,,,,,,,,,,,,,,,,,,,,,,,,,,,,,,,,,,,,,,,
test_2943,data/raf-db/aligned/test_2943_aligned.jpg,7,neutral,test,,,,,,,,,,,,,,,,,,,,,,,,,,,,,,,,,,,,,,,,,,,,,,,,,,,,,
test_2944,data/raf-db/aligned/test_2944_aligned.jpg,7,neutral,test,,,,,,,,,,,,,,,,,,,,,,,,,,,,,,,,,,,,,,,,,,,,,,,,,,,,,
test_2945,data/raf-db/aligned/test_2945_aligned.jpg,7,neutral,test,,,,,,,,,,,,,,,,,,,,,,,,,,,,,,,,,,,,,,,,,,,,,,,,,,,,,
test_2946,data/raf-db/aligned/test_2946_aligned.jpg,7,neutral,test,,,,,,,,,,,,,,,,,,,,,,,,,,,,,,,,,,,,,,,,,,,,,,,,,,,,,
test_2947,data/raf-db/aligned/test_2947_aligned.jpg,7,neutral,test,,,,,,,,,,,,,,,,,,,,,,,,,,,,,,,,,,,,,,,,,,,,,,,,,,,,,
test_2948,data/raf-db/aligned/test_2948_aligned.jpg,7,neutral,test,,,,,,,,,,,,,,,,,,,,,,,,,,,,,,,,,,,,,,,,,,,,,,,,,,,,,
test_2949,data/raf-db/aligned/test_2949_aligned.jpg,7,neutral,test,,,,,,,,,,,,,,,,,,,,,,,,,,,,,,,,,,,,,,,,,,,,,,,,,,,,,
test_2950,data/raf-db/aligned/test_2950_aligned.jpg,7,neutral,test,,,,,,,,,,,,,,,,,,,,,,,,,,,,,,,,,,,,,,,,,,,,,,,,,,,,,
test_2951,data/raf-db/aligned/test_2951_aligned.jpg,7,neutral,test,,,,,,,,,,,,,,,,,,,,,,,,,,,,,,,,,,,,,,,,,,,,,,,,,,,,,
test_2952,data/raf-db/aligned/test_2952_aligned.jpg,7,neutral,test,,,,,,,,,,,,,,,,,,,,,,,,,,,,,,,,,,,,,,,,,,,,,,,,,,,,,
test_2953,data/raf-db/aligned/test_2953_aligned.jpg,7,neutral,test,,,,,,,,,,,,,,,,,,,,,,,,,,,,,,,,,,,,,,,,,,,,,,,,,,,,,
test_2954,data/raf-db/aligned/test_2954_aligned.jpg,7,neutral,test,,,,,,,,,,,,,,,,,,,,,,,,,,,,,,,,,,,,,,,,,,,,,,,,,,,,,
test_2955,data/raf-db/aligned/test_2955_aligned.jpg,7,neutral,test,,,,,,,,,,,,,,,,,,,,,,,,,,,,,,,,,,,,,,,,,,,,,,,,,,,,,
test_2956,data/raf-db/aligned/test_2956_aligned.jpg,7,neutral,test,,,,,,,,,,,,,,,,,,,,,,,,,,,,,,,,,,,,,,,,,,,,,,,,,,,,,
test_2957,data/raf-db/aligned/test_2957_aligned.jpg,7,neutral,test,,,,,,,,,,,,,,,,,,,,,,,,,,,,,,,,,,,,,,,,,,,,,,,,,,,,,
test_2958,data/raf-db/aligned/test_2958_aligned.jpg,7,neutral,test,,,,,,,,,,,,,,,,,,,,,,,,,,,,,,,,,,,,,,,,,,,,,,,,,,,,,
test_2959,data/raf-db/aligned/test_2959_aligned.jpg,7,neutral,test,,,,,,,,,,,,,,,,,,,,,,,,,,,,,,,,,,,,,,,,,,,,,,,,,,,,,
test_2960,data/raf-db/aligned/test_2960_aligned.jpg,7,neutral,test,,,,,,,,,,,,,,,,,,,,,,,,,,,,,,,,,,,,,,,,,,,,,,,,,,,,,
test_2961,data/raf-db/aligned/test_2961_aligned.jpg,7,neutral,test,,,,,,,,,,,,,,,,,,,,,,,,,,,,,,,,,,,,,,,,,,,,,,,,,,,,,
test_2962,data/raf-db/aligned/test_2962_aligned.jpg,7,neutral,test,,,,,,,,,,,,,,,,,,,,,,,,,,,,,,,,,,,,,,,,,,,,,,,,,,,,,
test_2963,data/raf-db/aligned/test_2963_aligned.jpg,7,neutral,test,,,,,,,,,,,,,,,,,,,,,,,,,,,,,,,,,,,,,,,,,,,,,,,,,,,,,
test_2964,data/raf-db/aligned/test_2964_aligned.jpg,7,neutral,test,,,,,,,,,,,,,,,,,,,,,,,,,,,,,,,,,,,,,,,,,,,,,,,,,,,,,
test_2965,data/raf-db/aligned/test_2965_aligned.jpg,7,neutral,test,,,,,,,,,,,,,,,,,,,,,,,,,,,,,,,,,,,,,,,,,,,,,,,,,,,,,
test_2966,data/raf-db/aligned/test_2966_aligned.jpg,7,neutral,test,,,,,,,,,,,,,,,,,,,,,,,,,,,,,,,,,,,,,,,,,,,,,,,,,,,,,
test_2967,data/raf-db/aligned/test_2967_aligned.jpg,7,neutral,test,,,,,,,,,,,,,,,,,,,,,,,,,,,,,,,,,,,,,,,,,,,,,,,,,,,,,
test_2968,data/raf-db/aligned/test_2968_aligned.jpg,7,neutral,test,,,,,,,,,,,,,,,,,,,,,,,,,,,,,,,,,,,,,,,,,,,,,,,,,,,,,
test_2969,data/raf-db/aligned/test_2969_aligned.jpg,7,neutral,test,,,,,,,,,,,,,,,,,,,,,,,,,,,,,,,,,,,,,,,,,,,,,,,,,,,,,
test_2970,data/raf-db/aligned/test_2970_aligned.jpg,7,neutral,test,,,,,,,,,,,,,,,,,,,,,,,,,,,,,,,,,,,,,,,,,,,,,,,,,,,,,
test_2971,data/raf-db/aligned/test_2971_aligned.jpg,7,neutral,test,,,,,,,,,,,,,,,,,,,,,,,,,,,,,,,,,,,,,,,,,,,,,,,,,,,,,
test_2972,data/raf-db/aligned/test_2972_aligned.jpg,7,neutral,test,,,,,,,,,,,,,,,,,,,,,,,,,,,,,,,,,,,,,,,,,,,,,,,,,,,,,
test_2973,data/raf-db/aligned/test_2973_aligned.jpg,7,neutral,test,,,,,,,,,,,,,,,,,,,,,,,,,,,,,,,,,,,,,,,,,,,,,,,,,,,,,
test_2974,data/raf-db/aligned/test_2974_aligned.jpg,7,neutral,test,,,,,,,,,,,,,,,,,,,,,,,,,,,,,,,,,,,,,,,,,,,,,,,,,,,,,
test_2975,data/raf-db/aligned/test_2975_aligned.jpg,7,neutral,test,,,,,,,,,,,,,,,,,,,,,,,,,,,,,,,,,,,,,,,,,,,,,,,,,,,,,
test_2976,data/raf-db/aligned/test_2976_aligned.jpg,7,neutral,test,,,,,,,,,,,,,,,,,,,,,,,,,,,,,,,,,,,,,,,,,,,,,,,,,,,,,
test_2977,data/raf-db/aligned/test_2977_aligned.jpg,7,neutral,test,,,,,,,,,,,,,,,,,,,,,,,,,,,,,,,,,,,,,,,,,,,,,,,,,,,,,
test_2978,data/raf-db/aligned/test_2978_aligned.jpg,7,neutral,test,,,,,,,,,,,,,,,,,,,,,,,,,,,,,,,,,,,,,,,,,,,,,,,,,,,,,
test_2979,data/raf-db/aligned/test_2979_aligned.jpg,7,neutral,test,,,,,,,,,,,,,,,,,,,,,,,,,,,,,,,,,,,,,,,,,,,,,,,,,,,,,
test_2980,data/raf-db/aligned/test_2980_aligned.jpg,7,neutral,test,,,,,,,,,,,,,,,,,,,,,,,,,,,,,,,,,,,,,,,,,,,,,,,,,,,,,
test_2981,data/raf-db/aligned/test_2981_aligned.jpg,7,neutral,test,,,,,,,,,,,,,,,,,,,,,,,,,,,,,,,,,,,,,,,,,,,,,,,,,,,,,
test_2982,data/raf-db/aligned/test_2982_aligned.jpg,7,neutral,test,,,,,,,,,,,,,,,,,,,,,,,,,,,,,,,,,,,,,,,,,,,,,,,,,,,,,
test_2983,data/raf-db/aligned/test_2983_aligned.jpg,7,neutral,test,,,,,,,,,,,,,,,,,,,,,,,,,,,,,,,,,,,,,,,,,,,,,,,,,,,,,
test_2984,data/raf-db/aligned/test_2984_aligned.jpg,7,neutral,test,,,,,,,,,,,,,,,,,,,,,,,,,,,,,,,,,,,,,,,,,,,,,,,,,,,,,
test_2985,data/raf-db/aligned/test_2985_aligned.jpg,7,neutral,test,,,,,,,,,,,,,,,,,,,,,,,,,,,,,,,,,,,,,,,,,,,,,,,,,,,,,
test_2986,data/raf-db/aligned/test_2986_aligned.jpg,7,neutral,test,,,,,,,,,,,,,,,,,,,,,,,,,,,,,,,,,,,,,,,,,,,,,,,,,,,,,
test_2987,data/raf-db/aligned/test_2987_aligned.jpg,7,neutral,test,,,,,,,,,,,,,,,,,,,,,,,,,,,,,,,,,,,,,,,,,,,,,,,,,,,,,
test_2988,data/raf-db/aligned/test_2988_aligned.jpg,7,neutral,test,,,,,,,,,,,,,,,,,,,,,,,,,,,,,,,,,,,,,,,,,,,,,,,,,,,,,
test_2989,data/raf-db/aligned/test_2989_aligned.jpg,7,neutral,test,,,,,,,,,,,,,,,,,,,,,,,,,,,,,,,,,,,,,,,,,,,,,,,,,,,,,
test_2990,data/raf-db/aligned/test_2990_aligned.jpg,7,neutral,test,,,,,,,,,,,,,,,,,,,,,,,,,,,,,,,,,,,,,,,,,,,,,,,,,,,,,
test_2991,data/raf-db/aligned/test_2991_aligned.jpg,7,neutral,test,,,,,,,,,,,,,,,,,,,,,,,,,,,,,,,,,,,,,,,,,,,,,,,,,,,,,
test_2992,data/raf-db/aligned/test_2992_aligned.jpg,7,neutral,test,,,,,,,,,,,,,,,,,,,,,,,,,,,,,,,,,,,,,,,,,,,,,,,,,,,,,
test_2993,data/raf-db/aligned/test_2993_aligned.jpg,7,neutral,test,,,,,,,,,,,,,,,,,,,,,,,,,,,,,,,,,,,,,,,,,,,,,,,,,,,,,
test_2994,data/raf-db/aligned/test_2994_aligned.jpg,7,neutral,test,,,,,,,,,,,,,,,,,,,,,,,,,,,,,,,,,,,,,,,,,,,,,,,,,,,,,
test_2995,data/raf-db/aligned/test_2995_aligned.jpg,7,neutral,test,,,,,,,,,,,,,,,,,,,,,,,,,,,,,,,,,,,,,,,,,,,,,,,,,,,,,
test_2996,data/raf-db/aligned/test_2996_aligned.jpg,7,neutral,test,,,,,,,,,,,,,,,,,,,,,,,,,,,,,,,,,,,,,,,,,,,,,,,,,,,,,
test_2997,data/raf-db/aligned/test_2997_aligned.jpg,7,neutral,test,,,,,,,,,,,,,,,,,,,,,,,,,,,,,,,,,,,,,,,,,,,,,,,,,,,,,
test_2998,data/raf-db/aligned/test_2998_aligned.jpg,7,neutral,test,,,,,,,,,,,,,,,,,,,,,,,,,,,,,,,,,,,,,,,,,,,,,,,,,,,,,
test_2999,data/raf-db/aligned/test_2999_aligned.jpg,7,neutral,test,,,,,,,,,,,,,,,,,,,,,,,,,,,,,,,,,,,,,,,,,,,,,,,,,,,,,
test_3000,data/raf-db/aligned/test_3000_aligned.jpg,7,neutral,test,,,,,,,,,,,,,,,,,,,,,,,,,,,,,,,,,,,,,,,,,,,,,,,,,,,,,
test_3001,data/raf-db/aligned/test_3001_aligned.jpg,7,neutral,test,,,,,,,,,,,,,,,,,,,,,,,,,,,,,,,,,,,,,,,,,,,,,,,,,,,,,
test_3002,data/raf-db/aligned/test_3002_aligned.jpg,7,neutral,test,,,,,,,,,,,,,,,,,,,,,,,,,,,,,,,,,,,,,,,,,,,,,,,,,,,,,
test_3003,data/raf-db/aligned/test_3003_aligned.jpg,7,neutral,test,,,,,,,,,,,,,,,,,,,,,,,,,,,,,,,,,,,,,,,,,,,,,,,,,,,,,
test_3004,data/raf-db/aligned/test_3004_aligned.jpg,7,neutral,test,,,,,,,,,,,,,,,,,,,,,,,,,,,,,,,,,,,,,,,,,,,,,,,,,,,,,
test_3005,data/raf-db/aligned/test_3005_aligned.jpg,7,neutral,test,,,,,,,,,,,,,,,,,,,,,,,,,,,,,,,,,,,,,,,,,,,,,,,,,,,,,
test_3006,data/raf-db/aligned/test_3006_aligned.jpg,7,neutral,test,,,,,,,,,,,,,,,,,,,,,,,,,,,,,,,,,,,,,,,,,,,,,,,,,,,,,
test_3007,data/raf-db/aligned/test_3007_aligned.jpg,7,neutral,test,,,,,,,,,,,,,,,,,,,,,,,,,,,,,,,,,,,,,,,,,,,,,,,,,,,,,
test_3008,data/raf-db/aligned/test_3008_aligned.jpg,7,neutral,test,,,,,,,,,,,,,,,,,,,,,,,,,,,,,,,,,,,,,,,,,,,,,,,,,,,,,
test_3009,data/raf-db/aligned/test_3009_aligned.jpg,7,neutral,test,,,,,,,,,,,,,,,,,,,,,,,,,,,,,,,,,,,,,,,,,,,,,,,,,,,,,
test_3010,data/raf-db/aligned/test_3010_aligned.jpg,7,neutral,test,,,,,,,,,,,,,,,,,,,,,,,,,,,,,,,,,,,,,,,,,,,,,,,,,,,,,
test_3011,data/raf-db/aligned/test_3011_aligned.jpg,7,neutral,test,,,,,,,,,,,,,,,,,,,,,,,,,,,,,,,,,,,,,,,,,,,,,,,,,,,,,
test_3012,data/raf-db/aligned/test_3012_aligned.jpg,7,neutral,test,,,,,,,,,,,,,,,,,,,,,,,,,,,,,,,,,,,,,,,,,,,,,,,,,,,,,
test_3013,data/raf-db/aligned/test_3013_aligned.jpg,7,neutral,test,,,,,,,,,,,,,,,,,,,,,,,,,,,,,,,,,,,,,,,,,,,,,,,,,,,,,
test_3014,data/raf-db/aligned/test_3014_aligned.jpg,7,neutral,test,,,,,,,,,,,,,,,,,,,,,,,,,,,,,,,,,,,,,,,,,,,,,,,,,,,,,
test_3015,data/raf-db/aligned/test_3015_aligned.jpg,7,neutral,test,,,,,,,,,,,,,,,,,,,,,,,,,,,,,,,,,,,,,,,,,,,,,,,,,,,,,
test_3016,data/raf-db/aligned/test_3016_aligned.jpg,7,neutral,test,,,,,,,,,,,,,,,,,,,,,,,,,,,,,,,,,,,,,,,,,,,,,,,,,,,,,
test_3017,data/raf-db/aligned/test_3017_aligned.jpg,7,neutral,test,,,,,,,,,,,,,,,,,,,,,,,,,,,,,,,,,,,,,,,,,,,,,,,,,,,,,
test_3018,data/raf-db/aligned/test_3018_aligned.jpg,7,neutral,test,,,,,,,,,,,,,,,,,,,,,,,,,,,,,,,,,,,,,,,,,,,,,,,,,,,,,
test_3019,data/raf-db/aligned/test_3019_aligned.jpg,7,neutral,test,,,,,,,,,,,,,,,,,,,,,,,,,,,,,,,,,,,,,,,,,,,,,,,,,,,,,
test_3020,data/raf-db/aligned/test_3020_aligned.jpg,7,neutral,test,,,,,,,,,,,,,,,,,,,,,,,,,,,,,,,,,,,,,,,,,,,,,,,,,,,,,
test_3021,data/raf-db/aligned/test_3021_aligned.jpg,7,neutral,test,,,,,,,,,,,,,,,,,,,,,,,,,,,,,,,,,,,,,,,,,,,,,,,,,,,,,
test_3022,data/raf-db/aligned/test_3022_aligned.jpg,7,neutral,test,,,,,,,,,,,,,,,,,,,,,,,,,,,,,,,,,,,,,,,,,,,,,,,,,,,,,
test_3023,data/raf-db/aligned/test_3023_aligned.jpg,7,neutral,test,,,,,,,,,,,,,,,,,,,,,,,,,,,,,,,,,,,,,,,,,,,,,,,,,,,,,
test_3024,data/raf-db/aligned/test_3024_aligned.jpg,7,neutral,test,,,,,,,,,,,,,,,,,,,,,,,,,,,,,,,,,,,,,,,,,,,,,,,,,,,,,
test_3025,data/raf-db/aligned/test_3025_aligned.jpg,7,neutral,test,,,,,,,,,,,,,,,,,,,,,,,,,,,,,,,,,,,,,,,,,,,,,,,,,,,,,
test_3026,data/raf-db/aligned/test_3026_aligned.jpg,7,neutral,test,,,,,,,,,,,,,,,,,,,,,,,,,,,,,,,,,,,,,,,,,,,,,,,,,,,,,
test_3027,data/raf-db/aligned/test_3027_aligned.jpg,7,neutral,test,,,,,,,,,,,,,,,,,,,,,,,,,,,,,,,,,,,,,,,,,,,,,,,,,,,,,
test_3028,data/raf-db/aligned/test_3028_aligned.jpg,7,neutral,test,,,,,,,,,,,,,,,,,,,,,,,,,,,,,,,,,,,,,,,,,,,,,,,,,,,,,
test_3029,data/raf-db/aligned/test_3029_aligned.jpg,7,neutral,test,,,,,,,,,,,,,,,,,,,,,,,,,,,,,,,,,,,,,,,,,,,,,,,,,,,,,
test_3030,data/raf-db/aligned/test_3030_aligned.jpg,7,neutral,test,,,,,,,,,,,,,,,,,,,,,,,,,,,,,,,,,,,,,,,,,,,,,,,,,,,,,
test_3031,data/raf-db/aligned/test_3031_aligned.jpg,7,neutral,test,,,,,,,,,,,,,,,,,,,,,,,,,,,,,,,,,,,,,,,,,,,,,,,,,,,,,
test_3032,data/raf-db/aligned/test_3032_aligned.jpg,7,neutral,test,,,,,,,,,,,,,,,,,,,,,,,,,,,,,,,,,,,,,,,,,,,,,,,,,,,,,
test_3033,data/raf-db/aligned/test_3033_aligned.jpg,7,neutral,test,,,,,,,,,,,,,,,,,,,,,,,,,,,,,,,,,,,,,,,,,,,,,,,,,,,,,
test_3034,data/raf-db/aligned/test_3034_aligned.jpg,7,neutral,test,,,,,,,,,,,,,,,,,,,,,,,,,,,,,,,,,,,,,,,,,,,,,,,,,,,,,
test_3035,data/raf-db/aligned/test_3035_aligned.jpg,7,neutral,test,,,,,,,,,,,,,,,,,,,,,,,,,,,,,,,,,,,,,,,,,,,,,,,,,,,,,
test_3036,data/raf-db/aligned/test_3036_aligned.jpg,7,neutral,test,,,,,,,,,,,,,,,,,,,,,,,,,,,,,,,,,,,,,,,,,,,,,,,,,,,,,
test_3037,data/raf-db/aligned/test_3037_aligned.jpg,7,neutral,test,,,,,,,,,,,,,,,,,,,,,,,,,,,,,,,,,,,,,,,,,,,,,,,,,,,,,
test_3038,data/raf-db/aligned/test_3038_aligned.jpg,7,neutral,test,,,,,,,,,,,,,,,,,,,,,,,,,,,,,,,,,,,,,,,,,,,,,,,,,,,,,
test_3039,data/raf-db/aligned/test_3039_aligned.jpg,7,neutral,test,,,,,,,,,,,,,,,,,,,,,,,,,,,,,,,,,,,,,,,,,,,,,,,,,,,,,
test_3040,data/raf-db/aligned/test_3040_aligned.jpg,7,neutral,test,,,,,,,,,,,,,,,,,,,,,,,,,,,,,,,,,,,,,,,,,,,,,,,,,,,,,
test_3041,data/raf-db/aligned/test_3041_aligned.jpg,7,neutral,test,,,,,,,,,,,,,,,,,,,,,,,,,,,,,,,,,,,,,,,,,,,,,,,,,,,,,
test_3042,data/raf-db/aligned/test_3042_aligned.jpg,7,neutral,test,,,,,,,,,,,,,,,,,,,,,,,,,,,,,,,,,,,,,,,,,,,,,,,,,,,,,
test_3043,data/raf-db/aligned/test_3043_aligned.jpg,7,neutral,test,,,,,,,,,,,,,,,,,,,,,,,,,,,,,,,,,,,,,,,,,,,,,,,,,,,,,
test_3044,data/raf-db/aligned/test_3044_aligned.jpg,7,neutral,test,,,,,,,,,,,,,,,,,,,,,,,,,,,,,,,,,,,,,,,,,,,,,,,,,,,,,
test_3045,data/raf-db/aligned/test_3045_aligned.jpg,7,neutral,test,,,,,,,,,,,,,,,,,,,,,,,,,,,,,,,,,,,,,,,,,,,,,,,,,,,,,
test_3046,data/raf-db/aligned/test_3046_aligned.jpg,7,neutral,test,,,,,,,,,,,,,,,,,,,,,,,,,,,,,,,,,,,,,,,,,,,,,,,,,,,,,
test_3047,data/raf-db/aligned/test_3047_aligned.jpg,7,neutral,test,,,,,,,,,,,,,,,,,,,,,,,,,,,,,,,,,,,,,,,,,,,,,,,,,,,,,
test_3048,data/raf-db/aligned/test_3048_aligned.jpg,7,neutral,test,,,,,,,,,,,,,,,,,,,,,,,,,,,,,,,,,,,,,,,,,,,,,,,,,,,,,
test_3049,data/raf-db/aligned/test_3049_aligned.jpg,7,neutral,test,,,,,,,,,,,,,,,,,,,,,,,,,,,,,,,,,,,,,,,,,,,,,,,,,,,,,
test_3050,data/raf-db/aligned/test_3050_aligned.jpg,7,neutral,test,,,,,,,,,,,,,,,,,,,,,,,,,,,,,,,,,,,,,,,,,,,,,,,,,,,,,
test_3051,data/raf-db/aligned/test_3051_aligned.jpg,7,neutral,test,,,,,,,,,,,,,,,,,,,,,,,,,,,,,,,,,,,,,,,,,,,,,,,,,,,,,
test_3052,data/raf-db/aligned/test_3052_aligned.jpg,7,neutral,test,,,,,,,,,,,,,,,,,,,,,,,,,,,,,,,,,,,,,,,,,,,,,,,,,,,,,
test_3053,data/raf-db/aligned/test_3053_aligned.jpg,7,neutral,test,,,,,,,,,,,,,,,,,,,,,,,,,,,,,,,,,,,,,,,,,,,,,,,,,,,,,
test_3054,data/raf-db/aligned/test_3054_aligned.jpg,7,neutral,test,,,,,,,,,,,,,,,,,,,,,,,,,,,,,,,,,,,,,,,,,,,,,,,,,,,,,
test_3055,data/raf-db/aligned/test_3055_aligned.jpg,7,neutral,test,,,,,,,,,,,,,,,,,,,,,,,,,,,,,,,,,,,,,,,,,,,,,,,,,,,,,
test_3056,data/raf-db/aligned/test_3056_aligned.jpg,7,neutral,test,,,,,,,,,,,,,,,,,,,,,,,,,,,,,,,,,,,,,,,,,,,,,,,,,,,,,
test_3057,data/raf-db/aligned/test_3057_aligned.jpg,7,neutral,test,,,,,,,,,,,,,,,,,,,,,,,,,,,,,,,,,,,,,,,,,,,,,,,,,,,,,
test_3058,data/raf-db/aligned/test_3058_aligned.jpg,7,neutral,test,,,,,,,,,,,,,,,,,,,,,,,,,,,,,,,,,,,,,,,,,,,,,,,,,,,,,
test_3059,data/raf-db/aligned/test_3059_aligned.jpg,7,neutral,test,,,,,,,,,,,,,,,,,,,,,,,,,,,,,,,,,,,,,,,,,,,,,,,,,,,,,
test_3060,data/raf-db/aligned/test_3060_aligned.jpg,7,neutral,test,,,,,,,,,,,,,,,,,,,,,,,,,,,,,,,,,,,,,,,,,,,,,,,,,,,,,
test_3061,data/raf-db/aligned/test_3061_aligned.jpg,7,neutral,test,,,,,,,,,,,,,,,,,,,,,,,,,,,,,,,,,,,,,,,,,,,,,,,,,,,,,
test_3062,data/raf-db/aligned/test_3062_aligned.jpg,7,neutral,test,,,,,,,,,,,,,,,,,,,,,,,,,,,,,,,,,,,,,,,,,,,,,,,,,,,,,
test_3063,data/raf-db/aligned/test_3063_aligned.jpg,7,neutral,test,,,,,,,,,,,,,,,,,,,,,,,,,,,,,,,,,,,,,,,,,,,,,,,,,,,,,
test_3064,data/raf-db/aligned/test_3064_aligned.jpg,7,neutral,test,,,,,,,,,,,,,,,,,,,,,,,,,,,,,,,,,,,,,,,,,,,,,,,,,,,,,
test_3065,data/raf-db/aligned/test_3065_aligned.jpg,7,neutral,test,,,,,,,,,,,,,,,,,,,,,,,,,,,,,,,,,,,,,,,,,,,,,,,,,,,,,
test_3066,data/raf-db/aligned/test_3066_aligned.jpg,7,neutral,test,,,,,,,,,,,,,,,,,,,,,,,,,,,,,,,,,,,,,,,,,,,,,,,,,,,,,
test_3067,data/raf-db/aligned/test_3067_aligned.jpg,7,neutral,test,,,,,,,,,,,,,,,,,,,,,,,,,,,,,,,,,,,,,,,,,,,,,,,,,,,,,
test_3068,data/raf-db/aligned/test_3068_aligned.jpg,7,neutral,test,,,,,,,,,,,,,,,,,,,,,,,,,,,,,,,,,,,,,,,,,,,,,,,,,,,,,
