id,file_path,coded_true_label,true_label,split,prediction,query_file_path,top_label_1,top_label_2,top_path_1,top_path_2,top_cosine_1,top_cosine_2,route,zs__prediction,zs__confidence,zs__n_answer_tokens,zs__finish_reason,zs__context_tokens,zs__exceeds_context,zs__conf__angry,zs__conf__disgust,zs__conf__fear,zs__conf__happy,zs__conf__neutral,zs__conf__sad,zs__conf__surprise,zs__prob__angry,zs__prob__disgust,zs__prob__fear,zs__prob__happy,zs__prob__neutral,zs__prob__sad,zs__prob__surprise,rag_top12__prediction,rag_top12__confidence,rag_top12__n_answer_tokens,rag_top12__finish_reason,rag_top12__context_tokens,rag_top12__exceeds_context,rag_top12__conf__angry,rag_top12__conf__disgust,rag_top12__conf__fear,rag_top12__conf__happy,rag_top12__conf__neutral,rag_top12__conf__sad,rag_top12__conf__surprise,rag_top12__prob__angry,rag_top12__prob__disgust,rag_top12__prob__fear,rag_top12__prob__happy,rag_top12__prob__neutral,rag_top12__prob__sad,rag_top12__prob__surprise,rule__max_conf,rule__sum_conf,rule__sum_class_conf,rule__sum_class_prob
test_0002,data/raf-db/aligned/test_0002_aligned.jpg,1,surprise,test,surprise,data/raf-db/aligned/test_0002_aligned.jpg,neutral,surprise,data/raf-db/aligned/train_11544_aligned.jpg,data/raf-db/aligned/train_05007_aligned.jpg,0.9818678498268127,0.9633273482322693,framework,surprise,0.9354636594941262,2.0,stop,1281.0,False,0.05553937294224795,0.12774271135149165,0.1726905771287258,0.023348141032064017,0.2684927646268765,0.18333593407538967,0.9355284357375283,0.031437180361170776,0.07230673383290954,0.0977487597045004,0.013215844577256764,0.15197606706905784,0.10377439500811299,0.5295410194469916,neutral,0.7488093572324728,3.0,stop,3696.0,False,0.07957373396752306,0.17984507992583182,0.13513365196489646,0.030417097641109156,0.7488099225402015,0.275734409068374,0.64754576261131,0.03794538399258853,0.08576059305886921,0.0644395839991826,0.014504641071675888,0.3570761183564059,0.13148620166975206,0.3087874778515258,surprise,surprise,surprise,surprise
test_0006,data/raf-db/aligned/test_0006_aligned.jpg,5,sad,test,sad,data/raf-db/aligned/test_0006_aligned.jpg,sad,neutral,data/raf-db/aligned/train_03829_aligned.jpg,data/raf-db/aligned/train_11979_aligned.jpg,0.9840914011001587,0.9831564426422119,framework,sad,0.7015625941575189,2.0,stop,1281.0,False,0.11975588740220547,0.2600379983369391,0.1199021706429969,0.009022510948044416,0.7266167379528421,0.7015683599629833,0.2277080414419672,0.055324420094466344,0.12013147555910485,0.055391999531618726,0.004168189112240157,0.33567994467914125,0.3241081796773781,0.10519579134605068,sad,0.7818506686527515,2.0,stop,3695.0,False,0.09277137594450777,0.15939775073722445,0.1047903012511502,0.006383744907987189,0.6892302351231008,0.7818599828369219,0.1357772181930505,0.047087035021032606,0.08090391454069898,0.05318736015976471,0.0032401332521739636,0.34982566431060147,0.39684081451381814,0.0689150782019101,sad,sad,sad,sad
test_0018,data/raf-db/aligned/test_0018_aligned.jpg,3,disgust,test,angry,data/raf-db/aligned/test_0018_aligned.jpg,angry,happy,data/raf-db/aligned/train_05260_aligned.jpg,data/raf-db/aligned/train_00945_aligned.jpg,0.9295674562454224,0.8731260299682617,framework,angry,0.6757931246605017,2.0,stop,1281.0,False,0.6581776836407781,0.5318687266207308,0.08955301026514817,0.00148814583148051,0.14659187509996097,0.15090709085016396,0.18395297136312896,0.3734257769938125,0.30176272674333915,0.05080907978437257,0.000844319136326127,0.08317083094853095,0.08561912543566973,0.10436814095794882,angry,0.718295896224762,2.0,stop,3695.0,False,0.718297608777673,0.4126390416681225,0.16488570101390213,0.033473489725986266,0.34305686204346636,0.3748041444460122,0.2006852112845094,0.3195498571239074,0.18357118998791966,0.07335288542924283,0.014891388650979416,0.15261608825054065,0.1667395371272108,0.08927905343019912,angry,angry,angry,angry
test_0039,data/raf-db/aligned/test_0039_aligned.jpg,5,sad,test,sad,data/raf-db/aligned/test_0039_aligned.jpg,sad,sad,data/raf-db/aligned/train_07985_aligned.jpg,data/raf-db/aligned/train_07352_aligned.jpg,0.9799244403839111,0.9786316156387329,original,,,,,,,,,,,,,,,,,,,,,,,,,,,,,,,,,,,,,,,,,,,,
test_0054,data/raf-db/aligned/test_0054_aligned.jpg,4,happy,test,sad,data/raf-db/aligned/test_0054_aligned.jpg,sad,sad,data/raf-db/aligned/train_05073_aligned.jpg,data/raf-db/aligned/train_02101_aligned.jpg,0.9568893313407898,0.9560019373893738,original,,,,,,,,,,,,,,,,,,,,,,,,,,,,,,,,,,,,,,,,,,,,
test_0057,data/raf-db/aligned/test_0057_aligned.jpg,6,angry,test,surprise,data/raf-db/aligned/test_0057_aligned.jpg,disgust,angry,data/raf-db/aligned/train_09442_aligned.jpg,data/raf-db/aligned/train_06717_aligned.jpg,0.9711750745773315,0.9672890901565552,framework,surprise,0.9376345067508942,2.0,stop,1281.0,False,0.12608838231054043,0.17232061391938336,0.22195017011719093,0.01107854776180224,0.11208795171125352,0.05497379809230659,0.9375697518419197,0.07706787775014803,0.10532599248249148,0.13566062363373113,0.006771441975145217,0.06851051937895512,0.03360114447661555,0.5730624003029133,angry,0.664558510392511,2.0,stop,3695.0,False,0.6557610241689475,0.5171652353760624,0.1582212849938561,0.002729901940418067,0.2256656800689924,0.2156377261497773,0.45078708385535876,0.2945958984406119,0.2323327424818246,0.07107976821932069,0.0012263887073975213,0.10137867503087349,0.09687368924264964,0.20251283787732224,surprise,surprise,surprise,surprise
test_0062,data/raf-db/aligned/test_0062_aligned.jpg,5,sad,test,sad,data/raf-db/aligned/test_0062_aligned.jpg,disgust,sad,data/raf-db/aligned/train_07077_aligned.jpg,data/raf-db/aligned/train_02329_aligned.jpg,0.9754499197006226,0.9740985631942749,framework,sad,0.659357927675279,2.0,stop,1281.0,False,0.24599878021935692,0.3860047032897962,0.17104180785280818,0.04888506408180072,0.6155290344226961,0.6594869425455993,0.2926236902574599,0.10167045297905696,0.15953442127040254,0.07069099313112558,0.02020402948614222,0.25439604088976997,0.2725636937004145,0.12094036854308829,sad,0.6579870690134364,2.0,stop,3695.0,False,0.2694041206131591,0.5634875821351193,0.14725882452887448,0.002577998395711111,0.5653753838284581,0.6580555780577653,0.21355551717066748,0.11133712858190398,0.232873533053969,0.060857920970457856,0.001065414063504158,0.23365370827693896,0.27195581990915496,0.08825647514407109,sad,sad,sad,sad
test_0077,data/raf-db/aligned/test_0077_aligned.jpg,4,happy,test,neutral,data/raf-db/aligned/test_0077_aligned.jpg,neutral,surprise,data/raf-db/aligned/train_12214_aligned.jpg,data/raf-db/aligned/train_06289_aligned.jpg,0.9684765338897705,0.9674843549728394,framework,happy,0.7335897913155701,1.0,stop,1280.0,False,0.03581201022599028,0.07604570404222907,0.03624359753482575,0.7335897913155701,0.5032788256915381,0.12276521918044105,0.33534478204591056,0.01943052476583637,0.0412601226907847,0.01966469112064385,0.3980238617763258,0.2730640258675976,0.06660873312098271,0.18194804065782896,neutral,0.7955237313904441,3.0,stop,3696.0,False,0.07926382428147506,0.17986246856818056,0.09558757978481158,0.0821909046290087,0.7955228147036094,0.2592383984302006,0.5522745752036261,0.038779906625206466,0.0879978956312272,0.04676632060321634,0.04021198366149401,0.38921034598172294,0.1268326500257043,0.2702008974714287,neutral,neutral,neutral,neutral
test_0089,data/raf-db/aligned/test_0089_aligned.jpg,5,sad,test,sad,data/raf-db/aligned/test_0089_aligned.jpg,sad,sad,data/raf-db/aligned/train_00661_aligned.jpg,data/raf-db/aligned/train_01623_aligned.jpg,0.9635459780693054,0.9618241786956787,original,,,,,,,,,,,,,,,,,,,,,,,,,,,,,,,,,,,,,,,,,,,,
test_0090,data/raf-db/aligned/test_0090_aligned.jpg,1,surprise,test,surprise,data/raf-db/aligned/test_0090_aligned.jpg,fear,angry,data/raf-db/aligned/train_09366_aligned.jpg,data/raf-db/aligned/train_07088_aligned.jpg,0.9577428698539734,0.9489277601242065,framework,surprise,0.9194503673882065,2.0,stop,1281.0,False,0.10784638949714781,0.2234839019194193,0.20458604631542537,0.007320811114397097,0.10392383061785519,0.20959167128089326,0.9193941413190464,0.06071929976677884,0.1258251305117034,0.11518532546381577,0.004121737655415896,0.058510834285874565,0.11800357505210037,0.5176340972643113,surprise,0.7478010937957011,2.0,stop,3695.0,False,0.3581303704292755,0.24082924981438994,0.3300092413229019,0.03365776673115001,0.13180776629989338,0.28652957881769386,0.7478008269706259,0.16823388397081204,0.11313098082546708,0.1550238153426219,0.015810937274539718,0.061917486739726975,0.13459898377018825,0.35128391207664406,surprise,surprise,surprise,surprise
test_0091,data/raf-db/aligned/test_0091_aligned.jpg,6,angry,test,neutral,data/raf-db/aligned/test_0091_aligned.jpg,neutral,neutral,data/raf-db/aligned/train_11792_aligned.jpg,data/raf-db/aligned/train_10264_aligned.jpg,0.9830998778343201,0.97982257604599,original,,,,,,,,,,,,,,,,,,,,,,,,,,,,,,,,,,,,,,,,,,,,
test_0100,data/raf-db/aligned/test_0100_aligned.jpg,5,sad,test,fear,data/raf-db/aligned/test_0100_aligned.jpg,fear,fear,data/raf-db/aligned/train_09274_aligned.jpg,data/raf-db/aligned/train_05172_aligned.jpg,0.9857136011123657,0.972700297832489,original,,,,,,,,,,,,,,,,,,,,,,,,,,,,,,,,,,,,,,,,,,,,
test_0102,data/raf-db/aligned/test_0102_aligned.jpg,1,surprise,test,surprise,data/raf-db/aligned/test_0102_aligned.jpg,surprise,surprise,data/raf-db/aligned/train_06669_aligned.jpg,data/raf-db/aligned/train_08566_aligned.jpg,0.9903402924537659,0.9734099507331848,original,,,,,,,,,,,,,,,,,,,,,,,,,,,,,,,,,,,,,,,,,,,,
test_0127,data/raf-db/aligned/test_0127_aligned.jpg,1,surprise,test,surprise,data/raf-db/aligned/test_0127_aligned.jpg,angry,surprise,data/raf-db/aligned/train_05698_aligned.jpg,data/raf-db/aligned/train_07180_aligned.jpg,0.9412007331848145,0.9342973232269287,framework,surprise,0.7335019201364166,2.0,stop,1281.0,False,0.15339155673429994,0.33741165611725366,0.2683551140911234,0.03666895639679288,0.5145523209166164,0.3328631758618786,0.7335667541350213,0.06453674748595696,0.1419599051815903,0.1129056031725594,0.015427806001425211,0.21648866411095766,0.14004621365947822,0.3086350603880323,surprise,0.8066234011979594,2.0,stop,3695.0,False,0.2684620823861423,0.28057192186562363,0.3146685398685327,0.026891998124019927,0.17069639082768154,0.21060066458028037,0.8066885142301597,0.12915647602488267,0.13498249129860443,0.15138629397524503,0.012937677008592913,0.08212163190241077,0.10131948409222127,0.3880959456980431,surprise,surprise,surprise,surprise
test_0128,data/raf-db/aligned/test_0128_aligned.jpg,4,happy,test,happy,data/raf-db/aligned/test_0128_aligned.jpg,happy,surprise,data/raf-db/aligned/train_05413_aligned.jpg,data/raf-db/aligned/train_01112_aligned.jpg,0.963894784450531,0.960981011390686,framework,happy,0.748488458431363,1.0,stop,1280.0,False,0.029058544704047642,0.044926341939014756,0.018705051363976617,0.748488458431363,0.0760909640006137,0.028466016647600477,0.49286511598450716,0.020199176104836084,0.031229199597385116,0.013002255632517605,0.5202893103654443,0.05289235223197704,0.01978729799183597,0.34260040807600384,surprise,0.7193203258040982,2.0,stop,3695.0,False,0.036695735890817115,0.07830424064317949,0.06614693641320103,0.4569201742374965,0.14546886195759512,0.05616136339325755,0.7193203686579971,0.023537729131284647,0.050226653352149146,0.042428599246264256,0.29308209890710807,0.0933080257603159,0.036023557699654735,0.46139333590322334,happy,happy,surprise,happy
test_0142,data/raf-db/aligned/test_0142_aligned.jpg,5,sad,test,sad,data/raf-db/aligned/test_0142_aligned.jpg,sad,sad,data/raf-db/aligned/train_03731_aligned.jpg,data/raf-db/aligned/train_00289_aligned.jpg,0.9802250266075134,0.9787644147872925,original,,,,,,,,,,,,,,,,,,,,,,,,,,,,,,,,,,,,,,,,,,,,
test_0148,data/raf-db/aligned/test_0148_aligned.jpg,3,disgust,test,disgust,data/raf-db/aligned/test_0148_aligned.jpg,disgust,disgust,data/raf-db/aligned/train_03004_aligned.jpg,data/raf-db/aligned/train_09420_aligned.jpg,0.987646222114563,0.9869115948677063,original,,,,,,,,,,,,,,,,,,,,,,,,,,,,,,,,,,,,,,,,,,,,
test_0152,data/raf-db/aligned/test_0152_aligned.jpg,5,sad,test,sad,data/raf-db/aligned/test_0152_aligned.jpg,sad,neutral,data/raf-db/aligned/train_01451_aligned.jpg,data/raf-db/aligned/train_11900_aligned.jpg,0.9874333143234253,0.9716489315032959,framework,sad,0.7098535176677622,2.0,stop,1281.0,False,0.2817278807423328,0.5018626116914605,0.15322380410380876,0.013448900576685976,0.5034358984836164,0.7098702475621684,0.2378120576887355,0.11731909002158147,0.20898913080365691,0.06380652571459462,0.005600485025798999,0.20964428986818523,0.2956091220292007,0.09903135653698195,sad,0.7679671221865205,2.0,stop,3695.0,False,0.14120544890404924,0.2296688761466148,0.11490942204022721,0.00578742591054511,0.6811072151513371,0.7679596224172611,0.15114364393485338,0.06750487011870832,0.10979581719344224,0.05493375553454961,0.002766744749903144,0.3256110472546195,0.36713182791491333,0.07225593723386402,sad,sad,sad,sad
test_0155,data/raf-db/aligned/test_0155_aligned.jpg,1,surprise,test,surprise,data/raf-db/aligned/test_0155_aligned.jpg,surprise,surprise,data/raf-db/aligned/train_09101_aligned.jpg,data/raf-db/aligned/train_01506_aligned.jpg,0.9904316067695618,0.9787839651107788,original,,,,,,,,,,,,,,,,,,,,,,,,,,,,,,,,,,,,,,,,,,,,
test_0156,data/raf-db/aligned/test_0156_aligned.jpg,5,sad,test,neutral,data/raf-db/aligned/test_0156_aligned.jpg,neutral,neutral,data/raf-db/aligned/train_10138_aligned.jpg,data/raf-db/aligned/train_10892_aligned.jpg,0.9747525453567505,0.9616488814353943,original,,,,,,,,,,,,,,,,,,,,,,,,,,,,,,,,,,,,,,,,,,,,
test_0167,data/raf-db/aligned/test_0167_aligned.jpg,4,happy,test,happy,data/raf-db/aligned/test_0167_aligned.jpg,happy,happy,data/raf-db/aligned/train_05276_aligned.jpg,data/raf-db/aligned/train_06624_aligned.jpg,0.9379724264144897,0.9284034371376038,original,,,,,,,,,,,,,,,,,,,,,,,,,,,,,,,,,,,,,,,,,,,,
test_0169,data/raf-db/aligned/test_0169_aligned.jpg,1,surprise,test,surprise,data/raf-db/aligned/test_0169_aligned.jpg,surprise,surprise,data/raf-db/aligned/train_08924_aligned.jpg,data/raf-db/aligned/train_08215_aligned.jpg,0.9763885736465454,0.9739819169044495,original,,,,,,,,,,,,,,,,,,,,,,,,,,,,,,,,,,,,,,,,,,,,
test_0171,data/raf-db/aligned/test_0171_aligned.jpg,5,sad,test,sad,data/raf-db/aligned/test_0171_aligned.jpg,sad,sad,data/raf-db/aligned/train_05330_aligned.jpg,data/raf-db/aligned/train_05980_aligned.jpg,0.9871014952659607,0.9832757711410522,original,,,,,,,,,,,,,,,,,,,,,,,,,,,,,,,,,,,,,,,,,,,,
test_0196,data/raf-db/aligned/test_0196_aligned.jpg,1,surprise,test,surprise,data/raf-db/aligned/test_0196_aligned.jpg,surprise,surprise,data/raf-db/aligned/train_06289_aligned.jpg,data/raf-db/aligned/train_04058_aligned.jpg,0.9574594497680664,0.9378147125244141,original,,,,,,,,,,,,,,,,,,,,,,,,,,,,,,,,,,,,,,,,,,,,
test_0210,data/raf-db/aligned/test_0210_aligned.jpg,5,sad,test,disgust,data/raf-db/aligned/test_0210_aligned.jpg,sad,disgust,data/raf-db/aligned/train_08122_aligned.jpg,data/raf-db/aligned/train_04320_aligned.jpg,0.9801852703094482,0.9768242835998535,framework,sad,0.6603738072781601,2.0,stop,1281.0,False,0.1884592812364934,0.7260866326122777,0.20655101064355838,0.0008967947158144813,0.10927043944297439,0.6603741612805184,0.242912194895993,0.0882899139314639,0.34015903000117614,0.09676557626945544,0.0004201328146534399,0.05119131109052167,0.30937387365313546,0.11380016223959392,sad,0.6214045137544184,2.0,stop,3695.0,False,0.15139048109818376,0.6161326098898212,0.3101615059515078,0.005522737453501655,0.43294336857411186,0.6214337723292248,0.35426379256422064,0.060754293530144686,0.24725928052546103,0.12447046232787018,0.002216321725818128,0.17374387283453036,0.24938668230500638,0.14216908675116932,sad,sad,disgust,disgust
test_0226,data/raf-db/aligned/test_0226_aligned.jpg,1,surprise,test,surprise,data/raf-db/aligned/test_0226_aligned.jpg,surprise,surprise,data/raf-db/aligned/train_02292_aligned.jpg,data/raf-db/aligned/train_08735_aligned.jpg,0.9965326189994812,0.980906069278717,original,,,,,,,,,,,,,,,,,,,,,,,,,,,,,,,,,,,,,,,,,,,,
test_0250,data/raf-db/aligned/test_0250_aligned.jpg,4,happy,test,sad,data/raf-db/aligned/test_0250_aligned.jpg,sad,sad,data/raf-db/aligned/train_06170_aligned.jpg,data/raf-db/aligned/train_04865_aligned.jpg,0.923631489276886,0.918192982673645,original,,,,,,,,,,,,,,,,,,,,,,,,,,,,,,,,,,,,,,,,,,,,
test_0297,data/raf-db/aligned/test_0297_aligned.jpg,1,surprise,test,neutral,data/raf-db/aligned/test_0297_aligned.jpg,disgust,surprise,data/raf-db/aligned/train_00683_aligned.jpg,data/raf-db/aligned/train_05089_aligned.jpg,0.9573843479156494,0.9404839277267456,framework,neutral,0.7457555807850104,3.0,stop,1282.0,False,0.15019984595106123,0.2505227814603475,0.11811057541262748,0.2515687775461157,0.7457545436276021,0.3900486303477681,0.3236852222881292,0.0673575022005387,0.11234757730043603,0.05296698736864942,0.1128166569003701,0.33443551819503736,0.17491829842173862,0.14515745961322987,surprise,0.6413781229095766,2.0,stop,3695.0,False,0.2005355780581794,0.5310937283520453,0.20064585792736592,0.03600084784564193,0.5558513564274835,0.3107901140889203,0.6413760235969919,0.08098215237744029,0.21447123574067442,0.08102668662546303,0.014538199027740572,0.2244690926233442,0.1255061701283207,0.259006463477017,neutral,neutral,neutral,neutral
test_0318,data/raf-db/aligned/test_0318_aligned.jpg,5,sad,test,sad,data/raf-db/aligned/test_0318_aligned.jpg,sad,sad,data/raf-db/aligned/train_08661_aligned.jpg,data/raf-db/aligned/train_04111_aligned.jpg,0.9872151613235474,0.9849554300308228,original,,,,,,,,,,,,,,,,,,,,,,,,,,,,,,,,,,,,,,,,,,,,
test_0338,data/raf-db/aligned/test_0338_aligned.jpg,4,happy,test,sad,data/raf-db/aligned/test_0338_aligned.jpg,angry,sad,data/raf-db/aligned/train_05260_aligned.jpg,data/raf-db/aligned/train_04373_aligned.jpg,0.9421148300170898,0.9067161083221436,framework,happy,0.7058575358539254,1.0,stop,1280.0,False,0.18040029205686747,0.17516860598333744,0.07985160842035555,0.7058575358539254,0.43847219562823136,0.2722665153438809,0.2726899732032539,0.08490597304923113,0.08244366330628929,0.03758241428089955,0.3322141013880283,0.2063683378800305,0.12814310415145255,0.12834240594406868,angry,0.6358214860250166,2.0,stop,3695.0,False,0.6282192591426163,0.3971551399961311,0.1676569437075376,0.009062671392170065,0.2909647544421949,0.582832243277091,0.16689157267248644,0.2801070703187185,0.1770814267588095,0.07475398857494676,0.004040815839340151,0.12973382102936512,0.2598701484803905,0.07441272899842953,happy,happy,sad,sad
test_0341,data/raf-db/aligned/test_0341_aligned.jpg,5,sad,test,sad,data/raf-db/aligned/test_0341_aligned.jpg,sad,disgust,data/raf-db/aligned/train_04385_aligned.jpg,data/raf-db/aligned/train_09400_aligned.jpg,0.9755725860595703,0.9637645483016968,framework,sad,0.7717320914412757,2.0,stop,1281.0,False,0.20534788983717694,0.48818474932339145,0.1142708154356527,0.002938336397924411,0.5547991529421334,0.7717316318350671,0.12994669416284185,0.09057257608927155,0.21532312987863864,0.050401307430211505,0.0012960089202178067,0.24470467426745093,0.3403868527711784,0.05731545064303105,sad,0.7163691473081789,2.0,stop,3695.0,False,0.14060353955494298,0.52736997759078,0.19031623580517565,0.0034639650519622104,0.5739962883218415,0.7163668030824595,0.23263698970428176,0.058959352368924495,0.22114231573392498,0.07980540208221379,0.0014525461929247704,0.24069414986809615,0.300394448831312,0.09755178492260376,sad,sad,sad,sad
test_0361,data/raf-db/aligned/test_0361_aligned.jpg,1,surprise,test,sad,data/raf-db/aligned/test_0361_aligned.jpg,sad,sad,data/raf-db/aligned/train_00477_aligned.jpg,data/raf-db/aligned/train_03030_aligned.jpg,0.9687836170196533,0.9663897752761841,original,,,,,,,,,,,,,,,,,,,,,,,,,,,,,,,,,,,,,,,,,,,,
test_0364,data/raf-db/aligned/test_0364_aligned.jpg,4,happy,test,happy,data/raf-db/aligned/test_0364_aligned.jpg,happy,surprise,data/raf-db/aligned/train_05096_aligned.jpg,data/raf-db/aligned/train_03435_aligned.jpg,0.9729747772216797,0.9622035026550293,framework,happy,0.8487611788227828,1.0,stop,1280.0,False,0.058532593456749375,0.09939412777940004,0.03548246155169032,0.8487611788227828,0.14824941132985908,0.05939425560409297,0.36067781968683316,0.036344545004079375,0.06171662892212189,0.022032065291517033,0.5270198540618917,0.09205225813012465,0.03687957543486972,0.22395507315539556,surprise,0.72189690184652,2.0,stop,3695.0,False,0.08837685225374944,0.14549088155622125,0.11352683970050859,0.40624199579611003,0.17960882654136404,0.13159332071430208,0.7219364110533711,0.049461653505152886,0.08142652049918139,0.06353728454458911,0.22736044929068508,0.10052122607115321,0.07364850712350558,0.40404435896573276,happy,happy,happy,happy
test_0367,data/raf-db/aligned/test_0367_aligned.jpg,4,happy,test,angry,data/raf-db/aligned/test_0367_aligned.jpg,neutral,angry,data/raf-db/aligned/train_11442_aligned.jpg,data/raf-db/aligned/train_00763_aligned.jpg,0.9082335233688354,0.8887301683425903,framework,happy,0.6060356872353267,1.0,stop,1280.0,False,0.33460356639274386,0.18055958622643223,0.14158093286408366,0.6060356872353267,0.17372186582000718,0.3037897038158557,0.3244168736354708,0.16205852420281036,0.08745041300659682,0.06857188428254642,0.29352122616742926,0.08413870031350487,0.14713444808481296,0.1571248039422993,angry,0.6541169061912442,2.0,stop,3695.0,False,0.6470714665419464,0.2819776436694929,0.14767025091430047,0.10094148150054406,0.3702456089133716,0.46182427688878847,0.25506909726916893,0.2857080167527091,0.1245044442647981,0.06520234116885561,0.04456971444240184,0.1634782927446257,0.20391394932509563,0.11262324130151392,angry,angry,angry,angry
test_0377,data/raf-db/aligned/test_0377_aligned.jpg,2,fear,test,angry,data/raf-db/aligned/test_0377_aligned.jpg,angry,angry,data/raf-db/aligned/train_04911_aligned.jpg,data/raf-db/aligned/train_05151_aligned.jpg,0.9742196202278137,0.9715518951416016,original,,,,,,,,,,,,,,,,,,,,,,,,,,,,,,,,,,,,,,,,,,,,
test_0379,data/raf-db/aligned/test_0379_aligned.jpg,4,happy,test,surprise,data/raf-db/aligned/test_0379_aligned.jpg,happy,surprise,data/raf-db/aligned/train_03756_aligned.jpg,data/raf-db/aligned/train_03662_aligned.jpg,0.9433513283729553,0.9377719163894653,framework,surprise,0.7258139711133422,2.0,stop,1281.0,False,0.18812251801108937,0.27148019432736503,0.20015415903487616,0.19400421138442187,0.3737560680163848,0.2846005775661767,0.7257638018630808,0.08406276895005763,0.1213112448819804,0.089439121925585,0.08669101056783349,0.16701333961249287,0.127174103599805,0.32430841046224557,surprise,0.5944102968983315,2.0,stop,3695.0,False,0.07954266176311882,0.2054095585557202,0.1202581234714472,0.31218422479601404,0.6241247633871561,0.2035854592407196,0.5944521284969221,0.03717716552914113,0.09600565269535172,0.05620702228743955,0.1459106892272667,0.29170748281444686,0.09515309331812939,0.27783889412822455,surprise,surprise,surprise,surprise
test_0381,data/raf-db/aligned/test_0381_aligned.jpg,1,surprise,test,surprise,data/raf-db/aligned/test_0381_aligned.jpg,sad,surprise,data/raf-db/aligned/train_07474_aligned.jpg,data/raf-db/aligned/train_06028_aligned.jpg,0.9628230929374695,0.9614067673683167,framework,surprise,0.9593710629289562,2.0,stop,1281.0,False,0.03793577355811125,0.24575180016073764,0.11783525964528961,0.011593400564202173,0.13166839969823327,0.14143977754446582,0.9593712343662003,0.023052913187386507,0.14933911670658723,0.07160644837925526,0.007045108921892692,0.08001260823417365,0.08595050547687234,0.5829932990938324,surprise,0.782347328316928,2.0,stop,3695.0,False,0.09288818075705106,0.2993483795808397,0.139667836637668,0.030502100868794423,0.24332708457094857,0.5034025194839635,0.7823913568512391,0.04441164774979489,0.14312428858078338,0.0667779120246916,0.01458364830027937,0.11633941670376834,0.24068654579591334,0.37407654084476905,surprise,surprise,surprise,surprise
test_0382,data/raf-db/aligned/test_0382_aligned.jpg,1,surprise,test,surprise,data/raf-db/aligned/test_0382_aligned.jpg,disgust,surprise,data/raf-db/aligned/train_09524_aligned.jpg,data/raf-db/aligned/train_05279_aligned.jpg,0.9664841890335083,0.9655701518058777,framework,surprise,0.9707712575435113,2.0,stop,1281.0,False,0.03582071229204605,0.20109547185096155,0.15816615886915106,0.004948810397037497,0.09509150485664955,0.06603361225423522,0.9707247151628596,0.023383482546509005,0.13127356089044315,0.1032496390694723,0.0032305449596211466,0.0620749952152817,0.04310622879413588,0.6336815485245368,surprise,0.7736803936759729,2.0,stop,3695.0,False,0.1294549585370334,0.5307441969656083,0.2498714423098153,0.008032049542248846,0.39005548099920895,0.24575294418154892,0.7736795187084333,0.05561758112617685,0.22802300325589953,0.10735197300152365,0.0034507999699192825,0.16757907617712006,0.10558254750901665,0.3323950189603439,surprise,surprise,surprise,surprise
test_0401,data/raf-db/aligned/test_0401_aligned.jpg,5,sad,test,sad,data/raf-db/aligned/test_0401_aligned.jpg,sad,neutral,data/raf-db/aligned/train_04941_aligned.jpg,data/raf-db/aligned/train_10188_aligned.jpg,0.9719136953353882,0.9524698257446289,framework,sad,0.7696083283356573,2.0,stop,1281.0,False,0.12372276359327576,0.1989301406807447,0.10645077065839041,0.03561534906706677,0.5774295100653823,0.7696171247894009,0.36363565313427065,0.05687353543065622,0.09144526096608029,0.048933854214275485,0.016371852343194014,0.26543585630991223,0.35378167722345216,0.1671579635124297,sad,0.7968842149144968,2.0,stop,3695.0,False,0.16172033736995559,0.1914107395072438,0.1512936044723122,0.02174650153342755,0.5908966525070677,0.796859916254127,0.2507155885613986,0.07470992304653766,0.08842599422825442,0.06989308661719158,0.010046228461526934,0.27297644906756885,0.36812527101044984,0.11582304756847064,sad,sad,sad,sad
test_0435,data/raf-db/aligned/test_0435_aligned.jpg,4,happy,test,happy,data/raf-db/aligned/test_0435_aligned.jpg,happy,happy,data/raf-db/aligned/train_01666_aligned.jpg,data/raf-db/aligned/train_03257_aligned.jpg,0.9654554724693298,0.9631750583648682,original,,,,,,,,,,,,,,,,,,,,,,,,,,,,,,,,,,,,,,,,,,,,
test_0456,data/raf-db/aligned/test_0456_aligned.jpg,4,happy,test,surprise,data/raf-db/aligned/test_0456_aligned.jpg,surprise,surprise,data/raf-db/aligned/train_03843_aligned.jpg,data/raf-db/aligned/train_00771_aligned.jpg,0.9878464937210083,0.9740738868713379,original,,,,,,,,,,,,,,,,,,,,,,,,,,,,,,,,,,,,,,,,,,,,
test_0457,data/raf-db/aligned/test_0457_aligned.jpg,4,happy,test,happy,data/raf-db/aligned/test_0457_aligned.jpg,happy,happy,data/raf-db/aligned/train_07065_aligned.jpg,data/raf-db/aligned/train_03099_aligned.jpg,0.9955438375473022,0.9952937364578247,original,,,,,,,,,,,,,,,,,,,,,,,,,,,,,,,,,,,,,,,,,,,,
test_0482,data/raf-db/aligned/test_0482_aligned.jpg,1,surprise,test,surprise,data/raf-db/aligned/test_0482_aligned.jpg,surprise,surprise,data/raf-db/aligned/train_05677_aligned.jpg,data/raf-db/aligned/train_00673_aligned.jpg,0.9886608123779297,0.9728784561157227,original,,,,,,,,,,,,,,,,,,,,,,,,,,,,,,,,,,,,,,,,,,,,
test_0526,data/raf-db/aligned/test_0526_aligned.jpg,1,surprise,test,surprise,data/raf-db/aligned/test_0526_aligned.jpg,surprise,surprise,data/raf-db/aligned/train_07120_aligned.jpg,data/raf-db/aligned/train_04251_aligned.jpg,0.9924052953720093,0.987807035446167,original,,,,,,,,,,,,,,,,,,,,,,,,,,,,,,,,,,,,,,,,,,,,
test_0529,data/raf-db/aligned/test_0529_aligned.jpg,4,happy,test,happy,data/raf-db/aligned/test_0529_aligned.jpg,happy,happy,data/raf-db/aligned/train_02012_aligned.jpg,data/raf-db/aligned/train_02842_aligned.jpg,0.9958611726760864,0.9940294027328491,original,,,,,,,,,,,,,,,,,,,,,,,,,,,,,,,,,,,,,,,,,,,,
test_0552,data/raf-db/aligned/test_0552_aligned.jpg,4,happy,test,happy,data/raf-db/aligned/test_0552_aligned.jpg,happy,happy,data/raf-db/aligned/train_04740_aligned.jpg,data/raf-db/aligned/train_02450_aligned.jpg,0.9871587753295898,0.972539484500885,original,,,,,,,,,,,,,,,,,,,,,,,,,,,,,,,,,,,,,,,,,,,,
test_0564,data/raf-db/aligned/test_0564_aligned.jpg,1,surprise,test,fear,data/raf-db/aligned/test_0564_aligned.jpg,fear,fear,data/raf-db/aligned/train_09241_aligned.jpg,data/raf-db/aligned/train_09203_aligned.jpg,0.9886847734451294,0.9820691347122192,original,,,,,,,,,,,,,,,,,,,,,,,,,,,,,,,,,,,,,,,,,,,,
test_0577,data/raf-db/aligned/test_0577_aligned.jpg,1,surprise,test,surprise,data/raf-db/aligned/test_0577_aligned.jpg,happy,surprise,data/raf-db/aligned/train_03015_aligned.jpg,data/raf-db/aligned/train_01110_aligned.jpg,0.9815263748168945,0.9794287085533142,framework,surprise,0.8202791679211494,2.0,stop,1281.0,False,0.015926583461496096,0.04399251639761994,0.034632781265696196,0.3179198285616606,0.04548087128497554,0.026232427789775907,0.8202791679211494,0.012209291559084408,0.033724587600025564,0.02654943070477971,0.24371679517502878,0.03486555790335802,0.02010973414118009,0.6288246029165434,surprise,0.7408536861099435,2.0,stop,3695.0,False,0.03899230831089261,0.06328374475134031,0.06422185430986099,0.4276994805034829,0.10629730013092141,0.06072462489741982,0.7408533330590782,0.02595900299209176,0.04213094814117221,0.042755491541947105,0.28473954415785246,0.07076708334753874,0.040427222385431665,0.493220707433966,surprise,surprise,surprise,surprise
test_0585,data/raf-db/aligned/test_0585_aligned.jpg,6,angry,test,angry,data/raf-db/aligned/test_0585_aligned.jpg,neutral,angry,data/raf-db/aligned/train_10656_aligned.jpg,data/raf-db/aligned/train_06592_aligned.jpg,0.9889745116233826,0.9882456660270691,framework,angry,0.8545503181699452,2.0,stop,1281.0,False,0.8443554473678315,0.19705838890129887,0.11889497185992208,0.006822168367632522,0.28175917214159996,0.17464182745058016,0.1361153425815108,0.4798435677473387,0.11198743453330184,0.06756750094090527,0.0038770089297141008,0.1601225252083484,0.0992481991121624,0.07735376352822919,angry,0.5371708669165577,2.0,stop,3695.0,False,0.5371779669280823,0.3180972193321793,0.19562699595015992,0.017378943375463266,0.6614331426427408,0.44551641932378633,0.2787297958124266,0.21890245200342873,0.12962605611970107,0.07971888597077927,0.007081998057129872,0.26953699830397937,0.18154995662884518,0.11358365291613659,angry,angry,angry,angry
test_0623,data/raf-db/aligned/test_0623_aligned.jpg,2,fear,test,fear,data/raf-db/aligned/test_0623_aligned.jpg,fear,fear,data/raf-db/aligned/train_09375_aligned.jpg,data/raf-db/aligned/train_09223_aligned.jpg,0.9856458902359009,0.9752370119094849,original,,,,,,,,,,,,,,,,,,,,,,,,,,,,,,,,,,,,,,,,,,,,
test_0640,data/raf-db/aligned/test_0640_aligned.jpg,3,disgust,test,surprise,data/raf-db/aligned/test_0640_aligned.jpg,happy,disgust,data/raf-db/aligned/train_00350_aligned.jpg,data/raf-db/aligned/train_09572_aligned.jpg,0.9936302900314331,0.9921669363975525,framework,surprise,0.6665802207394547,2.0,stop,1281.0,False,0.44610946940551005,0.4142445871107107,0.09061409375460536,0.030268917017119475,0.2989258337470484,0.28891836994821596,0.6666214221056598,0.1995388164913648,0.18528607958081678,0.04053047573575715,0.013538882925126162,0.13370553905539623,0.12922933395452657,0.29817087225701233,disgust,0.6614592699351473,3.0,stop,3696.0,False,0.2850800975766382,0.6614733638952682,0.30219331618920625,0.02384398676179727,0.28187779783941536,0.24475095713273062,0.5387380224560063,0.12193553239248647,0.2829278770270358,0.12925526267254056,0.010198639767820143,0.12056583269525097,0.1046858006407382,0.23043105480412793,surprise,surprise,surprise,surprise
test_0644,data/raf-db/aligned/test_0644_aligned.jpg,1,surprise,test,surprise,data/raf-db/aligned/test_0644_aligned.jpg,surprise,disgust,data/raf-db/aligned/train_05167_aligned.jpg,data/raf-db/aligned/train_01776_aligned.jpg,0.9808326363563538,0.9770632982254028,framework,surprise,0.7137350124084737,2.0,stop,1281.0,False,0.23086242170844778,0.3322866794228537,0.19003580295202047,0.16550289150197864,0.2878111411033035,0.3037824354577638,0.7137008357779124,0.10380587618275942,0.14941067344823247,0.08544843671631144,0.07441736310311953,0.1294125196136023,0.13659391445460098,0.32091121648137383,surprise,0.7391550325301817,2.0,stop,3695.0,False,0.18478024530555548,0.5386015722610897,0.27020742391911695,0.028986625808011184,0.2392271026436116,0.2608738310080911,0.7391031065107307,0.0816968285448142,0.23813173442983124,0.11946671867954455,0.01281584725041264,0.10576939951361894,0.11534006034278213,0.3267794112389963,surprise,surprise,surprise,surprise
test_0659,data/raf-db/aligned/test_0659_aligned.jpg,1,surprise,test,surprise,data/raf-db/aligned/test_0659_aligned.jpg,surprise,surprise,data/raf-db/aligned/train_07406_aligned.jpg,data/raf-db/aligned/train_00359_aligned.jpg,0.9683840274810791,0.965050220489502,original,,,,,,,,,,,,,,,,,,,,,,,,,,,,,,,,,,,,,,,,,,,,
test_0701,data/raf-db/aligned/test_0701_aligned.jpg,4,happy,test,happy,data/raf-db/aligned/test_0701_aligned.jpg,fear,happy,data/raf-db/aligned/train_09333_aligned.jpg,data/raf-db/aligned/train_01472_aligned.jpg,0.9848555326461792,0.9773316979408264,framework,happy,0.934208551087466,1.0,stop,1280.0,False,0.06813911821665836,0.07655871188113172,0.03821091721712134,0.934208551087466,0.1379177412660599,0.07779435064860954,0.20255441858074402,0.044379208522182814,0.0498629146910772,0.024886883003248476,0.6084527827332686,0.08982623137407394,0.05066768986215631,0.13192428981399262,happy,0.769663227796558,1.0,stop,3694.0,False,0.18748018851802975,0.22215004948053527,0.20554319267230572,0.769663227796558,0.25183908680094735,0.18221185496899076,0.23601368208261536,0.09123561804699674,0.10810740710119562,0.10002582335256882,0.37454997688629044,0.12255532125446977,0.0886718289276036,0.11485402443087486,happy,happy,happy,happy
test_0709,data/raf-db/aligned/test_0709_aligned.jpg,4,happy,test,happy,data/raf-db/aligned/test_0709_aligned.jpg,happy,happy,data/raf-db/aligned/train_03614_aligned.jpg,data/raf-db/aligned/train_03204_aligned.jpg,0.9967660903930664,0.9946268796920776,original,,,,,,,,,,,,,,,,,,,,,,,,,,,,,,,,,,,,,,,,,,,,
test_0719,data/raf-db/aligned/test_0719_aligned.jpg,5,sad,test,neutral,data/raf-db/aligned/test_0719_aligned.jpg,neutral,neutral,data/raf-db/aligned/train_10289_aligned.jpg,data/raf-db/aligned/train_11129_aligned.jpg,0.933796226978302,0.9307159185409546,original,,,,,,,,,,,,,,,,,,,,,,,,,,,,,,,,,,,,,,,,,,,,
test_0720,data/raf-db/aligned/test_0720_aligned.jpg,4,happy,test,sad,data/raf-db/aligned/test_0720_aligned.jpg,sad,sad,data/raf-db/aligned/train_05800_aligned.jpg,data/raf-db/aligned/train_01377_aligned.jpg,0.9631925821304321,0.9548145532608032,original,,,,,,,,,,,,,,,,,,,,,,,,,,,,,,,,,,,,,,,,,,,,
test_0748,data/raf-db/aligned/test_0748_aligned.jpg,6,angry,test,surprise,data/raf-db/aligned/test_0748_aligned.jpg,surprise,surprise,data/raf-db/aligned/train_04507_aligned.jpg,data/raf-db/aligned/train_05823_aligned.jpg,0.9776118993759155,0.974458634853363,original,,,,,,,,,,,,,,,,,,,,,,,,,,,,,,,,,,,,,,,,,,,,
test_0807,data/raf-db/aligned/test_0807_aligned.jpg,1,surprise,test,neutral,data/raf-db/aligned/test_0807_aligned.jpg,neutral,happy,data/raf-db/aligned/train_11289_aligned.jpg,data/raf-db/aligned/train_08546_aligned.jpg,0.9587756395339966,0.9563822150230408,framework,neutral,0.8815597806119259,3.0,stop,1282.0,False,0.08566207755784606,0.22029672634246955,0.06927866262757965,0.06783715550150217,0.8815595704309188,0.3238081090803285,0.323924544943541,0.043431108016514154,0.11169155815773132,0.03512463350875692,0.0343937820808661,0.4469551757079725,0.16417235447732656,0.16423138805083246,neutral,0.754250947191434,3.0,stop,3696.0,False,0.07295842412329345,0.14469139605069287,0.07317590299653173,0.2296847596004229,0.7542511569830537,0.3288751297738836,0.44994944494032946,0.035527324642752635,0.07045791164319919,0.03563322663591273,0.11184568633262935,0.36728487543844024,0.16014673621046313,0.2191042390966027,neutral,neutral,neutral,neutral
test_0812,data/raf-db/aligned/test_0812_aligned.jpg,1,surprise,test,surprise,data/raf-db/aligned/test_0812_aligned.jpg,surprise,surprise,data/raf-db/aligned/train_05439_aligned.jpg,data/raf-db/aligned/train_07345_aligned.jpg,0.9967597723007202,0.9945105910301208,original,,,,,,,,,,,,,,,,,,,,,,,,,,,,,,,,,,,,,,,,,,,,
test_0876,data/raf-db/aligned/test_0876_aligned.jpg,5,sad,test,neutral,data/raf-db/aligned/test_0876_aligned.jpg,neutral,neutral,data/raf-db/aligned/train_09872_aligned.jpg,data/raf-db/aligned/train_11435_aligned.jpg,0.9814426302909851,0.9814372062683105,original,,,,,,,,,,,,,,,,,,,,,,,,,,,,,,,,,,,,,,,,,,,,
test_0887,data/raf-db/aligned/test_0887_aligned.jpg,4,happy,test,happy,data/raf-db/aligned/test_0887_aligned.jpg,happy,happy,data/raf-db/aligned/train_06403_aligned.jpg,data/raf-db/aligned/train_01340_aligned.jpg,0.965530276298523,0.9539598226547241,original,,,,,,,,,,,,,,,,,,,,,,,,,,,,,,,,,,,,,,,,,,,,
test_0893,data/raf-db/aligned/test_0893_aligned.jpg,1,surprise,test,angry,data/raf-db/aligned/test_0893_aligned.jpg,angry,angry,data/raf-db/aligned/train_05314_aligned.jpg,data/raf-db/aligned/train_09007_aligned.jpg,0.9602521657943726,0.933712363243103,original,,,,,,,,,,,,,,,,,,,,,,,,,,,,,,,,,,,,,,,,,,,,
test_0899,data/raf-db/aligned/test_0899_aligned.jpg,4,happy,test,neutral,data/raf-db/aligned/test_0899_aligned.jpg,happy,neutral,data/raf-db/aligned/train_09132_aligned.jpg,data/raf-db/aligned/train_10227_aligned.jpg,0.9581022262573242,0.9462559223175049,framework,happy,0.7821451105528401,1.0,stop,1280.0,False,0.07214340219915075,0.14959125094009437,0.04212821578618995,0.7821451105528401,0.4174536134144421,0.17283568054902756,0.3055773926119988,0.03715142045998251,0.0770344520967937,0.02169461115212057,0.4027783688750144,0.21497454017605921,0.08900454986637338,0.15736205737365627,neutral,0.783809259311898,3.0,stop,3696.0,False,0.13414772853719323,0.24302298894548066,0.08992277789484004,0.29207919574524005,0.7838089478586583,0.2981306875316265,0.2715667121037968,0.06349650187518276,0.11503071905545435,0.042563388120569506,0.13825062416317782,0.3710023782750339,0.14111499289869023,0.12854139561189126,neutral,neutral,neutral,neutral
test_0905,data/raf-db/aligned/test_0905_aligned.jpg,3,disgust,test,happy,data/raf-db/aligned/test_0905_aligned.jpg,happy,happy,data/raf-db/aligned/train_05401_aligned.jpg,data/raf-db/aligned/train_01585_aligned.jpg,0.9781118631362915,0.9746639728546143,original,,,,,,,,,,,,,,,,,,,,,,,,,,,,,,,,,,,,,,,,,,,,
test_0913,data/raf-db/aligned/test_0913_aligned.jpg,1,surprise,test,neutral,data/raf-db/aligned/test_0913_aligned.jpg,neutral,neutral,data/raf-db/aligned/train_10672_aligned.jpg,data/raf-db/aligned/train_12035_aligned.jpg,0.947191596031189,0.9396259784698486,original,,,,,,,,,,,,,,,,,,,,,,,,,,,,,,,,,,,,,,,,,,,,
test_0916,data/raf-db/aligned/test_0916_aligned.jpg,5,sad,test,sad,data/raf-db/aligned/test_0916_aligned.jpg,sad,sad,data/raf-db/aligned/train_07082_aligned.jpg,data/raf-db/aligned/train_04436_aligned.jpg,0.9760231971740723,0.959742546081543,original,,,,,,,,,,,,,,,,,,,,,,,,,,,,,,,,,,,,,,,,,,,,
test_0926,data/raf-db/aligned/test_0926_aligned.jpg,1,surprise,test,surprise,data/raf-db/aligned/test_0926_aligned.jpg,happy,sad,data/raf-db/aligned/train_04794_aligned.jpg,data/raf-db/aligned/train_01279_aligned.jpg,0.9715654850006104,0.9646464586257935,framework,surprise,0.9069204027409051,2.0,stop,1281.0,False,0.0909779003563619,0.30273443933358424,0.10020447683617172,0.05261902191095814,0.22727759622137558,0.17945328713684203,0.9069203487106332,0.04890793071237619,0.16274408318043393,0.05386795684421056,0.028286951750851067,0.12217996771666706,0.09647055932285079,0.48754255047261047,surprise,0.6024818867930192,2.0,stop,3695.0,False,0.14276433356627696,0.32859482967763154,0.2005470049366141,0.15157701849112315,0.4608221237698438,0.49893364763207426,0.602597136924797,0.05983828221291751,0.13772732769300203,0.08405732705487964,0.06353203340702551,0.19314911226965928,0.20912318691046422,0.25257273045205186,surprise,surprise,surprise,surprise
test_0937,data/raf-db/aligned/test_0937_aligned.jpg,5,sad,test,sad,data/raf-db/aligned/test_0937_aligned.jpg,sad,sad,data/raf-db/aligned/train_02952_aligned.jpg,data/raf-db/aligned/train_07424_aligned.jpg,0.9640872478485107,0.9526283740997314,original,,,,,,,,,,,,,,,,,,,,,,,,,,,,,,,,,,,,,,,,,,,,
test_0950,data/raf-db/aligned/test_0950_aligned.jpg,5,sad,test,sad,data/raf-db/aligned/test_0950_aligned.jpg,disgust,sad,data/raf-db/aligned/train_09512_aligned.jpg,data/raf-db/aligned/train_03431_aligned.jpg,0.987976610660553,0.9843289852142334,framework,sad,0.9255742513230872,2.0,stop,1281.0,False,0.15790701746123303,0.35538951340681724,0.12216444332430867,0.0018751715722224675,0.27215912769669304,0.9255998345444134,0.11050386893022413,0.08116113306654688,0.18266329167509823,0.06279014574560643,0.0009638016849575242,0.139884493630497,0.475740296698821,0.0567968374984729,sad,0.6894814168618062,2.0,stop,3695.0,False,0.1902654442902759,0.5811123124208534,0.18138508618858223,0.0030148335342686573,0.3766558315590989,0.6895589939339044,0.392928916762237,0.07878742671202478,0.24063404627727866,0.0751101401415517,0.0012484188971685294,0.15597022273442812,0.28554096568002846,0.16270877955751964,sad,sad,sad,sad
test_0952,data/raf-db/aligned/test_0952_aligned.jpg,5,sad,test,sad,data/raf-db/aligned/test_0952_aligned.jpg,sad,sad,data/raf-db/aligned/train_04038_aligned.jpg,data/raf-db/aligned/train_07474_aligned.jpg,0.9544275403022766,0.9495866894721985,original,,,,,,,,,,,,,,,,,,,,,,,,,,,,,,,,,,,,,,,,,,,,
test_0957,data/raf-db/aligned/test_0957_aligned.jpg,5,sad,test,sad,data/raf-db/aligned/test_0957_aligned.jpg,sad,sad,data/raf-db/aligned/train_00299_aligned.jpg,data/raf-db/aligned/train_04506_aligned.jpg,0.9897544384002686,0.988245964050293,original,,,,,,,,,,,,,,,,,,,,,,,,,,,,,,,,,,,,,,,,,,,,
test_0966,data/raf-db/aligned/test_0966_aligned.jpg,5,sad,test,sad,data/raf-db/aligned/test_0966_aligned.jpg,sad,sad,data/raf-db/aligned/train_00526_aligned.jpg,data/raf-db/aligned/train_09056_aligned.jpg,0.9834105372428894,0.9702119827270508,original,,,,,,,,,,,,,,,,,,,,,,,,,,,,,,,,,,,,,,,,,,,,
test_0970,data/raf-db/aligned/test_0970_aligned.jpg,1,surprise,test,surprise,data/raf-db/aligned/test_0970_aligned.jpg,surprise,surprise,data/raf-db/aligned/train_08233_aligned.jpg,data/raf-db/aligned/train_01676_aligned.jpg,0.984981894493103,0.9826008081436157,original,,,,,,,,,,,,,,,,,,,,,,,,,,,,,,,,,,,,,,,,,,,,
test_0984,data/raf-db/aligned/test_0984_aligned.jpg,4,happy,test,happy,data/raf-db/aligned/test_0984_aligned.jpg,happy,happy,data/raf-db/aligned/train_06262_aligned.jpg,data/raf-db/aligned/train_08848_aligned.jpg,0.9884370565414429,0.9788896441459656,original,,,,,,,,,,,,,,,,,,,,,,,,,,,,,,,,,,,,,,,,,,,,
test_0987,data/raf-db/aligned/test_0987_aligned.jpg,1,surprise,test,sad,data/raf-db/aligned/test_0987_aligned.jpg,sad,sad,data/raf-db/aligned/train_07106_aligned.jpg,data/raf-db/aligned/train_06075_aligned.jpg,0.9869495630264282,0.9833332896232605,original,,,,,,,,,,,,,,,,,,,,,,,,,,,,,,,,,,,,,,,,,,,,
test_0993,data/raf-db/aligned/test_0993_aligned.jpg,4,happy,test,happy,data/raf-db/aligned/test_0993_aligned.jpg,happy,happy,data/raf-db/aligned/train_08706_aligned.jpg,data/raf-db/aligned/train_01423_aligned.jpg,0.9897938966751099,0.9864756464958191,original,,,,,,,,,,,,,,,,,,,,,,,,,,,,,,,,,,,,,,,,,,,,
test_1001,data/raf-db/aligned/test_1001_aligned.jpg,1,surprise,test,surprise,data/raf-db/aligned/test_1001_aligned.jpg,surprise,surprise,data/raf-db/aligned/train_01131_aligned.jpg,data/raf-db/aligned/train_00359_aligned.jpg,0.9937162399291992,0.9915655851364136,original,,,,,,,,,,,,,,,,,,,,,,,,,,,,,,,,,,,,,,,,,,,,
test_1008,data/raf-db/aligned/test_1008_aligned.jpg,5,sad,test,sad,data/raf-db/aligned/test_1008_aligned.jpg,happy,sad,data/raf-db/aligned/train_05625_aligned.jpg,data/raf-db/aligned/train_05761_aligned.jpg,0.9838775396347046,0.9630059003829956,framework,sad,0.865664241447459,2.0,stop,1281.0,False,0.10475128133578177,0.15068303861546922,0.09066649065653166,0.13029917271687425,0.3866805840188177,0.8656552689518225,0.16010473530144956,0.055457979308030966,0.07977541401924043,0.04800113467484766,0.06898367955254413,0.20471848700916784,0.45829980675395693,0.08476349868221209,sad,0.6161218367264601,2.0,stop,3695.0,False,0.16283269194305697,0.21580554251038478,0.15481655357449348,0.2958801351064943,0.5410265642636949,0.6161268271205076,0.2734009178701417,0.07205339518828438,0.09549385846768761,0.06850625745530348,0.13092683077822345,0.2394040187942366,0.2726358523639861,0.12097978695227835,sad,sad,sad,sad
test_1041,data/raf-db/aligned/test_1041_aligned.jpg,3,disgust,test,neutral,data/raf-db/aligned/test_1041_aligned.jpg,angry,disgust,data/raf-db/aligned/train_02458_aligned.jpg,data/raf-db/aligned/train_05111_aligned.jpg,0.9851653575897217,0.9839676022529602,framework,sad,0.6290078010755926,2.0,stop,1281.0,False,0.25050820863848094,0.4436053216301865,0.16989237944466126,0.03928995599140312,0.5966396311243906,0.6289961008911902,0.358682860201844,0.10070218390985083,0.17832559230288408,0.0682953015100934,0.015794230438836192,0.23984409208762558,0.25285111962911455,0.14418748012159527,angry,0.5720022542296547,2.0,stop,3695.0,False,0.5719873553495497,0.5605376369533523,0.21940422986503005,0.004726718239403193,0.43756362373085295,0.3485298923563813,0.25521804690964467,0.23853006954328707,0.23375530992709417,0.09149591458331206,0.001971135235441275,0.1824727078701762,0.14534387637096818,0.10643098646972105,sad,sad,neutral,neutral
test_1047,data/raf-db/aligned/test_1047_aligned.jpg,4,happy,test,neutral,data/raf-db/aligned/test_1047_aligned.jpg,neutral,neutral,data/raf-db/aligned/train_10408_aligned.jpg,data/raf-db/aligned/train_09972_aligned.jpg,0.9750450849533081,0.9723255634307861,original,,,,,,,,,,,,,,,,,,,,,,,,,,,,,,,,,,,,,,,,,,,,
test_1077,data/raf-db/aligned/test_1077_aligned.jpg,1,surprise,test,surprise,data/raf-db/aligned/test_1077_aligned.jpg,fear,happy,data/raf-db/aligned/train_09392_aligned.jpg,data/raf-db/aligned/train_08488_aligned.jpg,0.9700450897216797,0.9379072785377502,framework,surprise,0.9469813365203723,2.0,stop,1281.0,False,0.02668173132947175,0.0704794592331699,0.0935072716035527,0.08348092379778267,0.08254229552104701,0.024313623806029923,0.946981505716042,0.020091864699497516,0.05307240903975612,0.07041280141377328,0.0628627657337002,0.062155960312926604,0.018308633492821646,0.7130955653075247,happy,0.5121163058782054,1.0,stop,3694.0,False,0.09643778114797438,0.16741238692527222,0.23139532745658473,0.5121163058782054,0.3068405275684475,0.2387232711697171,0.5570984967919973,0.045704587586422714,0.07934145736449172,0.1096647795597958,0.2427063779135623,0.1454203902285741,0.11313769900359065,0.2640247083435628,surprise,surprise,surprise,surprise
test_1079,data/raf-db/aligned/test_1079_aligned.jpg,5,sad,test,sad,data/raf-db/aligned/test_1079_aligned.jpg,sad,neutral,data/raf-db/aligned/train_07743_aligned.jpg,data/raf-db/aligned/train_11215_aligned.jpg,0.9921808838844299,0.9887487292289734,framework,sad,0.7854883649120521,2.0,stop,1281.0,False,0.06859345902293892,0.13164830138712688,0.06015155222262807,0.014517666770477604,0.6913283504928696,0.7854864931242339,0.1364399211667135,0.036328092083078266,0.06972285234621305,0.03185713563960895,0.007688767162084417,0.36613753460003773,0.41600505439868085,0.07226056377029663,sad,0.843309003338549,2.0,stop,3695.0,False,0.12725750522968515,0.13329407106321184,0.08009571778860447,0.006553289365200062,0.6135826196484716,0.8432593733300844,0.1140483046956288,0.06634592056207415,0.0694930946052556,0.041758041069356655,0.0034165687505747786,0.3198923605173018,0.4396347334894287,0.05945928100600827,sad,sad,sad,sad
test_1099,data/raf-db/aligned/test_1099_aligned.jpg,3,disgust,test,neutral,data/raf-db/aligned/test_1099_aligned.jpg,neutral,neutral,data/raf-db/aligned/train_12220_aligned.jpg,data/raf-db/aligned/train_10230_aligned.jpg,0.9803215265274048,0.972793459892273,original,,,,,,,,,,,,,,,,,,,,,,,,,,,,,,,,,,,,,,,,,,,,
test_1103,data/raf-db/aligned/test_1103_aligned.jpg,1,surprise,test,surprise,data/raf-db/aligned/test_1103_aligned.jpg,neutral,surprise,data/raf-db/aligned/train_10790_aligned.jpg,data/raf-db/aligned/train_04323_aligned.jpg,0.9547944664955139,0.953237771987915,framework,surprise,0.7318285042315018,2.0,stop,1281.0,False,0.17819033231759068,0.37418931647116416,0.1724477890422161,0.06404090121082713,0.38374975245973164,0.41181095534480666,0.7319240691513674,0.07692710195476402,0.16154243232038162,0.07444797075679849,0.027647296419761682,0.1656697978427362,0.17778418691894077,0.31598121378661725,surprise,0.644965754692362,2.0,stop,3695.0,False,0.10457043072315621,0.22146103302539308,0.14788556392900926,0.038728825468395484,0.7162389019913515,0.3214844743903197,0.6449258539229055,0.04763388371407184,0.10087984740406929,0.06736477708343656,0.017641740174410683,0.3262608782713522,0.1464424882166708,0.29377638513598864,surprise,surprise,surprise,surprise
test_1106,data/raf-db/aligned/test_1106_aligned.jpg,1,surprise,test,surprise,data/raf-db/aligned/test_1106_aligned.jpg,disgust,disgust,data/raf-db/aligned/train_09640_aligned.jpg,data/raf-db/aligned/train_01874_aligned.jpg,0.9613784551620483,0.9609740972518921,original,,,,,,,,,,,,,,,,,,,,,,,,,,,,,,,,,,,,,,,,,,,,
test_1110,data/raf-db/aligned/test_1110_aligned.jpg,3,disgust,test,neutral,data/raf-db/aligned/test_1110_aligned.jpg,neutral,neutral,data/raf-db/aligned/train_10901_aligned.jpg,data/raf-db/aligned/train_10791_aligned.jpg,0.9888362884521484,0.9807921051979065,original,,,,,,,,,,,,,,,,,,,,,,,,,,,,,,,,,,,,,,,,,,,,
test_1112,data/raf-db/aligned/test_1112_aligned.jpg,5,sad,test,sad,data/raf-db/aligned/test_1112_aligned.jpg,sad,sad,data/raf-db/aligned/train_04270_aligned.jpg,data/raf-db/aligned/train_08480_aligned.jpg,0.993549108505249,0.9922497272491455,original,,,,,,,,,,,,,,,,,,,,,,,,,,,,,,,,,,,,,,,,,,,,
test_1130,data/raf-db/aligned/test_1130_aligned.jpg,4,happy,test,neutral,data/raf-db/aligned/test_1130_aligned.jpg,neutral,neutral,data/raf-db/aligned/train_10976_aligned.jpg,data/raf-db/aligned/train_09836_aligned.jpg,0.9694911241531372,0.9564962387084961,original,,,,,,,,,,,,,,,,,,,,,,,,,,,,,,,,,,,,,,,,,,,,
test_1150,data/raf-db/aligned/test_1150_aligned.jpg,1,surprise,test,surprise,data/raf-db/aligned/test_1150_aligned.jpg,surprise,neutral,data/raf-db/aligned/train_01250_aligned.jpg,data/raf-db/aligned/train_11999_aligned.jpg,0.9951269626617432,0.9919945001602173,framework,surprise,0.7165831345861584,2.0,stop,1281.0,False,0.09590058451937859,0.17889769348809048,0.11298966340984942,0.13000528099686665,0.6239158541492253,0.2534205227918814,0.7165830066179628,0.04541365347164727,0.08471687528977903,0.053506174604557186,0.06156390818955655,0.29545490820313236,0.12000710801036485,0.33933737223096283,surprise,0.8995195176320839,2.0,stop,3695.0,False,0.09161294159112392,0.1495452476596977,0.1824266880682321,0.07533263079513214,0.3026110937117558,0.1325691110680404,0.8995189820004195,0.0499629730936759,0.08155752948590493,0.09949008894617317,0.041084175883046574,0.16503508860622765,0.072299249585353,0.4905708943996188,surprise,surprise,surprise,surprise
test_1154,data/raf-db/aligned/test_1154_aligned.jpg,5,sad,test,fear,data/raf-db/aligned/test_1154_aligned.jpg,fear,fear,data/raf-db/aligned/train_09199_aligned.jpg,data/raf-db/aligned/train_08260_aligned.jpg,0.9691339731216431,0.9689698219299316,original,,,,,,,,,,,,,,,,,,,,,,,,,,,,,,,,,,,,,,,,,,,,
test_1156,data/raf-db/aligned/test_1156_aligned.jpg,5,sad,test,sad,data/raf-db/aligned/test_1156_aligned.jpg,sad,sad,data/raf-db/aligned/train_06273_aligned.jpg,data/raf-db/aligned/train_03726_aligned.jpg,0.9818695783615112,0.9799362421035767,original,,,,,,,,,,,,,,,,,,,,,,,,,,,,,,,,,,,,,,,,,,,,
test_1158,data/raf-db/aligned/test_1158_aligned.jpg,5,sad,test,sad,data/raf-db/aligned/test_1158_aligned.jpg,sad,sad,data/raf-db/aligned/train_00861_aligned.jpg,data/raf-db/aligned/train_00369_aligned.jpg,0.966821551322937,0.9565850496292114,original,,,,,,,,,,,,,,,,,,,,,,,,,,,,,,,,,,,,,,,,,,,,
test_1168,data/raf-db/aligned/test_1168_aligned.jpg,3,disgust,test,disgust,data/raf-db/aligned/test_1168_aligned.jpg,disgust,disgust,data/raf-db/aligned/train_04339_aligned.jpg,data/raf-db/aligned/train_03867_aligned.jpg,0.997318685054779,0.9924464225769043,original,,,,,,,,,,,,,,,,,,,,,,,,,,,,,,,,,,,,,,,,,,,,
test_1183,data/raf-db/aligned/test_1183_aligned.jpg,5,sad,test,sad,data/raf-db/aligned/test_1183_aligned.jpg,sad,sad,data/raf-db/aligned/train_04520_aligned.jpg,data/raf-db/aligned/train_07232_aligned.jpg,0.9779592752456665,0.9684932231903076,original,,,,,,,,,,,,,,,,,,,,,,,,,,,,,,,,,,,,,,,,,,,,
test_1192,data/raf-db/aligned/test_1192_aligned.jpg,6,angry,test,angry,data/raf-db/aligned/test_1192_aligned.jpg,angry,disgust,data/raf-db/aligned/train_08912_aligned.jpg,data/raf-db/aligned/train_09479_aligned.jpg,0.9918842315673828,0.9810073971748352,framework,angry,0.7298498203817958,2.0,stop,1281.0,False,0.7452684957145722,0.30918543487746186,0.10024611543104496,0.01029993892490491,0.14343116377603715,0.21289426060819272,0.27573039737210464,0.4147163894043699,0.1720511036574248,0.055783529402400535,0.005731563197135383,0.07981452954378775,0.11846836353881893,0.1534345212560627,angry,0.7122977924070342,2.0,stop,3695.0,False,0.6987570562414267,0.3290354326742096,0.13520178620219228,0.009639824471797528,0.1692306076683658,0.19848902217261757,0.4004077719530928,0.36004272330383447,0.16953934444784566,0.06966429729041804,0.004967031994876565,0.08719804445198942,0.10227378378595263,0.2063147747250832,angry,angry,angry,angry
test_1199,data/raf-db/aligned/test_1199_aligned.jpg,5,sad,test,sad,data/raf-db/aligned/test_1199_aligned.jpg,sad,sad,data/raf-db/aligned/train_00544_aligned.jpg,data/raf-db/aligned/train_02425_aligned.jpg,0.9553470611572266,0.9509963989257812,original,,,,,,,,,,,,,,,,,,,,,,,,,,,,,,,,,,,,,,,,,,,,
test_1203,data/raf-db/aligned/test_1203_aligned.jpg,1,surprise,test,surprise,data/raf-db/aligned/test_1203_aligned.jpg,surprise,fear,data/raf-db/aligned/train_03897_aligned.jpg,data/raf-db/aligned/train_09366_aligned.jpg,0.9566083550453186,0.9396722316741943,framework,surprise,0.9224891542188244,2.0,stop,1281.0,False,0.09612440848696244,0.17769854139446276,0.16500845982311563,0.037420234921445056,0.15154135413147626,0.19097311426369845,0.9224886597599312,0.05520410337967646,0.10205200535395906,0.09476411057272678,0.021490384696363714,0.08702997200658805,0.10967557260944681,0.5297838513812391,surprise,0.8061264548931351,2.0,stop,3695.0,False,0.12281731360670803,0.19305097829625706,0.458026947538177,0.044269490749152304,0.11015072452037615,0.17633944099844157,0.8061265028950947,0.06427596254413194,0.10103247730864322,0.2397066183880364,0.02316826549677028,0.057646952498511546,0.09228655937683637,0.42188316438707035,surprise,surprise,surprise,surprise
test_1208,data/raf-db/aligned/test_1208_aligned.jpg,4,happy,test,surprise,data/raf-db/aligned/test_1208_aligned.jpg,surprise,happy,data/raf-db/aligned/train_02465_aligned.jpg,data/raf-db/aligned/train_08581_aligned.jpg,0.9840618371963501,0.9507122039794922,framework,happy,0.5794661107938798,1.0,stop,1280.0,False,0.17513127679151738,0.18118530924389634,0.09588614427535819,0.5794661107938798,0.4105589229166221,0.2620162785148266,0.4615409359055523,0.08086272577138734,0.08365803209802693,0.044273159722601436,0.26755477416360285,0.18956587426884436,0.12097982076842882,0.21310561320710836,happy,0.4324462456337095,1.0,stop,3694.0,False,0.1457927275054715,0.17877946922787002,0.1557331428628887,0.4324462456337095,0.31522658906604384,0.2799945344734559,0.6172228260767147,0.06860202984382123,0.08412377416406161,0.07327944196634235,0.2034853915995145,0.14832827563270004,0.13175001070841466,0.29043107608514535,happy,happy,surprise,surprise
test_1209,data/raf-db/aligned/test_1209_aligned.jpg,4,happy,test,happy,data/raf-db/aligned/test_1209_aligned.jpg,happy,happy,data/raf-db/aligned/train_01979_aligned.jpg,data/raf-db/aligned/train_00293_aligned.jpg,0.9927804470062256,0.9499179124832153,original,,,,,,,,,,,,,,,,,,,,,,,,,,,,,,,,,,,,,,,,,,,,
test_1210,data/raf-db/aligned/test_1210_aligned.jpg,1,surprise,test,surprise,data/raf-db/aligned/test_1210_aligned.jpg,fear,surprise,data/raf-db/aligned/train_09245_aligned.jpg,data/raf-db/aligned/train_00043_aligned.jpg,0.9692965149879456,0.958404004573822,framework,surprise,0.9735720216575016,2.0,stop,1281.0,False,0.033091647959849584,0.11030334534542309,0.12339015098946261,0.01737451872034554,0.12754390019971235,0.056591862960646624,0.973520421728172,0.022951369280594717,0.07650307458182211,0.08557968839701052,0.012050442326326169,0.08846060360978839,0.03925040985152904,0.675204411952929,surprise,0.80460340050893,2.0,stop,3695.0,False,0.10199841630607191,0.20893708237016587,0.33384857703012744,0.032262166097259376,0.472928790843024,0.23592114816520499,0.8045530492174804,0.04656506752485012,0.0953854942199997,0.1524110088712974,0.014728561454413314,0.21590493144490303,0.10770445848774388,0.3673004779967924,surprise,surprise,surprise,surprise
test_1212,data/raf-db/aligned/test_1212_aligned.jpg,5,sad,test,neutral,data/raf-db/aligned/test_1212_aligned.jpg,neutral,neutral,data/raf-db/aligned/train_11949_aligned.jpg,data/raf-db/aligned/train_12097_aligned.jpg,0.9888408184051514,0.9879001379013062,original,,,,,,,,,,,,,,,,,,,,,,,,,,,,,,,,,,,,,,,,,,,,
test_1219,data/raf-db/aligned/test_1219_aligned.jpg,4,happy,test,neutral,data/raf-db/aligned/test_1219_aligned.jpg,neutral,neutral,data/raf-db/aligned/train_11520_aligned.jpg,data/raf-db/aligned/train_10714_aligned.jpg,0.9960252642631531,0.9892785549163818,original,,,,,,,,,,,,,,,,,,,,,,,,,,,,,,,,,,,,,,,,,,,,
test_1227,data/raf-db/aligned/test_1227_aligned.jpg,1,surprise,test,surprise,data/raf-db/aligned/test_1227_aligned.jpg,surprise,surprise,data/raf-db/aligned/train_02622_aligned.jpg,data/raf-db/aligned/train_03524_aligned.jpg,0.9926878213882446,0.9898933172225952,original,,,,,,,,,,,,,,,,,,,,,,,,,,,,,,,,,,,,,,,,,,,,
test_1229,data/raf-db/aligned/test_1229_aligned.jpg,4,happy,test,neutral,data/raf-db/aligned/test_1229_aligned.jpg,happy,neutral,data/raf-db/aligned/train_08328_aligned.jpg,data/raf-db/aligned/train_11002_aligned.jpg,0.9687274694442749,0.9497217535972595,framework,neutral,0.9419965973464882,3.0,stop,1282.0,False,0.06582235147758428,0.1142558230872355,0.047986999639846734,0.11312817744510555,0.9419960358817828,0.1588032574964621,0.09336140116281152,0.04287112255371178,0.07441659685640656,0.03125468015595567,0.07368214368912074,0.6135366876577094,0.10343103461410001,0.06080773447299573,neutral,0.8581327762307851,3.0,stop,3696.0,False,0.12966491246297326,0.22522481718465623,0.1001290160723294,0.1810549303617619,0.8581325716391341,0.2660191413115993,0.24225974011175272,0.06475199769318016,0.11247265405706636,0.05000237685416475,0.09041511855777852,0.428533804895655,0.13284450278304274,0.12097954515911245,neutral,neutral,neutral,neutral
test_1237,data/raf-db/aligned/test_1237_aligned.jpg,3,disgust,test,neutral,data/raf-db/aligned/test_1237_aligned.jpg,neutral,disgust,data/raf-db/aligned/train_12145_aligned.jpg,data/raf-db/aligned/train_08605_aligned.jpg,0.9813456535339355,0.9716938734054565,framework,angry,0.5415622052915822,2.0,stop,1281.0,False,0.5415750123833872,0.37673174452410846,0.1718618989631996,0.007825847824659775,0.6244079498898351,0.3600348072058864,0.32846207211271955,0.224636095332562,0.15626191412577803,0.07128538990311195,0.0032460284499867403,0.2589937876575585,0.14933630877579787,0.136240475755205,neutral,0.7506695219844761,3.0,stop,3696.0,False,0.1793242191469107,0.5146221180172099,0.14277451411755746,0.005325119686785696,0.7506688061119664,0.287700124146053,0.5062995894416723,0.07513434047015372,0.21561947188460845,0.05982052510922161,0.00223115069171719,0.3145197337373262,0.1205423293280094,0.21213244877896345,neutral,neutral,neutral,neutral
test_1271,data/raf-db/aligned/test_1271_aligned.jpg,1,surprise,test,surprise,data/raf-db/aligned/test_1271_aligned.jpg,surprise,surprise,data/raf-db/aligned/train_07999_aligned.jpg,data/raf-db/aligned/train_02017_aligned.jpg,0.9939503073692322,0.988295316696167,original,,,,,,,,,,,,,,,,,,,,,,,,,,,,,,,,,,,,,,,,,,,,
test_1272,data/raf-db/aligned/test_1272_aligned.jpg,5,sad,test,neutral,data/raf-db/aligned/test_1272_aligned.jpg,neutral,neutral,data/raf-db/aligned/train_11921_aligned.jpg,data/raf-db/aligned/train_10194_aligned.jpg,0.9613090753555298,0.9609065055847168,original,,,,,,,,,,,,,,,,,,,,,,,,,,,,,,,,,,,,,,,,,,,,
test_1298,data/raf-db/aligned/test_1298_aligned.jpg,4,happy,test,angry,data/raf-db/aligned/test_1298_aligned.jpg,angry,happy,data/raf-db/aligned/train_03985_aligned.jpg,data/raf-db/aligned/train_03512_aligned.jpg,0.9516051411628723,0.9415255188941956,framework,happy,0.4146742950735257,1.0,stop,1280.0,False,0.22542879796307488,0.1693169654445394,0.2672135491930024,0.4146742950735257,0.4161255625721229,0.16994025609522498,0.5680758663029857,0.10105401413866295,0.07590050239610746,0.11978505861799897,0.18588797197137208,0.1865385383925542,0.07617990779060899,0.2546540066926953,angry,0.740180208773988,2.0,stop,3695.0,False,0.740188403770994,0.23915671584809595,0.16711786237030798,0.15737743118894928,0.23957361043068584,0.23743016790076082,0.30871852633369345,0.3542312453463461,0.11445299717776133,0.07997743305009784,0.07531596436184941,0.1146525100131646,0.11362672480383758,0.14774312524694325,angry,angry,angry,angry
test_1304,data/raf-db/aligned/test_1304_aligned.jpg,3,disgust,test,disgust,data/raf-db/aligned/test_1304_aligned.jpg,disgust,disgust,data/raf-db/aligned/train_09683_aligned.jpg,data/raf-db/aligned/train_00975_aligned.jpg,0.9899762868881226,0.9896106123924255,original,,,,,,,,,,,,,,,,,,,,,,,,,,,,,,,,,,,,,,,,,,,,
test_1317,data/raf-db/aligned/test_1317_aligned.jpg,1,surprise,test,happy,data/raf-db/aligned/test_1317_aligned.jpg,happy,happy,data/raf-db/aligned/train_05763_aligned.jpg,data/raf-db/aligned/train_06327_aligned.jpg,0.9454032778739929,0.9160643219947815,original,,,,,,,,,,,,,,,,,,,,,,,,,,,,,,,,,,,,,,,,,,,,
test_1337,data/raf-db/aligned/test_1337_aligned.jpg,4,happy,test,happy,data/raf-db/aligned/test_1337_aligned.jpg,happy,happy,data/raf-db/aligned/train_06288_aligned.jpg,data/raf-db/aligned/train_07967_aligned.jpg,0.9826598763465881,0.9810382723808289,original,,,,,,,,,,,,,,,,,,,,,,,,,,,,,,,,,,,,,,,,,,,,
test_1345,data/raf-db/aligned/test_1345_aligned.jpg,1,surprise,test,surprise,data/raf-db/aligned/test_1345_aligned.jpg,surprise,sad,data/raf-db/aligned/train_08148_aligned.jpg,data/raf-db/aligned/train_07474_aligned.jpg,0.9430387020111084,0.9369958639144897,framework,surprise,0.8161316624121181,2.0,stop,1281.0,False,0.1554008943296455,0.2805751248812087,0.18123656444061828,0.0796718433254785,0.32143209980018256,0.3144511969078904,0.8162036546485558,0.07231408286607853,0.1305625229400592,0.08433642544888531,0.03707440877470412,0.1495748631372825,0.1463263773907178,0.3798113194422724,surprise,0.702728490243786,2.0,stop,3695.0,False,0.12557069007846292,0.23949570533877468,0.20089429515757692,0.09153161541281174,0.4322659731002025,0.4815730392050503,0.7027269853805536,0.055218764565367784,0.10531643140015445,0.08834175220268514,0.04025033802561475,0.19008570378425893,0.21176811448815291,0.309018895533766,surprise,surprise,surprise,surprise
test_1348,data/raf-db/aligned/test_1348_aligned.jpg,5,sad,test,sad,data/raf-db/aligned/test_1348_aligned.jpg,surprise,sad,data/raf-db/aligned/train_03853_aligned.jpg,data/raf-db/aligned/train_03735_aligned.jpg,0.976665735244751,0.9675310850143433,framework,sad,0.8895662258993249,2.0,stop,1281.0,False,0.08298861072315512,0.12530992418086304,0.15892633897617048,0.01749443914913975,0.3699198320410213,0.8895681864313153,0.3072945749688725,0.0425255084035492,0.06421204292210866,0.08143796244790902,0.008964602643294354,0.18955647996780786,0.4558377234896877,0.1574656801256432,surprise,0.671863288786151,2.0,stop,3695.0,False,0.10510407600170442,0.2257948407973912,0.2044832704645956,0.047685063060326806,0.39413226115253935,0.592606234715979,0.6717658183106225,0.04688856589104733,0.10073059650336808,0.09122317293042528,0.021273049594067336,0.1758285425252074,0.26437087447945445,0.2996851980764301,sad,sad,sad,sad
test_1375,data/raf-db/aligned/test_1375_aligned.jpg,1,surprise,test,surprise,data/raf-db/aligned/test_1375_aligned.jpg,surprise,happy,data/raf-db/aligned/train_00855_aligned.jpg,data/raf-db/aligned/train_02283_aligned.jpg,0.9950879812240601,0.9904693961143494,framework,surprise,0.9451808033457414,2.0,stop,1281.0,False,0.04975456364171742,0.12237343106952084,0.0795260650465683,0.07339190936998465,0.12768021536627816,0.0729529993704404,0.9451807470635938,0.03382685366262075,0.08319856194077159,0.05406773505373,0.04989727969792121,0.08680650868346977,0.049598876029213416,0.6426041849322733,surprise,0.724287969462275,2.0,stop,3695.0,False,0.07913715802613969,0.14448261714926766,0.13369684025453252,0.36117960388559506,0.2968609811782203,0.2006243902260686,0.7242865903969887,0.04078671123730358,0.07446528194164576,0.06890637158084868,0.186149320697359,0.1529999739558415,0.10340034031305392,0.37329200027394743,surprise,surprise,surprise,surprise
test_1377,data/raf-db/aligned/test_1377_aligned.jpg,5,sad,test,sad,data/raf-db/aligned/test_1377_aligned.jpg,sad,disgust,data/raf-db/aligned/train_01975_aligned.jpg,data/raf-db/aligned/train_05334_aligned.jpg,0.9883325099945068,0.9783152341842651,framework,sad,0.5703655159295377,2.0,stop,1281.0,False,0.1658020385234378,0.3638130011102358,0.19980443108675314,0.03442693472796802,0.6077535891537043,0.5704641061400297,0.5038705205368716,0.06778678263965146,0.14874191564449699,0.08168837766492452,0.014075165553675295,0.24847499351225694,0.23322949893146738,0.20600326605352737,sad,0.6603659270222254,2.0,stop,3695.0,False,0.14036144342707402,0.6152075281130033,0.3004982172563441,0.0033396921719763854,0.40630293102880644,0.6604010506196446,0.31219637327064625,0.05756511786587274,0.2523092738512422,0.12324050588603072,0.0013696765209987184,0.1666331974284284,0.2708440679253744,0.12803816052205294,sad,sad,sad,sad
test_1383,data/raf-db/aligned/test_1383_aligned.jpg,4,happy,test,fear,data/raf-db/aligned/test_1383_aligned.jpg,fear,fear,data/raf-db/aligned/train_09181_aligned.jpg,data/raf-db/aligned/train_07308_aligned.jpg,0.9751448631286621,0.9654957056045532,original,,,,,,,,,,,,,,,,,,,,,,,,,,,,,,,,,,,,,,,,,,,,
test_1397,data/raf-db/aligned/test_1397_aligned.jpg,5,sad,test,neutral,data/raf-db/aligned/test_1397_aligned.jpg,sad,neutral,data/raf-db/aligned/train_00347_aligned.jpg,data/raf-db/aligned/train_09769_aligned.jpg,0.9764016270637512,0.9739241003990173,framework,neutral,0.7631557074488903,3.0,stop,1282.0,False,0.07113136772091763,0.14898877454986714,0.0763496844757495,0.09917798882287933,0.7631554345251566,0.6259729491824955,0.19088254024838808,0.03600387369430165,0.07541220129224024,0.038645178414814914,0.05019995955713563,0.38627897584603293,0.31684264931951356,0.09661716187596113,neutral,0.7949764597496659,3.0,stop,3696.0,False,0.07735625100558818,0.12381367432918612,0.06930568590977516,0.016150643831510523,0.7949767440520795,0.665671211575431,0.11559709991854084,0.041525279048800656,0.06646389024469875,0.03720368954881286,0.008669758205743675,0.4267480740720596,0.3573361228871618,0.06205318599272262,neutral,neutral,neutral,neutral
test_1407,data/raf-db/aligned/test_1407_aligned.jpg,4,happy,test,neutral,data/raf-db/aligned/test_1407_aligned.jpg,neutral,happy,data/raf-db/aligned/train_10613_aligned.jpg,data/raf-db/aligned/train_05531_aligned.jpg,0.9926317930221558,0.991285502910614,framework,happy,0.8578719233226587,1.0,stop,1280.0,False,0.03352111649158006,0.07247395081083073,0.02770896820296777,0.8578719233226587,0.4679263181446019,0.1038268366112677,0.14200416786630746,0.01965663653914836,0.04249840872700199,0.0162484181270444,0.5030523550171524,0.2743899525297938,0.060883604243607684,0.08327062481625128,neutral,0.8450800906096781,3.0,stop,3696.0,False,0.07643001369286938,0.1592319375178405,0.04923389628842476,0.28509491507111756,0.845080896526893,0.23671715687651002,0.16276703901530487,0.0421205076067137,0.08775256880632604,0.027132753259184905,0.15711553562116834,0.46572327559023224,0.13045459924844816,0.08970075986792655,happy,happy,neutral,neutral
test_1409,data/raf-db/aligned/test_1409_aligned.jpg,4,happy,test,neutral,data/raf-db/aligned/test_1409_aligned.jpg,neutral,happy,data/raf-db/aligned/train_10243_aligned.jpg,data/raf-db/aligned/train_00215_aligned.jpg,0.9890233278274536,0.9861708879470825,framework,neutral,0.8390877130771094,3.0,stop,1282.0,False,0.08353201155617497,0.16416849047917134,0.05460243749187811,0.31622810023684,0.8390877464184426,0.19408632611546414,0.1661597214609928,0.04595061745237034,0.09030841426185975,0.03003657724043855,0.17395578283064447,0.4615787328276683,0.10676609311712919,0.09140378226988927,happy,0.608901758998926,1.0,stop,3694.0,False,0.05305925138686434,0.13224392114687902,0.026076481964445716,0.608901758998926,0.68817776908496,0.15327240442476897,0.15359845919404808,0.02922843231615447,0.07284841752255355,0.014364595583606608,0.3354220684405189,0.37909236974575106,0.08443225227585265,0.08461186411556272,neutral,neutral,neutral,neutral
test_1417,data/raf-db/aligned/test_1417_aligned.jpg,1,surprise,test,neutral,data/raf-db/aligned/test_1417_aligned.jpg,neutral,neutral,data/raf-db/aligned/train_11713_aligned.jpg,data/raf-db/aligned/train_11140_aligned.jpg,0.9421548843383789,0.9372895359992981,original,,,,,,,,,,,,,,,,,,,,,,,,,,,,,,,,,,,,,,,,,,,,
test_1421,data/raf-db/aligned/test_1421_aligned.jpg,1,surprise,test,surprise,data/raf-db/aligned/test_1421_aligned.jpg,surprise,surprise,data/raf-db/aligned/train_00914_aligned.jpg,data/raf-db/aligned/train_02229_aligned.jpg,0.9930680990219116,0.9568838477134705,original,,,,,,,,,,,,,,,,,,,,,,,,,,,,,,,,,,,,,,,,,,,,
test_1455,data/raf-db/aligned/test_1455_aligned.jpg,4,happy,test,neutral,data/raf-db/aligned/test_1455_aligned.jpg,neutral,neutral,data/raf-db/aligned/train_10744_aligned.jpg,data/raf-db/aligned/train_10625_aligned.jpg,0.9732041954994202,0.9717896580696106,original,,,,,,,,,,,,,,,,,,,,,,,,,,,,,,,,,,,,,,,,,,,,
test_1461,data/raf-db/aligned/test_1461_aligned.jpg,5,sad,test,sad,data/raf-db/aligned/test_1461_aligned.jpg,sad,sad,data/raf-db/aligned/train_03382_aligned.jpg,data/raf-db/aligned/train_02972_aligned.jpg,0.9849140644073486,0.9818340539932251,original,,,,,,,,,,,,,,,,,,,,,,,,,,,,,,,,,,,,,,,,,,,,
test_1474,data/raf-db/aligned/test_1474_aligned.jpg,5,sad,test,neutral,data/raf-db/aligned/test_1474_aligned.jpg,neutral,neutral,data/raf-db/aligned/train_11921_aligned.jpg,data/raf-db/aligned/train_11712_aligned.jpg,0.9910893440246582,0.9809362888336182,original,,,,,,,,,,,,,,,,,,,,,,,,,,,,,,,,,,,,,,,,,,,,
test_1486,data/raf-db/aligned/test_1486_aligned.jpg,4,happy,test,happy,data/raf-db/aligned/test_1486_aligned.jpg,happy,happy,data/raf-db/aligned/train_08366_aligned.jpg,data/raf-db/aligned/train_06613_aligned.jpg,0.9854880571365356,0.9842835664749146,original,,,,,,,,,,,,,,,,,,,,,,,,,,,,,,,,,,,,,,,,,,,,
test_1487,data/raf-db/aligned/test_1487_aligned.jpg,6,angry,test,surprise,data/raf-db/aligned/test_1487_aligned.jpg,disgust,angry,data/raf-db/aligned/train_05859_aligned.jpg,data/raf-db/aligned/train_05664_aligned.jpg,0.9827662706375122,0.9640025496482849,framework,surprise,0.822971316932368,2.0,stop,1281.0,False,0.3304291891990723,0.3092248969562497,0.23056976515241642,0.008537170141807472,0.10939207062853053,0.1242296347920284,0.8229715129045273,0.17073318279838534,0.1597768979968537,0.1191356912413439,0.004411166682747241,0.05652302218392278,0.06418961048004043,0.4252304286167067,angry,0.6516815954194579,2.0,stop,3695.0,False,0.6438927827844504,0.46523586659926147,0.1885533976583082,0.013021298962634965,0.33523709778441657,0.3184025285061262,0.41026463135989033,0.27115755116480955,0.19592115593462783,0.07940402337130542,0.005483558185610152,0.14117578721992072,0.13408637621476013,0.17277154790896612,surprise,surprise,surprise,surprise
test_1493,data/raf-db/aligned/test_1493_aligned.jpg,4,happy,test,happy,data/raf-db/aligned/test_1493_aligned.jpg,happy,happy,data/raf-db/aligned/train_01702_aligned.jpg,data/raf-db/aligned/train_05963_aligned.jpg,0.9630398154258728,0.9545901417732239,original,,,,,,,,,,,,,,,,,,,,,,,,,,,,,,,,,,,,,,,,,,,,
test_1507,data/raf-db/aligned/test_1507_aligned.jpg,4,happy,test,happy,data/raf-db/aligned/test_1507_aligned.jpg,happy,happy,data/raf-db/aligned/train_07465_aligned.jpg,data/raf-db/aligned/train_06347_aligned.jpg,0.9459853172302246,0.9269528985023499,original,,,,,,,,,,,,,,,,,,,,,,,,,,,,,,,,,,,,,,,,,,,,
test_1519,data/raf-db/aligned/test_1519_aligned.jpg,1,surprise,test,surprise,data/raf-db/aligned/test_1519_aligned.jpg,fear,disgust,data/raf-db/aligned/train_09265_aligned.jpg,data/raf-db/aligned/train_03432_aligned.jpg,0.9948673248291016,0.9728702306747437,framework,surprise,0.9741283970468863,2.0,stop,1281.0,False,0.03295896005307441,0.1011462294438749,0.15886223243210806,0.004986183365756153,0.1057963917026052,0.07570041898663321,0.974128976935707,0.022674344596252696,0.06958424832970814,0.10929037189568747,0.003430279343559325,0.07278335962791502,0.052078626977901894,0.6701587692289754,surprise,0.8130312972618818,2.0,stop,3695.0,False,0.0868434644360494,0.3701438294268941,0.38241411952937515,0.010700803088930545,0.32061726133934065,0.24301270850493173,0.8129486663753187,0.03900130740816003,0.16623119967009647,0.17174177388983608,0.004805719273128461,0.1439888706773805,0.10913674863201467,0.36509438044938364,surprise,surprise,surprise,surprise
test_1520,data/raf-db/aligned/test_1520_aligned.jpg,1,surprise,test,surprise,data/raf-db/aligned/test_1520_aligned.jpg,surprise,neutral,data/raf-db/aligned/train_05237_aligned.jpg,data/raf-db/aligned/train_11287_aligned.jpg,0.9495707154273987,0.9420500993728638,framework,surprise,0.6781273217268491,2.0,stop,1281.0,False,0.18918607002306356,0.19998989274407036,0.09973795875686943,0.24637151245656855,0.530650865241732,0.22870833430177415,0.6781273217268491,0.08707129598477122,0.09204366443554086,0.045903555831449866,0.11339041442483816,0.24422759321764562,0.10526108538406705,0.31210239072168716,neutral,0.7139027036962335,3.0,stop,3696.0,False,0.1460439935029845,0.26024621739196424,0.15635571569299486,0.1042480590616123,0.7139025334888021,0.2636294486564374,0.6027356043307007,0.06499042850970774,0.11581108391142887,0.06957920499908893,0.046390994023188296,0.3176907892802526,0.11731664154753293,0.26822085772880067,neutral,neutral,surprise,surprise
test_1531,data/raf-db/aligned/test_1531_aligned.jpg,4,happy,test,happy,data/raf-db/aligned/test_1531_aligned.jpg,neutral,happy,data/raf-db/aligned/train_11707_aligned.jpg,data/raf-db/aligned/train_01485_aligned.jpg,0.986565113067627,0.9712483882904053,framework,happy,0.7211635883594668,1.0,stop,1280.0,False,0.09059105255387213,0.1310957592454245,0.05724939045362448,0.7211635883594668,0.5911762494595533,0.17784818280420908,0.12228391629356558,0.04789608899200334,0.06931119546888093,0.030268131593615556,0.381283961628737,0.31255879533174996,0.09402951119914305,0.06465231578587019,happy,0.6003085629728808,1.0,stop,3694.0,False,0.10292322351562877,0.1658299545828332,0.048838016036712395,0.6003085629728808,0.6569721814397729,0.20184769696197935,0.19582760594134596,0.05217782436475932,0.08406893943935978,0.024758857486618924,0.3043316531832459,0.33305776796324277,0.1023284475627996,0.0992765099999737,happy,happy,happy,happy
test_1532,data/raf-db/aligned/test_1532_aligned.jpg,4,happy,test,neutral,data/raf-db/aligned/test_1532_aligned.jpg,neutral,sad,data/raf-db/aligned/train_11892_aligned.jpg,data/raf-db/aligned/train_06073_aligned.jpg,0.9331599473953247,0.9135338068008423,framework,neutral,0.7628182638094082,3.0,stop,1282.0,False,0.0923678381312482,0.14068809443113292,0.060518853218525494,0.4438895248437594,0.7628187184722878,0.2448188451082466,0.16321940571748839,0.04840266631360431,0.07372348456798247,0.03171313649082049,0.2326073337408586,0.3997328576156692,0.12829016145445113,0.08553035981661371,sad,0.7026619726803554,2.0,stop,3695.0,False,0.06308831466367505,0.14888950030259857,0.06487477009684393,0.029669453835862936,0.7582618804986129,0.702643221999444,0.12993113576529752,0.03325060713258075,0.07847200083121668,0.03419215594530192,0.01563724373671598,0.39964085308793645,0.37032711768612747,0.06848002158012081,neutral,neutral,neutral,neutral
test_1533,data/raf-db/aligned/test_1533_aligned.jpg,3,disgust,test,neutral,data/raf-db/aligned/test_1533_aligned.jpg,neutral,neutral,data/raf-db/aligned/train_10983_aligned.jpg,data/raf-db/aligned/train_11621_aligned.jpg,0.9693602323532104,0.96738600730896,original,,,,,,,,,,,,,,,,,,,,,,,,,,,,,,,,,,,,,,,,,,,,
test_1540,data/raf-db/aligned/test_1540_aligned.jpg,4,happy,test,disgust,data/raf-db/aligned/test_1540_aligned.jpg,happy,disgust,data/raf-db/aligned/train_05514_aligned.jpg,data/raf-db/aligned/train_09450_aligned.jpg,0.97530198097229,0.9587210416793823,framework,angry,0.5097134698801927,2.0,stop,1281.0,False,0.5097024264008013,0.5619302288689955,0.15861567759200515,0.02761029116082962,0.32173118063590644,0.37308692881560485,0.2914905660523723,0.22712318573946813,0.2503958724412187,0.07067907888394534,0.012303134069663596,0.1433632780870601,0.16624737776649737,0.12988807301214678,happy,0.2382220460924408,1.0,stop,3694.0,False,0.2371060529354341,0.5692347173141856,0.1729624667288312,0.2382220460924408,0.5033159044205454,0.3135620955715831,0.4305713493912555,0.09619005802885572,0.23092923952220212,0.07016805140774185,0.09664279824869951,0.20418705239145366,0.1272070273840433,0.17467577301700382,angry,angry,disgust,disgust
test_1555,data/raf-db/aligned/test_1555_aligned.jpg,3,disgust,test,disgust,data/raf-db/aligned/test_1555_aligned.jpg,disgust,disgust,data/raf-db/aligned/train_07307_aligned.jpg,data/raf-db/aligned/train_00103_aligned.jpg,0.9919136762619019,0.9886093139648438,original,,,,,,,,,,,,,,,,,,,,,,,,,,,,,,,,,,,,,,,,,,,,
test_1556,data/raf-db/aligned/test_1556_aligned.jpg,1,surprise,test,surprise,data/raf-db/aligned/test_1556_aligned.jpg,surprise,surprise,data/raf-db/aligned/train_07123_aligned.jpg,data/raf-db/aligned/train_03048_aligned.jpg,0.9671119451522827,0.9591718316078186,original,,,,,,,,,,,,,,,,,,,,,,,,,,,,,,,,,,,,,,,,,,,,
test_1569,data/raf-db/aligned/test_1569_aligned.jpg,2,fear,test,fear,data/raf-db/aligned/test_1569_aligned.jpg,fear,fear,data/raf-db/aligned/train_09255_aligned.jpg,data/raf-db/aligned/train_09371_aligned.jpg,0.9795024991035461,0.9776523113250732,original,,,,,,,,,,,,,,,,,,,,,,,,,,,,,,,,,,,,,,,,,,,,
test_1584,data/raf-db/aligned/test_1584_aligned.jpg,5,sad,test,sad,data/raf-db/aligned/test_1584_aligned.jpg,sad,sad,data/raf-db/aligned/train_01307_aligned.jpg,data/raf-db/aligned/train_00663_aligned.jpg,0.9966058135032654,0.9662637710571289,original,,,,,,,,,,,,,,,,,,,,,,,,,,,,,,,,,,,,,,,,,,,,
test_1585,data/raf-db/aligned/test_1585_aligned.jpg,6,angry,test,angry,data/raf-db/aligned/test_1585_aligned.jpg,angry,angry,data/raf-db/aligned/train_00929_aligned.jpg,data/raf-db/aligned/train_03885_aligned.jpg,0.9921920895576477,0.9906573295593262,original,,,,,,,,,,,,,,,,,,,,,,,,,,,,,,,,,,,,,,,,,,,,
test_1596,data/raf-db/aligned/test_1596_aligned.jpg,4,happy,test,neutral,data/raf-db/aligned/test_1596_aligned.jpg,neutral,neutral,data/raf-db/aligned/train_11540_aligned.jpg,data/raf-db/aligned/train_10339_aligned.jpg,0.9821792244911194,0.9769271016120911,original,,,,,,,,,,,,,,,,,,,,,,,,,,,,,,,,,,,,,,,,,,,,
test_1598,data/raf-db/aligned/test_1598_aligned.jpg,5,sad,test,sad,data/raf-db/aligned/test_1598_aligned.jpg,sad,neutral,data/raf-db/aligned/train_07965_aligned.jpg,data/raf-db/aligned/train_11990_aligned.jpg,0.9887545108795166,0.9852458834648132,framework,angry,0.4643019637849705,2.0,stop,1281.0,False,0.4643122588330524,0.3795951122976526,0.24621665945274784,0.027748856892375842,0.5539391545965121,0.5288944655505589,0.2660353386691212,0.18822896264195682,0.15388522024234347,0.09981452247338246,0.011249193722516046,0.2245630832546127,0.21441014038237816,0.10784887728281037,sad,0.7562787773144571,2.0,stop,3695.0,False,0.19719981422964802,0.2092402625028509,0.12507483761587856,0.006358726664539713,0.6741357720413843,0.7562776512305125,0.15840674115144662,0.09272600208152453,0.09838758262613563,0.058811869059928565,0.0029899587088115446,0.3169876972031218,0.35561191239534035,0.07448497792513753,sad,sad,sad,sad
test_1599,data/raf-db/aligned/test_1599_aligned.jpg,3,disgust,test,disgust,data/raf-db/aligned/test_1599_aligned.jpg,disgust,disgust,data/raf-db/aligned/train_08472_aligned.jpg,data/raf-db/aligned/train_09539_aligned.jpg,0.9927948117256165,0.9867039322853088,original,,,,,,,,,,,,,,,,,,,,,,,,,,,,,,,,,,,,,,,,,,,,
test_1601,data/raf-db/aligned/test_1601_aligned.jpg,6,angry,test,angry,data/raf-db/aligned/test_1601_aligned.jpg,angry,angry,data/raf-db/aligned/train_08183_aligned.jpg,data/raf-db/aligned/train_04911_aligned.jpg,0.9777758121490479,0.9667436480522156,original,,,,,,,,,,,,,,,,,,,,,,,,,,,,,,,,,,,,,,,,,,,,
test_1618,data/raf-db/aligned/test_1618_aligned.jpg,1,surprise,test,surprise,data/raf-db/aligned/test_1618_aligned.jpg,surprise,surprise,data/raf-db/aligned/train_08016_aligned.jpg,data/raf-db/aligned/train_06929_aligned.jpg,0.9793598055839539,0.9750818610191345,original,,,,,,,,,,,,,,,,,,,,,,,,,,,,,,,,,,,,,,,,,,,,
test_1622,data/raf-db/aligned/test_1622_aligned.jpg,5,sad,test,sad,data/raf-db/aligned/test_1622_aligned.jpg,sad,fear,data/raf-db/aligned/train_06048_aligned.jpg,data/raf-db/aligned/train_09251_aligned.jpg,0.9803130626678467,0.9734491109848022,framework,sad,0.7429933888602709,2.0,stop,1281.0,False,0.12679015954485304,0.20654521497319647,0.5430653667826638,0.004495275095362173,0.21636927780817036,0.7430170377545272,0.30978499019177147,0.05897032071443919,0.09606453381497163,0.25258063372614675,0.002090760158554431,0.10063372229282247,0.3455784989147899,0.14408153037827567,sad,0.7156970209263913,2.0,stop,3695.0,False,0.11969664232658493,0.15745541983976527,0.630911944329965,0.003914597910137832,0.19409846212219345,0.7157028170775677,0.1809461587555948,0.05976685767037164,0.07862054844709492,0.3150265842580907,0.001954634746508493,0.09691713095880737,0.35736431341030617,0.09034993050882062,sad,sad,sad,sad
test_1627,data/raf-db/aligned/test_1627_aligned.jpg,3,disgust,test,sad,data/raf-db/aligned/test_1627_aligned.jpg,sad,sad,data/raf-db/aligned/train_01791_aligned.jpg,data/raf-db/aligned/train_00611_aligned.jpg,0.9845391511917114,0.9810513257980347,original,,,,,,,,,,,,,,,,,,,,,,,,,,,,,,,,,,,,,,,,,,,,
test_1637,data/raf-db/aligned/test_1637_aligned.jpg,5,sad,test,neutral,data/raf-db/aligned/test_1637_aligned.jpg,neutral,sad,data/raf-db/aligned/train_12236_aligned.jpg,data/raf-db/aligned/train_08959_aligned.jpg,0.9331356287002563,0.9180654883384705,framework,neutral,0.8247595977888023,3.0,stop,1282.0,False,0.10074158024544248,0.22090819056033778,0.06700823553152553,0.0051670081887835876,0.8247594666986804,0.6207523901936036,0.10129203041480464,0.051911821034036375,0.11383329927306611,0.034529134070005595,0.0026625431497504094,0.4249959721405711,0.31987176404887185,0.05219546628369858,neutral,0.7217329161882664,3.0,stop,3696.0,False,0.1539442341063075,0.2940515306431745,0.08868767555831177,0.05088136106728852,0.7217320271576103,0.6126274172277891,0.3280807145207167,0.06841950876724648,0.1306892810611515,0.03941665779582453,0.02261388839824137,0.3207690826901158,0.2722782518449315,0.14581332944248898,neutral,neutral,neutral,neutral
test_1638,data/raf-db/aligned/test_1638_aligned.jpg,1,surprise,test,surprise,data/raf-db/aligned/test_1638_aligned.jpg,surprise,surprise,data/raf-db/aligned/train_04737_aligned.jpg,data/raf-db/aligned/train_07804_aligned.jpg,0.9822498559951782,0.981984555721283,original,,,,,,,,,,,,,,,,,,,,,,,,,,,,,,,,,,,,,,,,,,,,
test_1653,data/raf-db/aligned/test_1653_aligned.jpg,3,disgust,test,disgust,data/raf-db/aligned/test_1653_aligned.jpg,disgust,disgust,data/raf-db/aligned/train_09635_aligned.jpg,data/raf-db/aligned/train_04437_aligned.jpg,0.9972974061965942,0.9915649890899658,original,,,,,,,,,,,,,,,,,,,,,,,,,,,,,,,,,,,,,,,,,,,,
test_1657,data/raf-db/aligned/test_1657_aligned.jpg,5,sad,test,sad,data/raf-db/aligned/test_1657_aligned.jpg,sad,sad,data/raf-db/aligned/train_06227_aligned.jpg,data/raf-db/aligned/train_01133_aligned.jpg,0.9925094842910767,0.9917224049568176,original,,,,,,,,,,,,,,,,,,,,,,,,,,,,,,,,,,,,,,,,,,,,
test_1671,data/raf-db/aligned/test_1671_aligned.jpg,3,disgust,test,disgust,data/raf-db/aligned/test_1671_aligned.jpg,disgust,disgust,data/raf-db/aligned/train_05124_aligned.jpg,data/raf-db/aligned/train_09596_aligned.jpg,0.981437087059021,0.9813234806060791,original,,,,,,,,,,,,,,,,,,,,,,,,,,,,,,,,,,,,,,,,,,,,
test_1688,data/raf-db/aligned/test_1688_aligned.jpg,5,sad,test,neutral,data/raf-db/aligned/test_1688_aligned.jpg,sad,neutral,data/raf-db/aligned/train_04520_aligned.jpg,data/raf-db/aligned/train_11626_aligned.jpg,0.9205528497695923,0.9092186689376831,framework,neutral,0.6963541498464835,3.0,stop,1282.0,False,0.30737209420277567,0.3623825289006285,0.17950233112718744,0.019050700666252918,0.696354813918118,0.4514023509713001,0.42485874072790636,0.12592450627090884,0.14846123605128145,0.07353869413648335,0.00780471005910565,0.28528333503874004,0.1849309655875558,0.17405655285592467,sad,0.6495558039668561,2.0,stop,3695.0,False,0.33698291021549304,0.26927806238084284,0.14214524327309636,0.00993750093518505,0.6622188658705774,0.6495371712172425,0.2623478011193937,0.14447609314576154,0.11544871043391026,0.06094252493165933,0.004260546357765649,0.28391586530965685,0.27847878929648556,0.11247747052476084,neutral,neutral,neutral,neutral
test_1700,data/raf-db/aligned/test_1700_aligned.jpg,5,sad,test,sad,data/raf-db/aligned/test_1700_aligned.jpg,sad,sad,data/raf-db/aligned/train_04029_aligned.jpg,data/raf-db/aligned/train_08626_aligned.jpg,0.9941993951797485,0.9929035902023315,original,,,,,,,,,,,,,,,,,,,,,,,,,,,,,,,,,,,,,,,,,,,,
test_1721,data/raf-db/aligned/test_1721_aligned.jpg,5,sad,test,sad,data/raf-db/aligned/test_1721_aligned.jpg,neutral,happy,data/raf-db/aligned/train_11442_aligned.jpg,data/raf-db/aligned/train_03053_aligned.jpg,0.9359909296035767,0.9283389449119568,framework,sad,0.8364627000880424,2.0,stop,1281.0,False,0.28566725163119366,0.17402586740322526,0.14470494377126972,0.050702850958328285,0.13615282577935284,0.8364704251565778,0.27153407389271433,0.15040990520745154,0.09162833356046268,0.0761902414484168,0.02669613322088247,0.07168736879100822,0.44041953229930275,0.14296848547247545,happy,0.4647121779970187,1.0,stop,3694.0,False,0.2428567535197924,0.2407576387195942,0.121048238810972,0.4647121779970187,0.5106198247107121,0.4397239231851647,0.2930203734799381,0.10500828706824844,0.10410065552688198,0.052339776538816773,0.20093585656552432,0.22078576098395908,0.19013124110152052,0.12669842221504884,sad,sad,sad,sad
test_1744,data/raf-db/aligned/test_1744_aligned.jpg,1,surprise,test,neutral,data/raf-db/aligned/test_1744_aligned.jpg,neutral,neutral,data/raf-db/aligned/train_09767_aligned.jpg,data/raf-db/aligned/train_10145_aligned.jpg,0.9559121131896973,0.953231155872345,original,,,,,,,,,,,,,,,,,,,,,,,,,,,,,,,,,,,,,,,,,,,,
test_1749,data/raf-db/aligned/test_1749_aligned.jpg,4,happy,test,sad,data/raf-db/aligned/test_1749_aligned.jpg,surprise,disgust,data/raf-db/aligned/train_04922_aligned.jpg,data/raf-db/aligned/train_09731_aligned.jpg,0.9509885311126709,0.9495124816894531,framework,sad,0.6787867186591483,2.0,stop,1281.0,False,0.2305449384189256,0.3871813314469225,0.13431836548773485,0.16983208821544607,0.48870609629137746,0.6789191228955928,0.2921338090081125,0.0968010906991792,0.16256949920244176,0.05639752652698605,0.07130901024207796,0.20519766548238363,0.28506421369964224,0.12266099414728923,surprise,0.565651335118401,2.0,stop,3695.0,False,0.20121529080264103,0.5781695646456995,0.28269981867071725,0.021812562313165845,0.51122525771887,0.38576723627779586,0.5656519072606052,0.07901511910294383,0.22704108037686715,0.1110132324116302,0.008565562797141862,0.2007527582320273,0.15148671852379636,0.22212552855559334,sad,sad,sad,sad
test_1750,data/raf-db/aligned/test_1750_aligned.jpg,1,surprise,test,neutral,data/raf-db/aligned/test_1750_aligned.jpg,happy,neutral,data/raf-db/aligned/train_08328_aligned.jpg,data/raf-db/aligned/train_10955_aligned.jpg,0.9187498092651367,0.9185972213745117,framework,surprise,0.5604069917330968,2.0,stop,1281.0,False,0.25368886537350366,0.3480599466783683,0.2983360426181084,0.13105560512293535,0.5186254696666274,0.3820890755911447,0.5604071585843201,0.10179060175735849,0.1396562335042301,0.11970491988009004,0.05258499969834172,0.20809426762319544,0.15331014576486654,0.22485883177191784,neutral,0.8280291546071366,3.0,stop,3696.0,False,0.17029412459864537,0.278732537089966,0.13790935647771863,0.13485260108874764,0.8280288255817432,0.32369033153510923,0.3040995410334736,0.07820240281041536,0.12799944914865224,0.06333068197164042,0.061926959930233484,0.3802470808044175,0.14864495033052283,0.1396484750041183,neutral,neutral,neutral,neutral
test_1758,data/raf-db/aligned/test_1758_aligned.jpg,5,sad,test,sad,data/raf-db/aligned/test_1758_aligned.jpg,sad,sad,data/raf-db/aligned/train_06762_aligned.jpg,data/raf-db/aligned/train_03883_aligned.jpg,0.9882262349128723,0.979365348815918,original,,,,,,,,,,,,,,,,,,,,,,,,,,,,,,,,,,,,,,,,,,,,
test_1763,data/raf-db/aligned/test_1763_aligned.jpg,5,sad,test,sad,data/raf-db/aligned/test_1763_aligned.jpg,sad,sad,data/raf-db/aligned/train_04624_aligned.jpg,data/raf-db/aligned/train_08308_aligned.jpg,0.9848708510398865,0.9818615913391113,original,,,,,,,,,,,,,,,,,,,,,,,,,,,,,,,,,,,,,,,,,,,,
test_1767,data/raf-db/aligned/test_1767_aligned.jpg,5,sad,test,sad,data/raf-db/aligned/test_1767_aligned.jpg,sad,sad,data/raf-db/aligned/train_06382_aligned.jpg,data/raf-db/aligned/train_06568_aligned.jpg,0.9967668056488037,0.9966159462928772,original,,,,,,,,,,,,,,,,,,,,,,,,,,,,,,,,,,,,,,,,,,,,
test_1771,data/raf-db/aligned/test_1771_aligned.jpg,5,sad,test,sad,data/raf-db/aligned/test_1771_aligned.jpg,sad,sad,data/raf-db/aligned/train_00251_aligned.jpg,data/raf-db/aligned/train_05561_aligned.jpg,0.9866817593574524,0.9823064804077148,original,,,,,,,,,,,,,,,,,,,,,,,,,,,,,,,,,,,,,,,,,,,,
test_1776,data/raf-db/aligned/test_1776_aligned.jpg,5,sad,test,sad,data/raf-db/aligned/test_1776_aligned.jpg,sad,sad,data/raf-db/aligned/train_03928_aligned.jpg,data/raf-db/aligned/train_06376_aligned.jpg,0.9850541949272156,0.9771579504013062,original,,,,,,,,,,,,,,,,,,,,,,,,,,,,,,,,,,,,,,,,,,,,
test_1799,data/raf-db/aligned/test_1799_aligned.jpg,5,sad,test,sad,data/raf-db/aligned/test_1799_aligned.jpg,sad,sad,data/raf-db/aligned/train_02155_aligned.jpg,data/raf-db/aligned/train_02252_aligned.jpg,0.9805915355682373,0.9700793027877808,original,,,,,,,,,,,,,,,,,,,,,,,,,,,,,,,,,,,,,,,,,,,,
test_1801,data/raf-db/aligned/test_1801_aligned.jpg,6,angry,test,surprise,data/raf-db/aligned/test_1801_aligned.jpg,fear,fear,data/raf-db/aligned/train_09316_aligned.jpg,data/raf-db/aligned/train_07370_aligned.jpg,0.992664098739624,0.9916348457336426,original,,,,,,,,,,,,,,,,,,,,,,,,,,,,,,,,,,,,,,,,,,,,
test_1803,data/raf-db/aligned/test_1803_aligned.jpg,6,angry,test,angry,data/raf-db/aligned/test_1803_aligned.jpg,angry,angry,data/raf-db/aligned/train_04577_aligned.jpg,data/raf-db/aligned/train_08767_aligned.jpg,0.9931700825691223,0.9890531301498413,original,,,,,,,,,,,,,,,,,,,,,,,,,,,,,,,,,,,,,,,,,,,,
test_1804,data/raf-db/aligned/test_1804_aligned.jpg,5,sad,test,sad,data/raf-db/aligned/test_1804_aligned.jpg,sad,sad,data/raf-db/aligned/train_03397_aligned.jpg,data/raf-db/aligned/train_03728_aligned.jpg,0.9830093383789062,0.9825935363769531,original,,,,,,,,,,,,,,,,,,,,,,,,,,,,,,,,,,,,,,,,,,,,
test_1807,data/raf-db/aligned/test_1807_aligned.jpg,1,surprise,test,surprise,data/raf-db/aligned/test_1807_aligned.jpg,surprise,surprise,data/raf-db/aligned/train_06335_aligned.jpg,data/raf-db/aligned/train_07448_aligned.jpg,0.9722430109977722,0.9621201753616333,original,,,,,,,,,,,,,,,,,,,,,,,,,,,,,,,,,,,,,,,,,,,,
test_1810,data/raf-db/aligned/test_1810_aligned.jpg,5,sad,test,neutral,data/raf-db/aligned/test_1810_aligned.jpg,neutral,sad,data/raf-db/aligned/train_11234_aligned.jpg,data/raf-db/aligned/train_04650_aligned.jpg,0.9815484881401062,0.9748446941375732,framework,sad,0.7135831850360562,2.0,stop,1281.0,False,0.1147036183868555,0.2365460432032205,0.09447999358152996,0.022394333199548297,0.734919911510075,0.71360115976225,0.14488236983631655,0.05564011264007277,0.1147430976763236,0.04583009288669566,0.010862980952525704,0.3564929095779842,0.34615166868884184,0.0702791375775563,neutral,0.7757937196173812,3.0,stop,3696.0,False,0.09968315129098937,0.19140352165799518,0.06852311740246937,0.009690996156085367,0.775794952671874,0.6830842162353319,0.13871991912085813,0.050680338425729554,0.09731228525457437,0.034838131970824436,0.004927040914257758,0.3944252387809236,0.34728977569161323,0.07052718896207705,neutral,neutral,neutral,neutral
test_1814,data/raf-db/aligned/test_1814_aligned.jpg,5,sad,test,sad,data/raf-db/aligned/test_1814_aligned.jpg,sad,sad,data/raf-db/aligned/train_06922_aligned.jpg,data/raf-db/aligned/train_08812_aligned.jpg,0.9868639707565308,0.9813422560691833,original,,,,,,,,,,,,,,,,,,,,,,,,,,,,,,,,,,,,,,,,,,,,
test_1821,data/raf-db/aligned/test_1821_aligned.jpg,1,surprise,test,surprise,data/raf-db/aligned/test_1821_aligned.jpg,surprise,surprise,data/raf-db/aligned/train_00243_aligned.jpg,data/raf-db/aligned/train_05167_aligned.jpg,0.9798098206520081,0.9749737977981567,original,,,,,,,,,,,,,,,,,,,,,,,,,,,,,,,,,,,,,,,,,,,,
test_1824,data/raf-db/aligned/test_1824_aligned.jpg,5,sad,test,surprise,data/raf-db/aligned/test_1824_aligned.jpg,happy,surprise,data/raf-db/aligned/train_05763_aligned.jpg,data/raf-db/aligned/train_02128_aligned.jpg,0.9333318471908569,0.932780385017395,framework,neutral,0.7020935669896164,3.0,stop,1282.0,False,0.11730056081507653,0.2361308350191764,0.16764312065221015,0.14427577323480809,0.7020935948868188,0.5185871560556449,0.40406064702923417,0.05122090152348648,0.10310977341568967,0.07320367195476496,0.06299999865077499,0.30657881457755326,0.22644820678689415,0.17643863309083643,surprise,0.7244456449934487,2.0,stop,3695.0,False,0.08620597139051102,0.13662111905523186,0.156042141606539,0.3610497273989957,0.32262297910162024,0.1492124862417439,0.7244452998882744,0.044523284603105,0.07056148046793352,0.08059196560008468,0.18647339052696302,0.16662691094765802,0.07706461494626018,0.3741583529079956,surprise,surprise,surprise,surprise
test_1833,data/raf-db/aligned/test_1833_aligned.jpg,1,surprise,test,surprise,data/raf-db/aligned/test_1833_aligned.jpg,happy,surprise,data/raf-db/aligned/train_02171_aligned.jpg,data/raf-db/aligned/train_04302_aligned.jpg,0.9974848628044128,0.9666868448257446,framework,surprise,0.7704134794423285,2.0,stop,1281.0,False,0.07367384570866867,0.18518555835815595,0.07345953163504589,0.05526546906866923,0.6547174961460582,0.18686987405241468,0.7703603192025656,0.036845542976489364,0.09261444659875778,0.036738360864110434,0.027639200805909616,0.32743535252796874,0.09345680151727513,0.385270294709489,surprise,0.8337591747344316,2.0,stop,3695.0,False,0.08492668112459519,0.19210534715828215,0.23106823358845427,0.1209017274602683,0.4014705812293742,0.1645771867918527,0.8337990000735533,0.041859542666120526,0.09468687424585072,0.11389130547195996,0.05959129630423198,0.1978809804130716,0.08111850929717447,0.4109714916015907,surprise,surprise,surprise,surprise
test_1840,data/raf-db/aligned/test_1840_aligned.jpg,1,surprise,test,neutral,data/raf-db/aligned/test_1840_aligned.jpg,neutral,disgust,data/raf-db/aligned/train_12198_aligned.jpg,data/raf-db/aligned/train_08269_aligned.jpg,0.9811130166053772,0.9742091298103333,framework,angry,0.5767598189885484,2.0,stop,1281.0,False,0.5870088251762284,0.29585107360392326,0.19311131317043034,0.015159535518292938,0.5814567969960195,0.2845743505279186,0.39102381983711465,0.24998398613405404,0.12599134375764265,0.08223851799746462,0.0064558503284272385,0.24761959555576835,0.12118903063360535,0.16652167559303774,neutral,0.7145963814244602,3.0,stop,3696.0,False,0.3401065267269811,0.5002227607896301,0.17584655560191664,0.008062240421331614,0.7145959839004435,0.32269979702420915,0.38979502469888777,0.13874373537981438,0.2040618715020114,0.07173519488930362,0.003288926450046093,0.2915137120357293,0.13164279932030726,0.15901376042278795,neutral,neutral,neutral,neutral
test_1843,data/raf-db/aligned/test_1843_aligned.jpg,5,sad,test,sad,data/raf-db/aligned/test_1843_aligned.jpg,sad,sad,data/raf-db/aligned/train_07375_aligned.jpg,data/raf-db/aligned/train_07242_aligned.jpg,0.9881959557533264,0.985218346118927,original,,,,,,,,,,,,,,,,,,,,,,,,,,,,,,,,,,,,,,,,,,,,
test_1844,data/raf-db/aligned/test_1844_aligned.jpg,4,happy,test,neutral,data/raf-db/aligned/test_1844_aligned.jpg,neutral,neutral,data/raf-db/aligned/train_09812_aligned.jpg,data/raf-db/aligned/train_11482_aligned.jpg,0.9900475144386292,0.9710841178894043,original,,,,,,,,,,,,,,,,,,,,,,,,,,,,,,,,,,,,,,,,,,,,
test_1852,data/raf-db/aligned/test_1852_aligned.jpg,3,disgust,test,neutral,data/raf-db/aligned/test_1852_aligned.jpg,disgust,neutral,data/raf-db/aligned/train_08605_aligned.jpg,data/raf-db/aligned/train_10051_aligned.jpg,0.9871219396591187,0.9729405641555786,framework,surprise,0.7103421223604343,2.0,stop,1281.0,False,0.20764484867480984,0.3137692558294748,0.07977010782021424,0.028500771131537015,0.6466486951383825,0.2512801192732405,0.7103415726062363,0.09278328398069897,0.1402035357671288,0.03564419061820818,0.012735182974404834,0.28894619779725644,0.11228111274624346,0.3174064961160592,neutral,0.8592093809226788,3.0,stop,3696.0,False,0.16760193366910597,0.47787298182664684,0.09885416575761345,0.01401399557483873,0.8592095516330437,0.29261619253825627,0.292792801991796,0.0760802784396793,0.216922971711947,0.04487330361360717,0.0063614342749238485,0.3900247478965895,0.1328285474809707,0.13290871658228257,neutral,neutral,neutral,neutral
test_1858,data/raf-db/aligned/test_1858_aligned.jpg,6,angry,test,angry,data/raf-db/aligned/test_1858_aligned.jpg,surprise,angry,data/raf-db/aligned/train_06643_aligned.jpg,data/raf-db/aligned/train_00208_aligned.jpg,0.9566676616668701,0.9371229410171509,framework,angry,0.8245951612295245,2.0,stop,1281.0,False,0.8137383753408942,0.28201683325647414,0.1398891336866263,0.002887508995544266,0.26603336256117516,0.22595844709245222,0.15059031026315978,0.43258323940010057,0.1499201205108911,0.07436504955500461,0.001534999494851397,0.14142330907892134,0.1201194880014368,0.08005379395879418,surprise,0.5675637140235206,2.0,stop,3695.0,False,0.5008563898181921,0.3511807317415395,0.18045650952121506,0.030039922180990063,0.5125171885442567,0.3640454726781195,0.5676495065986338,0.1998034286468496,0.14009427792693105,0.0719883584535473,0.01198363357253979,0.20445519632635198,0.1452263265541138,0.22644877851966647,angry,angry,angry,angry
test_1863,data/raf-db/aligned/test_1863_aligned.jpg,6,angry,test,disgust,data/raf-db/aligned/test_1863_aligned.jpg,disgust,disgust,data/raf-db/aligned/train_09489_aligned.jpg,data/raf-db/aligned/train_09500_aligned.jpg,0.9906221628189087,0.9890632629394531,original,,,,,,,,,,,,,,,,,,,,,,,,,,,,,,,,,,,,,,,,,,,,
test_1872,data/raf-db/aligned/test_1872_aligned.jpg,5,sad,test,sad,data/raf-db/aligned/test_1872_aligned.jpg,neutral,sad,data/raf-db/aligned/train_12081_aligned.jpg,data/raf-db/aligned/train_00221_aligned.jpg,0.9891053438186646,0.9878014326095581,framework,sad,0.6314479808282429,2.0,stop,1281.0,False,0.28474521874359604,0.26956155181896174,0.18937199199698218,0.022524716078235307,0.7062948244468161,0.6314299774396549,0.21820173742901033,0.12262242705710884,0.1160837462738436,0.0815509857470841,0.0097000236438478,0.30415817330906814,0.27191844236017504,0.09396620160887245,sad,0.7812386604394014,2.0,stop,3695.0,False,0.24692482425497939,0.2374053633042868,0.09992410755183219,0.005988243700100403,0.6079480515378392,0.7812339145519751,0.17426821999338976,0.11465183561275498,0.11023177102291924,0.04639664070775535,0.002780454068903451,0.282281703657446,0.36274158589186845,0.08091600903835261,sad,sad,sad,sad
test_1875,data/raf-db/aligned/test_1875_aligned.jpg,5,sad,test,angry,data/raf-db/aligned/test_1875_aligned.jpg,angry,disgust,data/raf-db/aligned/train_01139_aligned.jpg,data/raf-db/aligned/train_03650_aligned.jpg,0.9731491804122925,0.9711323976516724,framework,angry,0.6262147634097742,2.0,stop,1281.0,False,0.6262117773922113,0.26307464032289296,0.11125425245791563,0.0028190346402020092,0.36072875949279715,0.6267533840789226,0.1088599284775119,0.29823843761657826,0.1252914310126463,0.052985740015022924,0.001342588110019339,0.1717999972509561,0.29849638219360314,0.051845423801173955,angry,0.7848639881864916,2.0,stop,3695.0,False,0.7988081191894788,0.36611453195187466,0.11677758124457542,0.0010885379149751478,0.20887688337770324,0.178207915881813,0.1115157160110217,0.4484186166715567,0.2055219119803063,0.06555421781776069,0.0006110612227163821,0.11725504642333064,0.10003872669787989,0.06260041918644929,angry,angry,angry,angry
test_1876,data/raf-db/aligned/test_1876_aligned.jpg,4,happy,test,happy,data/raf-db/aligned/test_1876_aligned.jpg,happy,happy,data/raf-db/aligned/train_00438_aligned.jpg,data/raf-db/aligned/train_02332_aligned.jpg,0.9816454648971558,0.9765536785125732,original,,,,,,,,,,,,,,,,,,,,,,,,,,,,,,,,,,,,,,,,,,,,
test_1882,data/raf-db/aligned/test_1882_aligned.jpg,5,sad,test,happy,data/raf-db/aligned/test_1882_aligned.jpg,happy,happy,data/raf-db/aligned/train_03271_aligned.jpg,data/raf-db/aligned/train_09018_aligned.jpg,0.9911574125289917,0.9769688844680786,original,,,,,,,,,,,,,,,,,,,,,,,,,,,,,,,,,,,,,,,,,,,,
test_1901,data/raf-db/aligned/test_1901_aligned.jpg,6,angry,test,angry,data/raf-db/aligned/test_1901_aligned.jpg,angry,angry,data/raf-db/aligned/train_08359_aligned.jpg,data/raf-db/aligned/train_07034_aligned.jpg,0.9970486164093018,0.9960363507270813,original,,,,,,,,,,,,,,,,,,,,,,,,,,,,,,,,,,,,,,,,,,,,
test_1903,data/raf-db/aligned/test_1903_aligned.jpg,1,surprise,test,surprise,data/raf-db/aligned/test_1903_aligned.jpg,surprise,surprise,data/raf-db/aligned/train_00852_aligned.jpg,data/raf-db/aligned/train_01611_aligned.jpg,0.9873350262641907,0.9790966510772705,original,,,,,,,,,,,,,,,,,,,,,,,,,,,,,,,,,,,,,,,,,,,,
test_1914,data/raf-db/aligned/test_1914_aligned.jpg,6,angry,test,happy,data/raf-db/aligned/test_1914_aligned.jpg,happy,angry,data/raf-db/aligned/train_03009_aligned.jpg,data/raf-db/aligned/train_08259_aligned.jpg,0.9685248732566833,0.9335328340530396,framework,happy,0.43399385537386714,1.0,stop,1280.0,False,0.16552909186168024,0.2774799839665105,0.11282148789905355,0.43399385537386714,0.5896325453407151,0.328956522969336,0.39944380466587726,0.07172414534899875,0.12023273055882167,0.048885816417840885,0.18805055965279321,0.25548917056741144,0.1425376361435588,0.1730799413105753,happy,0.8706961493251959,1.0,stop,3694.0,False,0.17911726591547325,0.1727200375677249,0.043322526528477415,0.8706961493251959,0.31000152499115907,0.1569825499850639,0.15224571658925234,0.09501809874132888,0.09162449806464128,0.022981726984093634,0.46188675484427105,0.1644495596838379,0.08327607815421575,0.08076328352761152,happy,happy,happy,happy
test_1937,data/raf-db/aligned/test_1937_aligned.jpg,5,sad,test,sad,data/raf-db/aligned/test_1937_aligned.jpg,sad,sad,data/raf-db/aligned/train_00745_aligned.jpg,data/raf-db/aligned/train_03735_aligned.jpg,0.9817522764205933,0.9600166082382202,original,,,,,,,,,,,,,,,,,,,,,,,,,,,,,,,,,,,,,,,,,,,,
test_1948,data/raf-db/aligned/test_1948_aligned.jpg,6,angry,test,angry,data/raf-db/aligned/test_1948_aligned.jpg,angry,angry,data/raf-db/aligned/train_04655_aligned.jpg,data/raf-db/aligned/train_07813_aligned.jpg,0.9776861667633057,0.9759327173233032,original,,,,,,,,,,,,,,,,,,,,,,,,,,,,,,,,,,,,,,,,,,,,
test_1958,data/raf-db/aligned/test_1958_aligned.jpg,3,disgust,test,neutral,data/raf-db/aligned/test_1958_aligned.jpg,neutral,neutral,data/raf-db/aligned/train_09895_aligned.jpg,data/raf-db/aligned/train_11726_aligned.jpg,0.9834901094436646,0.9735337495803833,original,,,,,,,,,,,,,,,,,,,,,,,,,,,,,,,,,,,,,,,,,,,,
test_1963,data/raf-db/aligned/test_1963_aligned.jpg,3,disgust,test,disgust,data/raf-db/aligned/test_1963_aligned.jpg,disgust,happy,data/raf-db/aligned/train_03227_aligned.jpg,data/raf-db/aligned/train_00530_aligned.jpg,0.9783950448036194,0.9587782621383667,framework,disgust,0.7526791136366862,3.0,stop,1282.0,False,0.38375521905142096,0.7525022876416132,0.08357880138252434,0.09566307707576686,0.1682456717884689,0.15274222128116918,0.3503995476608678,0.1931439748114997,0.37873434854933596,0.042065204869144945,0.04814721997731761,0.08467803480140201,0.07687514924931786,0.17635606774198198,surprise,0.6955860218851184,2.0,stop,3695.0,False,0.2042620992996202,0.495331707100344,0.17528612279970124,0.20188305965092687,0.17890662168946359,0.17190639084231163,0.6955436102060528,0.096208474635492,0.23330372174828132,0.08256064417800757,0.0950879350127086,0.08426591733831419,0.08096877345205207,0.3276045336351441,disgust,disgust,disgust,disgust
test_1989,data/raf-db/aligned/test_1989_aligned.jpg,4,happy,test,happy,data/raf-db/aligned/test_1989_aligned.jpg,happy,happy,data/raf-db/aligned/train_08346_aligned.jpg,data/raf-db/aligned/train_01369_aligned.jpg,0.988327145576477,0.9836718440055847,original,,,,,,,,,,,,,,,,,,,,,,,,,,,,,,,,,,,,,,,,,,,,
test_1990,data/raf-db/aligned/test_1990_aligned.jpg,3,disgust,test,surprise,data/raf-db/aligned/test_1990_aligned.jpg,surprise,disgust,data/raf-db/aligned/train_07004_aligned.jpg,data/raf-db/aligned/train_09640_aligned.jpg,0.9321601390838623,0.9169919490814209,framework,sad,0.5872743840279055,2.0,stop,1281.0,False,0.20188164275036044,0.29028585007943375,0.20795377263428452,0.03214341457288667,0.6456310295130523,0.5872671525434771,0.4574735275375884,0.08333138378273217,0.11982229414280292,0.08583779783228285,0.01326794838485087,0.2664993526376314,0.24240829331920732,0.18883292990049244,surprise,0.6529497242024564,2.0,stop,3695.0,False,0.11305878328596171,0.5852027333527182,0.2883752514941263,0.0509822093457969,0.4114982713871775,0.3401521422588133,0.6529500351731548,0.04629345834716896,0.23961922792492432,0.11807917355373962,0.020875359845565853,0.16849357062521733,0.13927992652751214,0.2673592831758717,surprise,surprise,surprise,surprise
test_1991,data/raf-db/aligned/test_1991_aligned.jpg,4,happy,test,disgust,data/raf-db/aligned/test_1991_aligned.jpg,disgust,disgust,data/raf-db/aligned/train_09628_aligned.jpg,data/raf-db/aligned/train_09626_aligned.jpg,0.9795784950256348,0.9518064260482788,original,,,,,,,,,,,,,,,,,,,,,,,,,,,,,,,,,,,,,,,,,,,,
test_1997,data/raf-db/aligned/test_1997_aligned.jpg,6,angry,test,angry,data/raf-db/aligned/test_1997_aligned.jpg,angry,angry,data/raf-db/aligned/train_04926_aligned.jpg,data/raf-db/aligned/train_01272_aligned.jpg,0.9941452741622925,0.9897767305374146,original,,,,,,,,,,,,,,,,,,,,,,,,,,,,,,,,,,,,,,,,,,,,
test_2009,data/raf-db/aligned/test_2009_aligned.jpg,4,happy,test,surprise,data/raf-db/aligned/test_2009_aligned.jpg,surprise,surprise,data/raf-db/aligned/train_05023_aligned.jpg,data/raf-db/aligned/train_07081_aligned.jpg,0.9407020807266235,0.9319243431091309,original,,,,,,,,,,,,,,,,,,,,,,,,,,,,,,,,,,,,,,,,,,,,
test_2018,data/raf-db/aligned/test_2018_aligned.jpg,4,happy,test,neutral,data/raf-db/aligned/test_2018_aligned.jpg,neutral,neutral,data/raf-db/aligned/train_11600_aligned.jpg,data/raf-db/aligned/train_09824_aligned.jpg,0.9410649538040161,0.9379599690437317,original,,,,,,,,,,,,,,,,,,,,,,,,,,,,,,,,,,,,,,,,,,,,
test_2025,data/raf-db/aligned/test_2025_aligned.jpg,5,sad,test,sad,data/raf-db/aligned/test_2025_aligned.jpg,sad,happy,data/raf-db/aligned/train_02643_aligned.jpg,data/raf-db/aligned/train_03425_aligned.jpg,0.9203894734382629,0.8638858199119568,framework,neutral,0.7264091407970299,3.0,stop,1282.0,False,0.19128558364413564,0.31454730709707274,0.19934508801224812,0.058784064211800775,0.7264088521599206,0.5810588281378515,0.2832670296525052,0.08123576142332976,0.13358293661704296,0.08465849700834019,0.024964600702411306,0.30849358893475215,0.24676588499916052,0.12029873031496312,sad,0.7152729797564916,2.0,stop,3695.0,False,0.17608647624396184,0.2703220080101513,0.18556379505109377,0.2419843724468462,0.4194478242740729,0.7153218219505895,0.23957987012273763,0.07831961622593953,0.12023362825120076,0.08253493126692585,0.1076296350916483,0.18656170152690646,0.318160325359632,0.10656016227774717,neutral,neutral,sad,sad
test_2028,data/raf-db/aligned/test_2028_aligned.jpg,4,happy,test,happy,data/raf-db/aligned/test_2028_aligned.jpg,happy,happy,data/raf-db/aligned/train_08182_aligned.jpg,data/raf-db/aligned/train_08340_aligned.jpg,0.9740234613418579,0.9726008772850037,original,,,,,,,,,,,,,,,,,,,,,,,,,,,,,,,,,,,,,,,,,,,,
test_2034,data/raf-db/aligned/test_2034_aligned.jpg,3,disgust,test,neutral,data/raf-db/aligned/test_2034_aligned.jpg,disgust,neutral,data/raf-db/aligned/train_09663_aligned.jpg,data/raf-db/aligned/train_10747_aligned.jpg,0.9493284225463867,0.9473804235458374,framework,neutral,0.844249097463673,3.0,stop,1282.0,False,0.1063563292760228,0.2781204294362908,0.09500388142984344,0.02333291013410002,0.8442483929865613,0.532886231348086,0.17844776122426173,0.05166951966064302,0.13511512755851182,0.04615432812312511,0.011335482026509643,0.4101486882522526,0.25888422245250625,0.08669263192645149,neutral,0.770726706201387,3.0,stop,3696.0,False,0.17872192000056303,0.5499693716917032,0.1327804635997888,0.008385686462282124,0.7707272880851201,0.46465360064844535,0.24870317365484193,0.07592453749850073,0.23363765442930595,0.05640771589527863,0.0035624022294198903,0.3274198983826502,0.19739386039572054,0.10565393116912407,neutral,neutral,neutral,neutral
test_2037,data/raf-db/aligned/test_2037_aligned.jpg,3,disgust,test,disgust,data/raf-db/aligned/test_2037_aligned.jpg,disgust,disgust,data/raf-db/aligned/train_04318_aligned.jpg,data/raf-db/aligned/train_00551_aligned.jpg,0.9893432855606079,0.9877004623413086,original,,,,,,,,,,,,,,,,,,,,,,,,,,,,,,,,,,,,,,,,,,,,
test_2038,data/raf-db/aligned/test_2038_aligned.jpg,5,sad,test,neutral,data/raf-db/aligned/test_2038_aligned.jpg,disgust,neutral,data/raf-db/aligned/train_09637_aligned.jpg,data/raf-db/aligned/train_11395_aligned.jpg,0.988274872303009,0.9774478673934937,framework,sad,0.790927063670596,2.0,stop,1281.0,False,0.22237305149929376,0.23843073753966484,0.1427444037746193,0.011466001575260535,0.6129547008889379,0.7909048293946654,0.1556472533480234,0.10226300585139764,0.10964747636360622,0.06564406837986177,0.005272886162587586,0.2818803346045113,0.36371450879938205,0.07157771983865338,angry,0.534649658980904,2.0,stop,3695.0,False,0.5450184480770699,0.5134489934863212,0.12905811809099116,0.0014271901047519626,0.6086409744465795,0.3934255282780298,0.1639725832506557,0.2314311412069533,0.21802580616004696,0.054801938644829594,0.000606027623151779,0.2584471696296884,0.1670602514659423,0.06962766526938774,sad,sad,neutral,neutral
test_2047,data/raf-db/aligned/test_2047_aligned.jpg,4,happy,test,neutral,data/raf-db/aligned/test_2047_aligned.jpg,neutral,neutral,data/raf-db/aligned/train_11946_aligned.jpg,data/raf-db/aligned/train_10243_aligned.jpg,0.9904851913452148,0.9844870567321777,original,,,,,,,,,,,,,,,,,,,,,,,,,,,,,,,,,,,,,,,,,,,,
test_2051,data/raf-db/aligned/test_2051_aligned.jpg,1,surprise,test,surprise,data/raf-db/aligned/test_2051_aligned.jpg,surprise,surprise,data/raf-db/aligned/train_07930_aligned.jpg,data/raf-db/aligned/train_04058_aligned.jpg,0.960685133934021,0.9342027902603149,original,,,,,,,,,,,,,,,,,,,,,,,,,,,,,,,,,,,,,,,,,,,,
test_2052,data/raf-db/aligned/test_2052_aligned.jpg,5,sad,test,sad,data/raf-db/aligned/test_2052_aligned.jpg,sad,sad,data/raf-db/aligned/train_09031_aligned.jpg,data/raf-db/aligned/train_00622_aligned.jpg,0.9844790101051331,0.984342098236084,original,,,,,,,,,,,,,,,,,,,,,,,,,,,,,,,,,,,,,,,,,,,,
test_2054,data/raf-db/aligned/test_2054_aligned.jpg,5,sad,test,neutral,data/raf-db/aligned/test_2054_aligned.jpg,neutral,sad,data/raf-db/aligned/train_11978_aligned.jpg,data/raf-db/aligned/train_00699_aligned.jpg,0.9854166507720947,0.9614825248718262,framework,sad,0.5095511534241406,2.0,stop,1281.0,False,0.27148935400051954,0.32619681964101704,0.2795740015901563,0.03753303186291457,0.612611222603221,0.5095569347414025,0.4790831442554788,0.10790323981246444,0.12964668093659582,0.11111647692400939,0.014917475320174761,0.2434818702476116,0.20252302094836702,0.19041123581077696,sad,0.6060839131001753,2.0,stop,3695.0,False,0.44967921080661577,0.26868093044435304,0.12512978005464864,0.017217694981006632,0.5581531036134121,0.6061380999072826,0.3245120120176217,0.19139269532855713,0.1143561148154656,0.05325780088336784,0.007328204129892473,0.2375614089763002,0.25798480760204695,0.13811896826436962,sad,sad,neutral,neutral
test_2077,data/raf-db/aligned/test_2077_aligned.jpg,5,sad,test,sad,data/raf-db/aligned/test_2077_aligned.jpg,sad,sad,data/raf-db/aligned/train_07965_aligned.jpg,data/raf-db/aligned/train_00992_aligned.jpg,0.9892280101776123,0.988863468170166,original,,,,,,,,,,,,,,,,,,,,,,,,,,,,,,,,,,,,,,,,,,,,
test_2082,data/raf-db/aligned/test_2082_aligned.jpg,4,happy,test,happy,data/raf-db/aligned/test_2082_aligned.jpg,happy,happy,data/raf-db/aligned/train_05218_aligned.jpg,data/raf-db/aligned/train_09114_aligned.jpg,0.9862896203994751,0.9862815141677856,original,,,,,,,,,,,,,,,,,,,,,,,,,,,,,,,,,,,,,,,,,,,,
test_2097,data/raf-db/aligned/test_2097_aligned.jpg,5,sad,test,neutral,data/raf-db/aligned/test_2097_aligned.jpg,neutral,sad,data/raf-db/aligned/train_11704_aligned.jpg,data/raf-db/aligned/train_07284_aligned.jpg,0.9454954862594604,0.9384651780128479,framework,neutral,0.8289283034389533,3.0,stop,1282.0,False,0.11364131416537347,0.19167574168253654,0.12655361547805422,0.16319219971581442,0.8289283363786105,0.35613570916274184,0.29542987952884536,0.054752206433594755,0.0923490708814097,0.06097333289800595,0.07862574515981118,0.3993763687562755,0.17158562455620138,0.14233765131470144,neutral,0.764957564308346,3.0,stop,3696.0,False,0.12144662050988567,0.18460559728013562,0.11561228552475014,0.041637310726619615,0.7649566828356706,0.628304524584775,0.2459865412324123,0.05776159699857992,0.08780083026607863,0.0549867111701292,0.019803248144726126,0.3638233772979124,0.2988298281918515,0.11699440793072206,neutral,neutral,neutral,neutral
test_2101,data/raf-db/aligned/test_2101_aligned.jpg,6,angry,test,angry,data/raf-db/aligned/test_2101_aligned.jpg,angry,angry,data/raf-db/aligned/train_02377_aligned.jpg,data/raf-db/aligned/train_07995_aligned.jpg,0.9901909232139587,0.984844982624054,original,,,,,,,,,,,,,,,,,,,,,,,,,,,,,,,,,,,,,,,,,,,,
test_2103,data/raf-db/aligned/test_2103_aligned.jpg,1,surprise,test,surprise,data/raf-db/aligned/test_2103_aligned.jpg,surprise,fear,data/raf-db/aligned/train_05610_aligned.jpg,data/raf-db/aligned/train_09256_aligned.jpg,0.973186731338501,0.968568742275238,framework,neutral,0.6846536189281068,3.0,stop,1282.0,False,0.12560216675067828,0.22090214057584365,0.19478286880771128,0.0280438329517411,0.6846544894825278,0.5314555186385591,0.531836893537815,0.054202461503766786,0.09532828995242779,0.0840567581059362,0.01210205854969142,0.29545635692114697,0.22934474806594332,0.22950932690108758,surprise,0.7607861708578034,2.0,stop,3695.0,False,0.09033367007959987,0.2010783667539237,0.5558804637986507,0.009366773497031723,0.15746034509143622,0.21720052829241107,0.7608389405187564,0.04534460657398937,0.10093489418688081,0.27903417309299483,0.004701820026976761,0.07904004556533789,0.1090277024547263,0.38191675809909403,surprise,surprise,surprise,surprise
test_2112,data/raf-db/aligned/test_2112_aligned.jpg,4,happy,test,happy,data/raf-db/aligned/test_2112_aligned.jpg,disgust,happy,data/raf-db/aligned/train_05168_aligned.jpg,data/raf-db/aligned/train_07513_aligned.jpg,0.9419335126876831,0.9208877682685852,framework,happy,0.8561242873610568,1.0,stop,1280.0,False,0.10104071358464216,0.11043484653918617,0.0503030200843012,0.8561242873610568,0.2555593293140419,0.09507378150373268,0.30031664670728253,0.0571221774788947,0.06243303991100009,0.028438219991120565,0.4839997833711235,0.14447745713152663,0.05374884269890331,0.16978047941743132,disgust,0.6397534357358303,3.0,stop,3696.0,False,0.24960926843645848,0.6396089928808127,0.1663223912633539,0.20604301732631078,0.3734699846497218,0.3199152258766345,0.4536471663921134,0.10363182158710911,0.2655504158596915,0.06905309440355571,0.0855441520444401,0.15505584011281548,0.13282118015376004,0.188343495838628,happy,happy,happy,happy
test_2120,data/raf-db/aligned/test_2120_aligned.jpg,4,happy,test,happy,data/raf-db/aligned/test_2120_aligned.jpg,happy,happy,data/raf-db/aligned/train_08368_aligned.jpg,data/raf-db/aligned/train_01025_aligned.jpg,0.9762471914291382,0.9697004556655884,original,,,,,,,,,,,,,,,,,,,,,,,,,,,,,,,,,,,,,,,,,,,,
test_2124,data/raf-db/aligned/test_2124_aligned.jpg,5,sad,test,sad,data/raf-db/aligned/test_2124_aligned.jpg,sad,sad,data/raf-db/aligned/train_00971_aligned.jpg,data/raf-db/aligned/train_04552_aligned.jpg,0.9916618466377258,0.9493981599807739,original,,,,,,,,,,,,,,,,,,,,,,,,,,,,,,,,,,,,,,,,,,,,
test_2129,data/raf-db/aligned/test_2129_aligned.jpg,4,happy,test,neutral,data/raf-db/aligned/test_2129_aligned.jpg,happy,surprise,data/raf-db/aligned/train_05502_aligned.jpg,data/raf-db/aligned/train_07048_aligned.jpg,0.9396733641624451,0.9337993860244751,framework,neutral,0.8331153156661169,3.0,stop,1282.0,False,0.16344183484205752,0.248195988156843,0.19011821813770008,0.11387242191502105,0.8331168384141988,0.28810944219494194,0.297689725448081,0.07656988983241622,0.11627585733103185,0.08906734944579207,0.053347411385887854,0.3903019358327161,0.134974673221601,0.1394628829505549,neutral,0.729000495116062,3.0,stop,3696.0,False,0.08364423401244238,0.2558438199094481,0.16678610339043287,0.20738539939104925,0.7290003792489832,0.25049169849534286,0.5157505059609024,0.037866880783125105,0.11582397211228301,0.0755063342731792,0.09388618698730004,0.33002837287944914,0.11340099405626321,0.2334872589084002,neutral,neutral,neutral,neutral
test_2133,data/raf-db/aligned/test_2133_aligned.jpg,4,happy,test,happy,data/raf-db/aligned/test_2133_aligned.jpg,happy,happy,data/raf-db/aligned/train_03273_aligned.jpg,data/raf-db/aligned/train_08184_aligned.jpg,0.9780775308609009,0.9721581935882568,original,,,,,,,,,,,,,,,,,,,,,,,,,,,,,,,,,,,,,,,,,,,,
test_2138,data/raf-db/aligned/test_2138_aligned.jpg,5,sad,test,sad,data/raf-db/aligned/test_2138_aligned.jpg,sad,sad,data/raf-db/aligned/train_00752_aligned.jpg,data/raf-db/aligned/train_03726_aligned.jpg,0.9664657115936279,0.9624559879302979,original,,,,,,,,,,,,,,,,,,,,,,,,,,,,,,,,,,,,,,,,,,,,
test_2140,data/raf-db/aligned/test_2140_aligned.jpg,4,happy,test,neutral,data/raf-db/aligned/test_2140_aligned.jpg,happy,neutral,data/raf-db/aligned/train_04742_aligned.jpg,data/raf-db/aligned/train_12171_aligned.jpg,0.9853357076644897,0.9847182035446167,framework,happy,0.524085113903139,1.0,stop,1280.0,False,0.04208227976263551,0.07136892386506623,0.04914453145178105,0.524085113903139,0.7115026770811703,0.2834139903539477,0.1516969537507549,0.022954457370270586,0.03892932915381938,0.02680667631494261,0.28587066749564316,0.3881005963083375,0.15459272635448448,0.0827455470025024,neutral,0.8909795424163641,3.0,stop,3696.0,False,0.10198121406710449,0.18974184127756508,0.06375547399961169,0.15782515671268213,0.8909795070114784,0.28155745368496643,0.13293793624766223,0.05607126399016128,0.10432377148651162,0.03505400525137708,0.08677535472859108,0.4898779407998747,0.1548057890699281,0.07309187467355611,neutral,neutral,neutral,neutral
test_2144,data/raf-db/aligned/test_2144_aligned.jpg,4,happy,test,neutral,data/raf-db/aligned/test_2144_aligned.jpg,neutral,neutral,data/raf-db/aligned/train_11486_aligned.jpg,data/raf-db/aligned/train_09912_aligned.jpg,0.9867663383483887,0.9867292642593384,original,,,,,,,,,,,,,,,,,,,,,,,,,,,,,,,,,,,,,,,,,,,,
test_2152,data/raf-db/aligned/test_2152_aligned.jpg,4,happy,test,neutral,data/raf-db/aligned/test_2152_aligned.jpg,neutral,neutral,data/raf-db/aligned/train_11892_aligned.jpg,data/raf-db/aligned/train_10534_aligned.jpg,0.9373984932899475,0.9289318919181824,original,,,,,,,,,,,,,,,,,,,,,,,,,,,,,,,,,,,,,,,,,,,,
test_2154,data/raf-db/aligned/test_2154_aligned.jpg,3,disgust,test,disgust,data/raf-db/aligned/test_2154_aligned.jpg,surprise,neutral,data/raf-db/aligned/train_05303_aligned.jpg,data/raf-db/aligned/train_12270_aligned.jpg,0.9621296525001526,0.950875997543335,framework,disgust,0.8448308876275744,3.0,stop,1282.0,False,0.1398569462941078,0.844858562988151,0.08897622485503898,0.03858203965253746,0.26869256174761175,0.20324931953867287,0.47107714578531534,0.06804721265772426,0.41106481890757623,0.043291264786090994,0.018772040478303904,0.130732011339209,0.0988906882043692,0.22920196362672643,surprise,0.6093995911866049,2.0,stop,3695.0,False,0.32497928283935934,0.45402127439180445,0.3248912358353729,0.01739037480438267,0.3258030356263963,0.3589295732989414,0.6094001716461853,0.13454387332036644,0.18796823075247418,0.13450742119687384,0.007199746286076723,0.1348849131849943,0.1485995495433999,0.25229626571581476,disgust,disgust,disgust,disgust
test_2168,data/raf-db/aligned/test_2168_aligned.jpg,4,happy,test,neutral,data/raf-db/aligned/test_2168_aligned.jpg,neutral,neutral,data/raf-db/aligned/train_11038_aligned.jpg,data/raf-db/aligned/train_10209_aligned.jpg,0.9758685231208801,0.9644342064857483,original,,,,,,,,,,,,,,,,,,,,,,,,,,,,,,,,,,,,,,,,,,,,
test_2169,data/raf-db/aligned/test_2169_aligned.jpg,5,sad,test,neutral,data/raf-db/aligned/test_2169_aligned.jpg,neutral,sad,data/raf-db/aligned/train_12255_aligned.jpg,data/raf-db/aligned/train_06078_aligned.jpg,0.9810922145843506,0.9767335653305054,framework,neutral,0.8413335698618712,3.0,stop,1282.0,False,0.07740633349439716,0.1901211705412348,0.05284193951129547,0.006215133286153537,0.8413334361344922,0.6008330059668484,0.10767354599686206,0.04125203588838747,0.10132097718950787,0.028160971935064488,0.003312221233034828,0.44837050839040926,0.3202009913938914,0.057382293969704644,sad,0.7272737092799421,2.0,stop,3695.0,False,0.124921952752608,0.23584583966796463,0.087739479969227,0.013252857120324112,0.7138865909402327,0.7272763946090044,0.18383788239026402,0.0598640442797636,0.11302005354528293,0.04204577336669579,0.00635092237995695,0.34210270932450954,0.3485192580740483,0.08809723902974276,neutral,neutral,neutral,neutral
test_2172,data/raf-db/aligned/test_2172_aligned.jpg,6,angry,test,sad,data/raf-db/aligned/test_2172_aligned.jpg,sad,sad,data/raf-db/aligned/train_02861_aligned.jpg,data/raf-db/aligned/train_03653_aligned.jpg,0.9758232235908508,0.9711632132530212,original,,,,,,,,,,,,,,,,,,,,,,,,,,,,,,,,,,,,,,,,,,,,
test_2203,data/raf-db/aligned/test_2203_aligned.jpg,4,happy,test,happy,data/raf-db/aligned/test_2203_aligned.jpg,happy,happy,data/raf-db/aligned/train_05764_aligned.jpg,data/raf-db/aligned/train_08600_aligned.jpg,0.8926096558570862,0.8731820583343506,original,,,,,,,,,,,,,,,,,,,,,,,,,,,,,,,,,,,,,,,,,,,,
test_2209,data/raf-db/aligned/test_2209_aligned.jpg,5,sad,test,sad,data/raf-db/aligned/test_2209_aligned.jpg,sad,sad,data/raf-db/aligned/train_08419_aligned.jpg,data/raf-db/aligned/train_00269_aligned.jpg,0.9905802011489868,0.9805795550346375,original,,,,,,,,,,,,,,,,,,,,,,,,,,,,,,,,,,,,,,,,,,,,
test_2211,data/raf-db/aligned/test_2211_aligned.jpg,5,sad,test,neutral,data/raf-db/aligned/test_2211_aligned.jpg,neutral,sad,data/raf-db/aligned/train_10433_aligned.jpg,data/raf-db/aligned/train_03051_aligned.jpg,0.9630440473556519,0.9546360373497009,framework,neutral,0.7724867636025763,3.0,stop,1282.0,False,0.23318606189187058,0.32034323969466943,0.14808879246345988,0.03554758462480014,0.7724877151494844,0.46599107439531934,0.3631444009036978,0.09970376760826673,0.13696971279615786,0.06331858100512133,0.015199142211637602,0.33029390782035517,0.19924460927077903,0.15527027928768236,sad,0.6767528250384912,2.0,stop,3695.0,False,0.17335574125437245,0.2599272028175861,0.12752593407398818,0.029311638813129256,0.7094446169454193,0.6767564110774325,0.24127626569235924,0.07817275992063755,0.11721115594831515,0.05750634017590972,0.013217743394243659,0.31991581770623423,0.3051754505798581,0.1088007322748016,neutral,neutral,neutral,neutral
test_2214,data/raf-db/aligned/test_2214_aligned.jpg,3,disgust,test,neutral,data/raf-db/aligned/test_2214_aligned.jpg,neutral,sad,data/raf-db/aligned/train_11064_aligned.jpg,data/raf-db/aligned/train_07942_aligned.jpg,0.985492467880249,0.9729697704315186,framework,surprise,0.8112032349980209,2.0,stop,1281.0,False,0.13006257749983924,0.22770887226605838,0.10190910252429293,0.05079680511667208,0.5501935329624229,0.24635121212575167,0.8112032349980209,0.06140167204957035,0.10749983405238378,0.048110605005274566,0.023980831603492493,0.25974268328485894,0.11630075788693515,0.38296361611748464,neutral,0.7547471043476021,3.0,stop,3696.0,False,0.12672660739649724,0.23404531766733158,0.07449918247296068,0.012983509809083568,0.7547470143790888,0.6553393431248701,0.2647713985306225,0.05968907203659741,0.11023689589010344,0.035089608730574096,0.006115319175692528,0.3554908462887285,0.30866917424697027,0.1247090836313337,surprise,surprise,neutral,neutral
test_2225,data/raf-db/aligned/test_2225_aligned.jpg,5,sad,test,sad,data/raf-db/aligned/test_2225_aligned.jpg,disgust,sad,data/raf-db/aligned/train_09637_aligned.jpg,data/raf-db/aligned/train_01219_aligned.jpg,0.98874831199646,0.9694110751152039,framework,sad,0.7751439758669546,2.0,stop,1281.0,False,0.073853279540336,0.1613753542827141,0.06439273306085846,0.038435214525326424,0.6852721202127051,0.7751473465129124,0.10480531020458615,0.03880313292448311,0.08478796557094939,0.0338324824013615,0.020194184300139473,0.360047723480351,0.4072689217054106,0.0550655896173049,angry,0.4896650791727635,2.0,stop,3695.0,False,0.4803324626006075,0.4778790131609278,0.13672324468727487,0.0020216501210961867,0.5213695507063008,0.5827307419824891,0.1721888658333013,0.2023947613984898,0.20136096636565204,0.05761024007473222,0.0008518503864493401,0.21968630902921218,0.2455417001061165,0.0725541726393479,sad,sad,sad,sad
test_2233,data/raf-db/aligned/test_2233_aligned.jpg,4,happy,test,neutral,data/raf-db/aligned/test_2233_aligned.jpg,neutral,neutral,data/raf-db/aligned/train_12256_aligned.jpg,data/raf-db/aligned/train_11730_aligned.jpg,0.9524779319763184,0.9518111944198608,original,,,,,,,,,,,,,,,,,,,,,,,,,,,,,,,,,,,,,,,,,,,,
test_2242,data/raf-db/aligned/test_2242_aligned.jpg,2,fear,test,fear,data/raf-db/aligned/test_2242_aligned.jpg,fear,fear,data/raf-db/aligned/train_09259_aligned.jpg,data/raf-db/aligned/train_09381_aligned.jpg,0.9683830738067627,0.9668220281600952,original,,,,,,,,,,,,,,,,,,,,,,,,,,,,,,,,,,,,,,,,,,,,
test_2244,data/raf-db/aligned/test_2244_aligned.jpg,2,fear,test,surprise,data/raf-db/aligned/test_2244_aligned.jpg,fear,fear,data/raf-db/aligned/train_09217_aligned.jpg,data/raf-db/aligned/train_09346_aligned.jpg,0.9875134229660034,0.9811058044433594,original,,,,,,,,,,,,,,,,,,,,,,,,,,,,,,,,,,,,,,,,,,,,
test_2245,data/raf-db/aligned/test_2245_aligned.jpg,2,fear,test,surprise,data/raf-db/aligned/test_2245_aligned.jpg,sad,sad,data/raf-db/aligned/train_05933_aligned.jpg,data/raf-db/aligned/train_05936_aligned.jpg,0.9862261414527893,0.9554096460342407,original,,,,,,,,,,,,,,,,,,,,,,,,,,,,,,,,,,,,,,,,,,,,
test_2246,data/raf-db/aligned/test_2246_aligned.jpg,2,fear,test,surprise,data/raf-db/aligned/test_2246_aligned.jpg,angry,surprise,data/raf-db/aligned/train_01054_aligned.jpg,data/raf-db/aligned/train_08045_aligned.jpg,0.9809077978134155,0.9387324452400208,framework,surprise,0.9403729490655335,2.0,stop,1281.0,False,0.03318084521979687,0.10788998292047472,0.30511912562054305,0.004097163535518553,0.05303660389544228,0.05115559831005848,0.9404005694831845,0.02219632859087143,0.07217301116662223,0.2041094591403664,0.0027407978164054455,0.03547883966213008,0.03422054085214278,0.6290810227714617,surprise,0.742691867264629,2.0,stop,3695.0,False,0.4090265306723599,0.22529314554095084,0.2245356795825445,0.016666125364774815,0.09395983613743308,0.11936122916427304,0.7427163346443696,0.22332152948596917,0.12300622593406288,0.1225926624028983,0.009099421010535264,0.05130047256829579,0.06516920116275482,0.40551048743548385,surprise,surprise,surprise,surprise
test_2248,data/raf-db/aligned/test_2248_aligned.jpg,2,fear,test,angry,data/raf-db/aligned/test_2248_aligned.jpg,angry,angry,data/raf-db/aligned/train_05758_aligned.jpg,data/raf-db/aligned/train_05248_aligned.jpg,0.9948461651802063,0.9858840703964233,original,,,,,,,,,,,,,,,,,,,,,,,,,,,,,,,,,,,,,,,,,,,,
test_2250,data/raf-db/aligned/test_2250_aligned.jpg,2,fear,test,surprise,data/raf-db/aligned/test_2250_aligned.jpg,surprise,fear,data/raf-db/aligned/train_06096_aligned.jpg,data/raf-db/aligned/train_09224_aligned.jpg,0.9799601435661316,0.979140043258667,framework,surprise,0.9835681026111248,2.0,stop,1281.0,False,0.019776420778336266,0.13324718717505762,0.09998530161254772,0.006523035851507997,0.06065269390077105,0.029458267133565717,0.9835681612077284,0.014833675820779275,0.0999445552225848,0.07499585327331133,0.004892725547920442,0.04549369216327341,0.022095726511842148,0.7377437714602886,surprise,0.8040077920233997,2.0,stop,3695.0,False,0.12388757795689326,0.29873109509815343,0.4566900543878066,0.01343455608227334,0.15031461709828228,0.1782449006016612,0.8040715452259841,0.06116774322434482,0.14749426229358667,0.2254842692107946,0.0066331224673670496,0.0742157208427518,0.0880059041500103,0.39699897781114496,surprise,surprise,surprise,surprise
test_2252,data/raf-db/aligned/test_2252_aligned.jpg,2,fear,test,neutral,data/raf-db/aligned/test_2252_aligned.jpg,neutral,sad,data/raf-db/aligned/train_12108_aligned.jpg,data/raf-db/aligned/train_04947_aligned.jpg,0.9592944383621216,0.9487438201904297,framework,surprise,0.5476332935710648,2.0,stop,1281.0,False,0.36480875472178215,0.2344685991006316,0.25742421041460667,0.04605362462811733,0.5215264668852093,0.4826700128046661,0.5476764902911332,0.14862078128088807,0.09552102555967126,0.10487299654201586,0.018761955639654146,0.21246658684562822,0.1966367130048553,0.22311994112728703,sad,0.6882766129704387,2.0,stop,3695.0,False,0.15559220626352474,0.2223283464509064,0.15249093883721077,0.01957581361441414,0.6882042950719518,0.6882594034550285,0.3053334990003792,0.0697165008878542,0.09961909233736088,0.06832690999206151,0.008771372679929083,0.30836502997551807,0.3083897224953425,0.1368113716319337,sad,sad,neutral,neutral
test_2258,data/raf-db/aligned/test_2258_aligned.jpg,2,fear,test,surprise,data/raf-db/aligned/test_2258_aligned.jpg,surprise,surprise,data/raf-db/aligned/train_00785_aligned.jpg,data/raf-db/aligned/train_02914_aligned.jpg,0.9814353585243225,0.9804090261459351,original,,,,,,,,,,,,,,,,,,,,,,,,,,,,,,,,,,,,,,,,,,,,
test_2259,data/raf-db/aligned/test_2259_aligned.jpg,2,fear,test,angry,data/raf-db/aligned/test_2259_aligned.jpg,angry,angry,data/raf-db/aligned/train_01054_aligned.jpg,data/raf-db/aligned/train_01045_aligned.jpg,0.9755562543869019,0.9726008772850037,original,,,,,,,,,,,,,,,,,,,,,,,,,,,,,,,,,,,,,,,,,,,,
test_2260,data/raf-db/aligned/test_2260_aligned.jpg,2,fear,test,sad,data/raf-db/aligned/test_2260_aligned.jpg,neutral,sad,data/raf-db/aligned/train_12270_aligned.jpg,data/raf-db/aligned/train_04519_aligned.jpg,0.9458119869232178,0.9435633420944214,framework,happy,0.40452979234496994,1.0,stop,1280.0,False,0.18458969817270718,0.29448368121679014,0.19928769763399368,0.40452979234496994,0.5299216377105563,0.38484266376500104,0.41040499401820746,0.07665493614577866,0.12229083206217925,0.08275860401743561,0.16798990251479642,0.2200616269655684,0.15981438893451372,0.17042970935972784,sad,0.5392025336396287,2.0,stop,3695.0,False,0.30432063172576884,0.44614907404112597,0.26218665369232796,0.0348931100520003,0.3626396183451107,0.5392999805362371,0.4766376054585999,0.1254347660432331,0.18389356122651276,0.10806799847599866,0.014382229266129736,0.14947266449590038,0.2222884676009791,0.1964603128912464,sad,sad,sad,sad
test_2263,data/raf-db/aligned/test_2263_aligned.jpg,2,fear,test,fear,data/raf-db/aligned/test_2263_aligned.jpg,fear,fear,data/raf-db/aligned/train_09191_aligned.jpg,data/raf-db/aligned/train_09288_aligned.jpg,0.9954544305801392,0.9897769093513489,original,,,,,,,,,,,,,,,,,,,,,,,,,,,,,,,,,,,,,,,,,,,,
test_2265,data/raf-db/aligned/test_2265_aligned.jpg,2,fear,test,surprise,data/raf-db/aligned/test_2265_aligned.jpg,angry,surprise,data/raf-db/aligned/train_00790_aligned.jpg,data/raf-db/aligned/train_04055_aligned.jpg,0.9748918414115906,0.9726085662841797,framework,surprise,0.9838193387109321,2.0,stop,1281.0,False,0.015392686039122194,0.0817791473502148,0.15075810632111364,0.0008829522488781645,0.03314668345116304,0.014672440316434526,0.9837939582960911,0.012021535294820166,0.06386870386053627,0.11774058741360986,0.0006895769585991639,0.025887231377397207,0.011459030521174642,0.7683333345738627,surprise,0.8893882484851722,2.0,stop,3695.0,False,0.17949635005495618,0.2287630635731061,0.27050122486114475,0.00936185278892563,0.10819745102512934,0.1230941893917533,0.8893886722162536,0.09923489153534139,0.12647208588931846,0.1495471061169442,0.005175717755789633,0.059817162374565275,0.06805285193365483,0.49170018439438606,surprise,surprise,surprise,surprise
test_2268,data/raf-db/aligned/test_2268_aligned.jpg,2,fear,test,surprise,data/raf-db/aligned/test_2268_aligned.jpg,fear,fear,data/raf-db/aligned/train_09322_aligned.jpg,data/raf-db/aligned/train_09344_aligned.jpg,0.9756715893745422,0.9747052788734436,original,,,,,,,,,,,,,,,,,,,,,,,,,,,,,,,,,,,,,,,,,,,,
test_2269,data/raf-db/aligned/test_2269_aligned.jpg,2,fear,test,surprise,data/raf-db/aligned/test_2269_aligned.jpg,surprise,surprise,data/raf-db/aligned/train_05880_aligned.jpg,data/raf-db/aligned/train_02622_aligned.jpg,0.9796170592308044,0.9767864942550659,original,,,,,,,,,,,,,,,,,,,,,,,,,,,,,,,,,,,,,,,,,,,,
test_2271,data/raf-db/aligned/test_2271_aligned.jpg,2,fear,test,surprise,data/raf-db/aligned/test_2271_aligned.jpg,fear,fear,data/raf-db/aligned/train_09290_aligned.jpg,data/raf-db/aligned/train_09247_aligned.jpg,0.9863366484642029,0.9620633125305176,original,,,,,,,,,,,,,,,,,,,,,,,,,,,,,,,,,,,,,,,,,,,,
test_2279,data/raf-db/aligned/test_2279_aligned.jpg,2,fear,test,surprise,data/raf-db/aligned/test_2279_aligned.jpg,angry,fear,data/raf-db/aligned/train_00418_aligned.jpg,data/raf-db/aligned/train_09328_aligned.jpg,0.9819987416267395,0.9782420992851257,framework,surprise,0.9229516335438224,2.0,stop,1281.0,False,0.10731202180177704,0.11730583300803143,0.2640132264217711,0.0257332406060004,0.052374426639190834,0.0720406379270048,0.9229281532745339,0.06871454422502299,0.075113828951735,0.1690542049096813,0.016477631023860653,0.0335366419822621,0.04612940393554365,0.5909737449718945,anger,0.43743713239893434,2.0,stop,3695.0,False,0.4235692989678925,0.21673822760316466,0.4499700401840949,0.02953190629130043,0.14599979420868706,0.24600372250517982,0.5458791479706111,0.20584677911778054,0.10533073613342733,0.21867704693681161,0.014351955644767158,0.07095317687790008,0.11955322081195995,0.26528708447735333,surprise,surprise,surprise,surprise
test_2280,data/raf-db/aligned/test_2280_aligned.jpg,2,fear,test,surprise,data/raf-db/aligned/test_2280_aligned.jpg,angry,fear,data/raf-db/aligned/train_05176_aligned.jpg,data/raf-db/aligned/train_09350_aligned.jpg,0.9898536205291748,0.9802538156509399,framework,surprise,0.7983134301634042,2.0,stop,1281.0,False,0.22787276695976838,0.23580947800571225,0.18270963149461233,0.06721972347638597,0.14346945784353857,0.3334750768273182,0.7983131448734304,0.11457402922893913,0.11856459368072446,0.09186608359817007,0.03379795955917978,0.07213619282258416,0.16767068618726844,0.40139045492313397,anger,0.5820311361108491,2.0,stop,3695.0,False,0.5999553278002755,0.2129633461482953,0.38605474438778803,0.008536071085772173,0.11889096496610535,0.24957671149981783,0.28439104757970685,0.3224927858135931,0.11447376095043445,0.20751523359355553,0.004588377195426693,0.06390722229363958,0.13415446990174176,0.15286815025160885,surprise,surprise,surprise,surprise
test_2281,data/raf-db/aligned/test_2281_aligned.jpg,2,fear,test,fear,data/raf-db/aligned/test_2281_aligned.jpg,sad,fear,data/raf-db/aligned/train_07259_aligned.jpg,data/raf-db/aligned/train_07372_aligned.jpg,0.9833717346191406,0.9771890640258789,framework,surprise,0.7703767870095445,2.0,stop,1281.0,False,0.09924570120061883,0.1907782742211633,0.5291487355247166,0.005141501811928985,0.08860610386884464,0.2735055830725347,0.7704368660155377,0.050716740560158236,0.09749190263294882,0.2704066656055376,0.0026274207379327766,0.04527967184068428,0.1397673806586804,0.39371021796405803,sad,0.6673185071263863,2.0,stop,3695.0,False,0.131314907026514,0.2055437642043772,0.6262858338092517,0.004110248643020841,0.13278611243522873,0.6673203328298909,0.24566159609573926,0.06523269748847642,0.1021070226876801,0.3111171097272923,0.002041829160176477,0.06596354137774424,0.3315016275388463,0.12203617201978427,surprise,surprise,fear,fear
test_2284,data/raf-db/aligned/test_2284_aligned.jpg,2,fear,test,happy,data/raf-db/aligned/test_2284_aligned.jpg,happy,fear,data/raf-db/aligned/train_00757_aligned.jpg,data/raf-db/aligned/train_07381_aligned.jpg,0.9857729077339172,0.9845192432403564,framework,happy,0.6767101961434353,1.0,stop,1280.0,False,0.0651747426926076,0.08910806999318031,0.06914431410675392,0.6767101961434353,0.1463313492799093,0.12069494933129152,0.5310233341402534,0.038379015027956494,0.052472473478109544,0.04071655000951535,0.398489809309306,0.08616916340678987,0.07107282795163966,0.31270016081668317,happy,0.5658013758462561,1.0,stop,3694.0,False,0.11132946735751607,0.20017797895901543,0.3031507244565152,0.5658013758462561,0.4158782179044432,0.24338054939282514,0.4024759251901272,0.04965201739251203,0.0892777153146051,0.13520270419448227,0.25234271232079974,0.18547822960696356,0.10854570275311615,0.17950091841752105,happy,happy,happy,happy
test_2286,data/raf-db/aligned/test_2286_aligned.jpg,2,fear,test,surprise,data/raf-db/aligned/test_2286_aligned.jpg,fear,fear,data/raf-db/aligned/train_09332_aligned.jpg,data/raf-db/aligned/train_09295_aligned.jpg,0.9841721653938293,0.9820072054862976,original,,,,,,,,,,,,,,,,,,,,,,,,,,,,,,,,,,,,,,,,,,,,
test_2288,data/raf-db/aligned/test_2288_aligned.jpg,2,fear,test,surprise,data/raf-db/aligned/test_2288_aligned.jpg,angry,fear,data/raf-db/aligned/train_01415_aligned.jpg,data/raf-db/aligned/train_09283_aligned.jpg,0.9840527176856995,0.981113076210022,framework,surprise,0.8780922120238808,2.0,stop,1281.0,False,0.15815707774539373,0.1521791414206337,0.3432056540038772,0.008052374106220481,0.05623342337987582,0.10367701131680739,0.8780924735369007,0.09305562628925584,0.08953835967970611,0.2019335304788445,0.0047378133577809945,0.03308632471970185,0.061000932474327814,0.516647413000383,surprise,0.5807930449283802,2.0,stop,3695.0,False,0.3611641686523349,0.19938236899218773,0.5435036106868336,0.009581980098830952,0.11133562834597795,0.18946599427871683,0.5808390647411954,0.18100991793858376,0.09992737204342544,0.2723956375208698,0.00480234082425862,0.05579970190770983,0.09495743778933977,0.2911075919758127,surprise,surprise,surprise,surprise
test_2295,data/raf-db/aligned/test_2295_aligned.jpg,2,fear,test,fear,data/raf-db/aligned/test_2295_aligned.jpg,fear,fear,data/raf-db/aligned/train_09363_aligned.jpg,data/raf-db/aligned/train_09241_aligned.jpg,0.9820823669433594,0.9760199189186096,original,,,,,,,,,,,,,,,,,,,,,,,,,,,,,,,,,,,,,,,,,,,,
test_2298,data/raf-db/aligned/test_2298_aligned.jpg,2,fear,test,surprise,data/raf-db/aligned/test_2298_aligned.jpg,angry,surprise,data/raf-db/aligned/train_06972_aligned.jpg,data/raf-db/aligned/train_05653_aligned.jpg,0.9869288206100464,0.9814155697822571,framework,surprise,0.9001136349589446,2.0,stop,1281.0,False,0.1558338938513802,0.14254651037315516,0.17023001661622714,0.08543215716261024,0.07339957611406198,0.058112217538828025,0.900136534815833,0.09827507568803888,0.08989552112037898,0.10735384552022262,0.053876929491058816,0.046288703438026324,0.036647884718036414,0.567662040024238,angry,0.5471184890036936,2.0,stop,3695.0,False,0.5471280929695239,0.22717085072564833,0.1377872724671111,0.08683689599295134,0.11917665581537028,0.18053409712008206,0.6234146753967974,0.28465883220137467,0.11819204663167954,0.07168771733109532,0.045179345975792644,0.0620050187625042,0.09392795931901576,0.3243490797785379,surprise,surprise,surprise,surprise
test_2299,data/raf-db/aligned/test_2299_aligned.jpg,2,fear,test,surprise,data/raf-db/aligned/test_2299_aligned.jpg,surprise,fear,data/raf-db/aligned/train_05768_aligned.jpg,data/raf-db/aligned/train_09272_aligned.jpg,0.9941530823707581,0.9844226241111755,framework,surprise,0.9743029543765725,2.0,stop,1281.0,False,0.05568832535590426,0.11119055750584879,0.14010869507305146,0.006400167103428722,0.05544887667011676,0.05408583044516819,0.9743028963603046,0.03985636634429649,0.07957954500619252,0.10027637647862596,0.00458062624632193,0.03968499192281023,0.03870945406386829,0.6973126399378846,surprise,0.8202208506735533,2.0,stop,3695.0,False,0.1293051365830745,0.2034209264353962,0.4380221521908096,0.04304885705845106,0.1372382553608693,0.14690046541885984,0.8202201668727566,0.06741116952161322,0.10605025383017197,0.22835585913933112,0.022442834658888536,0.07154697440065172,0.07658421342598751,0.42760869502335586,surprise,surprise,surprise,surprise
test_2301,data/raf-db/aligned/test_2301_aligned.jpg,2,fear,test,fear,data/raf-db/aligned/test_2301_aligned.jpg,fear,fear,data/raf-db/aligned/train_09223_aligned.jpg,data/raf-db/aligned/train_09210_aligned.jpg,0.9969090223312378,0.9803400635719299,original,,,,,,,,,,,,,,,,,,,,,,,,,,,,,,,,,,,,,,,,,,,,
test_2302,data/raf-db/aligned/test_2302_aligned.jpg,2,fear,test,surprise,data/raf-db/aligned/test_2302_aligned.jpg,disgust,surprise,data/raf-db/aligned/train_04632_aligned.jpg,data/raf-db/aligned/train_08074_aligned.jpg,0.9661515951156616,0.9609384536743164,framework,surprise,0.6947325332453687,2.0,stop,1281.0,False,0.21473278937779572,0.25263451801239367,0.34853560018145907,0.027271015156096125,0.32715351848002233,0.47617919615545035,0.6947941885440854,0.09171516406678851,0.10790348477090403,0.14886408287426894,0.011647804867419391,0.13973151799203057,0.20338232100991166,0.2967556244186768,surprise,0.7640332277269616,2.0,stop,3695.0,False,0.13648879229990565,0.46394952931286493,0.23151742439707498,0.042344883793897864,0.4475385904790076,0.26077092398652696,0.7640336824592995,0.05816340372803091,0.19770768960692697,0.09865895359153422,0.018044870427963607,0.19071432374248068,0.11112505486188928,0.3255857040411744,surprise,surprise,surprise,surprise
test_2308,data/raf-db/aligned/test_2308_aligned.jpg,3,disgust,test,angry,data/raf-db/aligned/test_2308_aligned.jpg,neutral,disgust,data/raf-db/aligned/train_11772_aligned.jpg,data/raf-db/aligned/train_01432_aligned.jpg,0.9928971529006958,0.9755109548568726,framework,angry,0.7057534038581228,2.0,stop,1281.0,False,0.7057607234115618,0.3490626891406348,0.12862103518263085,0.010350112746941817,0.33753128341240984,0.24193132722093652,0.36614577540276116,0.3298867679696656,0.16315892698417298,0.06012006078236748,0.0048378510293200306,0.15776891583784186,0.11308357203803399,0.17114390535859797,neutral,0.6651933748646929,3.0,stop,3696.0,False,0.368430646139781,0.5617524464191073,0.16512712374871505,0.003480820716286541,0.6651930841159109,0.37237056856251133,0.3289116947007968,0.14944861475040375,0.22786683417788903,0.06698145271173024,0.0014119450694288025,0.2698260473287424,0.15104678785155698,0.13341831811024876,angry,angry,angry,angry
test_2313,data/raf-db/aligned/test_2313_aligned.jpg,3,disgust,test,surprise,data/raf-db/aligned/test_2313_aligned.jpg,surprise,surprise,data/raf-db/aligned/train_05804_aligned.jpg,data/raf-db/aligned/train_01316_aligned.jpg,0.972687840461731,0.9564129114151001,original,,,,,,,,,,,,,,,,,,,,,,,,,,,,,,,,,,,,,,,,,,,,
test_2315,data/raf-db/aligned/test_2315_aligned.jpg,3,disgust,test,disgust,data/raf-db/aligned/test_2315_aligned.jpg,disgust,disgust,data/raf-db/aligned/train_05749_aligned.jpg,data/raf-db/aligned/train_09604_aligned.jpg,0.987065315246582,0.9856894016265869,original,,,,,,,,,,,,,,,,,,,,,,,,,,,,,,,,,,,,,,,,,,,,
test_2318,data/raf-db/aligned/test_2318_aligned.jpg,3,disgust,test,sad,data/raf-db/aligned/test_2318_aligned.jpg,sad,sad,data/raf-db/aligned/train_06565_aligned.jpg,data/raf-db/aligned/train_02468_aligned.jpg,0.9939694404602051,0.9709636569023132,original,,,,,,,,,,,,,,,,,,,,,,,,,,,,,,,,,,,,,,,,,,,,
test_2319,data/raf-db/aligned/test_2319_aligned.jpg,3,disgust,test,neutral,data/raf-db/aligned/test_2319_aligned.jpg,neutral,neutral,data/raf-db/aligned/train_10991_aligned.jpg,data/raf-db/aligned/train_10434_aligned.jpg,0.9796031713485718,0.971665620803833,original,,,,,,,,,,,,,,,,,,,,,,,,,,,,,,,,,,,,,,,,,,,,
test_2321,data/raf-db/aligned/test_2321_aligned.jpg,3,disgust,test,sad,data/raf-db/aligned/test_2321_aligned.jpg,sad,sad,data/raf-db/aligned/train_06551_aligned.jpg,data/raf-db/aligned/train_06915_aligned.jpg,0.9924229383468628,0.9880166053771973,original,,,,,,,,,,,,,,,,,,,,,,,,,,,,,,,,,,,,,,,,,,,,
test_2323,data/raf-db/aligned/test_2323_aligned.jpg,3,disgust,test,neutral,data/raf-db/aligned/test_2323_aligned.jpg,sad,happy,data/raf-db/aligned/train_08971_aligned.jpg,data/raf-db/aligned/train_09022_aligned.jpg,0.939755380153656,0.9385968446731567,framework,neutral,0.9634130905126763,3.0,stop,1282.0,False,0.08637169988347476,0.15970510943982774,0.06767399323571759,0.023830642470764156,0.9634140475551412,0.16416873294983914,0.16944318128255345,0.052839415460404535,0.09770242614450371,0.041400762625616046,0.014578817134546023,0.5893855879626583,0.10043312679555627,0.10365986387671511,happy,0.3953270997425495,1.0,stop,3694.0,False,0.11418405150363718,0.17747776792284753,0.12699769040579342,0.3953270997425495,0.6212425046098082,0.5209944975500755,0.19772676833056638,0.053011458648447,0.08239640502650245,0.058960360266954996,0.18353584344434556,0.28842006313580015,0.24187859774851742,0.09179727172943233,neutral,neutral,neutral,neutral
test_2324,data/raf-db/aligned/test_2324_aligned.jpg,3,disgust,test,neutral,data/raf-db/aligned/test_2324_aligned.jpg,surprise,disgust,data/raf-db/aligned/train_05089_aligned.jpg,data/raf-db/aligned/train_05750_aligned.jpg,0.9511088728904724,0.945023775100708,framework,happy,0.5469687688375221,1.0,stop,1280.0,False,0.1212382266543776,0.2579050703480379,0.10088380310885403,0.5469687688375221,0.5620649980748497,0.2305432078490736,0.3956822544922754,0.05472801644071465,0.11642064817055325,0.045539848177446336,0.24690657888649103,0.25372115135832807,0.10406925948717365,0.17861449747929303,surprise,0.5992867474856493,2.0,stop,3695.0,False,0.14633353527582196,0.5301273635953195,0.2406557270509299,0.058700746809962526,0.6019275028525518,0.3067416734592116,0.5992381977167889,0.058916969550139725,0.2134404644825243,0.09689307455055422,0.023634159496346504,0.24234871582997253,0.12350067126370641,0.2412659448267563,surprise,surprise,neutral,neutral
test_2329,data/raf-db/aligned/test_2329_aligned.jpg,3,disgust,test,surprise,data/raf-db/aligned/test_2329_aligned.jpg,surprise,surprise,data/raf-db/aligned/train_00771_aligned.jpg,data/raf-db/aligned/train_08492_aligned.jpg,0.9625147581100464,0.940229058265686,original,,,,,,,,,,,,,,,,,,,,,,,,,,,,,,,,,,,,,,,,,,,,
test_2332,data/raf-db/aligned/test_2332_aligned.jpg,3,disgust,test,disgust,data/raf-db/aligned/test_2332_aligned.jpg,disgust,disgust,data/raf-db/aligned/train_07000_aligned.jpg,data/raf-db/aligned/train_09681_aligned.jpg,0.988844096660614,0.9837931394577026,original,,,,,,,,,,,,,,,,,,,,,,,,,,,,,,,,,,,,,,,,,,,,
test_2335,data/raf-db/aligned/test_2335_aligned.jpg,3,disgust,test,disgust,data/raf-db/aligned/test_2335_aligned.jpg,disgust,disgust,data/raf-db/aligned/train_03582_aligned.jpg,data/raf-db/aligned/train_03428_aligned.jpg,0.9951084852218628,0.9929777383804321,original,,,,,,,,,,,,,,,,,,,,,,,,,,,,,,,,,,,,,,,,,,,,
test_2336,data/raf-db/aligned/test_2336_aligned.jpg,3,disgust,test,surprise,data/raf-db/aligned/test_2336_aligned.jpg,surprise,surprise,data/raf-db/aligned/train_02380_aligned.jpg,data/raf-db/aligned/train_04025_aligned.jpg,0.9791725873947144,0.9713199138641357,original,,,,,,,,,,,,,,,,,,,,,,,,,,,,,,,,,,,,,,,,,,,,
test_2339,data/raf-db/aligned/test_2339_aligned.jpg,3,disgust,test,surprise,data/raf-db/aligned/test_2339_aligned.jpg,surprise,neutral,data/raf-db/aligned/train_06559_aligned.jpg,data/raf-db/aligned/train_12029_aligned.jpg,0.9791963696479797,0.9725697040557861,framework,happy,0.6628794449494742,1.0,stop,1280.0,False,0.08258975296332766,0.39453918863493154,0.0582944677944921,0.6628794449494742,0.30132439386756815,0.14571924448287568,0.4356563562844441,0.0396874771237932,0.1895908930777589,0.02801268043585135,0.31853846104790434,0.14479768445087896,0.07002356799006876,0.20934923587374454,surprise,0.6846507773027238,2.0,stop,3695.0,False,0.1006148564793797,0.2732296366538721,0.11074840080032954,0.09840922967989908,0.6858769534383543,0.20461629055223352,0.6846500846368476,0.04662098023787322,0.12660390261006893,0.05131646742592518,0.04559897924290302,0.3178084928085696,0.09481116777359452,0.3172400099010655,surprise,surprise,surprise,surprise
test_2340,data/raf-db/aligned/test_2340_aligned.jpg,3,disgust,test,neutral,data/raf-db/aligned/test_2340_aligned.jpg,disgust,happy,data/raf-db/aligned/train_09452_aligned.jpg,data/raf-db/aligned/train_05801_aligned.jpg,0.9891704320907593,0.9776574969291687,framework,surprise,0.6069631441975081,2.0,stop,1281.0,False,0.15419734052453474,0.30904742353915854,0.13249630596324338,0.25354285333444804,0.5357506776122424,0.34396681235048104,0.6069094637348621,0.06601165397143789,0.13230274603980818,0.056721473094068955,0.10854132142818365,0.22935407462410534,0.14725168486888193,0.2598170459735141,neutral,0.6688260313037354,3.0,stop,3696.0,False,0.1490672793630353,0.47673774730463536,0.12414027993043708,0.29920104858033525,0.668825685807584,0.35257751282592065,0.3114544100352081,0.06258061767549619,0.20014145842757544,0.052115899811492804,0.12560896334408195,0.28078277616606856,0.1480171814057251,0.13075310316956004,neutral,neutral,neutral,neutral
test_2341,data/raf-db/aligned/test_2341_aligned.jpg,3,disgust,test,disgust,data/raf-db/aligned/test_2341_aligned.jpg,disgust,disgust,data/raf-db/aligned/train_06876_aligned.jpg,data/raf-db/aligned/train_09669_aligned.jpg,0.9852631092071533,0.9845442771911621,original,,,,,,,,,,,,,,,,,,,,,,,,,,,,,,,,,,,,,,,,,,,,
test_2342,data/raf-db/aligned/test_2342_aligned.jpg,3,disgust,test,neutral,data/raf-db/aligned/test_2342_aligned.jpg,neutral,disgust,data/raf-db/aligned/train_11935_aligned.jpg,data/raf-db/aligned/train_09471_aligned.jpg,0.9529233574867249,0.9414728879928589,framework,surprise,0.6448489397233507,2.0,stop,1281.0,False,0.16519509727210946,0.25630202620340065,0.1340661556771401,0.28602980105397324,0.5131249324085412,0.25821167956268704,0.6448137256590453,0.07316823336390453,0.11352132584178189,0.05938059861806018,0.12668835563609493,0.227273359919772,0.1143671497490512,0.2856009768713354,neutral,0.7960114213829507,3.0,stop,3696.0,False,0.13886386360928774,0.5239041418219578,0.14280212091128056,0.017259666502568258,0.7960112316024398,0.3145667027906185,0.40453583860251585,0.05939572949416152,0.22408759111068383,0.06108022580088769,0.007382413653925003,0.34047495552623114,0.13454845847722927,0.17303062593688162,neutral,neutral,neutral,neutral
test_2346,data/raf-db/aligned/test_2346_aligned.jpg,3,disgust,test,disgust,data/raf-db/aligned/test_2346_aligned.jpg,disgust,disgust,data/raf-db/aligned/train_07726_aligned.jpg,data/raf-db/aligned/train_09596_aligned.jpg,0.9865692853927612,0.986519455909729,original,,,,,,,,,,,,,,,,,,,,,,,,,,,,,,,,,,,,,,,,,,,,
test_2347,data/raf-db/aligned/test_2347_aligned.jpg,3,disgust,test,disgust,data/raf-db/aligned/test_2347_aligned.jpg,disgust,disgust,data/raf-db/aligned/train_09416_aligned.jpg,data/raf-db/aligned/train_07745_aligned.jpg,0.9959218502044678,0.9900432229042053,original,,,,,,,,,,,,,,,,,,,,,,,,,,,,,,,,,,,,,,,,,,,,
test_2348,data/raf-db/aligned/test_2348_aligned.jpg,3,disgust,test,happy,data/raf-db/aligned/test_2348_aligned.jpg,happy,happy,data/raf-db/aligned/train_00945_aligned.jpg,data/raf-db/aligned/train_06567_aligned.jpg,0.9100815653800964,0.8901273608207703,original,,,,,,,,,,,,,,,,,,,,,,,,,,,,,,,,,,,,,,,,,,,,
test_2355,data/raf-db/aligned/test_2355_aligned.jpg,3,disgust,test,surprise,data/raf-db/aligned/test_2355_aligned.jpg,disgust,sad,data/raf-db/aligned/train_04069_aligned.jpg,data/raf-db/aligned/train_07033_aligned.jpg,0.9799709320068359,0.9747307896614075,framework,angry,0.5262380672662732,2.0,stop,1281.0,False,0.5262387494822847,0.2574943920162623,0.17582653194534523,0.06020525420969747,0.1851313374592214,0.29293490524954774,0.6263122012168857,0.24774163388558848,0.12122269874129166,0.08277526568963321,0.02834331006806591,0.08715576355920888,0.13790731321104677,0.29485401484516516,sad,0.5194821002812419,2.0,stop,3695.0,False,0.35598303633415074,0.6186839798375068,0.19468591845413258,0.013468859601786008,0.25859564093497994,0.5195280973347035,0.40479628834249637,0.150474169750184,0.2615179620986265,0.08229381445563907,0.005693292261708015,0.10930847933490373,0.21960473148768583,0.17110755061125302,angry,angry,surprise,surprise
test_2356,data/raf-db/aligned/test_2356_aligned.jpg,3,disgust,test,disgust,data/raf-db/aligned/test_2356_aligned.jpg,neutral,surprise,data/raf-db/aligned/train_12198_aligned.jpg,data/raf-db/aligned/train_00509_aligned.jpg,0.9705714583396912,0.9699238538742065,framework,disgust,0.7603311208412246,3.0,stop,1282.0,False,0.23641467746709882,0.7603365504908087,0.09705463234355095,0.11182789632242741,0.4251647190182512,0.21914447312121726,0.42926603282351106,0.10372663471275836,0.333596680529679,0.04258259471932148,0.04906434522935623,0.18654047191505735,0.09614935483829182,0.1883399180555356,surprise,0.6237372957349956,2.0,stop,3695.0,False,0.21498731525446,0.3742573229648217,0.18314512996937127,0.03622602744030456,0.6444578385589703,0.32960455731754756,0.6236437668919113,0.08934270599335835,0.15553085972505423,0.07610998575242449,0.015054522240420039,0.26781862514697746,0.1369744211356757,0.2591688800060898,disgust,disgust,disgust,disgust
test_2359,data/raf-db/aligned/test_2359_aligned.jpg,3,disgust,test,surprise,data/raf-db/aligned/test_2359_aligned.jpg,fear,disgust,data/raf-db/aligned/train_09190_aligned.jpg,data/raf-db/aligned/train_07283_aligned.jpg,0.964303731918335,0.9436435699462891,framework,surprise,0.9623068888790163,2.0,stop,1281.0,False,0.0384896393991391,0.208266265909908,0.18874096734104512,0.0066489386758500114,0.07211353157721606,0.06686159866242201,0.962306831633085,0.024937765192193952,0.13493748753677545,0.12228688029235751,0.004307903998688884,0.04672297131712546,0.043320199249657916,0.6234867924132007,surprise,0.891668388521796,2.0,stop,3695.0,False,0.05026881107193723,0.3069761759544091,0.3267334388871825,0.007331137297796213,0.11067685784184217,0.17582437142504356,0.8916681761910207,0.026889209193789725,0.16420413446690274,0.17477246032875363,0.003921486906597727,0.05920198071050048,0.09404993282711399,0.47696079556634174,surprise,surprise,surprise,surprise
test_2361,data/raf-db/aligned/test_2361_aligned.jpg,3,disgust,test,angry,data/raf-db/aligned/test_2361_aligned.jpg,disgust,angry,data/raf-db/aligned/train_00989_aligned.jpg,data/raf-db/aligned/train_05048_aligned.jpg,0.9608868360519409,0.9590002298355103,framework,angry,0.7375736966055354,2.0,stop,1281.0,False,0.7375719271042261,0.338832532873572,0.11604190018694577,0.009382553256394146,0.45590307115293294,0.3073553458655058,0.18085738730697087,0.3437049990172854,0.15789434372260033,0.054074971842145644,0.004372225052585113,0.21244865600809876,0.1432261247569597,0.08427867960032485,angry,0.763414499940747,2.0,stop,3695.0,False,0.7633920331403655,0.4296597604781931,0.13021727421685042,0.006595771336369486,0.45934265151799625,0.24964564108994397,0.2205443327325227,0.33787416562635053,0.19016563806357462,0.05763362855015052,0.0029192611924052864,0.20330316322504996,0.11049213120358947,0.0976120121388796,angry,angry,angry,angry
test_2363,data/raf-db/aligned/test_2363_aligned.jpg,3,disgust,test,disgust,data/raf-db/aligned/test_2363_aligned.jpg,disgust,disgust,data/raf-db/aligned/train_09650_aligned.jpg,data/raf-db/aligned/train_04453_aligned.jpg,0.9574480056762695,0.9554899334907532,original,,,,,,,,,,,,,,,,,,,,,,,,,,,,,,,,,,,,,,,,,,,,
test_2367,data/raf-db/aligned/test_2367_aligned.jpg,3,disgust,test,disgust,data/raf-db/aligned/test_2367_aligned.jpg,disgust,disgust,data/raf-db/aligned/train_09635_aligned.jpg,data/raf-db/aligned/train_07534_aligned.jpg,0.9940359592437744,0.992239773273468,original,,,,,,,,,,,,,,,,,,,,,,,,,,,,,,,,,,,,,,,,,,,,
test_2368,data/raf-db/aligned/test_2368_aligned.jpg,3,disgust,test,fear,data/raf-db/aligned/test_2368_aligned.jpg,fear,fear,data/raf-db/aligned/train_09230_aligned.jpg,data/raf-db/aligned/train_08621_aligned.jpg,0.9833662509918213,0.9769746661186218,original,,,,,,,,,,,,,,,,,,,,,,,,,,,,,,,,,,,,,,,,,,,,
test_2369,data/raf-db/aligned/test_2369_aligned.jpg,3,disgust,test,neutral,data/raf-db/aligned/test_2369_aligned.jpg,neutral,disgust,data/raf-db/aligned/train_11169_aligned.jpg,data/raf-db/aligned/train_07933_aligned.jpg,0.9909462332725525,0.9854816794395447,framework,neutral,0.8782895193526842,3.0,stop,1282.0,False,0.13777994790519893,0.271945998610726,0.08263892231243468,0.05561503075800428,0.8782896938518195,0.36481757129105546,0.2588706091666337,0.06721111510670436,0.13265931721798452,0.04031249978158443,0.02712984211977687,0.42844282210879925,0.17796345658268486,0.1262809470824656,neutral,0.7953423822628868,3.0,stop,3696.0,False,0.13065526019896648,0.5232603615977257,0.14204029669576018,0.011832442538544458,0.7953421294337684,0.45758555593645817,0.2528090333948473,0.05647453807178235,0.22617449284096344,0.06139561569320898,0.005114464780121358,0.34377934191397447,0.19778716035219848,0.10927438634775101,neutral,neutral,neutral,neutral
test_2373,data/raf-db/aligned/test_2373_aligned.jpg,3,disgust,test,disgust,data/raf-db/aligned/test_2373_aligned.jpg,sad,disgust,data/raf-db/aligned/train_04509_aligned.jpg,data/raf-db/aligned/train_09638_aligned.jpg,0.9728968143463135,0.9713281393051147,framework,sad,0.5565286499616308,2.0,stop,1281.0,False,0.17423101922186218,0.5481931564435875,0.26921061913796623,0.009998764428589643,0.5276721897577229,0.5563686224081151,0.4620553959633128,0.06838677376773919,0.21516927088047708,0.10566686568835147,0.003924578091712604,0.2071146620484268,0.21837819282709134,0.18135965669620158,sad,0.5898818788518292,2.0,stop,3695.0,False,0.2522453529379949,0.6468534706418013,0.24957218251716004,0.00563887856994078,0.40954250680848386,0.5899062529932542,0.33631234301790286,0.1013004666154557,0.25977310441849333,0.10022693480280119,0.0022645453074543183,0.1644702134463538,0.2369033878783921,0.13506134753104948,sad,sad,disgust,disgust
test_2374,data/raf-db/aligned/test_2374_aligned.jpg,3,disgust,test,disgust,data/raf-db/aligned/test_2374_aligned.jpg,surprise,disgust,data/raf-db/aligned/train_00756_aligned.jpg,data/raf-db/aligned/train_09686_aligned.jpg,0.9599376916885376,0.9558029174804688,framework,angry,0.48565854801645014,2.0,stop,1281.0,False,0.4856539526217352,0.6371698011503055,0.1310153175291498,0.002894709358429845,0.3418769049518601,0.5099333761394804,0.15557717579854374,0.2144999766652807,0.2814203544329299,0.05786585778019105,0.0012785134075076457,0.15099761412152957,0.2252235294128461,0.06871415417971498,angry,0.37969850875142597,2.0,stop,3695.0,False,0.3697942551958556,0.5981430583047785,0.26071783663373715,0.0034724257065837853,0.3948222953012667,0.3820436564055696,0.49305129981715484,0.14779681449005377,0.23906168736981379,0.10420190469101817,0.0013878351293333162,0.15779984874095074,0.15269257058352656,0.1970593389953036,angry,angry,disgust,disgust
test_2376,data/raf-db/aligned/test_2376_aligned.jpg,3,disgust,test,disgust,data/raf-db/aligned/test_2376_aligned.jpg,disgust,disgust,data/raf-db/aligned/train_09598_aligned.jpg,data/raf-db/aligned/train_07100_aligned.jpg,0.9833487868309021,0.9709742665290833,original,,,,,,,,,,,,,,,,,,,,,,,,,,,,,,,,,,,,,,,,,,,,
test_2377,data/raf-db/aligned/test_2377_aligned.jpg,3,disgust,test,neutral,data/raf-db/aligned/test_2377_aligned.jpg,neutral,angry,data/raf-db/aligned/train_11741_aligned.jpg,data/raf-db/aligned/train_08737_aligned.jpg,0.9773207902908325,0.9632683396339417,framework,angry,0.6622732232936681,2.0,stop,1281.0,False,0.662279312272573,0.404515097441177,0.09790776341815334,0.008561977174970531,0.4907520292595336,0.29215397135827764,0.3032376137189352,0.29312075608319216,0.17903589771232897,0.043333374767611496,0.0037894785124459487,0.21720383409275426,0.1293055533976885,0.1342111054339788,neutral,0.8200412978421183,3.0,stop,3696.0,False,0.42825977588911573,0.32035796899804325,0.08286511732082874,0.011445446137549949,0.8200408416582323,0.3731190140260342,0.19967429746311985,0.191549765802556,0.14328801673507172,0.03706347107442523,0.005119258568241317,0.3667835272225889,0.16688669769367406,0.08930926290344275,neutral,neutral,neutral,neutral
test_2380,data/raf-db/aligned/test_2380_aligned.jpg,3,disgust,test,angry,data/raf-db/aligned/test_2380_aligned.jpg,angry,angry,data/raf-db/aligned/train_06611_aligned.jpg,data/raf-db/aligned/train_03878_aligned.jpg,0.970755398273468,0.959987223148346,original,,,,,,,,,,,,,,,,,,,,,,,,,,,,,,,,,,,,,,,,,,,,
test_2383,data/raf-db/aligned/test_2383_aligned.jpg,3,disgust,test,neutral,data/raf-db/aligned/test_2383_aligned.jpg,neutral,disgust,data/raf-db/aligned/train_10245_aligned.jpg,data/raf-db/aligned/train_09664_aligned.jpg,0.9875389337539673,0.9873929619789124,framework,neutral,0.7157166947883756,3.0,stop,1282.0,False,0.3615012782206537,0.35033990276377996,0.18835064334746449,0.00917860268760459,0.7157170929378962,0.5338661140527671,0.26020008542878936,0.1494329505875684,0.14481919852742142,0.07785807153715985,0.0037941378482278802,0.2958543259102542,0.2206830056986127,0.10755830989075568,neutral,0.7771969653003564,3.0,stop,3696.0,False,0.1522296084281651,0.4903578061118244,0.17062281967033735,0.0125111565336893,0.7771967182432027,0.5009227574630699,0.24416238634591284,0.06483364460712616,0.20884034361019935,0.0726671990199099,0.005328423850686729,0.33100325449619844,0.21333989076315318,0.10398724365272645,neutral,neutral,neutral,neutral
test_2386,data/raf-db/aligned/test_2386_aligned.jpg,3,disgust,test,disgust,data/raf-db/aligned/test_2386_aligned.jpg,disgust,disgust,data/raf-db/aligned/train_09541_aligned.jpg,data/raf-db/aligned/train_09609_aligned.jpg,0.9870601892471313,0.9723289608955383,original,,,,,,,,,,,,,,,,,,,,,,,,,,,,,,,,,,,,,,,,,,,,
test_2388,data/raf-db/aligned/test_2388_aligned.jpg,3,disgust,test,disgust,data/raf-db/aligned/test_2388_aligned.jpg,disgust,disgust,data/raf-db/aligned/train_09715_aligned.jpg,data/raf-db/aligned/train_09657_aligned.jpg,0.9724987745285034,0.9675370454788208,original,,,,,,,,,,,,,,,,,,,,,,,,,,,,,,,,,,,,,,,,,,,,
test_2394,data/raf-db/aligned/test_2394_aligned.jpg,7,neutral,test,neutral,data/raf-db/aligned/test_2394_aligned.jpg,neutral,neutral,data/raf-db/aligned/train_09803_aligned.jpg,data/raf-db/aligned/train_11229_aligned.jpg,0.9884952902793884,0.9777957201004028,original,,,,,,,,,,,,,,,,,,,,,,,,,,,,,,,,,,,,,,,,,,,,
test_2396,data/raf-db/aligned/test_2396_aligned.jpg,7,neutral,test,neutral,data/raf-db/aligned/test_2396_aligned.jpg,surprise,neutral,data/raf-db/aligned/train_08203_aligned.jpg,data/raf-db/aligned/train_11283_aligned.jpg,0.9638575315475464,0.9633281230926514,framework,neutral,0.9736444581597155,3.0,stop,1282.0,False,0.06497599343244441,0.13681835759544658,0.050498041409520404,0.021707562520892235,0.9736448450445504,0.13833588784848855,0.13834387827361597,0.04262608822058302,0.08975670971652551,0.03312814247814252,0.01424077457209512,0.6387385381577159,0.09075225245510364,0.09075749439983442,neutral,0.7984784100644241,3.0,stop,3696.0,False,0.05927211704233461,0.12603650301900315,0.0961689266350146,0.06472511034072073,0.7984786956199443,0.21651750258251543,0.5912051049109183,0.030358531457684166,0.06455452129347805,0.04925667464206735,0.03315149511156137,0.40897207336048125,0.1108979017671275,0.3028088023676004,neutral,neutral,neutral,neutral
test_2401,data/raf-db/aligned/test_2401_aligned.jpg,7,neutral,test,neutral,data/raf-db/aligned/test_2401_aligned.jpg,neutral,neutral,data/raf-db/aligned/train_11299_aligned.jpg,data/raf-db/aligned/train_11751_aligned.jpg,0.9582328200340271,0.9499925374984741,original,,,,,,,,,,,,,,,,,,,,,,,,,,,,,,,,,,,,,,,,,,,,
test_2415,data/raf-db/aligned/test_2415_aligned.jpg,7,neutral,test,neutral,data/raf-db/aligned/test_2415_aligned.jpg,neutral,neutral,data/raf-db/aligned/train_12160_aligned.jpg,data/raf-db/aligned/train_11300_aligned.jpg,0.9549368023872375,0.9302849769592285,original,,,,,,,,,,,,,,,,,,,,,,,,,,,,,,,,,,,,,,,,,,,,
test_2428,data/raf-db/aligned/test_2428_aligned.jpg,7,neutral,test,neutral,data/raf-db/aligned/test_2428_aligned.jpg,neutral,neutral,data/raf-db/aligned/train_11984_aligned.jpg,data/raf-db/aligned/train_10126_aligned.jpg,0.9926231503486633,0.9881418943405151,original,,,,,,,,,,,,,,,,,,,,,,,,,,,,,,,,,,,,,,,,,,,,
test_2430,data/raf-db/aligned/test_2430_aligned.jpg,7,neutral,test,neutral,data/raf-db/aligned/test_2430_aligned.jpg,neutral,neutral,data/raf-db/aligned/train_11143_aligned.jpg,data/raf-db/aligned/train_11487_aligned.jpg,0.976386547088623,0.9756702184677124,original,,,,,,,,,,,,,,,,,,,,,,,,,,,,,,,,,,,,,,,,,,,,
test_2431,data/raf-db/aligned/test_2431_aligned.jpg,7,neutral,test,neutral,data/raf-db/aligned/test_2431_aligned.jpg,neutral,neutral,data/raf-db/aligned/train_11482_aligned.jpg,data/raf-db/aligned/train_11960_aligned.jpg,0.9795432090759277,0.9654205441474915,original,,,,,,,,,,,,,,,,,,,,,,,,,,,,,,,,,,,,,,,,,,,,
test_2441,data/raf-db/aligned/test_2441_aligned.jpg,7,neutral,test,neutral,data/raf-db/aligned/test_2441_aligned.jpg,neutral,neutral,data/raf-db/aligned/train_11044_aligned.jpg,data/raf-db/aligned/train_11970_aligned.jpg,0.992431104183197,0.9915609955787659,original,,,,,,,,,,,,,,,,,,,,,,,,,,,,,,,,,,,,,,,,,,,,
test_2451,data/raf-db/aligned/test_2451_aligned.jpg,7,neutral,test,neutral,data/raf-db/aligned/test_2451_aligned.jpg,neutral,neutral,data/raf-db/aligned/train_10265_aligned.jpg,data/raf-db/aligned/train_10847_aligned.jpg,0.9778884649276733,0.976448118686676,original,,,,,,,,,,,,,,,,,,,,,,,,,,,,,,,,,,,,,,,,,,,,
test_2452,data/raf-db/aligned/test_2452_aligned.jpg,7,neutral,test,neutral,data/raf-db/aligned/test_2452_aligned.jpg,neutral,happy,data/raf-db/aligned/train_10976_aligned.jpg,data/raf-db/aligned/train_05302_aligned.jpg,0.9705982208251953,0.9698256850242615,framework,neutral,0.8027056836732316,3.0,stop,1282.0,False,0.031994507403501786,0.0393997777487942,0.021164512336176604,0.40281659396747777,0.8027052371296333,0.19336869784439636,0.07117123985984532,0.020474904844921666,0.025213912192607452,0.01354424278852806,0.25778272899856725,0.5136917140643548,0.1237464180466517,0.04554607906436891,neutral,0.7757814966859264,3.0,stop,3696.0,False,0.08998027501130627,0.15871169218681572,0.04750340042193652,0.3636331341849329,0.7757811884190582,0.31262218953387744,0.19569129387220843,0.04628797898595686,0.08164504355922315,0.02443687130558116,0.1870614739912146,0.39908016887845577,0.16082023907872767,0.10066822420084079,neutral,neutral,neutral,neutral
test_2460,data/raf-db/aligned/test_2460_aligned.jpg,7,neutral,test,neutral,data/raf-db/aligned/test_2460_aligned.jpg,neutral,neutral,data/raf-db/aligned/train_11508_aligned.jpg,data/raf-db/aligned/train_10422_aligned.jpg,0.9774278402328491,0.9371269941329956,original,,,,,,,,,,,,,,,,,,,,,,,,,,,,,,,,,,,,,,,,,,,,
test_2465,data/raf-db/aligned/test_2465_aligned.jpg,7,neutral,test,neutral,data/raf-db/aligned/test_2465_aligned.jpg,neutral,neutral,data/raf-db/aligned/train_11793_aligned.jpg,data/raf-db/aligned/train_12193_aligned.jpg,0.9885751008987427,0.9879225492477417,original,,,,,,,,,,,,,,,,,,,,,,,,,,,,,,,,,,,,,,,,,,,,
test_2468,data/raf-db/aligned/test_2468_aligned.jpg,7,neutral,test,neutral,data/raf-db/aligned/test_2468_aligned.jpg,neutral,neutral,data/raf-db/aligned/train_11818_aligned.jpg,data/raf-db/aligned/train_10646_aligned.jpg,0.9852933883666992,0.9850884675979614,original,,,,,,,,,,,,,,,,,,,,,,,,,,,,,,,,,,,,,,,,,,,,
test_2469,data/raf-db/aligned/test_2469_aligned.jpg,7,neutral,test,neutral,data/raf-db/aligned/test_2469_aligned.jpg,neutral,neutral,data/raf-db/aligned/train_11617_aligned.jpg,data/raf-db/aligned/train_11451_aligned.jpg,0.9848519563674927,0.9814635515213013,original,,,,,,,,,,,,,,,,,,,,,,,,,,,,,,,,,,,,,,,,,,,,
test_2471,data/raf-db/aligned/test_2471_aligned.jpg,7,neutral,test,neutral,data/raf-db/aligned/test_2471_aligned.jpg,neutral,neutral,data/raf-db/aligned/train_10780_aligned.jpg,data/raf-db/aligned/train_11975_aligned.jpg,0.9946445226669312,0.9847210645675659,original,,,,,,,,,,,,,,,,,,,,,,,,,,,,,,,,,,,,,,,,,,,,
test_2476,data/raf-db/aligned/test_2476_aligned.jpg,7,neutral,test,neutral,data/raf-db/aligned/test_2476_aligned.jpg,neutral,happy,data/raf-db/aligned/train_11602_aligned.jpg,data/raf-db/aligned/train_04076_aligned.jpg,0.9714177846908569,0.9437215924263,framework,neutral,0.8811431880777489,3.0,stop,1282.0,False,0.1288196036469194,0.2254798002605595,0.08664264795423823,0.08171189433561538,0.8811449737010181,0.2518317335650863,0.3445996211662739,0.06440238670558415,0.11272692105527754,0.04331633665042781,0.040851243665303565,0.4405217663571953,0.12590137083676842,0.17227997472944326,neutral,0.8793516211317401,3.0,stop,3696.0,False,0.1173958608508348,0.2313108705980455,0.07379104250233157,0.08645175601402537,0.8793522850145163,0.3893140310020493,0.17273244459747267,0.060192254592622986,0.1185997761093961,0.03783480256257962,0.0443263167053861,0.45086935972514874,0.19961256811542036,0.08856492218944605,neutral,neutral,neutral,neutral
test_2487,data/raf-db/aligned/test_2487_aligned.jpg,7,neutral,test,neutral,data/raf-db/aligned/test_2487_aligned.jpg,neutral,neutral,data/raf-db/aligned/train_09857_aligned.jpg,data/raf-db/aligned/train_12252_aligned.jpg,0.9944451451301575,0.984112560749054,original,,,,,,,,,,,,,,,,,,,,,,,,,,,,,,,,,,,,,,,,,,,,
test_2488,data/raf-db/aligned/test_2488_aligned.jpg,7,neutral,test,neutral,data/raf-db/aligned/test_2488_aligned.jpg,neutral,neutral,data/raf-db/aligned/train_10653_aligned.jpg,data/raf-db/aligned/train_10986_aligned.jpg,0.996643602848053,0.990641713142395,original,,,,,,,,,,,,,,,,,,,,,,,,,,,,,,,,,,,,,,,,,,,,
test_2496,data/raf-db/aligned/test_2496_aligned.jpg,7,neutral,test,neutral,data/raf-db/aligned/test_2496_aligned.jpg,neutral,neutral,data/raf-db/aligned/train_10597_aligned.jpg,data/raf-db/aligned/train_10293_aligned.jpg,0.9869112968444824,0.9842793345451355,original,,,,,,,,,,,,,,,,,,,,,,,,,,,,,,,,,,,,,,,,,,,,
test_2500,data/raf-db/aligned/test_2500_aligned.jpg,7,neutral,test,neutral,data/raf-db/aligned/test_2500_aligned.jpg,neutral,neutral,data/raf-db/aligned/train_11022_aligned.jpg,data/raf-db/aligned/train_11845_aligned.jpg,0.9953612685203552,0.9777988195419312,original,,,,,,,,,,,,,,,,,,,,,,,,,,,,,,,,,,,,,,,,,,,,
test_2504,data/raf-db/aligned/test_2504_aligned.jpg,7,neutral,test,neutral,data/raf-db/aligned/test_2504_aligned.jpg,neutral,neutral,data/raf-db/aligned/train_10195_aligned.jpg,data/raf-db/aligned/train_10251_aligned.jpg,0.9922811985015869,0.9861868619918823,original,,,,,,,,,,,,,,,,,,,,,,,,,,,,,,,,,,,,,,,,,,,,
test_2514,data/raf-db/aligned/test_2514_aligned.jpg,7,neutral,test,sad,data/raf-db/aligned/test_2514_aligned.jpg,sad,sad,data/raf-db/aligned/train_05564_aligned.jpg,data/raf-db/aligned/train_06773_aligned.jpg,0.9925817847251892,0.9905545115470886,original,,,,,,,,,,,,,,,,,,,,,,,,,,,,,,,,,,,,,,,,,,,,
test_2525,data/raf-db/aligned/test_2525_aligned.jpg,7,neutral,test,neutral,data/raf-db/aligned/test_2525_aligned.jpg,happy,neutral,data/raf-db/aligned/train_05538_aligned.jpg,data/raf-db/aligned/train_09770_aligned.jpg,0.9859651327133179,0.9821997880935669,framework,neutral,0.9120084040333654,3.0,stop,1282.0,False,0.06504846522037461,0.12225421293455813,0.05192100655439514,0.062269220232919496,0.9120082590760333,0.3409433381015493,0.21335381413600812,0.03679631585923556,0.06915619944332232,0.029370435573421526,0.035224165370178924,0.5159006266097418,0.19286325536482046,0.12068900177927949,neutral,0.8530120700837357,3.0,stop,3696.0,False,0.07650960471009959,0.1298571423508638,0.04342685055860729,0.2931958668317996,0.8530123073471422,0.21857692817329144,0.12454558850495498,0.04399317818573612,0.07466812073828338,0.024970527320185627,0.16858821924027073,0.490483810156126,0.12568217787627803,0.07161396648312027,neutral,neutral,neutral,neutral
test_2537,data/raf-db/aligned/test_2537_aligned.jpg,7,neutral,test,neutral,data/raf-db/aligned/test_2537_aligned.jpg,happy,neutral,data/raf-db/aligned/train_08082_aligned.jpg,data/raf-db/aligned/train_09780_aligned.jpg,0.9386457204818726,0.9303927421569824,framework,neutral,0.8755204795303355,3.0,stop,1282.0,False,0.10351228828466305,0.23874479952961558,0.10022638617287964,0.05509127658576211,0.8755220102507008,0.30099698517315043,0.3633182774298664,0.050805770798667445,0.11718042142898552,0.049192988467945266,0.027039830899351615,0.42972260896850745,0.1477349606815985,0.1783234187549441,neutral,0.7583533474685007,3.0,stop,3696.0,False,0.09453364393633577,0.35747761125394717,0.07920283330572685,0.2997584445074071,0.7583533474666615,0.23455268318911082,0.35328150081143006,0.043420621882168234,0.16419445546869726,0.03637896661722259,0.13768323670785956,0.348322275354181,0.10773332058437457,0.16226712338549676,neutral,neutral,neutral,neutral
test_2540,data/raf-db/aligned/test_2540_aligned.jpg,7,neutral,test,neutral,data/raf-db/aligned/test_2540_aligned.jpg,neutral,neutral,data/raf-db/aligned/train_09912_aligned.jpg,data/raf-db/aligned/train_12139_aligned.jpg,0.9850566387176514,0.9841089248657227,original,,,,,,,,,,,,,,,,,,,,,,,,,,,,,,,,,,,,,,,,,,,,
test_2541,data/raf-db/aligned/test_2541_aligned.jpg,7,neutral,test,neutral,data/raf-db/aligned/test_2541_aligned.jpg,neutral,neutral,data/raf-db/aligned/train_09765_aligned.jpg,data/raf-db/aligned/train_11982_aligned.jpg,0.9791309237480164,0.9788284301757812,original,,,,,,,,,,,,,,,,,,,,,,,,,,,,,,,,,,,,,,,,,,,,
test_2542,data/raf-db/aligned/test_2542_aligned.jpg,7,neutral,test,neutral,data/raf-db/aligned/test_2542_aligned.jpg,neutral,happy,data/raf-db/aligned/train_11328_aligned.jpg,data/raf-db/aligned/train_00363_aligned.jpg,0.9904263615608215,0.9877595901489258,framework,neutral,0.9741578220060647,3.0,stop,1282.0,False,0.08396633433188956,0.13961146243094144,0.04427730663550389,0.011637571606596477,0.9741580155486854,0.18343795552615563,0.10126402628455841,0.054581979698348174,0.09075387259305713,0.028782286032924456,0.007564956863051706,0.6332475205776311,0.1192431090877396,0.06582627514724781,neutral,0.9028510792748771,3.0,stop,3696.0,False,0.08708660116566161,0.17360660446345438,0.04772020147395438,0.11286553414333737,0.9028507922742317,0.31544590748249285,0.1489894888445862,0.04869076317789798,0.09706473729488148,0.026680717787457568,0.06310395537731799,0.5047905593189675,0.17636814126492026,0.08330112577855715,neutral,neutral,neutral,neutral
test_2545,data/raf-db/aligned/test_2545_aligned.jpg,7,neutral,test,sad,data/raf-db/aligned/test_2545_aligned.jpg,neutral,sad,data/raf-db/aligned/train_10055_aligned.jpg,data/raf-db/aligned/train_07767_aligned.jpg,0.9932568669319153,0.9914008975028992,framework,sad,0.8211602155458825,2.0,stop,1281.0,False,0.11108490361928276,0.18610200867245377,0.1170408314221344,0.01161142532052105,0.6028414502135562,0.821187408316682,0.22093216626597736,0.05364346784891675,0.08986961138350996,0.05651961583296452,0.005607216647513446,0.29111521817003894,0.39655559757198655,0.10668927254506996,sad,0.723834758591178,2.0,stop,3695.0,False,0.11735109341915353,0.19896366018441886,0.14200826695079355,0.02164230992761435,0.6825755708087083,0.7238332497354888,0.26622773858940335,0.05451592976168507,0.09242938099434192,0.06597052043662095,0.010054023473648121,0.3170932693599954,0.3362596926200569,0.12367718335365174,sad,sad,sad,sad
test_2551,data/raf-db/aligned/test_2551_aligned.jpg,7,neutral,test,neutral,data/raf-db/aligned/test_2551_aligned.jpg,neutral,neutral,data/raf-db/aligned/train_12194_aligned.jpg,data/raf-db/aligned/train_10859_aligned.jpg,0.9860649108886719,0.9787882566452026,original,,,,,,,,,,,,,,,,,,,,,,,,,,,,,,,,,,,,,,,,,,,,
test_2552,data/raf-db/aligned/test_2552_aligned.jpg,7,neutral,test,neutral,data/raf-db/aligned/test_2552_aligned.jpg,neutral,neutral,data/raf-db/aligned/train_11006_aligned.jpg,data/raf-db/aligned/train_10391_aligned.jpg,0.9894034266471863,0.9866430163383484,original,,,,,,,,,,,,,,,,,,,,,,,,,,,,,,,,,,,,,,,,,,,,
test_2563,data/raf-db/aligned/test_2563_aligned.jpg,7,neutral,test,neutral,data/raf-db/aligned/test_2563_aligned.jpg,neutral,neutral,data/raf-db/aligned/train_12092_aligned.jpg,data/raf-db/aligned/train_12106_aligned.jpg,0.9901116490364075,0.9845060110092163,original,,,,,,,,,,,,,,,,,,,,,,,,,,,,,,,,,,,,,,,,,,,,
test_2568,data/raf-db/aligned/test_2568_aligned.jpg,7,neutral,test,neutral,data/raf-db/aligned/test_2568_aligned.jpg,neutral,neutral,data/raf-db/aligned/train_10185_aligned.jpg,data/raf-db/aligned/train_10897_aligned.jpg,0.9944648742675781,0.9938344955444336,original,,,,,,,,,,,,,,,,,,,,,,,,,,,,,,,,,,,,,,,,,,,,
test_2570,data/raf-db/aligned/test_2570_aligned.jpg,7,neutral,test,neutral,data/raf-db/aligned/test_2570_aligned.jpg,neutral,neutral,data/raf-db/aligned/train_11127_aligned.jpg,data/raf-db/aligned/train_10363_aligned.jpg,0.9953320026397705,0.9785887002944946,original,,,,,,,,,,,,,,,,,,,,,,,,,,,,,,,,,,,,,,,,,,,,
test_2573,data/raf-db/aligned/test_2573_aligned.jpg,7,neutral,test,neutral,data/raf-db/aligned/test_2573_aligned.jpg,happy,sad,data/raf-db/aligned/train_08727_aligned.jpg,data/raf-db/aligned/train_03830_aligned.jpg,0.9688323736190796,0.9464866518974304,framework,sad,0.61623247224841,2.0,stop,1281.0,False,0.0987914806426413,0.2175559593462785,0.2903963750045222,0.025896402035164665,0.5883707216665018,0.6162941316547691,0.5108464365232912,0.04207202148305729,0.09264988170885917,0.12367020362805212,0.011028420423198617,0.2505676145445932,0.2624592705584977,0.2175525876537419,neutral,0.6887952939510348,3.0,stop,3696.0,False,0.12412961771208342,0.2179563994189662,0.16260114294682046,0.22461291595061697,0.6887965255644016,0.5367385214176371,0.28723404004513303,0.05536386644866491,0.09721216589140316,0.07252280421412848,0.10018108256950367,0.30721466443330336,0.23939427483411344,0.12811114160888287,neutral,neutral,neutral,neutral
test_2578,data/raf-db/aligned/test_2578_aligned.jpg,7,neutral,test,neutral,data/raf-db/aligned/test_2578_aligned.jpg,neutral,neutral,data/raf-db/aligned/train_10459_aligned.jpg,data/raf-db/aligned/train_10540_aligned.jpg,0.9926604628562927,0.987098217010498,original,,,,,,,,,,,,,,,,,,,,,,,,,,,,,,,,,,,,,,,,,,,,
test_2579,data/raf-db/aligned/test_2579_aligned.jpg,7,neutral,test,neutral,data/raf-db/aligned/test_2579_aligned.jpg,neutral,neutral,data/raf-db/aligned/train_11768_aligned.jpg,data/raf-db/aligned/train_09782_aligned.jpg,0.9798118472099304,0.975799024105072,original,,,,,,,,,,,,,,,,,,,,,,,,,,,,,,,,,,,,,,,,,,,,
test_2585,data/raf-db/aligned/test_2585_aligned.jpg,7,neutral,test,neutral,data/raf-db/aligned/test_2585_aligned.jpg,happy,neutral,data/raf-db/aligned/train_05250_aligned.jpg,data/raf-db/aligned/train_10662_aligned.jpg,0.973650336265564,0.9690797328948975,framework,neutral,0.793903235709842,3.0,stop,1282.0,False,0.05282780076786897,0.10020515597880573,0.05425522216425704,0.38971099573782597,0.7939033618947254,0.26837232009317674,0.1482292042878077,0.029226933377316796,0.05543841264044227,0.030016652984175104,0.21560725874026754,0.4392263226720913,0.14847674530585278,0.08200767427985432,neutral,0.7762252826714852,3.0,stop,3696.0,False,0.0863815900544545,0.14562919387673684,0.07140429742089918,0.41275764714207996,0.7762265472606157,0.25142581869252023,0.15246497130653464,0.04555294130073651,0.07679689753521131,0.037654733687861985,0.21766588065628792,0.40933956322343473,0.13258826971314103,0.08040171388332645,neutral,neutral,neutral,neutral
test_2594,data/raf-db/aligned/test_2594_aligned.jpg,7,neutral,test,happy,data/raf-db/aligned/test_2594_aligned.jpg,happy,happy,data/raf-db/aligned/train_00196_aligned.jpg,data/raf-db/aligned/train_03271_aligned.jpg,0.9842673540115356,0.975261926651001,original,,,,,,,,,,,,,,,,,,,,,,,,,,,,,,,,,,,,,,,,,,,,
test_2598,data/raf-db/aligned/test_2598_aligned.jpg,7,neutral,test,neutral,data/raf-db/aligned/test_2598_aligned.jpg,neutral,sad,data/raf-db/aligned/train_11419_aligned.jpg,data/raf-db/aligned/train_07951_aligned.jpg,0.965239942073822,0.9619495868682861,framework,neutral,0.7751922968644525,3.0,stop,1282.0,False,0.08989658703649477,0.2034107813259377,0.08011242201090567,0.013214963073619785,0.7751921736522575,0.6823080427082967,0.1429802441214046,0.04523974574113978,0.10236486535863952,0.04031594215038377,0.006650325547803145,0.3901093244208777,0.3433661208598166,0.07195367592133955,neutral,0.7685385790070961,3.0,stop,3696.0,False,0.10258546238751491,0.2387968007681584,0.07966560771165752,0.01760171951048431,0.7685382125499163,0.6734810119477673,0.15993643196744595,0.050272076162808384,0.11702253590575887,0.03904018566790885,0.008625734711657843,0.376622677874094,0.3300398315596421,0.07837695811813007,neutral,neutral,neutral,neutral
test_2616,data/raf-db/aligned/test_2616_aligned.jpg,7,neutral,test,neutral,data/raf-db/aligned/test_2616_aligned.jpg,neutral,neutral,data/raf-db/aligned/train_11164_aligned.jpg,data/raf-db/aligned/train_09810_aligned.jpg,0.9966289401054382,0.9938576817512512,original,,,,,,,,,,,,,,,,,,,,,,,,,,,,,,,,,,,,,,,,,,,,
test_2619,data/raf-db/aligned/test_2619_aligned.jpg,7,neutral,test,neutral,data/raf-db/aligned/test_2619_aligned.jpg,neutral,neutral,data/raf-db/aligned/train_10009_aligned.jpg,data/raf-db/aligned/train_10204_aligned.jpg,0.9784569144248962,0.974918007850647,original,,,,,,,,,,,,,,,,,,,,,,,,,,,,,,,,,,,,,,,,,,,,
test_2620,data/raf-db/aligned/test_2620_aligned.jpg,7,neutral,test,neutral,data/raf-db/aligned/test_2620_aligned.jpg,fear,angry,data/raf-db/aligned/train_07386_aligned.jpg,data/raf-db/aligned/train_00157_aligned.jpg,0.9573837518692017,0.942586362361908,framework,neutral,0.8872531982304193,3.0,stop,1282.0,False,0.1273756511625115,0.24342839709759173,0.10466263270890226,0.08342222940156804,0.8872531629808701,0.22391935720356598,0.3271932359521542,0.06377536790802367,0.12188150123254128,0.05240324855114156,0.04176844886158578,0.44423636998306026,0.1121135731755031,0.16382149028814427,happy,0.4671109323203675,1.0,stop,3694.0,False,0.2474201350374651,0.20433335302181588,0.18800870185499272,0.4671109323203675,0.18048585166659356,0.2545469771987192,0.566266456516032,0.11736238181641825,0.09692440347081718,0.0891808948716871,0.22157150460412156,0.08561247221269483,0.12074296024326213,0.26860538278099894,neutral,neutral,neutral,neutral
test_2631,data/raf-db/aligned/test_2631_aligned.jpg,7,neutral,test,neutral,data/raf-db/aligned/test_2631_aligned.jpg,neutral,neutral,data/raf-db/aligned/train_11769_aligned.jpg,data/raf-db/aligned/train_09943_aligned.jpg,0.98545241355896,0.9840099215507507,original,,,,,,,,,,,,,,,,,,,,,,,,,,,,,,,,,,,,,,,,,,,,
test_2635,data/raf-db/aligned/test_2635_aligned.jpg,7,neutral,test,neutral,data/raf-db/aligned/test_2635_aligned.jpg,neutral,neutral,data/raf-db/aligned/train_12105_aligned.jpg,data/raf-db/aligned/train_10558_aligned.jpg,0.9787685871124268,0.9781427383422852,original,,,,,,,,,,,,,,,,,,,,,,,,,,,,,,,,,,,,,,,,,,,,
test_2642,data/raf-db/aligned/test_2642_aligned.jpg,7,neutral,test,sad,data/raf-db/aligned/test_2642_aligned.jpg,sad,sad,data/raf-db/aligned/train_00544_aligned.jpg,data/raf-db/aligned/train_06654_aligned.jpg,0.9632444977760315,0.9617486000061035,original,,,,,,,,,,,,,,,,,,,,,,,,,,,,,,,,,,,,,,,,,,,,
test_2643,data/raf-db/aligned/test_2643_aligned.jpg,7,neutral,test,neutral,data/raf-db/aligned/test_2643_aligned.jpg,neutral,neutral,data/raf-db/aligned/train_10442_aligned.jpg,data/raf-db/aligned/train_12069_aligned.jpg,0.9910145401954651,0.9893386363983154,original,,,,,,,,,,,,,,,,,,,,,,,,,,,,,,,,,,,,,,,,,,,,
test_2651,data/raf-db/aligned/test_2651_aligned.jpg,7,neutral,test,neutral,data/raf-db/aligned/test_2651_aligned.jpg,neutral,neutral,data/raf-db/aligned/train_11950_aligned.jpg,data/raf-db/aligned/train_12110_aligned.jpg,0.9910390377044678,0.9871764183044434,original,,,,,,,,,,,,,,,,,,,,,,,,,,,,,,,,,,,,,,,,,,,,
test_2655,data/raf-db/aligned/test_2655_aligned.jpg,7,neutral,test,neutral,data/raf-db/aligned/test_2655_aligned.jpg,neutral,neutral,data/raf-db/aligned/train_12062_aligned.jpg,data/raf-db/aligned/train_11683_aligned.jpg,0.9799262285232544,0.9745444655418396,original,,,,,,,,,,,,,,,,,,,,,,,,,,,,,,,,,,,,,,,,,,,,
test_2657,data/raf-db/aligned/test_2657_aligned.jpg,7,neutral,test,neutral,data/raf-db/aligned/test_2657_aligned.jpg,neutral,neutral,data/raf-db/aligned/train_09943_aligned.jpg,data/raf-db/aligned/train_11966_aligned.jpg,0.991142749786377,0.9861915111541748,original,,,,,,,,,,,,,,,,,,,,,,,,,,,,,,,,,,,,,,,,,,,,
test_2659,data/raf-db/aligned/test_2659_aligned.jpg,7,neutral,test,neutral,data/raf-db/aligned/test_2659_aligned.jpg,neutral,neutral,data/raf-db/aligned/train_10898_aligned.jpg,data/raf-db/aligned/train_10820_aligned.jpg,0.995171070098877,0.9869077205657959,original,,,,,,,,,,,,,,,,,,,,,,,,,,,,,,,,,,,,,,,,,,,,
test_2674,data/raf-db/aligned/test_2674_aligned.jpg,7,neutral,test,neutral,data/raf-db/aligned/test_2674_aligned.jpg,neutral,sad,data/raf-db/aligned/train_10932_aligned.jpg,data/raf-db/aligned/train_06653_aligned.jpg,0.9846265912055969,0.983344554901123,framework,neutral,0.7986489699205548,3.0,stop,1282.0,False,0.09350165478360281,0.17698364967963126,0.09565393200856095,0.017431578606997646,0.7986489699227338,0.6296024168538813,0.20438273559514933,0.046375074798613185,0.08778058539199038,0.04744256411231343,0.00864573748591225,0.3961149757586678,0.31227104207472006,0.10137002037778282,sad,0.7219175585093806,2.0,stop,3695.0,False,0.12315892228669631,0.20701958627154715,0.12080322601004263,0.01900019664438473,0.7103812537387802,0.7219501054085165,0.20042125510888126,0.0585708369856241,0.09845255394583714,0.05745053567049617,0.009035946399096344,0.33783686831491416,0.34333868103524334,0.09531457764878883,neutral,neutral,neutral,neutral
test_2685,data/raf-db/aligned/test_2685_aligned.jpg,7,neutral,test,neutral,data/raf-db/aligned/test_2685_aligned.jpg,neutral,neutral,data/raf-db/aligned/train_11560_aligned.jpg,data/raf-db/aligned/train_10485_aligned.jpg,0.9838233590126038,0.980467677116394,original,,,,,,,,,,,,,,,,,,,,,,,,,,,,,,,,,,,,,,,,,,,,
test_2686,data/raf-db/aligned/test_2686_aligned.jpg,7,neutral,test,neutral,data/raf-db/aligned/test_2686_aligned.jpg,sad,neutral,data/raf-db/aligned/train_03833_aligned.jpg,data/raf-db/aligned/train_11926_aligned.jpg,0.9725327491760254,0.9697614312171936,framework,sad,0.7419087813258022,2.0,stop,1281.0,False,0.0677633165588443,0.13048876832644993,0.06600386439975413,0.02273755803801369,0.7234279591735493,0.7419057325949293,0.16041867663543188,0.03542724489372623,0.06822065073168979,0.03450738816763529,0.011887390963199376,0.3782143610157297,0.38787469993260604,0.0838682642954135,sad,0.6510270543112084,2.0,stop,3695.0,False,0.28377974864769007,0.2331673464279073,0.1685614920178612,0.023938468056565566,0.6913568933469971,0.6510066287106946,0.22494252994223796,0.12464230212599835,0.1024122227814973,0.07403591170623983,0.010514301257079126,0.3036591412462986,0.2859364182555686,0.0987997026273181,sad,sad,neutral,neutral
test_2692,data/raf-db/aligned/test_2692_aligned.jpg,7,neutral,test,neutral,data/raf-db/aligned/test_2692_aligned.jpg,neutral,neutral,data/raf-db/aligned/train_10554_aligned.jpg,data/raf-db/aligned/train_11822_aligned.jpg,0.9728525876998901,0.9716399908065796,original,,,,,,,,,,,,,,,,,,,,,,,,,,,,,,,,,,,,,,,,,,,,
test_2703,data/raf-db/aligned/test_2703_aligned.jpg,7,neutral,test,neutral,data/raf-db/aligned/test_2703_aligned.jpg,neutral,neutral,data/raf-db/aligned/train_10992_aligned.jpg,data/raf-db/aligned/train_10164_aligned.jpg,0.9870215654373169,0.9866776466369629,original,,,,,,,,,,,,,,,,,,,,,,,,,,,,,,,,,,,,,,,,,,,,
test_2711,data/raf-db/aligned/test_2711_aligned.jpg,7,neutral,test,neutral,data/raf-db/aligned/test_2711_aligned.jpg,neutral,neutral,data/raf-db/aligned/train_11270_aligned.jpg,data/raf-db/aligned/train_11062_aligned.jpg,0.9879031181335449,0.9823627471923828,original,,,,,,,,,,,,,,,,,,,,,,,,,,,,,,,,,,,,,,,,,,,,
test_2716,data/raf-db/aligned/test_2716_aligned.jpg,7,neutral,test,neutral,data/raf-db/aligned/test_2716_aligned.jpg,neutral,neutral,data/raf-db/aligned/train_11401_aligned.jpg,data/raf-db/aligned/train_10954_aligned.jpg,0.9934677481651306,0.9916276335716248,original,,,,,,,,,,,,,,,,,,,,,,,,,,,,,,,,,,,,,,,,,,,,
test_2719,data/raf-db/aligned/test_2719_aligned.jpg,7,neutral,test,neutral,data/raf-db/aligned/test_2719_aligned.jpg,neutral,happy,data/raf-db/aligned/train_10330_aligned.jpg,data/raf-db/aligned/train_05218_aligned.jpg,0.9910454154014587,0.989434003829956,framework,neutral,0.9443638016042002,3.0,stop,1282.0,False,0.0952151180723582,0.15020352029572676,0.06180950458939402,0.08877068488377468,0.9443638766474787,0.1644523677868404,0.12033086878322104,0.05858865697336997,0.09242463492101399,0.03803320245142089,0.054623208070740996,0.5810948129570561,0.1011923690248388,0.07404311560155923,neutral,0.873779144556832,3.0,stop,3696.0,False,0.06524076677771151,0.1453129884549858,0.036566976584848504,0.2454296372716625,0.8737783807095555,0.23389649004407675,0.10708291286904321,0.03821264876764236,0.08511233793628353,0.021417912476295282,0.14375239577098178,0.5117871541359703,0.13699723138588438,0.06272031952694246,neutral,neutral,neutral,neutral
test_2720,data/raf-db/aligned/test_2720_aligned.jpg,7,neutral,test,happy,data/raf-db/aligned/test_2720_aligned.jpg,happy,happy,data/raf-db/aligned/train_08908_aligned.jpg,data/raf-db/aligned/train_05275_aligned.jpg,0.9765450358390808,0.9683123826980591,original,,,,,,,,,,,,,,,,,,,,,,,,,,,,,,,,,,,,,,,,,,,,
test_2722,data/raf-db/aligned/test_2722_aligned.jpg,7,neutral,test,neutral,data/raf-db/aligned/test_2722_aligned.jpg,neutral,neutral,data/raf-db/aligned/train_11114_aligned.jpg,data/raf-db/aligned/train_11923_aligned.jpg,0.9573360681533813,0.9403159618377686,original,,,,,,,,,,,,,,,,,,,,,,,,,,,,,,,,,,,,,,,,,,,,
test_2723,data/raf-db/aligned/test_2723_aligned.jpg,7,neutral,test,neutral,data/raf-db/aligned/test_2723_aligned.jpg,neutral,neutral,data/raf-db/aligned/train_10445_aligned.jpg,data/raf-db/aligned/train_09793_aligned.jpg,0.9716008901596069,0.9575462937355042,original,,,,,,,,,,,,,,,,,,,,,,,,,,,,,,,,,,,,,,,,,,,,
test_2724,data/raf-db/aligned/test_2724_aligned.jpg,7,neutral,test,neutral,data/raf-db/aligned/test_2724_aligned.jpg,neutral,neutral,data/raf-db/aligned/train_10275_aligned.jpg,data/raf-db/aligned/train_09897_aligned.jpg,0.9869813919067383,0.9758005142211914,original,,,,,,,,,,,,,,,,,,,,,,,,,,,,,,,,,,,,,,,,,,,,
test_2730,data/raf-db/aligned/test_2730_aligned.jpg,7,neutral,test,neutral,data/raf-db/aligned/test_2730_aligned.jpg,neutral,neutral,data/raf-db/aligned/train_10296_aligned.jpg,data/raf-db/aligned/train_11412_aligned.jpg,0.9876440763473511,0.9854336977005005,original,,,,,,,,,,,,,,,,,,,,,,,,,,,,,,,,,,,,,,,,,,,,
test_2736,data/raf-db/aligned/test_2736_aligned.jpg,7,neutral,test,neutral,data/raf-db/aligned/test_2736_aligned.jpg,neutral,neutral,data/raf-db/aligned/train_11994_aligned.jpg,data/raf-db/aligned/train_10159_aligned.jpg,0.9898383617401123,0.9874163866043091,original,,,,,,,,,,,,,,,,,,,,,,,,,,,,,,,,,,,,,,,,,,,,
test_2739,data/raf-db/aligned/test_2739_aligned.jpg,7,neutral,test,neutral,data/raf-db/aligned/test_2739_aligned.jpg,neutral,neutral,data/raf-db/aligned/train_11414_aligned.jpg,data/raf-db/aligned/train_11667_aligned.jpg,0.9852621555328369,0.9849830865859985,original,,,,,,,,,,,,,,,,,,,,,,,,,,,,,,,,,,,,,,,,,,,,
test_2746,data/raf-db/aligned/test_2746_aligned.jpg,7,neutral,test,neutral,data/raf-db/aligned/test_2746_aligned.jpg,neutral,neutral,data/raf-db/aligned/train_11897_aligned.jpg,data/raf-db/aligned/train_09835_aligned.jpg,0.9951465129852295,0.9933972954750061,original,,,,,,,,,,,,,,,,,,,,,,,,,,,,,,,,,,,,,,,,,,,,
test_2754,data/raf-db/aligned/test_2754_aligned.jpg,7,neutral,test,neutral,data/raf-db/aligned/test_2754_aligned.jpg,neutral,neutral,data/raf-db/aligned/train_10778_aligned.jpg,data/raf-db/aligned/train_12241_aligned.jpg,0.9878271222114563,0.9799124002456665,original,,,,,,,,,,,,,,,,,,,,,,,,,,,,,,,,,,,,,,,,,,,,
test_2760,data/raf-db/aligned/test_2760_aligned.jpg,7,neutral,test,neutral,data/raf-db/aligned/test_2760_aligned.jpg,happy,neutral,data/raf-db/aligned/train_04798_aligned.jpg,data/raf-db/aligned/train_10200_aligned.jpg,0.9944218993186951,0.9864485859870911,framework,neutral,0.9678882172950208,3.0,stop,1282.0,False,0.08995337968974541,0.15073922143827398,0.04974427545295155,0.017678827956526408,0.9678883711311469,0.19951908330362544,0.11366039328559971,0.05660351792714068,0.09485324789833607,0.03130178095681661,0.011124472016721294,0.6090475639242535,0.12554816781243053,0.07152124946430138,neutral,0.7865275850847132,3.0,stop,3696.0,False,0.1604678907550465,0.219928717192113,0.08184151611420924,0.22984603291270736,0.7865280226296641,0.2560859608960541,0.3850199860795071,0.0757024666359776,0.10375375595198749,0.038609622236085286,0.1084323571283611,0.3710531191705781,0.12081132754632487,0.1816373513306855,neutral,neutral,neutral,neutral
test_2761,data/raf-db/aligned/test_2761_aligned.jpg,7,neutral,test,neutral,data/raf-db/aligned/test_2761_aligned.jpg,neutral,neutral,data/raf-db/aligned/train_12152_aligned.jpg,data/raf-db/aligned/train_10675_aligned.jpg,0.9797344207763672,0.9666666984558105,original,,,,,,,,,,,,,,,,,,,,,,,,,,,,,,,,,,,,,,,,,,,,
test_2764,data/raf-db/aligned/test_2764_aligned.jpg,7,neutral,test,neutral,data/raf-db/aligned/test_2764_aligned.jpg,neutral,neutral,data/raf-db/aligned/train_11260_aligned.jpg,data/raf-db/aligned/train_10064_aligned.jpg,0.9797728061676025,0.9724053144454956,original,,,,,,,,,,,,,,,,,,,,,,,,,,,,,,,,,,,,,,,,,,,,
test_2765,data/raf-db/aligned/test_2765_aligned.jpg,7,neutral,test,neutral,data/raf-db/aligned/test_2765_aligned.jpg,neutral,neutral,data/raf-db/aligned/train_10716_aligned.jpg,data/raf-db/aligned/train_11019_aligned.jpg,0.9778861999511719,0.9770083427429199,original,,,,,,,,,,,,,,,,,,,,,,,,,,,,,,,,,,,,,,,,,,,,
test_2766,data/raf-db/aligned/test_2766_aligned.jpg,7,neutral,test,neutral,data/raf-db/aligned/test_2766_aligned.jpg,neutral,neutral,data/raf-db/aligned/train_10716_aligned.jpg,data/raf-db/aligned/train_12184_aligned.jpg,0.9939953684806824,0.9908702373504639,original,,,,,,,,,,,,,,,,,,,,,,,,,,,,,,,,,,,,,,,,,,,,
test_2780,data/raf-db/aligned/test_2780_aligned.jpg,7,neutral,test,sad,data/raf-db/aligned/test_2780_aligned.jpg,sad,sad,data/raf-db/aligned/train_08473_aligned.jpg,data/raf-db/aligned/train_04009_aligned.jpg,0.9851425886154175,0.9793976545333862,original,,,,,,,,,,,,,,,,,,,,,,,,,,,,,,,,,,,,,,,,,,,,
test_2783,data/raf-db/aligned/test_2783_aligned.jpg,7,neutral,test,neutral,data/raf-db/aligned/test_2783_aligned.jpg,sad,neutral,data/raf-db/aligned/train_06674_aligned.jpg,data/raf-db/aligned/train_11107_aligned.jpg,0.9777945280075073,0.9724756479263306,framework,neutral,0.9023246885170972,3.0,stop,1282.0,False,0.09314651288919813,0.1588859287956761,0.06975903739385853,0.018392454127238413,0.9023244375359243,0.4308303061415654,0.17957102900874847,0.05027040043721203,0.08574941795081681,0.03764837389108947,0.009926254943104265,0.4869770149438765,0.23251554286295506,0.09691299497094587,sad,0.7195684018226722,2.0,stop,3695.0,False,0.1348765077478614,0.16741278588932923,0.0959829919673956,0.006943937495088082,0.7389886105616932,0.7195712302394422,0.15074197844459045,0.06695224610191707,0.08310314545230835,0.04764563530820877,0.0034469472842266593,0.3668314678886304,0.35719274541799706,0.07482781254671182,neutral,neutral,neutral,neutral
test_2784,data/raf-db/aligned/test_2784_aligned.jpg,7,neutral,test,neutral,data/raf-db/aligned/test_2784_aligned.jpg,neutral,neutral,data/raf-db/aligned/train_11720_aligned.jpg,data/raf-db/aligned/train_12153_aligned.jpg,0.9224334359169006,0.9082193374633789,original,,,,,,,,,,,,,,,,,,,,,,,,,,,,,,,,,,,,,,,,,,,,
test_2797,data/raf-db/aligned/test_2797_aligned.jpg,7,neutral,test,surprise,data/raf-db/aligned/test_2797_aligned.jpg,surprise,surprise,data/raf-db/aligned/train_00857_aligned.jpg,data/raf-db/aligned/train_06167_aligned.jpg,0.9927796721458435,0.9892568588256836,original,,,,,,,,,,,,,,,,,,,,,,,,,,,,,,,,,,,,,,,,,,,,
test_2799,data/raf-db/aligned/test_2799_aligned.jpg,7,neutral,test,neutral,data/raf-db/aligned/test_2799_aligned.jpg,neutral,neutral,data/raf-db/aligned/train_10273_aligned.jpg,data/raf-db/aligned/train_11356_aligned.jpg,0.9931599497795105,0.97678142786026,original,,,,,,,,,,,,,,,,,,,,,,,,,,,,,,,,,,,,,,,,,,,,
test_2801,data/raf-db/aligned/test_2801_aligned.jpg,7,neutral,test,neutral,data/raf-db/aligned/test_2801_aligned.jpg,neutral,happy,data/raf-db/aligned/train_10588_aligned.jpg,data/raf-db/aligned/train_05538_aligned.jpg,0.9877105355262756,0.9776658415794373,framework,neutral,0.7980788397303973,3.0,stop,1282.0,False,0.09688604368803465,0.18479525279516168,0.08737046002837753,0.2401209853180526,0.7980783323307782,0.28763648061635233,0.35839239466363176,0.047185988308335876,0.09000002792874237,0.042551655000668535,0.11694507871831915,0.38868461777376756,0.14008634365457387,0.17454628861559277,neutral,0.7691379721119858,3.0,stop,3696.0,False,0.07906153560752935,0.15089108922955521,0.04681221657665499,0.40155027407564314,0.7691378192961501,0.2991651343198529,0.1552331486151809,0.04157083102551381,0.07933906071285814,0.0246140266601722,0.21113653388560794,0.4044153465474486,0.15730207049445882,0.08162213067394047,neutral,neutral,neutral,neutral
test_2805,data/raf-db/aligned/test_2805_aligned.jpg,7,neutral,test,neutral,data/raf-db/aligned/test_2805_aligned.jpg,neutral,neutral,data/raf-db/aligned/train_10772_aligned.jpg,data/raf-db/aligned/train_11210_aligned.jpg,0.9970725774765015,0.9962314963340759,original,,,,,,,,,,,,,,,,,,,,,,,,,,,,,,,,,,,,,,,,,,,,
test_2812,data/raf-db/aligned/test_2812_aligned.jpg,7,neutral,test,neutral,data/raf-db/aligned/test_2812_aligned.jpg,happy,neutral,data/raf-db/aligned/train_05656_aligned.jpg,data/raf-db/aligned/train_11899_aligned.jpg,0.9844299554824829,0.9778645634651184,framework,neutral,0.9845157211844704,3.0,stop,1282.0,False,0.03604818617602208,0.06514753365228651,0.026612475943191414,0.017478454844445233,0.9845166209528924,0.12416592285567081,0.07767889908394267,0.027070354661828912,0.04892248482903945,0.019984616110609497,0.013125430757307136,0.7393219167678283,0.0932422938619878,0.05833290301139885,neutral,0.7700888025573356,3.0,stop,3696.0,False,0.0677673193343981,0.11741844002597691,0.042132035247110455,0.4567062151385473,0.7700880681598824,0.17070345589357008,0.18179170621694543,0.037510820190104946,0.06499389431479806,0.02332108181229655,0.2527977332441077,0.4262620292349092,0.0944884156957201,0.10062602550806343,neutral,neutral,neutral,neutral
test_2817,data/raf-db/aligned/test_2817_aligned.jpg,7,neutral,test,neutral,data/raf-db/aligned/test_2817_aligned.jpg,neutral,neutral,data/raf-db/aligned/train_11712_aligned.jpg,data/raf-db/aligned/train_10214_aligned.jpg,0.9822111129760742,0.980100154876709,original,,,,,,,,,,,,,,,,,,,,,,,,,,,,,,,,,,,,,,,,,,,,
test_2823,data/raf-db/aligned/test_2823_aligned.jpg,7,neutral,test,neutral,data/raf-db/aligned/test_2823_aligned.jpg,neutral,sad,data/raf-db/aligned/train_12194_aligned.jpg,data/raf-db/aligned/train_00163_aligned.jpg,0.9736825227737427,0.9707738161087036,framework,neutral,0.794359597817018,3.0,stop,1282.0,False,0.2522765863141692,0.2907734258147705,0.1610746786484899,0.03865322018985534,0.794359850329347,0.45662079906152375,0.3140071693100022,0.10931637603893399,0.12599780908289243,0.06979680674591325,0.016749195853347484,0.3442116503062774,0.19786271768893238,0.13606544428370312,neutral,0.7549823000423681,3.0,stop,3696.0,False,0.16909918541971963,0.22485151665415856,0.10268182422889426,0.0189085003973458,0.7549817300476179,0.6557445924357715,0.19376810009993548,0.0797624329710496,0.10606026268577574,0.04843401286690748,0.008918954823956712,0.35611750280062365,0.30930831494228483,0.09139851890940207,neutral,neutral,neutral,neutral
test_2824,data/raf-db/aligned/test_2824_aligned.jpg,7,neutral,test,neutral,data/raf-db/aligned/test_2824_aligned.jpg,neutral,sad,data/raf-db/aligned/train_10888_aligned.jpg,data/raf-db/aligned/train_08013_aligned.jpg,0.980873703956604,0.9767387509346008,framework,neutral,0.7712105945527444,3.0,stop,1282.0,False,0.11695750384777065,0.21105733838599755,0.1097638436846074,0.03765265869075207,0.7712101348867687,0.6359351676482683,0.2197995832314165,0.05563110073161199,0.10038989945595655,0.052209420035632025,0.017909572105476845,0.36682784163184484,0.30248399808756443,0.10454816795191323,neutral,0.7926182839858332,3.0,stop,3696.0,False,0.0865862875433259,0.19981522743600905,0.0783841578732182,0.00667294425155121,0.7926194178044755,0.6626952706624876,0.13886179224185885,0.04405003127979682,0.10165428347221438,0.039877268146276346,0.003394803165132681,0.4032383318177354,0.3371405361045083,0.07064474601433608,neutral,neutral,neutral,neutral
test_2825,data/raf-db/aligned/test_2825_aligned.jpg,7,neutral,test,disgust,data/raf-db/aligned/test_2825_aligned.jpg,disgust,disgust,data/raf-db/aligned/train_05219_aligned.jpg,data/raf-db/aligned/train_00186_aligned.jpg,0.9838725328445435,0.9759926795959473,original,,,,,,,,,,,,,,,,,,,,,,,,,,,,,,,,,,,,,,,,,,,,
test_2827,data/raf-db/aligned/test_2827_aligned.jpg,7,neutral,test,neutral,data/raf-db/aligned/test_2827_aligned.jpg,neutral,neutral,data/raf-db/aligned/train_11137_aligned.jpg,data/raf-db/aligned/train_11484_aligned.jpg,0.996921181678772,0.9938199520111084,original,,,,,,,,,,,,,,,,,,,,,,,,,,,,,,,,,,,,,,,,,,,,
test_2828,data/raf-db/aligned/test_2828_aligned.jpg,7,neutral,test,neutral,data/raf-db/aligned/test_2828_aligned.jpg,sad,neutral,data/raf-db/aligned/train_07646_aligned.jpg,data/raf-db/aligned/train_11037_aligned.jpg,0.9929757118225098,0.9824386835098267,framework,neutral,0.8346398211503904,3.0,stop,1282.0,False,0.20201291822320605,0.23834020543123355,0.20394281739082734,0.06944510565813454,0.8346404512817206,0.40788207279177263,0.23243668834863332,0.0922981195716211,0.10889577247386988,0.09317987538061083,0.03172892467508575,0.38134068281016803,0.18635812331595264,0.10619850177269177,sad,0.7467578179157849,2.0,stop,3695.0,False,0.3524164506019126,0.2305182483109182,0.10501606205271563,0.003317958832249837,0.614991393100502,0.7466977293001069,0.11444087362484005,0.16259880936030446,0.10635710293080994,0.04845258109919441,0.0015308483889128692,0.28374631239315334,0.34451332089882125,0.05280102492880358,neutral,neutral,neutral,neutral
test_2831,data/raf-db/aligned/test_2831_aligned.jpg,7,neutral,test,neutral,data/raf-db/aligned/test_2831_aligned.jpg,neutral,sad,data/raf-db/aligned/train_10214_aligned.jpg,data/raf-db/aligned/train_01329_aligned.jpg,0.9858940243721008,0.9769312143325806,framework,neutral,0.8070388241131583,3.0,stop,1282.0,False,0.22799601868170394,0.23998794684993205,0.1939627104411555,0.02785850561969789,0.8070390806585495,0.49798563290146747,0.2504101762992871,0.10154638765834939,0.10688743261862128,0.0863884058134315,0.012407807064339589,0.3594444491348804,0.22179616301764346,0.11152935469273424,neutral,0.8051447715630439,3.0,stop,3696.0,False,0.09408218176276041,0.22981058279021585,0.09997385361933281,0.021544112895483074,0.8051448035566232,0.5986920788337583,0.2201920945347763,0.04546263483752624,0.11104966329900863,0.048309623727232257,0.010410601870772872,0.38906415125159377,0.2893015324492835,0.10640179256458263,neutral,neutral,neutral,neutral
test_2832,data/raf-db/aligned/test_2832_aligned.jpg,7,neutral,test,neutral,data/raf-db/aligned/test_2832_aligned.jpg,neutral,neutral,data/raf-db/aligned/train_10976_aligned.jpg,data/raf-db/aligned/train_10615_aligned.jpg,0.9613827466964722,0.960666298866272,original,,,,,,,,,,,,,,,,,,,,,,,,,,,,,,,,,,,,,,,,,,,,
test_2833,data/raf-db/aligned/test_2833_aligned.jpg,7,neutral,test,neutral,data/raf-db/aligned/test_2833_aligned.jpg,neutral,neutral,data/raf-db/aligned/train_11054_aligned.jpg,data/raf-db/aligned/train_10109_aligned.jpg,0.9916844964027405,0.9832975268363953,original,,,,,,,,,,,,,,,,,,,,,,,,,,,,,,,,,,,,,,,,,,,,
test_2835,data/raf-db/aligned/test_2835_aligned.jpg,7,neutral,test,happy,data/raf-db/aligned/test_2835_aligned.jpg,happy,happy,data/raf-db/aligned/train_09094_aligned.jpg,data/raf-db/aligned/train_08741_aligned.jpg,0.9812183380126953,0.9787501096725464,original,,,,,,,,,,,,,,,,,,,,,,,,,,,,,,,,,,,,,,,,,,,,
test_2849,data/raf-db/aligned/test_2849_aligned.jpg,7,neutral,test,neutral,data/raf-db/aligned/test_2849_aligned.jpg,neutral,neutral,data/raf-db/aligned/train_10223_aligned.jpg,data/raf-db/aligned/train_09913_aligned.jpg,0.9782387018203735,0.973804771900177,original,,,,,,,,,,,,,,,,,,,,,,,,,,,,,,,,,,,,,,,,,,,,
test_2851,data/raf-db/aligned/test_2851_aligned.jpg,7,neutral,test,neutral,data/raf-db/aligned/test_2851_aligned.jpg,neutral,neutral,data/raf-db/aligned/train_10916_aligned.jpg,data/raf-db/aligned/train_10132_aligned.jpg,0.9927693605422974,0.9884182214736938,original,,,,,,,,,,,,,,,,,,,,,,,,,,,,,,,,,,,,,,,,,,,,
test_2854,data/raf-db/aligned/test_2854_aligned.jpg,7,neutral,test,neutral,data/raf-db/aligned/test_2854_aligned.jpg,neutral,sad,data/raf-db/aligned/train_11921_aligned.jpg,data/raf-db/aligned/train_06044_aligned.jpg,0.9829537272453308,0.9805670380592346,framework,neutral,0.9140367053690982,3.0,stop,1282.0,False,0.05759714435131352,0.11059845434002949,0.05056694525477619,0.05888767177307792,0.9140372864899952,0.3018715955839551,0.26642240603405365,0.03272599412327037,0.06284069127972398,0.028731520839744555,0.03345925604617015,0.5193448252168321,0.17151975456987162,0.15137795792438713,sad,0.6986660479622169,2.0,stop,3695.0,False,0.12490197320105824,0.24437830141919833,0.12450426662298913,0.03540433795881942,0.6395515407432699,0.6986908797044507,0.3739763782834093,0.055724790465708815,0.1090289391908124,0.055547354391948314,0.01579558163710129,0.2853347684313285,0.3117196780322955,0.16684888785080518,neutral,neutral,neutral,neutral
test_2860,data/raf-db/aligned/test_2860_aligned.jpg,7,neutral,test,neutral,data/raf-db/aligned/test_2860_aligned.jpg,neutral,neutral,data/raf-db/aligned/train_10840_aligned.jpg,data/raf-db/aligned/train_10746_aligned.jpg,0.9913488030433655,0.9842245578765869,original,,,,,,,,,,,,,,,,,,,,,,,,,,,,,,,,,,,,,,,,,,,,
test_2871,data/raf-db/aligned/test_2871_aligned.jpg,7,neutral,test,neutral,data/raf-db/aligned/test_2871_aligned.jpg,neutral,neutral,data/raf-db/aligned/train_11868_aligned.jpg,data/raf-db/aligned/train_11131_aligned.jpg,0.9806334376335144,0.9697064161300659,original,,,,,,,,,,,,,,,,,,,,,,,,,,,,,,,,,,,,,,,,,,,,
test_2872,data/raf-db/aligned/test_2872_aligned.jpg,7,neutral,test,neutral,data/raf-db/aligned/test_2872_aligned.jpg,happy,neutral,data/raf-db/aligned/train_08882_aligned.jpg,data/raf-db/aligned/train_10872_aligned.jpg,0.9793723821640015,0.9760561585426331,framework,neutral,0.9223659603278511,3.0,stop,1282.0,False,0.10567303010992925,0.16600687019009314,0.07927444240273888,0.05340180886090147,0.922365667119011,0.2785465372155059,0.22386041852406188,0.057772329421315737,0.09075734443165653,0.04334000072126083,0.029195215562539744,0.5042650249763604,0.1522837216879326,0.12238636319893424,neutral,0.8804711329689168,3.0,stop,3696.0,False,0.13272770675622877,0.21268077743254868,0.0782184081525223,0.17258691821011893,0.8804692437363726,0.24399759869579307,0.17851987028320887,0.06988609424344795,0.11198437175381507,0.04118491291166017,0.09087345759217365,0.46359993742097727,0.12847384765674746,0.09399737842117845,neutral,neutral,neutral,neutral
test_2875,data/raf-db/aligned/test_2875_aligned.jpg,7,neutral,test,surprise,data/raf-db/aligned/test_2875_aligned.jpg,fear,fear,data/raf-db/aligned/train_09267_aligned.jpg,data/raf-db/aligned/train_07382_aligned.jpg,0.9151678681373596,0.869675874710083,original,,,,,,,,,,,,,,,,,,,,,,,,,,,,,,,,,,,,,,,,,,,,
test_2885,data/raf-db/aligned/test_2885_aligned.jpg,7,neutral,test,neutral,data/raf-db/aligned/test_2885_aligned.jpg,disgust,happy,data/raf-db/aligned/train_09580_aligned.jpg,data/raf-db/aligned/train_08339_aligned.jpg,0.956981897354126,0.9478102922439575,framework,neutral,0.8069705685172777,3.0,stop,1282.0,False,0.1711174802006605,0.32011390573774945,0.14354969796508077,0.09132183319181875,0.8069712098250746,0.3871286290519527,0.3421362760414626,0.07563741675284713,0.14149687611268552,0.0634518946690768,0.04036611308011138,0.35669773557624423,0.17111875080339037,0.15123121300564454,neutral,0.6899366481459804,3.0,stop,3696.0,False,0.22724027431451607,0.5573775091194099,0.16623852704794165,0.0883986947159913,0.6899371415969741,0.41862892704431615,0.3162781070626437,0.09222042524739299,0.2261992997032794,0.0674642191095177,0.03587464960872224,0.2799956864335615,0.1698912650468515,0.1283544548506747,neutral,neutral,neutral,neutral
test_2887,data/raf-db/aligned/test_2887_aligned.jpg,7,neutral,test,neutral,data/raf-db/aligned/test_2887_aligned.jpg,neutral,neutral,data/raf-db/aligned/train_11720_aligned.jpg,data/raf-db/aligned/train_11355_aligned.jpg,0.9445770382881165,0.9414821863174438,original,,,,,,,,,,,,,,,,,,,,,,,,,,,,,,,,,,,,,,,,,,,,
test_2890,data/raf-db/aligned/test_2890_aligned.jpg,7,neutral,test,neutral,data/raf-db/aligned/test_2890_aligned.jpg,neutral,neutral,data/raf-db/aligned/train_12063_aligned.jpg,data/raf-db/aligned/train_11090_aligned.jpg,0.9894670248031616,0.9879970550537109,original,,,,,,,,,,,,,,,,,,,,,,,,,,,,,,,,,,,,,,,,,,,,
test_2894,data/raf-db/aligned/test_2894_aligned.jpg,7,neutral,test,happy,data/raf-db/aligned/test_2894_aligned.jpg,happy,happy,data/raf-db/aligned/train_05525_aligned.jpg,data/raf-db/aligned/train_01730_aligned.jpg,0.9740284085273743,0.9682369828224182,original,,,,,,,,,,,,,,,,,,,,,,,,,,,,,,,,,,,,,,,,,,,,
test_2901,data/raf-db/aligned/test_2901_aligned.jpg,7,neutral,test,neutral,data/raf-db/aligned/test_2901_aligned.jpg,neutral,neutral,data/raf-db/aligned/train_10321_aligned.jpg,data/raf-db/aligned/train_11807_aligned.jpg,0.9816249012947083,0.9745113849639893,original,,,,,,,,,,,,,,,,,,,,,,,,,,,,,,,,,,,,,,,,,,,,
test_2905,data/raf-db/aligned/test_2905_aligned.jpg,7,neutral,test,happy,data/raf-db/aligned/test_2905_aligned.jpg,happy,happy,data/raf-db/aligned/train_06562_aligned.jpg,data/raf-db/aligned/train_06504_aligned.jpg,0.9658941030502319,0.9449228644371033,original,,,,,,,,,,,,,,,,,,,,,,,,,,,,,,,,,,,,,,,,,,,,
test_2912,data/raf-db/aligned/test_2912_aligned.jpg,7,neutral,test,disgust,data/raf-db/aligned/test_2912_aligned.jpg,disgust,disgust,data/raf-db/aligned/train_09531_aligned.jpg,data/raf-db/aligned/train_09507_aligned.jpg,0.9690707325935364,0.9402855634689331,original,,,,,,,,,,,,,,,,,,,,,,,,,,,,,,,,,,,,,,,,,,,,
test_2913,data/raf-db/aligned/test_2913_aligned.jpg,7,neutral,test,neutral,data/raf-db/aligned/test_2913_aligned.jpg,happy,neutral,data/raf-db/aligned/train_00327_aligned.jpg,data/raf-db/aligned/train_11493_aligned.jpg,0.9294410943984985,0.9272444248199463,framework,neutral,0.8353494686505383,3.0,stop,1282.0,False,0.14941994353042412,0.306379121708242,0.1329053243661018,0.10783262771523998,0.8353502984663328,0.3376344852719484,0.31815999452499055,0.0683005836735894,0.14004738821102417,0.06075167084830387,0.049290819136925554,0.3818426885266519,0.1543343670700191,0.14543248253348598,neutral,0.8916857139499615,3.0,stop,3696.0,False,0.1737277230307891,0.17868417015470722,0.057294348371057395,0.17926456020700454,0.8916861745643407,0.18765574874415,0.1250701129926296,0.09687152087295908,0.09963526267906829,0.031947639486104566,0.09995889132097258,0.49720904853009534,0.10463786357332265,0.06973977353747764,neutral,neutral,neutral,neutral
test_2915,data/raf-db/aligned/test_2915_aligned.jpg,7,neutral,test,neutral,data/raf-db/aligned/test_2915_aligned.jpg,neutral,sad,data/raf-db/aligned/train_11798_aligned.jpg,data/raf-db/aligned/train_04541_aligned.jpg,0.9725534319877625,0.959725558757782,framework,angry,0.6112682641236061,2.0,stop,1281.0,False,0.6112832935098136,0.3181601428742709,0.1713718996291915,0.017520502263998136,0.4654238667158332,0.4468502122716352,0.348469345604279,0.2569411213196167,0.13373246862342433,0.07203286679172162,0.007364404598638508,0.19563192953670697,0.18782485276794084,0.146472356361951,sad,0.6524591524882963,2.0,stop,3695.0,False,0.28507974499082384,0.25391326341230397,0.10160534429777467,0.01208583782396753,0.721743742588954,0.6524644373551426,0.1989484338548937,0.12807732899721996,0.11407521280006128,0.04564807334846174,0.0054297853649236255,0.32425667693166255,0.29313167234946996,0.0893812502082007,sad,sad,neutral,neutral
test_2920,data/raf-db/aligned/test_2920_aligned.jpg,7,neutral,test,neutral,data/raf-db/aligned/test_2920_aligned.jpg,neutral,neutral,data/raf-db/aligned/train_10939_aligned.jpg,data/raf-db/aligned/train_12133_aligned.jpg,0.9736623764038086,0.97226881980896,original,,,,,,,,,,,,,,,,,,,,,,,,,,,,,,,,,,,,,,,,,,,,
test_2921,data/raf-db/aligned/test_2921_aligned.jpg,7,neutral,test,neutral,data/raf-db/aligned/test_2921_aligned.jpg,neutral,neutral,data/raf-db/aligned/train_11656_aligned.jpg,data/raf-db/aligned/train_10904_aligned.jpg,0.9930099248886108,0.9877455234527588,original,,,,,,,,,,,,,,,,,,,,,,,,,,,,,,,,,,,,,,,,,,,,
test_2930,data/raf-db/aligned/test_2930_aligned.jpg,7,neutral,test,neutral,data/raf-db/aligned/test_2930_aligned.jpg,neutral,neutral,data/raf-db/aligned/train_10716_aligned.jpg,data/raf-db/aligned/train_11151_aligned.jpg,0.9909543395042419,0.9880867600440979,original,,,,,,,,,,,,,,,,,,,,,,,,,,,,,,,,,,,,,,,,,,,,
test_2937,data/raf-db/aligned/test_2937_aligned.jpg,7,neutral,test,neutral,data/raf-db/aligned/test_2937_aligned.jpg,neutral,neutral,data/raf-db/aligned/train_11359_aligned.jpg,data/raf-db/aligned/train_09882_aligned.jpg,0.9702647924423218,0.9588915705680847,original,,,,,,,,,,,,,,,,,,,,,,,,,,,,,,,,,,,,,,,,,,,,
test_2947,data/raf-db/aligned/test_2947_aligned.jpg,7,neutral,test,neutral,data/raf-db/aligned/test_2947_aligned.jpg,neutral,neutral,data/raf-db/aligned/train_11666_aligned.jpg,data/raf-db/aligned/train_11404_aligned.jpg,0.9899176359176636,0.9895681738853455,original,,,,,,,,,,,,,,,,,,,,,,,,,,,,,,,,,,,,,,,,,,,,
test_2949,data/raf-db/aligned/test_2949_aligned.jpg,7,neutral,test,neutral,data/raf-db/aligned/test_2949_aligned.jpg,neutral,neutral,data/raf-db/aligned/train_11494_aligned.jpg,data/raf-db/aligned/train_12239_aligned.jpg,0.9657738208770752,0.9595076441764832,original,,,,,,,,,,,,,,,,,,,,,,,,,,,,,,,,,,,,,,,,,,,,
test_2954,data/raf-db/aligned/test_2954_aligned.jpg,7,neutral,test,neutral,data/raf-db/aligned/test_2954_aligned.jpg,angry,neutral,data/raf-db/aligned/train_00641_aligned.jpg,data/raf-db/aligned/train_11710_aligned.jpg,0.9788644313812256,0.9769188165664673,framework,neutral,0.7536894053084734,3.0,stop,1282.0,False,0.32019264461226304,0.3469105962591664,0.1531191219030814,0.039823576589125824,0.7536901540160054,0.44906947025080207,0.2994633776812178,0.1355445347533014,0.14685482681177808,0.06481866616680032,0.016858189130240852,0.31905349168139807,0.19010090781681022,0.1267693836396711,angry,0.7359605660113647,2.0,stop,3695.0,False,0.7359644098381954,0.2787348242161992,0.11496503977247363,0.0062368291024439745,0.5669772728221317,0.30245472130637496,0.18926005753036448,0.3353534609818372,0.12700979388068126,0.05238558205292811,0.0028419067513287305,0.2583518825057692,0.13781812846451294,0.08623924536294256,neutral,neutral,neutral,neutral
test_2957,data/raf-db/aligned/test_2957_aligned.jpg,7,neutral,test,neutral,data/raf-db/aligned/test_2957_aligned.jpg,neutral,surprise,data/raf-db/aligned/train_12221_aligned.jpg,data/raf-db/aligned/train_03969_aligned.jpg,0.9579861760139465,0.9554959535598755,framework,neutral,0.8658180042259076,3.0,stop,1282.0,False,0.07683336651077104,0.16608365982055245,0.09570284103253754,0.12781128590476823,0.86581869229446,0.2781727700791853,0.33570936694288445,0.03948003896873883,0.0853403886821355,0.04917592531695098,0.06567452107487033,0.444892073118465,0.14293623072247771,0.17250082211636147,neutral,0.7751307851107226,3.0,stop,3696.0,False,0.09458789294709469,0.17497349803102127,0.1381124310402713,0.05562534772766286,0.7751311239125678,0.32107731158259467,0.5653848644549152,0.04451420215189587,0.08234463650579152,0.0649973742247871,0.026177958894841213,0.36478604680801385,0.151102851632069,0.26607692978260145,neutral,neutral,neutral,neutral
test_2965,data/raf-db/aligned/test_2965_aligned.jpg,7,neutral,test,neutral,data/raf-db/aligned/test_2965_aligned.jpg,neutral,neutral,data/raf-db/aligned/train_11638_aligned.jpg,data/raf-db/aligned/train_10972_aligned.jpg,0.9822756052017212,0.978778600692749,original,,,,,,,,,,,,,,,,,,,,,,,,,,,,,,,,,,,,,,,,,,,,
test_2967,data/raf-db/aligned/test_2967_aligned.jpg,7,neutral,test,neutral,data/raf-db/aligned/test_2967_aligned.jpg,sad,disgust,data/raf-db/aligned/train_04385_aligned.jpg,data/raf-db/aligned/train_09400_aligned.jpg,0.9789314270019531,0.9658399820327759,framework,neutral,0.7618612582403356,3.0,stop,1282.0,False,0.2295488587784694,0.2845955328643399,0.11029986795485959,0.022017031862279973,0.7618609252414996,0.6243435075335994,0.17330575390074815,0.1040579450158869,0.12901142906201288,0.05000058661142387,0.009980651191776036,0.3453629989293093,0.283024288265601,0.07856210092399017,sad,0.6775230884895843,2.0,stop,3695.0,False,0.1694307343468891,0.5297112679455656,0.20387944123482066,0.006162307543671195,0.6011247136175489,0.6775352221511071,0.24930282192096026,0.0695201268113565,0.21734896365133008,0.08365497950244516,0.002528492858972645,0.2466510369634107,0.2780034846964022,0.10229291551608274,neutral,neutral,neutral,neutral
test_2969,data/raf-db/aligned/test_2969_aligned.jpg,7,neutral,test,disgust,data/raf-db/aligned/test_2969_aligned.jpg,disgust,disgust,data/raf-db/aligned/train_09643_aligned.jpg,data/raf-db/aligned/train_09719_aligned.jpg,0.9819250106811523,0.9623274803161621,original,,,,,,,,,,,,,,,,,,,,,,,,,,,,,,,,,,,,,,,,,,,,
test_2970,data/raf-db/aligned/test_2970_aligned.jpg,7,neutral,test,neutral,data/raf-db/aligned/test_2970_aligned.jpg,neutral,neutral,data/raf-db/aligned/train_10277_aligned.jpg,data/raf-db/aligned/train_10507_aligned.jpg,0.9194167256355286,0.918144941329956,original,,,,,,,,,,,,,,,,,,,,,,,,,,,,,,,,,,,,,,,,,,,,
test_2974,data/raf-db/aligned/test_2974_aligned.jpg,7,neutral,test,neutral,data/raf-db/aligned/test_2974_aligned.jpg,neutral,neutral,data/raf-db/aligned/train_11657_aligned.jpg,data/raf-db/aligned/train_10049_aligned.jpg,0.9914660453796387,0.9832015633583069,original,,,,,,,,,,,,,,,,,,,,,,,,,,,,,,,,,,,,,,,,,,,,
test_2975,data/raf-db/aligned/test_2975_aligned.jpg,7,neutral,test,neutral,data/raf-db/aligned/test_2975_aligned.jpg,disgust,neutral,data/raf-db/aligned/train_09592_aligned.jpg,data/raf-db/aligned/train_10272_aligned.jpg,0.9783375263214111,0.9765599966049194,framework,neutral,0.9323240085471707,3.0,stop,1282.0,False,0.16336903528436106,0.22496038638799742,0.07947623838166741,0.013099312364898896,0.9323237121799965,0.31093648627131665,0.13795034221069322,0.08773302952299755,0.12080903940045755,0.042680616655285455,0.007034640049384292,0.5006798480709913,0.1669802351610626,0.07408259113982132,neutral,0.7229106650703332,3.0,stop,3696.0,False,0.39429922148202035,0.5852631353699124,0.14982042763726072,0.005736607671452997,0.7229101767363038,0.29917267587161617,0.2331157973891213,0.16495680262116716,0.24484739061819918,0.06267803070340427,0.0023999348916241654,0.3024326319704924,0.12516019650739013,0.09752501268772286,neutral,neutral,neutral,neutral
test_2980,data/raf-db/aligned/test_2980_aligned.jpg,7,neutral,test,neutral,data/raf-db/aligned/test_2980_aligned.jpg,happy,disgust,data/raf-db/aligned/train_05734_aligned.jpg,data/raf-db/aligned/train_04004_aligned.jpg,0.9927067160606384,0.9754059314727783,framework,sad,0.4860180254832394,2.0,stop,1281.0,False,0.33293907169495585,0.44970767597265904,0.17191056310682587,0.07715011712660594,0.5941164408071283,0.48612169235454133,0.40382847592089194,0.1323406104047989,0.17875519397276818,0.06833306989404547,0.03066655271596183,0.2361565196528814,0.19322947339793564,0.16051857996160848,neutral,0.699104410005701,3.0,stop,3696.0,False,0.19517423923791644,0.5663307730029172,0.1921440293543206,0.08116151043032523,0.6991028821574925,0.35386124698121835,0.3655541888376143,0.0795548618142552,0.23084176766015907,0.07831971966896523,0.033082197589867156,0.2849609323502471,0.14423718373352776,0.1490033371829784,neutral,neutral,neutral,neutral
test_2984,data/raf-db/aligned/test_2984_aligned.jpg,7,neutral,test,neutral,data/raf-db/aligned/test_2984_aligned.jpg,neutral,neutral,data/raf-db/aligned/train_10051_aligned.jpg,data/raf-db/aligned/train_11396_aligned.jpg,0.9874460101127625,0.9763104915618896,original,,,,,,,,,,,,,,,,,,,,,,,,,,,,,,,,,,,,,,,,,,,,
test_2985,data/raf-db/aligned/test_2985_aligned.jpg,7,neutral,test,neutral,data/raf-db/aligned/test_2985_aligned.jpg,neutral,neutral,data/raf-db/aligned/train_11348_aligned.jpg,data/raf-db/aligned/train_09784_aligned.jpg,0.9879598617553711,0.9825752973556519,original,,,,,,,,,,,,,,,,,,,,,,,,,,,,,,,,,,,,,,,,,,,,
test_2989,data/raf-db/aligned/test_2989_aligned.jpg,7,neutral,test,neutral,data/raf-db/aligned/test_2989_aligned.jpg,neutral,neutral,data/raf-db/aligned/train_12041_aligned.jpg,data/raf-db/aligned/train_11332_aligned.jpg,0.9933484792709351,0.9922559261322021,original,,,,,,,,,,,,,,,,,,,,,,,,,,,,,,,,,,,,,,,,,,,,
test_2990,data/raf-db/aligned/test_2990_aligned.jpg,7,neutral,test,neutral,data/raf-db/aligned/test_2990_aligned.jpg,neutral,neutral,data/raf-db/aligned/train_12242_aligned.jpg,data/raf-db/aligned/train_10719_aligned.jpg,0.9919641017913818,0.9854313135147095,original,,,,,,,,,,,,,,,,,,,,,,,,,,,,,,,,,,,,,,,,,,,,
test_2995,data/raf-db/aligned/test_2995_aligned.jpg,7,neutral,test,neutral,data/raf-db/aligned/test_2995_aligned.jpg,neutral,neutral,data/raf-db/aligned/train_10204_aligned.jpg,data/raf-db/aligned/train_11446_aligned.jpg,0.9817629456520081,0.9811365008354187,original,,,,,,,,,,,,,,,,,,,,,,,,,,,,,,,,,,,,,,,,,,,,
test_2997,data/raf-db/aligned/test_2997_aligned.jpg,7,neutral,test,neutral,data/raf-db/aligned/test_2997_aligned.jpg,neutral,neutral,data/raf-db/aligned/train_10743_aligned.jpg,data/raf-db/aligned/train_11591_aligned.jpg,0.9922622442245483,0.9898232817649841,original,,,,,,,,,,,,,,,,,,,,,,,,,,,,,,,,,,,,,,,,,,,,
test_3011,data/raf-db/aligned/test_3011_aligned.jpg,7,neutral,test,neutral,data/raf-db/aligned/test_3011_aligned.jpg,neutral,neutral,data/raf-db/aligned/train_10467_aligned.jpg,data/raf-db/aligned/train_10582_aligned.jpg,0.9919125437736511,0.9811919331550598,original,,,,,,,,,,,,,,,,,,,,,,,,,,,,,,,,,,,,,,,,,,,,
test_3013,data/raf-db/aligned/test_3013_aligned.jpg,7,neutral,test,neutral,data/raf-db/aligned/test_3013_aligned.jpg,neutral,sad,data/raf-db/aligned/train_10073_aligned.jpg,data/raf-db/aligned/train_07407_aligned.jpg,0.989671528339386,0.9835828542709351,framework,neutral,0.9021050754811868,3.0,stop,1282.0,False,0.16861394702364188,0.2571210720445749,0.08086079192389116,0.038908355057033474,0.902105362249978,0.29579118498125323,0.2531585156793829,0.08445226396388594,0.1287820908666655,0.040500071698860204,0.019487703892113156,0.45183000291956854,0.14815046841128068,0.12679739824762581,sad,0.6586964091362713,2.0,stop,3695.0,False,0.26737157487455193,0.2665054791058701,0.09525909023108405,0.003757723577316016,0.7263945064332071,0.6587039395782297,0.16651783519264907,0.12239429283394002,0.12199782144694228,0.04360661371841184,0.0017201675986940974,0.33252054551821875,0.3015339342240649,0.07622662465972807,neutral,neutral,neutral,neutral
test_3023,data/raf-db/aligned/test_3023_aligned.jpg,7,neutral,test,neutral,data/raf-db/aligned/test_3023_aligned.jpg,neutral,neutral,data/raf-db/aligned/train_11651_aligned.jpg,data/raf-db/aligned/train_11907_aligned.jpg,0.9941664934158325,0.9759103059768677,original,,,,,,,,,,,,,,,,,,,,,,,,,,,,,,,,,,,,,,,,,,,,
test_3028,data/raf-db/aligned/test_3028_aligned.jpg,7,neutral,test,neutral,data/raf-db/aligned/test_3028_aligned.jpg,neutral,surprise,data/raf-db/aligned/train_11839_aligned.jpg,data/raf-db/aligned/train_06569_aligned.jpg,0.9801152944564819,0.978021502494812,framework,neutral,0.8741847001567759,3.0,stop,1282.0,False,0.14186815738071737,0.20635468642824756,0.07610750272993949,0.013865337922870655,0.8741838664857109,0.4954996989693826,0.15109361830005077,0.07241966424468525,0.10533820543215285,0.03885071813128961,0.007077861132140666,0.4462460305953106,0.2529385204912982,0.07712899997312264,surprise,0.6705441904694338,2.0,stop,3695.0,False,0.10217094549062518,0.22621952259128153,0.14856061381073227,0.03696541964537596,0.7051978900045628,0.29432824709999006,0.6706052139735669,0.04678054346118881,0.10357809803494336,0.06802076869917514,0.016925187605709918,0.32288573217837246,0.1347627281826415,0.30704694183796877,neutral,neutral,neutral,neutral
test_3029,data/raf-db/aligned/test_3029_aligned.jpg,7,neutral,test,neutral,data/raf-db/aligned/test_3029_aligned.jpg,neutral,neutral,data/raf-db/aligned/train_11865_aligned.jpg,data/raf-db/aligned/train_10842_aligned.jpg,0.9934242367744446,0.993308424949646,original,,,,,,,,,,,,,,,,,,,,,,,,,,,,,,,,,,,,,,,,,,,,
test_3032,data/raf-db/aligned/test_3032_aligned.jpg,7,neutral,test,neutral,data/raf-db/aligned/test_3032_aligned.jpg,neutral,neutral,data/raf-db/aligned/train_11718_aligned.jpg,data/raf-db/aligned/train_11510_aligned.jpg,0.9840549826622009,0.980777382850647,original,,,,,,,,,,,,,,,,,,,,,,,,,,,,,,,,,,,,,,,,,,,,
test_3035,data/raf-db/aligned/test_3035_aligned.jpg,7,neutral,test,neutral,data/raf-db/aligned/test_3035_aligned.jpg,happy,neutral,data/raf-db/aligned/train_00414_aligned.jpg,data/raf-db/aligned/train_11078_aligned.jpg,0.9747017621994019,0.96577388048172,framework,neutral,0.9060666335775024,3.0,stop,1282.0,False,0.03254294537430237,0.0705663327947676,0.025795256212054612,0.2131193952932511,0.9060668855972308,0.12036575757279387,0.1407497880618416,0.02156295269969649,0.04675724580990648,0.01709193446320037,0.1412128922947807,0.6003598375063564,0.07975434022191448,0.09326079700414511,neutral,0.8507737634352852,3.0,stop,3696.0,False,0.08115564142069939,0.14948011332313443,0.06763567299544643,0.2567131289734099,0.8507725802213072,0.25462745410412063,0.16958128004338066,0.04434817211795152,0.08168464542718089,0.03696007344414252,0.14028301457977138,0.4649117197571044,0.1391432802807614,0.09266909439308786,neutral,neutral,neutral,neutral
test_3038,data/raf-db/aligned/test_3038_aligned.jpg,7,neutral,test,neutral,data/raf-db/aligned/test_3038_aligned.jpg,angry,disgust,data/raf-db/aligned/train_08183_aligned.jpg,data/raf-db/aligned/train_04393_aligned.jpg,0.9890342950820923,0.9629656076431274,framework,neutral,0.6757083296902976,3.0,stop,1282.0,False,0.3757453710115205,0.3897949100511015,0.1942802199355543,0.04175411778736473,0.6757081148934574,0.40504605339246874,0.40613360292963563,0.15099499695928859,0.15664086852079318,0.0780723955146729,0.01677908332275266,0.2715363983834041,0.16276961027017542,0.16320664702891316,angry,0.6108910838236726,2.0,stop,3695.0,False,0.6108847572808067,0.4271012850441561,0.213680400395273,0.010603170178380809,0.5054946841103077,0.30674294978833666,0.3373984737502516,0.2532788707603933,0.17708042292266812,0.08859401036072283,0.004396179373036955,0.20958310260799012,0.1271786650593891,0.13988874891579955,neutral,neutral,neutral,neutral
test_3039,data/raf-db/aligned/test_3039_aligned.jpg,7,neutral,test,neutral,data/raf-db/aligned/test_3039_aligned.jpg,neutral,neutral,data/raf-db/aligned/train_10551_aligned.jpg,data/raf-db/aligned/train_11151_aligned.jpg,0.9702468514442444,0.9676505327224731,original,,,,,,,,,,,,,,,,,,,,,,,,,,,,,,,,,,,,,,,,,,,,
test_3041,data/raf-db/aligned/test_3041_aligned.jpg,7,neutral,test,neutral,data/raf-db/aligned/test_3041_aligned.jpg,neutral,sad,data/raf-db/aligned/train_10916_aligned.jpg,data/raf-db/aligned/train_08275_aligned.jpg,0.9844808578491211,0.9826822280883789,framework,neutral,0.8722992678235311,3.0,stop,1282.0,False,0.0776983073822053,0.20117450343820967,0.08001642078792544,0.03304640506724571,0.8722991291751752,0.43580660356347584,0.28142582572792196,0.03921251261322592,0.10152805150214789,0.040382410056596825,0.016677745232554716,0.44022890276141696,0.21994136699911862,0.14202901083493902,sad,0.6776179310985643,2.0,stop,3695.0,False,0.128839019556792,0.22975436478284117,0.12056017786878785,0.01673990947855019,0.7402004300184049,0.6776217243588367,0.21995540811141517,0.06038373183735452,0.10768031299239615,0.056503639004204735,0.00784559063249311,0.3469140360263602,0.3175849104689397,0.10308777903825173,neutral,neutral,neutral,neutral
test_3050,data/raf-db/aligned/test_3050_aligned.jpg,7,neutral,test,neutral,data/raf-db/aligned/test_3050_aligned.jpg,neutral,neutral,data/raf-db/aligned/train_10403_aligned.jpg,data/raf-db/aligned/train_10030_aligned.jpg,0.9845614433288574,0.9838950634002686,original,,,,,,,,,,,,,,,,,,,,,,,,,,,,,,,,,,,,,,,,,,,,
test_3051,data/raf-db/aligned/test_3051_aligned.jpg,7,neutral,test,neutral,data/raf-db/aligned/test_3051_aligned.jpg,neutral,neutral,data/raf-db/aligned/train_12064_aligned.jpg,data/raf-db/aligned/train_10963_aligned.jpg,0.9377436637878418,0.9302446842193604,original,,,,,,,,,,,,,,,,,,,,,,,,,,,,,,,,,,,,,,,,,,,,
test_3055,data/raf-db/aligned/test_3055_aligned.jpg,7,neutral,test,neutral,data/raf-db/aligned/test_3055_aligned.jpg,neutral,neutral,data/raf-db/aligned/train_10906_aligned.jpg,data/raf-db/aligned/train_10818_aligned.jpg,0.9846305251121521,0.9826006889343262,original,,,,,,,,,,,,,,,,,,,,,,,,,,,,,,,,,,,,,,,,,,,,
test_3060,data/raf-db/aligned/test_3060_aligned.jpg,7,neutral,test,neutral,data/raf-db/aligned/test_3060_aligned.jpg,sad,neutral,data/raf-db/aligned/train_06018_aligned.jpg,data/raf-db/aligned/train_10507_aligned.jpg,0.982356071472168,0.9820926785469055,framework,neutral,0.8074053900474021,3.0,stop,1282.0,False,0.10775917395273106,0.22041411645806874,0.08005676788624107,0.03812988155693028,0.8074052617181877,0.6011931365351736,0.17217486786210348,0.0531584079602689,0.108731935231982,0.03949260347099663,0.01880975628273793,0.3982990655673574,0.2965730790481847,0.0849351524384725,sad,0.7732924108959235,2.0,stop,3695.0,False,0.12226610853550254,0.1485136508885847,0.10055678755103996,0.009672875587236042,0.6842102553592203,0.7733035568244114,0.16706029534881267,0.06096286028521724,0.07405009497737758,0.05013841908957362,0.004822973185653747,0.3411527094694861,0.38557534264746174,0.08329760034522991,neutral,neutral,neutral,neutral
test_3065,data/raf-db/aligned/test_3065_aligned.jpg,7,neutral,test,neutral,data/raf-db/aligned/test_3065_aligned.jpg,neutral,neutral,data/raf-db/aligned/train_10859_aligned.jpg,data/raf-db/aligned/train_10019_aligned.jpg,0.9871234893798828,0.9837788939476013,original,,,,,,,,,,,,,,,,,,,,,,,,,,,,,,,,,,,,,,,,,,,,
