id,file_path,coded_true_label,true_label,split,prediction,query_file_path
test_0001,data/raf-db/aligned/test_0001_aligned.jpg,5,sad,test,sad,/gpfs0/bgu-vilenchi/users/sdolev/Thesis/VLMs/data/raf-db/aligned/test_0001_aligned.jpg
test_0002,data/raf-db/aligned/test_0002_aligned.jpg,1,surprise,test,surprise,/gpfs0/bgu-vilenchi/users/sdolev/Thesis/VLMs/data/raf-db/aligned/test_0002_aligned.jpg
test_0003,data/raf-db/aligned/test_0003_aligned.jpg,4,happy,test,neutral,/gpfs0/bgu-vilenchi/users/sdolev/Thesis/VLMs/data/raf-db/aligned/test_0003_aligned.jpg
test_0004,data/raf-db/aligned/test_0004_aligned.jpg,1,surprise,test,surprise,/gpfs0/bgu-vilenchi/users/sdolev/Thesis/VLMs/data/raf-db/aligned/test_0004_aligned.jpg
test_0005,data/raf-db/aligned/test_0005_aligned.jpg,5,sad,test,sad,/gpfs0/bgu-vilenchi/users/sdolev/Thesis/VLMs/data/raf-db/aligned/test_0005_aligned.jpg
test_0006,data/raf-db/aligned/test_0006_aligned.jpg,5,sad,test,neutral,/gpfs0/bgu-vilenchi/users/sdolev/Thesis/VLMs/data/raf-db/aligned/test_0006_aligned.jpg
test_0007,data/raf-db/aligned/test_0007_aligned.jpg,3,disgust,test,angry,/gpfs0/bgu-vilenchi/users/sdolev/Thesis/VLMs/data/raf-db/aligned/test_0007_aligned.jpg
test_0008,data/raf-db/aligned/test_0008_aligned.jpg,1,surprise,test,surprise,/gpfs0/bgu-vilenchi/users/sdolev/Thesis/VLMs/data/raf-db/aligned/test_0008_aligned.jpg
test_0009,data/raf-db/aligned/test_0009_aligned.jpg,4,happy,test,happy,/gpfs0/bgu-vilenchi/users/sdolev/Thesis/VLMs/data/raf-db/aligned/test_0009_aligned.jpg
test_0010,data/raf-db/aligned/test_0010_aligned.jpg,4,happy,test,happy,/gpfs0/bgu-vilenchi/users/sdolev/Thesis/VLMs/data/raf-db/aligned/test_0010_aligned.jpg
test_0011,data/raf-db/aligned/test_0011_aligned.jpg,3,disgust,test,disgust,/gpfs0/bgu-vilenchi/users/sdolev/Thesis/VLMs/data/raf-db/aligned/test_0011_aligned.jpg
test_0012,data/raf-db/aligned/test_0012_aligned.jpg,4,happy,test,happy,/gpfs0/bgu-vilenchi/users/sdolev/Thesis/VLMs/data/raf-db/aligned/test_0012_aligned.jpg
test_0013,data/raf-db/aligned/test_0013_aligned.jpg,4,happy,test,happy,/gpfs0/bgu-vilenchi/users/sdolev/Thesis/VLMs/data/raf-db/aligned/test_0013_aligned.jpg
test_0014,data/raf-db/aligned/test_0014_aligned.jpg,4,happy,test,happy,/gpfs0/bgu-vilenchi/users/sdolev/Thesis/VLMs/data/raf-db/aligned/test_0014_aligned.jpg
test_0015,data/raf-db/aligned/test_0015_aligned.jpg,1,surprise,test,surprise,/gpfs0/bgu-vilenchi/users/sdolev/Thesis/VLMs/data/raf-db/aligned/test_0015_aligned.jpg
test_0016,data/raf-db/aligned/test_0016_aligned.jpg,4,happy,test,happy,/gpfs0/bgu-vilenchi/users/sdolev/Thesis/VLMs/data/raf-db/aligned/test_0016_aligned.jpg
test_0017,data/raf-db/aligned/test_0017_aligned.jpg,6,angry,test,neutral,/gpfs0/bgu-vilenchi/users/sdolev/Thesis/VLMs/data/raf-db/aligned/test_0017_aligned.jpg
test_0018,data/raf-db/aligned/test_0018_aligned.jpg,3,disgust,test,angry,/gpfs0/bgu-vilenchi/users/sdolev/Thesis/VLMs/data/raf-db/aligned/test_0018_aligned.jpg
test_0019,data/raf-db/aligned/test_0019_aligned.jpg,4,happy,test,happy,/gpfs0/bgu-vilenchi/users/sdolev/Thesis/VLMs/data/raf-db/aligned/test_0019_aligned.jpg
test_0020,data/raf-db/aligned/test_0020_aligned.jpg,4,happy,test,happy,/gpfs0/bgu-vilenchi/users/sdolev/Thesis/VLMs/data/raf-db/aligned/test_0020_aligned.jpg
test_0021,data/raf-db/aligned/test_0021_aligned.jpg,4,happy,test,happy,/gpfs0/bgu-vilenchi/users/sdolev/Thesis/VLMs/data/raf-db/aligned/test_0021_aligned.jpg
test_0022,data/raf-db/aligned/test_0022_aligned.jpg,5,sad,test,sad,/gpfs0/bgu-vilenchi/users/sdolev/Thesis/VLMs/data/raf-db/aligned/test_0022_aligned.jpg
test_0023,data/raf-db/aligned/test_0023_aligned.jpg,1,surprise,test,surprise,/gpfs0/bgu-vilenchi/users/sdolev/Thesis/VLMs/data/raf-db/aligned/test_0023_aligned.jpg
test_0024,data/raf-db/aligned/test_0024_aligned.jpg,5,sad,test,sad,/gpfs0/bgu-vilenchi/users/sdolev/Thesis/VLMs/data/raf-db/aligned/test_0024_aligned.jpg
test_0025,data/raf-db/aligned/test_0025_aligned.jpg,4,happy,test,happy,/gpfs0/bgu-vilenchi/users/sdolev/Thesis/VLMs/data/raf-db/aligned/test_0025_aligned.jpg
test_0026,data/raf-db/aligned/test_0026_aligned.jpg,4,happy,test,happy,/gpfs0/bgu-vilenchi/users/sdolev/Thesis/VLMs/data/raf-db/aligned/test_0026_aligned.jpg
test_0027,data/raf-db/aligned/test_0027_aligned.jpg,6,angry,test,surprise,/gpfs0/bgu-vilenchi/users/sdolev/Thesis/VLMs/data/raf-db/aligned/test_0027_aligned.jpg
test_0028,data/raf-db/aligned/test_0028_aligned.jpg,4,happy,test,happy,/gpfs0/bgu-vilenchi/users/sdolev/Thesis/VLMs/data/raf-db/aligned/test_0028_aligned.jpg
test_0029,data/raf-db/aligned/test_0029_aligned.jpg,4,happy,test,happy,/gpfs0/bgu-vilenchi/users/sdolev/Thesis/VLMs/data/raf-db/aligned/test_0029_aligned.jpg
test_0030,data/raf-db/aligned/test_0030_aligned.jpg,5,sad,test,sad,/gpfs0/bgu-vilenchi/users/sdolev/Thesis/VLMs/data/raf-db/aligned/test_0030_aligned.jpg
test_0031,data/raf-db/aligned/test_0031_aligned.jpg,5,sad,test,surprise,/gpfs0/bgu-vilenchi/users/sdolev/Thesis/VLMs/data/raf-db/aligned/test_0031_aligned.jpg
test_0032,data/raf-db/aligned/test_0032_aligned.jpg,4,happy,test,happy,/gpfs0/bgu-vilenchi/users/sdolev/Thesis/VLMs/data/raf-db/aligned/test_0032_aligned.jpg
test_0033,data/raf-db/aligned/test_0033_aligned.jpg,4,happy,test,happy,/gpfs0/bgu-vilenchi/users/sdolev/Thesis/VLMs/data/raf-db/aligned/test_0033_aligned.jpg
test_0034,data/raf-db/aligned/test_0034_aligned.jpg,1,surprise,test,surprise,/gpfs0/bgu-vilenchi/users/sdolev/Thesis/VLMs/data/raf-db/aligned/test_0034_aligned.jpg
test_0035,data/raf-db/aligned/test_0035_aligned.jpg,1,surprise,test,neutral,/gpfs0/bgu-vilenchi/users/sdolev/Thesis/VLMs/data/raf-db/aligned/test_0035_aligned.jpg
test_0036,data/raf-db/aligned/test_0036_aligned.jpg,5,sad,test,neutral,/gpfs0/bgu-vilenchi/users/sdolev/Thesis/VLMs/data/raf-db/aligned/test_0036_aligned.jpg
test_0037,data/raf-db/aligned/test_0037_aligned.jpg,6,angry,test,angry,/gpfs0/bgu-vilenchi/users/sdolev/Thesis/VLMs/data/raf-db/aligned/test_0037_aligned.jpg
test_0038,data/raf-db/aligned/test_0038_aligned.jpg,4,happy,test,happy,/gpfs0/bgu-vilenchi/users/sdolev/Thesis/VLMs/data/raf-db/aligned/test_0038_aligned.jpg
test_0039,data/raf-db/aligned/test_0039_aligned.jpg,5,sad,test,neutral,/gpfs0/bgu-vilenchi/users/sdolev/Thesis/VLMs/data/raf-db/aligned/test_0039_aligned.jpg
test_0040,data/raf-db/aligned/test_0040_aligned.jpg,4,happy,test,happy,/gpfs0/bgu-vilenchi/users/sdolev/Thesis/VLMs/data/raf-db/aligned/test_0040_aligned.jpg
test_0041,data/raf-db/aligned/test_0041_aligned.jpg,4,happy,test,happy,/gpfs0/bgu-vilenchi/users/sdolev/Thesis/VLMs/data/raf-db/aligned/test_0041_aligned.jpg
test_0042,data/raf-db/aligned/test_0042_aligned.jpg,6,angry,test,angry,/gpfs0/bgu-vilenchi/users/sdolev/Thesis/VLMs/data/raf-db/aligned/test_0042_aligned.jpg
test_0043,data/raf-db/aligned/test_0043_aligned.jpg,1,surprise,test,surprise,/gpfs0/bgu-vilenchi/users/sdolev/Thesis/VLMs/data/raf-db/aligned/test_0043_aligned.jpg
test_0044,data/raf-db/aligned/test_0044_aligned.jpg,4,happy,test,happy,/gpfs0/bgu-vilenchi/users/sdolev/Thesis/VLMs/data/raf-db/aligned/test_0044_aligned.jpg
test_0045,data/raf-db/aligned/test_0045_aligned.jpg,5,sad,test,sad,/gpfs0/bgu-vilenchi/users/sdolev/Thesis/VLMs/data/raf-db/aligned/test_0045_aligned.jpg
test_0046,data/raf-db/aligned/test_0046_aligned.jpg,4,happy,test,happy,/gpfs0/bgu-vilenchi/users/sdolev/Thesis/VLMs/data/raf-db/aligned/test_0046_aligned.jpg
test_0047,data/raf-db/aligned/test_0047_aligned.jpg,4,happy,test,happy,/gpfs0/bgu-vilenchi/users/sdolev/Thesis/VLMs/data/raf-db/aligned/test_0047_aligned.jpg
test_0048,data/raf-db/aligned/test_0048_aligned.jpg,4,happy,test,neutral,/gpfs0/bgu-vilenchi/users/sdolev/Thesis/VLMs/data/raf-db/aligned/test_0048_aligned.jpg
test_0049,data/raf-db/aligned/test_0049_aligned.jpg,5,sad,test,neutral,/gpfs0/bgu-vilenchi/users/sdolev/Thesis/VLMs/data/raf-db/aligned/test_0049_aligned.jpg
test_0050,data/raf-db/aligned/test_0050_aligned.jpg,4,happy,test,happy,/gpfs0/bgu-vilenchi/users/sdolev/Thesis/VLMs/data/raf-db/aligned/test_0050_aligned.jpg
test_0051,data/raf-db/aligned/test_0051_aligned.jpg,4,happy,test,happy,/gpfs0/bgu-vilenchi/users/sdolev/Thesis/VLMs/data/raf-db/aligned/test_0051_aligned.jpg
test_0052,data/raf-db/aligned/test_0052_aligned.jpg,4,happy,test,neutral,/gpfs0/bgu-vilenchi/users/sdolev/Thesis/VLMs/data/raf-db/aligned/test_0052_aligned.jpg
test_0053,data/raf-db/aligned/test_0053_aligned.jpg,4,happy,test,happy,/gpfs0/bgu-vilenchi/users/sdolev/Thesis/VLMs/data/raf-db/aligned/test_0053_aligned.jpg
test_0054,data/raf-db/aligned/test_0054_aligned.jpg,4,happy,test,neutral,/gpfs0/bgu-vilenchi/users/sdolev/Thesis/VLMs/data/raf-db/aligned/test_0054_aligned.jpg
test_0055,data/raf-db/aligned/test_0055_aligned.jpg,4,happy,test,neutral,/gpfs0/bgu-vilenchi/users/sdolev/Thesis/VLMs/data/raf-db/aligned/test_0055_aligned.jpg
test_0056,data/raf-db/aligned/test_0056_aligned.jpg,4,happy,test,happy,/gpfs0/bgu-vilenchi/users/sdolev/Thesis/VLMs/data/raf-db/aligned/test_0056_aligned.jpg
test_0057,data/raf-db/aligned/test_0057_aligned.jpg,6,angry,test,surprise,/gpfs0/bgu-vilenchi/users/sdolev/Thesis/VLMs/data/raf-db/aligned/test_0057_aligned.jpg
test_0058,data/raf-db/aligned/test_0058_aligned.jpg,4,happy,test,happy,/gpfs0/bgu-vilenchi/users/sdolev/Thesis/VLMs/data/raf-db/aligned/test_0058_aligned.jpg
test_0059,data/raf-db/aligned/test_0059_aligned.jpg,1,surprise,test,surprise,/gpfs0/bgu-vilenchi/users/sdolev/Thesis/VLMs/data/raf-db/aligned/test_0059_aligned.jpg
test_0060,data/raf-db/aligned/test_0060_aligned.jpg,4,happy,test,happy,/gpfs0/bgu-vilenchi/users/sdolev/Thesis/VLMs/data/raf-db/aligned/test_0060_aligned.jpg
test_0061,data/raf-db/aligned/test_0061_aligned.jpg,4,happy,test,happy,/gpfs0/bgu-vilenchi/users/sdolev/Thesis/VLMs/data/raf-db/aligned/test_0061_aligned.jpg
test_0062,data/raf-db/aligned/test_0062_aligned.jpg,5,sad,test,neutral,/gpfs0/bgu-vilenchi/users/sdolev/Thesis/VLMs/data/raf-db/aligned/test_0062_aligned.jpg
test_0063,data/raf-db/aligned/test_0063_aligned.jpg,4,happy,test,happy,/gpfs0/bgu-vilenchi/users/sdolev/Thesis/VLMs/data/raf-db/aligned/test_0063_aligned.jpg
test_0064,data/raf-db/aligned/test_0064_aligned.jpg,4,happy,test,neutral,/gpfs0/bgu-vilenchi/users/sdolev/Thesis/VLMs/data/raf-db/aligned/test_0064_aligned.jpg
test_0065,data/raf-db/aligned/test_0065_aligned.jpg,4,happy,test,happy,/gpfs0/bgu-vilenchi/users/sdolev/Thesis/VLMs/data/raf-db/aligned/test_0065_aligned.jpg
test_0066,data/raf-db/aligned/test_0066_aligned.jpg,4,happy,test,happy,/gpfs0/bgu-vilenchi/users/sdolev/Thesis/VLMs/data/raf-db/aligned/test_0066_aligned.jpg
test_0067,data/raf-db/aligned/test_0067_aligned.jpg,4,happy,test,happy,/gpfs0/bgu-vilenchi/users/sdolev/Thesis/VLMs/data/raf-db/aligned/test_0067_aligned.jpg
test_0068,data/raf-db/aligned/test_0068_aligned.jpg,4,happy,test,happy,/gpfs0/bgu-vilenchi/users/sdolev/Thesis/VLMs/data/raf-db/aligned/test_0068_aligned.jpg
test_0069,data/raf-db/aligned/test_0069_aligned.jpg,5,sad,test,sad,/gpfs0/bgu-vilenchi/users/sdolev/Thesis/VLMs/data/raf-db/aligned/test_0069_aligned.jpg
test_0070,data/raf-db/aligned/test_0070_aligned.jpg,5,sad,test,sad,/gpfs0/bgu-vilenchi/users/sdolev/Thesis/VLMs/data/raf-db/aligned/test_0070_aligned.jpg
test_0071,data/raf-db/aligned/test_0071_aligned.jpg,4,happy,test,happy,/gpfs0/bgu-vilenchi/users/sdolev/Thesis/VLMs/data/raf-db/aligned/test_0071_aligned.jpg
test_0072,data/raf-db/aligned/test_0072_aligned.jpg,4,happy,test,happy,/gpfs0/bgu-vilenchi/users/sdolev/Thesis/VLMs/data/raf-db/aligned/test_0072_aligned.jpg
test_0073,data/raf-db/aligned/test_0073_aligned.jpg,1,surprise,test,surprise,/gpfs0/bgu-vilenchi/users/sdolev/Thesis/VLMs/data/raf-db/aligned/test_0073_aligned.jpg
test_0074,data/raf-db/aligned/test_0074_aligned.jpg,4,happy,test,happy,/gpfs0/bgu-vilenchi/users/sdolev/Thesis/VLMs/data/raf-db/aligned/test_0074_aligned.jpg
test_0075,data/raf-db/aligned/test_0075_aligned.jpg,4,happy,test,happy,/gpfs0/bgu-vilenchi/users/sdolev/Thesis/VLMs/data/raf-db/aligned/test_0075_aligned.jpg
test_0076,data/raf-db/aligned/test_0076_aligned.jpg,5,sad,test,sad,/gpfs0/bgu-vilenchi/users/sdolev/Thesis/VLMs/data/raf-db/aligned/test_0076_aligned.jpg
test_0077,data/raf-db/aligned/test_0077_aligned.jpg,4,happy,test,happy,/gpfs0/bgu-vilenchi/users/sdolev/Thesis/VLMs/data/raf-db/aligned/test_0077_aligned.jpg
test_0078,data/raf-db/aligned/test_0078_aligned.jpg,4,happy,test,happy,/gpfs0/bgu-vilenchi/users/sdolev/Thesis/VLMs/data/raf-db/aligned/test_0078_aligned.jpg
test_0079,data/raf-db/aligned/test_0079_aligned.jpg,4,happy,test,neutral,/gpfs0/bgu-vilenchi/users/sdolev/Thesis/VLMs/data/raf-db/aligned/test_0079_aligned.jpg
test_0080,data/raf-db/aligned/test_0080_aligned.jpg,5,sad,test,sad,/gpfs0/bgu-vilenchi/users/sdolev/Thesis/VLMs/data/raf-db/aligned/test_0080_aligned.jpg
test_0081,data/raf-db/aligned/test_0081_aligned.jpg,3,disgust,test,angry,/gpfs0/bgu-vilenchi/users/sdolev/Thesis/VLMs/data/raf-db/aligned/test_0081_aligned.jpg
test_0082,data/raf-db/aligned/test_0082_aligned.jpg,4,happy,test,happy,/gpfs0/bgu-vilenchi/users/sdolev/Thesis/VLMs/data/raf-db/aligned/test_0082_aligned.jpg
test_0083,data/raf-db/aligned/test_0083_aligned.jpg,4,happy,test,happy,/gpfs0/bgu-vilenchi/users/sdolev/Thesis/VLMs/data/raf-db/aligned/test_0083_aligned.jpg
test_0084,data/raf-db/aligned/test_0084_aligned.jpg,1,surprise,test,surprise,/gpfs0/bgu-vilenchi/users/sdolev/Thesis/VLMs/data/raf-db/aligned/test_0084_aligned.jpg
test_0085,data/raf-db/aligned/test_0085_aligned.jpg,5,sad,test,neutral,/gpfs0/bgu-vilenchi/users/sdolev/Thesis/VLMs/data/raf-db/aligned/test_0085_aligned.jpg
test_0086,data/raf-db/aligned/test_0086_aligned.jpg,1,surprise,test,happy,/gpfs0/bgu-vilenchi/users/sdolev/Thesis/VLMs/data/raf-db/aligned/test_0086_aligned.jpg
test_0087,data/raf-db/aligned/test_0087_aligned.jpg,4,happy,test,happy,/gpfs0/bgu-vilenchi/users/sdolev/Thesis/VLMs/data/raf-db/aligned/test_0087_aligned.jpg
test_0088,data/raf-db/aligned/test_0088_aligned.jpg,5,sad,test,angry,/gpfs0/bgu-vilenchi/users/sdolev/Thesis/VLMs/data/raf-db/aligned/test_0088_aligned.jpg
test_0089,data/raf-db/aligned/test_0089_aligned.jpg,5,sad,test,neutral,/gpfs0/bgu-vilenchi/users/sdolev/Thesis/VLMs/data/raf-db/aligned/test_0089_aligned.jpg
test_0090,data/raf-db/aligned/test_0090_aligned.jpg,1,surprise,test,surprise,/gpfs0/bgu-vilenchi/users/sdolev/Thesis/VLMs/data/raf-db/aligned/test_0090_aligned.jpg
test_0091,data/raf-db/aligned/test_0091_aligned.jpg,6,angry,test,neutral,/gpfs0/bgu-vilenchi/users/sdolev/Thesis/VLMs/data/raf-db/aligned/test_0091_aligned.jpg
test_0092,data/raf-db/aligned/test_0092_aligned.jpg,4,happy,test,happy,/gpfs0/bgu-vilenchi/users/sdolev/Thesis/VLMs/data/raf-db/aligned/test_0092_aligned.jpg
test_0093,data/raf-db/aligned/test_0093_aligned.jpg,4,happy,test,happy,/gpfs0/bgu-vilenchi/users/sdolev/Thesis/VLMs/data/raf-db/aligned/test_0093_aligned.jpg
test_0094,data/raf-db/aligned/test_0094_aligned.jpg,1,surprise,test,surprise,/gpfs0/bgu-vilenchi/users/sdolev/Thesis/VLMs/data/raf-db/aligned/test_0094_aligned.jpg
test_0095,data/raf-db/aligned/test_0095_aligned.jpg,5,sad,test,sad,/gpfs0/bgu-vilenchi/users/sdolev/Thesis/VLMs/data/raf-db/aligned/test_0095_aligned.jpg
test_0096,data/raf-db/aligned/test_0096_aligned.jpg,1,surprise,test,surprise,/gpfs0/bgu-vilenchi/users/sdolev/Thesis/VLMs/data/raf-db/aligned/test_0096_aligned.jpg
test_0097,data/raf-db/aligned/test_0097_aligned.jpg,4,happy,test,happy,/gpfs0/bgu-vilenchi/users/sdolev/Thesis/VLMs/data/raf-db/aligned/test_0097_aligned.jpg
test_0098,data/raf-db/aligned/test_0098_aligned.jpg,4,happy,test,happy,/gpfs0/bgu-vilenchi/users/sdolev/Thesis/VLMs/data/raf-db/aligned/test_0098_aligned.jpg
test_0099,data/raf-db/aligned/test_0099_aligned.jpg,1,surprise,test,surprise,/gpfs0/bgu-vilenchi/users/sdolev/Thesis/VLMs/data/raf-db/aligned/test_0099_aligned.jpg
test_0100,data/raf-db/aligned/test_0100_aligned.jpg,5,sad,test,sad,/gpfs0/bgu-vilenchi/users/sdolev/Thesis/VLMs/data/raf-db/aligned/test_0100_aligned.jpg
test_0101,data/raf-db/aligned/test_0101_aligned.jpg,4,happy,test,neutral,/gpfs0/bgu-vilenchi/users/sdolev/Thesis/VLMs/data/raf-db/aligned/test_0101_aligned.jpg
test_0102,data/raf-db/aligned/test_0102_aligned.jpg,1,surprise,test,neutral,/gpfs0/bgu-vilenchi/users/sdolev/Thesis/VLMs/data/raf-db/aligned/test_0102_aligned.jpg
test_0103,data/raf-db/aligned/test_0103_aligned.jpg,5,sad,test,neutral,/gpfs0/bgu-vilenchi/users/sdolev/Thesis/VLMs/data/raf-db/aligned/test_0103_aligned.jpg
test_0104,data/raf-db/aligned/test_0104_aligned.jpg,1,surprise,test,neutral,/gpfs0/bgu-vilenchi/users/sdolev/Thesis/VLMs/data/raf-db/aligned/test_0104_aligned.jpg
test_0105,data/raf-db/aligned/test_0105_aligned.jpg,4,happy,test,happy,/gpfs0/bgu-vilenchi/users/sdolev/Thesis/VLMs/data/raf-db/aligned/test_0105_aligned.jpg
test_0106,data/raf-db/aligned/test_0106_aligned.jpg,4,happy,test,happy,/gpfs0/bgu-vilenchi/users/sdolev/Thesis/VLMs/data/raf-db/aligned/test_0106_aligned.jpg
test_0107,data/raf-db/aligned/test_0107_aligned.jpg,5,sad,test,sad,/gpfs0/bgu-vilenchi/users/sdolev/Thesis/VLMs/data/raf-db/aligned/test_0107_aligned.jpg
test_0108,data/raf-db/aligned/test_0108_aligned.jpg,4,happy,test,happy,/gpfs0/bgu-vilenchi/users/sdolev/Thesis/VLMs/data/raf-db/aligned/test_0108_aligned.jpg
test_0109,data/raf-db/aligned/test_0109_aligned.jpg,4,happy,test,happy,/gpfs0/bgu-vilenchi/users/sdolev/Thesis/VLMs/data/raf-db/aligned/test_0109_aligned.jpg
test_0110,data/raf-db/aligned/test_0110_aligned.jpg,4,happy,test,neutral,/gpfs0/bgu-vilenchi/users/sdolev/Thesis/VLMs/data/raf-db/aligned/test_0110_aligned.jpg
test_0111,data/raf-db/aligned/test_0111_aligned.jpg,4,happy,test,neutral,/gpfs0/bgu-vilenchi/users/sdolev/Thesis/VLMs/data/raf-db/aligned/test_0111_aligned.jpg
test_0112,data/raf-db/aligned/test_0112_aligned.jpg,4,happy,test,happy,/gpfs0/bgu-vilenchi/users/sdolev/Thesis/VLMs/data/raf-db/aligned/test_0112_aligned.jpg
test_0113,data/raf-db/aligned/test_0113_aligned.jpg,4,happy,test,happy,/gpfs0/bgu-vilenchi/users/sdolev/Thesis/VLMs/data/raf-db/aligned/test_0113_aligned.jpg
test_0114,data/raf-db/aligned/test_0114_aligned.jpg,4,happy,test,happy,/gpfs0/bgu-vilenchi/users/sdolev/Thesis/VLMs/data/raf-db/aligned/test_0114_aligned.jpg
test_0115,data/raf-db/aligned/test_0115_aligned.jpg,4,happy,test,happy,/gpfs0/bgu-vilenchi/users/sdolev/Thesis/VLMs/data/raf-db/aligned/test_0115_aligned.jpg
test_0116,data/raf-db/aligned/test_0116_aligned.jpg,4,happy,test,neutral,/gpfs0/bgu-vilenchi/users/sdolev/Thesis/VLMs/data/raf-db/aligned/test_0116_aligned.jpg
test_0117,data/raf-db/aligned/test_0117_aligned.jpg,4,happy,test,happy,/gpfs0/bgu-vilenchi/users/sdolev/Thesis/VLMs/data/raf-db/aligned/test_0117_aligned.jpg
test_0118,data/raf-db/aligned/test_0118_aligned.jpg,4,happy,test,neutral,/gpfs0/bgu-vilenchi/users/sdolev/Thesis/VLMs/data/raf-db/aligned/test_0118_aligned.jpg
test_0119,data/raf-db/aligned/test_0119_aligned.jpg,5,sad,test,angry,/gpfs0/bgu-vilenchi/users/sdolev/Thesis/VLMs/data/raf-db/aligned/test_0119_aligned.jpg
test_0120,data/raf-db/aligned/test_0120_aligned.jpg,4,happy,test,happy,/gpfs0/bgu-vilenchi/users/sdolev/Thesis/VLMs/data/raf-db/aligned/test_0120_aligned.jpg
test_0121,data/raf-db/aligned/test_0121_aligned.jpg,1,surprise,test,neutral,/gpfs0/bgu-vilenchi/users/sdolev/Thesis/VLMs/data/raf-db/aligned/test_0121_aligned.jpg
test_0122,data/raf-db/aligned/test_0122_aligned.jpg,4,happy,test,angry,/gpfs0/bgu-vilenchi/users/sdolev/Thesis/VLMs/data/raf-db/aligned/test_0122_aligned.jpg
test_0123,data/raf-db/aligned/test_0123_aligned.jpg,1,surprise,test,surprise,/gpfs0/bgu-vilenchi/users/sdolev/Thesis/VLMs/data/raf-db/aligned/test_0123_aligned.jpg
test_0124,data/raf-db/aligned/test_0124_aligned.jpg,4,happy,test,happy,/gpfs0/bgu-vilenchi/users/sdolev/Thesis/VLMs/data/raf-db/aligned/test_0124_aligned.jpg
test_0125,data/raf-db/aligned/test_0125_aligned.jpg,1,surprise,test,surprise,/gpfs0/bgu-vilenchi/users/sdolev/Thesis/VLMs/data/raf-db/aligned/test_0125_aligned.jpg
test_0126,data/raf-db/aligned/test_0126_aligned.jpg,4,happy,test,happy,/gpfs0/bgu-vilenchi/users/sdolev/Thesis/VLMs/data/raf-db/aligned/test_0126_aligned.jpg
test_0127,data/raf-db/aligned/test_0127_aligned.jpg,1,surprise,test,neutral,/gpfs0/bgu-vilenchi/users/sdolev/Thesis/VLMs/data/raf-db/aligned/test_0127_aligned.jpg
test_0128,data/raf-db/aligned/test_0128_aligned.jpg,4,happy,test,happy,/gpfs0/bgu-vilenchi/users/sdolev/Thesis/VLMs/data/raf-db/aligned/test_0128_aligned.jpg
test_0129,data/raf-db/aligned/test_0129_aligned.jpg,4,happy,test,happy,/gpfs0/bgu-vilenchi/users/sdolev/Thesis/VLMs/data/raf-db/aligned/test_0129_aligned.jpg
test_0130,data/raf-db/aligned/test_0130_aligned.jpg,4,happy,test,happy,/gpfs0/bgu-vilenchi/users/sdolev/Thesis/VLMs/data/raf-db/aligned/test_0130_aligned.jpg
test_0131,data/raf-db/aligned/test_0131_aligned.jpg,4,happy,test,happy,/gpfs0/bgu-vilenchi/users/sdolev/Thesis/VLMs/data/raf-db/aligned/test_0131_aligned.jpg
test_0132,data/raf-db/aligned/test_0132_aligned.jpg,4,happy,test,happy,/gpfs0/bgu-vilenchi/users/sdolev/Thesis/VLMs/data/raf-db/aligned/test_0132_aligned.jpg
test_0133,data/raf-db/aligned/test_0133_aligned.jpg,4,happy,test,happy,/gpfs0/bgu-vilenchi/users/sdolev/Thesis/VLMs/data/raf-db/aligned/test_0133_aligned.jpg
test_0134,data/raf-db/aligned/test_0134_aligned.jpg,5,sad,test,sad,/gpfs0/bgu-vilenchi/users/sdolev/Thesis/VLMs/data/raf-db/aligned/test_0134_aligned.jpg
test_0135,data/raf-db/aligned/test_0135_aligned.jpg,1,surprise,test,surprise,/gpfs0/bgu-vilenchi/users/sdolev/Thesis/VLMs/data/raf-db/aligned/test_0135_aligned.jpg
test_0136,data/raf-db/aligned/test_0136_aligned.jpg,6,angry,test,angry,/gpfs0/bgu-vilenchi/users/sdolev/Thesis/VLMs/data/raf-db/aligned/test_0136_aligned.jpg
test_0137,data/raf-db/aligned/test_0137_aligned.jpg,4,happy,test,happy,/gpfs0/bgu-vilenchi/users/sdolev/Thesis/VLMs/data/raf-db/aligned/test_0137_aligned.jpg
test_0138,data/raf-db/aligned/test_0138_aligned.jpg,4,happy,test,happy,/gpfs0/bgu-vilenchi/users/sdolev/Thesis/VLMs/data/raf-db/aligned/test_0138_aligned.jpg
test_0139,data/raf-db/aligned/test_0139_aligned.jpg,4,happy,test,happy,/gpfs0/bgu-vilenchi/users/sdolev/Thesis/VLMs/data/raf-db/aligned/test_0139_aligned.jpg
test_0140,data/raf-db/aligned/test_0140_aligned.jpg,4,happy,test,happy,/gpfs0/bgu-vilenchi/users/sdolev/Thesis/VLMs/data/raf-db/aligned/test_0140_aligned.jpg
test_0141,data/raf-db/aligned/test_0141_aligned.jpg,4,happy,test,happy,/gpfs0/bgu-vilenchi/users/sdolev/Thesis/VLMs/data/raf-db/aligned/test_0141_aligned.jpg
test_0142,data/raf-db/aligned/test_0142_aligned.jpg,5,sad,test,sad,/gpfs0/bgu-vilenchi/users/sdolev/Thesis/VLMs/data/raf-db/aligned/test_0142_aligned.jpg
test_0143,data/raf-db/aligned/test_0143_aligned.jpg,4,happy,test,happy,/gpfs0/bgu-vilenchi/users/sdolev/Thesis/VLMs/data/raf-db/aligned/test_0143_aligned.jpg
test_0144,data/raf-db/aligned/test_0144_aligned.jpg,4,happy,test,happy,/gpfs0/bgu-vilenchi/users/sdolev/Thesis/VLMs/data/raf-db/aligned/test_0144_aligned.jpg
test_0145,data/raf-db/aligned/test_0145_aligned.jpg,5,sad,test,sad,/gpfs0/bgu-vilenchi/users/sdolev/Thesis/VLMs/data/raf-db/aligned/test_0145_aligned.jpg
test_0146,data/raf-db/aligned/test_0146_aligned.jpg,3,disgust,test,neutral,/gpfs0/bgu-vilenchi/users/sdolev/Thesis/VLMs/data/raf-db/aligned/test_0146_aligned.jpg
test_0147,data/raf-db/aligned/test_0147_aligned.jpg,1,surprise,test,neutral,/gpfs0/bgu-vilenchi/users/sdolev/Thesis/VLMs/data/raf-db/aligned/test_0147_aligned.jpg
test_0148,data/raf-db/aligned/test_0148_aligned.jpg,3,disgust,test,neutral,/gpfs0/bgu-vilenchi/users/sdolev/Thesis/VLMs/data/raf-db/aligned/test_0148_aligned.jpg
test_0149,data/raf-db/aligned/test_0149_aligned.jpg,3,disgust,test,disgust,/gpfs0/bgu-vilenchi/users/sdolev/Thesis/VLMs/data/raf-db/aligned/test_0149_aligned.jpg
test_0150,data/raf-db/aligned/test_0150_aligned.jpg,4,happy,test,happy,/gpfs0/bgu-vilenchi/users/sdolev/Thesis/VLMs/data/raf-db/aligned/test_0150_aligned.jpg
test_0151,data/raf-db/aligned/test_0151_aligned.jpg,1,surprise,test,surprise,/gpfs0/bgu-vilenchi/users/sdolev/Thesis/VLMs/data/raf-db/aligned/test_0151_aligned.jpg
test_0152,data/raf-db/aligned/test_0152_aligned.jpg,5,sad,test,sad,/gpfs0/bgu-vilenchi/users/sdolev/Thesis/VLMs/data/raf-db/aligned/test_0152_aligned.jpg
test_0153,data/raf-db/aligned/test_0153_aligned.jpg,1,surprise,test,surprise,/gpfs0/bgu-vilenchi/users/sdolev/Thesis/VLMs/data/raf-db/aligned/test_0153_aligned.jpg
test_0154,data/raf-db/aligned/test_0154_aligned.jpg,4,happy,test,happy,/gpfs0/bgu-vilenchi/users/sdolev/Thesis/VLMs/data/raf-db/aligned/test_0154_aligned.jpg
test_0155,data/raf-db/aligned/test_0155_aligned.jpg,1,surprise,test,surprise,/gpfs0/bgu-vilenchi/users/sdolev/Thesis/VLMs/data/raf-db/aligned/test_0155_aligned.jpg
test_0156,data/raf-db/aligned/test_0156_aligned.jpg,5,sad,test,neutral,/gpfs0/bgu-vilenchi/users/sdolev/Thesis/VLMs/data/raf-db/aligned/test_0156_aligned.jpg
test_0157,data/raf-db/aligned/test_0157_aligned.jpg,4,happy,test,happy,/gpfs0/bgu-vilenchi/users/sdolev/Thesis/VLMs/data/raf-db/aligned/test_0157_aligned.jpg
test_0158,data/raf-db/aligned/test_0158_aligned.jpg,4,happy,test,happy,/gpfs0/bgu-vilenchi/users/sdolev/Thesis/VLMs/data/raf-db/aligned/test_0158_aligned.jpg
test_0159,data/raf-db/aligned/test_0159_aligned.jpg,4,happy,test,neutral,/gpfs0/bgu-vilenchi/users/sdolev/Thesis/VLMs/data/raf-db/aligned/test_0159_aligned.jpg
test_0160,data/raf-db/aligned/test_0160_aligned.jpg,5,sad,test,sad,/gpfs0/bgu-vilenchi/users/sdolev/Thesis/VLMs/data/raf-db/aligned/test_0160_aligned.jpg
test_0161,data/raf-db/aligned/test_0161_aligned.jpg,4,happy,test,happy,/gpfs0/bgu-vilenchi/users/sdolev/Thesis/VLMs/data/raf-db/aligned/test_0161_aligned.jpg
test_0162,data/raf-db/aligned/test_0162_aligned.jpg,5,sad,test,sad,/gpfs0/bgu-vilenchi/users/sdolev/Thesis/VLMs/data/raf-db/aligned/test_0162_aligned.jpg
test_0163,data/raf-db/aligned/test_0163_aligned.jpg,1,surprise,test,neutral,/gpfs0/bgu-vilenchi/users/sdolev/Thesis/VLMs/data/raf-db/aligned/test_0163_aligned.jpg
test_0164,data/raf-db/aligned/test_0164_aligned.jpg,5,sad,test,neutral,/gpfs0/bgu-vilenchi/users/sdolev/Thesis/VLMs/data/raf-db/aligned/test_0164_aligned.jpg
test_0165,data/raf-db/aligned/test_0165_aligned.jpg,1,surprise,test,surprise,/gpfs0/bgu-vilenchi/users/sdolev/Thesis/VLMs/data/raf-db/aligned/test_0165_aligned.jpg
test_0166,data/raf-db/aligned/test_0166_aligned.jpg,4,happy,test,happy,/gpfs0/bgu-vilenchi/users/sdolev/Thesis/VLMs/data/raf-db/aligned/test_0166_aligned.jpg
test_0167,data/raf-db/aligned/test_0167_aligned.jpg,4,happy,test,happy,/gpfs0/bgu-vilenchi/users/sdolev/Thesis/VLMs/data/raf-db/aligned/test_0167_aligned.jpg
test_0168,data/raf-db/aligned/test_0168_aligned.jpg,1,surprise,test,neutral,/gpfs0/bgu-vilenchi/users/sdolev/Thesis/VLMs/data/raf-db/aligned/test_0168_aligned.jpg
test_0169,data/raf-db/aligned/test_0169_aligned.jpg,1,surprise,test,surprise,/gpfs0/bgu-vilenchi/users/sdolev/Thesis/VLMs/data/raf-db/aligned/test_0169_aligned.jpg
test_0170,data/raf-db/aligned/test_0170_aligned.jpg,4,happy,test,happy,/gpfs0/bgu-vilenchi/users/sdolev/Thesis/VLMs/data/raf-db/aligned/test_0170_aligned.jpg
test_0171,data/raf-db/aligned/test_0171_aligned.jpg,5,sad,test,sad,/gpfs0/bgu-vilenchi/users/sdolev/Thesis/VLMs/data/raf-db/aligned/test_0171_aligned.jpg
test_0172,data/raf-db/aligned/test_0172_aligned.jpg,3,disgust,test,neutral,/gpfs0/bgu-vilenchi/users/sdolev/Thesis/VLMs/data/raf-db/aligned/test_0172_aligned.jpg
test_0173,data/raf-db/aligned/test_0173_aligned.jpg,4,happy,test,happy,/gpfs0/bgu-vilenchi/users/sdolev/Thesis/VLMs/data/raf-db/aligned/test_0173_aligned.jpg
test_0174,data/raf-db/aligned/test_0174_aligned.jpg,4,happy,test,happy,/gpfs0/bgu-vilenchi/users/sdolev/Thesis/VLMs/data/raf-db/aligned/test_0174_aligned.jpg
test_0175,data/raf-db/aligned/test_0175_aligned.jpg,4,happy,test,neutral,/gpfs0/bgu-vilenchi/users/sdolev/Thesis/VLMs/data/raf-db/aligned/test_0175_aligned.jpg
test_0176,data/raf-db/aligned/test_0176_aligned.jpg,4,happy,test,happy,/gpfs0/bgu-vilenchi/users/sdolev/Thesis/VLMs/data/raf-db/aligned/test_0176_aligned.jpg
test_0177,data/raf-db/aligned/test_0177_aligned.jpg,4,happy,test,happy,/gpfs0/bgu-vilenchi/users/sdolev/Thesis/VLMs/data/raf-db/aligned/test_0177_aligned.jpg
test_0178,data/raf-db/aligned/test_0178_aligned.jpg,4,happy,test,happy,/gpfs0/bgu-vilenchi/users/sdolev/Thesis/VLMs/data/raf-db/aligned/test_0178_aligned.jpg
test_0179,data/raf-db/aligned/test_0179_aligned.jpg,4,happy,test,happy,/gpfs0/bgu-vilenchi/users/sdolev/Thesis/VLMs/data/raf-db/aligned/test_0179_aligned.jpg
test_0180,data/raf-db/aligned/test_0180_aligned.jpg,5,sad,test,sad,/gpfs0/bgu-vilenchi/users/sdolev/Thesis/VLMs/data/raf-db/aligned/test_0180_aligned.jpg
test_0181,data/raf-db/aligned/test_0181_aligned.jpg,4,happy,test,happy,/gpfs0/bgu-vilenchi/users/sdolev/Thesis/VLMs/data/raf-db/aligned/test_0181_aligned.jpg
test_0182,data/raf-db/aligned/test_0182_aligned.jpg,4,happy,test,happy,/gpfs0/bgu-vilenchi/users/sdolev/Thesis/VLMs/data/raf-db/aligned/test_0182_aligned.jpg
test_0183,data/raf-db/aligned/test_0183_aligned.jpg,4,happy,test,happy,/gpfs0/bgu-vilenchi/users/sdolev/Thesis/VLMs/data/raf-db/aligned/test_0183_aligned.jpg
test_0184,data/raf-db/aligned/test_0184_aligned.jpg,4,happy,test,happy,/gpfs0/bgu-vilenchi/users/sdolev/Thesis/VLMs/data/raf-db/aligned/test_0184_aligned.jpg
test_0185,data/raf-db/aligned/test_0185_aligned.jpg,6,angry,test,surprise,/gpfs0/bgu-vilenchi/users/sdolev/Thesis/VLMs/data/raf-db/aligned/test_0185_aligned.jpg
test_0186,data/raf-db/aligned/test_0186_aligned.jpg,6,angry,test,surprise,/gpfs0/bgu-vilenchi/users/sdolev/Thesis/VLMs/data/raf-db/aligned/test_0186_aligned.jpg
test_0187,data/raf-db/aligned/test_0187_aligned.jpg,1,surprise,test,surprise,/gpfs0/bgu-vilenchi/users/sdolev/Thesis/VLMs/data/raf-db/aligned/test_0187_aligned.jpg
test_0188,data/raf-db/aligned/test_0188_aligned.jpg,4,happy,test,happy,/gpfs0/bgu-vilenchi/users/sdolev/Thesis/VLMs/data/raf-db/aligned/test_0188_aligned.jpg
test_0189,data/raf-db/aligned/test_0189_aligned.jpg,1,surprise,test,surprise,/gpfs0/bgu-vilenchi/users/sdolev/Thesis/VLMs/data/raf-db/aligned/test_0189_aligned.jpg
test_0190,data/raf-db/aligned/test_0190_aligned.jpg,6,angry,test,angry,/gpfs0/bgu-vilenchi/users/sdolev/Thesis/VLMs/data/raf-db/aligned/test_0190_aligned.jpg
test_0191,data/raf-db/aligned/test_0191_aligned.jpg,4,happy,test,happy,/gpfs0/bgu-vilenchi/users/sdolev/Thesis/VLMs/data/raf-db/aligned/test_0191_aligned.jpg
test_0192,data/raf-db/aligned/test_0192_aligned.jpg,4,happy,test,neutral,/gpfs0/bgu-vilenchi/users/sdolev/Thesis/VLMs/data/raf-db/aligned/test_0192_aligned.jpg
test_0193,data/raf-db/aligned/test_0193_aligned.jpg,4,happy,test,happy,/gpfs0/bgu-vilenchi/users/sdolev/Thesis/VLMs/data/raf-db/aligned/test_0193_aligned.jpg
test_0194,data/raf-db/aligned/test_0194_aligned.jpg,4,happy,test,happy,/gpfs0/bgu-vilenchi/users/sdolev/Thesis/VLMs/data/raf-db/aligned/test_0194_aligned.jpg
test_0195,data/raf-db/aligned/test_0195_aligned.jpg,1,surprise,test,surprise,/gpfs0/bgu-vilenchi/users/sdolev/Thesis/VLMs/data/raf-db/aligned/test_0195_aligned.jpg
test_0196,data/raf-db/aligned/test_0196_aligned.jpg,1,surprise,test,surprise,/gpfs0/bgu-vilenchi/users/sdolev/Thesis/VLMs/data/raf-db/aligned/test_0196_aligned.jpg
test_0197,data/raf-db/aligned/test_0197_aligned.jpg,1,surprise,test,surprise,/gpfs0/bgu-vilenchi/users/sdolev/Thesis/VLMs/data/raf-db/aligned/test_0197_aligned.jpg
test_0198,data/raf-db/aligned/test_0198_aligned.jpg,1,surprise,test,surprise,/gpfs0/bgu-vilenchi/users/sdolev/Thesis/VLMs/data/raf-db/aligned/test_0198_aligned.jpg
test_0199,data/raf-db/aligned/test_0199_aligned.jpg,4,happy,test,happy,/gpfs0/bgu-vilenchi/users/sdolev/Thesis/VLMs/data/raf-db/aligned/test_0199_aligned.jpg
test_0200,data/raf-db/aligned/test_0200_aligned.jpg,1,surprise,test,surprise,/gpfs0/bgu-vilenchi/users/sdolev/Thesis/VLMs/data/raf-db/aligned/test_0200_aligned.jpg
test_0201,data/raf-db/aligned/test_0201_aligned.jpg,6,angry,test,angry,/gpfs0/bgu-vilenchi/users/sdolev/Thesis/VLMs/data/raf-db/aligned/test_0201_aligned.jpg
test_0202,data/raf-db/aligned/test_0202_aligned.jpg,5,sad,test,sad,/gpfs0/bgu-vilenchi/users/sdolev/Thesis/VLMs/data/raf-db/aligned/test_0202_aligned.jpg
test_0203,data/raf-db/aligned/test_0203_aligned.jpg,5,sad,test,neutral,/gpfs0/bgu-vilenchi/users/sdolev/Thesis/VLMs/data/raf-db/aligned/test_0203_aligned.jpg
test_0204,data/raf-db/aligned/test_0204_aligned.jpg,4,happy,test,happy,/gpfs0/bgu-vilenchi/users/sdolev/Thesis/VLMs/data/raf-db/aligned/test_0204_aligned.jpg
test_0205,data/raf-db/aligned/test_0205_aligned.jpg,5,sad,test,sad,/gpfs0/bgu-vilenchi/users/sdolev/Thesis/VLMs/data/raf-db/aligned/test_0205_aligned.jpg
test_0206,data/raf-db/aligned/test_0206_aligned.jpg,4,happy,test,happy,/gpfs0/bgu-vilenchi/users/sdolev/Thesis/VLMs/data/raf-db/aligned/test_0206_aligned.jpg
test_0207,data/raf-db/aligned/test_0207_aligned.jpg,1,surprise,test,surprise,/gpfs0/bgu-vilenchi/users/sdolev/Thesis/VLMs/data/raf-db/aligned/test_0207_aligned.jpg
test_0208,data/raf-db/aligned/test_0208_aligned.jpg,4,happy,test,happy,/gpfs0/bgu-vilenchi/users/sdolev/Thesis/VLMs/data/raf-db/aligned/test_0208_aligned.jpg
test_0209,data/raf-db/aligned/test_0209_aligned.jpg,4,happy,test,happy,/gpfs0/bgu-vilenchi/users/sdolev/Thesis/VLMs/data/raf-db/aligned/test_0209_aligned.jpg
test_0210,data/raf-db/aligned/test_0210_aligned.jpg,5,sad,test,disgust,/gpfs0/bgu-vilenchi/users/sdolev/Thesis/VLMs/data/raf-db/aligned/test_0210_aligned.jpg
test_0211,data/raf-db/aligned/test_0211_aligned.jpg,5,sad,test,sad,/gpfs0/bgu-vilenchi/users/sdolev/Thesis/VLMs/data/raf-db/aligned/test_0211_aligned.jpg
test_0212,data/raf-db/aligned/test_0212_aligned.jpg,4,happy,test,happy,/gpfs0/bgu-vilenchi/users/sdolev/Thesis/VLMs/data/raf-db/aligned/test_0212_aligned.jpg
test_0213,data/raf-db/aligned/test_0213_aligned.jpg,4,happy,test,happy,/gpfs0/bgu-vilenchi/users/sdolev/Thesis/VLMs/data/raf-db/aligned/test_0213_aligned.jpg
test_0214,data/raf-db/aligned/test_0214_aligned.jpg,1,surprise,test,surprise,/gpfs0/bgu-vilenchi/users/sdolev/Thesis/VLMs/data/raf-db/aligned/test_0214_aligned.jpg
test_0215,data/raf-db/aligned/test_0215_aligned.jpg,6,angry,test,angry,/gpfs0/bgu-vilenchi/users/sdolev/Thesis/VLMs/data/raf-db/aligned/test_0215_aligned.jpg
test_0216,data/raf-db/aligned/test_0216_aligned.jpg,6,angry,test,angry,/gpfs0/bgu-vilenchi/users/sdolev/Thesis/VLMs/data/raf-db/aligned/test_0216_aligned.jpg
test_0217,data/raf-db/aligned/test_0217_aligned.jpg,5,sad,test,sad,/gpfs0/bgu-vilenchi/users/sdolev/Thesis/VLMs/data/raf-db/aligned/test_0217_aligned.jpg
test_0218,data/raf-db/aligned/test_0218_aligned.jpg,1,surprise,test,surprise,/gpfs0/bgu-vilenchi/users/sdolev/Thesis/VLMs/data/raf-db/aligned/test_0218_aligned.jpg
test_0219,data/raf-db/aligned/test_0219_aligned.jpg,1,surprise,test,surprise,/gpfs0/bgu-vilenchi/users/sdolev/Thesis/VLMs/data/raf-db/aligned/test_0219_aligned.jpg
test_0220,data/raf-db/aligned/test_0220_aligned.jpg,5,sad,test,sad,/gpfs0/bgu-vilenchi/users/sdolev/Thesis/VLMs/data/raf-db/aligned/test_0220_aligned.jpg
test_0221,data/raf-db/aligned/test_0221_aligned.jpg,4,happy,test,happy,/gpfs0/bgu-vilenchi/users/sdolev/Thesis/VLMs/data/raf-db/aligned/test_0221_aligned.jpg
test_0222,data/raf-db/aligned/test_0222_aligned.jpg,4,happy,test,happy,/gpfs0/bgu-vilenchi/users/sdolev/Thesis/VLMs/data/raf-db/aligned/test_0222_aligned.jpg
test_0223,data/raf-db/aligned/test_0223_aligned.jpg,4,happy,test,happy,/gpfs0/bgu-vilenchi/users/sdolev/Thesis/VLMs/data/raf-db/aligned/test_0223_aligned.jpg
test_0224,data/raf-db/aligned/test_0224_aligned.jpg,4,happy,test,happy,/gpfs0/bgu-vilenchi/users/sdolev/Thesis/VLMs/data/raf-db/aligned/test_0224_aligned.jpg
test_0225,data/raf-db/aligned/test_0225_aligned.jpg,6,angry,test,surprise,/gpfs0/bgu-vilenchi/users/sdolev/Thesis/VLMs/data/raf-db/aligned/test_0225_aligned.jpg
test_0226,data/raf-db/aligned/test_0226_aligned.jpg,1,surprise,test,surprise,/gpfs0/bgu-vilenchi/users/sdolev/Thesis/VLMs/data/raf-db/aligned/test_0226_aligned.jpg
test_0227,data/raf-db/aligned/test_0227_aligned.jpg,4,happy,test,happy,/gpfs0/bgu-vilenchi/users/sdolev/Thesis/VLMs/data/raf-db/aligned/test_0227_aligned.jpg
test_0228,data/raf-db/aligned/test_0228_aligned.jpg,6,angry,test,angry,/gpfs0/bgu-vilenchi/users/sdolev/Thesis/VLMs/data/raf-db/aligned/test_0228_aligned.jpg
test_0229,data/raf-db/aligned/test_0229_aligned.jpg,5,sad,test,neutral,/gpfs0/bgu-vilenchi/users/sdolev/Thesis/VLMs/data/raf-db/aligned/test_0229_aligned.jpg
test_0230,data/raf-db/aligned/test_0230_aligned.jpg,4,happy,test,happy,/gpfs0/bgu-vilenchi/users/sdolev/Thesis/VLMs/data/raf-db/aligned/test_0230_aligned.jpg
test_0231,data/raf-db/aligned/test_0231_aligned.jpg,4,happy,test,happy,/gpfs0/bgu-vilenchi/users/sdolev/Thesis/VLMs/data/raf-db/aligned/test_0231_aligned.jpg
test_0232,data/raf-db/aligned/test_0232_aligned.jpg,4,happy,test,happy,/gpfs0/bgu-vilenchi/users/sdolev/Thesis/VLMs/data/raf-db/aligned/test_0232_aligned.jpg
test_0233,data/raf-db/aligned/test_0233_aligned.jpg,4,happy,test,happy,/gpfs0/bgu-vilenchi/users/sdolev/Thesis/VLMs/data/raf-db/aligned/test_0233_aligned.jpg
test_0234,data/raf-db/aligned/test_0234_aligned.jpg,4,happy,test,happy,/gpfs0/bgu-vilenchi/users/sdolev/Thesis/VLMs/data/raf-db/aligned/test_0234_aligned.jpg
test_0235,data/raf-db/aligned/test_0235_aligned.jpg,1,surprise,test,surprise,/gpfs0/bgu-vilenchi/users/sdolev/Thesis/VLMs/data/raf-db/aligned/test_0235_aligned.jpg
test_0236,data/raf-db/aligned/test_0236_aligned.jpg,4,happy,test,happy,/gpfs0/bgu-vilenchi/users/sdolev/Thesis/VLMs/data/raf-db/aligned/test_0236_aligned.jpg
test_0237,data/raf-db/aligned/test_0237_aligned.jpg,4,happy,test,happy,/gpfs0/bgu-vilenchi/users/sdolev/Thesis/VLMs/data/raf-db/aligned/test_0237_aligned.jpg
test_0238,data/raf-db/aligned/test_0238_aligned.jpg,4,happy,test,happy,/gpfs0/bgu-vilenchi/users/sdolev/Thesis/VLMs/data/raf-db/aligned/test_0238_aligned.jpg
test_0239,data/raf-db/aligned/test_0239_aligned.jpg,4,happy,test,happy,/gpfs0/bgu-vilenchi/users/sdolev/Thesis/VLMs/data/raf-db/aligned/test_0239_aligned.jpg
test_0240,data/raf-db/aligned/test_0240_aligned.jpg,5,sad,test,sad,/gpfs0/bgu-vilenchi/users/sdolev/Thesis/VLMs/data/raf-db/aligned/test_0240_aligned.jpg
test_0241,data/raf-db/aligned/test_0241_aligned.jpg,1,surprise,test,surprise,/gpfs0/bgu-vilenchi/users/sdolev/Thesis/VLMs/data/raf-db/aligned/test_0241_aligned.jpg
test_0242,data/raf-db/aligned/test_0242_aligned.jpg,5,sad,test,sad,/gpfs0/bgu-vilenchi/users/sdolev/Thesis/VLMs/data/raf-db/aligned/test_0242_aligned.jpg
test_0243,data/raf-db/aligned/test_0243_aligned.jpg,1,surprise,test,neutral,/gpfs0/bgu-vilenchi/users/sdolev/Thesis/VLMs/data/raf-db/aligned/test_0243_aligned.jpg
test_0244,data/raf-db/aligned/test_0244_aligned.jpg,6,angry,test,surprise,/gpfs0/bgu-vilenchi/users/sdolev/Thesis/VLMs/data/raf-db/aligned/test_0244_aligned.jpg
test_0245,data/raf-db/aligned/test_0245_aligned.jpg,1,surprise,test,surprise,/gpfs0/bgu-vilenchi/users/sdolev/Thesis/VLMs/data/raf-db/aligned/test_0245_aligned.jpg
test_0246,data/raf-db/aligned/test_0246_aligned.jpg,1,surprise,test,surprise,/gpfs0/bgu-vilenchi/users/sdolev/Thesis/VLMs/data/raf-db/aligned/test_0246_aligned.jpg
test_0247,data/raf-db/aligned/test_0247_aligned.jpg,4,happy,test,happy,/gpfs0/bgu-vilenchi/users/sdolev/Thesis/VLMs/data/raf-db/aligned/test_0247_aligned.jpg
test_0248,data/raf-db/aligned/test_0248_aligned.jpg,4,happy,test,happy,/gpfs0/bgu-vilenchi/users/sdolev/Thesis/VLMs/data/raf-db/aligned/test_0248_aligned.jpg
test_0249,data/raf-db/aligned/test_0249_aligned.jpg,1,surprise,test,surprise,/gpfs0/bgu-vilenchi/users/sdolev/Thesis/VLMs/data/raf-db/aligned/test_0249_aligned.jpg
test_0250,data/raf-db/aligned/test_0250_aligned.jpg,4,happy,test,neutral,/gpfs0/bgu-vilenchi/users/sdolev/Thesis/VLMs/data/raf-db/aligned/test_0250_aligned.jpg
test_0251,data/raf-db/aligned/test_0251_aligned.jpg,4,happy,test,happy,/gpfs0/bgu-vilenchi/users/sdolev/Thesis/VLMs/data/raf-db/aligned/test_0251_aligned.jpg
test_0252,data/raf-db/aligned/test_0252_aligned.jpg,4,happy,test,happy,/gpfs0/bgu-vilenchi/users/sdolev/Thesis/VLMs/data/raf-db/aligned/test_0252_aligned.jpg
test_0253,data/raf-db/aligned/test_0253_aligned.jpg,4,happy,test,happy,/gpfs0/bgu-vilenchi/users/sdolev/Thesis/VLMs/data/raf-db/aligned/test_0253_aligned.jpg
test_0254,data/raf-db/aligned/test_0254_aligned.jpg,4,happy,test,happy,/gpfs0/bgu-vilenchi/users/sdolev/Thesis/VLMs/data/raf-db/aligned/test_0254_aligned.jpg
test_0255,data/raf-db/aligned/test_0255_aligned.jpg,4,happy,test,happy,/gpfs0/bgu-vilenchi/users/sdolev/Thesis/VLMs/data/raf-db/aligned/test_0255_aligned.jpg
test_0256,data/raf-db/aligned/test_0256_aligned.jpg,4,happy,test,happy,/gpfs0/bgu-vilenchi/users/sdolev/Thesis/VLMs/data/raf-db/aligned/test_0256_aligned.jpg
test_0257,data/raf-db/aligned/test_0257_aligned.jpg,4,happy,test,neutral,/gpfs0/bgu-vilenchi/users/sdolev/Thesis/VLMs/data/raf-db/aligned/test_0257_aligned.jpg
test_0258,data/raf-db/aligned/test_0258_aligned.jpg,4,happy,test,happy,/gpfs0/bgu-vilenchi/users/sdolev/Thesis/VLMs/data/raf-db/aligned/test_0258_aligned.jpg
test_0259,data/raf-db/aligned/test_0259_aligned.jpg,1,surprise,test,surprise,/gpfs0/bgu-vilenchi/users/sdolev/Thesis/VLMs/data/raf-db/aligned/test_0259_aligned.jpg
test_0260,data/raf-db/aligned/test_0260_aligned.jpg,4,happy,test,neutral,/gpfs0/bgu-vilenchi/users/sdolev/Thesis/VLMs/data/raf-db/aligned/test_0260_aligned.jpg
test_0261,data/raf-db/aligned/test_0261_aligned.jpg,4,happy,test,happy,/gpfs0/bgu-vilenchi/users/sdolev/Thesis/VLMs/data/raf-db/aligned/test_0261_aligned.jpg
test_0262,data/raf-db/aligned/test_0262_aligned.jpg,4,happy,test,happy,/gpfs0/bgu-vilenchi/users/sdolev/Thesis/VLMs/data/raf-db/aligned/test_0262_aligned.jpg
test_0263,data/raf-db/aligned/test_0263_aligned.jpg,3,disgust,test,disgust,/gpfs0/bgu-vilenchi/users/sdolev/Thesis/VLMs/data/raf-db/aligned/test_0263_aligned.jpg
test_0264,data/raf-db/aligned/test_0264_aligned.jpg,5,sad,test,sad,/gpfs0/bgu-vilenchi/users/sdolev/Thesis/VLMs/data/raf-db/aligned/test_0264_aligned.jpg
test_0265,data/raf-db/aligned/test_0265_aligned.jpg,4,happy,test,happy,/gpfs0/bgu-vilenchi/users/sdolev/Thesis/VLMs/data/raf-db/aligned/test_0265_aligned.jpg
test_0266,data/raf-db/aligned/test_0266_aligned.jpg,4,happy,test,happy,/gpfs0/bgu-vilenchi/users/sdolev/Thesis/VLMs/data/raf-db/aligned/test_0266_aligned.jpg
test_0267,data/raf-db/aligned/test_0267_aligned.jpg,4,happy,test,happy,/gpfs0/bgu-vilenchi/users/sdolev/Thesis/VLMs/data/raf-db/aligned/test_0267_aligned.jpg
test_0268,data/raf-db/aligned/test_0268_aligned.jpg,4,happy,test,happy,/gpfs0/bgu-vilenchi/users/sdolev/Thesis/VLMs/data/raf-db/aligned/test_0268_aligned.jpg
test_0269,data/raf-db/aligned/test_0269_aligned.jpg,4,happy,test,happy,/gpfs0/bgu-vilenchi/users/sdolev/Thesis/VLMs/data/raf-db/aligned/test_0269_aligned.jpg
test_0270,data/raf-db/aligned/test_0270_aligned.jpg,4,happy,test,happy,/gpfs0/bgu-vilenchi/users/sdolev/Thesis/VLMs/data/raf-db/aligned/test_0270_aligned.jpg
test_0271,data/raf-db/aligned/test_0271_aligned.jpg,4,happy,test,happy,/gpfs0/bgu-vilenchi/users/sdolev/Thesis/VLMs/data/raf-db/aligned/test_0271_aligned.jpg
test_0272,data/raf-db/aligned/test_0272_aligned.jpg,4,happy,test,happy,/gpfs0/bgu-vilenchi/users/sdolev/Thesis/VLMs/data/raf-db/aligned/test_0272_aligned.jpg
test_0273,data/raf-db/aligned/test_0273_aligned.jpg,5,sad,test,happy,/gpfs0/bgu-vilenchi/users/sdolev/Thesis/VLMs/data/raf-db/aligned/test_0273_aligned.jpg
test_0274,data/raf-db/aligned/test_0274_aligned.jpg,2,fear,test,sad,/gpfs0/bgu-vilenchi/users/sdolev/Thesis/VLMs/data/raf-db/aligned/test_0274_aligned.jpg
test_0275,data/raf-db/aligned/test_0275_aligned.jpg,4,happy,test,happy,/gpfs0/bgu-vilenchi/users/sdolev/Thesis/VLMs/data/raf-db/aligned/test_0275_aligned.jpg
test_0276,data/raf-db/aligned/test_0276_aligned.jpg,5,sad,test,sad,/gpfs0/bgu-vilenchi/users/sdolev/Thesis/VLMs/data/raf-db/aligned/test_0276_aligned.jpg
test_0277,data/raf-db/aligned/test_0277_aligned.jpg,4,happy,test,happy,/gpfs0/bgu-vilenchi/users/sdolev/Thesis/VLMs/data/raf-db/aligned/test_0277_aligned.jpg
test_0278,data/raf-db/aligned/test_0278_aligned.jpg,5,sad,test,sad,/gpfs0/bgu-vilenchi/users/sdolev/Thesis/VLMs/data/raf-db/aligned/test_0278_aligned.jpg
test_0279,data/raf-db/aligned/test_0279_aligned.jpg,4,happy,test,happy,/gpfs0/bgu-vilenchi/users/sdolev/Thesis/VLMs/data/raf-db/aligned/test_0279_aligned.jpg
test_0280,data/raf-db/aligned/test_0280_aligned.jpg,3,disgust,test,surprise,/gpfs0/bgu-vilenchi/users/sdolev/Thesis/VLMs/data/raf-db/aligned/test_0280_aligned.jpg
test_0281,data/raf-db/aligned/test_0281_aligned.jpg,3,disgust,test,disgust,/gpfs0/bgu-vilenchi/users/sdolev/Thesis/VLMs/data/raf-db/aligned/test_0281_aligned.jpg
test_0282,data/raf-db/aligned/test_0282_aligned.jpg,4,happy,test,happy,/gpfs0/bgu-vilenchi/users/sdolev/Thesis/VLMs/data/raf-db/aligned/test_0282_aligned.jpg
test_0283,data/raf-db/aligned/test_0283_aligned.jpg,3,disgust,test,neutral,/gpfs0/bgu-vilenchi/users/sdolev/Thesis/VLMs/data/raf-db/aligned/test_0283_aligned.jpg
test_0284,data/raf-db/aligned/test_0284_aligned.jpg,5,sad,test,neutral,/gpfs0/bgu-vilenchi/users/sdolev/Thesis/VLMs/data/raf-db/aligned/test_0284_aligned.jpg
test_0285,data/raf-db/aligned/test_0285_aligned.jpg,4,happy,test,happy,/gpfs0/bgu-vilenchi/users/sdolev/Thesis/VLMs/data/raf-db/aligned/test_0285_aligned.jpg
test_0286,data/raf-db/aligned/test_0286_aligned.jpg,6,angry,test,angry,/gpfs0/bgu-vilenchi/users/sdolev/Thesis/VLMs/data/raf-db/aligned/test_0286_aligned.jpg
test_0287,data/raf-db/aligned/test_0287_aligned.jpg,4,happy,test,happy,/gpfs0/bgu-vilenchi/users/sdolev/Thesis/VLMs/data/raf-db/aligned/test_0287_aligned.jpg
test_0288,data/raf-db/aligned/test_0288_aligned.jpg,1,surprise,test,neutral,/gpfs0/bgu-vilenchi/users/sdolev/Thesis/VLMs/data/raf-db/aligned/test_0288_aligned.jpg
test_0289,data/raf-db/aligned/test_0289_aligned.jpg,4,happy,test,happy,/gpfs0/bgu-vilenchi/users/sdolev/Thesis/VLMs/data/raf-db/aligned/test_0289_aligned.jpg
test_0290,data/raf-db/aligned/test_0290_aligned.jpg,5,sad,test,sad,/gpfs0/bgu-vilenchi/users/sdolev/Thesis/VLMs/data/raf-db/aligned/test_0290_aligned.jpg
test_0291,data/raf-db/aligned/test_0291_aligned.jpg,4,happy,test,happy,/gpfs0/bgu-vilenchi/users/sdolev/Thesis/VLMs/data/raf-db/aligned/test_0291_aligned.jpg
test_0292,data/raf-db/aligned/test_0292_aligned.jpg,4,happy,test,happy,/gpfs0/bgu-vilenchi/users/sdolev/Thesis/VLMs/data/raf-db/aligned/test_0292_aligned.jpg
test_0293,data/raf-db/aligned/test_0293_aligned.jpg,1,surprise,test,surprise,/gpfs0/bgu-vilenchi/users/sdolev/Thesis/VLMs/data/raf-db/aligned/test_0293_aligned.jpg
test_0294,data/raf-db/aligned/test_0294_aligned.jpg,1,surprise,test,neutral,/gpfs0/bgu-vilenchi/users/sdolev/Thesis/VLMs/data/raf-db/aligned/test_0294_aligned.jpg
test_0295,data/raf-db/aligned/test_0295_aligned.jpg,6,angry,test,neutral,/gpfs0/bgu-vilenchi/users/sdolev/Thesis/VLMs/data/raf-db/aligned/test_0295_aligned.jpg
test_0296,data/raf-db/aligned/test_0296_aligned.jpg,6,angry,test,angry,/gpfs0/bgu-vilenchi/users/sdolev/Thesis/VLMs/data/raf-db/aligned/test_0296_aligned.jpg
test_0297,data/raf-db/aligned/test_0297_aligned.jpg,1,surprise,test,neutral,/gpfs0/bgu-vilenchi/users/sdolev/Thesis/VLMs/data/raf-db/aligned/test_0297_aligned.jpg
test_0298,data/raf-db/aligned/test_0298_aligned.jpg,5,sad,test,neutral,/gpfs0/bgu-vilenchi/users/sdolev/Thesis/VLMs/data/raf-db/aligned/test_0298_aligned.jpg
test_0299,data/raf-db/aligned/test_0299_aligned.jpg,1,surprise,test,surprise,/gpfs0/bgu-vilenchi/users/sdolev/Thesis/VLMs/data/raf-db/aligned/test_0299_aligned.jpg
test_0300,data/raf-db/aligned/test_0300_aligned.jpg,5,sad,test,sad,/gpfs0/bgu-vilenchi/users/sdolev/Thesis/VLMs/data/raf-db/aligned/test_0300_aligned.jpg
test_0301,data/raf-db/aligned/test_0301_aligned.jpg,6,angry,test,angry,/gpfs0/bgu-vilenchi/users/sdolev/Thesis/VLMs/data/raf-db/aligned/test_0301_aligned.jpg
test_0302,data/raf-db/aligned/test_0302_aligned.jpg,4,happy,test,happy,/gpfs0/bgu-vilenchi/users/sdolev/Thesis/VLMs/data/raf-db/aligned/test_0302_aligned.jpg
test_0303,data/raf-db/aligned/test_0303_aligned.jpg,4,happy,test,happy,/gpfs0/bgu-vilenchi/users/sdolev/Thesis/VLMs/data/raf-db/aligned/test_0303_aligned.jpg
test_0304,data/raf-db/aligned/test_0304_aligned.jpg,4,happy,test,happy,/gpfs0/bgu-vilenchi/users/sdolev/Thesis/VLMs/data/raf-db/aligned/test_0304_aligned.jpg
test_0305,data/raf-db/aligned/test_0305_aligned.jpg,4,happy,test,happy,/gpfs0/bgu-vilenchi/users/sdolev/Thesis/VLMs/data/raf-db/aligned/test_0305_aligned.jpg
test_0306,data/raf-db/aligned/test_0306_aligned.jpg,4,happy,test,neutral,/gpfs0/bgu-vilenchi/users/sdolev/Thesis/VLMs/data/raf-db/aligned/test_0306_aligned.jpg
test_0307,data/raf-db/aligned/test_0307_aligned.jpg,4,happy,test,happy,/gpfs0/bgu-vilenchi/users/sdolev/Thesis/VLMs/data/raf-db/aligned/test_0307_aligned.jpg
test_0308,data/raf-db/aligned/test_0308_aligned.jpg,4,happy,test,happy,/gpfs0/bgu-vilenchi/users/sdolev/Thesis/VLMs/data/raf-db/aligned/test_0308_aligned.jpg
test_0309,data/raf-db/aligned/test_0309_aligned.jpg,4,happy,test,happy,/gpfs0/bgu-vilenchi/users/sdolev/Thesis/VLMs/data/raf-db/aligned/test_0309_aligned.jpg
test_0310,data/raf-db/aligned/test_0310_aligned.jpg,4,happy,test,happy,/gpfs0/bgu-vilenchi/users/sdolev/Thesis/VLMs/data/raf-db/aligned/test_0310_aligned.jpg
test_0311,data/raf-db/aligned/test_0311_aligned.jpg,4,happy,test,happy,/gpfs0/bgu-vilenchi/users/sdolev/Thesis/VLMs/data/raf-db/aligned/test_0311_aligned.jpg
test_0312,data/raf-db/aligned/test_0312_aligned.jpg,4,happy,test,happy,/gpfs0/bgu-vilenchi/users/sdolev/Thesis/VLMs/data/raf-db/aligned/test_0312_aligned.jpg
test_0313,data/raf-db/aligned/test_0313_aligned.jpg,4,happy,test,happy,/gpfs0/bgu-vilenchi/users/sdolev/Thesis/VLMs/data/raf-db/aligned/test_0313_aligned.jpg
test_0314,data/raf-db/aligned/test_0314_aligned.jpg,1,surprise,test,surprise,/gpfs0/bgu-vilenchi/users/sdolev/Thesis/VLMs/data/raf-db/aligned/test_0314_aligned.jpg
test_0315,data/raf-db/aligned/test_0315_aligned.jpg,5,sad,test,sad,/gpfs0/bgu-vilenchi/users/sdolev/Thesis/VLMs/data/raf-db/aligned/test_0315_aligned.jpg
test_0316,data/raf-db/aligned/test_0316_aligned.jpg,1,surprise,test,surprise,/gpfs0/bgu-vilenchi/users/sdolev/Thesis/VLMs/data/raf-db/aligned/test_0316_aligned.jpg
test_0317,data/raf-db/aligned/test_0317_aligned.jpg,4,happy,test,happy,/gpfs0/bgu-vilenchi/users/sdolev/Thesis/VLMs/data/raf-db/aligned/test_0317_aligned.jpg
test_0318,data/raf-db/aligned/test_0318_aligned.jpg,5,sad,test,sad,/gpfs0/bgu-vilenchi/users/sdolev/Thesis/VLMs/data/raf-db/aligned/test_0318_aligned.jpg
test_0319,data/raf-db/aligned/test_0319_aligned.jpg,5,sad,test,angry,/gpfs0/bgu-vilenchi/users/sdolev/Thesis/VLMs/data/raf-db/aligned/test_0319_aligned.jpg
test_0320,data/raf-db/aligned/test_0320_aligned.jpg,4,happy,test,happy,/gpfs0/bgu-vilenchi/users/sdolev/Thesis/VLMs/data/raf-db/aligned/test_0320_aligned.jpg
test_0321,data/raf-db/aligned/test_0321_aligned.jpg,6,angry,test,angry,/gpfs0/bgu-vilenchi/users/sdolev/Thesis/VLMs/data/raf-db/aligned/test_0321_aligned.jpg
test_0322,data/raf-db/aligned/test_0322_aligned.jpg,4,happy,test,happy,/gpfs0/bgu-vilenchi/users/sdolev/Thesis/VLMs/data/raf-db/aligned/test_0322_aligned.jpg
test_0323,data/raf-db/aligned/test_0323_aligned.jpg,5,sad,test,sad,/gpfs0/bgu-vilenchi/users/sdolev/Thesis/VLMs/data/raf-db/aligned/test_0323_aligned.jpg
test_0324,data/raf-db/aligned/test_0324_aligned.jpg,4,happy,test,neutral,/gpfs0/bgu-vilenchi/users/sdolev/Thesis/VLMs/data/raf-db/aligned/test_0324_aligned.jpg
test_0325,data/raf-db/aligned/test_0325_aligned.jpg,1,surprise,test,neutral,/gpfs0/bgu-vilenchi/users/sdolev/Thesis/VLMs/data/raf-db/aligned/test_0325_aligned.jpg
test_0326,data/raf-db/aligned/test_0326_aligned.jpg,1,surprise,test,surprise,/gpfs0/bgu-vilenchi/users/sdolev/Thesis/VLMs/data/raf-db/aligned/test_0326_aligned.jpg
test_0327,data/raf-db/aligned/test_0327_aligned.jpg,6,angry,test,angry,/gpfs0/bgu-vilenchi/users/sdolev/Thesis/VLMs/data/raf-db/aligned/test_0327_aligned.jpg
test_0328,data/raf-db/aligned/test_0328_aligned.jpg,5,sad,test,sad,/gpfs0/bgu-vilenchi/users/sdolev/Thesis/VLMs/data/raf-db/aligned/test_0328_aligned.jpg
test_0329,data/raf-db/aligned/test_0329_aligned.jpg,4,happy,test,happy,/gpfs0/bgu-vilenchi/users/sdolev/Thesis/VLMs/data/raf-db/aligned/test_0329_aligned.jpg
test_0330,data/raf-db/aligned/test_0330_aligned.jpg,4,happy,test,neutral,/gpfs0/bgu-vilenchi/users/sdolev/Thesis/VLMs/data/raf-db/aligned/test_0330_aligned.jpg
test_0331,data/raf-db/aligned/test_0331_aligned.jpg,4,happy,test,happy,/gpfs0/bgu-vilenchi/users/sdolev/Thesis/VLMs/data/raf-db/aligned/test_0331_aligned.jpg
test_0332,data/raf-db/aligned/test_0332_aligned.jpg,4,happy,test,happy,/gpfs0/bgu-vilenchi/users/sdolev/Thesis/VLMs/data/raf-db/aligned/test_0332_aligned.jpg
test_0333,data/raf-db/aligned/test_0333_aligned.jpg,4,happy,test,happy,/gpfs0/bgu-vilenchi/users/sdolev/Thesis/VLMs/data/raf-db/aligned/test_0333_aligned.jpg
test_0334,data/raf-db/aligned/test_0334_aligned.jpg,4,happy,test,happy,/gpfs0/bgu-vilenchi/users/sdolev/Thesis/VLMs/data/raf-db/aligned/test_0334_aligned.jpg
test_0335,data/raf-db/aligned/test_0335_aligned.jpg,4,happy,test,happy,/gpfs0/bgu-vilenchi/users/sdolev/Thesis/VLMs/data/raf-db/aligned/test_0335_aligned.jpg
test_0336,data/raf-db/aligned/test_0336_aligned.jpg,5,sad,test,neutral,/gpfs0/bgu-vilenchi/users/sdolev/Thesis/VLMs/data/raf-db/aligned/test_0336_aligned.jpg
test_0337,data/raf-db/aligned/test_0337_aligned.jpg,4,happy,test,happy,/gpfs0/bgu-vilenchi/users/sdolev/Thesis/VLMs/data/raf-db/aligned/test_0337_aligned.jpg
test_0338,data/raf-db/aligned/test_0338_aligned.jpg,4,happy,test,happy,/gpfs0/bgu-vilenchi/users/sdolev/Thesis/VLMs/data/raf-db/aligned/test_0338_aligned.jpg
test_0339,data/raf-db/aligned/test_0339_aligned.jpg,5,sad,test,sad,/gpfs0/bgu-vilenchi/users/sdolev/Thesis/VLMs/data/raf-db/aligned/test_0339_aligned.jpg
test_0340,data/raf-db/aligned/test_0340_aligned.jpg,1,surprise,test,surprise,/gpfs0/bgu-vilenchi/users/sdolev/Thesis/VLMs/data/raf-db/aligned/test_0340_aligned.jpg
test_0341,data/raf-db/aligned/test_0341_aligned.jpg,5,sad,test,disgust,/gpfs0/bgu-vilenchi/users/sdolev/Thesis/VLMs/data/raf-db/aligned/test_0341_aligned.jpg
test_0342,data/raf-db/aligned/test_0342_aligned.jpg,5,sad,test,sad,/gpfs0/bgu-vilenchi/users/sdolev/Thesis/VLMs/data/raf-db/aligned/test_0342_aligned.jpg
test_0343,data/raf-db/aligned/test_0343_aligned.jpg,3,disgust,test,disgust,/gpfs0/bgu-vilenchi/users/sdolev/Thesis/VLMs/data/raf-db/aligned/test_0343_aligned.jpg
test_0344,data/raf-db/aligned/test_0344_aligned.jpg,5,sad,test,sad,/gpfs0/bgu-vilenchi/users/sdolev/Thesis/VLMs/data/raf-db/aligned/test_0344_aligned.jpg
test_0345,data/raf-db/aligned/test_0345_aligned.jpg,4,happy,test,happy,/gpfs0/bgu-vilenchi/users/sdolev/Thesis/VLMs/data/raf-db/aligned/test_0345_aligned.jpg
test_0346,data/raf-db/aligned/test_0346_aligned.jpg,1,surprise,test,surprise,/gpfs0/bgu-vilenchi/users/sdolev/Thesis/VLMs/data/raf-db/aligned/test_0346_aligned.jpg
test_0347,data/raf-db/aligned/test_0347_aligned.jpg,6,angry,test,surprise,/gpfs0/bgu-vilenchi/users/sdolev/Thesis/VLMs/data/raf-db/aligned/test_0347_aligned.jpg
test_0348,data/raf-db/aligned/test_0348_aligned.jpg,5,sad,test,neutral,/gpfs0/bgu-vilenchi/users/sdolev/Thesis/VLMs/data/raf-db/aligned/test_0348_aligned.jpg
test_0349,data/raf-db/aligned/test_0349_aligned.jpg,6,angry,test,surprise,/gpfs0/bgu-vilenchi/users/sdolev/Thesis/VLMs/data/raf-db/aligned/test_0349_aligned.jpg
test_0350,data/raf-db/aligned/test_0350_aligned.jpg,4,happy,test,happy,/gpfs0/bgu-vilenchi/users/sdolev/Thesis/VLMs/data/raf-db/aligned/test_0350_aligned.jpg
test_0351,data/raf-db/aligned/test_0351_aligned.jpg,5,sad,test,sad,/gpfs0/bgu-vilenchi/users/sdolev/Thesis/VLMs/data/raf-db/aligned/test_0351_aligned.jpg
test_0352,data/raf-db/aligned/test_0352_aligned.jpg,4,happy,test,happy,/gpfs0/bgu-vilenchi/users/sdolev/Thesis/VLMs/data/raf-db/aligned/test_0352_aligned.jpg
test_0353,data/raf-db/aligned/test_0353_aligned.jpg,4,happy,test,happy,/gpfs0/bgu-vilenchi/users/sdolev/Thesis/VLMs/data/raf-db/aligned/test_0353_aligned.jpg
test_0354,data/raf-db/aligned/test_0354_aligned.jpg,1,surprise,test,surprise,/gpfs0/bgu-vilenchi/users/sdolev/Thesis/VLMs/data/raf-db/aligned/test_0354_aligned.jpg
test_0355,data/raf-db/aligned/test_0355_aligned.jpg,1,surprise,test,surprise,/gpfs0/bgu-vilenchi/users/sdolev/Thesis/VLMs/data/raf-db/aligned/test_0355_aligned.jpg
test_0356,data/raf-db/aligned/test_0356_aligned.jpg,5,sad,test,sad,/gpfs0/bgu-vilenchi/users/sdolev/Thesis/VLMs/data/raf-db/aligned/test_0356_aligned.jpg
test_0357,data/raf-db/aligned/test_0357_aligned.jpg,3,disgust,test,surprise,/gpfs0/bgu-vilenchi/users/sdolev/Thesis/VLMs/data/raf-db/aligned/test_0357_aligned.jpg
test_0358,data/raf-db/aligned/test_0358_aligned.jpg,6,angry,test,angry,/gpfs0/bgu-vilenchi/users/sdolev/Thesis/VLMs/data/raf-db/aligned/test_0358_aligned.jpg
test_0359,data/raf-db/aligned/test_0359_aligned.jpg,1,surprise,test,surprise,/gpfs0/bgu-vilenchi/users/sdolev/Thesis/VLMs/data/raf-db/aligned/test_0359_aligned.jpg
test_0360,data/raf-db/aligned/test_0360_aligned.jpg,1,surprise,test,surprise,/gpfs0/bgu-vilenchi/users/sdolev/Thesis/VLMs/data/raf-db/aligned/test_0360_aligned.jpg
test_0361,data/raf-db/aligned/test_0361_aligned.jpg,1,surprise,test,sad,/gpfs0/bgu-vilenchi/users/sdolev/Thesis/VLMs/data/raf-db/aligned/test_0361_aligned.jpg
test_0362,data/raf-db/aligned/test_0362_aligned.jpg,4,happy,test,happy,/gpfs0/bgu-vilenchi/users/sdolev/Thesis/VLMs/data/raf-db/aligned/test_0362_aligned.jpg
test_0363,data/raf-db/aligned/test_0363_aligned.jpg,1,surprise,test,surprise,/gpfs0/bgu-vilenchi/users/sdolev/Thesis/VLMs/data/raf-db/aligned/test_0363_aligned.jpg
test_0364,data/raf-db/aligned/test_0364_aligned.jpg,4,happy,test,happy,/gpfs0/bgu-vilenchi/users/sdolev/Thesis/VLMs/data/raf-db/aligned/test_0364_aligned.jpg
test_0365,data/raf-db/aligned/test_0365_aligned.jpg,5,sad,test,surprise,/gpfs0/bgu-vilenchi/users/sdolev/Thesis/VLMs/data/raf-db/aligned/test_0365_aligned.jpg
test_0366,data/raf-db/aligned/test_0366_aligned.jpg,4,happy,test,happy,/gpfs0/bgu-vilenchi/users/sdolev/Thesis/VLMs/data/raf-db/aligned/test_0366_aligned.jpg
test_0367,data/raf-db/aligned/test_0367_aligned.jpg,4,happy,test,happy,/gpfs0/bgu-vilenchi/users/sdolev/Thesis/VLMs/data/raf-db/aligned/test_0367_aligned.jpg
test_0368,data/raf-db/aligned/test_0368_aligned.jpg,5,sad,test,sad,/gpfs0/bgu-vilenchi/users/sdolev/Thesis/VLMs/data/raf-db/aligned/test_0368_aligned.jpg
test_0369,data/raf-db/aligned/test_0369_aligned.jpg,4,happy,test,happy,/gpfs0/bgu-vilenchi/users/sdolev/Thesis/VLMs/data/raf-db/aligned/test_0369_aligned.jpg
test_0370,data/raf-db/aligned/test_0370_aligned.jpg,4,happy,test,happy,/gpfs0/bgu-vilenchi/users/sdolev/Thesis/VLMs/data/raf-db/aligned/test_0370_aligned.jpg
test_0371,data/raf-db/aligned/test_0371_aligned.jpg,4,happy,test,happy,/gpfs0/bgu-vilenchi/users/sdolev/Thesis/VLMs/data/raf-db/aligned/test_0371_aligned.jpg
test_0372,data/raf-db/aligned/test_0372_aligned.jpg,4,happy,test,happy,/gpfs0/bgu-vilenchi/users/sdolev/Thesis/VLMs/data/raf-db/aligned/test_0372_aligned.jpg
test_0373,data/raf-db/aligned/test_0373_aligned.jpg,4,happy,test,happy,/gpfs0/bgu-vilenchi/users/sdolev/Thesis/VLMs/data/raf-db/aligned/test_0373_aligned.jpg
test_0374,data/raf-db/aligned/test_0374_aligned.jpg,4,happy,test,happy,/gpfs0/bgu-vilenchi/users/sdolev/Thesis/VLMs/data/raf-db/aligned/test_0374_aligned.jpg
test_0375,data/raf-db/aligned/test_0375_aligned.jpg,4,happy,test,happy,/gpfs0/bgu-vilenchi/users/sdolev/Thesis/VLMs/data/raf-db/aligned/test_0375_aligned.jpg
test_0376,data/raf-db/aligned/test_0376_aligned.jpg,4,happy,test,happy,/gpfs0/bgu-vilenchi/users/sdolev/Thesis/VLMs/data/raf-db/aligned/test_0376_aligned.jpg
test_0377,data/raf-db/aligned/test_0377_aligned.jpg,2,fear,test,sad,/gpfs0/bgu-vilenchi/users/sdolev/Thesis/VLMs/data/raf-db/aligned/test_0377_aligned.jpg
test_0378,data/raf-db/aligned/test_0378_aligned.jpg,4,happy,test,happy,/gpfs0/bgu-vilenchi/users/sdolev/Thesis/VLMs/data/raf-db/aligned/test_0378_aligned.jpg
test_0379,data/raf-db/aligned/test_0379_aligned.jpg,4,happy,test,surprise,/gpfs0/bgu-vilenchi/users/sdolev/Thesis/VLMs/data/raf-db/aligned/test_0379_aligned.jpg
test_0380,data/raf-db/aligned/test_0380_aligned.jpg,4,happy,test,happy,/gpfs0/bgu-vilenchi/users/sdolev/Thesis/VLMs/data/raf-db/aligned/test_0380_aligned.jpg
test_0381,data/raf-db/aligned/test_0381_aligned.jpg,1,surprise,test,surprise,/gpfs0/bgu-vilenchi/users/sdolev/Thesis/VLMs/data/raf-db/aligned/test_0381_aligned.jpg
test_0382,data/raf-db/aligned/test_0382_aligned.jpg,1,surprise,test,surprise,/gpfs0/bgu-vilenchi/users/sdolev/Thesis/VLMs/data/raf-db/aligned/test_0382_aligned.jpg
test_0383,data/raf-db/aligned/test_0383_aligned.jpg,4,happy,test,happy,/gpfs0/bgu-vilenchi/users/sdolev/Thesis/VLMs/data/raf-db/aligned/test_0383_aligned.jpg
test_0384,data/raf-db/aligned/test_0384_aligned.jpg,4,happy,test,happy,/gpfs0/bgu-vilenchi/users/sdolev/Thesis/VLMs/data/raf-db/aligned/test_0384_aligned.jpg
test_0385,data/raf-db/aligned/test_0385_aligned.jpg,5,sad,test,sad,/gpfs0/bgu-vilenchi/users/sdolev/Thesis/VLMs/data/raf-db/aligned/test_0385_aligned.jpg
test_0386,data/raf-db/aligned/test_0386_aligned.jpg,4,happy,test,happy,/gpfs0/bgu-vilenchi/users/sdolev/Thesis/VLMs/data/raf-db/aligned/test_0386_aligned.jpg
test_0387,data/raf-db/aligned/test_0387_aligned.jpg,5,sad,test,sad,/gpfs0/bgu-vilenchi/users/sdolev/Thesis/VLMs/data/raf-db/aligned/test_0387_aligned.jpg
test_0388,data/raf-db/aligned/test_0388_aligned.jpg,4,happy,test,happy,/gpfs0/bgu-vilenchi/users/sdolev/Thesis/VLMs/data/raf-db/aligned/test_0388_aligned.jpg
test_0389,data/raf-db/aligned/test_0389_aligned.jpg,5,sad,test,sad,/gpfs0/bgu-vilenchi/users/sdolev/Thesis/VLMs/data/raf-db/aligned/test_0389_aligned.jpg
test_0390,data/raf-db/aligned/test_0390_aligned.jpg,4,happy,test,happy,/gpfs0/bgu-vilenchi/users/sdolev/Thesis/VLMs/data/raf-db/aligned/test_0390_aligned.jpg
test_0391,data/raf-db/aligned/test_0391_aligned.jpg,4,happy,test,happy,/gpfs0/bgu-vilenchi/users/sdolev/Thesis/VLMs/data/raf-db/aligned/test_0391_aligned.jpg
test_0392,data/raf-db/aligned/test_0392_aligned.jpg,4,happy,test,happy,/gpfs0/bgu-vilenchi/users/sdolev/Thesis/VLMs/data/raf-db/aligned/test_0392_aligned.jpg
test_0393,data/raf-db/aligned/test_0393_aligned.jpg,4,happy,test,happy,/gpfs0/bgu-vilenchi/users/sdolev/Thesis/VLMs/data/raf-db/aligned/test_0393_aligned.jpg
test_0394,data/raf-db/aligned/test_0394_aligned.jpg,4,happy,test,neutral,/gpfs0/bgu-vilenchi/users/sdolev/Thesis/VLMs/data/raf-db/aligned/test_0394_aligned.jpg
test_0395,data/raf-db/aligned/test_0395_aligned.jpg,6,angry,test,angry,/gpfs0/bgu-vilenchi/users/sdolev/Thesis/VLMs/data/raf-db/aligned/test_0395_aligned.jpg
test_0396,data/raf-db/aligned/test_0396_aligned.jpg,4,happy,test,neutral,/gpfs0/bgu-vilenchi/users/sdolev/Thesis/VLMs/data/raf-db/aligned/test_0396_aligned.jpg
test_0397,data/raf-db/aligned/test_0397_aligned.jpg,4,happy,test,happy,/gpfs0/bgu-vilenchi/users/sdolev/Thesis/VLMs/data/raf-db/aligned/test_0397_aligned.jpg
test_0398,data/raf-db/aligned/test_0398_aligned.jpg,4,happy,test,happy,/gpfs0/bgu-vilenchi/users/sdolev/Thesis/VLMs/data/raf-db/aligned/test_0398_aligned.jpg
test_0399,data/raf-db/aligned/test_0399_aligned.jpg,4,happy,test,happy,/gpfs0/bgu-vilenchi/users/sdolev/Thesis/VLMs/data/raf-db/aligned/test_0399_aligned.jpg
test_0400,data/raf-db/aligned/test_0400_aligned.jpg,4,happy,test,happy,/gpfs0/bgu-vilenchi/users/sdolev/Thesis/VLMs/data/raf-db/aligned/test_0400_aligned.jpg
test_0401,data/raf-db/aligned/test_0401_aligned.jpg,5,sad,test,sad,/gpfs0/bgu-vilenchi/users/sdolev/Thesis/VLMs/data/raf-db/aligned/test_0401_aligned.jpg
test_0402,data/raf-db/aligned/test_0402_aligned.jpg,4,happy,test,happy,/gpfs0/bgu-vilenchi/users/sdolev/Thesis/VLMs/data/raf-db/aligned/test_0402_aligned.jpg
test_0403,data/raf-db/aligned/test_0403_aligned.jpg,5,sad,test,sad,/gpfs0/bgu-vilenchi/users/sdolev/Thesis/VLMs/data/raf-db/aligned/test_0403_aligned.jpg
test_0404,data/raf-db/aligned/test_0404_aligned.jpg,5,sad,test,sad,/gpfs0/bgu-vilenchi/users/sdolev/Thesis/VLMs/data/raf-db/aligned/test_0404_aligned.jpg
test_0405,data/raf-db/aligned/test_0405_aligned.jpg,4,happy,test,happy,/gpfs0/bgu-vilenchi/users/sdolev/Thesis/VLMs/data/raf-db/aligned/test_0405_aligned.jpg
test_0406,data/raf-db/aligned/test_0406_aligned.jpg,4,happy,test,happy,/gpfs0/bgu-vilenchi/users/sdolev/Thesis/VLMs/data/raf-db/aligned/test_0406_aligned.jpg
test_0407,data/raf-db/aligned/test_0407_aligned.jpg,4,happy,test,happy,/gpfs0/bgu-vilenchi/users/sdolev/Thesis/VLMs/data/raf-db/aligned/test_0407_aligned.jpg
test_0408,data/raf-db/aligned/test_0408_aligned.jpg,4,happy,test,happy,/gpfs0/bgu-vilenchi/users/sdolev/Thesis/VLMs/data/raf-db/aligned/test_0408_aligned.jpg
test_0409,data/raf-db/aligned/test_0409_aligned.jpg,1,surprise,test,surprise,/gpfs0/bgu-vilenchi/users/sdolev/Thesis/VLMs/data/raf-db/aligned/test_0409_aligned.jpg
test_0410,data/raf-db/aligned/test_0410_aligned.jpg,4,happy,test,happy,/gpfs0/bgu-vilenchi/users/sdolev/Thesis/VLMs/data/raf-db/aligned/test_0410_aligned.jpg
test_0411,data/raf-db/aligned/test_0411_aligned.jpg,4,happy,test,happy,/gpfs0/bgu-vilenchi/users/sdolev/Thesis/VLMs/data/raf-db/aligned/test_0411_aligned.jpg
test_0412,data/raf-db/aligned/test_0412_aligned.jpg,4,happy,test,happy,/gpfs0/bgu-vilenchi/users/sdolev/Thesis/VLMs/data/raf-db/aligned/test_0412_aligned.jpg
test_0413,data/raf-db/aligned/test_0413_aligned.jpg,1,surprise,test,neutral,/gpfs0/bgu-vilenchi/users/sdolev/Thesis/VLMs/data/raf-db/aligned/test_0413_aligned.jpg
test_0414,data/raf-db/aligned/test_0414_aligned.jpg,4,happy,test,happy,/gpfs0/bgu-vilenchi/users/sdolev/Thesis/VLMs/data/raf-db/aligned/test_0414_aligned.jpg
test_0415,data/raf-db/aligned/test_0415_aligned.jpg,4,happy,test,happy,/gpfs0/bgu-vilenchi/users/sdolev/Thesis/VLMs/data/raf-db/aligned/test_0415_aligned.jpg
test_0416,data/raf-db/aligned/test_0416_aligned.jpg,1,surprise,test,surprise,/gpfs0/bgu-vilenchi/users/sdolev/Thesis/VLMs/data/raf-db/aligned/test_0416_aligned.jpg
test_0417,data/raf-db/aligned/test_0417_aligned.jpg,4,happy,test,happy,/gpfs0/bgu-vilenchi/users/sdolev/Thesis/VLMs/data/raf-db/aligned/test_0417_aligned.jpg
test_0418,data/raf-db/aligned/test_0418_aligned.jpg,4,happy,test,neutral,/gpfs0/bgu-vilenchi/users/sdolev/Thesis/VLMs/data/raf-db/aligned/test_0418_aligned.jpg
test_0419,data/raf-db/aligned/test_0419_aligned.jpg,4,happy,test,happy,/gpfs0/bgu-vilenchi/users/sdolev/Thesis/VLMs/data/raf-db/aligned/test_0419_aligned.jpg
test_0420,data/raf-db/aligned/test_0420_aligned.jpg,3,disgust,test,neutral,/gpfs0/bgu-vilenchi/users/sdolev/Thesis/VLMs/data/raf-db/aligned/test_0420_aligned.jpg
test_0421,data/raf-db/aligned/test_0421_aligned.jpg,4,happy,test,happy,/gpfs0/bgu-vilenchi/users/sdolev/Thesis/VLMs/data/raf-db/aligned/test_0421_aligned.jpg
test_0422,data/raf-db/aligned/test_0422_aligned.jpg,4,happy,test,happy,/gpfs0/bgu-vilenchi/users/sdolev/Thesis/VLMs/data/raf-db/aligned/test_0422_aligned.jpg
test_0423,data/raf-db/aligned/test_0423_aligned.jpg,4,happy,test,happy,/gpfs0/bgu-vilenchi/users/sdolev/Thesis/VLMs/data/raf-db/aligned/test_0423_aligned.jpg
test_0424,data/raf-db/aligned/test_0424_aligned.jpg,6,angry,test,surprise,/gpfs0/bgu-vilenchi/users/sdolev/Thesis/VLMs/data/raf-db/aligned/test_0424_aligned.jpg
test_0425,data/raf-db/aligned/test_0425_aligned.jpg,4,happy,test,happy,/gpfs0/bgu-vilenchi/users/sdolev/Thesis/VLMs/data/raf-db/aligned/test_0425_aligned.jpg
test_0426,data/raf-db/aligned/test_0426_aligned.jpg,4,happy,test,happy,/gpfs0/bgu-vilenchi/users/sdolev/Thesis/VLMs/data/raf-db/aligned/test_0426_aligned.jpg
test_0427,data/raf-db/aligned/test_0427_aligned.jpg,4,happy,test,happy,/gpfs0/bgu-vilenchi/users/sdolev/Thesis/VLMs/data/raf-db/aligned/test_0427_aligned.jpg
test_0428,data/raf-db/aligned/test_0428_aligned.jpg,4,happy,test,happy,/gpfs0/bgu-vilenchi/users/sdolev/Thesis/VLMs/data/raf-db/aligned/test_0428_aligned.jpg
test_0429,data/raf-db/aligned/test_0429_aligned.jpg,1,surprise,test,surprise,/gpfs0/bgu-vilenchi/users/sdolev/Thesis/VLMs/data/raf-db/aligned/test_0429_aligned.jpg
test_0430,data/raf-db/aligned/test_0430_aligned.jpg,1,surprise,test,surprise,/gpfs0/bgu-vilenchi/users/sdolev/Thesis/VLMs/data/raf-db/aligned/test_0430_aligned.jpg
test_0431,data/raf-db/aligned/test_0431_aligned.jpg,1,surprise,test,surprise,/gpfs0/bgu-vilenchi/users/sdolev/Thesis/VLMs/data/raf-db/aligned/test_0431_aligned.jpg
test_0432,data/raf-db/aligned/test_0432_aligned.jpg,3,disgust,test,happy,/gpfs0/bgu-vilenchi/users/sdolev/Thesis/VLMs/data/raf-db/aligned/test_0432_aligned.jpg
test_0433,data/raf-db/aligned/test_0433_aligned.jpg,4,happy,test,happy,/gpfs0/bgu-vilenchi/users/sdolev/Thesis/VLMs/data/raf-db/aligned/test_0433_aligned.jpg
test_0434,data/raf-db/aligned/test_0434_aligned.jpg,5,sad,test,sad,/gpfs0/bgu-vilenchi/users/sdolev/Thesis/VLMs/data/raf-db/aligned/test_0434_aligned.jpg
test_0435,data/raf-db/aligned/test_0435_aligned.jpg,4,happy,test,neutral,/gpfs0/bgu-vilenchi/users/sdolev/Thesis/VLMs/data/raf-db/aligned/test_0435_aligned.jpg
test_0436,data/raf-db/aligned/test_0436_aligned.jpg,4,happy,test,happy,/gpfs0/bgu-vilenchi/users/sdolev/Thesis/VLMs/data/raf-db/aligned/test_0436_aligned.jpg
test_0437,data/raf-db/aligned/test_0437_aligned.jpg,4,happy,test,happy,/gpfs0/bgu-vilenchi/users/sdolev/Thesis/VLMs/data/raf-db/aligned/test_0437_aligned.jpg
test_0438,data/raf-db/aligned/test_0438_aligned.jpg,5,sad,test,sad,/gpfs0/bgu-vilenchi/users/sdolev/Thesis/VLMs/data/raf-db/aligned/test_0438_aligned.jpg
test_0439,data/raf-db/aligned/test_0439_aligned.jpg,4,happy,test,happy,/gpfs0/bgu-vilenchi/users/sdolev/Thesis/VLMs/data/raf-db/aligned/test_0439_aligned.jpg
test_0440,data/raf-db/aligned/test_0440_aligned.jpg,1,surprise,test,surprise,/gpfs0/bgu-vilenchi/users/sdolev/Thesis/VLMs/data/raf-db/aligned/test_0440_aligned.jpg
test_0441,data/raf-db/aligned/test_0441_aligned.jpg,1,surprise,test,neutral,/gpfs0/bgu-vilenchi/users/sdolev/Thesis/VLMs/data/raf-db/aligned/test_0441_aligned.jpg
test_0442,data/raf-db/aligned/test_0442_aligned.jpg,4,happy,test,happy,/gpfs0/bgu-vilenchi/users/sdolev/Thesis/VLMs/data/raf-db/aligned/test_0442_aligned.jpg
test_0443,data/raf-db/aligned/test_0443_aligned.jpg,4,happy,test,happy,/gpfs0/bgu-vilenchi/users/sdolev/Thesis/VLMs/data/raf-db/aligned/test_0443_aligned.jpg
test_0444,data/raf-db/aligned/test_0444_aligned.jpg,4,happy,test,happy,/gpfs0/bgu-vilenchi/users/sdolev/Thesis/VLMs/data/raf-db/aligned/test_0444_aligned.jpg
test_0445,data/raf-db/aligned/test_0445_aligned.jpg,4,happy,test,happy,/gpfs0/bgu-vilenchi/users/sdolev/Thesis/VLMs/data/raf-db/aligned/test_0445_aligned.jpg
test_0446,data/raf-db/aligned/test_0446_aligned.jpg,1,surprise,test,surprise,/gpfs0/bgu-vilenchi/users/sdolev/Thesis/VLMs/data/raf-db/aligned/test_0446_aligned.jpg
test_0447,data/raf-db/aligned/test_0447_aligned.jpg,4,happy,test,happy,/gpfs0/bgu-vilenchi/users/sdolev/Thesis/VLMs/data/raf-db/aligned/test_0447_aligned.jpg
test_0448,data/raf-db/aligned/test_0448_aligned.jpg,4,happy,test,happy,/gpfs0/bgu-vilenchi/users/sdolev/Thesis/VLMs/data/raf-db/aligned/test_0448_aligned.jpg
test_0449,data/raf-db/aligned/test_0449_aligned.jpg,4,happy,test,happy,/gpfs0/bgu-vilenchi/users/sdolev/Thesis/VLMs/data/raf-db/aligned/test_0449_aligned.jpg
test_0450,data/raf-db/aligned/test_0450_aligned.jpg,4,happy,test,happy,/gpfs0/bgu-vilenchi/users/sdolev/Thesis/VLMs/data/raf-db/aligned/test_0450_aligned.jpg
test_0451,data/raf-db/aligned/test_0451_aligned.jpg,4,happy,test,happy,/gpfs0/bgu-vilenchi/users/sdolev/Thesis/VLMs/data/raf-db/aligned/test_0451_aligned.jpg
test_0452,data/raf-db/aligned/test_0452_aligned.jpg,6,angry,test,angry,/gpfs0/bgu-vilenchi/users/sdolev/Thesis/VLMs/data/raf-db/aligned/test_0452_aligned.jpg
test_0453,data/raf-db/aligned/test_0453_aligned.jpg,4,happy,test,happy,/gpfs0/bgu-vilenchi/users/sdolev/Thesis/VLMs/data/raf-db/aligned/test_0453_aligned.jpg
test_0454,data/raf-db/aligned/test_0454_aligned.jpg,4,happy,test,happy,/gpfs0/bgu-vilenchi/users/sdolev/Thesis/VLMs/data/raf-db/aligned/test_0454_aligned.jpg
test_0455,data/raf-db/aligned/test_0455_aligned.jpg,4,happy,test,happy,/gpfs0/bgu-vilenchi/users/sdolev/Thesis/VLMs/data/raf-db/aligned/test_0455_aligned.jpg
test_0456,data/raf-db/aligned/test_0456_aligned.jpg,4,happy,test,neutral,/gpfs0/bgu-vilenchi/users/sdolev/Thesis/VLMs/data/raf-db/aligned/test_0456_aligned.jpg
test_0457,data/raf-db/aligned/test_0457_aligned.jpg,4,happy,test,happy,/gpfs0/bgu-vilenchi/users/sdolev/Thesis/VLMs/data/raf-db/aligned/test_0457_aligned.jpg
test_0458,data/raf-db/aligned/test_0458_aligned.jpg,4,happy,test,happy,/gpfs0/bgu-vilenchi/users/sdolev/Thesis/VLMs/data/raf-db/aligned/test_0458_aligned.jpg
test_0459,data/raf-db/aligned/test_0459_aligned.jpg,4,happy,test,happy,/gpfs0/bgu-vilenchi/users/sdolev/Thesis/VLMs/data/raf-db/aligned/test_0459_aligned.jpg
test_0460,data/raf-db/aligned/test_0460_aligned.jpg,4,happy,test,happy,/gpfs0/bgu-vilenchi/users/sdolev/Thesis/VLMs/data/raf-db/aligned/test_0460_aligned.jpg
test_0461,data/raf-db/aligned/test_0461_aligned.jpg,4,happy,test,happy,/gpfs0/bgu-vilenchi/users/sdolev/Thesis/VLMs/data/raf-db/aligned/test_0461_aligned.jpg
test_0462,data/raf-db/aligned/test_0462_aligned.jpg,4,happy,test,happy,/gpfs0/bgu-vilenchi/users/sdolev/Thesis/VLMs/data/raf-db/aligned/test_0462_aligned.jpg
test_0463,data/raf-db/aligned/test_0463_aligned.jpg,4,happy,test,happy,/gpfs0/bgu-vilenchi/users/sdolev/Thesis/VLMs/data/raf-db/aligned/test_0463_aligned.jpg
test_0464,data/raf-db/aligned/test_0464_aligned.jpg,4,happy,test,happy,/gpfs0/bgu-vilenchi/users/sdolev/Thesis/VLMs/data/raf-db/aligned/test_0464_aligned.jpg
test_0465,data/raf-db/aligned/test_0465_aligned.jpg,4,happy,test,neutral,/gpfs0/bgu-vilenchi/users/sdolev/Thesis/VLMs/data/raf-db/aligned/test_0465_aligned.jpg
test_0466,data/raf-db/aligned/test_0466_aligned.jpg,4,happy,test,surprise,/gpfs0/bgu-vilenchi/users/sdolev/Thesis/VLMs/data/raf-db/aligned/test_0466_aligned.jpg
test_0467,data/raf-db/aligned/test_0467_aligned.jpg,4,happy,test,happy,/gpfs0/bgu-vilenchi/users/sdolev/Thesis/VLMs/data/raf-db/aligned/test_0467_aligned.jpg
test_0468,data/raf-db/aligned/test_0468_aligned.jpg,4,happy,test,happy,/gpfs0/bgu-vilenchi/users/sdolev/Thesis/VLMs/data/raf-db/aligned/test_0468_aligned.jpg
test_0469,data/raf-db/aligned/test_0469_aligned.jpg,4,happy,test,happy,/gpfs0/bgu-vilenchi/users/sdolev/Thesis/VLMs/data/raf-db/aligned/test_0469_aligned.jpg
test_0470,data/raf-db/aligned/test_0470_aligned.jpg,5,sad,test,sad,/gpfs0/bgu-vilenchi/users/sdolev/Thesis/VLMs/data/raf-db/aligned/test_0470_aligned.jpg
test_0471,data/raf-db/aligned/test_0471_aligned.jpg,5,sad,test,sad,/gpfs0/bgu-vilenchi/users/sdolev/Thesis/VLMs/data/raf-db/aligned/test_0471_aligned.jpg
test_0472,data/raf-db/aligned/test_0472_aligned.jpg,5,sad,test,sad,/gpfs0/bgu-vilenchi/users/sdolev/Thesis/VLMs/data/raf-db/aligned/test_0472_aligned.jpg
test_0473,data/raf-db/aligned/test_0473_aligned.jpg,4,happy,test,happy,/gpfs0/bgu-vilenchi/users/sdolev/Thesis/VLMs/data/raf-db/aligned/test_0473_aligned.jpg
test_0474,data/raf-db/aligned/test_0474_aligned.jpg,4,happy,test,happy,/gpfs0/bgu-vilenchi/users/sdolev/Thesis/VLMs/data/raf-db/aligned/test_0474_aligned.jpg
test_0475,data/raf-db/aligned/test_0475_aligned.jpg,4,happy,test,happy,/gpfs0/bgu-vilenchi/users/sdolev/Thesis/VLMs/data/raf-db/aligned/test_0475_aligned.jpg
test_0476,data/raf-db/aligned/test_0476_aligned.jpg,5,sad,test,sad,/gpfs0/bgu-vilenchi/users/sdolev/Thesis/VLMs/data/raf-db/aligned/test_0476_aligned.jpg
test_0477,data/raf-db/aligned/test_0477_aligned.jpg,4,happy,test,happy,/gpfs0/bgu-vilenchi/users/sdolev/Thesis/VLMs/data/raf-db/aligned/test_0477_aligned.jpg
test_0478,data/raf-db/aligned/test_0478_aligned.jpg,4,happy,test,happy,/gpfs0/bgu-vilenchi/users/sdolev/Thesis/VLMs/data/raf-db/aligned/test_0478_aligned.jpg
test_0479,data/raf-db/aligned/test_0479_aligned.jpg,4,happy,test,happy,/gpfs0/bgu-vilenchi/users/sdolev/Thesis/VLMs/data/raf-db/aligned/test_0479_aligned.jpg
test_0480,data/raf-db/aligned/test_0480_aligned.jpg,4,happy,test,happy,/gpfs0/bgu-vilenchi/users/sdolev/Thesis/VLMs/data/raf-db/aligned/test_0480_aligned.jpg
test_0481,data/raf-db/aligned/test_0481_aligned.jpg,4,happy,test,happy,/gpfs0/bgu-vilenchi/users/sdolev/Thesis/VLMs/data/raf-db/aligned/test_0481_aligned.jpg
test_0482,data/raf-db/aligned/test_0482_aligned.jpg,1,surprise,test,surprise,/gpfs0/bgu-vilenchi/users/sdolev/Thesis/VLMs/data/raf-db/aligned/test_0482_aligned.jpg
test_0483,data/raf-db/aligned/test_0483_aligned.jpg,5,sad,test,happy,/gpfs0/bgu-vilenchi/users/sdolev/Thesis/VLMs/data/raf-db/aligned/test_0483_aligned.jpg
test_0484,data/raf-db/aligned/test_0484_aligned.jpg,4,happy,test,neutral,/gpfs0/bgu-vilenchi/users/sdolev/Thesis/VLMs/data/raf-db/aligned/test_0484_aligned.jpg
test_0485,data/raf-db/aligned/test_0485_aligned.jpg,4,happy,test,happy,/gpfs0/bgu-vilenchi/users/sdolev/Thesis/VLMs/data/raf-db/aligned/test_0485_aligned.jpg
test_0486,data/raf-db/aligned/test_0486_aligned.jpg,4,happy,test,happy,/gpfs0/bgu-vilenchi/users/sdolev/Thesis/VLMs/data/raf-db/aligned/test_0486_aligned.jpg
test_0487,data/raf-db/aligned/test_0487_aligned.jpg,4,happy,test,neutral,/gpfs0/bgu-vilenchi/users/sdolev/Thesis/VLMs/data/raf-db/aligned/test_0487_aligned.jpg
test_0488,data/raf-db/aligned/test_0488_aligned.jpg,4,happy,test,happy,/gpfs0/bgu-vilenchi/users/sdolev/Thesis/VLMs/data/raf-db/aligned/test_0488_aligned.jpg
test_0489,data/raf-db/aligned/test_0489_aligned.jpg,4,happy,test,happy,/gpfs0/bgu-vilenchi/users/sdolev/Thesis/VLMs/data/raf-db/aligned/test_0489_aligned.jpg
test_0490,data/raf-db/aligned/test_0490_aligned.jpg,4,happy,test,happy,/gpfs0/bgu-vilenchi/users/sdolev/Thesis/VLMs/data/raf-db/aligned/test_0490_aligned.jpg
test_0491,data/raf-db/aligned/test_0491_aligned.jpg,1,surprise,test,surprise,/gpfs0/bgu-vilenchi/users/sdolev/Thesis/VLMs/data/raf-db/aligned/test_0491_aligned.jpg
test_0492,data/raf-db/aligned/test_0492_aligned.jpg,4,happy,test,happy,/gpfs0/bgu-vilenchi/users/sdolev/Thesis/VLMs/data/raf-db/aligned/test_0492_aligned.jpg
test_0493,data/raf-db/aligned/test_0493_aligned.jpg,4,happy,test,happy,/gpfs0/bgu-vilenchi/users/sdolev/Thesis/VLMs/data/raf-db/aligned/test_0493_aligned.jpg
test_0494,data/raf-db/aligned/test_0494_aligned.jpg,4,happy,test,happy,/gpfs0/bgu-vilenchi/users/sdolev/Thesis/VLMs/data/raf-db/aligned/test_0494_aligned.jpg
test_0495,data/raf-db/aligned/test_0495_aligned.jpg,4,happy,test,happy,/gpfs0/bgu-vilenchi/users/sdolev/Thesis/VLMs/data/raf-db/aligned/test_0495_aligned.jpg
test_0496,data/raf-db/aligned/test_0496_aligned.jpg,4,happy,test,neutral,/gpfs0/bgu-vilenchi/users/sdolev/Thesis/VLMs/data/raf-db/aligned/test_0496_aligned.jpg
test_0497,data/raf-db/aligned/test_0497_aligned.jpg,4,happy,test,happy,/gpfs0/bgu-vilenchi/users/sdolev/Thesis/VLMs/data/raf-db/aligned/test_0497_aligned.jpg
test_0498,data/raf-db/aligned/test_0498_aligned.jpg,4,happy,test,happy,/gpfs0/bgu-vilenchi/users/sdolev/Thesis/VLMs/data/raf-db/aligned/test_0498_aligned.jpg
test_0499,data/raf-db/aligned/test_0499_aligned.jpg,1,surprise,test,surprise,/gpfs0/bgu-vilenchi/users/sdolev/Thesis/VLMs/data/raf-db/aligned/test_0499_aligned.jpg
test_0500,data/raf-db/aligned/test_0500_aligned.jpg,4,happy,test,happy,/gpfs0/bgu-vilenchi/users/sdolev/Thesis/VLMs/data/raf-db/aligned/test_0500_aligned.jpg
test_0501,data/raf-db/aligned/test_0501_aligned.jpg,4,happy,test,happy,/gpfs0/bgu-vilenchi/users/sdolev/Thesis/VLMs/data/raf-db/aligned/test_0501_aligned.jpg
test_0502,data/raf-db/aligned/test_0502_aligned.jpg,4,happy,test,happy,/gpfs0/bgu-vilenchi/users/sdolev/Thesis/VLMs/data/raf-db/aligned/test_0502_aligned.jpg
test_0503,data/raf-db/aligned/test_0503_aligned.jpg,4,happy,test,neutral,/gpfs0/bgu-vilenchi/users/sdolev/Thesis/VLMs/data/raf-db/aligned/test_0503_aligned.jpg
test_0504,data/raf-db/aligned/test_0504_aligned.jpg,4,happy,test,happy,/gpfs0/bgu-vilenchi/users/sdolev/Thesis/VLMs/data/raf-db/aligned/test_0504_aligned.jpg
test_0505,data/raf-db/aligned/test_0505_aligned.jpg,4,happy,test,happy,/gpfs0/bgu-vilenchi/users/sdolev/Thesis/VLMs/data/raf-db/aligned/test_0505_aligned.jpg
test_0506,data/raf-db/aligned/test_0506_aligned.jpg,4,happy,test,happy,/gpfs0/bgu-vilenchi/users/sdolev/Thesis/VLMs/data/raf-db/aligned/test_0506_aligned.jpg
test_0507,data/raf-db/aligned/test_0507_aligned.jpg,5,sad,test,sad,/gpfs0/bgu-vilenchi/users/sdolev/Thesis/VLMs/data/raf-db/aligned/test_0507_aligned.jpg
test_0508,data/raf-db/aligned/test_0508_aligned.jpg,4,happy,test,happy,/gpfs0/bgu-vilenchi/users/sdolev/Thesis/VLMs/data/raf-db/aligned/test_0508_aligned.jpg
test_0509,data/raf-db/aligned/test_0509_aligned.jpg,4,happy,test,happy,/gpfs0/bgu-vilenchi/users/sdolev/Thesis/VLMs/data/raf-db/aligned/test_0509_aligned.jpg
test_0510,data/raf-db/aligned/test_0510_aligned.jpg,4,happy,test,happy,/gpfs0/bgu-vilenchi/users/sdolev/Thesis/VLMs/data/raf-db/aligned/test_0510_aligned.jpg
test_0511,data/raf-db/aligned/test_0511_aligned.jpg,4,happy,test,happy,/gpfs0/bgu-vilenchi/users/sdolev/Thesis/VLMs/data/raf-db/aligned/test_0511_aligned.jpg
test_0512,data/raf-db/aligned/test_0512_aligned.jpg,4,happy,test,happy,/gpfs0/bgu-vilenchi/users/sdolev/Thesis/VLMs/data/raf-db/aligned/test_0512_aligned.jpg
test_0513,data/raf-db/aligned/test_0513_aligned.jpg,5,sad,test,sad,/gpfs0/bgu-vilenchi/users/sdolev/Thesis/VLMs/data/raf-db/aligned/test_0513_aligned.jpg
test_0514,data/raf-db/aligned/test_0514_aligned.jpg,5,sad,test,sad,/gpfs0/bgu-vilenchi/users/sdolev/Thesis/VLMs/data/raf-db/aligned/test_0514_aligned.jpg
test_0515,data/raf-db/aligned/test_0515_aligned.jpg,4,happy,test,happy,/gpfs0/bgu-vilenchi/users/sdolev/Thesis/VLMs/data/raf-db/aligned/test_0515_aligned.jpg
test_0516,data/raf-db/aligned/test_0516_aligned.jpg,4,happy,test,happy,/gpfs0/bgu-vilenchi/users/sdolev/Thesis/VLMs/data/raf-db/aligned/test_0516_aligned.jpg
test_0517,data/raf-db/aligned/test_0517_aligned.jpg,1,surprise,test,surprise,/gpfs0/bgu-vilenchi/users/sdolev/Thesis/VLMs/data/raf-db/aligned/test_0517_aligned.jpg
test_0518,data/raf-db/aligned/test_0518_aligned.jpg,4,happy,test,happy,/gpfs0/bgu-vilenchi/users/sdolev/Thesis/VLMs/data/raf-db/aligned/test_0518_aligned.jpg
test_0519,data/raf-db/aligned/test_0519_aligned.jpg,4,happy,test,happy,/gpfs0/bgu-vilenchi/users/sdolev/Thesis/VLMs/data/raf-db/aligned/test_0519_aligned.jpg
test_0520,data/raf-db/aligned/test_0520_aligned.jpg,4,happy,test,happy,/gpfs0/bgu-vilenchi/users/sdolev/Thesis/VLMs/data/raf-db/aligned/test_0520_aligned.jpg
test_0521,data/raf-db/aligned/test_0521_aligned.jpg,4,happy,test,happy,/gpfs0/bgu-vilenchi/users/sdolev/Thesis/VLMs/data/raf-db/aligned/test_0521_aligned.jpg
test_0522,data/raf-db/aligned/test_0522_aligned.jpg,4,happy,test,happy,/gpfs0/bgu-vilenchi/users/sdolev/Thesis/VLMs/data/raf-db/aligned/test_0522_aligned.jpg
test_0523,data/raf-db/aligned/test_0523_aligned.jpg,4,happy,test,happy,/gpfs0/bgu-vilenchi/users/sdolev/Thesis/VLMs/data/raf-db/aligned/test_0523_aligned.jpg
test_0524,data/raf-db/aligned/test_0524_aligned.jpg,4,happy,test,happy,/gpfs0/bgu-vilenchi/users/sdolev/Thesis/VLMs/data/raf-db/aligned/test_0524_aligned.jpg
test_0525,data/raf-db/aligned/test_0525_aligned.jpg,4,happy,test,happy,/gpfs0/bgu-vilenchi/users/sdolev/Thesis/VLMs/data/raf-db/aligned/test_0525_aligned.jpg
test_0526,data/raf-db/aligned/test_0526_aligned.jpg,1,surprise,test,surprise,/gpfs0/bgu-vilenchi/users/sdolev/Thesis/VLMs/data/raf-db/aligned/test_0526_aligned.jpg
test_0527,data/raf-db/aligned/test_0527_aligned.jpg,4,happy,test,happy,/gpfs0/bgu-vilenchi/users/sdolev/Thesis/VLMs/data/raf-db/aligned/test_0527_aligned.jpg
test_0528,data/raf-db/aligned/test_0528_aligned.jpg,4,happy,test,happy,/gpfs0/bgu-vilenchi/users/sdolev/Thesis/VLMs/data/raf-db/aligned/test_0528_aligned.jpg
test_0529,data/raf-db/aligned/test_0529_aligned.jpg,4,happy,test,happy,/gpfs0/bgu-vilenchi/users/sdolev/Thesis/VLMs/data/raf-db/aligned/test_0529_aligned.jpg
test_0530,data/raf-db/aligned/test_0530_aligned.jpg,4,happy,test,happy,/gpfs0/bgu-vilenchi/users/sdolev/Thesis/VLMs/data/raf-db/aligned/test_0530_aligned.jpg
test_0531,data/raf-db/aligned/test_0531_aligned.jpg,4,happy,test,happy,/gpfs0/bgu-vilenchi/users/sdolev/Thesis/VLMs/data/raf-db/aligned/test_0531_aligned.jpg
test_0532,data/raf-db/aligned/test_0532_aligned.jpg,4,happy,test,happy,/gpfs0/bgu-vilenchi/users/sdolev/Thesis/VLMs/data/raf-db/aligned/test_0532_aligned.jpg
test_0533,data/raf-db/aligned/test_0533_aligned.jpg,4,happy,test,happy,/gpfs0/bgu-vilenchi/users/sdolev/Thesis/VLMs/data/raf-db/aligned/test_0533_aligned.jpg
test_0534,data/raf-db/aligned/test_0534_aligned.jpg,4,happy,test,happy,/gpfs0/bgu-vilenchi/users/sdolev/Thesis/VLMs/data/raf-db/aligned/test_0534_aligned.jpg
test_0535,data/raf-db/aligned/test_0535_aligned.jpg,4,happy,test,happy,/gpfs0/bgu-vilenchi/users/sdolev/Thesis/VLMs/data/raf-db/aligned/test_0535_aligned.jpg
test_0536,data/raf-db/aligned/test_0536_aligned.jpg,4,happy,test,happy,/gpfs0/bgu-vilenchi/users/sdolev/Thesis/VLMs/data/raf-db/aligned/test_0536_aligned.jpg
test_0537,data/raf-db/aligned/test_0537_aligned.jpg,5,sad,test,sad,/gpfs0/bgu-vilenchi/users/sdolev/Thesis/VLMs/data/raf-db/aligned/test_0537_aligned.jpg
test_0538,data/raf-db/aligned/test_0538_aligned.jpg,4,happy,test,neutral,/gpfs0/bgu-vilenchi/users/sdolev/Thesis/VLMs/data/raf-db/aligned/test_0538_aligned.jpg
test_0539,data/raf-db/aligned/test_0539_aligned.jpg,4,happy,test,happy,/gpfs0/bgu-vilenchi/users/sdolev/Thesis/VLMs/data/raf-db/aligned/test_0539_aligned.jpg
test_0540,data/raf-db/aligned/test_0540_aligned.jpg,1,surprise,test,surprise,/gpfs0/bgu-vilenchi/users/sdolev/Thesis/VLMs/data/raf-db/aligned/test_0540_aligned.jpg
test_0541,data/raf-db/aligned/test_0541_aligned.jpg,5,sad,test,sad,/gpfs0/bgu-vilenchi/users/sdolev/Thesis/VLMs/data/raf-db/aligned/test_0541_aligned.jpg
test_0542,data/raf-db/aligned/test_0542_aligned.jpg,1,surprise,test,surprise,/gpfs0/bgu-vilenchi/users/sdolev/Thesis/VLMs/data/raf-db/aligned/test_0542_aligned.jpg
test_0543,data/raf-db/aligned/test_0543_aligned.jpg,4,happy,test,happy,/gpfs0/bgu-vilenchi/users/sdolev/Thesis/VLMs/data/raf-db/aligned/test_0543_aligned.jpg
test_0544,data/raf-db/aligned/test_0544_aligned.jpg,4,happy,test,happy,/gpfs0/bgu-vilenchi/users/sdolev/Thesis/VLMs/data/raf-db/aligned/test_0544_aligned.jpg
test_0545,data/raf-db/aligned/test_0545_aligned.jpg,4,happy,test,happy,/gpfs0/bgu-vilenchi/users/sdolev/Thesis/VLMs/data/raf-db/aligned/test_0545_aligned.jpg
test_0546,data/raf-db/aligned/test_0546_aligned.jpg,4,happy,test,happy,/gpfs0/bgu-vilenchi/users/sdolev/Thesis/VLMs/data/raf-db/aligned/test_0546_aligned.jpg
test_0547,data/raf-db/aligned/test_0547_aligned.jpg,4,happy,test,happy,/gpfs0/bgu-vilenchi/users/sdolev/Thesis/VLMs/data/raf-db/aligned/test_0547_aligned.jpg
test_0548,data/raf-db/aligned/test_0548_aligned.jpg,4,happy,test,happy,/gpfs0/bgu-vilenchi/users/sdolev/Thesis/VLMs/data/raf-db/aligned/test_0548_aligned.jpg
test_0549,data/raf-db/aligned/test_0549_aligned.jpg,4,happy,test,happy,/gpfs0/bgu-vilenchi/users/sdolev/Thesis/VLMs/data/raf-db/aligned/test_0549_aligned.jpg
test_0550,data/raf-db/aligned/test_0550_aligned.jpg,5,sad,test,sad,/gpfs0/bgu-vilenchi/users/sdolev/Thesis/VLMs/data/raf-db/aligned/test_0550_aligned.jpg
test_0551,data/raf-db/aligned/test_0551_aligned.jpg,6,angry,test,angry,/gpfs0/bgu-vilenchi/users/sdolev/Thesis/VLMs/data/raf-db/aligned/test_0551_aligned.jpg
test_0552,data/raf-db/aligned/test_0552_aligned.jpg,4,happy,test,happy,/gpfs0/bgu-vilenchi/users/sdolev/Thesis/VLMs/data/raf-db/aligned/test_0552_aligned.jpg
test_0553,data/raf-db/aligned/test_0553_aligned.jpg,4,happy,test,happy,/gpfs0/bgu-vilenchi/users/sdolev/Thesis/VLMs/data/raf-db/aligned/test_0553_aligned.jpg
test_0554,data/raf-db/aligned/test_0554_aligned.jpg,4,happy,test,happy,/gpfs0/bgu-vilenchi/users/sdolev/Thesis/VLMs/data/raf-db/aligned/test_0554_aligned.jpg
test_0555,data/raf-db/aligned/test_0555_aligned.jpg,4,happy,test,happy,/gpfs0/bgu-vilenchi/users/sdolev/Thesis/VLMs/data/raf-db/aligned/test_0555_aligned.jpg
test_0556,data/raf-db/aligned/test_0556_aligned.jpg,4,happy,test,happy,/gpfs0/bgu-vilenchi/users/sdolev/Thesis/VLMs/data/raf-db/aligned/test_0556_aligned.jpg
test_0557,data/raf-db/aligned/test_0557_aligned.jpg,4,happy,test,happy,/gpfs0/bgu-vilenchi/users/sdolev/Thesis/VLMs/data/raf-db/aligned/test_0557_aligned.jpg
test_0558,data/raf-db/aligned/test_0558_aligned.jpg,4,happy,test,happy,/gpfs0/bgu-vilenchi/users/sdolev/Thesis/VLMs/data/raf-db/aligned/test_0558_aligned.jpg
test_0559,data/raf-db/aligned/test_0559_aligned.jpg,4,happy,test,happy,/gpfs0/bgu-vilenchi/users/sdolev/Thesis/VLMs/data/raf-db/aligned/test_0559_aligned.jpg
test_0560,data/raf-db/aligned/test_0560_aligned.jpg,5,sad,test,sad,/gpfs0/bgu-vilenchi/users/sdolev/Thesis/VLMs/data/raf-db/aligned/test_0560_aligned.jpg
test_0561,data/raf-db/aligned/test_0561_aligned.jpg,4,happy,test,happy,/gpfs0/bgu-vilenchi/users/sdolev/Thesis/VLMs/data/raf-db/aligned/test_0561_aligned.jpg
test_0562,data/raf-db/aligned/test_0562_aligned.jpg,4,happy,test,happy,/gpfs0/bgu-vilenchi/users/sdolev/Thesis/VLMs/data/raf-db/aligned/test_0562_aligned.jpg
test_0563,data/raf-db/aligned/test_0563_aligned.jpg,4,happy,test,happy,/gpfs0/bgu-vilenchi/users/sdolev/Thesis/VLMs/data/raf-db/aligned/test_0563_aligned.jpg
test_0564,data/raf-db/aligned/test_0564_aligned.jpg,1,surprise,test,surprise,/gpfs0/bgu-vilenchi/users/sdolev/Thesis/VLMs/data/raf-db/aligned/test_0564_aligned.jpg
test_0565,data/raf-db/aligned/test_0565_aligned.jpg,4,happy,test,happy,/gpfs0/bgu-vilenchi/users/sdolev/Thesis/VLMs/data/raf-db/aligned/test_0565_aligned.jpg
test_0566,data/raf-db/aligned/test_0566_aligned.jpg,5,sad,test,sad,/gpfs0/bgu-vilenchi/users/sdolev/Thesis/VLMs/data/raf-db/aligned/test_0566_aligned.jpg
test_0567,data/raf-db/aligned/test_0567_aligned.jpg,4,happy,test,happy,/gpfs0/bgu-vilenchi/users/sdolev/Thesis/VLMs/data/raf-db/aligned/test_0567_aligned.jpg
test_0568,data/raf-db/aligned/test_0568_aligned.jpg,4,happy,test,happy,/gpfs0/bgu-vilenchi/users/sdolev/Thesis/VLMs/data/raf-db/aligned/test_0568_aligned.jpg
test_0569,data/raf-db/aligned/test_0569_aligned.jpg,4,happy,test,happy,/gpfs0/bgu-vilenchi/users/sdolev/Thesis/VLMs/data/raf-db/aligned/test_0569_aligned.jpg
test_0570,data/raf-db/aligned/test_0570_aligned.jpg,4,happy,test,happy,/gpfs0/bgu-vilenchi/users/sdolev/Thesis/VLMs/data/raf-db/aligned/test_0570_aligned.jpg
test_0571,data/raf-db/aligned/test_0571_aligned.jpg,4,happy,test,happy,/gpfs0/bgu-vilenchi/users/sdolev/Thesis/VLMs/data/raf-db/aligned/test_0571_aligned.jpg
test_0572,data/raf-db/aligned/test_0572_aligned.jpg,4,happy,test,happy,/gpfs0/bgu-vilenchi/users/sdolev/Thesis/VLMs/data/raf-db/aligned/test_0572_aligned.jpg
test_0573,data/raf-db/aligned/test_0573_aligned.jpg,4,happy,test,happy,/gpfs0/bgu-vilenchi/users/sdolev/Thesis/VLMs/data/raf-db/aligned/test_0573_aligned.jpg
test_0574,data/raf-db/aligned/test_0574_aligned.jpg,4,happy,test,happy,/gpfs0/bgu-vilenchi/users/sdolev/Thesis/VLMs/data/raf-db/aligned/test_0574_aligned.jpg
test_0575,data/raf-db/aligned/test_0575_aligned.jpg,4,happy,test,happy,/gpfs0/bgu-vilenchi/users/sdolev/Thesis/VLMs/data/raf-db/aligned/test_0575_aligned.jpg
test_0576,data/raf-db/aligned/test_0576_aligned.jpg,4,happy,test,happy,/gpfs0/bgu-vilenchi/users/sdolev/Thesis/VLMs/data/raf-db/aligned/test_0576_aligned.jpg
test_0577,data/raf-db/aligned/test_0577_aligned.jpg,1,surprise,test,surprise,/gpfs0/bgu-vilenchi/users/sdolev/Thesis/VLMs/data/raf-db/aligned/test_0577_aligned.jpg
test_0578,data/raf-db/aligned/test_0578_aligned.jpg,4,happy,test,happy,/gpfs0/bgu-vilenchi/users/sdolev/Thesis/VLMs/data/raf-db/aligned/test_0578_aligned.jpg
test_0579,data/raf-db/aligned/test_0579_aligned.jpg,4,happy,test,happy,/gpfs0/bgu-vilenchi/users/sdolev/Thesis/VLMs/data/raf-db/aligned/test_0579_aligned.jpg
test_0580,data/raf-db/aligned/test_0580_aligned.jpg,4,happy,test,happy,/gpfs0/bgu-vilenchi/users/sdolev/Thesis/VLMs/data/raf-db/aligned/test_0580_aligned.jpg
test_0581,data/raf-db/aligned/test_0581_aligned.jpg,4,happy,test,happy,/gpfs0/bgu-vilenchi/users/sdolev/Thesis/VLMs/data/raf-db/aligned/test_0581_aligned.jpg
test_0582,data/raf-db/aligned/test_0582_aligned.jpg,4,happy,test,surprise,/gpfs0/bgu-vilenchi/users/sdolev/Thesis/VLMs/data/raf-db/aligned/test_0582_aligned.jpg
test_0583,data/raf-db/aligned/test_0583_aligned.jpg,4,happy,test,happy,/gpfs0/bgu-vilenchi/users/sdolev/Thesis/VLMs/data/raf-db/aligned/test_0583_aligned.jpg
test_0584,data/raf-db/aligned/test_0584_aligned.jpg,4,happy,test,happy,/gpfs0/bgu-vilenchi/users/sdolev/Thesis/VLMs/data/raf-db/aligned/test_0584_aligned.jpg
test_0585,data/raf-db/aligned/test_0585_aligned.jpg,6,angry,test,angry,/gpfs0/bgu-vilenchi/users/sdolev/Thesis/VLMs/data/raf-db/aligned/test_0585_aligned.jpg
test_0586,data/raf-db/aligned/test_0586_aligned.jpg,4,happy,test,happy,/gpfs0/bgu-vilenchi/users/sdolev/Thesis/VLMs/data/raf-db/aligned/test_0586_aligned.jpg
test_0587,data/raf-db/aligned/test_0587_aligned.jpg,4,happy,test,happy,/gpfs0/bgu-vilenchi/users/sdolev/Thesis/VLMs/data/raf-db/aligned/test_0587_aligned.jpg
test_0588,data/raf-db/aligned/test_0588_aligned.jpg,4,happy,test,happy,/gpfs0/bgu-vilenchi/users/sdolev/Thesis/VLMs/data/raf-db/aligned/test_0588_aligned.jpg
test_0589,data/raf-db/aligned/test_0589_aligned.jpg,4,happy,test,happy,/gpfs0/bgu-vilenchi/users/sdolev/Thesis/VLMs/data/raf-db/aligned/test_0589_aligned.jpg
test_0590,data/raf-db/aligned/test_0590_aligned.jpg,4,happy,test,happy,/gpfs0/bgu-vilenchi/users/sdolev/Thesis/VLMs/data/raf-db/aligned/test_0590_aligned.jpg
test_0591,data/raf-db/aligned/test_0591_aligned.jpg,4,happy,test,happy,/gpfs0/bgu-vilenchi/users/sdolev/Thesis/VLMs/data/raf-db/aligned/test_0591_aligned.jpg
test_0592,data/raf-db/aligned/test_0592_aligned.jpg,4,happy,test,happy,/gpfs0/bgu-vilenchi/users/sdolev/Thesis/VLMs/data/raf-db/aligned/test_0592_aligned.jpg
test_0593,data/raf-db/aligned/test_0593_aligned.jpg,5,sad,test,sad,/gpfs0/bgu-vilenchi/users/sdolev/Thesis/VLMs/data/raf-db/aligned/test_0593_aligned.jpg
test_0594,data/raf-db/aligned/test_0594_aligned.jpg,4,happy,test,happy,/gpfs0/bgu-vilenchi/users/sdolev/Thesis/VLMs/data/raf-db/aligned/test_0594_aligned.jpg
test_0595,data/raf-db/aligned/test_0595_aligned.jpg,5,sad,test,sad,/gpfs0/bgu-vilenchi/users/sdolev/Thesis/VLMs/data/raf-db/aligned/test_0595_aligned.jpg
test_0596,data/raf-db/aligned/test_0596_aligned.jpg,4,happy,test,happy,/gpfs0/bgu-vilenchi/users/sdolev/Thesis/VLMs/data/raf-db/aligned/test_0596_aligned.jpg
test_0597,data/raf-db/aligned/test_0597_aligned.jpg,4,happy,test,happy,/gpfs0/bgu-vilenchi/users/sdolev/Thesis/VLMs/data/raf-db/aligned/test_0597_aligned.jpg
test_0598,data/raf-db/aligned/test_0598_aligned.jpg,5,sad,test,sad,/gpfs0/bgu-vilenchi/users/sdolev/Thesis/VLMs/data/raf-db/aligned/test_0598_aligned.jpg
test_0599,data/raf-db/aligned/test_0599_aligned.jpg,4,happy,test,happy,/gpfs0/bgu-vilenchi/users/sdolev/Thesis/VLMs/data/raf-db/aligned/test_0599_aligned.jpg
test_0600,data/raf-db/aligned/test_0600_aligned.jpg,4,happy,test,happy,/gpfs0/bgu-vilenchi/users/sdolev/Thesis/VLMs/data/raf-db/aligned/test_0600_aligned.jpg
test_0601,data/raf-db/aligned/test_0601_aligned.jpg,1,surprise,test,surprise,/gpfs0/bgu-vilenchi/users/sdolev/Thesis/VLMs/data/raf-db/aligned/test_0601_aligned.jpg
test_0602,data/raf-db/aligned/test_0602_aligned.jpg,4,happy,test,happy,/gpfs0/bgu-vilenchi/users/sdolev/Thesis/VLMs/data/raf-db/aligned/test_0602_aligned.jpg
test_0603,data/raf-db/aligned/test_0603_aligned.jpg,6,angry,test,angry,/gpfs0/bgu-vilenchi/users/sdolev/Thesis/VLMs/data/raf-db/aligned/test_0603_aligned.jpg
test_0604,data/raf-db/aligned/test_0604_aligned.jpg,4,happy,test,happy,/gpfs0/bgu-vilenchi/users/sdolev/Thesis/VLMs/data/raf-db/aligned/test_0604_aligned.jpg
test_0605,data/raf-db/aligned/test_0605_aligned.jpg,4,happy,test,neutral,/gpfs0/bgu-vilenchi/users/sdolev/Thesis/VLMs/data/raf-db/aligned/test_0605_aligned.jpg
test_0606,data/raf-db/aligned/test_0606_aligned.jpg,5,sad,test,sad,/gpfs0/bgu-vilenchi/users/sdolev/Thesis/VLMs/data/raf-db/aligned/test_0606_aligned.jpg
test_0607,data/raf-db/aligned/test_0607_aligned.jpg,4,happy,test,happy,/gpfs0/bgu-vilenchi/users/sdolev/Thesis/VLMs/data/raf-db/aligned/test_0607_aligned.jpg
test_0608,data/raf-db/aligned/test_0608_aligned.jpg,4,happy,test,happy,/gpfs0/bgu-vilenchi/users/sdolev/Thesis/VLMs/data/raf-db/aligned/test_0608_aligned.jpg
test_0609,data/raf-db/aligned/test_0609_aligned.jpg,4,happy,test,happy,/gpfs0/bgu-vilenchi/users/sdolev/Thesis/VLMs/data/raf-db/aligned/test_0609_aligned.jpg
test_0610,data/raf-db/aligned/test_0610_aligned.jpg,5,sad,test,sad,/gpfs0/bgu-vilenchi/users/sdolev/Thesis/VLMs/data/raf-db/aligned/test_0610_aligned.jpg
test_0611,data/raf-db/aligned/test_0611_aligned.jpg,4,happy,test,happy,/gpfs0/bgu-vilenchi/users/sdolev/Thesis/VLMs/data/raf-db/aligned/test_0611_aligned.jpg
test_0612,data/raf-db/aligned/test_0612_aligned.jpg,4,happy,test,happy,/gpfs0/bgu-vilenchi/users/sdolev/Thesis/VLMs/data/raf-db/aligned/test_0612_aligned.jpg
test_0613,data/raf-db/aligned/test_0613_aligned.jpg,4,happy,test,happy,/gpfs0/bgu-vilenchi/users/sdolev/Thesis/VLMs/data/raf-db/aligned/test_0613_aligned.jpg
test_0614,data/raf-db/aligned/test_0614_aligned.jpg,4,happy,test,happy,/gpfs0/bgu-vilenchi/users/sdolev/Thesis/VLMs/data/raf-db/aligned/test_0614_aligned.jpg
test_0615,data/raf-db/aligned/test_0615_aligned.jpg,4,happy,test,happy,/gpfs0/bgu-vilenchi/users/sdolev/Thesis/VLMs/data/raf-db/aligned/test_0615_aligned.jpg
test_0616,data/raf-db/aligned/test_0616_aligned.jpg,5,sad,test,sad,/gpfs0/bgu-vilenchi/users/sdolev/Thesis/VLMs/data/raf-db/aligned/test_0616_aligned.jpg
test_0617,data/raf-db/aligned/test_0617_aligned.jpg,4,happy,test,happy,/gpfs0/bgu-vilenchi/users/sdolev/Thesis/VLMs/data/raf-db/aligned/test_0617_aligned.jpg
test_0618,data/raf-db/aligned/test_0618_aligned.jpg,4,happy,test,happy,/gpfs0/bgu-vilenchi/users/sdolev/Thesis/VLMs/data/raf-db/aligned/test_0618_aligned.jpg
test_0619,data/raf-db/aligned/test_0619_aligned.jpg,4,happy,test,happy,/gpfs0/bgu-vilenchi/users/sdolev/Thesis/VLMs/data/raf-db/aligned/test_0619_aligned.jpg
test_0620,data/raf-db/aligned/test_0620_aligned.jpg,4,happy,test,happy,/gpfs0/bgu-vilenchi/users/sdolev/Thesis/VLMs/data/raf-db/aligned/test_0620_aligned.jpg
test_0621,data/raf-db/aligned/test_0621_aligned.jpg,4,happy,test,happy,/gpfs0/bgu-vilenchi/users/sdolev/Thesis/VLMs/data/raf-db/aligned/test_0621_aligned.jpg
test_0622,data/raf-db/aligned/test_0622_aligned.jpg,4,happy,test,happy,/gpfs0/bgu-vilenchi/users/sdolev/Thesis/VLMs/data/raf-db/aligned/test_0622_aligned.jpg
test_0623,data/raf-db/aligned/test_0623_aligned.jpg,2,fear,test,surprise,/gpfs0/bgu-vilenchi/users/sdolev/Thesis/VLMs/data/raf-db/aligned/test_0623_aligned.jpg
test_0624,data/raf-db/aligned/test_0624_aligned.jpg,1,surprise,test,surprise,/gpfs0/bgu-vilenchi/users/sdolev/Thesis/VLMs/data/raf-db/aligned/test_0624_aligned.jpg
test_0625,data/raf-db/aligned/test_0625_aligned.jpg,4,happy,test,happy,/gpfs0/bgu-vilenchi/users/sdolev/Thesis/VLMs/data/raf-db/aligned/test_0625_aligned.jpg
test_0626,data/raf-db/aligned/test_0626_aligned.jpg,4,happy,test,happy,/gpfs0/bgu-vilenchi/users/sdolev/Thesis/VLMs/data/raf-db/aligned/test_0626_aligned.jpg
test_0627,data/raf-db/aligned/test_0627_aligned.jpg,4,happy,test,happy,/gpfs0/bgu-vilenchi/users/sdolev/Thesis/VLMs/data/raf-db/aligned/test_0627_aligned.jpg
test_0628,data/raf-db/aligned/test_0628_aligned.jpg,4,happy,test,happy,/gpfs0/bgu-vilenchi/users/sdolev/Thesis/VLMs/data/raf-db/aligned/test_0628_aligned.jpg
test_0629,data/raf-db/aligned/test_0629_aligned.jpg,5,sad,test,sad,/gpfs0/bgu-vilenchi/users/sdolev/Thesis/VLMs/data/raf-db/aligned/test_0629_aligned.jpg
test_0630,data/raf-db/aligned/test_0630_aligned.jpg,4,happy,test,happy,/gpfs0/bgu-vilenchi/users/sdolev/Thesis/VLMs/data/raf-db/aligned/test_0630_aligned.jpg
test_0631,data/raf-db/aligned/test_0631_aligned.jpg,4,happy,test,happy,/gpfs0/bgu-vilenchi/users/sdolev/Thesis/VLMs/data/raf-db/aligned/test_0631_aligned.jpg
test_0632,data/raf-db/aligned/test_0632_aligned.jpg,4,happy,test,happy,/gpfs0/bgu-vilenchi/users/sdolev/Thesis/VLMs/data/raf-db/aligned/test_0632_aligned.jpg
test_0633,data/raf-db/aligned/test_0633_aligned.jpg,4,happy,test,happy,/gpfs0/bgu-vilenchi/users/sdolev/Thesis/VLMs/data/raf-db/aligned/test_0633_aligned.jpg
test_0634,data/raf-db/aligned/test_0634_aligned.jpg,4,happy,test,happy,/gpfs0/bgu-vilenchi/users/sdolev/Thesis/VLMs/data/raf-db/aligned/test_0634_aligned.jpg
test_0635,data/raf-db/aligned/test_0635_aligned.jpg,4,happy,test,happy,/gpfs0/bgu-vilenchi/users/sdolev/Thesis/VLMs/data/raf-db/aligned/test_0635_aligned.jpg
test_0636,data/raf-db/aligned/test_0636_aligned.jpg,4,happy,test,happy,/gpfs0/bgu-vilenchi/users/sdolev/Thesis/VLMs/data/raf-db/aligned/test_0636_aligned.jpg
test_0637,data/raf-db/aligned/test_0637_aligned.jpg,4,happy,test,happy,/gpfs0/bgu-vilenchi/users/sdolev/Thesis/VLMs/data/raf-db/aligned/test_0637_aligned.jpg
test_0638,data/raf-db/aligned/test_0638_aligned.jpg,4,happy,test,happy,/gpfs0/bgu-vilenchi/users/sdolev/Thesis/VLMs/data/raf-db/aligned/test_0638_aligned.jpg
test_0639,data/raf-db/aligned/test_0639_aligned.jpg,3,disgust,test,angry,/gpfs0/bgu-vilenchi/users/sdolev/Thesis/VLMs/data/raf-db/aligned/test_0639_aligned.jpg
test_0640,data/raf-db/aligned/test_0640_aligned.jpg,3,disgust,test,surprise,/gpfs0/bgu-vilenchi/users/sdolev/Thesis/VLMs/data/raf-db/aligned/test_0640_aligned.jpg
test_0641,data/raf-db/aligned/test_0641_aligned.jpg,4,happy,test,happy,/gpfs0/bgu-vilenchi/users/sdolev/Thesis/VLMs/data/raf-db/aligned/test_0641_aligned.jpg
test_0642,data/raf-db/aligned/test_0642_aligned.jpg,4,happy,test,happy,/gpfs0/bgu-vilenchi/users/sdolev/Thesis/VLMs/data/raf-db/aligned/test_0642_aligned.jpg
test_0643,data/raf-db/aligned/test_0643_aligned.jpg,4,happy,test,happy,/gpfs0/bgu-vilenchi/users/sdolev/Thesis/VLMs/data/raf-db/aligned/test_0643_aligned.jpg
test_0644,data/raf-db/aligned/test_0644_aligned.jpg,1,surprise,test,surprise,/gpfs0/bgu-vilenchi/users/sdolev/Thesis/VLMs/data/raf-db/aligned/test_0644_aligned.jpg
test_0645,data/raf-db/aligned/test_0645_aligned.jpg,4,happy,test,happy,/gpfs0/bgu-vilenchi/users/sdolev/Thesis/VLMs/data/raf-db/aligned/test_0645_aligned.jpg
test_0646,data/raf-db/aligned/test_0646_aligned.jpg,4,happy,test,happy,/gpfs0/bgu-vilenchi/users/sdolev/Thesis/VLMs/data/raf-db/aligned/test_0646_aligned.jpg
test_0647,data/raf-db/aligned/test_0647_aligned.jpg,4,happy,test,happy,/gpfs0/bgu-vilenchi/users/sdolev/Thesis/VLMs/data/raf-db/aligned/test_0647_aligned.jpg
test_0648,data/raf-db/aligned/test_0648_aligned.jpg,4,happy,test,happy,/gpfs0/bgu-vilenchi/users/sdolev/Thesis/VLMs/data/raf-db/aligned/test_0648_aligned.jpg
test_0649,data/raf-db/aligned/test_0649_aligned.jpg,4,happy,test,happy,/gpfs0/bgu-vilenchi/users/sdolev/Thesis/VLMs/data/raf-db/aligned/test_0649_aligned.jpg
test_0650,data/raf-db/aligned/test_0650_aligned.jpg,4,happy,test,happy,/gpfs0/bgu-vilenchi/users/sdolev/Thesis/VLMs/data/raf-db/aligned/test_0650_aligned.jpg
test_0651,data/raf-db/aligned/test_0651_aligned.jpg,4,happy,test,happy,/gpfs0/bgu-vilenchi/users/sdolev/Thesis/VLMs/data/raf-db/aligned/test_0651_aligned.jpg
test_0652,data/raf-db/aligned/test_0652_aligned.jpg,1,surprise,test,surprise,/gpfs0/bgu-vilenchi/users/sdolev/Thesis/VLMs/data/raf-db/aligned/test_0652_aligned.jpg
test_0653,data/raf-db/aligned/test_0653_aligned.jpg,4,happy,test,happy,/gpfs0/bgu-vilenchi/users/sdolev/Thesis/VLMs/data/raf-db/aligned/test_0653_aligned.jpg
test_0654,data/raf-db/aligned/test_0654_aligned.jpg,4,happy,test,happy,/gpfs0/bgu-vilenchi/users/sdolev/Thesis/VLMs/data/raf-db/aligned/test_0654_aligned.jpg
test_0655,data/raf-db/aligned/test_0655_aligned.jpg,5,sad,test,sad,/gpfs0/bgu-vilenchi/users/sdolev/Thesis/VLMs/data/raf-db/aligned/test_0655_aligned.jpg
test_0656,data/raf-db/aligned/test_0656_aligned.jpg,6,angry,test,angry,/gpfs0/bgu-vilenchi/users/sdolev/Thesis/VLMs/data/raf-db/aligned/test_0656_aligned.jpg
test_0657,data/raf-db/aligned/test_0657_aligned.jpg,4,happy,test,happy,/gpfs0/bgu-vilenchi/users/sdolev/Thesis/VLMs/data/raf-db/aligned/test_0657_aligned.jpg
test_0658,data/raf-db/aligned/test_0658_aligned.jpg,4,happy,test,happy,/gpfs0/bgu-vilenchi/users/sdolev/Thesis/VLMs/data/raf-db/aligned/test_0658_aligned.jpg
test_0659,data/raf-db/aligned/test_0659_aligned.jpg,1,surprise,test,surprise,/gpfs0/bgu-vilenchi/users/sdolev/Thesis/VLMs/data/raf-db/aligned/test_0659_aligned.jpg
test_0660,data/raf-db/aligned/test_0660_aligned.jpg,4,happy,test,happy,/gpfs0/bgu-vilenchi/users/sdolev/Thesis/VLMs/data/raf-db/aligned/test_0660_aligned.jpg
test_0661,data/raf-db/aligned/test_0661_aligned.jpg,4,happy,test,happy,/gpfs0/bgu-vilenchi/users/sdolev/Thesis/VLMs/data/raf-db/aligned/test_0661_aligned.jpg
test_0662,data/raf-db/aligned/test_0662_aligned.jpg,4,happy,test,happy,/gpfs0/bgu-vilenchi/users/sdolev/Thesis/VLMs/data/raf-db/aligned/test_0662_aligned.jpg
test_0663,data/raf-db/aligned/test_0663_aligned.jpg,4,happy,test,happy,/gpfs0/bgu-vilenchi/users/sdolev/Thesis/VLMs/data/raf-db/aligned/test_0663_aligned.jpg
test_0664,data/raf-db/aligned/test_0664_aligned.jpg,4,happy,test,happy,/gpfs0/bgu-vilenchi/users/sdolev/Thesis/VLMs/data/raf-db/aligned/test_0664_aligned.jpg
test_0665,data/raf-db/aligned/test_0665_aligned.jpg,4,happy,test,happy,/gpfs0/bgu-vilenchi/users/sdolev/Thesis/VLMs/data/raf-db/aligned/test_0665_aligned.jpg
test_0666,data/raf-db/aligned/test_0666_aligned.jpg,4,happy,test,happy,/gpfs0/bgu-vilenchi/users/sdolev/Thesis/VLMs/data/raf-db/aligned/test_0666_aligned.jpg
test_0667,data/raf-db/aligned/test_0667_aligned.jpg,4,happy,test,happy,/gpfs0/bgu-vilenchi/users/sdolev/Thesis/VLMs/data/raf-db/aligned/test_0667_aligned.jpg
test_0668,data/raf-db/aligned/test_0668_aligned.jpg,4,happy,test,happy,/gpfs0/bgu-vilenchi/users/sdolev/Thesis/VLMs/data/raf-db/aligned/test_0668_aligned.jpg
test_0669,data/raf-db/aligned/test_0669_aligned.jpg,4,happy,test,happy,/gpfs0/bgu-vilenchi/users/sdolev/Thesis/VLMs/data/raf-db/aligned/test_0669_aligned.jpg
test_0670,data/raf-db/aligned/test_0670_aligned.jpg,4,happy,test,happy,/gpfs0/bgu-vilenchi/users/sdolev/Thesis/VLMs/data/raf-db/aligned/test_0670_aligned.jpg
test_0671,data/raf-db/aligned/test_0671_aligned.jpg,1,surprise,test,surprise,/gpfs0/bgu-vilenchi/users/sdolev/Thesis/VLMs/data/raf-db/aligned/test_0671_aligned.jpg
test_0672,data/raf-db/aligned/test_0672_aligned.jpg,4,happy,test,happy,/gpfs0/bgu-vilenchi/users/sdolev/Thesis/VLMs/data/raf-db/aligned/test_0672_aligned.jpg
test_0673,data/raf-db/aligned/test_0673_aligned.jpg,4,happy,test,happy,/gpfs0/bgu-vilenchi/users/sdolev/Thesis/VLMs/data/raf-db/aligned/test_0673_aligned.jpg
test_0674,data/raf-db/aligned/test_0674_aligned.jpg,1,surprise,test,surprise,/gpfs0/bgu-vilenchi/users/sdolev/Thesis/VLMs/data/raf-db/aligned/test_0674_aligned.jpg
test_0675,data/raf-db/aligned/test_0675_aligned.jpg,1,surprise,test,surprise,/gpfs0/bgu-vilenchi/users/sdolev/Thesis/VLMs/data/raf-db/aligned/test_0675_aligned.jpg
test_0676,data/raf-db/aligned/test_0676_aligned.jpg,4,happy,test,happy,/gpfs0/bgu-vilenchi/users/sdolev/Thesis/VLMs/data/raf-db/aligned/test_0676_aligned.jpg
test_0677,data/raf-db/aligned/test_0677_aligned.jpg,4,happy,test,happy,/gpfs0/bgu-vilenchi/users/sdolev/Thesis/VLMs/data/raf-db/aligned/test_0677_aligned.jpg
test_0678,data/raf-db/aligned/test_0678_aligned.jpg,6,angry,test,surprise,/gpfs0/bgu-vilenchi/users/sdolev/Thesis/VLMs/data/raf-db/aligned/test_0678_aligned.jpg
test_0679,data/raf-db/aligned/test_0679_aligned.jpg,1,surprise,test,surprise,/gpfs0/bgu-vilenchi/users/sdolev/Thesis/VLMs/data/raf-db/aligned/test_0679_aligned.jpg
test_0680,data/raf-db/aligned/test_0680_aligned.jpg,4,happy,test,happy,/gpfs0/bgu-vilenchi/users/sdolev/Thesis/VLMs/data/raf-db/aligned/test_0680_aligned.jpg
test_0681,data/raf-db/aligned/test_0681_aligned.jpg,4,happy,test,happy,/gpfs0/bgu-vilenchi/users/sdolev/Thesis/VLMs/data/raf-db/aligned/test_0681_aligned.jpg
test_0682,data/raf-db/aligned/test_0682_aligned.jpg,4,happy,test,happy,/gpfs0/bgu-vilenchi/users/sdolev/Thesis/VLMs/data/raf-db/aligned/test_0682_aligned.jpg
test_0683,data/raf-db/aligned/test_0683_aligned.jpg,4,happy,test,happy,/gpfs0/bgu-vilenchi/users/sdolev/Thesis/VLMs/data/raf-db/aligned/test_0683_aligned.jpg
test_0684,data/raf-db/aligned/test_0684_aligned.jpg,1,surprise,test,surprise,/gpfs0/bgu-vilenchi/users/sdolev/Thesis/VLMs/data/raf-db/aligned/test_0684_aligned.jpg
test_0685,data/raf-db/aligned/test_0685_aligned.jpg,4,happy,test,happy,/gpfs0/bgu-vilenchi/users/sdolev/Thesis/VLMs/data/raf-db/aligned/test_0685_aligned.jpg
test_0686,data/raf-db/aligned/test_0686_aligned.jpg,1,surprise,test,surprise,/gpfs0/bgu-vilenchi/users/sdolev/Thesis/VLMs/data/raf-db/aligned/test_0686_aligned.jpg
test_0687,data/raf-db/aligned/test_0687_aligned.jpg,5,sad,test,sad,/gpfs0/bgu-vilenchi/users/sdolev/Thesis/VLMs/data/raf-db/aligned/test_0687_aligned.jpg
test_0688,data/raf-db/aligned/test_0688_aligned.jpg,4,happy,test,happy,/gpfs0/bgu-vilenchi/users/sdolev/Thesis/VLMs/data/raf-db/aligned/test_0688_aligned.jpg
test_0689,data/raf-db/aligned/test_0689_aligned.jpg,1,surprise,test,surprise,/gpfs0/bgu-vilenchi/users/sdolev/Thesis/VLMs/data/raf-db/aligned/test_0689_aligned.jpg
test_0690,data/raf-db/aligned/test_0690_aligned.jpg,4,happy,test,happy,/gpfs0/bgu-vilenchi/users/sdolev/Thesis/VLMs/data/raf-db/aligned/test_0690_aligned.jpg
test_0691,data/raf-db/aligned/test_0691_aligned.jpg,5,sad,test,sad,/gpfs0/bgu-vilenchi/users/sdolev/Thesis/VLMs/data/raf-db/aligned/test_0691_aligned.jpg
test_0692,data/raf-db/aligned/test_0692_aligned.jpg,4,happy,test,happy,/gpfs0/bgu-vilenchi/users/sdolev/Thesis/VLMs/data/raf-db/aligned/test_0692_aligned.jpg
test_0693,data/raf-db/aligned/test_0693_aligned.jpg,4,happy,test,happy,/gpfs0/bgu-vilenchi/users/sdolev/Thesis/VLMs/data/raf-db/aligned/test_0693_aligned.jpg
test_0694,data/raf-db/aligned/test_0694_aligned.jpg,1,surprise,test,surprise,/gpfs0/bgu-vilenchi/users/sdolev/Thesis/VLMs/data/raf-db/aligned/test_0694_aligned.jpg
test_0695,data/raf-db/aligned/test_0695_aligned.jpg,1,surprise,test,happy,/gpfs0/bgu-vilenchi/users/sdolev/Thesis/VLMs/data/raf-db/aligned/test_0695_aligned.jpg
test_0696,data/raf-db/aligned/test_0696_aligned.jpg,4,happy,test,happy,/gpfs0/bgu-vilenchi/users/sdolev/Thesis/VLMs/data/raf-db/aligned/test_0696_aligned.jpg
test_0697,data/raf-db/aligned/test_0697_aligned.jpg,4,happy,test,happy,/gpfs0/bgu-vilenchi/users/sdolev/Thesis/VLMs/data/raf-db/aligned/test_0697_aligned.jpg
test_0698,data/raf-db/aligned/test_0698_aligned.jpg,4,happy,test,happy,/gpfs0/bgu-vilenchi/users/sdolev/Thesis/VLMs/data/raf-db/aligned/test_0698_aligned.jpg
test_0699,data/raf-db/aligned/test_0699_aligned.jpg,4,happy,test,happy,/gpfs0/bgu-vilenchi/users/sdolev/Thesis/VLMs/data/raf-db/aligned/test_0699_aligned.jpg
test_0700,data/raf-db/aligned/test_0700_aligned.jpg,4,happy,test,happy,/gpfs0/bgu-vilenchi/users/sdolev/Thesis/VLMs/data/raf-db/aligned/test_0700_aligned.jpg
test_0701,data/raf-db/aligned/test_0701_aligned.jpg,4,happy,test,happy,/gpfs0/bgu-vilenchi/users/sdolev/Thesis/VLMs/data/raf-db/aligned/test_0701_aligned.jpg
test_0702,data/raf-db/aligned/test_0702_aligned.jpg,4,happy,test,happy,/gpfs0/bgu-vilenchi/users/sdolev/Thesis/VLMs/data/raf-db/aligned/test_0702_aligned.jpg
test_0703,data/raf-db/aligned/test_0703_aligned.jpg,4,happy,test,happy,/gpfs0/bgu-vilenchi/users/sdolev/Thesis/VLMs/data/raf-db/aligned/test_0703_aligned.jpg
test_0704,data/raf-db/aligned/test_0704_aligned.jpg,4,happy,test,happy,/gpfs0/bgu-vilenchi/users/sdolev/Thesis/VLMs/data/raf-db/aligned/test_0704_aligned.jpg
test_0705,data/raf-db/aligned/test_0705_aligned.jpg,4,happy,test,happy,/gpfs0/bgu-vilenchi/users/sdolev/Thesis/VLMs/data/raf-db/aligned/test_0705_aligned.jpg
test_0706,data/raf-db/aligned/test_0706_aligned.jpg,1,surprise,test,surprise,/gpfs0/bgu-vilenchi/users/sdolev/Thesis/VLMs/data/raf-db/aligned/test_0706_aligned.jpg
test_0707,data/raf-db/aligned/test_0707_aligned.jpg,4,happy,test,surprise,/gpfs0/bgu-vilenchi/users/sdolev/Thesis/VLMs/data/raf-db/aligned/test_0707_aligned.jpg
test_0708,data/raf-db/aligned/test_0708_aligned.jpg,4,happy,test,happy,/gpfs0/bgu-vilenchi/users/sdolev/Thesis/VLMs/data/raf-db/aligned/test_0708_aligned.jpg
test_0709,data/raf-db/aligned/test_0709_aligned.jpg,4,happy,test,happy,/gpfs0/bgu-vilenchi/users/sdolev/Thesis/VLMs/data/raf-db/aligned/test_0709_aligned.jpg
test_0710,data/raf-db/aligned/test_0710_aligned.jpg,4,happy,test,happy,/gpfs0/bgu-vilenchi/users/sdolev/Thesis/VLMs/data/raf-db/aligned/test_0710_aligned.jpg
test_0711,data/raf-db/aligned/test_0711_aligned.jpg,4,happy,test,happy,/gpfs0/bgu-vilenchi/users/sdolev/Thesis/VLMs/data/raf-db/aligned/test_0711_aligned.jpg
test_0712,data/raf-db/aligned/test_0712_aligned.jpg,4,happy,test,happy,/gpfs0/bgu-vilenchi/users/sdolev/Thesis/VLMs/data/raf-db/aligned/test_0712_aligned.jpg
test_0713,data/raf-db/aligned/test_0713_aligned.jpg,4,happy,test,happy,/gpfs0/bgu-vilenchi/users/sdolev/Thesis/VLMs/data/raf-db/aligned/test_0713_aligned.jpg
test_0714,data/raf-db/aligned/test_0714_aligned.jpg,4,happy,test,happy,/gpfs0/bgu-vilenchi/users/sdolev/Thesis/VLMs/data/raf-db/aligned/test_0714_aligned.jpg
test_0715,data/raf-db/aligned/test_0715_aligned.jpg,4,happy,test,happy,/gpfs0/bgu-vilenchi/users/sdolev/Thesis/VLMs/data/raf-db/aligned/test_0715_aligned.jpg
test_0716,data/raf-db/aligned/test_0716_aligned.jpg,5,sad,test,sad,/gpfs0/bgu-vilenchi/users/sdolev/Thesis/VLMs/data/raf-db/aligned/test_0716_aligned.jpg
test_0717,data/raf-db/aligned/test_0717_aligned.jpg,4,happy,test,happy,/gpfs0/bgu-vilenchi/users/sdolev/Thesis/VLMs/data/raf-db/aligned/test_0717_aligned.jpg
test_0718,data/raf-db/aligned/test_0718_aligned.jpg,4,happy,test,happy,/gpfs0/bgu-vilenchi/users/sdolev/Thesis/VLMs/data/raf-db/aligned/test_0718_aligned.jpg
test_0719,data/raf-db/aligned/test_0719_aligned.jpg,5,sad,test,happy,/gpfs0/bgu-vilenchi/users/sdolev/Thesis/VLMs/data/raf-db/aligned/test_0719_aligned.jpg
test_0720,data/raf-db/aligned/test_0720_aligned.jpg,4,happy,test,happy,/gpfs0/bgu-vilenchi/users/sdolev/Thesis/VLMs/data/raf-db/aligned/test_0720_aligned.jpg
test_0721,data/raf-db/aligned/test_0721_aligned.jpg,5,sad,test,sad,/gpfs0/bgu-vilenchi/users/sdolev/Thesis/VLMs/data/raf-db/aligned/test_0721_aligned.jpg
test_0722,data/raf-db/aligned/test_0722_aligned.jpg,1,surprise,test,surprise,/gpfs0/bgu-vilenchi/users/sdolev/Thesis/VLMs/data/raf-db/aligned/test_0722_aligned.jpg
test_0723,data/raf-db/aligned/test_0723_aligned.jpg,4,happy,test,happy,/gpfs0/bgu-vilenchi/users/sdolev/Thesis/VLMs/data/raf-db/aligned/test_0723_aligned.jpg
test_0724,data/raf-db/aligned/test_0724_aligned.jpg,4,happy,test,happy,/gpfs0/bgu-vilenchi/users/sdolev/Thesis/VLMs/data/raf-db/aligned/test_0724_aligned.jpg
test_0725,data/raf-db/aligned/test_0725_aligned.jpg,4,happy,test,happy,/gpfs0/bgu-vilenchi/users/sdolev/Thesis/VLMs/data/raf-db/aligned/test_0725_aligned.jpg
test_0726,data/raf-db/aligned/test_0726_aligned.jpg,4,happy,test,happy,/gpfs0/bgu-vilenchi/users/sdolev/Thesis/VLMs/data/raf-db/aligned/test_0726_aligned.jpg
test_0727,data/raf-db/aligned/test_0727_aligned.jpg,4,happy,test,happy,/gpfs0/bgu-vilenchi/users/sdolev/Thesis/VLMs/data/raf-db/aligned/test_0727_aligned.jpg
test_0728,data/raf-db/aligned/test_0728_aligned.jpg,4,happy,test,happy,/gpfs0/bgu-vilenchi/users/sdolev/Thesis/VLMs/data/raf-db/aligned/test_0728_aligned.jpg
test_0729,data/raf-db/aligned/test_0729_aligned.jpg,4,happy,test,happy,/gpfs0/bgu-vilenchi/users/sdolev/Thesis/VLMs/data/raf-db/aligned/test_0729_aligned.jpg
test_0730,data/raf-db/aligned/test_0730_aligned.jpg,4,happy,test,happy,/gpfs0/bgu-vilenchi/users/sdolev/Thesis/VLMs/data/raf-db/aligned/test_0730_aligned.jpg
test_0731,data/raf-db/aligned/test_0731_aligned.jpg,1,surprise,test,surprise,/gpfs0/bgu-vilenchi/users/sdolev/Thesis/VLMs/data/raf-db/aligned/test_0731_aligned.jpg
test_0732,data/raf-db/aligned/test_0732_aligned.jpg,4,happy,test,happy,/gpfs0/bgu-vilenchi/users/sdolev/Thesis/VLMs/data/raf-db/aligned/test_0732_aligned.jpg
test_0733,data/raf-db/aligned/test_0733_aligned.jpg,4,happy,test,happy,/gpfs0/bgu-vilenchi/users/sdolev/Thesis/VLMs/data/raf-db/aligned/test_0733_aligned.jpg
test_0734,data/raf-db/aligned/test_0734_aligned.jpg,3,disgust,test,neutral,/gpfs0/bgu-vilenchi/users/sdolev/Thesis/VLMs/data/raf-db/aligned/test_0734_aligned.jpg
test_0735,data/raf-db/aligned/test_0735_aligned.jpg,4,happy,test,happy,/gpfs0/bgu-vilenchi/users/sdolev/Thesis/VLMs/data/raf-db/aligned/test_0735_aligned.jpg
test_0736,data/raf-db/aligned/test_0736_aligned.jpg,5,sad,test,sad,/gpfs0/bgu-vilenchi/users/sdolev/Thesis/VLMs/data/raf-db/aligned/test_0736_aligned.jpg
test_0737,data/raf-db/aligned/test_0737_aligned.jpg,4,happy,test,happy,/gpfs0/bgu-vilenchi/users/sdolev/Thesis/VLMs/data/raf-db/aligned/test_0737_aligned.jpg
test_0738,data/raf-db/aligned/test_0738_aligned.jpg,5,sad,test,sad,/gpfs0/bgu-vilenchi/users/sdolev/Thesis/VLMs/data/raf-db/aligned/test_0738_aligned.jpg
test_0739,data/raf-db/aligned/test_0739_aligned.jpg,4,happy,test,happy,/gpfs0/bgu-vilenchi/users/sdolev/Thesis/VLMs/data/raf-db/aligned/test_0739_aligned.jpg
test_0740,data/raf-db/aligned/test_0740_aligned.jpg,4,happy,test,happy,/gpfs0/bgu-vilenchi/users/sdolev/Thesis/VLMs/data/raf-db/aligned/test_0740_aligned.jpg
test_0741,data/raf-db/aligned/test_0741_aligned.jpg,4,happy,test,happy,/gpfs0/bgu-vilenchi/users/sdolev/Thesis/VLMs/data/raf-db/aligned/test_0741_aligned.jpg
test_0742,data/raf-db/aligned/test_0742_aligned.jpg,4,happy,test,happy,/gpfs0/bgu-vilenchi/users/sdolev/Thesis/VLMs/data/raf-db/aligned/test_0742_aligned.jpg
test_0743,data/raf-db/aligned/test_0743_aligned.jpg,4,happy,test,happy,/gpfs0/bgu-vilenchi/users/sdolev/Thesis/VLMs/data/raf-db/aligned/test_0743_aligned.jpg
test_0744,data/raf-db/aligned/test_0744_aligned.jpg,4,happy,test,happy,/gpfs0/bgu-vilenchi/users/sdolev/Thesis/VLMs/data/raf-db/aligned/test_0744_aligned.jpg
test_0745,data/raf-db/aligned/test_0745_aligned.jpg,4,happy,test,happy,/gpfs0/bgu-vilenchi/users/sdolev/Thesis/VLMs/data/raf-db/aligned/test_0745_aligned.jpg
test_0746,data/raf-db/aligned/test_0746_aligned.jpg,4,happy,test,happy,/gpfs0/bgu-vilenchi/users/sdolev/Thesis/VLMs/data/raf-db/aligned/test_0746_aligned.jpg
test_0747,data/raf-db/aligned/test_0747_aligned.jpg,4,happy,test,happy,/gpfs0/bgu-vilenchi/users/sdolev/Thesis/VLMs/data/raf-db/aligned/test_0747_aligned.jpg
test_0748,data/raf-db/aligned/test_0748_aligned.jpg,6,angry,test,neutral,/gpfs0/bgu-vilenchi/users/sdolev/Thesis/VLMs/data/raf-db/aligned/test_0748_aligned.jpg
test_0749,data/raf-db/aligned/test_0749_aligned.jpg,4,happy,test,happy,/gpfs0/bgu-vilenchi/users/sdolev/Thesis/VLMs/data/raf-db/aligned/test_0749_aligned.jpg
test_0750,data/raf-db/aligned/test_0750_aligned.jpg,4,happy,test,happy,/gpfs0/bgu-vilenchi/users/sdolev/Thesis/VLMs/data/raf-db/aligned/test_0750_aligned.jpg
test_0751,data/raf-db/aligned/test_0751_aligned.jpg,4,happy,test,happy,/gpfs0/bgu-vilenchi/users/sdolev/Thesis/VLMs/data/raf-db/aligned/test_0751_aligned.jpg
test_0752,data/raf-db/aligned/test_0752_aligned.jpg,4,happy,test,happy,/gpfs0/bgu-vilenchi/users/sdolev/Thesis/VLMs/data/raf-db/aligned/test_0752_aligned.jpg
test_0753,data/raf-db/aligned/test_0753_aligned.jpg,4,happy,test,happy,/gpfs0/bgu-vilenchi/users/sdolev/Thesis/VLMs/data/raf-db/aligned/test_0753_aligned.jpg
test_0754,data/raf-db/aligned/test_0754_aligned.jpg,1,surprise,test,surprise,/gpfs0/bgu-vilenchi/users/sdolev/Thesis/VLMs/data/raf-db/aligned/test_0754_aligned.jpg
test_0755,data/raf-db/aligned/test_0755_aligned.jpg,4,happy,test,happy,/gpfs0/bgu-vilenchi/users/sdolev/Thesis/VLMs/data/raf-db/aligned/test_0755_aligned.jpg
test_0756,data/raf-db/aligned/test_0756_aligned.jpg,4,happy,test,happy,/gpfs0/bgu-vilenchi/users/sdolev/Thesis/VLMs/data/raf-db/aligned/test_0756_aligned.jpg
test_0757,data/raf-db/aligned/test_0757_aligned.jpg,4,happy,test,happy,/gpfs0/bgu-vilenchi/users/sdolev/Thesis/VLMs/data/raf-db/aligned/test_0757_aligned.jpg
test_0758,data/raf-db/aligned/test_0758_aligned.jpg,4,happy,test,happy,/gpfs0/bgu-vilenchi/users/sdolev/Thesis/VLMs/data/raf-db/aligned/test_0758_aligned.jpg
test_0759,data/raf-db/aligned/test_0759_aligned.jpg,4,happy,test,happy,/gpfs0/bgu-vilenchi/users/sdolev/Thesis/VLMs/data/raf-db/aligned/test_0759_aligned.jpg
test_0760,data/raf-db/aligned/test_0760_aligned.jpg,4,happy,test,happy,/gpfs0/bgu-vilenchi/users/sdolev/Thesis/VLMs/data/raf-db/aligned/test_0760_aligned.jpg
test_0761,data/raf-db/aligned/test_0761_aligned.jpg,1,surprise,test,surprise,/gpfs0/bgu-vilenchi/users/sdolev/Thesis/VLMs/data/raf-db/aligned/test_0761_aligned.jpg
test_0762,data/raf-db/aligned/test_0762_aligned.jpg,1,surprise,test,neutral,/gpfs0/bgu-vilenchi/users/sdolev/Thesis/VLMs/data/raf-db/aligned/test_0762_aligned.jpg
test_0763,data/raf-db/aligned/test_0763_aligned.jpg,4,happy,test,happy,/gpfs0/bgu-vilenchi/users/sdolev/Thesis/VLMs/data/raf-db/aligned/test_0763_aligned.jpg
test_0764,data/raf-db/aligned/test_0764_aligned.jpg,1,surprise,test,surprise,/gpfs0/bgu-vilenchi/users/sdolev/Thesis/VLMs/data/raf-db/aligned/test_0764_aligned.jpg
test_0765,data/raf-db/aligned/test_0765_aligned.jpg,5,sad,test,sad,/gpfs0/bgu-vilenchi/users/sdolev/Thesis/VLMs/data/raf-db/aligned/test_0765_aligned.jpg
test_0766,data/raf-db/aligned/test_0766_aligned.jpg,1,surprise,test,surprise,/gpfs0/bgu-vilenchi/users/sdolev/Thesis/VLMs/data/raf-db/aligned/test_0766_aligned.jpg
test_0767,data/raf-db/aligned/test_0767_aligned.jpg,4,happy,test,happy,/gpfs0/bgu-vilenchi/users/sdolev/Thesis/VLMs/data/raf-db/aligned/test_0767_aligned.jpg
test_0768,data/raf-db/aligned/test_0768_aligned.jpg,4,happy,test,happy,/gpfs0/bgu-vilenchi/users/sdolev/Thesis/VLMs/data/raf-db/aligned/test_0768_aligned.jpg
test_0769,data/raf-db/aligned/test_0769_aligned.jpg,4,happy,test,happy,/gpfs0/bgu-vilenchi/users/sdolev/Thesis/VLMs/data/raf-db/aligned/test_0769_aligned.jpg
test_0770,data/raf-db/aligned/test_0770_aligned.jpg,5,sad,test,sad,/gpfs0/bgu-vilenchi/users/sdolev/Thesis/VLMs/data/raf-db/aligned/test_0770_aligned.jpg
test_0771,data/raf-db/aligned/test_0771_aligned.jpg,4,happy,test,happy,/gpfs0/bgu-vilenchi/users/sdolev/Thesis/VLMs/data/raf-db/aligned/test_0771_aligned.jpg
test_0772,data/raf-db/aligned/test_0772_aligned.jpg,5,sad,test,angry,/gpfs0/bgu-vilenchi/users/sdolev/Thesis/VLMs/data/raf-db/aligned/test_0772_aligned.jpg
test_0773,data/raf-db/aligned/test_0773_aligned.jpg,4,happy,test,happy,/gpfs0/bgu-vilenchi/users/sdolev/Thesis/VLMs/data/raf-db/aligned/test_0773_aligned.jpg
test_0774,data/raf-db/aligned/test_0774_aligned.jpg,3,disgust,test,surprise,/gpfs0/bgu-vilenchi/users/sdolev/Thesis/VLMs/data/raf-db/aligned/test_0774_aligned.jpg
test_0775,data/raf-db/aligned/test_0775_aligned.jpg,4,happy,test,happy,/gpfs0/bgu-vilenchi/users/sdolev/Thesis/VLMs/data/raf-db/aligned/test_0775_aligned.jpg
test_0776,data/raf-db/aligned/test_0776_aligned.jpg,4,happy,test,happy,/gpfs0/bgu-vilenchi/users/sdolev/Thesis/VLMs/data/raf-db/aligned/test_0776_aligned.jpg
test_0777,data/raf-db/aligned/test_0777_aligned.jpg,1,surprise,test,surprise,/gpfs0/bgu-vilenchi/users/sdolev/Thesis/VLMs/data/raf-db/aligned/test_0777_aligned.jpg
test_0778,data/raf-db/aligned/test_0778_aligned.jpg,4,happy,test,happy,/gpfs0/bgu-vilenchi/users/sdolev/Thesis/VLMs/data/raf-db/aligned/test_0778_aligned.jpg
test_0779,data/raf-db/aligned/test_0779_aligned.jpg,6,angry,test,angry,/gpfs0/bgu-vilenchi/users/sdolev/Thesis/VLMs/data/raf-db/aligned/test_0779_aligned.jpg
test_0780,data/raf-db/aligned/test_0780_aligned.jpg,4,happy,test,happy,/gpfs0/bgu-vilenchi/users/sdolev/Thesis/VLMs/data/raf-db/aligned/test_0780_aligned.jpg
test_0781,data/raf-db/aligned/test_0781_aligned.jpg,4,happy,test,happy,/gpfs0/bgu-vilenchi/users/sdolev/Thesis/VLMs/data/raf-db/aligned/test_0781_aligned.jpg
test_0782,data/raf-db/aligned/test_0782_aligned.jpg,4,happy,test,happy,/gpfs0/bgu-vilenchi/users/sdolev/Thesis/VLMs/data/raf-db/aligned/test_0782_aligned.jpg
test_0783,data/raf-db/aligned/test_0783_aligned.jpg,4,happy,test,happy,/gpfs0/bgu-vilenchi/users/sdolev/Thesis/VLMs/data/raf-db/aligned/test_0783_aligned.jpg
test_0784,data/raf-db/aligned/test_0784_aligned.jpg,4,happy,test,neutral,/gpfs0/bgu-vilenchi/users/sdolev/Thesis/VLMs/data/raf-db/aligned/test_0784_aligned.jpg
test_0785,data/raf-db/aligned/test_0785_aligned.jpg,4,happy,test,happy,/gpfs0/bgu-vilenchi/users/sdolev/Thesis/VLMs/data/raf-db/aligned/test_0785_aligned.jpg
test_0786,data/raf-db/aligned/test_0786_aligned.jpg,4,happy,test,happy,/gpfs0/bgu-vilenchi/users/sdolev/Thesis/VLMs/data/raf-db/aligned/test_0786_aligned.jpg
test_0787,data/raf-db/aligned/test_0787_aligned.jpg,4,happy,test,happy,/gpfs0/bgu-vilenchi/users/sdolev/Thesis/VLMs/data/raf-db/aligned/test_0787_aligned.jpg
test_0788,data/raf-db/aligned/test_0788_aligned.jpg,4,happy,test,happy,/gpfs0/bgu-vilenchi/users/sdolev/Thesis/VLMs/data/raf-db/aligned/test_0788_aligned.jpg
test_0789,data/raf-db/aligned/test_0789_aligned.jpg,1,surprise,test,surprise,/gpfs0/bgu-vilenchi/users/sdolev/Thesis/VLMs/data/raf-db/aligned/test_0789_aligned.jpg
test_0790,data/raf-db/aligned/test_0790_aligned.jpg,4,happy,test,happy,/gpfs0/bgu-vilenchi/users/sdolev/Thesis/VLMs/data/raf-db/aligned/test_0790_aligned.jpg
test_0791,data/raf-db/aligned/test_0791_aligned.jpg,4,happy,test,happy,/gpfs0/bgu-vilenchi/users/sdolev/Thesis/VLMs/data/raf-db/aligned/test_0791_aligned.jpg
test_0792,data/raf-db/aligned/test_0792_aligned.jpg,4,happy,test,happy,/gpfs0/bgu-vilenchi/users/sdolev/Thesis/VLMs/data/raf-db/aligned/test_0792_aligned.jpg
test_0793,data/raf-db/aligned/test_0793_aligned.jpg,6,angry,test,angry,/gpfs0/bgu-vilenchi/users/sdolev/Thesis/VLMs/data/raf-db/aligned/test_0793_aligned.jpg
test_0794,data/raf-db/aligned/test_0794_aligned.jpg,4,happy,test,happy,/gpfs0/bgu-vilenchi/users/sdolev/Thesis/VLMs/data/raf-db/aligned/test_0794_aligned.jpg
test_0795,data/raf-db/aligned/test_0795_aligned.jpg,1,surprise,test,surprise,/gpfs0/bgu-vilenchi/users/sdolev/Thesis/VLMs/data/raf-db/aligned/test_0795_aligned.jpg
test_0796,data/raf-db/aligned/test_0796_aligned.jpg,4,happy,test,happy,/gpfs0/bgu-vilenchi/users/sdolev/Thesis/VLMs/data/raf-db/aligned/test_0796_aligned.jpg
test_0797,data/raf-db/aligned/test_0797_aligned.jpg,4,happy,test,happy,/gpfs0/bgu-vilenchi/users/sdolev/Thesis/VLMs/data/raf-db/aligned/test_0797_aligned.jpg
test_0798,data/raf-db/aligned/test_0798_aligned.jpg,4,happy,test,happy,/gpfs0/bgu-vilenchi/users/sdolev/Thesis/VLMs/data/raf-db/aligned/test_0798_aligned.jpg
test_0799,data/raf-db/aligned/test_0799_aligned.jpg,4,happy,test,happy,/gpfs0/bgu-vilenchi/users/sdolev/Thesis/VLMs/data/raf-db/aligned/test_0799_aligned.jpg
test_0800,data/raf-db/aligned/test_0800_aligned.jpg,4,happy,test,happy,/gpfs0/bgu-vilenchi/users/sdolev/Thesis/VLMs/data/raf-db/aligned/test_0800_aligned.jpg
test_0801,data/raf-db/aligned/test_0801_aligned.jpg,4,happy,test,happy,/gpfs0/bgu-vilenchi/users/sdolev/Thesis/VLMs/data/raf-db/aligned/test_0801_aligned.jpg
test_0802,data/raf-db/aligned/test_0802_aligned.jpg,4,happy,test,happy,/gpfs0/bgu-vilenchi/users/sdolev/Thesis/VLMs/data/raf-db/aligned/test_0802_aligned.jpg
test_0803,data/raf-db/aligned/test_0803_aligned.jpg,4,happy,test,happy,/gpfs0/bgu-vilenchi/users/sdolev/Thesis/VLMs/data/raf-db/aligned/test_0803_aligned.jpg
test_0804,data/raf-db/aligned/test_0804_aligned.jpg,3,disgust,test,surprise,/gpfs0/bgu-vilenchi/users/sdolev/Thesis/VLMs/data/raf-db/aligned/test_0804_aligned.jpg
test_0805,data/raf-db/aligned/test_0805_aligned.jpg,4,happy,test,happy,/gpfs0/bgu-vilenchi/users/sdolev/Thesis/VLMs/data/raf-db/aligned/test_0805_aligned.jpg
test_0806,data/raf-db/aligned/test_0806_aligned.jpg,4,happy,test,happy,/gpfs0/bgu-vilenchi/users/sdolev/Thesis/VLMs/data/raf-db/aligned/test_0806_aligned.jpg
test_0807,data/raf-db/aligned/test_0807_aligned.jpg,1,surprise,test,neutral,/gpfs0/bgu-vilenchi/users/sdolev/Thesis/VLMs/data/raf-db/aligned/test_0807_aligned.jpg
test_0808,data/raf-db/aligned/test_0808_aligned.jpg,4,happy,test,happy,/gpfs0/bgu-vilenchi/users/sdolev/Thesis/VLMs/data/raf-db/aligned/test_0808_aligned.jpg
test_0809,data/raf-db/aligned/test_0809_aligned.jpg,4,happy,test,happy,/gpfs0/bgu-vilenchi/users/sdolev/Thesis/VLMs/data/raf-db/aligned/test_0809_aligned.jpg
test_0810,data/raf-db/aligned/test_0810_aligned.jpg,5,sad,test,sad,/gpfs0/bgu-vilenchi/users/sdolev/Thesis/VLMs/data/raf-db/aligned/test_0810_aligned.jpg
test_0811,data/raf-db/aligned/test_0811_aligned.jpg,4,happy,test,happy,/gpfs0/bgu-vilenchi/users/sdolev/Thesis/VLMs/data/raf-db/aligned/test_0811_aligned.jpg
test_0812,data/raf-db/aligned/test_0812_aligned.jpg,1,surprise,test,surprise,/gpfs0/bgu-vilenchi/users/sdolev/Thesis/VLMs/data/raf-db/aligned/test_0812_aligned.jpg
test_0813,data/raf-db/aligned/test_0813_aligned.jpg,4,happy,test,happy,/gpfs0/bgu-vilenchi/users/sdolev/Thesis/VLMs/data/raf-db/aligned/test_0813_aligned.jpg
test_0814,data/raf-db/aligned/test_0814_aligned.jpg,4,happy,test,happy,/gpfs0/bgu-vilenchi/users/sdolev/Thesis/VLMs/data/raf-db/aligned/test_0814_aligned.jpg
test_0815,data/raf-db/aligned/test_0815_aligned.jpg,4,happy,test,neutral,/gpfs0/bgu-vilenchi/users/sdolev/Thesis/VLMs/data/raf-db/aligned/test_0815_aligned.jpg
test_0816,data/raf-db/aligned/test_0816_aligned.jpg,4,happy,test,happy,/gpfs0/bgu-vilenchi/users/sdolev/Thesis/VLMs/data/raf-db/aligned/test_0816_aligned.jpg
test_0817,data/raf-db/aligned/test_0817_aligned.jpg,4,happy,test,happy,/gpfs0/bgu-vilenchi/users/sdolev/Thesis/VLMs/data/raf-db/aligned/test_0817_aligned.jpg
test_0818,data/raf-db/aligned/test_0818_aligned.jpg,4,happy,test,happy,/gpfs0/bgu-vilenchi/users/sdolev/Thesis/VLMs/data/raf-db/aligned/test_0818_aligned.jpg
test_0819,data/raf-db/aligned/test_0819_aligned.jpg,1,surprise,test,surprise,/gpfs0/bgu-vilenchi/users/sdolev/Thesis/VLMs/data/raf-db/aligned/test_0819_aligned.jpg
test_0820,data/raf-db/aligned/test_0820_aligned.jpg,6,angry,test,angry,/gpfs0/bgu-vilenchi/users/sdolev/Thesis/VLMs/data/raf-db/aligned/test_0820_aligned.jpg
test_0821,data/raf-db/aligned/test_0821_aligned.jpg,4,happy,test,happy,/gpfs0/bgu-vilenchi/users/sdolev/Thesis/VLMs/data/raf-db/aligned/test_0821_aligned.jpg
test_0822,data/raf-db/aligned/test_0822_aligned.jpg,4,happy,test,happy,/gpfs0/bgu-vilenchi/users/sdolev/Thesis/VLMs/data/raf-db/aligned/test_0822_aligned.jpg
test_0823,data/raf-db/aligned/test_0823_aligned.jpg,4,happy,test,happy,/gpfs0/bgu-vilenchi/users/sdolev/Thesis/VLMs/data/raf-db/aligned/test_0823_aligned.jpg
test_0824,data/raf-db/aligned/test_0824_aligned.jpg,4,happy,test,happy,/gpfs0/bgu-vilenchi/users/sdolev/Thesis/VLMs/data/raf-db/aligned/test_0824_aligned.jpg
test_0825,data/raf-db/aligned/test_0825_aligned.jpg,1,surprise,test,surprise,/gpfs0/bgu-vilenchi/users/sdolev/Thesis/VLMs/data/raf-db/aligned/test_0825_aligned.jpg
test_0826,data/raf-db/aligned/test_0826_aligned.jpg,4,happy,test,happy,/gpfs0/bgu-vilenchi/users/sdolev/Thesis/VLMs/data/raf-db/aligned/test_0826_aligned.jpg
test_0827,data/raf-db/aligned/test_0827_aligned.jpg,4,happy,test,happy,/gpfs0/bgu-vilenchi/users/sdolev/Thesis/VLMs/data/raf-db/aligned/test_0827_aligned.jpg
test_0828,data/raf-db/aligned/test_0828_aligned.jpg,4,happy,test,happy,/gpfs0/bgu-vilenchi/users/sdolev/Thesis/VLMs/data/raf-db/aligned/test_0828_aligned.jpg
test_0829,data/raf-db/aligned/test_0829_aligned.jpg,4,happy,test,happy,/gpfs0/bgu-vilenchi/users/sdolev/Thesis/VLMs/data/raf-db/aligned/test_0829_aligned.jpg
test_0830,data/raf-db/aligned/test_0830_aligned.jpg,4,happy,test,happy,/gpfs0/bgu-vilenchi/users/sdolev/Thesis/VLMs/data/raf-db/aligned/test_0830_aligned.jpg
test_0831,data/raf-db/aligned/test_0831_aligned.jpg,4,happy,test,happy,/gpfs0/bgu-vilenchi/users/sdolev/Thesis/VLMs/data/raf-db/aligned/test_0831_aligned.jpg
test_0832,data/raf-db/aligned/test_0832_aligned.jpg,4,happy,test,happy,/gpfs0/bgu-vilenchi/users/sdolev/Thesis/VLMs/data/raf-db/aligned/test_0832_aligned.jpg
test_0833,data/raf-db/aligned/test_0833_aligned.jpg,4,happy,test,happy,/gpfs0/bgu-vilenchi/users/sdolev/Thesis/VLMs/data/raf-db/aligned/test_0833_aligned.jpg
test_0834,data/raf-db/aligned/test_0834_aligned.jpg,5,sad,test,sad,/gpfs0/bgu-vilenchi/users/sdolev/Thesis/VLMs/data/raf-db/aligned/test_0834_aligned.jpg
test_0835,data/raf-db/aligned/test_0835_aligned.jpg,4,happy,test,happy,/gpfs0/bgu-vilenchi/users/sdolev/Thesis/VLMs/data/raf-db/aligned/test_0835_aligned.jpg
test_0836,data/raf-db/aligned/test_0836_aligned.jpg,4,happy,test,happy,/gpfs0/bgu-vilenchi/users/sdolev/Thesis/VLMs/data/raf-db/aligned/test_0836_aligned.jpg
test_0837,data/raf-db/aligned/test_0837_aligned.jpg,1,surprise,test,surprise,/gpfs0/bgu-vilenchi/users/sdolev/Thesis/VLMs/data/raf-db/aligned/test_0837_aligned.jpg
test_0838,data/raf-db/aligned/test_0838_aligned.jpg,4,happy,test,happy,/gpfs0/bgu-vilenchi/users/sdolev/Thesis/VLMs/data/raf-db/aligned/test_0838_aligned.jpg
test_0839,data/raf-db/aligned/test_0839_aligned.jpg,1,surprise,test,surprise,/gpfs0/bgu-vilenchi/users/sdolev/Thesis/VLMs/data/raf-db/aligned/test_0839_aligned.jpg
test_0840,data/raf-db/aligned/test_0840_aligned.jpg,4,happy,test,happy,/gpfs0/bgu-vilenchi/users/sdolev/Thesis/VLMs/data/raf-db/aligned/test_0840_aligned.jpg
test_0841,data/raf-db/aligned/test_0841_aligned.jpg,4,happy,test,happy,/gpfs0/bgu-vilenchi/users/sdolev/Thesis/VLMs/data/raf-db/aligned/test_0841_aligned.jpg
test_0842,data/raf-db/aligned/test_0842_aligned.jpg,4,happy,test,happy,/gpfs0/bgu-vilenchi/users/sdolev/Thesis/VLMs/data/raf-db/aligned/test_0842_aligned.jpg
test_0843,data/raf-db/aligned/test_0843_aligned.jpg,4,happy,test,happy,/gpfs0/bgu-vilenchi/users/sdolev/Thesis/VLMs/data/raf-db/aligned/test_0843_aligned.jpg
test_0844,data/raf-db/aligned/test_0844_aligned.jpg,4,happy,test,happy,/gpfs0/bgu-vilenchi/users/sdolev/Thesis/VLMs/data/raf-db/aligned/test_0844_aligned.jpg
test_0845,data/raf-db/aligned/test_0845_aligned.jpg,5,sad,test,sad,/gpfs0/bgu-vilenchi/users/sdolev/Thesis/VLMs/data/raf-db/aligned/test_0845_aligned.jpg
test_0846,data/raf-db/aligned/test_0846_aligned.jpg,4,happy,test,happy,/gpfs0/bgu-vilenchi/users/sdolev/Thesis/VLMs/data/raf-db/aligned/test_0846_aligned.jpg
test_0847,data/raf-db/aligned/test_0847_aligned.jpg,5,sad,test,sad,/gpfs0/bgu-vilenchi/users/sdolev/Thesis/VLMs/data/raf-db/aligned/test_0847_aligned.jpg
test_0848,data/raf-db/aligned/test_0848_aligned.jpg,4,happy,test,happy,/gpfs0/bgu-vilenchi/users/sdolev/Thesis/VLMs/data/raf-db/aligned/test_0848_aligned.jpg
test_0849,data/raf-db/aligned/test_0849_aligned.jpg,4,happy,test,happy,/gpfs0/bgu-vilenchi/users/sdolev/Thesis/VLMs/data/raf-db/aligned/test_0849_aligned.jpg
test_0850,data/raf-db/aligned/test_0850_aligned.jpg,1,surprise,test,surprise,/gpfs0/bgu-vilenchi/users/sdolev/Thesis/VLMs/data/raf-db/aligned/test_0850_aligned.jpg
test_0851,data/raf-db/aligned/test_0851_aligned.jpg,1,surprise,test,surprise,/gpfs0/bgu-vilenchi/users/sdolev/Thesis/VLMs/data/raf-db/aligned/test_0851_aligned.jpg
test_0852,data/raf-db/aligned/test_0852_aligned.jpg,4,happy,test,happy,/gpfs0/bgu-vilenchi/users/sdolev/Thesis/VLMs/data/raf-db/aligned/test_0852_aligned.jpg
test_0853,data/raf-db/aligned/test_0853_aligned.jpg,6,angry,test,surprise,/gpfs0/bgu-vilenchi/users/sdolev/Thesis/VLMs/data/raf-db/aligned/test_0853_aligned.jpg
test_0854,data/raf-db/aligned/test_0854_aligned.jpg,4,happy,test,happy,/gpfs0/bgu-vilenchi/users/sdolev/Thesis/VLMs/data/raf-db/aligned/test_0854_aligned.jpg
test_0855,data/raf-db/aligned/test_0855_aligned.jpg,4,happy,test,happy,/gpfs0/bgu-vilenchi/users/sdolev/Thesis/VLMs/data/raf-db/aligned/test_0855_aligned.jpg
test_0856,data/raf-db/aligned/test_0856_aligned.jpg,4,happy,test,happy,/gpfs0/bgu-vilenchi/users/sdolev/Thesis/VLMs/data/raf-db/aligned/test_0856_aligned.jpg
test_0857,data/raf-db/aligned/test_0857_aligned.jpg,4,happy,test,happy,/gpfs0/bgu-vilenchi/users/sdolev/Thesis/VLMs/data/raf-db/aligned/test_0857_aligned.jpg
test_0858,data/raf-db/aligned/test_0858_aligned.jpg,4,happy,test,happy,/gpfs0/bgu-vilenchi/users/sdolev/Thesis/VLMs/data/raf-db/aligned/test_0858_aligned.jpg
test_0859,data/raf-db/aligned/test_0859_aligned.jpg,2,fear,test,surprise,/gpfs0/bgu-vilenchi/users/sdolev/Thesis/VLMs/data/raf-db/aligned/test_0859_aligned.jpg
test_0860,data/raf-db/aligned/test_0860_aligned.jpg,4,happy,test,happy,/gpfs0/bgu-vilenchi/users/sdolev/Thesis/VLMs/data/raf-db/aligned/test_0860_aligned.jpg
test_0861,data/raf-db/aligned/test_0861_aligned.jpg,4,happy,test,happy,/gpfs0/bgu-vilenchi/users/sdolev/Thesis/VLMs/data/raf-db/aligned/test_0861_aligned.jpg
test_0862,data/raf-db/aligned/test_0862_aligned.jpg,4,happy,test,happy,/gpfs0/bgu-vilenchi/users/sdolev/Thesis/VLMs/data/raf-db/aligned/test_0862_aligned.jpg
test_0863,data/raf-db/aligned/test_0863_aligned.jpg,1,surprise,test,surprise,/gpfs0/bgu-vilenchi/users/sdolev/Thesis/VLMs/data/raf-db/aligned/test_0863_aligned.jpg
test_0864,data/raf-db/aligned/test_0864_aligned.jpg,4,happy,test,happy,/gpfs0/bgu-vilenchi/users/sdolev/Thesis/VLMs/data/raf-db/aligned/test_0864_aligned.jpg
test_0865,data/raf-db/aligned/test_0865_aligned.jpg,4,happy,test,happy,/gpfs0/bgu-vilenchi/users/sdolev/Thesis/VLMs/data/raf-db/aligned/test_0865_aligned.jpg
test_0866,data/raf-db/aligned/test_0866_aligned.jpg,4,happy,test,happy,/gpfs0/bgu-vilenchi/users/sdolev/Thesis/VLMs/data/raf-db/aligned/test_0866_aligned.jpg
test_0867,data/raf-db/aligned/test_0867_aligned.jpg,1,surprise,test,surprise,/gpfs0/bgu-vilenchi/users/sdolev/Thesis/VLMs/data/raf-db/aligned/test_0867_aligned.jpg
test_0868,data/raf-db/aligned/test_0868_aligned.jpg,5,sad,test,sad,/gpfs0/bgu-vilenchi/users/sdolev/Thesis/VLMs/data/raf-db/aligned/test_0868_aligned.jpg
test_0869,data/raf-db/aligned/test_0869_aligned.jpg,4,happy,test,happy,/gpfs0/bgu-vilenchi/users/sdolev/Thesis/VLMs/data/raf-db/aligned/test_0869_aligned.jpg
test_0870,data/raf-db/aligned/test_0870_aligned.jpg,6,angry,test,angry,/gpfs0/bgu-vilenchi/users/sdolev/Thesis/VLMs/data/raf-db/aligned/test_0870_aligned.jpg
test_0871,data/raf-db/aligned/test_0871_aligned.jpg,4,happy,test,happy,/gpfs0/bgu-vilenchi/users/sdolev/Thesis/VLMs/data/raf-db/aligned/test_0871_aligned.jpg
test_0872,data/raf-db/aligned/test_0872_aligned.jpg,1,surprise,test,surprise,/gpfs0/bgu-vilenchi/users/sdolev/Thesis/VLMs/data/raf-db/aligned/test_0872_aligned.jpg
test_0873,data/raf-db/aligned/test_0873_aligned.jpg,1,surprise,test,surprise,/gpfs0/bgu-vilenchi/users/sdolev/Thesis/VLMs/data/raf-db/aligned/test_0873_aligned.jpg
test_0874,data/raf-db/aligned/test_0874_aligned.jpg,1,surprise,test,neutral,/gpfs0/bgu-vilenchi/users/sdolev/Thesis/VLMs/data/raf-db/aligned/test_0874_aligned.jpg
test_0875,data/raf-db/aligned/test_0875_aligned.jpg,5,sad,test,sad,/gpfs0/bgu-vilenchi/users/sdolev/Thesis/VLMs/data/raf-db/aligned/test_0875_aligned.jpg
test_0876,data/raf-db/aligned/test_0876_aligned.jpg,5,sad,test,sad,/gpfs0/bgu-vilenchi/users/sdolev/Thesis/VLMs/data/raf-db/aligned/test_0876_aligned.jpg
test_0877,data/raf-db/aligned/test_0877_aligned.jpg,1,surprise,test,surprise,/gpfs0/bgu-vilenchi/users/sdolev/Thesis/VLMs/data/raf-db/aligned/test_0877_aligned.jpg
test_0878,data/raf-db/aligned/test_0878_aligned.jpg,1,surprise,test,surprise,/gpfs0/bgu-vilenchi/users/sdolev/Thesis/VLMs/data/raf-db/aligned/test_0878_aligned.jpg
test_0879,data/raf-db/aligned/test_0879_aligned.jpg,4,happy,test,happy,/gpfs0/bgu-vilenchi/users/sdolev/Thesis/VLMs/data/raf-db/aligned/test_0879_aligned.jpg
test_0880,data/raf-db/aligned/test_0880_aligned.jpg,4,happy,test,happy,/gpfs0/bgu-vilenchi/users/sdolev/Thesis/VLMs/data/raf-db/aligned/test_0880_aligned.jpg
test_0881,data/raf-db/aligned/test_0881_aligned.jpg,4,happy,test,happy,/gpfs0/bgu-vilenchi/users/sdolev/Thesis/VLMs/data/raf-db/aligned/test_0881_aligned.jpg
test_0882,data/raf-db/aligned/test_0882_aligned.jpg,4,happy,test,happy,/gpfs0/bgu-vilenchi/users/sdolev/Thesis/VLMs/data/raf-db/aligned/test_0882_aligned.jpg
test_0883,data/raf-db/aligned/test_0883_aligned.jpg,4,happy,test,happy,/gpfs0/bgu-vilenchi/users/sdolev/Thesis/VLMs/data/raf-db/aligned/test_0883_aligned.jpg
test_0884,data/raf-db/aligned/test_0884_aligned.jpg,4,happy,test,happy,/gpfs0/bgu-vilenchi/users/sdolev/Thesis/VLMs/data/raf-db/aligned/test_0884_aligned.jpg
test_0885,data/raf-db/aligned/test_0885_aligned.jpg,4,happy,test,happy,/gpfs0/bgu-vilenchi/users/sdolev/Thesis/VLMs/data/raf-db/aligned/test_0885_aligned.jpg
test_0886,data/raf-db/aligned/test_0886_aligned.jpg,4,happy,test,happy,/gpfs0/bgu-vilenchi/users/sdolev/Thesis/VLMs/data/raf-db/aligned/test_0886_aligned.jpg
test_0887,data/raf-db/aligned/test_0887_aligned.jpg,4,happy,test,happy,/gpfs0/bgu-vilenchi/users/sdolev/Thesis/VLMs/data/raf-db/aligned/test_0887_aligned.jpg
test_0888,data/raf-db/aligned/test_0888_aligned.jpg,5,sad,test,sad,/gpfs0/bgu-vilenchi/users/sdolev/Thesis/VLMs/data/raf-db/aligned/test_0888_aligned.jpg
test_0889,data/raf-db/aligned/test_0889_aligned.jpg,5,sad,test,surprise,/gpfs0/bgu-vilenchi/users/sdolev/Thesis/VLMs/data/raf-db/aligned/test_0889_aligned.jpg
test_0890,data/raf-db/aligned/test_0890_aligned.jpg,4,happy,test,happy,/gpfs0/bgu-vilenchi/users/sdolev/Thesis/VLMs/data/raf-db/aligned/test_0890_aligned.jpg
test_0891,data/raf-db/aligned/test_0891_aligned.jpg,5,sad,test,sad,/gpfs0/bgu-vilenchi/users/sdolev/Thesis/VLMs/data/raf-db/aligned/test_0891_aligned.jpg
test_0892,data/raf-db/aligned/test_0892_aligned.jpg,1,surprise,test,surprise,/gpfs0/bgu-vilenchi/users/sdolev/Thesis/VLMs/data/raf-db/aligned/test_0892_aligned.jpg
test_0893,data/raf-db/aligned/test_0893_aligned.jpg,1,surprise,test,surprise,/gpfs0/bgu-vilenchi/users/sdolev/Thesis/VLMs/data/raf-db/aligned/test_0893_aligned.jpg
test_0894,data/raf-db/aligned/test_0894_aligned.jpg,4,happy,test,happy,/gpfs0/bgu-vilenchi/users/sdolev/Thesis/VLMs/data/raf-db/aligned/test_0894_aligned.jpg
test_0895,data/raf-db/aligned/test_0895_aligned.jpg,5,sad,test,sad,/gpfs0/bgu-vilenchi/users/sdolev/Thesis/VLMs/data/raf-db/aligned/test_0895_aligned.jpg
test_0896,data/raf-db/aligned/test_0896_aligned.jpg,4,happy,test,happy,/gpfs0/bgu-vilenchi/users/sdolev/Thesis/VLMs/data/raf-db/aligned/test_0896_aligned.jpg
test_0897,data/raf-db/aligned/test_0897_aligned.jpg,4,happy,test,happy,/gpfs0/bgu-vilenchi/users/sdolev/Thesis/VLMs/data/raf-db/aligned/test_0897_aligned.jpg
test_0898,data/raf-db/aligned/test_0898_aligned.jpg,4,happy,test,happy,/gpfs0/bgu-vilenchi/users/sdolev/Thesis/VLMs/data/raf-db/aligned/test_0898_aligned.jpg
test_0899,data/raf-db/aligned/test_0899_aligned.jpg,4,happy,test,happy,/gpfs0/bgu-vilenchi/users/sdolev/Thesis/VLMs/data/raf-db/aligned/test_0899_aligned.jpg
test_0900,data/raf-db/aligned/test_0900_aligned.jpg,3,disgust,test,disgust,/gpfs0/bgu-vilenchi/users/sdolev/Thesis/VLMs/data/raf-db/aligned/test_0900_aligned.jpg
test_0901,data/raf-db/aligned/test_0901_aligned.jpg,4,happy,test,happy,/gpfs0/bgu-vilenchi/users/sdolev/Thesis/VLMs/data/raf-db/aligned/test_0901_aligned.jpg
test_0902,data/raf-db/aligned/test_0902_aligned.jpg,6,angry,test,angry,/gpfs0/bgu-vilenchi/users/sdolev/Thesis/VLMs/data/raf-db/aligned/test_0902_aligned.jpg
test_0903,data/raf-db/aligned/test_0903_aligned.jpg,1,surprise,test,surprise,/gpfs0/bgu-vilenchi/users/sdolev/Thesis/VLMs/data/raf-db/aligned/test_0903_aligned.jpg
test_0904,data/raf-db/aligned/test_0904_aligned.jpg,4,happy,test,happy,/gpfs0/bgu-vilenchi/users/sdolev/Thesis/VLMs/data/raf-db/aligned/test_0904_aligned.jpg
test_0905,data/raf-db/aligned/test_0905_aligned.jpg,3,disgust,test,angry,/gpfs0/bgu-vilenchi/users/sdolev/Thesis/VLMs/data/raf-db/aligned/test_0905_aligned.jpg
test_0906,data/raf-db/aligned/test_0906_aligned.jpg,4,happy,test,surprise,/gpfs0/bgu-vilenchi/users/sdolev/Thesis/VLMs/data/raf-db/aligned/test_0906_aligned.jpg
test_0907,data/raf-db/aligned/test_0907_aligned.jpg,1,surprise,test,surprise,/gpfs0/bgu-vilenchi/users/sdolev/Thesis/VLMs/data/raf-db/aligned/test_0907_aligned.jpg
test_0908,data/raf-db/aligned/test_0908_aligned.jpg,4,happy,test,happy,/gpfs0/bgu-vilenchi/users/sdolev/Thesis/VLMs/data/raf-db/aligned/test_0908_aligned.jpg
test_0909,data/raf-db/aligned/test_0909_aligned.jpg,6,angry,test,angry,/gpfs0/bgu-vilenchi/users/sdolev/Thesis/VLMs/data/raf-db/aligned/test_0909_aligned.jpg
test_0910,data/raf-db/aligned/test_0910_aligned.jpg,5,sad,test,sad,/gpfs0/bgu-vilenchi/users/sdolev/Thesis/VLMs/data/raf-db/aligned/test_0910_aligned.jpg
test_0911,data/raf-db/aligned/test_0911_aligned.jpg,4,happy,test,happy,/gpfs0/bgu-vilenchi/users/sdolev/Thesis/VLMs/data/raf-db/aligned/test_0911_aligned.jpg
test_0912,data/raf-db/aligned/test_0912_aligned.jpg,1,surprise,test,surprise,/gpfs0/bgu-vilenchi/users/sdolev/Thesis/VLMs/data/raf-db/aligned/test_0912_aligned.jpg
test_0913,data/raf-db/aligned/test_0913_aligned.jpg,1,surprise,test,neutral,/gpfs0/bgu-vilenchi/users/sdolev/Thesis/VLMs/data/raf-db/aligned/test_0913_aligned.jpg
test_0914,data/raf-db/aligned/test_0914_aligned.jpg,3,disgust,test,surprise,/gpfs0/bgu-vilenchi/users/sdolev/Thesis/VLMs/data/raf-db/aligned/test_0914_aligned.jpg
test_0915,data/raf-db/aligned/test_0915_aligned.jpg,4,happy,test,happy,/gpfs0/bgu-vilenchi/users/sdolev/Thesis/VLMs/data/raf-db/aligned/test_0915_aligned.jpg
test_0916,data/raf-db/aligned/test_0916_aligned.jpg,5,sad,test,angry,/gpfs0/bgu-vilenchi/users/sdolev/Thesis/VLMs/data/raf-db/aligned/test_0916_aligned.jpg
test_0917,data/raf-db/aligned/test_0917_aligned.jpg,5,sad,test,sad,/gpfs0/bgu-vilenchi/users/sdolev/Thesis/VLMs/data/raf-db/aligned/test_0917_aligned.jpg
test_0918,data/raf-db/aligned/test_0918_aligned.jpg,5,sad,test,sad,/gpfs0/bgu-vilenchi/users/sdolev/Thesis/VLMs/data/raf-db/aligned/test_0918_aligned.jpg
test_0919,data/raf-db/aligned/test_0919_aligned.jpg,1,surprise,test,surprise,/gpfs0/bgu-vilenchi/users/sdolev/Thesis/VLMs/data/raf-db/aligned/test_0919_aligned.jpg
test_0920,data/raf-db/aligned/test_0920_aligned.jpg,1,surprise,test,surprise,/gpfs0/bgu-vilenchi/users/sdolev/Thesis/VLMs/data/raf-db/aligned/test_0920_aligned.jpg
test_0921,data/raf-db/aligned/test_0921_aligned.jpg,4,happy,test,happy,/gpfs0/bgu-vilenchi/users/sdolev/Thesis/VLMs/data/raf-db/aligned/test_0921_aligned.jpg
test_0922,data/raf-db/aligned/test_0922_aligned.jpg,4,happy,test,happy,/gpfs0/bgu-vilenchi/users/sdolev/Thesis/VLMs/data/raf-db/aligned/test_0922_aligned.jpg
test_0923,data/raf-db/aligned/test_0923_aligned.jpg,4,happy,test,happy,/gpfs0/bgu-vilenchi/users/sdolev/Thesis/VLMs/data/raf-db/aligned/test_0923_aligned.jpg
test_0924,data/raf-db/aligned/test_0924_aligned.jpg,4,happy,test,happy,/gpfs0/bgu-vilenchi/users/sdolev/Thesis/VLMs/data/raf-db/aligned/test_0924_aligned.jpg
test_0925,data/raf-db/aligned/test_0925_aligned.jpg,5,sad,test,sad,/gpfs0/bgu-vilenchi/users/sdolev/Thesis/VLMs/data/raf-db/aligned/test_0925_aligned.jpg
test_0926,data/raf-db/aligned/test_0926_aligned.jpg,1,surprise,test,surprise,/gpfs0/bgu-vilenchi/users/sdolev/Thesis/VLMs/data/raf-db/aligned/test_0926_aligned.jpg
test_0927,data/raf-db/aligned/test_0927_aligned.jpg,5,sad,test,sad,/gpfs0/bgu-vilenchi/users/sdolev/Thesis/VLMs/data/raf-db/aligned/test_0927_aligned.jpg
test_0928,data/raf-db/aligned/test_0928_aligned.jpg,4,happy,test,happy,/gpfs0/bgu-vilenchi/users/sdolev/Thesis/VLMs/data/raf-db/aligned/test_0928_aligned.jpg
test_0929,data/raf-db/aligned/test_0929_aligned.jpg,4,happy,test,happy,/gpfs0/bgu-vilenchi/users/sdolev/Thesis/VLMs/data/raf-db/aligned/test_0929_aligned.jpg
test_0930,data/raf-db/aligned/test_0930_aligned.jpg,4,happy,test,happy,/gpfs0/bgu-vilenchi/users/sdolev/Thesis/VLMs/data/raf-db/aligned/test_0930_aligned.jpg
test_0931,data/raf-db/aligned/test_0931_aligned.jpg,5,sad,test,surprise,/gpfs0/bgu-vilenchi/users/sdolev/Thesis/VLMs/data/raf-db/aligned/test_0931_aligned.jpg
test_0932,data/raf-db/aligned/test_0932_aligned.jpg,4,happy,test,happy,/gpfs0/bgu-vilenchi/users/sdolev/Thesis/VLMs/data/raf-db/aligned/test_0932_aligned.jpg
test_0933,data/raf-db/aligned/test_0933_aligned.jpg,4,happy,test,happy,/gpfs0/bgu-vilenchi/users/sdolev/Thesis/VLMs/data/raf-db/aligned/test_0933_aligned.jpg
test_0934,data/raf-db/aligned/test_0934_aligned.jpg,4,happy,test,happy,/gpfs0/bgu-vilenchi/users/sdolev/Thesis/VLMs/data/raf-db/aligned/test_0934_aligned.jpg
test_0935,data/raf-db/aligned/test_0935_aligned.jpg,3,disgust,test,sad,/gpfs0/bgu-vilenchi/users/sdolev/Thesis/VLMs/data/raf-db/aligned/test_0935_aligned.jpg
test_0936,data/raf-db/aligned/test_0936_aligned.jpg,5,sad,test,sad,/gpfs0/bgu-vilenchi/users/sdolev/Thesis/VLMs/data/raf-db/aligned/test_0936_aligned.jpg
test_0937,data/raf-db/aligned/test_0937_aligned.jpg,5,sad,test,surprise,/gpfs0/bgu-vilenchi/users/sdolev/Thesis/VLMs/data/raf-db/aligned/test_0937_aligned.jpg
test_0938,data/raf-db/aligned/test_0938_aligned.jpg,4,happy,test,happy,/gpfs0/bgu-vilenchi/users/sdolev/Thesis/VLMs/data/raf-db/aligned/test_0938_aligned.jpg
test_0939,data/raf-db/aligned/test_0939_aligned.jpg,4,happy,test,happy,/gpfs0/bgu-vilenchi/users/sdolev/Thesis/VLMs/data/raf-db/aligned/test_0939_aligned.jpg
test_0940,data/raf-db/aligned/test_0940_aligned.jpg,3,disgust,test,disgust,/gpfs0/bgu-vilenchi/users/sdolev/Thesis/VLMs/data/raf-db/aligned/test_0940_aligned.jpg
test_0941,data/raf-db/aligned/test_0941_aligned.jpg,4,happy,test,happy,/gpfs0/bgu-vilenchi/users/sdolev/Thesis/VLMs/data/raf-db/aligned/test_0941_aligned.jpg
test_0942,data/raf-db/aligned/test_0942_aligned.jpg,4,happy,test,happy,/gpfs0/bgu-vilenchi/users/sdolev/Thesis/VLMs/data/raf-db/aligned/test_0942_aligned.jpg
test_0943,data/raf-db/aligned/test_0943_aligned.jpg,4,happy,test,happy,/gpfs0/bgu-vilenchi/users/sdolev/Thesis/VLMs/data/raf-db/aligned/test_0943_aligned.jpg
test_0944,data/raf-db/aligned/test_0944_aligned.jpg,4,happy,test,happy,/gpfs0/bgu-vilenchi/users/sdolev/Thesis/VLMs/data/raf-db/aligned/test_0944_aligned.jpg
test_0945,data/raf-db/aligned/test_0945_aligned.jpg,4,happy,test,happy,/gpfs0/bgu-vilenchi/users/sdolev/Thesis/VLMs/data/raf-db/aligned/test_0945_aligned.jpg
test_0946,data/raf-db/aligned/test_0946_aligned.jpg,4,happy,test,happy,/gpfs0/bgu-vilenchi/users/sdolev/Thesis/VLMs/data/raf-db/aligned/test_0946_aligned.jpg
test_0947,data/raf-db/aligned/test_0947_aligned.jpg,5,sad,test,sad,/gpfs0/bgu-vilenchi/users/sdolev/Thesis/VLMs/data/raf-db/aligned/test_0947_aligned.jpg
test_0948,data/raf-db/aligned/test_0948_aligned.jpg,5,sad,test,sad,/gpfs0/bgu-vilenchi/users/sdolev/Thesis/VLMs/data/raf-db/aligned/test_0948_aligned.jpg
test_0949,data/raf-db/aligned/test_0949_aligned.jpg,5,sad,test,sad,/gpfs0/bgu-vilenchi/users/sdolev/Thesis/VLMs/data/raf-db/aligned/test_0949_aligned.jpg
test_0950,data/raf-db/aligned/test_0950_aligned.jpg,5,sad,test,sad,/gpfs0/bgu-vilenchi/users/sdolev/Thesis/VLMs/data/raf-db/aligned/test_0950_aligned.jpg
test_0951,data/raf-db/aligned/test_0951_aligned.jpg,5,sad,test,sad,/gpfs0/bgu-vilenchi/users/sdolev/Thesis/VLMs/data/raf-db/aligned/test_0951_aligned.jpg
test_0952,data/raf-db/aligned/test_0952_aligned.jpg,5,sad,test,surprise,/gpfs0/bgu-vilenchi/users/sdolev/Thesis/VLMs/data/raf-db/aligned/test_0952_aligned.jpg
test_0953,data/raf-db/aligned/test_0953_aligned.jpg,6,angry,test,angry,/gpfs0/bgu-vilenchi/users/sdolev/Thesis/VLMs/data/raf-db/aligned/test_0953_aligned.jpg
test_0954,data/raf-db/aligned/test_0954_aligned.jpg,4,happy,test,happy,/gpfs0/bgu-vilenchi/users/sdolev/Thesis/VLMs/data/raf-db/aligned/test_0954_aligned.jpg
test_0955,data/raf-db/aligned/test_0955_aligned.jpg,4,happy,test,happy,/gpfs0/bgu-vilenchi/users/sdolev/Thesis/VLMs/data/raf-db/aligned/test_0955_aligned.jpg
test_0956,data/raf-db/aligned/test_0956_aligned.jpg,1,surprise,test,neutral,/gpfs0/bgu-vilenchi/users/sdolev/Thesis/VLMs/data/raf-db/aligned/test_0956_aligned.jpg
test_0957,data/raf-db/aligned/test_0957_aligned.jpg,5,sad,test,sad,/gpfs0/bgu-vilenchi/users/sdolev/Thesis/VLMs/data/raf-db/aligned/test_0957_aligned.jpg
test_0958,data/raf-db/aligned/test_0958_aligned.jpg,4,happy,test,happy,/gpfs0/bgu-vilenchi/users/sdolev/Thesis/VLMs/data/raf-db/aligned/test_0958_aligned.jpg
test_0959,data/raf-db/aligned/test_0959_aligned.jpg,4,happy,test,happy,/gpfs0/bgu-vilenchi/users/sdolev/Thesis/VLMs/data/raf-db/aligned/test_0959_aligned.jpg
test_0960,data/raf-db/aligned/test_0960_aligned.jpg,3,disgust,test,sad,/gpfs0/bgu-vilenchi/users/sdolev/Thesis/VLMs/data/raf-db/aligned/test_0960_aligned.jpg
test_0961,data/raf-db/aligned/test_0961_aligned.jpg,4,happy,test,happy,/gpfs0/bgu-vilenchi/users/sdolev/Thesis/VLMs/data/raf-db/aligned/test_0961_aligned.jpg
test_0962,data/raf-db/aligned/test_0962_aligned.jpg,4,happy,test,happy,/gpfs0/bgu-vilenchi/users/sdolev/Thesis/VLMs/data/raf-db/aligned/test_0962_aligned.jpg
test_0963,data/raf-db/aligned/test_0963_aligned.jpg,4,happy,test,happy,/gpfs0/bgu-vilenchi/users/sdolev/Thesis/VLMs/data/raf-db/aligned/test_0963_aligned.jpg
test_0964,data/raf-db/aligned/test_0964_aligned.jpg,1,surprise,test,surprise,/gpfs0/bgu-vilenchi/users/sdolev/Thesis/VLMs/data/raf-db/aligned/test_0964_aligned.jpg
test_0965,data/raf-db/aligned/test_0965_aligned.jpg,5,sad,test,neutral,/gpfs0/bgu-vilenchi/users/sdolev/Thesis/VLMs/data/raf-db/aligned/test_0965_aligned.jpg
test_0966,data/raf-db/aligned/test_0966_aligned.jpg,5,sad,test,surprise,/gpfs0/bgu-vilenchi/users/sdolev/Thesis/VLMs/data/raf-db/aligned/test_0966_aligned.jpg
test_0967,data/raf-db/aligned/test_0967_aligned.jpg,4,happy,test,neutral,/gpfs0/bgu-vilenchi/users/sdolev/Thesis/VLMs/data/raf-db/aligned/test_0967_aligned.jpg
test_0968,data/raf-db/aligned/test_0968_aligned.jpg,5,sad,test,angry,/gpfs0/bgu-vilenchi/users/sdolev/Thesis/VLMs/data/raf-db/aligned/test_0968_aligned.jpg
test_0969,data/raf-db/aligned/test_0969_aligned.jpg,5,sad,test,sad,/gpfs0/bgu-vilenchi/users/sdolev/Thesis/VLMs/data/raf-db/aligned/test_0969_aligned.jpg
test_0970,data/raf-db/aligned/test_0970_aligned.jpg,1,surprise,test,surprise,/gpfs0/bgu-vilenchi/users/sdolev/Thesis/VLMs/data/raf-db/aligned/test_0970_aligned.jpg
test_0971,data/raf-db/aligned/test_0971_aligned.jpg,4,happy,test,happy,/gpfs0/bgu-vilenchi/users/sdolev/Thesis/VLMs/data/raf-db/aligned/test_0971_aligned.jpg
test_0972,data/raf-db/aligned/test_0972_aligned.jpg,4,happy,test,happy,/gpfs0/bgu-vilenchi/users/sdolev/Thesis/VLMs/data/raf-db/aligned/test_0972_aligned.jpg
test_0973,data/raf-db/aligned/test_0973_aligned.jpg,4,happy,test,happy,/gpfs0/bgu-vilenchi/users/sdolev/Thesis/VLMs/data/raf-db/aligned/test_0973_aligned.jpg
test_0974,data/raf-db/aligned/test_0974_aligned.jpg,4,happy,test,happy,/gpfs0/bgu-vilenchi/users/sdolev/Thesis/VLMs/data/raf-db/aligned/test_0974_aligned.jpg
test_0975,data/raf-db/aligned/test_0975_aligned.jpg,4,happy,test,happy,/gpfs0/bgu-vilenchi/users/sdolev/Thesis/VLMs/data/raf-db/aligned/test_0975_aligned.jpg
test_0976,data/raf-db/aligned/test_0976_aligned.jpg,4,happy,test,happy,/gpfs0/bgu-vilenchi/users/sdolev/Thesis/VLMs/data/raf-db/aligned/test_0976_aligned.jpg
test_0977,data/raf-db/aligned/test_0977_aligned.jpg,4,happy,test,happy,/gpfs0/bgu-vilenchi/users/sdolev/Thesis/VLMs/data/raf-db/aligned/test_0977_aligned.jpg
test_0978,data/raf-db/aligned/test_0978_aligned.jpg,4,happy,test,happy,/gpfs0/bgu-vilenchi/users/sdolev/Thesis/VLMs/data/raf-db/aligned/test_0978_aligned.jpg
test_0979,data/raf-db/aligned/test_0979_aligned.jpg,1,surprise,test,surprise,/gpfs0/bgu-vilenchi/users/sdolev/Thesis/VLMs/data/raf-db/aligned/test_0979_aligned.jpg
test_0980,data/raf-db/aligned/test_0980_aligned.jpg,4,happy,test,happy,/gpfs0/bgu-vilenchi/users/sdolev/Thesis/VLMs/data/raf-db/aligned/test_0980_aligned.jpg
test_0981,data/raf-db/aligned/test_0981_aligned.jpg,4,happy,test,happy,/gpfs0/bgu-vilenchi/users/sdolev/Thesis/VLMs/data/raf-db/aligned/test_0981_aligned.jpg
test_0982,data/raf-db/aligned/test_0982_aligned.jpg,5,sad,test,sad,/gpfs0/bgu-vilenchi/users/sdolev/Thesis/VLMs/data/raf-db/aligned/test_0982_aligned.jpg
test_0983,data/raf-db/aligned/test_0983_aligned.jpg,6,angry,test,disgust,/gpfs0/bgu-vilenchi/users/sdolev/Thesis/VLMs/data/raf-db/aligned/test_0983_aligned.jpg
test_0984,data/raf-db/aligned/test_0984_aligned.jpg,4,happy,test,neutral,/gpfs0/bgu-vilenchi/users/sdolev/Thesis/VLMs/data/raf-db/aligned/test_0984_aligned.jpg
test_0985,data/raf-db/aligned/test_0985_aligned.jpg,4,happy,test,happy,/gpfs0/bgu-vilenchi/users/sdolev/Thesis/VLMs/data/raf-db/aligned/test_0985_aligned.jpg
test_0986,data/raf-db/aligned/test_0986_aligned.jpg,6,angry,test,angry,/gpfs0/bgu-vilenchi/users/sdolev/Thesis/VLMs/data/raf-db/aligned/test_0986_aligned.jpg
test_0987,data/raf-db/aligned/test_0987_aligned.jpg,1,surprise,test,neutral,/gpfs0/bgu-vilenchi/users/sdolev/Thesis/VLMs/data/raf-db/aligned/test_0987_aligned.jpg
test_0988,data/raf-db/aligned/test_0988_aligned.jpg,5,sad,test,sad,/gpfs0/bgu-vilenchi/users/sdolev/Thesis/VLMs/data/raf-db/aligned/test_0988_aligned.jpg
test_0989,data/raf-db/aligned/test_0989_aligned.jpg,4,happy,test,happy,/gpfs0/bgu-vilenchi/users/sdolev/Thesis/VLMs/data/raf-db/aligned/test_0989_aligned.jpg
test_0990,data/raf-db/aligned/test_0990_aligned.jpg,4,happy,test,happy,/gpfs0/bgu-vilenchi/users/sdolev/Thesis/VLMs/data/raf-db/aligned/test_0990_aligned.jpg
test_0991,data/raf-db/aligned/test_0991_aligned.jpg,5,sad,test,sad,/gpfs0/bgu-vilenchi/users/sdolev/Thesis/VLMs/data/raf-db/aligned/test_0991_aligned.jpg
test_0992,data/raf-db/aligned/test_0992_aligned.jpg,4,happy,test,happy,/gpfs0/bgu-vilenchi/users/sdolev/Thesis/VLMs/data/raf-db/aligned/test_0992_aligned.jpg
test_0993,data/raf-db/aligned/test_0993_aligned.jpg,4,happy,test,neutral,/gpfs0/bgu-vilenchi/users/sdolev/Thesis/VLMs/data/raf-db/aligned/test_0993_aligned.jpg
test_0994,data/raf-db/aligned/test_0994_aligned.jpg,1,surprise,test,surprise,/gpfs0/bgu-vilenchi/users/sdolev/Thesis/VLMs/data/raf-db/aligned/test_0994_aligned.jpg
test_0995,data/raf-db/aligned/test_0995_aligned.jpg,4,happy,test,happy,/gpfs0/bgu-vilenchi/users/sdolev/Thesis/VLMs/data/raf-db/aligned/test_0995_aligned.jpg
test_0996,data/raf-db/aligned/test_0996_aligned.jpg,4,happy,test,happy,/gpfs0/bgu-vilenchi/users/sdolev/Thesis/VLMs/data/raf-db/aligned/test_0996_aligned.jpg
test_0997,data/raf-db/aligned/test_0997_aligned.jpg,1,surprise,test,surprise,/gpfs0/bgu-vilenchi/users/sdolev/Thesis/VLMs/data/raf-db/aligned/test_0997_aligned.jpg
test_0998,data/raf-db/aligned/test_0998_aligned.jpg,1,surprise,test,neutral,/gpfs0/bgu-vilenchi/users/sdolev/Thesis/VLMs/data/raf-db/aligned/test_0998_aligned.jpg
test_0999,data/raf-db/aligned/test_0999_aligned.jpg,4,happy,test,happy,/gpfs0/bgu-vilenchi/users/sdolev/Thesis/VLMs/data/raf-db/aligned/test_0999_aligned.jpg
test_1000,data/raf-db/aligned/test_1000_aligned.jpg,1,surprise,test,surprise,/gpfs0/bgu-vilenchi/users/sdolev/Thesis/VLMs/data/raf-db/aligned/test_1000_aligned.jpg
test_1001,data/raf-db/aligned/test_1001_aligned.jpg,1,surprise,test,surprise,/gpfs0/bgu-vilenchi/users/sdolev/Thesis/VLMs/data/raf-db/aligned/test_1001_aligned.jpg
test_1002,data/raf-db/aligned/test_1002_aligned.jpg,1,surprise,test,surprise,/gpfs0/bgu-vilenchi/users/sdolev/Thesis/VLMs/data/raf-db/aligned/test_1002_aligned.jpg
test_1003,data/raf-db/aligned/test_1003_aligned.jpg,3,disgust,test,sad,/gpfs0/bgu-vilenchi/users/sdolev/Thesis/VLMs/data/raf-db/aligned/test_1003_aligned.jpg
test_1004,data/raf-db/aligned/test_1004_aligned.jpg,4,happy,test,happy,/gpfs0/bgu-vilenchi/users/sdolev/Thesis/VLMs/data/raf-db/aligned/test_1004_aligned.jpg
test_1005,data/raf-db/aligned/test_1005_aligned.jpg,4,happy,test,happy,/gpfs0/bgu-vilenchi/users/sdolev/Thesis/VLMs/data/raf-db/aligned/test_1005_aligned.jpg
test_1006,data/raf-db/aligned/test_1006_aligned.jpg,3,disgust,test,angry,/gpfs0/bgu-vilenchi/users/sdolev/Thesis/VLMs/data/raf-db/aligned/test_1006_aligned.jpg
test_1007,data/raf-db/aligned/test_1007_aligned.jpg,6,angry,test,angry,/gpfs0/bgu-vilenchi/users/sdolev/Thesis/VLMs/data/raf-db/aligned/test_1007_aligned.jpg
test_1008,data/raf-db/aligned/test_1008_aligned.jpg,5,sad,test,sad,/gpfs0/bgu-vilenchi/users/sdolev/Thesis/VLMs/data/raf-db/aligned/test_1008_aligned.jpg
test_1009,data/raf-db/aligned/test_1009_aligned.jpg,5,sad,test,sad,/gpfs0/bgu-vilenchi/users/sdolev/Thesis/VLMs/data/raf-db/aligned/test_1009_aligned.jpg
test_1010,data/raf-db/aligned/test_1010_aligned.jpg,4,happy,test,happy,/gpfs0/bgu-vilenchi/users/sdolev/Thesis/VLMs/data/raf-db/aligned/test_1010_aligned.jpg
test_1011,data/raf-db/aligned/test_1011_aligned.jpg,4,happy,test,happy,/gpfs0/bgu-vilenchi/users/sdolev/Thesis/VLMs/data/raf-db/aligned/test_1011_aligned.jpg
test_1012,data/raf-db/aligned/test_1012_aligned.jpg,4,happy,test,happy,/gpfs0/bgu-vilenchi/users/sdolev/Thesis/VLMs/data/raf-db/aligned/test_1012_aligned.jpg
test_1013,data/raf-db/aligned/test_1013_aligned.jpg,6,angry,test,angry,/gpfs0/bgu-vilenchi/users/sdolev/Thesis/VLMs/data/raf-db/aligned/test_1013_aligned.jpg
test_1014,data/raf-db/aligned/test_1014_aligned.jpg,1,surprise,test,happy,/gpfs0/bgu-vilenchi/users/sdolev/Thesis/VLMs/data/raf-db/aligned/test_1014_aligned.jpg
test_1015,data/raf-db/aligned/test_1015_aligned.jpg,1,surprise,test,neutral,/gpfs0/bgu-vilenchi/users/sdolev/Thesis/VLMs/data/raf-db/aligned/test_1015_aligned.jpg
test_1016,data/raf-db/aligned/test_1016_aligned.jpg,4,happy,test,happy,/gpfs0/bgu-vilenchi/users/sdolev/Thesis/VLMs/data/raf-db/aligned/test_1016_aligned.jpg
test_1017,data/raf-db/aligned/test_1017_aligned.jpg,5,sad,test,sad,/gpfs0/bgu-vilenchi/users/sdolev/Thesis/VLMs/data/raf-db/aligned/test_1017_aligned.jpg
test_1018,data/raf-db/aligned/test_1018_aligned.jpg,3,disgust,test,neutral,/gpfs0/bgu-vilenchi/users/sdolev/Thesis/VLMs/data/raf-db/aligned/test_1018_aligned.jpg
test_1019,data/raf-db/aligned/test_1019_aligned.jpg,4,happy,test,happy,/gpfs0/bgu-vilenchi/users/sdolev/Thesis/VLMs/data/raf-db/aligned/test_1019_aligned.jpg
test_1020,data/raf-db/aligned/test_1020_aligned.jpg,4,happy,test,happy,/gpfs0/bgu-vilenchi/users/sdolev/Thesis/VLMs/data/raf-db/aligned/test_1020_aligned.jpg
test_1021,data/raf-db/aligned/test_1021_aligned.jpg,4,happy,test,neutral,/gpfs0/bgu-vilenchi/users/sdolev/Thesis/VLMs/data/raf-db/aligned/test_1021_aligned.jpg
test_1022,data/raf-db/aligned/test_1022_aligned.jpg,4,happy,test,happy,/gpfs0/bgu-vilenchi/users/sdolev/Thesis/VLMs/data/raf-db/aligned/test_1022_aligned.jpg
test_1023,data/raf-db/aligned/test_1023_aligned.jpg,5,sad,test,sad,/gpfs0/bgu-vilenchi/users/sdolev/Thesis/VLMs/data/raf-db/aligned/test_1023_aligned.jpg
test_1024,data/raf-db/aligned/test_1024_aligned.jpg,5,sad,test,sad,/gpfs0/bgu-vilenchi/users/sdolev/Thesis/VLMs/data/raf-db/aligned/test_1024_aligned.jpg
test_1025,data/raf-db/aligned/test_1025_aligned.jpg,4,happy,test,happy,/gpfs0/bgu-vilenchi/users/sdolev/Thesis/VLMs/data/raf-db/aligned/test_1025_aligned.jpg
test_1026,data/raf-db/aligned/test_1026_aligned.jpg,4,happy,test,neutral,/gpfs0/bgu-vilenchi/users/sdolev/Thesis/VLMs/data/raf-db/aligned/test_1026_aligned.jpg
test_1027,data/raf-db/aligned/test_1027_aligned.jpg,3,disgust,test,surprise,/gpfs0/bgu-vilenchi/users/sdolev/Thesis/VLMs/data/raf-db/aligned/test_1027_aligned.jpg
test_1028,data/raf-db/aligned/test_1028_aligned.jpg,4,happy,test,happy,/gpfs0/bgu-vilenchi/users/sdolev/Thesis/VLMs/data/raf-db/aligned/test_1028_aligned.jpg
test_1029,data/raf-db/aligned/test_1029_aligned.jpg,1,surprise,test,surprise,/gpfs0/bgu-vilenchi/users/sdolev/Thesis/VLMs/data/raf-db/aligned/test_1029_aligned.jpg
test_1030,data/raf-db/aligned/test_1030_aligned.jpg,4,happy,test,happy,/gpfs0/bgu-vilenchi/users/sdolev/Thesis/VLMs/data/raf-db/aligned/test_1030_aligned.jpg
test_1031,data/raf-db/aligned/test_1031_aligned.jpg,1,surprise,test,happy,/gpfs0/bgu-vilenchi/users/sdolev/Thesis/VLMs/data/raf-db/aligned/test_1031_aligned.jpg
test_1032,data/raf-db/aligned/test_1032_aligned.jpg,1,surprise,test,surprise,/gpfs0/bgu-vilenchi/users/sdolev/Thesis/VLMs/data/raf-db/aligned/test_1032_aligned.jpg
test_1033,data/raf-db/aligned/test_1033_aligned.jpg,1,surprise,test,neutral,/gpfs0/bgu-vilenchi/users/sdolev/Thesis/VLMs/data/raf-db/aligned/test_1033_aligned.jpg
test_1034,data/raf-db/aligned/test_1034_aligned.jpg,1,surprise,test,surprise,/gpfs0/bgu-vilenchi/users/sdolev/Thesis/VLMs/data/raf-db/aligned/test_1034_aligned.jpg
test_1035,data/raf-db/aligned/test_1035_aligned.jpg,3,disgust,test,surprise,/gpfs0/bgu-vilenchi/users/sdolev/Thesis/VLMs/data/raf-db/aligned/test_1035_aligned.jpg
test_1036,data/raf-db/aligned/test_1036_aligned.jpg,5,sad,test,sad,/gpfs0/bgu-vilenchi/users/sdolev/Thesis/VLMs/data/raf-db/aligned/test_1036_aligned.jpg
test_1037,data/raf-db/aligned/test_1037_aligned.jpg,1,surprise,test,surprise,/gpfs0/bgu-vilenchi/users/sdolev/Thesis/VLMs/data/raf-db/aligned/test_1037_aligned.jpg
test_1038,data/raf-db/aligned/test_1038_aligned.jpg,1,surprise,test,surprise,/gpfs0/bgu-vilenchi/users/sdolev/Thesis/VLMs/data/raf-db/aligned/test_1038_aligned.jpg
test_1039,data/raf-db/aligned/test_1039_aligned.jpg,3,disgust,test,angry,/gpfs0/bgu-vilenchi/users/sdolev/Thesis/VLMs/data/raf-db/aligned/test_1039_aligned.jpg
test_1040,data/raf-db/aligned/test_1040_aligned.jpg,6,angry,test,angry,/gpfs0/bgu-vilenchi/users/sdolev/Thesis/VLMs/data/raf-db/aligned/test_1040_aligned.jpg
test_1041,data/raf-db/aligned/test_1041_aligned.jpg,3,disgust,test,sad,/gpfs0/bgu-vilenchi/users/sdolev/Thesis/VLMs/data/raf-db/aligned/test_1041_aligned.jpg
test_1042,data/raf-db/aligned/test_1042_aligned.jpg,5,sad,test,neutral,/gpfs0/bgu-vilenchi/users/sdolev/Thesis/VLMs/data/raf-db/aligned/test_1042_aligned.jpg
test_1043,data/raf-db/aligned/test_1043_aligned.jpg,5,sad,test,sad,/gpfs0/bgu-vilenchi/users/sdolev/Thesis/VLMs/data/raf-db/aligned/test_1043_aligned.jpg
test_1044,data/raf-db/aligned/test_1044_aligned.jpg,4,happy,test,happy,/gpfs0/bgu-vilenchi/users/sdolev/Thesis/VLMs/data/raf-db/aligned/test_1044_aligned.jpg
test_1045,data/raf-db/aligned/test_1045_aligned.jpg,4,happy,test,happy,/gpfs0/bgu-vilenchi/users/sdolev/Thesis/VLMs/data/raf-db/aligned/test_1045_aligned.jpg
test_1046,data/raf-db/aligned/test_1046_aligned.jpg,4,happy,test,happy,/gpfs0/bgu-vilenchi/users/sdolev/Thesis/VLMs/data/raf-db/aligned/test_1046_aligned.jpg
test_1047,data/raf-db/aligned/test_1047_aligned.jpg,4,happy,test,neutral,/gpfs0/bgu-vilenchi/users/sdolev/Thesis/VLMs/data/raf-db/aligned/test_1047_aligned.jpg
test_1048,data/raf-db/aligned/test_1048_aligned.jpg,3,disgust,test,angry,/gpfs0/bgu-vilenchi/users/sdolev/Thesis/VLMs/data/raf-db/aligned/test_1048_aligned.jpg
test_1049,data/raf-db/aligned/test_1049_aligned.jpg,5,sad,test,neutral,/gpfs0/bgu-vilenchi/users/sdolev/Thesis/VLMs/data/raf-db/aligned/test_1049_aligned.jpg
test_1050,data/raf-db/aligned/test_1050_aligned.jpg,6,angry,test,surprise,/gpfs0/bgu-vilenchi/users/sdolev/Thesis/VLMs/data/raf-db/aligned/test_1050_aligned.jpg
test_1051,data/raf-db/aligned/test_1051_aligned.jpg,5,sad,test,sad,/gpfs0/bgu-vilenchi/users/sdolev/Thesis/VLMs/data/raf-db/aligned/test_1051_aligned.jpg
test_1052,data/raf-db/aligned/test_1052_aligned.jpg,5,sad,test,sad,/gpfs0/bgu-vilenchi/users/sdolev/Thesis/VLMs/data/raf-db/aligned/test_1052_aligned.jpg
test_1053,data/raf-db/aligned/test_1053_aligned.jpg,4,happy,test,happy,/gpfs0/bgu-vilenchi/users/sdolev/Thesis/VLMs/data/raf-db/aligned/test_1053_aligned.jpg
test_1054,data/raf-db/aligned/test_1054_aligned.jpg,5,sad,test,sad,/gpfs0/bgu-vilenchi/users/sdolev/Thesis/VLMs/data/raf-db/aligned/test_1054_aligned.jpg
test_1055,data/raf-db/aligned/test_1055_aligned.jpg,1,surprise,test,surprise,/gpfs0/bgu-vilenchi/users/sdolev/Thesis/VLMs/data/raf-db/aligned/test_1055_aligned.jpg
test_1056,data/raf-db/aligned/test_1056_aligned.jpg,4,happy,test,happy,/gpfs0/bgu-vilenchi/users/sdolev/Thesis/VLMs/data/raf-db/aligned/test_1056_aligned.jpg
test_1057,data/raf-db/aligned/test_1057_aligned.jpg,1,surprise,test,surprise,/gpfs0/bgu-vilenchi/users/sdolev/Thesis/VLMs/data/raf-db/aligned/test_1057_aligned.jpg
test_1058,data/raf-db/aligned/test_1058_aligned.jpg,6,angry,test,angry,/gpfs0/bgu-vilenchi/users/sdolev/Thesis/VLMs/data/raf-db/aligned/test_1058_aligned.jpg
test_1059,data/raf-db/aligned/test_1059_aligned.jpg,6,angry,test,angry,/gpfs0/bgu-vilenchi/users/sdolev/Thesis/VLMs/data/raf-db/aligned/test_1059_aligned.jpg
test_1060,data/raf-db/aligned/test_1060_aligned.jpg,5,sad,test,sad,/gpfs0/bgu-vilenchi/users/sdolev/Thesis/VLMs/data/raf-db/aligned/test_1060_aligned.jpg
test_1061,data/raf-db/aligned/test_1061_aligned.jpg,6,angry,test,surprise,/gpfs0/bgu-vilenchi/users/sdolev/Thesis/VLMs/data/raf-db/aligned/test_1061_aligned.jpg
test_1062,data/raf-db/aligned/test_1062_aligned.jpg,4,happy,test,happy,/gpfs0/bgu-vilenchi/users/sdolev/Thesis/VLMs/data/raf-db/aligned/test_1062_aligned.jpg
test_1063,data/raf-db/aligned/test_1063_aligned.jpg,4,happy,test,happy,/gpfs0/bgu-vilenchi/users/sdolev/Thesis/VLMs/data/raf-db/aligned/test_1063_aligned.jpg
test_1064,data/raf-db/aligned/test_1064_aligned.jpg,1,surprise,test,surprise,/gpfs0/bgu-vilenchi/users/sdolev/Thesis/VLMs/data/raf-db/aligned/test_1064_aligned.jpg
test_1065,data/raf-db/aligned/test_1065_aligned.jpg,5,sad,test,sad,/gpfs0/bgu-vilenchi/users/sdolev/Thesis/VLMs/data/raf-db/aligned/test_1065_aligned.jpg
test_1066,data/raf-db/aligned/test_1066_aligned.jpg,5,sad,test,sad,/gpfs0/bgu-vilenchi/users/sdolev/Thesis/VLMs/data/raf-db/aligned/test_1066_aligned.jpg
test_1067,data/raf-db/aligned/test_1067_aligned.jpg,4,happy,test,happy,/gpfs0/bgu-vilenchi/users/sdolev/Thesis/VLMs/data/raf-db/aligned/test_1067_aligned.jpg
test_1068,data/raf-db/aligned/test_1068_aligned.jpg,4,happy,test,happy,/gpfs0/bgu-vilenchi/users/sdolev/Thesis/VLMs/data/raf-db/aligned/test_1068_aligned.jpg
test_1069,data/raf-db/aligned/test_1069_aligned.jpg,4,happy,test,happy,/gpfs0/bgu-vilenchi/users/sdolev/Thesis/VLMs/data/raf-db/aligned/test_1069_aligned.jpg
test_1070,data/raf-db/aligned/test_1070_aligned.jpg,4,happy,test,happy,/gpfs0/bgu-vilenchi/users/sdolev/Thesis/VLMs/data/raf-db/aligned/test_1070_aligned.jpg
test_1071,data/raf-db/aligned/test_1071_aligned.jpg,1,surprise,test,surprise,/gpfs0/bgu-vilenchi/users/sdolev/Thesis/VLMs/data/raf-db/aligned/test_1071_aligned.jpg
test_1072,data/raf-db/aligned/test_1072_aligned.jpg,1,surprise,test,surprise,/gpfs0/bgu-vilenchi/users/sdolev/Thesis/VLMs/data/raf-db/aligned/test_1072_aligned.jpg
test_1073,data/raf-db/aligned/test_1073_aligned.jpg,4,happy,test,happy,/gpfs0/bgu-vilenchi/users/sdolev/Thesis/VLMs/data/raf-db/aligned/test_1073_aligned.jpg
test_1074,data/raf-db/aligned/test_1074_aligned.jpg,5,sad,test,sad,/gpfs0/bgu-vilenchi/users/sdolev/Thesis/VLMs/data/raf-db/aligned/test_1074_aligned.jpg
test_1075,data/raf-db/aligned/test_1075_aligned.jpg,4,happy,test,happy,/gpfs0/bgu-vilenchi/users/sdolev/Thesis/VLMs/data/raf-db/aligned/test_1075_aligned.jpg
test_1076,data/raf-db/aligned/test_1076_aligned.jpg,5,sad,test,sad,/gpfs0/bgu-vilenchi/users/sdolev/Thesis/VLMs/data/raf-db/aligned/test_1076_aligned.jpg
test_1077,data/raf-db/aligned/test_1077_aligned.jpg,1,surprise,test,surprise,/gpfs0/bgu-vilenchi/users/sdolev/Thesis/VLMs/data/raf-db/aligned/test_1077_aligned.jpg
test_1078,data/raf-db/aligned/test_1078_aligned.jpg,5,sad,test,sad,/gpfs0/bgu-vilenchi/users/sdolev/Thesis/VLMs/data/raf-db/aligned/test_1078_aligned.jpg
test_1079,data/raf-db/aligned/test_1079_aligned.jpg,5,sad,test,sad,/gpfs0/bgu-vilenchi/users/sdolev/Thesis/VLMs/data/raf-db/aligned/test_1079_aligned.jpg
test_1080,data/raf-db/aligned/test_1080_aligned.jpg,1,surprise,test,surprise,/gpfs0/bgu-vilenchi/users/sdolev/Thesis/VLMs/data/raf-db/aligned/test_1080_aligned.jpg
test_1081,data/raf-db/aligned/test_1081_aligned.jpg,5,sad,test,sad,/gpfs0/bgu-vilenchi/users/sdolev/Thesis/VLMs/data/raf-db/aligned/test_1081_aligned.jpg
test_1082,data/raf-db/aligned/test_1082_aligned.jpg,5,sad,test,sad,/gpfs0/bgu-vilenchi/users/sdolev/Thesis/VLMs/data/raf-db/aligned/test_1082_aligned.jpg
test_1083,data/raf-db/aligned/test_1083_aligned.jpg,5,sad,test,sad,/gpfs0/bgu-vilenchi/users/sdolev/Thesis/VLMs/data/raf-db/aligned/test_1083_aligned.jpg
test_1084,data/raf-db/aligned/test_1084_aligned.jpg,5,sad,test,sad,/gpfs0/bgu-vilenchi/users/sdolev/Thesis/VLMs/data/raf-db/aligned/test_1084_aligned.jpg
test_1085,data/raf-db/aligned/test_1085_aligned.jpg,5,sad,test,sad,/gpfs0/bgu-vilenchi/users/sdolev/Thesis/VLMs/data/raf-db/aligned/test_1085_aligned.jpg
test_1086,data/raf-db/aligned/test_1086_aligned.jpg,5,sad,test,sad,/gpfs0/bgu-vilenchi/users/sdolev/Thesis/VLMs/data/raf-db/aligned/test_1086_aligned.jpg
test_1087,data/raf-db/aligned/test_1087_aligned.jpg,5,sad,test,sad,/gpfs0/bgu-vilenchi/users/sdolev/Thesis/VLMs/data/raf-db/aligned/test_1087_aligned.jpg
test_1088,data/raf-db/aligned/test_1088_aligned.jpg,5,sad,test,sad,/gpfs0/bgu-vilenchi/users/sdolev/Thesis/VLMs/data/raf-db/aligned/test_1088_aligned.jpg
test_1089,data/raf-db/aligned/test_1089_aligned.jpg,4,happy,test,happy,/gpfs0/bgu-vilenchi/users/sdolev/Thesis/VLMs/data/raf-db/aligned/test_1089_aligned.jpg
test_1090,data/raf-db/aligned/test_1090_aligned.jpg,5,sad,test,sad,/gpfs0/bgu-vilenchi/users/sdolev/Thesis/VLMs/data/raf-db/aligned/test_1090_aligned.jpg
test_1091,data/raf-db/aligned/test_1091_aligned.jpg,5,sad,test,sad,/gpfs0/bgu-vilenchi/users/sdolev/Thesis/VLMs/data/raf-db/aligned/test_1091_aligned.jpg
test_1092,data/raf-db/aligned/test_1092_aligned.jpg,3,disgust,test,surprise,/gpfs0/bgu-vilenchi/users/sdolev/Thesis/VLMs/data/raf-db/aligned/test_1092_aligned.jpg
test_1093,data/raf-db/aligned/test_1093_aligned.jpg,4,happy,test,happy,/gpfs0/bgu-vilenchi/users/sdolev/Thesis/VLMs/data/raf-db/aligned/test_1093_aligned.jpg
test_1094,data/raf-db/aligned/test_1094_aligned.jpg,5,sad,test,sad,/gpfs0/bgu-vilenchi/users/sdolev/Thesis/VLMs/data/raf-db/aligned/test_1094_aligned.jpg
test_1095,data/raf-db/aligned/test_1095_aligned.jpg,5,sad,test,surprise,/gpfs0/bgu-vilenchi/users/sdolev/Thesis/VLMs/data/raf-db/aligned/test_1095_aligned.jpg
test_1096,data/raf-db/aligned/test_1096_aligned.jpg,4,happy,test,happy,/gpfs0/bgu-vilenchi/users/sdolev/Thesis/VLMs/data/raf-db/aligned/test_1096_aligned.jpg
test_1097,data/raf-db/aligned/test_1097_aligned.jpg,4,happy,test,happy,/gpfs0/bgu-vilenchi/users/sdolev/Thesis/VLMs/data/raf-db/aligned/test_1097_aligned.jpg
test_1098,data/raf-db/aligned/test_1098_aligned.jpg,5,sad,test,neutral,/gpfs0/bgu-vilenchi/users/sdolev/Thesis/VLMs/data/raf-db/aligned/test_1098_aligned.jpg
test_1099,data/raf-db/aligned/test_1099_aligned.jpg,3,disgust,test,neutral,/gpfs0/bgu-vilenchi/users/sdolev/Thesis/VLMs/data/raf-db/aligned/test_1099_aligned.jpg
test_1100,data/raf-db/aligned/test_1100_aligned.jpg,4,happy,test,neutral,/gpfs0/bgu-vilenchi/users/sdolev/Thesis/VLMs/data/raf-db/aligned/test_1100_aligned.jpg
test_1101,data/raf-db/aligned/test_1101_aligned.jpg,4,happy,test,happy,/gpfs0/bgu-vilenchi/users/sdolev/Thesis/VLMs/data/raf-db/aligned/test_1101_aligned.jpg
test_1102,data/raf-db/aligned/test_1102_aligned.jpg,4,happy,test,happy,/gpfs0/bgu-vilenchi/users/sdolev/Thesis/VLMs/data/raf-db/aligned/test_1102_aligned.jpg
test_1103,data/raf-db/aligned/test_1103_aligned.jpg,1,surprise,test,surprise,/gpfs0/bgu-vilenchi/users/sdolev/Thesis/VLMs/data/raf-db/aligned/test_1103_aligned.jpg
test_1104,data/raf-db/aligned/test_1104_aligned.jpg,5,sad,test,sad,/gpfs0/bgu-vilenchi/users/sdolev/Thesis/VLMs/data/raf-db/aligned/test_1104_aligned.jpg
test_1105,data/raf-db/aligned/test_1105_aligned.jpg,1,surprise,test,surprise,/gpfs0/bgu-vilenchi/users/sdolev/Thesis/VLMs/data/raf-db/aligned/test_1105_aligned.jpg
test_1106,data/raf-db/aligned/test_1106_aligned.jpg,1,surprise,test,surprise,/gpfs0/bgu-vilenchi/users/sdolev/Thesis/VLMs/data/raf-db/aligned/test_1106_aligned.jpg
test_1107,data/raf-db/aligned/test_1107_aligned.jpg,4,happy,test,happy,/gpfs0/bgu-vilenchi/users/sdolev/Thesis/VLMs/data/raf-db/aligned/test_1107_aligned.jpg
test_1108,data/raf-db/aligned/test_1108_aligned.jpg,1,surprise,test,surprise,/gpfs0/bgu-vilenchi/users/sdolev/Thesis/VLMs/data/raf-db/aligned/test_1108_aligned.jpg
test_1109,data/raf-db/aligned/test_1109_aligned.jpg,6,angry,test,angry,/gpfs0/bgu-vilenchi/users/sdolev/Thesis/VLMs/data/raf-db/aligned/test_1109_aligned.jpg
test_1110,data/raf-db/aligned/test_1110_aligned.jpg,3,disgust,test,angry,/gpfs0/bgu-vilenchi/users/sdolev/Thesis/VLMs/data/raf-db/aligned/test_1110_aligned.jpg
test_1111,data/raf-db/aligned/test_1111_aligned.jpg,4,happy,test,happy,/gpfs0/bgu-vilenchi/users/sdolev/Thesis/VLMs/data/raf-db/aligned/test_1111_aligned.jpg
test_1112,data/raf-db/aligned/test_1112_aligned.jpg,5,sad,test,sad,/gpfs0/bgu-vilenchi/users/sdolev/Thesis/VLMs/data/raf-db/aligned/test_1112_aligned.jpg
test_1113,data/raf-db/aligned/test_1113_aligned.jpg,4,happy,test,happy,/gpfs0/bgu-vilenchi/users/sdolev/Thesis/VLMs/data/raf-db/aligned/test_1113_aligned.jpg
test_1114,data/raf-db/aligned/test_1114_aligned.jpg,4,happy,test,happy,/gpfs0/bgu-vilenchi/users/sdolev/Thesis/VLMs/data/raf-db/aligned/test_1114_aligned.jpg
test_1115,data/raf-db/aligned/test_1115_aligned.jpg,6,angry,test,surprise,/gpfs0/bgu-vilenchi/users/sdolev/Thesis/VLMs/data/raf-db/aligned/test_1115_aligned.jpg
test_1116,data/raf-db/aligned/test_1116_aligned.jpg,5,sad,test,sad,/gpfs0/bgu-vilenchi/users/sdolev/Thesis/VLMs/data/raf-db/aligned/test_1116_aligned.jpg
test_1117,data/raf-db/aligned/test_1117_aligned.jpg,4,happy,test,surprise,/gpfs0/bgu-vilenchi/users/sdolev/Thesis/VLMs/data/raf-db/aligned/test_1117_aligned.jpg
test_1118,data/raf-db/aligned/test_1118_aligned.jpg,5,sad,test,sad,/gpfs0/bgu-vilenchi/users/sdolev/Thesis/VLMs/data/raf-db/aligned/test_1118_aligned.jpg
test_1119,data/raf-db/aligned/test_1119_aligned.jpg,1,surprise,test,surprise,/gpfs0/bgu-vilenchi/users/sdolev/Thesis/VLMs/data/raf-db/aligned/test_1119_aligned.jpg
test_1120,data/raf-db/aligned/test_1120_aligned.jpg,4,happy,test,happy,/gpfs0/bgu-vilenchi/users/sdolev/Thesis/VLMs/data/raf-db/aligned/test_1120_aligned.jpg
test_1121,data/raf-db/aligned/test_1121_aligned.jpg,5,sad,test,sad,/gpfs0/bgu-vilenchi/users/sdolev/Thesis/VLMs/data/raf-db/aligned/test_1121_aligned.jpg
test_1122,data/raf-db/aligned/test_1122_aligned.jpg,4,happy,test,happy,/gpfs0/bgu-vilenchi/users/sdolev/Thesis/VLMs/data/raf-db/aligned/test_1122_aligned.jpg
test_1123,data/raf-db/aligned/test_1123_aligned.jpg,4,happy,test,happy,/gpfs0/bgu-vilenchi/users/sdolev/Thesis/VLMs/data/raf-db/aligned/test_1123_aligned.jpg
test_1124,data/raf-db/aligned/test_1124_aligned.jpg,5,sad,test,surprise,/gpfs0/bgu-vilenchi/users/sdolev/Thesis/VLMs/data/raf-db/aligned/test_1124_aligned.jpg
test_1125,data/raf-db/aligned/test_1125_aligned.jpg,4,happy,test,happy,/gpfs0/bgu-vilenchi/users/sdolev/Thesis/VLMs/data/raf-db/aligned/test_1125_aligned.jpg
test_1126,data/raf-db/aligned/test_1126_aligned.jpg,4,happy,test,happy,/gpfs0/bgu-vilenchi/users/sdolev/Thesis/VLMs/data/raf-db/aligned/test_1126_aligned.jpg
test_1127,data/raf-db/aligned/test_1127_aligned.jpg,6,angry,test,angry,/gpfs0/bgu-vilenchi/users/sdolev/Thesis/VLMs/data/raf-db/aligned/test_1127_aligned.jpg
test_1128,data/raf-db/aligned/test_1128_aligned.jpg,4,happy,test,happy,/gpfs0/bgu-vilenchi/users/sdolev/Thesis/VLMs/data/raf-db/aligned/test_1128_aligned.jpg
test_1129,data/raf-db/aligned/test_1129_aligned.jpg,1,surprise,test,surprise,/gpfs0/bgu-vilenchi/users/sdolev/Thesis/VLMs/data/raf-db/aligned/test_1129_aligned.jpg
test_1130,data/raf-db/aligned/test_1130_aligned.jpg,4,happy,test,neutral,/gpfs0/bgu-vilenchi/users/sdolev/Thesis/VLMs/data/raf-db/aligned/test_1130_aligned.jpg
test_1131,data/raf-db/aligned/test_1131_aligned.jpg,5,sad,test,sad,/gpfs0/bgu-vilenchi/users/sdolev/Thesis/VLMs/data/raf-db/aligned/test_1131_aligned.jpg
test_1132,data/raf-db/aligned/test_1132_aligned.jpg,6,angry,test,angry,/gpfs0/bgu-vilenchi/users/sdolev/Thesis/VLMs/data/raf-db/aligned/test_1132_aligned.jpg
test_1133,data/raf-db/aligned/test_1133_aligned.jpg,5,sad,test,sad,/gpfs0/bgu-vilenchi/users/sdolev/Thesis/VLMs/data/raf-db/aligned/test_1133_aligned.jpg
test_1134,data/raf-db/aligned/test_1134_aligned.jpg,1,surprise,test,surprise,/gpfs0/bgu-vilenchi/users/sdolev/Thesis/VLMs/data/raf-db/aligned/test_1134_aligned.jpg
test_1135,data/raf-db/aligned/test_1135_aligned.jpg,4,happy,test,happy,/gpfs0/bgu-vilenchi/users/sdolev/Thesis/VLMs/data/raf-db/aligned/test_1135_aligned.jpg
test_1136,data/raf-db/aligned/test_1136_aligned.jpg,1,surprise,test,surprise,/gpfs0/bgu-vilenchi/users/sdolev/Thesis/VLMs/data/raf-db/aligned/test_1136_aligned.jpg
test_1137,data/raf-db/aligned/test_1137_aligned.jpg,5,sad,test,sad,/gpfs0/bgu-vilenchi/users/sdolev/Thesis/VLMs/data/raf-db/aligned/test_1137_aligned.jpg
test_1138,data/raf-db/aligned/test_1138_aligned.jpg,1,surprise,test,surprise,/gpfs0/bgu-vilenchi/users/sdolev/Thesis/VLMs/data/raf-db/aligned/test_1138_aligned.jpg
test_1139,data/raf-db/aligned/test_1139_aligned.jpg,5,sad,test,disgust,/gpfs0/bgu-vilenchi/users/sdolev/Thesis/VLMs/data/raf-db/aligned/test_1139_aligned.jpg
test_1140,data/raf-db/aligned/test_1140_aligned.jpg,4,happy,test,happy,/gpfs0/bgu-vilenchi/users/sdolev/Thesis/VLMs/data/raf-db/aligned/test_1140_aligned.jpg
test_1141,data/raf-db/aligned/test_1141_aligned.jpg,5,sad,test,neutral,/gpfs0/bgu-vilenchi/users/sdolev/Thesis/VLMs/data/raf-db/aligned/test_1141_aligned.jpg
test_1142,data/raf-db/aligned/test_1142_aligned.jpg,5,sad,test,sad,/gpfs0/bgu-vilenchi/users/sdolev/Thesis/VLMs/data/raf-db/aligned/test_1142_aligned.jpg
test_1143,data/raf-db/aligned/test_1143_aligned.jpg,4,happy,test,happy,/gpfs0/bgu-vilenchi/users/sdolev/Thesis/VLMs/data/raf-db/aligned/test_1143_aligned.jpg
test_1144,data/raf-db/aligned/test_1144_aligned.jpg,4,happy,test,happy,/gpfs0/bgu-vilenchi/users/sdolev/Thesis/VLMs/data/raf-db/aligned/test_1144_aligned.jpg
test_1145,data/raf-db/aligned/test_1145_aligned.jpg,1,surprise,test,surprise,/gpfs0/bgu-vilenchi/users/sdolev/Thesis/VLMs/data/raf-db/aligned/test_1145_aligned.jpg
test_1146,data/raf-db/aligned/test_1146_aligned.jpg,1,surprise,test,surprise,/gpfs0/bgu-vilenchi/users/sdolev/Thesis/VLMs/data/raf-db/aligned/test_1146_aligned.jpg
test_1147,data/raf-db/aligned/test_1147_aligned.jpg,4,happy,test,happy,/gpfs0/bgu-vilenchi/users/sdolev/Thesis/VLMs/data/raf-db/aligned/test_1147_aligned.jpg
test_1148,data/raf-db/aligned/test_1148_aligned.jpg,5,sad,test,sad,/gpfs0/bgu-vilenchi/users/sdolev/Thesis/VLMs/data/raf-db/aligned/test_1148_aligned.jpg
test_1149,data/raf-db/aligned/test_1149_aligned.jpg,5,sad,test,sad,/gpfs0/bgu-vilenchi/users/sdolev/Thesis/VLMs/data/raf-db/aligned/test_1149_aligned.jpg
test_1150,data/raf-db/aligned/test_1150_aligned.jpg,1,surprise,test,neutral,/gpfs0/bgu-vilenchi/users/sdolev/Thesis/VLMs/data/raf-db/aligned/test_1150_aligned.jpg
test_1151,data/raf-db/aligned/test_1151_aligned.jpg,4,happy,test,happy,/gpfs0/bgu-vilenchi/users/sdolev/Thesis/VLMs/data/raf-db/aligned/test_1151_aligned.jpg
test_1152,data/raf-db/aligned/test_1152_aligned.jpg,4,happy,test,happy,/gpfs0/bgu-vilenchi/users/sdolev/Thesis/VLMs/data/raf-db/aligned/test_1152_aligned.jpg
test_1153,data/raf-db/aligned/test_1153_aligned.jpg,4,happy,test,happy,/gpfs0/bgu-vilenchi/users/sdolev/Thesis/VLMs/data/raf-db/aligned/test_1153_aligned.jpg
test_1154,data/raf-db/aligned/test_1154_aligned.jpg,5,sad,test,sad,/gpfs0/bgu-vilenchi/users/sdolev/Thesis/VLMs/data/raf-db/aligned/test_1154_aligned.jpg
test_1155,data/raf-db/aligned/test_1155_aligned.jpg,4,happy,test,neutral,/gpfs0/bgu-vilenchi/users/sdolev/Thesis/VLMs/data/raf-db/aligned/test_1155_aligned.jpg
test_1156,data/raf-db/aligned/test_1156_aligned.jpg,5,sad,test,sad,/gpfs0/bgu-vilenchi/users/sdolev/Thesis/VLMs/data/raf-db/aligned/test_1156_aligned.jpg
test_1157,data/raf-db/aligned/test_1157_aligned.jpg,1,surprise,test,surprise,/gpfs0/bgu-vilenchi/users/sdolev/Thesis/VLMs/data/raf-db/aligned/test_1157_aligned.jpg
test_1158,data/raf-db/aligned/test_1158_aligned.jpg,5,sad,test,neutral,/gpfs0/bgu-vilenchi/users/sdolev/Thesis/VLMs/data/raf-db/aligned/test_1158_aligned.jpg
test_1159,data/raf-db/aligned/test_1159_aligned.jpg,4,happy,test,happy,/gpfs0/bgu-vilenchi/users/sdolev/Thesis/VLMs/data/raf-db/aligned/test_1159_aligned.jpg
test_1160,data/raf-db/aligned/test_1160_aligned.jpg,5,sad,test,sad,/gpfs0/bgu-vilenchi/users/sdolev/Thesis/VLMs/data/raf-db/aligned/test_1160_aligned.jpg
test_1161,data/raf-db/aligned/test_1161_aligned.jpg,5,sad,test,surprise,/gpfs0/bgu-vilenchi/users/sdolev/Thesis/VLMs/data/raf-db/aligned/test_1161_aligned.jpg
test_1162,data/raf-db/aligned/test_1162_aligned.jpg,5,sad,test,happy,/gpfs0/bgu-vilenchi/users/sdolev/Thesis/VLMs/data/raf-db/aligned/test_1162_aligned.jpg
test_1163,data/raf-db/aligned/test_1163_aligned.jpg,4,happy,test,neutral,/gpfs0/bgu-vilenchi/users/sdolev/Thesis/VLMs/data/raf-db/aligned/test_1163_aligned.jpg
test_1164,data/raf-db/aligned/test_1164_aligned.jpg,4,happy,test,happy,/gpfs0/bgu-vilenchi/users/sdolev/Thesis/VLMs/data/raf-db/aligned/test_1164_aligned.jpg
test_1165,data/raf-db/aligned/test_1165_aligned.jpg,1,surprise,test,surprise,/gpfs0/bgu-vilenchi/users/sdolev/Thesis/VLMs/data/raf-db/aligned/test_1165_aligned.jpg
test_1166,data/raf-db/aligned/test_1166_aligned.jpg,1,surprise,test,surprise,/gpfs0/bgu-vilenchi/users/sdolev/Thesis/VLMs/data/raf-db/aligned/test_1166_aligned.jpg
test_1167,data/raf-db/aligned/test_1167_aligned.jpg,4,happy,test,happy,/gpfs0/bgu-vilenchi/users/sdolev/Thesis/VLMs/data/raf-db/aligned/test_1167_aligned.jpg
test_1168,data/raf-db/aligned/test_1168_aligned.jpg,3,disgust,test,disgust,/gpfs0/bgu-vilenchi/users/sdolev/Thesis/VLMs/data/raf-db/aligned/test_1168_aligned.jpg
test_1169,data/raf-db/aligned/test_1169_aligned.jpg,4,happy,test,neutral,/gpfs0/bgu-vilenchi/users/sdolev/Thesis/VLMs/data/raf-db/aligned/test_1169_aligned.jpg
test_1170,data/raf-db/aligned/test_1170_aligned.jpg,4,happy,test,happy,/gpfs0/bgu-vilenchi/users/sdolev/Thesis/VLMs/data/raf-db/aligned/test_1170_aligned.jpg
test_1171,data/raf-db/aligned/test_1171_aligned.jpg,4,happy,test,neutral,/gpfs0/bgu-vilenchi/users/sdolev/Thesis/VLMs/data/raf-db/aligned/test_1171_aligned.jpg
test_1172,data/raf-db/aligned/test_1172_aligned.jpg,4,happy,test,happy,/gpfs0/bgu-vilenchi/users/sdolev/Thesis/VLMs/data/raf-db/aligned/test_1172_aligned.jpg
test_1173,data/raf-db/aligned/test_1173_aligned.jpg,1,surprise,test,surprise,/gpfs0/bgu-vilenchi/users/sdolev/Thesis/VLMs/data/raf-db/aligned/test_1173_aligned.jpg
test_1174,data/raf-db/aligned/test_1174_aligned.jpg,5,sad,test,happy,/gpfs0/bgu-vilenchi/users/sdolev/Thesis/VLMs/data/raf-db/aligned/test_1174_aligned.jpg
test_1175,data/raf-db/aligned/test_1175_aligned.jpg,4,happy,test,happy,/gpfs0/bgu-vilenchi/users/sdolev/Thesis/VLMs/data/raf-db/aligned/test_1175_aligned.jpg
test_1176,data/raf-db/aligned/test_1176_aligned.jpg,4,happy,test,happy,/gpfs0/bgu-vilenchi/users/sdolev/Thesis/VLMs/data/raf-db/aligned/test_1176_aligned.jpg
test_1177,data/raf-db/aligned/test_1177_aligned.jpg,4,happy,test,happy,/gpfs0/bgu-vilenchi/users/sdolev/Thesis/VLMs/data/raf-db/aligned/test_1177_aligned.jpg
test_1178,data/raf-db/aligned/test_1178_aligned.jpg,6,angry,test,happy,/gpfs0/bgu-vilenchi/users/sdolev/Thesis/VLMs/data/raf-db/aligned/test_1178_aligned.jpg
test_1179,data/raf-db/aligned/test_1179_aligned.jpg,4,happy,test,happy,/gpfs0/bgu-vilenchi/users/sdolev/Thesis/VLMs/data/raf-db/aligned/test_1179_aligned.jpg
test_1180,data/raf-db/aligned/test_1180_aligned.jpg,4,happy,test,happy,/gpfs0/bgu-vilenchi/users/sdolev/Thesis/VLMs/data/raf-db/aligned/test_1180_aligned.jpg
test_1181,data/raf-db/aligned/test_1181_aligned.jpg,4,happy,test,happy,/gpfs0/bgu-vilenchi/users/sdolev/Thesis/VLMs/data/raf-db/aligned/test_1181_aligned.jpg
test_1182,data/raf-db/aligned/test_1182_aligned.jpg,4,happy,test,happy,/gpfs0/bgu-vilenchi/users/sdolev/Thesis/VLMs/data/raf-db/aligned/test_1182_aligned.jpg
test_1183,data/raf-db/aligned/test_1183_aligned.jpg,5,sad,test,neutral,/gpfs0/bgu-vilenchi/users/sdolev/Thesis/VLMs/data/raf-db/aligned/test_1183_aligned.jpg
test_1184,data/raf-db/aligned/test_1184_aligned.jpg,4,happy,test,happy,/gpfs0/bgu-vilenchi/users/sdolev/Thesis/VLMs/data/raf-db/aligned/test_1184_aligned.jpg
test_1185,data/raf-db/aligned/test_1185_aligned.jpg,5,sad,test,happy,/gpfs0/bgu-vilenchi/users/sdolev/Thesis/VLMs/data/raf-db/aligned/test_1185_aligned.jpg
test_1186,data/raf-db/aligned/test_1186_aligned.jpg,5,sad,test,sad,/gpfs0/bgu-vilenchi/users/sdolev/Thesis/VLMs/data/raf-db/aligned/test_1186_aligned.jpg
test_1187,data/raf-db/aligned/test_1187_aligned.jpg,5,sad,test,neutral,/gpfs0/bgu-vilenchi/users/sdolev/Thesis/VLMs/data/raf-db/aligned/test_1187_aligned.jpg
test_1188,data/raf-db/aligned/test_1188_aligned.jpg,1,surprise,test,surprise,/gpfs0/bgu-vilenchi/users/sdolev/Thesis/VLMs/data/raf-db/aligned/test_1188_aligned.jpg
test_1189,data/raf-db/aligned/test_1189_aligned.jpg,4,happy,test,happy,/gpfs0/bgu-vilenchi/users/sdolev/Thesis/VLMs/data/raf-db/aligned/test_1189_aligned.jpg
test_1190,data/raf-db/aligned/test_1190_aligned.jpg,6,angry,test,angry,/gpfs0/bgu-vilenchi/users/sdolev/Thesis/VLMs/data/raf-db/aligned/test_1190_aligned.jpg
test_1191,data/raf-db/aligned/test_1191_aligned.jpg,4,happy,test,happy,/gpfs0/bgu-vilenchi/users/sdolev/Thesis/VLMs/data/raf-db/aligned/test_1191_aligned.jpg
test_1192,data/raf-db/aligned/test_1192_aligned.jpg,6,angry,test,angry,/gpfs0/bgu-vilenchi/users/sdolev/Thesis/VLMs/data/raf-db/aligned/test_1192_aligned.jpg
test_1193,data/raf-db/aligned/test_1193_aligned.jpg,4,happy,test,happy,/gpfs0/bgu-vilenchi/users/sdolev/Thesis/VLMs/data/raf-db/aligned/test_1193_aligned.jpg
test_1194,data/raf-db/aligned/test_1194_aligned.jpg,1,surprise,test,surprise,/gpfs0/bgu-vilenchi/users/sdolev/Thesis/VLMs/data/raf-db/aligned/test_1194_aligned.jpg
test_1195,data/raf-db/aligned/test_1195_aligned.jpg,5,sad,test,sad,/gpfs0/bgu-vilenchi/users/sdolev/Thesis/VLMs/data/raf-db/aligned/test_1195_aligned.jpg
test_1196,data/raf-db/aligned/test_1196_aligned.jpg,4,happy,test,happy,/gpfs0/bgu-vilenchi/users/sdolev/Thesis/VLMs/data/raf-db/aligned/test_1196_aligned.jpg
test_1197,data/raf-db/aligned/test_1197_aligned.jpg,4,happy,test,neutral,/gpfs0/bgu-vilenchi/users/sdolev/Thesis/VLMs/data/raf-db/aligned/test_1197_aligned.jpg
test_1198,data/raf-db/aligned/test_1198_aligned.jpg,5,sad,test,neutral,/gpfs0/bgu-vilenchi/users/sdolev/Thesis/VLMs/data/raf-db/aligned/test_1198_aligned.jpg
test_1199,data/raf-db/aligned/test_1199_aligned.jpg,5,sad,test,neutral,/gpfs0/bgu-vilenchi/users/sdolev/Thesis/VLMs/data/raf-db/aligned/test_1199_aligned.jpg
test_1200,data/raf-db/aligned/test_1200_aligned.jpg,6,angry,test,angry,/gpfs0/bgu-vilenchi/users/sdolev/Thesis/VLMs/data/raf-db/aligned/test_1200_aligned.jpg
test_1201,data/raf-db/aligned/test_1201_aligned.jpg,4,happy,test,happy,/gpfs0/bgu-vilenchi/users/sdolev/Thesis/VLMs/data/raf-db/aligned/test_1201_aligned.jpg
test_1202,data/raf-db/aligned/test_1202_aligned.jpg,4,happy,test,happy,/gpfs0/bgu-vilenchi/users/sdolev/Thesis/VLMs/data/raf-db/aligned/test_1202_aligned.jpg
test_1203,data/raf-db/aligned/test_1203_aligned.jpg,1,surprise,test,surprise,/gpfs0/bgu-vilenchi/users/sdolev/Thesis/VLMs/data/raf-db/aligned/test_1203_aligned.jpg
test_1204,data/raf-db/aligned/test_1204_aligned.jpg,1,surprise,test,surprise,/gpfs0/bgu-vilenchi/users/sdolev/Thesis/VLMs/data/raf-db/aligned/test_1204_aligned.jpg
test_1205,data/raf-db/aligned/test_1205_aligned.jpg,4,happy,test,happy,/gpfs0/bgu-vilenchi/users/sdolev/Thesis/VLMs/data/raf-db/aligned/test_1205_aligned.jpg
test_1206,data/raf-db/aligned/test_1206_aligned.jpg,4,happy,test,happy,/gpfs0/bgu-vilenchi/users/sdolev/Thesis/VLMs/data/raf-db/aligned/test_1206_aligned.jpg
test_1207,data/raf-db/aligned/test_1207_aligned.jpg,1,surprise,test,happy,/gpfs0/bgu-vilenchi/users/sdolev/Thesis/VLMs/data/raf-db/aligned/test_1207_aligned.jpg
test_1208,data/raf-db/aligned/test_1208_aligned.jpg,4,happy,test,happy,/gpfs0/bgu-vilenchi/users/sdolev/Thesis/VLMs/data/raf-db/aligned/test_1208_aligned.jpg
test_1209,data/raf-db/aligned/test_1209_aligned.jpg,4,happy,test,happy,/gpfs0/bgu-vilenchi/users/sdolev/Thesis/VLMs/data/raf-db/aligned/test_1209_aligned.jpg
test_1210,data/raf-db/aligned/test_1210_aligned.jpg,1,surprise,test,surprise,/gpfs0/bgu-vilenchi/users/sdolev/Thesis/VLMs/data/raf-db/aligned/test_1210_aligned.jpg
test_1211,data/raf-db/aligned/test_1211_aligned.jpg,1,surprise,test,neutral,/gpfs0/bgu-vilenchi/users/sdolev/Thesis/VLMs/data/raf-db/aligned/test_1211_aligned.jpg
test_1212,data/raf-db/aligned/test_1212_aligned.jpg,5,sad,test,neutral,/gpfs0/bgu-vilenchi/users/sdolev/Thesis/VLMs/data/raf-db/aligned/test_1212_aligned.jpg
test_1213,data/raf-db/aligned/test_1213_aligned.jpg,4,happy,test,happy,/gpfs0/bgu-vilenchi/users/sdolev/Thesis/VLMs/data/raf-db/aligned/test_1213_aligned.jpg
test_1214,data/raf-db/aligned/test_1214_aligned.jpg,4,happy,test,happy,/gpfs0/bgu-vilenchi/users/sdolev/Thesis/VLMs/data/raf-db/aligned/test_1214_aligned.jpg
test_1215,data/raf-db/aligned/test_1215_aligned.jpg,4,happy,test,happy,/gpfs0/bgu-vilenchi/users/sdolev/Thesis/VLMs/data/raf-db/aligned/test_1215_aligned.jpg
test_1216,data/raf-db/aligned/test_1216_aligned.jpg,4,happy,test,surprise,/gpfs0/bgu-vilenchi/users/sdolev/Thesis/VLMs/data/raf-db/aligned/test_1216_aligned.jpg
test_1217,data/raf-db/aligned/test_1217_aligned.jpg,6,angry,test,angry,/gpfs0/bgu-vilenchi/users/sdolev/Thesis/VLMs/data/raf-db/aligned/test_1217_aligned.jpg
test_1218,data/raf-db/aligned/test_1218_aligned.jpg,4,happy,test,happy,/gpfs0/bgu-vilenchi/users/sdolev/Thesis/VLMs/data/raf-db/aligned/test_1218_aligned.jpg
test_1219,data/raf-db/aligned/test_1219_aligned.jpg,4,happy,test,neutral,/gpfs0/bgu-vilenchi/users/sdolev/Thesis/VLMs/data/raf-db/aligned/test_1219_aligned.jpg
test_1220,data/raf-db/aligned/test_1220_aligned.jpg,4,happy,test,happy,/gpfs0/bgu-vilenchi/users/sdolev/Thesis/VLMs/data/raf-db/aligned/test_1220_aligned.jpg
test_1221,data/raf-db/aligned/test_1221_aligned.jpg,5,sad,test,happy,/gpfs0/bgu-vilenchi/users/sdolev/Thesis/VLMs/data/raf-db/aligned/test_1221_aligned.jpg
test_1222,data/raf-db/aligned/test_1222_aligned.jpg,4,happy,test,happy,/gpfs0/bgu-vilenchi/users/sdolev/Thesis/VLMs/data/raf-db/aligned/test_1222_aligned.jpg
test_1223,data/raf-db/aligned/test_1223_aligned.jpg,5,sad,test,sad,/gpfs0/bgu-vilenchi/users/sdolev/Thesis/VLMs/data/raf-db/aligned/test_1223_aligned.jpg
test_1224,data/raf-db/aligned/test_1224_aligned.jpg,5,sad,test,happy,/gpfs0/bgu-vilenchi/users/sdolev/Thesis/VLMs/data/raf-db/aligned/test_1224_aligned.jpg
test_1225,data/raf-db/aligned/test_1225_aligned.jpg,4,happy,test,neutral,/gpfs0/bgu-vilenchi/users/sdolev/Thesis/VLMs/data/raf-db/aligned/test_1225_aligned.jpg
test_1226,data/raf-db/aligned/test_1226_aligned.jpg,4,happy,test,happy,/gpfs0/bgu-vilenchi/users/sdolev/Thesis/VLMs/data/raf-db/aligned/test_1226_aligned.jpg
test_1227,data/raf-db/aligned/test_1227_aligned.jpg,1,surprise,test,surprise,/gpfs0/bgu-vilenchi/users/sdolev/Thesis/VLMs/data/raf-db/aligned/test_1227_aligned.jpg
test_1228,data/raf-db/aligned/test_1228_aligned.jpg,5,sad,test,surprise,/gpfs0/bgu-vilenchi/users/sdolev/Thesis/VLMs/data/raf-db/aligned/test_1228_aligned.jpg
test_1229,data/raf-db/aligned/test_1229_aligned.jpg,4,happy,test,neutral,/gpfs0/bgu-vilenchi/users/sdolev/Thesis/VLMs/data/raf-db/aligned/test_1229_aligned.jpg
test_1230,data/raf-db/aligned/test_1230_aligned.jpg,4,happy,test,happy,/gpfs0/bgu-vilenchi/users/sdolev/Thesis/VLMs/data/raf-db/aligned/test_1230_aligned.jpg
test_1231,data/raf-db/aligned/test_1231_aligned.jpg,4,happy,test,happy,/gpfs0/bgu-vilenchi/users/sdolev/Thesis/VLMs/data/raf-db/aligned/test_1231_aligned.jpg
test_1232,data/raf-db/aligned/test_1232_aligned.jpg,4,happy,test,happy,/gpfs0/bgu-vilenchi/users/sdolev/Thesis/VLMs/data/raf-db/aligned/test_1232_aligned.jpg
test_1233,data/raf-db/aligned/test_1233_aligned.jpg,5,sad,test,sad,/gpfs0/bgu-vilenchi/users/sdolev/Thesis/VLMs/data/raf-db/aligned/test_1233_aligned.jpg
test_1234,data/raf-db/aligned/test_1234_aligned.jpg,6,angry,test,angry,/gpfs0/bgu-vilenchi/users/sdolev/Thesis/VLMs/data/raf-db/aligned/test_1234_aligned.jpg
test_1235,data/raf-db/aligned/test_1235_aligned.jpg,4,happy,test,happy,/gpfs0/bgu-vilenchi/users/sdolev/Thesis/VLMs/data/raf-db/aligned/test_1235_aligned.jpg
test_1236,data/raf-db/aligned/test_1236_aligned.jpg,4,happy,test,happy,/gpfs0/bgu-vilenchi/users/sdolev/Thesis/VLMs/data/raf-db/aligned/test_1236_aligned.jpg
test_1237,data/raf-db/aligned/test_1237_aligned.jpg,3,disgust,test,neutral,/gpfs0/bgu-vilenchi/users/sdolev/Thesis/VLMs/data/raf-db/aligned/test_1237_aligned.jpg
test_1238,data/raf-db/aligned/test_1238_aligned.jpg,3,disgust,test,neutral,/gpfs0/bgu-vilenchi/users/sdolev/Thesis/VLMs/data/raf-db/aligned/test_1238_aligned.jpg
test_1239,data/raf-db/aligned/test_1239_aligned.jpg,4,happy,test,happy,/gpfs0/bgu-vilenchi/users/sdolev/Thesis/VLMs/data/raf-db/aligned/test_1239_aligned.jpg
test_1240,data/raf-db/aligned/test_1240_aligned.jpg,4,happy,test,happy,/gpfs0/bgu-vilenchi/users/sdolev/Thesis/VLMs/data/raf-db/aligned/test_1240_aligned.jpg
test_1241,data/raf-db/aligned/test_1241_aligned.jpg,5,sad,test,sad,/gpfs0/bgu-vilenchi/users/sdolev/Thesis/VLMs/data/raf-db/aligned/test_1241_aligned.jpg
test_1242,data/raf-db/aligned/test_1242_aligned.jpg,4,happy,test,happy,/gpfs0/bgu-vilenchi/users/sdolev/Thesis/VLMs/data/raf-db/aligned/test_1242_aligned.jpg
test_1243,data/raf-db/aligned/test_1243_aligned.jpg,4,happy,test,neutral,/gpfs0/bgu-vilenchi/users/sdolev/Thesis/VLMs/data/raf-db/aligned/test_1243_aligned.jpg
test_1244,data/raf-db/aligned/test_1244_aligned.jpg,1,surprise,test,surprise,/gpfs0/bgu-vilenchi/users/sdolev/Thesis/VLMs/data/raf-db/aligned/test_1244_aligned.jpg
test_1245,data/raf-db/aligned/test_1245_aligned.jpg,5,sad,test,sad,/gpfs0/bgu-vilenchi/users/sdolev/Thesis/VLMs/data/raf-db/aligned/test_1245_aligned.jpg
test_1246,data/raf-db/aligned/test_1246_aligned.jpg,5,sad,test,sad,/gpfs0/bgu-vilenchi/users/sdolev/Thesis/VLMs/data/raf-db/aligned/test_1246_aligned.jpg
test_1247,data/raf-db/aligned/test_1247_aligned.jpg,4,happy,test,happy,/gpfs0/bgu-vilenchi/users/sdolev/Thesis/VLMs/data/raf-db/aligned/test_1247_aligned.jpg
test_1248,data/raf-db/aligned/test_1248_aligned.jpg,5,sad,test,neutral,/gpfs0/bgu-vilenchi/users/sdolev/Thesis/VLMs/data/raf-db/aligned/test_1248_aligned.jpg
test_1249,data/raf-db/aligned/test_1249_aligned.jpg,4,happy,test,happy,/gpfs0/bgu-vilenchi/users/sdolev/Thesis/VLMs/data/raf-db/aligned/test_1249_aligned.jpg
test_1250,data/raf-db/aligned/test_1250_aligned.jpg,1,surprise,test,surprise,/gpfs0/bgu-vilenchi/users/sdolev/Thesis/VLMs/data/raf-db/aligned/test_1250_aligned.jpg
test_1251,data/raf-db/aligned/test_1251_aligned.jpg,1,surprise,test,surprise,/gpfs0/bgu-vilenchi/users/sdolev/Thesis/VLMs/data/raf-db/aligned/test_1251_aligned.jpg
test_1252,data/raf-db/aligned/test_1252_aligned.jpg,4,happy,test,surprise,/gpfs0/bgu-vilenchi/users/sdolev/Thesis/VLMs/data/raf-db/aligned/test_1252_aligned.jpg
test_1253,data/raf-db/aligned/test_1253_aligned.jpg,4,happy,test,happy,/gpfs0/bgu-vilenchi/users/sdolev/Thesis/VLMs/data/raf-db/aligned/test_1253_aligned.jpg
test_1254,data/raf-db/aligned/test_1254_aligned.jpg,1,surprise,test,surprise,/gpfs0/bgu-vilenchi/users/sdolev/Thesis/VLMs/data/raf-db/aligned/test_1254_aligned.jpg
test_1255,data/raf-db/aligned/test_1255_aligned.jpg,4,happy,test,neutral,/gpfs0/bgu-vilenchi/users/sdolev/Thesis/VLMs/data/raf-db/aligned/test_1255_aligned.jpg
test_1256,data/raf-db/aligned/test_1256_aligned.jpg,5,sad,test,sad,/gpfs0/bgu-vilenchi/users/sdolev/Thesis/VLMs/data/raf-db/aligned/test_1256_aligned.jpg
test_1257,data/raf-db/aligned/test_1257_aligned.jpg,4,happy,test,neutral,/gpfs0/bgu-vilenchi/users/sdolev/Thesis/VLMs/data/raf-db/aligned/test_1257_aligned.jpg
test_1258,data/raf-db/aligned/test_1258_aligned.jpg,1,surprise,test,surprise,/gpfs0/bgu-vilenchi/users/sdolev/Thesis/VLMs/data/raf-db/aligned/test_1258_aligned.jpg
test_1259,data/raf-db/aligned/test_1259_aligned.jpg,5,sad,test,sad,/gpfs0/bgu-vilenchi/users/sdolev/Thesis/VLMs/data/raf-db/aligned/test_1259_aligned.jpg
test_1260,data/raf-db/aligned/test_1260_aligned.jpg,4,happy,test,happy,/gpfs0/bgu-vilenchi/users/sdolev/Thesis/VLMs/data/raf-db/aligned/test_1260_aligned.jpg
test_1261,data/raf-db/aligned/test_1261_aligned.jpg,1,surprise,test,surprise,/gpfs0/bgu-vilenchi/users/sdolev/Thesis/VLMs/data/raf-db/aligned/test_1261_aligned.jpg
test_1262,data/raf-db/aligned/test_1262_aligned.jpg,5,sad,test,sad,/gpfs0/bgu-vilenchi/users/sdolev/Thesis/VLMs/data/raf-db/aligned/test_1262_aligned.jpg
test_1263,data/raf-db/aligned/test_1263_aligned.jpg,6,angry,test,angry,/gpfs0/bgu-vilenchi/users/sdolev/Thesis/VLMs/data/raf-db/aligned/test_1263_aligned.jpg
test_1264,data/raf-db/aligned/test_1264_aligned.jpg,4,happy,test,happy,/gpfs0/bgu-vilenchi/users/sdolev/Thesis/VLMs/data/raf-db/aligned/test_1264_aligned.jpg
test_1265,data/raf-db/aligned/test_1265_aligned.jpg,4,happy,test,neutral,/gpfs0/bgu-vilenchi/users/sdolev/Thesis/VLMs/data/raf-db/aligned/test_1265_aligned.jpg
test_1266,data/raf-db/aligned/test_1266_aligned.jpg,1,surprise,test,surprise,/gpfs0/bgu-vilenchi/users/sdolev/Thesis/VLMs/data/raf-db/aligned/test_1266_aligned.jpg
test_1267,data/raf-db/aligned/test_1267_aligned.jpg,1,surprise,test,surprise,/gpfs0/bgu-vilenchi/users/sdolev/Thesis/VLMs/data/raf-db/aligned/test_1267_aligned.jpg
test_1268,data/raf-db/aligned/test_1268_aligned.jpg,5,sad,test,sad,/gpfs0/bgu-vilenchi/users/sdolev/Thesis/VLMs/data/raf-db/aligned/test_1268_aligned.jpg
test_1269,data/raf-db/aligned/test_1269_aligned.jpg,4,happy,test,happy,/gpfs0/bgu-vilenchi/users/sdolev/Thesis/VLMs/data/raf-db/aligned/test_1269_aligned.jpg
test_1270,data/raf-db/aligned/test_1270_aligned.jpg,3,disgust,test,disgust,/gpfs0/bgu-vilenchi/users/sdolev/Thesis/VLMs/data/raf-db/aligned/test_1270_aligned.jpg
test_1271,data/raf-db/aligned/test_1271_aligned.jpg,1,surprise,test,surprise,/gpfs0/bgu-vilenchi/users/sdolev/Thesis/VLMs/data/raf-db/aligned/test_1271_aligned.jpg
test_1272,data/raf-db/aligned/test_1272_aligned.jpg,5,sad,test,neutral,/gpfs0/bgu-vilenchi/users/sdolev/Thesis/VLMs/data/raf-db/aligned/test_1272_aligned.jpg
test_1273,data/raf-db/aligned/test_1273_aligned.jpg,4,happy,test,happy,/gpfs0/bgu-vilenchi/users/sdolev/Thesis/VLMs/data/raf-db/aligned/test_1273_aligned.jpg
test_1274,data/raf-db/aligned/test_1274_aligned.jpg,4,happy,test,happy,/gpfs0/bgu-vilenchi/users/sdolev/Thesis/VLMs/data/raf-db/aligned/test_1274_aligned.jpg
test_1275,data/raf-db/aligned/test_1275_aligned.jpg,4,happy,test,happy,/gpfs0/bgu-vilenchi/users/sdolev/Thesis/VLMs/data/raf-db/aligned/test_1275_aligned.jpg
test_1276,data/raf-db/aligned/test_1276_aligned.jpg,4,happy,test,happy,/gpfs0/bgu-vilenchi/users/sdolev/Thesis/VLMs/data/raf-db/aligned/test_1276_aligned.jpg
test_1277,data/raf-db/aligned/test_1277_aligned.jpg,5,sad,test,sad,/gpfs0/bgu-vilenchi/users/sdolev/Thesis/VLMs/data/raf-db/aligned/test_1277_aligned.jpg
test_1278,data/raf-db/aligned/test_1278_aligned.jpg,1,surprise,test,surprise,/gpfs0/bgu-vilenchi/users/sdolev/Thesis/VLMs/data/raf-db/aligned/test_1278_aligned.jpg
test_1279,data/raf-db/aligned/test_1279_aligned.jpg,5,sad,test,sad,/gpfs0/bgu-vilenchi/users/sdolev/Thesis/VLMs/data/raf-db/aligned/test_1279_aligned.jpg
test_1280,data/raf-db/aligned/test_1280_aligned.jpg,1,surprise,test,surprise,/gpfs0/bgu-vilenchi/users/sdolev/Thesis/VLMs/data/raf-db/aligned/test_1280_aligned.jpg
test_1281,data/raf-db/aligned/test_1281_aligned.jpg,6,angry,test,angry,/gpfs0/bgu-vilenchi/users/sdolev/Thesis/VLMs/data/raf-db/aligned/test_1281_aligned.jpg
test_1282,data/raf-db/aligned/test_1282_aligned.jpg,1,surprise,test,surprise,/gpfs0/bgu-vilenchi/users/sdolev/Thesis/VLMs/data/raf-db/aligned/test_1282_aligned.jpg
test_1283,data/raf-db/aligned/test_1283_aligned.jpg,1,surprise,test,surprise,/gpfs0/bgu-vilenchi/users/sdolev/Thesis/VLMs/data/raf-db/aligned/test_1283_aligned.jpg
test_1284,data/raf-db/aligned/test_1284_aligned.jpg,4,happy,test,happy,/gpfs0/bgu-vilenchi/users/sdolev/Thesis/VLMs/data/raf-db/aligned/test_1284_aligned.jpg
test_1285,data/raf-db/aligned/test_1285_aligned.jpg,1,surprise,test,surprise,/gpfs0/bgu-vilenchi/users/sdolev/Thesis/VLMs/data/raf-db/aligned/test_1285_aligned.jpg
test_1286,data/raf-db/aligned/test_1286_aligned.jpg,4,happy,test,happy,/gpfs0/bgu-vilenchi/users/sdolev/Thesis/VLMs/data/raf-db/aligned/test_1286_aligned.jpg
test_1287,data/raf-db/aligned/test_1287_aligned.jpg,4,happy,test,happy,/gpfs0/bgu-vilenchi/users/sdolev/Thesis/VLMs/data/raf-db/aligned/test_1287_aligned.jpg
test_1288,data/raf-db/aligned/test_1288_aligned.jpg,4,happy,test,happy,/gpfs0/bgu-vilenchi/users/sdolev/Thesis/VLMs/data/raf-db/aligned/test_1288_aligned.jpg
test_1289,data/raf-db/aligned/test_1289_aligned.jpg,6,angry,test,angry,/gpfs0/bgu-vilenchi/users/sdolev/Thesis/VLMs/data/raf-db/aligned/test_1289_aligned.jpg
test_1290,data/raf-db/aligned/test_1290_aligned.jpg,4,happy,test,neutral,/gpfs0/bgu-vilenchi/users/sdolev/Thesis/VLMs/data/raf-db/aligned/test_1290_aligned.jpg
test_1291,data/raf-db/aligned/test_1291_aligned.jpg,4,happy,test,happy,/gpfs0/bgu-vilenchi/users/sdolev/Thesis/VLMs/data/raf-db/aligned/test_1291_aligned.jpg
test_1292,data/raf-db/aligned/test_1292_aligned.jpg,4,happy,test,happy,/gpfs0/bgu-vilenchi/users/sdolev/Thesis/VLMs/data/raf-db/aligned/test_1292_aligned.jpg
test_1293,data/raf-db/aligned/test_1293_aligned.jpg,5,sad,test,happy,/gpfs0/bgu-vilenchi/users/sdolev/Thesis/VLMs/data/raf-db/aligned/test_1293_aligned.jpg
test_1294,data/raf-db/aligned/test_1294_aligned.jpg,6,angry,test,surprise,/gpfs0/bgu-vilenchi/users/sdolev/Thesis/VLMs/data/raf-db/aligned/test_1294_aligned.jpg
test_1295,data/raf-db/aligned/test_1295_aligned.jpg,4,happy,test,happy,/gpfs0/bgu-vilenchi/users/sdolev/Thesis/VLMs/data/raf-db/aligned/test_1295_aligned.jpg
test_1296,data/raf-db/aligned/test_1296_aligned.jpg,4,happy,test,happy,/gpfs0/bgu-vilenchi/users/sdolev/Thesis/VLMs/data/raf-db/aligned/test_1296_aligned.jpg
test_1297,data/raf-db/aligned/test_1297_aligned.jpg,4,happy,test,happy,/gpfs0/bgu-vilenchi/users/sdolev/Thesis/VLMs/data/raf-db/aligned/test_1297_aligned.jpg
test_1298,data/raf-db/aligned/test_1298_aligned.jpg,4,happy,test,happy,/gpfs0/bgu-vilenchi/users/sdolev/Thesis/VLMs/data/raf-db/aligned/test_1298_aligned.jpg
test_1299,data/raf-db/aligned/test_1299_aligned.jpg,4,happy,test,happy,/gpfs0/bgu-vilenchi/users/sdolev/Thesis/VLMs/data/raf-db/aligned/test_1299_aligned.jpg
test_1300,data/raf-db/aligned/test_1300_aligned.jpg,5,sad,test,sad,/gpfs0/bgu-vilenchi/users/sdolev/Thesis/VLMs/data/raf-db/aligned/test_1300_aligned.jpg
test_1301,data/raf-db/aligned/test_1301_aligned.jpg,6,angry,test,angry,/gpfs0/bgu-vilenchi/users/sdolev/Thesis/VLMs/data/raf-db/aligned/test_1301_aligned.jpg
test_1302,data/raf-db/aligned/test_1302_aligned.jpg,4,happy,test,happy,/gpfs0/bgu-vilenchi/users/sdolev/Thesis/VLMs/data/raf-db/aligned/test_1302_aligned.jpg
test_1303,data/raf-db/aligned/test_1303_aligned.jpg,5,sad,test,sad,/gpfs0/bgu-vilenchi/users/sdolev/Thesis/VLMs/data/raf-db/aligned/test_1303_aligned.jpg
test_1304,data/raf-db/aligned/test_1304_aligned.jpg,3,disgust,test,anger,/gpfs0/bgu-vilenchi/users/sdolev/Thesis/VLMs/data/raf-db/aligned/test_1304_aligned.jpg
test_1305,data/raf-db/aligned/test_1305_aligned.jpg,6,angry,test,angry,/gpfs0/bgu-vilenchi/users/sdolev/Thesis/VLMs/data/raf-db/aligned/test_1305_aligned.jpg
test_1306,data/raf-db/aligned/test_1306_aligned.jpg,5,sad,test,sad,/gpfs0/bgu-vilenchi/users/sdolev/Thesis/VLMs/data/raf-db/aligned/test_1306_aligned.jpg
test_1307,data/raf-db/aligned/test_1307_aligned.jpg,4,happy,test,happy,/gpfs0/bgu-vilenchi/users/sdolev/Thesis/VLMs/data/raf-db/aligned/test_1307_aligned.jpg
test_1308,data/raf-db/aligned/test_1308_aligned.jpg,4,happy,test,neutral,/gpfs0/bgu-vilenchi/users/sdolev/Thesis/VLMs/data/raf-db/aligned/test_1308_aligned.jpg
test_1309,data/raf-db/aligned/test_1309_aligned.jpg,6,angry,test,angry,/gpfs0/bgu-vilenchi/users/sdolev/Thesis/VLMs/data/raf-db/aligned/test_1309_aligned.jpg
test_1310,data/raf-db/aligned/test_1310_aligned.jpg,4,happy,test,happy,/gpfs0/bgu-vilenchi/users/sdolev/Thesis/VLMs/data/raf-db/aligned/test_1310_aligned.jpg
test_1311,data/raf-db/aligned/test_1311_aligned.jpg,4,happy,test,happy,/gpfs0/bgu-vilenchi/users/sdolev/Thesis/VLMs/data/raf-db/aligned/test_1311_aligned.jpg
test_1312,data/raf-db/aligned/test_1312_aligned.jpg,5,sad,test,sad,/gpfs0/bgu-vilenchi/users/sdolev/Thesis/VLMs/data/raf-db/aligned/test_1312_aligned.jpg
test_1313,data/raf-db/aligned/test_1313_aligned.jpg,4,happy,test,happy,/gpfs0/bgu-vilenchi/users/sdolev/Thesis/VLMs/data/raf-db/aligned/test_1313_aligned.jpg
test_1314,data/raf-db/aligned/test_1314_aligned.jpg,6,angry,test,angry,/gpfs0/bgu-vilenchi/users/sdolev/Thesis/VLMs/data/raf-db/aligned/test_1314_aligned.jpg
test_1315,data/raf-db/aligned/test_1315_aligned.jpg,5,sad,test,sad,/gpfs0/bgu-vilenchi/users/sdolev/Thesis/VLMs/data/raf-db/aligned/test_1315_aligned.jpg
test_1316,data/raf-db/aligned/test_1316_aligned.jpg,5,sad,test,sad,/gpfs0/bgu-vilenchi/users/sdolev/Thesis/VLMs/data/raf-db/aligned/test_1316_aligned.jpg
test_1317,data/raf-db/aligned/test_1317_aligned.jpg,1,surprise,test,neutral,/gpfs0/bgu-vilenchi/users/sdolev/Thesis/VLMs/data/raf-db/aligned/test_1317_aligned.jpg
test_1318,data/raf-db/aligned/test_1318_aligned.jpg,4,happy,test,happy,/gpfs0/bgu-vilenchi/users/sdolev/Thesis/VLMs/data/raf-db/aligned/test_1318_aligned.jpg
test_1319,data/raf-db/aligned/test_1319_aligned.jpg,4,happy,test,neutral,/gpfs0/bgu-vilenchi/users/sdolev/Thesis/VLMs/data/raf-db/aligned/test_1319_aligned.jpg
test_1320,data/raf-db/aligned/test_1320_aligned.jpg,1,surprise,test,surprise,/gpfs0/bgu-vilenchi/users/sdolev/Thesis/VLMs/data/raf-db/aligned/test_1320_aligned.jpg
test_1321,data/raf-db/aligned/test_1321_aligned.jpg,4,happy,test,happy,/gpfs0/bgu-vilenchi/users/sdolev/Thesis/VLMs/data/raf-db/aligned/test_1321_aligned.jpg
test_1322,data/raf-db/aligned/test_1322_aligned.jpg,4,happy,test,neutral,/gpfs0/bgu-vilenchi/users/sdolev/Thesis/VLMs/data/raf-db/aligned/test_1322_aligned.jpg
test_1323,data/raf-db/aligned/test_1323_aligned.jpg,4,happy,test,happy,/gpfs0/bgu-vilenchi/users/sdolev/Thesis/VLMs/data/raf-db/aligned/test_1323_aligned.jpg
test_1324,data/raf-db/aligned/test_1324_aligned.jpg,5,sad,test,sad,/gpfs0/bgu-vilenchi/users/sdolev/Thesis/VLMs/data/raf-db/aligned/test_1324_aligned.jpg
test_1325,data/raf-db/aligned/test_1325_aligned.jpg,4,happy,test,neutral,/gpfs0/bgu-vilenchi/users/sdolev/Thesis/VLMs/data/raf-db/aligned/test_1325_aligned.jpg
test_1326,data/raf-db/aligned/test_1326_aligned.jpg,5,sad,test,sad,/gpfs0/bgu-vilenchi/users/sdolev/Thesis/VLMs/data/raf-db/aligned/test_1326_aligned.jpg
test_1327,data/raf-db/aligned/test_1327_aligned.jpg,4,happy,test,happy,/gpfs0/bgu-vilenchi/users/sdolev/Thesis/VLMs/data/raf-db/aligned/test_1327_aligned.jpg
test_1328,data/raf-db/aligned/test_1328_aligned.jpg,1,surprise,test,surprise,/gpfs0/bgu-vilenchi/users/sdolev/Thesis/VLMs/data/raf-db/aligned/test_1328_aligned.jpg
test_1329,data/raf-db/aligned/test_1329_aligned.jpg,5,sad,test,sad,/gpfs0/bgu-vilenchi/users/sdolev/Thesis/VLMs/data/raf-db/aligned/test_1329_aligned.jpg
test_1330,data/raf-db/aligned/test_1330_aligned.jpg,6,angry,test,angry,/gpfs0/bgu-vilenchi/users/sdolev/Thesis/VLMs/data/raf-db/aligned/test_1330_aligned.jpg
test_1331,data/raf-db/aligned/test_1331_aligned.jpg,1,surprise,test,surprise,/gpfs0/bgu-vilenchi/users/sdolev/Thesis/VLMs/data/raf-db/aligned/test_1331_aligned.jpg
test_1332,data/raf-db/aligned/test_1332_aligned.jpg,1,surprise,test,surprise,/gpfs0/bgu-vilenchi/users/sdolev/Thesis/VLMs/data/raf-db/aligned/test_1332_aligned.jpg
test_1333,data/raf-db/aligned/test_1333_aligned.jpg,1,surprise,test,surprise,/gpfs0/bgu-vilenchi/users/sdolev/Thesis/VLMs/data/raf-db/aligned/test_1333_aligned.jpg
test_1334,data/raf-db/aligned/test_1334_aligned.jpg,1,surprise,test,surprise,/gpfs0/bgu-vilenchi/users/sdolev/Thesis/VLMs/data/raf-db/aligned/test_1334_aligned.jpg
test_1335,data/raf-db/aligned/test_1335_aligned.jpg,5,sad,test,sad,/gpfs0/bgu-vilenchi/users/sdolev/Thesis/VLMs/data/raf-db/aligned/test_1335_aligned.jpg
test_1336,data/raf-db/aligned/test_1336_aligned.jpg,6,angry,test,angry,/gpfs0/bgu-vilenchi/users/sdolev/Thesis/VLMs/data/raf-db/aligned/test_1336_aligned.jpg
test_1337,data/raf-db/aligned/test_1337_aligned.jpg,4,happy,test,neutral,/gpfs0/bgu-vilenchi/users/sdolev/Thesis/VLMs/data/raf-db/aligned/test_1337_aligned.jpg
test_1338,data/raf-db/aligned/test_1338_aligned.jpg,1,surprise,test,surprise,/gpfs0/bgu-vilenchi/users/sdolev/Thesis/VLMs/data/raf-db/aligned/test_1338_aligned.jpg
test_1339,data/raf-db/aligned/test_1339_aligned.jpg,1,surprise,test,surprise,/gpfs0/bgu-vilenchi/users/sdolev/Thesis/VLMs/data/raf-db/aligned/test_1339_aligned.jpg
test_1340,data/raf-db/aligned/test_1340_aligned.jpg,1,surprise,test,surprise,/gpfs0/bgu-vilenchi/users/sdolev/Thesis/VLMs/data/raf-db/aligned/test_1340_aligned.jpg
test_1341,data/raf-db/aligned/test_1341_aligned.jpg,1,surprise,test,surprise,/gpfs0/bgu-vilenchi/users/sdolev/Thesis/VLMs/data/raf-db/aligned/test_1341_aligned.jpg
test_1342,data/raf-db/aligned/test_1342_aligned.jpg,1,surprise,test,surprise,/gpfs0/bgu-vilenchi/users/sdolev/Thesis/VLMs/data/raf-db/aligned/test_1342_aligned.jpg
test_1343,data/raf-db/aligned/test_1343_aligned.jpg,5,sad,test,sad,/gpfs0/bgu-vilenchi/users/sdolev/Thesis/VLMs/data/raf-db/aligned/test_1343_aligned.jpg
test_1344,data/raf-db/aligned/test_1344_aligned.jpg,5,sad,test,sad,/gpfs0/bgu-vilenchi/users/sdolev/Thesis/VLMs/data/raf-db/aligned/test_1344_aligned.jpg
test_1345,data/raf-db/aligned/test_1345_aligned.jpg,1,surprise,test,surprise,/gpfs0/bgu-vilenchi/users/sdolev/Thesis/VLMs/data/raf-db/aligned/test_1345_aligned.jpg
test_1346,data/raf-db/aligned/test_1346_aligned.jpg,4,happy,test,happy,/gpfs0/bgu-vilenchi/users/sdolev/Thesis/VLMs/data/raf-db/aligned/test_1346_aligned.jpg
test_1347,data/raf-db/aligned/test_1347_aligned.jpg,1,surprise,test,surprise,/gpfs0/bgu-vilenchi/users/sdolev/Thesis/VLMs/data/raf-db/aligned/test_1347_aligned.jpg
test_1348,data/raf-db/aligned/test_1348_aligned.jpg,5,sad,test,sad,/gpfs0/bgu-vilenchi/users/sdolev/Thesis/VLMs/data/raf-db/aligned/test_1348_aligned.jpg
test_1349,data/raf-db/aligned/test_1349_aligned.jpg,5,sad,test,sad,/gpfs0/bgu-vilenchi/users/sdolev/Thesis/VLMs/data/raf-db/aligned/test_1349_aligned.jpg
test_1350,data/raf-db/aligned/test_1350_aligned.jpg,4,happy,test,happy,/gpfs0/bgu-vilenchi/users/sdolev/Thesis/VLMs/data/raf-db/aligned/test_1350_aligned.jpg
test_1351,data/raf-db/aligned/test_1351_aligned.jpg,4,happy,test,happy,/gpfs0/bgu-vilenchi/users/sdolev/Thesis/VLMs/data/raf-db/aligned/test_1351_aligned.jpg
test_1352,data/raf-db/aligned/test_1352_aligned.jpg,4,happy,test,happy,/gpfs0/bgu-vilenchi/users/sdolev/Thesis/VLMs/data/raf-db/aligned/test_1352_aligned.jpg
test_1353,data/raf-db/aligned/test_1353_aligned.jpg,4,happy,test,happy,/gpfs0/bgu-vilenchi/users/sdolev/Thesis/VLMs/data/raf-db/aligned/test_1353_aligned.jpg
test_1354,data/raf-db/aligned/test_1354_aligned.jpg,4,happy,test,happy,/gpfs0/bgu-vilenchi/users/sdolev/Thesis/VLMs/data/raf-db/aligned/test_1354_aligned.jpg
test_1355,data/raf-db/aligned/test_1355_aligned.jpg,5,sad,test,sad,/gpfs0/bgu-vilenchi/users/sdolev/Thesis/VLMs/data/raf-db/aligned/test_1355_aligned.jpg
test_1356,data/raf-db/aligned/test_1356_aligned.jpg,4,happy,test,happy,/gpfs0/bgu-vilenchi/users/sdolev/Thesis/VLMs/data/raf-db/aligned/test_1356_aligned.jpg
test_1357,data/raf-db/aligned/test_1357_aligned.jpg,4,happy,test,happy,/gpfs0/bgu-vilenchi/users/sdolev/Thesis/VLMs/data/raf-db/aligned/test_1357_aligned.jpg
test_1358,data/raf-db/aligned/test_1358_aligned.jpg,4,happy,test,happy,/gpfs0/bgu-vilenchi/users/sdolev/Thesis/VLMs/data/raf-db/aligned/test_1358_aligned.jpg
test_1359,data/raf-db/aligned/test_1359_aligned.jpg,4,happy,test,happy,/gpfs0/bgu-vilenchi/users/sdolev/Thesis/VLMs/data/raf-db/aligned/test_1359_aligned.jpg
test_1360,data/raf-db/aligned/test_1360_aligned.jpg,4,happy,test,happy,/gpfs0/bgu-vilenchi/users/sdolev/Thesis/VLMs/data/raf-db/aligned/test_1360_aligned.jpg
test_1361,data/raf-db/aligned/test_1361_aligned.jpg,4,happy,test,happy,/gpfs0/bgu-vilenchi/users/sdolev/Thesis/VLMs/data/raf-db/aligned/test_1361_aligned.jpg
test_1362,data/raf-db/aligned/test_1362_aligned.jpg,4,happy,test,happy,/gpfs0/bgu-vilenchi/users/sdolev/Thesis/VLMs/data/raf-db/aligned/test_1362_aligned.jpg
test_1363,data/raf-db/aligned/test_1363_aligned.jpg,4,happy,test,happy,/gpfs0/bgu-vilenchi/users/sdolev/Thesis/VLMs/data/raf-db/aligned/test_1363_aligned.jpg
test_1364,data/raf-db/aligned/test_1364_aligned.jpg,4,happy,test,happy,/gpfs0/bgu-vilenchi/users/sdolev/Thesis/VLMs/data/raf-db/aligned/test_1364_aligned.jpg
test_1365,data/raf-db/aligned/test_1365_aligned.jpg,5,sad,test,sad,/gpfs0/bgu-vilenchi/users/sdolev/Thesis/VLMs/data/raf-db/aligned/test_1365_aligned.jpg
test_1366,data/raf-db/aligned/test_1366_aligned.jpg,4,happy,test,neutral,/gpfs0/bgu-vilenchi/users/sdolev/Thesis/VLMs/data/raf-db/aligned/test_1366_aligned.jpg
test_1367,data/raf-db/aligned/test_1367_aligned.jpg,1,surprise,test,surprise,/gpfs0/bgu-vilenchi/users/sdolev/Thesis/VLMs/data/raf-db/aligned/test_1367_aligned.jpg
test_1368,data/raf-db/aligned/test_1368_aligned.jpg,5,sad,test,sad,/gpfs0/bgu-vilenchi/users/sdolev/Thesis/VLMs/data/raf-db/aligned/test_1368_aligned.jpg
test_1369,data/raf-db/aligned/test_1369_aligned.jpg,4,happy,test,happy,/gpfs0/bgu-vilenchi/users/sdolev/Thesis/VLMs/data/raf-db/aligned/test_1369_aligned.jpg
test_1370,data/raf-db/aligned/test_1370_aligned.jpg,5,sad,test,sad,/gpfs0/bgu-vilenchi/users/sdolev/Thesis/VLMs/data/raf-db/aligned/test_1370_aligned.jpg
test_1371,data/raf-db/aligned/test_1371_aligned.jpg,6,angry,test,angry,/gpfs0/bgu-vilenchi/users/sdolev/Thesis/VLMs/data/raf-db/aligned/test_1371_aligned.jpg
test_1372,data/raf-db/aligned/test_1372_aligned.jpg,5,sad,test,neutral,/gpfs0/bgu-vilenchi/users/sdolev/Thesis/VLMs/data/raf-db/aligned/test_1372_aligned.jpg
test_1373,data/raf-db/aligned/test_1373_aligned.jpg,6,angry,test,angry,/gpfs0/bgu-vilenchi/users/sdolev/Thesis/VLMs/data/raf-db/aligned/test_1373_aligned.jpg
test_1374,data/raf-db/aligned/test_1374_aligned.jpg,4,happy,test,happy,/gpfs0/bgu-vilenchi/users/sdolev/Thesis/VLMs/data/raf-db/aligned/test_1374_aligned.jpg
test_1375,data/raf-db/aligned/test_1375_aligned.jpg,1,surprise,test,surprise,/gpfs0/bgu-vilenchi/users/sdolev/Thesis/VLMs/data/raf-db/aligned/test_1375_aligned.jpg
test_1376,data/raf-db/aligned/test_1376_aligned.jpg,1,surprise,test,surprise,/gpfs0/bgu-vilenchi/users/sdolev/Thesis/VLMs/data/raf-db/aligned/test_1376_aligned.jpg
test_1377,data/raf-db/aligned/test_1377_aligned.jpg,5,sad,test,neutral,/gpfs0/bgu-vilenchi/users/sdolev/Thesis/VLMs/data/raf-db/aligned/test_1377_aligned.jpg
test_1378,data/raf-db/aligned/test_1378_aligned.jpg,1,surprise,test,surprise,/gpfs0/bgu-vilenchi/users/sdolev/Thesis/VLMs/data/raf-db/aligned/test_1378_aligned.jpg
test_1379,data/raf-db/aligned/test_1379_aligned.jpg,1,surprise,test,surprise,/gpfs0/bgu-vilenchi/users/sdolev/Thesis/VLMs/data/raf-db/aligned/test_1379_aligned.jpg
test_1380,data/raf-db/aligned/test_1380_aligned.jpg,4,happy,test,happy,/gpfs0/bgu-vilenchi/users/sdolev/Thesis/VLMs/data/raf-db/aligned/test_1380_aligned.jpg
test_1381,data/raf-db/aligned/test_1381_aligned.jpg,5,sad,test,sad,/gpfs0/bgu-vilenchi/users/sdolev/Thesis/VLMs/data/raf-db/aligned/test_1381_aligned.jpg
test_1382,data/raf-db/aligned/test_1382_aligned.jpg,5,sad,test,sad,/gpfs0/bgu-vilenchi/users/sdolev/Thesis/VLMs/data/raf-db/aligned/test_1382_aligned.jpg
test_1383,data/raf-db/aligned/test_1383_aligned.jpg,4,happy,test,surprise,/gpfs0/bgu-vilenchi/users/sdolev/Thesis/VLMs/data/raf-db/aligned/test_1383_aligned.jpg
test_1384,data/raf-db/aligned/test_1384_aligned.jpg,4,happy,test,happy,/gpfs0/bgu-vilenchi/users/sdolev/Thesis/VLMs/data/raf-db/aligned/test_1384_aligned.jpg
test_1385,data/raf-db/aligned/test_1385_aligned.jpg,6,angry,test,angry,/gpfs0/bgu-vilenchi/users/sdolev/Thesis/VLMs/data/raf-db/aligned/test_1385_aligned.jpg
test_1386,data/raf-db/aligned/test_1386_aligned.jpg,5,sad,test,sad,/gpfs0/bgu-vilenchi/users/sdolev/Thesis/VLMs/data/raf-db/aligned/test_1386_aligned.jpg
test_1387,data/raf-db/aligned/test_1387_aligned.jpg,4,happy,test,neutral,/gpfs0/bgu-vilenchi/users/sdolev/Thesis/VLMs/data/raf-db/aligned/test_1387_aligned.jpg
test_1388,data/raf-db/aligned/test_1388_aligned.jpg,4,happy,test,surprise,/gpfs0/bgu-vilenchi/users/sdolev/Thesis/VLMs/data/raf-db/aligned/test_1388_aligned.jpg
test_1389,data/raf-db/aligned/test_1389_aligned.jpg,3,disgust,test,surprise,/gpfs0/bgu-vilenchi/users/sdolev/Thesis/VLMs/data/raf-db/aligned/test_1389_aligned.jpg
test_1390,data/raf-db/aligned/test_1390_aligned.jpg,3,disgust,test,disgust,/gpfs0/bgu-vilenchi/users/sdolev/Thesis/VLMs/data/raf-db/aligned/test_1390_aligned.jpg
test_1391,data/raf-db/aligned/test_1391_aligned.jpg,6,angry,test,happy,/gpfs0/bgu-vilenchi/users/sdolev/Thesis/VLMs/data/raf-db/aligned/test_1391_aligned.jpg
test_1392,data/raf-db/aligned/test_1392_aligned.jpg,4,happy,test,happy,/gpfs0/bgu-vilenchi/users/sdolev/Thesis/VLMs/data/raf-db/aligned/test_1392_aligned.jpg
test_1393,data/raf-db/aligned/test_1393_aligned.jpg,4,happy,test,happy,/gpfs0/bgu-vilenchi/users/sdolev/Thesis/VLMs/data/raf-db/aligned/test_1393_aligned.jpg
test_1394,data/raf-db/aligned/test_1394_aligned.jpg,4,happy,test,happy,/gpfs0/bgu-vilenchi/users/sdolev/Thesis/VLMs/data/raf-db/aligned/test_1394_aligned.jpg
test_1395,data/raf-db/aligned/test_1395_aligned.jpg,4,happy,test,happy,/gpfs0/bgu-vilenchi/users/sdolev/Thesis/VLMs/data/raf-db/aligned/test_1395_aligned.jpg
test_1396,data/raf-db/aligned/test_1396_aligned.jpg,5,sad,test,sad,/gpfs0/bgu-vilenchi/users/sdolev/Thesis/VLMs/data/raf-db/aligned/test_1396_aligned.jpg
test_1397,data/raf-db/aligned/test_1397_aligned.jpg,5,sad,test,neutral,/gpfs0/bgu-vilenchi/users/sdolev/Thesis/VLMs/data/raf-db/aligned/test_1397_aligned.jpg
test_1398,data/raf-db/aligned/test_1398_aligned.jpg,4,happy,test,happy,/gpfs0/bgu-vilenchi/users/sdolev/Thesis/VLMs/data/raf-db/aligned/test_1398_aligned.jpg
test_1399,data/raf-db/aligned/test_1399_aligned.jpg,5,sad,test,sad,/gpfs0/bgu-vilenchi/users/sdolev/Thesis/VLMs/data/raf-db/aligned/test_1399_aligned.jpg
test_1400,data/raf-db/aligned/test_1400_aligned.jpg,1,surprise,test,surprise,/gpfs0/bgu-vilenchi/users/sdolev/Thesis/VLMs/data/raf-db/aligned/test_1400_aligned.jpg
test_1401,data/raf-db/aligned/test_1401_aligned.jpg,4,happy,test,happy,/gpfs0/bgu-vilenchi/users/sdolev/Thesis/VLMs/data/raf-db/aligned/test_1401_aligned.jpg
test_1402,data/raf-db/aligned/test_1402_aligned.jpg,4,happy,test,happy,/gpfs0/bgu-vilenchi/users/sdolev/Thesis/VLMs/data/raf-db/aligned/test_1402_aligned.jpg
test_1403,data/raf-db/aligned/test_1403_aligned.jpg,1,surprise,test,surprise,/gpfs0/bgu-vilenchi/users/sdolev/Thesis/VLMs/data/raf-db/aligned/test_1403_aligned.jpg
test_1404,data/raf-db/aligned/test_1404_aligned.jpg,6,angry,test,angry,/gpfs0/bgu-vilenchi/users/sdolev/Thesis/VLMs/data/raf-db/aligned/test_1404_aligned.jpg
test_1405,data/raf-db/aligned/test_1405_aligned.jpg,4,happy,test,neutral,/gpfs0/bgu-vilenchi/users/sdolev/Thesis/VLMs/data/raf-db/aligned/test_1405_aligned.jpg
test_1406,data/raf-db/aligned/test_1406_aligned.jpg,4,happy,test,happy,/gpfs0/bgu-vilenchi/users/sdolev/Thesis/VLMs/data/raf-db/aligned/test_1406_aligned.jpg
test_1407,data/raf-db/aligned/test_1407_aligned.jpg,4,happy,test,happy,/gpfs0/bgu-vilenchi/users/sdolev/Thesis/VLMs/data/raf-db/aligned/test_1407_aligned.jpg
test_1408,data/raf-db/aligned/test_1408_aligned.jpg,5,sad,test,sad,/gpfs0/bgu-vilenchi/users/sdolev/Thesis/VLMs/data/raf-db/aligned/test_1408_aligned.jpg
test_1409,data/raf-db/aligned/test_1409_aligned.jpg,4,happy,test,neutral,/gpfs0/bgu-vilenchi/users/sdolev/Thesis/VLMs/data/raf-db/aligned/test_1409_aligned.jpg
test_1410,data/raf-db/aligned/test_1410_aligned.jpg,4,happy,test,happy,/gpfs0/bgu-vilenchi/users/sdolev/Thesis/VLMs/data/raf-db/aligned/test_1410_aligned.jpg
test_1411,data/raf-db/aligned/test_1411_aligned.jpg,5,sad,test,sad,/gpfs0/bgu-vilenchi/users/sdolev/Thesis/VLMs/data/raf-db/aligned/test_1411_aligned.jpg
test_1412,data/raf-db/aligned/test_1412_aligned.jpg,5,sad,test,sad,/gpfs0/bgu-vilenchi/users/sdolev/Thesis/VLMs/data/raf-db/aligned/test_1412_aligned.jpg
test_1413,data/raf-db/aligned/test_1413_aligned.jpg,6,angry,test,angry,/gpfs0/bgu-vilenchi/users/sdolev/Thesis/VLMs/data/raf-db/aligned/test_1413_aligned.jpg
test_1414,data/raf-db/aligned/test_1414_aligned.jpg,4,happy,test,happy,/gpfs0/bgu-vilenchi/users/sdolev/Thesis/VLMs/data/raf-db/aligned/test_1414_aligned.jpg
test_1415,data/raf-db/aligned/test_1415_aligned.jpg,4,happy,test,neutral,/gpfs0/bgu-vilenchi/users/sdolev/Thesis/VLMs/data/raf-db/aligned/test_1415_aligned.jpg
test_1416,data/raf-db/aligned/test_1416_aligned.jpg,5,sad,test,surprise,/gpfs0/bgu-vilenchi/users/sdolev/Thesis/VLMs/data/raf-db/aligned/test_1416_aligned.jpg
test_1417,data/raf-db/aligned/test_1417_aligned.jpg,1,surprise,test,neutral,/gpfs0/bgu-vilenchi/users/sdolev/Thesis/VLMs/data/raf-db/aligned/test_1417_aligned.jpg
test_1418,data/raf-db/aligned/test_1418_aligned.jpg,4,happy,test,happy,/gpfs0/bgu-vilenchi/users/sdolev/Thesis/VLMs/data/raf-db/aligned/test_1418_aligned.jpg
test_1419,data/raf-db/aligned/test_1419_aligned.jpg,4,happy,test,happy,/gpfs0/bgu-vilenchi/users/sdolev/Thesis/VLMs/data/raf-db/aligned/test_1419_aligned.jpg
test_1420,data/raf-db/aligned/test_1420_aligned.jpg,6,angry,test,angry,/gpfs0/bgu-vilenchi/users/sdolev/Thesis/VLMs/data/raf-db/aligned/test_1420_aligned.jpg
test_1421,data/raf-db/aligned/test_1421_aligned.jpg,1,surprise,test,surprise,/gpfs0/bgu-vilenchi/users/sdolev/Thesis/VLMs/data/raf-db/aligned/test_1421_aligned.jpg
test_1422,data/raf-db/aligned/test_1422_aligned.jpg,4,happy,test,happy,/gpfs0/bgu-vilenchi/users/sdolev/Thesis/VLMs/data/raf-db/aligned/test_1422_aligned.jpg
test_1423,data/raf-db/aligned/test_1423_aligned.jpg,4,happy,test,happy,/gpfs0/bgu-vilenchi/users/sdolev/Thesis/VLMs/data/raf-db/aligned/test_1423_aligned.jpg
test_1424,data/raf-db/aligned/test_1424_aligned.jpg,4,happy,test,happy,/gpfs0/bgu-vilenchi/users/sdolev/Thesis/VLMs/data/raf-db/aligned/test_1424_aligned.jpg
test_1425,data/raf-db/aligned/test_1425_aligned.jpg,5,sad,test,sad,/gpfs0/bgu-vilenchi/users/sdolev/Thesis/VLMs/data/raf-db/aligned/test_1425_aligned.jpg
test_1426,data/raf-db/aligned/test_1426_aligned.jpg,5,sad,test,sad,/gpfs0/bgu-vilenchi/users/sdolev/Thesis/VLMs/data/raf-db/aligned/test_1426_aligned.jpg
test_1427,data/raf-db/aligned/test_1427_aligned.jpg,6,angry,test,surprise,/gpfs0/bgu-vilenchi/users/sdolev/Thesis/VLMs/data/raf-db/aligned/test_1427_aligned.jpg
test_1428,data/raf-db/aligned/test_1428_aligned.jpg,4,happy,test,happy,/gpfs0/bgu-vilenchi/users/sdolev/Thesis/VLMs/data/raf-db/aligned/test_1428_aligned.jpg
test_1429,data/raf-db/aligned/test_1429_aligned.jpg,1,surprise,test,surprise,/gpfs0/bgu-vilenchi/users/sdolev/Thesis/VLMs/data/raf-db/aligned/test_1429_aligned.jpg
test_1430,data/raf-db/aligned/test_1430_aligned.jpg,4,happy,test,happy,/gpfs0/bgu-vilenchi/users/sdolev/Thesis/VLMs/data/raf-db/aligned/test_1430_aligned.jpg
test_1431,data/raf-db/aligned/test_1431_aligned.jpg,4,happy,test,happy,/gpfs0/bgu-vilenchi/users/sdolev/Thesis/VLMs/data/raf-db/aligned/test_1431_aligned.jpg
test_1432,data/raf-db/aligned/test_1432_aligned.jpg,1,surprise,test,surprise,/gpfs0/bgu-vilenchi/users/sdolev/Thesis/VLMs/data/raf-db/aligned/test_1432_aligned.jpg
test_1433,data/raf-db/aligned/test_1433_aligned.jpg,5,sad,test,surprise,/gpfs0/bgu-vilenchi/users/sdolev/Thesis/VLMs/data/raf-db/aligned/test_1433_aligned.jpg
test_1434,data/raf-db/aligned/test_1434_aligned.jpg,4,happy,test,happy,/gpfs0/bgu-vilenchi/users/sdolev/Thesis/VLMs/data/raf-db/aligned/test_1434_aligned.jpg
test_1435,data/raf-db/aligned/test_1435_aligned.jpg,1,surprise,test,surprise,/gpfs0/bgu-vilenchi/users/sdolev/Thesis/VLMs/data/raf-db/aligned/test_1435_aligned.jpg
test_1436,data/raf-db/aligned/test_1436_aligned.jpg,5,sad,test,neutral,/gpfs0/bgu-vilenchi/users/sdolev/Thesis/VLMs/data/raf-db/aligned/test_1436_aligned.jpg
test_1437,data/raf-db/aligned/test_1437_aligned.jpg,6,angry,test,surprise,/gpfs0/bgu-vilenchi/users/sdolev/Thesis/VLMs/data/raf-db/aligned/test_1437_aligned.jpg
test_1438,data/raf-db/aligned/test_1438_aligned.jpg,4,happy,test,happy,/gpfs0/bgu-vilenchi/users/sdolev/Thesis/VLMs/data/raf-db/aligned/test_1438_aligned.jpg
test_1439,data/raf-db/aligned/test_1439_aligned.jpg,5,sad,test,sad,/gpfs0/bgu-vilenchi/users/sdolev/Thesis/VLMs/data/raf-db/aligned/test_1439_aligned.jpg
test_1440,data/raf-db/aligned/test_1440_aligned.jpg,5,sad,test,sad,/gpfs0/bgu-vilenchi/users/sdolev/Thesis/VLMs/data/raf-db/aligned/test_1440_aligned.jpg
test_1441,data/raf-db/aligned/test_1441_aligned.jpg,5,sad,test,sad,/gpfs0/bgu-vilenchi/users/sdolev/Thesis/VLMs/data/raf-db/aligned/test_1441_aligned.jpg
test_1442,data/raf-db/aligned/test_1442_aligned.jpg,1,surprise,test,surprise,/gpfs0/bgu-vilenchi/users/sdolev/Thesis/VLMs/data/raf-db/aligned/test_1442_aligned.jpg
test_1443,data/raf-db/aligned/test_1443_aligned.jpg,1,surprise,test,surprise,/gpfs0/bgu-vilenchi/users/sdolev/Thesis/VLMs/data/raf-db/aligned/test_1443_aligned.jpg
test_1444,data/raf-db/aligned/test_1444_aligned.jpg,4,happy,test,happy,/gpfs0/bgu-vilenchi/users/sdolev/Thesis/VLMs/data/raf-db/aligned/test_1444_aligned.jpg
test_1445,data/raf-db/aligned/test_1445_aligned.jpg,6,angry,test,surprise,/gpfs0/bgu-vilenchi/users/sdolev/Thesis/VLMs/data/raf-db/aligned/test_1445_aligned.jpg
test_1446,data/raf-db/aligned/test_1446_aligned.jpg,5,sad,test,sad,/gpfs0/bgu-vilenchi/users/sdolev/Thesis/VLMs/data/raf-db/aligned/test_1446_aligned.jpg
test_1447,data/raf-db/aligned/test_1447_aligned.jpg,5,sad,test,angry,/gpfs0/bgu-vilenchi/users/sdolev/Thesis/VLMs/data/raf-db/aligned/test_1447_aligned.jpg
test_1448,data/raf-db/aligned/test_1448_aligned.jpg,4,happy,test,happy,/gpfs0/bgu-vilenchi/users/sdolev/Thesis/VLMs/data/raf-db/aligned/test_1448_aligned.jpg
test_1449,data/raf-db/aligned/test_1449_aligned.jpg,5,sad,test,sad,/gpfs0/bgu-vilenchi/users/sdolev/Thesis/VLMs/data/raf-db/aligned/test_1449_aligned.jpg
test_1450,data/raf-db/aligned/test_1450_aligned.jpg,5,sad,test,sad,/gpfs0/bgu-vilenchi/users/sdolev/Thesis/VLMs/data/raf-db/aligned/test_1450_aligned.jpg
test_1451,data/raf-db/aligned/test_1451_aligned.jpg,5,sad,test,sad,/gpfs0/bgu-vilenchi/users/sdolev/Thesis/VLMs/data/raf-db/aligned/test_1451_aligned.jpg
test_1452,data/raf-db/aligned/test_1452_aligned.jpg,1,surprise,test,surprise,/gpfs0/bgu-vilenchi/users/sdolev/Thesis/VLMs/data/raf-db/aligned/test_1452_aligned.jpg
test_1453,data/raf-db/aligned/test_1453_aligned.jpg,5,sad,test,sad,/gpfs0/bgu-vilenchi/users/sdolev/Thesis/VLMs/data/raf-db/aligned/test_1453_aligned.jpg
test_1454,data/raf-db/aligned/test_1454_aligned.jpg,5,sad,test,sad,/gpfs0/bgu-vilenchi/users/sdolev/Thesis/VLMs/data/raf-db/aligned/test_1454_aligned.jpg
test_1455,data/raf-db/aligned/test_1455_aligned.jpg,4,happy,test,neutral,/gpfs0/bgu-vilenchi/users/sdolev/Thesis/VLMs/data/raf-db/aligned/test_1455_aligned.jpg
test_1456,data/raf-db/aligned/test_1456_aligned.jpg,4,happy,test,happy,/gpfs0/bgu-vilenchi/users/sdolev/Thesis/VLMs/data/raf-db/aligned/test_1456_aligned.jpg
test_1457,data/raf-db/aligned/test_1457_aligned.jpg,4,happy,test,happy,/gpfs0/bgu-vilenchi/users/sdolev/Thesis/VLMs/data/raf-db/aligned/test_1457_aligned.jpg
test_1458,data/raf-db/aligned/test_1458_aligned.jpg,1,surprise,test,surprise,/gpfs0/bgu-vilenchi/users/sdolev/Thesis/VLMs/data/raf-db/aligned/test_1458_aligned.jpg
test_1459,data/raf-db/aligned/test_1459_aligned.jpg,1,surprise,test,surprise,/gpfs0/bgu-vilenchi/users/sdolev/Thesis/VLMs/data/raf-db/aligned/test_1459_aligned.jpg
test_1460,data/raf-db/aligned/test_1460_aligned.jpg,4,happy,test,happy,/gpfs0/bgu-vilenchi/users/sdolev/Thesis/VLMs/data/raf-db/aligned/test_1460_aligned.jpg
test_1461,data/raf-db/aligned/test_1461_aligned.jpg,5,sad,test,sad,/gpfs0/bgu-vilenchi/users/sdolev/Thesis/VLMs/data/raf-db/aligned/test_1461_aligned.jpg
test_1462,data/raf-db/aligned/test_1462_aligned.jpg,6,angry,test,angry,/gpfs0/bgu-vilenchi/users/sdolev/Thesis/VLMs/data/raf-db/aligned/test_1462_aligned.jpg
test_1463,data/raf-db/aligned/test_1463_aligned.jpg,4,happy,test,happy,/gpfs0/bgu-vilenchi/users/sdolev/Thesis/VLMs/data/raf-db/aligned/test_1463_aligned.jpg
test_1464,data/raf-db/aligned/test_1464_aligned.jpg,4,happy,test,happy,/gpfs0/bgu-vilenchi/users/sdolev/Thesis/VLMs/data/raf-db/aligned/test_1464_aligned.jpg
test_1465,data/raf-db/aligned/test_1465_aligned.jpg,4,happy,test,happy,/gpfs0/bgu-vilenchi/users/sdolev/Thesis/VLMs/data/raf-db/aligned/test_1465_aligned.jpg
test_1466,data/raf-db/aligned/test_1466_aligned.jpg,4,happy,test,happy,/gpfs0/bgu-vilenchi/users/sdolev/Thesis/VLMs/data/raf-db/aligned/test_1466_aligned.jpg
test_1467,data/raf-db/aligned/test_1467_aligned.jpg,5,sad,test,sad,/gpfs0/bgu-vilenchi/users/sdolev/Thesis/VLMs/data/raf-db/aligned/test_1467_aligned.jpg
test_1468,data/raf-db/aligned/test_1468_aligned.jpg,4,happy,test,happy,/gpfs0/bgu-vilenchi/users/sdolev/Thesis/VLMs/data/raf-db/aligned/test_1468_aligned.jpg
test_1469,data/raf-db/aligned/test_1469_aligned.jpg,4,happy,test,happy,/gpfs0/bgu-vilenchi/users/sdolev/Thesis/VLMs/data/raf-db/aligned/test_1469_aligned.jpg
test_1470,data/raf-db/aligned/test_1470_aligned.jpg,5,sad,test,sad,/gpfs0/bgu-vilenchi/users/sdolev/Thesis/VLMs/data/raf-db/aligned/test_1470_aligned.jpg
test_1471,data/raf-db/aligned/test_1471_aligned.jpg,6,angry,test,angry,/gpfs0/bgu-vilenchi/users/sdolev/Thesis/VLMs/data/raf-db/aligned/test_1471_aligned.jpg
test_1472,data/raf-db/aligned/test_1472_aligned.jpg,4,happy,test,happy,/gpfs0/bgu-vilenchi/users/sdolev/Thesis/VLMs/data/raf-db/aligned/test_1472_aligned.jpg
test_1473,data/raf-db/aligned/test_1473_aligned.jpg,5,sad,test,sad,/gpfs0/bgu-vilenchi/users/sdolev/Thesis/VLMs/data/raf-db/aligned/test_1473_aligned.jpg
test_1474,data/raf-db/aligned/test_1474_aligned.jpg,5,sad,test,sad,/gpfs0/bgu-vilenchi/users/sdolev/Thesis/VLMs/data/raf-db/aligned/test_1474_aligned.jpg
test_1475,data/raf-db/aligned/test_1475_aligned.jpg,1,surprise,test,surprise,/gpfs0/bgu-vilenchi/users/sdolev/Thesis/VLMs/data/raf-db/aligned/test_1475_aligned.jpg
test_1476,data/raf-db/aligned/test_1476_aligned.jpg,5,sad,test,surprise,/gpfs0/bgu-vilenchi/users/sdolev/Thesis/VLMs/data/raf-db/aligned/test_1476_aligned.jpg
test_1477,data/raf-db/aligned/test_1477_aligned.jpg,2,fear,test,surprise,/gpfs0/bgu-vilenchi/users/sdolev/Thesis/VLMs/data/raf-db/aligned/test_1477_aligned.jpg
test_1478,data/raf-db/aligned/test_1478_aligned.jpg,1,surprise,test,surprise,/gpfs0/bgu-vilenchi/users/sdolev/Thesis/VLMs/data/raf-db/aligned/test_1478_aligned.jpg
test_1479,data/raf-db/aligned/test_1479_aligned.jpg,5,sad,test,neutral,/gpfs0/bgu-vilenchi/users/sdolev/Thesis/VLMs/data/raf-db/aligned/test_1479_aligned.jpg
test_1480,data/raf-db/aligned/test_1480_aligned.jpg,4,happy,test,happy,/gpfs0/bgu-vilenchi/users/sdolev/Thesis/VLMs/data/raf-db/aligned/test_1480_aligned.jpg
test_1481,data/raf-db/aligned/test_1481_aligned.jpg,5,sad,test,neutral,/gpfs0/bgu-vilenchi/users/sdolev/Thesis/VLMs/data/raf-db/aligned/test_1481_aligned.jpg
test_1482,data/raf-db/aligned/test_1482_aligned.jpg,4,happy,test,happy,/gpfs0/bgu-vilenchi/users/sdolev/Thesis/VLMs/data/raf-db/aligned/test_1482_aligned.jpg
test_1483,data/raf-db/aligned/test_1483_aligned.jpg,4,happy,test,happy,/gpfs0/bgu-vilenchi/users/sdolev/Thesis/VLMs/data/raf-db/aligned/test_1483_aligned.jpg
test_1484,data/raf-db/aligned/test_1484_aligned.jpg,1,surprise,test,surprise,/gpfs0/bgu-vilenchi/users/sdolev/Thesis/VLMs/data/raf-db/aligned/test_1484_aligned.jpg
test_1485,data/raf-db/aligned/test_1485_aligned.jpg,4,happy,test,happy,/gpfs0/bgu-vilenchi/users/sdolev/Thesis/VLMs/data/raf-db/aligned/test_1485_aligned.jpg
test_1486,data/raf-db/aligned/test_1486_aligned.jpg,4,happy,test,neutral,/gpfs0/bgu-vilenchi/users/sdolev/Thesis/VLMs/data/raf-db/aligned/test_1486_aligned.jpg
test_1487,data/raf-db/aligned/test_1487_aligned.jpg,6,angry,test,surprise,/gpfs0/bgu-vilenchi/users/sdolev/Thesis/VLMs/data/raf-db/aligned/test_1487_aligned.jpg
test_1488,data/raf-db/aligned/test_1488_aligned.jpg,4,happy,test,happy,/gpfs0/bgu-vilenchi/users/sdolev/Thesis/VLMs/data/raf-db/aligned/test_1488_aligned.jpg
test_1489,data/raf-db/aligned/test_1489_aligned.jpg,4,happy,test,happy,/gpfs0/bgu-vilenchi/users/sdolev/Thesis/VLMs/data/raf-db/aligned/test_1489_aligned.jpg
test_1490,data/raf-db/aligned/test_1490_aligned.jpg,1,surprise,test,surprise,/gpfs0/bgu-vilenchi/users/sdolev/Thesis/VLMs/data/raf-db/aligned/test_1490_aligned.jpg
test_1491,data/raf-db/aligned/test_1491_aligned.jpg,4,happy,test,neutral,/gpfs0/bgu-vilenchi/users/sdolev/Thesis/VLMs/data/raf-db/aligned/test_1491_aligned.jpg
test_1492,data/raf-db/aligned/test_1492_aligned.jpg,5,sad,test,sad,/gpfs0/bgu-vilenchi/users/sdolev/Thesis/VLMs/data/raf-db/aligned/test_1492_aligned.jpg
test_1493,data/raf-db/aligned/test_1493_aligned.jpg,4,happy,test,neutral,/gpfs0/bgu-vilenchi/users/sdolev/Thesis/VLMs/data/raf-db/aligned/test_1493_aligned.jpg
test_1494,data/raf-db/aligned/test_1494_aligned.jpg,5,sad,test,sad,/gpfs0/bgu-vilenchi/users/sdolev/Thesis/VLMs/data/raf-db/aligned/test_1494_aligned.jpg
test_1495,data/raf-db/aligned/test_1495_aligned.jpg,5,sad,test,sad,/gpfs0/bgu-vilenchi/users/sdolev/Thesis/VLMs/data/raf-db/aligned/test_1495_aligned.jpg
test_1496,data/raf-db/aligned/test_1496_aligned.jpg,6,angry,test,angry,/gpfs0/bgu-vilenchi/users/sdolev/Thesis/VLMs/data/raf-db/aligned/test_1496_aligned.jpg
test_1497,data/raf-db/aligned/test_1497_aligned.jpg,4,happy,test,happy,/gpfs0/bgu-vilenchi/users/sdolev/Thesis/VLMs/data/raf-db/aligned/test_1497_aligned.jpg
test_1498,data/raf-db/aligned/test_1498_aligned.jpg,4,happy,test,happy,/gpfs0/bgu-vilenchi/users/sdolev/Thesis/VLMs/data/raf-db/aligned/test_1498_aligned.jpg
test_1499,data/raf-db/aligned/test_1499_aligned.jpg,4,happy,test,happy,/gpfs0/bgu-vilenchi/users/sdolev/Thesis/VLMs/data/raf-db/aligned/test_1499_aligned.jpg
test_1500,data/raf-db/aligned/test_1500_aligned.jpg,1,surprise,test,surprise,/gpfs0/bgu-vilenchi/users/sdolev/Thesis/VLMs/data/raf-db/aligned/test_1500_aligned.jpg
test_1501,data/raf-db/aligned/test_1501_aligned.jpg,4,happy,test,neutral,/gpfs0/bgu-vilenchi/users/sdolev/Thesis/VLMs/data/raf-db/aligned/test_1501_aligned.jpg
test_1502,data/raf-db/aligned/test_1502_aligned.jpg,4,happy,test,neutral,/gpfs0/bgu-vilenchi/users/sdolev/Thesis/VLMs/data/raf-db/aligned/test_1502_aligned.jpg
test_1503,data/raf-db/aligned/test_1503_aligned.jpg,1,surprise,test,surprise,/gpfs0/bgu-vilenchi/users/sdolev/Thesis/VLMs/data/raf-db/aligned/test_1503_aligned.jpg
test_1504,data/raf-db/aligned/test_1504_aligned.jpg,1,surprise,test,surprise,/gpfs0/bgu-vilenchi/users/sdolev/Thesis/VLMs/data/raf-db/aligned/test_1504_aligned.jpg
test_1505,data/raf-db/aligned/test_1505_aligned.jpg,4,happy,test,neutral,/gpfs0/bgu-vilenchi/users/sdolev/Thesis/VLMs/data/raf-db/aligned/test_1505_aligned.jpg
test_1506,data/raf-db/aligned/test_1506_aligned.jpg,4,happy,test,happy,/gpfs0/bgu-vilenchi/users/sdolev/Thesis/VLMs/data/raf-db/aligned/test_1506_aligned.jpg
test_1507,data/raf-db/aligned/test_1507_aligned.jpg,4,happy,test,happy,/gpfs0/bgu-vilenchi/users/sdolev/Thesis/VLMs/data/raf-db/aligned/test_1507_aligned.jpg
test_1508,data/raf-db/aligned/test_1508_aligned.jpg,4,happy,test,happy,/gpfs0/bgu-vilenchi/users/sdolev/Thesis/VLMs/data/raf-db/aligned/test_1508_aligned.jpg
test_1509,data/raf-db/aligned/test_1509_aligned.jpg,5,sad,test,sad,/gpfs0/bgu-vilenchi/users/sdolev/Thesis/VLMs/data/raf-db/aligned/test_1509_aligned.jpg
test_1510,data/raf-db/aligned/test_1510_aligned.jpg,4,happy,test,happy,/gpfs0/bgu-vilenchi/users/sdolev/Thesis/VLMs/data/raf-db/aligned/test_1510_aligned.jpg
test_1511,data/raf-db/aligned/test_1511_aligned.jpg,3,disgust,test,sad,/gpfs0/bgu-vilenchi/users/sdolev/Thesis/VLMs/data/raf-db/aligned/test_1511_aligned.jpg
test_1512,data/raf-db/aligned/test_1512_aligned.jpg,4,happy,test,happy,/gpfs0/bgu-vilenchi/users/sdolev/Thesis/VLMs/data/raf-db/aligned/test_1512_aligned.jpg
test_1513,data/raf-db/aligned/test_1513_aligned.jpg,6,angry,test,surprise,/gpfs0/bgu-vilenchi/users/sdolev/Thesis/VLMs/data/raf-db/aligned/test_1513_aligned.jpg
test_1514,data/raf-db/aligned/test_1514_aligned.jpg,4,happy,test,happy,/gpfs0/bgu-vilenchi/users/sdolev/Thesis/VLMs/data/raf-db/aligned/test_1514_aligned.jpg
test_1515,data/raf-db/aligned/test_1515_aligned.jpg,5,sad,test,sad,/gpfs0/bgu-vilenchi/users/sdolev/Thesis/VLMs/data/raf-db/aligned/test_1515_aligned.jpg
test_1516,data/raf-db/aligned/test_1516_aligned.jpg,4,happy,test,neutral,/gpfs0/bgu-vilenchi/users/sdolev/Thesis/VLMs/data/raf-db/aligned/test_1516_aligned.jpg
test_1517,data/raf-db/aligned/test_1517_aligned.jpg,5,sad,test,sad,/gpfs0/bgu-vilenchi/users/sdolev/Thesis/VLMs/data/raf-db/aligned/test_1517_aligned.jpg
test_1518,data/raf-db/aligned/test_1518_aligned.jpg,4,happy,test,neutral,/gpfs0/bgu-vilenchi/users/sdolev/Thesis/VLMs/data/raf-db/aligned/test_1518_aligned.jpg
test_1519,data/raf-db/aligned/test_1519_aligned.jpg,1,surprise,test,surprise,/gpfs0/bgu-vilenchi/users/sdolev/Thesis/VLMs/data/raf-db/aligned/test_1519_aligned.jpg
test_1520,data/raf-db/aligned/test_1520_aligned.jpg,1,surprise,test,surprise,/gpfs0/bgu-vilenchi/users/sdolev/Thesis/VLMs/data/raf-db/aligned/test_1520_aligned.jpg
test_1521,data/raf-db/aligned/test_1521_aligned.jpg,4,happy,test,happy,/gpfs0/bgu-vilenchi/users/sdolev/Thesis/VLMs/data/raf-db/aligned/test_1521_aligned.jpg
test_1522,data/raf-db/aligned/test_1522_aligned.jpg,4,happy,test,neutral,/gpfs0/bgu-vilenchi/users/sdolev/Thesis/VLMs/data/raf-db/aligned/test_1522_aligned.jpg
test_1523,data/raf-db/aligned/test_1523_aligned.jpg,4,happy,test,happy,/gpfs0/bgu-vilenchi/users/sdolev/Thesis/VLMs/data/raf-db/aligned/test_1523_aligned.jpg
test_1524,data/raf-db/aligned/test_1524_aligned.jpg,4,happy,test,happy,/gpfs0/bgu-vilenchi/users/sdolev/Thesis/VLMs/data/raf-db/aligned/test_1524_aligned.jpg
test_1525,data/raf-db/aligned/test_1525_aligned.jpg,4,happy,test,happy,/gpfs0/bgu-vilenchi/users/sdolev/Thesis/VLMs/data/raf-db/aligned/test_1525_aligned.jpg
test_1526,data/raf-db/aligned/test_1526_aligned.jpg,4,happy,test,happy,/gpfs0/bgu-vilenchi/users/sdolev/Thesis/VLMs/data/raf-db/aligned/test_1526_aligned.jpg
test_1527,data/raf-db/aligned/test_1527_aligned.jpg,4,happy,test,happy,/gpfs0/bgu-vilenchi/users/sdolev/Thesis/VLMs/data/raf-db/aligned/test_1527_aligned.jpg
test_1528,data/raf-db/aligned/test_1528_aligned.jpg,4,happy,test,happy,/gpfs0/bgu-vilenchi/users/sdolev/Thesis/VLMs/data/raf-db/aligned/test_1528_aligned.jpg
test_1529,data/raf-db/aligned/test_1529_aligned.jpg,5,sad,test,sad,/gpfs0/bgu-vilenchi/users/sdolev/Thesis/VLMs/data/raf-db/aligned/test_1529_aligned.jpg
test_1530,data/raf-db/aligned/test_1530_aligned.jpg,1,surprise,test,surprise,/gpfs0/bgu-vilenchi/users/sdolev/Thesis/VLMs/data/raf-db/aligned/test_1530_aligned.jpg
test_1531,data/raf-db/aligned/test_1531_aligned.jpg,4,happy,test,happy,/gpfs0/bgu-vilenchi/users/sdolev/Thesis/VLMs/data/raf-db/aligned/test_1531_aligned.jpg
test_1532,data/raf-db/aligned/test_1532_aligned.jpg,4,happy,test,neutral,/gpfs0/bgu-vilenchi/users/sdolev/Thesis/VLMs/data/raf-db/aligned/test_1532_aligned.jpg
test_1533,data/raf-db/aligned/test_1533_aligned.jpg,3,disgust,test,neutral,/gpfs0/bgu-vilenchi/users/sdolev/Thesis/VLMs/data/raf-db/aligned/test_1533_aligned.jpg
test_1534,data/raf-db/aligned/test_1534_aligned.jpg,6,angry,test,angry,/gpfs0/bgu-vilenchi/users/sdolev/Thesis/VLMs/data/raf-db/aligned/test_1534_aligned.jpg
test_1535,data/raf-db/aligned/test_1535_aligned.jpg,5,sad,test,sad,/gpfs0/bgu-vilenchi/users/sdolev/Thesis/VLMs/data/raf-db/aligned/test_1535_aligned.jpg
test_1536,data/raf-db/aligned/test_1536_aligned.jpg,5,sad,test,sad,/gpfs0/bgu-vilenchi/users/sdolev/Thesis/VLMs/data/raf-db/aligned/test_1536_aligned.jpg
test_1537,data/raf-db/aligned/test_1537_aligned.jpg,5,sad,test,sad,/gpfs0/bgu-vilenchi/users/sdolev/Thesis/VLMs/data/raf-db/aligned/test_1537_aligned.jpg
test_1538,data/raf-db/aligned/test_1538_aligned.jpg,4,happy,test,happy,/gpfs0/bgu-vilenchi/users/sdolev/Thesis/VLMs/data/raf-db/aligned/test_1538_aligned.jpg
test_1539,data/raf-db/aligned/test_1539_aligned.jpg,6,angry,test,angry,/gpfs0/bgu-vilenchi/users/sdolev/Thesis/VLMs/data/raf-db/aligned/test_1539_aligned.jpg
test_1540,data/raf-db/aligned/test_1540_aligned.jpg,4,happy,test,angry,/gpfs0/bgu-vilenchi/users/sdolev/Thesis/VLMs/data/raf-db/aligned/test_1540_aligned.jpg
test_1541,data/raf-db/aligned/test_1541_aligned.jpg,4,happy,test,happy,/gpfs0/bgu-vilenchi/users/sdolev/Thesis/VLMs/data/raf-db/aligned/test_1541_aligned.jpg
test_1542,data/raf-db/aligned/test_1542_aligned.jpg,5,sad,test,sad,/gpfs0/bgu-vilenchi/users/sdolev/Thesis/VLMs/data/raf-db/aligned/test_1542_aligned.jpg
test_1543,data/raf-db/aligned/test_1543_aligned.jpg,4,happy,test,happy,/gpfs0/bgu-vilenchi/users/sdolev/Thesis/VLMs/data/raf-db/aligned/test_1543_aligned.jpg
test_1544,data/raf-db/aligned/test_1544_aligned.jpg,4,happy,test,happy,/gpfs0/bgu-vilenchi/users/sdolev/Thesis/VLMs/data/raf-db/aligned/test_1544_aligned.jpg
test_1545,data/raf-db/aligned/test_1545_aligned.jpg,4,happy,test,happy,/gpfs0/bgu-vilenchi/users/sdolev/Thesis/VLMs/data/raf-db/aligned/test_1545_aligned.jpg
test_1546,data/raf-db/aligned/test_1546_aligned.jpg,5,sad,test,sad,/gpfs0/bgu-vilenchi/users/sdolev/Thesis/VLMs/data/raf-db/aligned/test_1546_aligned.jpg
test_1547,data/raf-db/aligned/test_1547_aligned.jpg,5,sad,test,surprise,/gpfs0/bgu-vilenchi/users/sdolev/Thesis/VLMs/data/raf-db/aligned/test_1547_aligned.jpg
test_1548,data/raf-db/aligned/test_1548_aligned.jpg,4,happy,test,happy,/gpfs0/bgu-vilenchi/users/sdolev/Thesis/VLMs/data/raf-db/aligned/test_1548_aligned.jpg
test_1549,data/raf-db/aligned/test_1549_aligned.jpg,1,surprise,test,surprise,/gpfs0/bgu-vilenchi/users/sdolev/Thesis/VLMs/data/raf-db/aligned/test_1549_aligned.jpg
test_1550,data/raf-db/aligned/test_1550_aligned.jpg,4,happy,test,happy,/gpfs0/bgu-vilenchi/users/sdolev/Thesis/VLMs/data/raf-db/aligned/test_1550_aligned.jpg
test_1551,data/raf-db/aligned/test_1551_aligned.jpg,1,surprise,test,surprise,/gpfs0/bgu-vilenchi/users/sdolev/Thesis/VLMs/data/raf-db/aligned/test_1551_aligned.jpg
test_1552,data/raf-db/aligned/test_1552_aligned.jpg,4,happy,test,happy,/gpfs0/bgu-vilenchi/users/sdolev/Thesis/VLMs/data/raf-db/aligned/test_1552_aligned.jpg
test_1553,data/raf-db/aligned/test_1553_aligned.jpg,6,angry,test,happy,/gpfs0/bgu-vilenchi/users/sdolev/Thesis/VLMs/data/raf-db/aligned/test_1553_aligned.jpg
test_1554,data/raf-db/aligned/test_1554_aligned.jpg,4,happy,test,happy,/gpfs0/bgu-vilenchi/users/sdolev/Thesis/VLMs/data/raf-db/aligned/test_1554_aligned.jpg
test_1555,data/raf-db/aligned/test_1555_aligned.jpg,3,disgust,test,disgust,/gpfs0/bgu-vilenchi/users/sdolev/Thesis/VLMs/data/raf-db/aligned/test_1555_aligned.jpg
test_1556,data/raf-db/aligned/test_1556_aligned.jpg,1,surprise,test,surprise,/gpfs0/bgu-vilenchi/users/sdolev/Thesis/VLMs/data/raf-db/aligned/test_1556_aligned.jpg
test_1557,data/raf-db/aligned/test_1557_aligned.jpg,5,sad,test,sad,/gpfs0/bgu-vilenchi/users/sdolev/Thesis/VLMs/data/raf-db/aligned/test_1557_aligned.jpg
test_1558,data/raf-db/aligned/test_1558_aligned.jpg,4,happy,test,neutral,/gpfs0/bgu-vilenchi/users/sdolev/Thesis/VLMs/data/raf-db/aligned/test_1558_aligned.jpg
test_1559,data/raf-db/aligned/test_1559_aligned.jpg,4,happy,test,happy,/gpfs0/bgu-vilenchi/users/sdolev/Thesis/VLMs/data/raf-db/aligned/test_1559_aligned.jpg
test_1560,data/raf-db/aligned/test_1560_aligned.jpg,4,happy,test,neutral,/gpfs0/bgu-vilenchi/users/sdolev/Thesis/VLMs/data/raf-db/aligned/test_1560_aligned.jpg
test_1561,data/raf-db/aligned/test_1561_aligned.jpg,4,happy,test,happy,/gpfs0/bgu-vilenchi/users/sdolev/Thesis/VLMs/data/raf-db/aligned/test_1561_aligned.jpg
test_1562,data/raf-db/aligned/test_1562_aligned.jpg,4,happy,test,happy,/gpfs0/bgu-vilenchi/users/sdolev/Thesis/VLMs/data/raf-db/aligned/test_1562_aligned.jpg
test_1563,data/raf-db/aligned/test_1563_aligned.jpg,5,sad,test,neutral,/gpfs0/bgu-vilenchi/users/sdolev/Thesis/VLMs/data/raf-db/aligned/test_1563_aligned.jpg
test_1564,data/raf-db/aligned/test_1564_aligned.jpg,4,happy,test,happy,/gpfs0/bgu-vilenchi/users/sdolev/Thesis/VLMs/data/raf-db/aligned/test_1564_aligned.jpg
test_1565,data/raf-db/aligned/test_1565_aligned.jpg,5,sad,test,sad,/gpfs0/bgu-vilenchi/users/sdolev/Thesis/VLMs/data/raf-db/aligned/test_1565_aligned.jpg
test_1566,data/raf-db/aligned/test_1566_aligned.jpg,5,sad,test,neutral,/gpfs0/bgu-vilenchi/users/sdolev/Thesis/VLMs/data/raf-db/aligned/test_1566_aligned.jpg
test_1567,data/raf-db/aligned/test_1567_aligned.jpg,4,happy,test,happy,/gpfs0/bgu-vilenchi/users/sdolev/Thesis/VLMs/data/raf-db/aligned/test_1567_aligned.jpg
test_1568,data/raf-db/aligned/test_1568_aligned.jpg,6,angry,test,angry,/gpfs0/bgu-vilenchi/users/sdolev/Thesis/VLMs/data/raf-db/aligned/test_1568_aligned.jpg
test_1569,data/raf-db/aligned/test_1569_aligned.jpg,2,fear,test,neutral,/gpfs0/bgu-vilenchi/users/sdolev/Thesis/VLMs/data/raf-db/aligned/test_1569_aligned.jpg
test_1570,data/raf-db/aligned/test_1570_aligned.jpg,4,happy,test,happy,/gpfs0/bgu-vilenchi/users/sdolev/Thesis/VLMs/data/raf-db/aligned/test_1570_aligned.jpg
test_1571,data/raf-db/aligned/test_1571_aligned.jpg,4,happy,test,happy,/gpfs0/bgu-vilenchi/users/sdolev/Thesis/VLMs/data/raf-db/aligned/test_1571_aligned.jpg
test_1572,data/raf-db/aligned/test_1572_aligned.jpg,6,angry,test,angry,/gpfs0/bgu-vilenchi/users/sdolev/Thesis/VLMs/data/raf-db/aligned/test_1572_aligned.jpg
test_1573,data/raf-db/aligned/test_1573_aligned.jpg,5,sad,test,sad,/gpfs0/bgu-vilenchi/users/sdolev/Thesis/VLMs/data/raf-db/aligned/test_1573_aligned.jpg
test_1574,data/raf-db/aligned/test_1574_aligned.jpg,5,sad,test,sad,/gpfs0/bgu-vilenchi/users/sdolev/Thesis/VLMs/data/raf-db/aligned/test_1574_aligned.jpg
test_1575,data/raf-db/aligned/test_1575_aligned.jpg,5,sad,test,sad,/gpfs0/bgu-vilenchi/users/sdolev/Thesis/VLMs/data/raf-db/aligned/test_1575_aligned.jpg
test_1576,data/raf-db/aligned/test_1576_aligned.jpg,5,sad,test,sad,/gpfs0/bgu-vilenchi/users/sdolev/Thesis/VLMs/data/raf-db/aligned/test_1576_aligned.jpg
test_1577,data/raf-db/aligned/test_1577_aligned.jpg,1,surprise,test,surprise,/gpfs0/bgu-vilenchi/users/sdolev/Thesis/VLMs/data/raf-db/aligned/test_1577_aligned.jpg
test_1578,data/raf-db/aligned/test_1578_aligned.jpg,5,sad,test,sad,/gpfs0/bgu-vilenchi/users/sdolev/Thesis/VLMs/data/raf-db/aligned/test_1578_aligned.jpg
test_1579,data/raf-db/aligned/test_1579_aligned.jpg,4,happy,test,happy,/gpfs0/bgu-vilenchi/users/sdolev/Thesis/VLMs/data/raf-db/aligned/test_1579_aligned.jpg
test_1580,data/raf-db/aligned/test_1580_aligned.jpg,4,happy,test,happy,/gpfs0/bgu-vilenchi/users/sdolev/Thesis/VLMs/data/raf-db/aligned/test_1580_aligned.jpg
test_1581,data/raf-db/aligned/test_1581_aligned.jpg,4,happy,test,happy,/gpfs0/bgu-vilenchi/users/sdolev/Thesis/VLMs/data/raf-db/aligned/test_1581_aligned.jpg
test_1582,data/raf-db/aligned/test_1582_aligned.jpg,4,happy,test,happy,/gpfs0/bgu-vilenchi/users/sdolev/Thesis/VLMs/data/raf-db/aligned/test_1582_aligned.jpg
test_1583,data/raf-db/aligned/test_1583_aligned.jpg,4,happy,test,neutral,/gpfs0/bgu-vilenchi/users/sdolev/Thesis/VLMs/data/raf-db/aligned/test_1583_aligned.jpg
test_1584,data/raf-db/aligned/test_1584_aligned.jpg,5,sad,test,neutral,/gpfs0/bgu-vilenchi/users/sdolev/Thesis/VLMs/data/raf-db/aligned/test_1584_aligned.jpg
test_1585,data/raf-db/aligned/test_1585_aligned.jpg,6,angry,test,angry,/gpfs0/bgu-vilenchi/users/sdolev/Thesis/VLMs/data/raf-db/aligned/test_1585_aligned.jpg
test_1586,data/raf-db/aligned/test_1586_aligned.jpg,5,sad,test,sad,/gpfs0/bgu-vilenchi/users/sdolev/Thesis/VLMs/data/raf-db/aligned/test_1586_aligned.jpg
test_1587,data/raf-db/aligned/test_1587_aligned.jpg,1,surprise,test,surprise,/gpfs0/bgu-vilenchi/users/sdolev/Thesis/VLMs/data/raf-db/aligned/test_1587_aligned.jpg
test_1588,data/raf-db/aligned/test_1588_aligned.jpg,4,happy,test,happy,/gpfs0/bgu-vilenchi/users/sdolev/Thesis/VLMs/data/raf-db/aligned/test_1588_aligned.jpg
test_1589,data/raf-db/aligned/test_1589_aligned.jpg,4,happy,test,happy,/gpfs0/bgu-vilenchi/users/sdolev/Thesis/VLMs/data/raf-db/aligned/test_1589_aligned.jpg
test_1590,data/raf-db/aligned/test_1590_aligned.jpg,1,surprise,test,surprise,/gpfs0/bgu-vilenchi/users/sdolev/Thesis/VLMs/data/raf-db/aligned/test_1590_aligned.jpg
test_1591,data/raf-db/aligned/test_1591_aligned.jpg,4,happy,test,happy,/gpfs0/bgu-vilenchi/users/sdolev/Thesis/VLMs/data/raf-db/aligned/test_1591_aligned.jpg
test_1592,data/raf-db/aligned/test_1592_aligned.jpg,5,sad,test,sad,/gpfs0/bgu-vilenchi/users/sdolev/Thesis/VLMs/data/raf-db/aligned/test_1592_aligned.jpg
test_1593,data/raf-db/aligned/test_1593_aligned.jpg,4,happy,test,happy,/gpfs0/bgu-vilenchi/users/sdolev/Thesis/VLMs/data/raf-db/aligned/test_1593_aligned.jpg
test_1594,data/raf-db/aligned/test_1594_aligned.jpg,4,happy,test,surprise,/gpfs0/bgu-vilenchi/users/sdolev/Thesis/VLMs/data/raf-db/aligned/test_1594_aligned.jpg
test_1595,data/raf-db/aligned/test_1595_aligned.jpg,4,happy,test,happy,/gpfs0/bgu-vilenchi/users/sdolev/Thesis/VLMs/data/raf-db/aligned/test_1595_aligned.jpg
test_1596,data/raf-db/aligned/test_1596_aligned.jpg,4,happy,test,neutral,/gpfs0/bgu-vilenchi/users/sdolev/Thesis/VLMs/data/raf-db/aligned/test_1596_aligned.jpg
test_1597,data/raf-db/aligned/test_1597_aligned.jpg,4,happy,test,happy,/gpfs0/bgu-vilenchi/users/sdolev/Thesis/VLMs/data/raf-db/aligned/test_1597_aligned.jpg
test_1598,data/raf-db/aligned/test_1598_aligned.jpg,5,sad,test,neutral,/gpfs0/bgu-vilenchi/users/sdolev/Thesis/VLMs/data/raf-db/aligned/test_1598_aligned.jpg
test_1599,data/raf-db/aligned/test_1599_aligned.jpg,3,disgust,test,disgust,/gpfs0/bgu-vilenchi/users/sdolev/Thesis/VLMs/data/raf-db/aligned/test_1599_aligned.jpg
test_1600,data/raf-db/aligned/test_1600_aligned.jpg,4,happy,test,happy,/gpfs0/bgu-vilenchi/users/sdolev/Thesis/VLMs/data/raf-db/aligned/test_1600_aligned.jpg
test_1601,data/raf-db/aligned/test_1601_aligned.jpg,6,angry,test,angry,/gpfs0/bgu-vilenchi/users/sdolev/Thesis/VLMs/data/raf-db/aligned/test_1601_aligned.jpg
test_1602,data/raf-db/aligned/test_1602_aligned.jpg,6,angry,test,angry,/gpfs0/bgu-vilenchi/users/sdolev/Thesis/VLMs/data/raf-db/aligned/test_1602_aligned.jpg
test_1603,data/raf-db/aligned/test_1603_aligned.jpg,5,sad,test,sad,/gpfs0/bgu-vilenchi/users/sdolev/Thesis/VLMs/data/raf-db/aligned/test_1603_aligned.jpg
test_1604,data/raf-db/aligned/test_1604_aligned.jpg,1,surprise,test,happy,/gpfs0/bgu-vilenchi/users/sdolev/Thesis/VLMs/data/raf-db/aligned/test_1604_aligned.jpg
test_1605,data/raf-db/aligned/test_1605_aligned.jpg,4,happy,test,happy,/gpfs0/bgu-vilenchi/users/sdolev/Thesis/VLMs/data/raf-db/aligned/test_1605_aligned.jpg
test_1606,data/raf-db/aligned/test_1606_aligned.jpg,5,sad,test,sad,/gpfs0/bgu-vilenchi/users/sdolev/Thesis/VLMs/data/raf-db/aligned/test_1606_aligned.jpg
test_1607,data/raf-db/aligned/test_1607_aligned.jpg,5,sad,test,sad,/gpfs0/bgu-vilenchi/users/sdolev/Thesis/VLMs/data/raf-db/aligned/test_1607_aligned.jpg
test_1608,data/raf-db/aligned/test_1608_aligned.jpg,1,surprise,test,surprise,/gpfs0/bgu-vilenchi/users/sdolev/Thesis/VLMs/data/raf-db/aligned/test_1608_aligned.jpg
test_1609,data/raf-db/aligned/test_1609_aligned.jpg,1,surprise,test,surprise,/gpfs0/bgu-vilenchi/users/sdolev/Thesis/VLMs/data/raf-db/aligned/test_1609_aligned.jpg
test_1610,data/raf-db/aligned/test_1610_aligned.jpg,1,surprise,test,surprise,/gpfs0/bgu-vilenchi/users/sdolev/Thesis/VLMs/data/raf-db/aligned/test_1610_aligned.jpg
test_1611,data/raf-db/aligned/test_1611_aligned.jpg,5,sad,test,sad,/gpfs0/bgu-vilenchi/users/sdolev/Thesis/VLMs/data/raf-db/aligned/test_1611_aligned.jpg
test_1612,data/raf-db/aligned/test_1612_aligned.jpg,5,sad,test,sad,/gpfs0/bgu-vilenchi/users/sdolev/Thesis/VLMs/data/raf-db/aligned/test_1612_aligned.jpg
test_1613,data/raf-db/aligned/test_1613_aligned.jpg,5,sad,test,sad,/gpfs0/bgu-vilenchi/users/sdolev/Thesis/VLMs/data/raf-db/aligned/test_1613_aligned.jpg
test_1614,data/raf-db/aligned/test_1614_aligned.jpg,4,happy,test,happy,/gpfs0/bgu-vilenchi/users/sdolev/Thesis/VLMs/data/raf-db/aligned/test_1614_aligned.jpg
test_1615,data/raf-db/aligned/test_1615_aligned.jpg,5,sad,test,sad,/gpfs0/bgu-vilenchi/users/sdolev/Thesis/VLMs/data/raf-db/aligned/test_1615_aligned.jpg
test_1616,data/raf-db/aligned/test_1616_aligned.jpg,4,happy,test,happy,/gpfs0/bgu-vilenchi/users/sdolev/Thesis/VLMs/data/raf-db/aligned/test_1616_aligned.jpg
test_1617,data/raf-db/aligned/test_1617_aligned.jpg,4,happy,test,happy,/gpfs0/bgu-vilenchi/users/sdolev/Thesis/VLMs/data/raf-db/aligned/test_1617_aligned.jpg
test_1618,data/raf-db/aligned/test_1618_aligned.jpg,1,surprise,test,surprise,/gpfs0/bgu-vilenchi/users/sdolev/Thesis/VLMs/data/raf-db/aligned/test_1618_aligned.jpg
test_1619,data/raf-db/aligned/test_1619_aligned.jpg,5,sad,test,neutral,/gpfs0/bgu-vilenchi/users/sdolev/Thesis/VLMs/data/raf-db/aligned/test_1619_aligned.jpg
test_1620,data/raf-db/aligned/test_1620_aligned.jpg,6,angry,test,angry,/gpfs0/bgu-vilenchi/users/sdolev/Thesis/VLMs/data/raf-db/aligned/test_1620_aligned.jpg
test_1621,data/raf-db/aligned/test_1621_aligned.jpg,5,sad,test,neutral,/gpfs0/bgu-vilenchi/users/sdolev/Thesis/VLMs/data/raf-db/aligned/test_1621_aligned.jpg
test_1622,data/raf-db/aligned/test_1622_aligned.jpg,5,sad,test,sad,/gpfs0/bgu-vilenchi/users/sdolev/Thesis/VLMs/data/raf-db/aligned/test_1622_aligned.jpg
test_1623,data/raf-db/aligned/test_1623_aligned.jpg,6,angry,test,surprise,/gpfs0/bgu-vilenchi/users/sdolev/Thesis/VLMs/data/raf-db/aligned/test_1623_aligned.jpg
test_1624,data/raf-db/aligned/test_1624_aligned.jpg,3,disgust,test,disgust,/gpfs0/bgu-vilenchi/users/sdolev/Thesis/VLMs/data/raf-db/aligned/test_1624_aligned.jpg
test_1625,data/raf-db/aligned/test_1625_aligned.jpg,6,angry,test,surprise,/gpfs0/bgu-vilenchi/users/sdolev/Thesis/VLMs/data/raf-db/aligned/test_1625_aligned.jpg
test_1626,data/raf-db/aligned/test_1626_aligned.jpg,6,angry,test,angry,/gpfs0/bgu-vilenchi/users/sdolev/Thesis/VLMs/data/raf-db/aligned/test_1626_aligned.jpg
test_1627,data/raf-db/aligned/test_1627_aligned.jpg,3,disgust,test,sad,/gpfs0/bgu-vilenchi/users/sdolev/Thesis/VLMs/data/raf-db/aligned/test_1627_aligned.jpg
test_1628,data/raf-db/aligned/test_1628_aligned.jpg,4,happy,test,happy,/gpfs0/bgu-vilenchi/users/sdolev/Thesis/VLMs/data/raf-db/aligned/test_1628_aligned.jpg
test_1629,data/raf-db/aligned/test_1629_aligned.jpg,4,happy,test,happy,/gpfs0/bgu-vilenchi/users/sdolev/Thesis/VLMs/data/raf-db/aligned/test_1629_aligned.jpg
test_1630,data/raf-db/aligned/test_1630_aligned.jpg,5,sad,test,sad,/gpfs0/bgu-vilenchi/users/sdolev/Thesis/VLMs/data/raf-db/aligned/test_1630_aligned.jpg
test_1631,data/raf-db/aligned/test_1631_aligned.jpg,4,happy,test,happy,/gpfs0/bgu-vilenchi/users/sdolev/Thesis/VLMs/data/raf-db/aligned/test_1631_aligned.jpg
test_1632,data/raf-db/aligned/test_1632_aligned.jpg,5,sad,test,sad,/gpfs0/bgu-vilenchi/users/sdolev/Thesis/VLMs/data/raf-db/aligned/test_1632_aligned.jpg
test_1633,data/raf-db/aligned/test_1633_aligned.jpg,4,happy,test,happy,/gpfs0/bgu-vilenchi/users/sdolev/Thesis/VLMs/data/raf-db/aligned/test_1633_aligned.jpg
test_1634,data/raf-db/aligned/test_1634_aligned.jpg,5,sad,test,sad,/gpfs0/bgu-vilenchi/users/sdolev/Thesis/VLMs/data/raf-db/aligned/test_1634_aligned.jpg
test_1635,data/raf-db/aligned/test_1635_aligned.jpg,4,happy,test,neutral,/gpfs0/bgu-vilenchi/users/sdolev/Thesis/VLMs/data/raf-db/aligned/test_1635_aligned.jpg
test_1636,data/raf-db/aligned/test_1636_aligned.jpg,4,happy,test,happy,/gpfs0/bgu-vilenchi/users/sdolev/Thesis/VLMs/data/raf-db/aligned/test_1636_aligned.jpg
test_1637,data/raf-db/aligned/test_1637_aligned.jpg,5,sad,test,neutral,/gpfs0/bgu-vilenchi/users/sdolev/Thesis/VLMs/data/raf-db/aligned/test_1637_aligned.jpg
test_1638,data/raf-db/aligned/test_1638_aligned.jpg,1,surprise,test,surprise,/gpfs0/bgu-vilenchi/users/sdolev/Thesis/VLMs/data/raf-db/aligned/test_1638_aligned.jpg
test_1639,data/raf-db/aligned/test_1639_aligned.jpg,5,sad,test,sad,/gpfs0/bgu-vilenchi/users/sdolev/Thesis/VLMs/data/raf-db/aligned/test_1639_aligned.jpg
test_1640,data/raf-db/aligned/test_1640_aligned.jpg,4,happy,test,happy,/gpfs0/bgu-vilenchi/users/sdolev/Thesis/VLMs/data/raf-db/aligned/test_1640_aligned.jpg
test_1641,data/raf-db/aligned/test_1641_aligned.jpg,4,happy,test,happy,/gpfs0/bgu-vilenchi/users/sdolev/Thesis/VLMs/data/raf-db/aligned/test_1641_aligned.jpg
test_1642,data/raf-db/aligned/test_1642_aligned.jpg,5,sad,test,sad,/gpfs0/bgu-vilenchi/users/sdolev/Thesis/VLMs/data/raf-db/aligned/test_1642_aligned.jpg
test_1643,data/raf-db/aligned/test_1643_aligned.jpg,6,angry,test,surprise,/gpfs0/bgu-vilenchi/users/sdolev/Thesis/VLMs/data/raf-db/aligned/test_1643_aligned.jpg
test_1644,data/raf-db/aligned/test_1644_aligned.jpg,4,happy,test,happy,/gpfs0/bgu-vilenchi/users/sdolev/Thesis/VLMs/data/raf-db/aligned/test_1644_aligned.jpg
test_1645,data/raf-db/aligned/test_1645_aligned.jpg,5,sad,test,sad,/gpfs0/bgu-vilenchi/users/sdolev/Thesis/VLMs/data/raf-db/aligned/test_1645_aligned.jpg
test_1646,data/raf-db/aligned/test_1646_aligned.jpg,5,sad,test,neutral,/gpfs0/bgu-vilenchi/users/sdolev/Thesis/VLMs/data/raf-db/aligned/test_1646_aligned.jpg
test_1647,data/raf-db/aligned/test_1647_aligned.jpg,4,happy,test,happy,/gpfs0/bgu-vilenchi/users/sdolev/Thesis/VLMs/data/raf-db/aligned/test_1647_aligned.jpg
test_1648,data/raf-db/aligned/test_1648_aligned.jpg,4,happy,test,happy,/gpfs0/bgu-vilenchi/users/sdolev/Thesis/VLMs/data/raf-db/aligned/test_1648_aligned.jpg
test_1649,data/raf-db/aligned/test_1649_aligned.jpg,6,angry,test,surprise,/gpfs0/bgu-vilenchi/users/sdolev/Thesis/VLMs/data/raf-db/aligned/test_1649_aligned.jpg
test_1650,data/raf-db/aligned/test_1650_aligned.jpg,6,angry,test,angry,/gpfs0/bgu-vilenchi/users/sdolev/Thesis/VLMs/data/raf-db/aligned/test_1650_aligned.jpg
test_1651,data/raf-db/aligned/test_1651_aligned.jpg,1,surprise,test,surprise,/gpfs0/bgu-vilenchi/users/sdolev/Thesis/VLMs/data/raf-db/aligned/test_1651_aligned.jpg
test_1652,data/raf-db/aligned/test_1652_aligned.jpg,5,sad,test,sad,/gpfs0/bgu-vilenchi/users/sdolev/Thesis/VLMs/data/raf-db/aligned/test_1652_aligned.jpg
test_1653,data/raf-db/aligned/test_1653_aligned.jpg,3,disgust,test,disgust,/gpfs0/bgu-vilenchi/users/sdolev/Thesis/VLMs/data/raf-db/aligned/test_1653_aligned.jpg
test_1654,data/raf-db/aligned/test_1654_aligned.jpg,5,sad,test,sad,/gpfs0/bgu-vilenchi/users/sdolev/Thesis/VLMs/data/raf-db/aligned/test_1654_aligned.jpg
test_1655,data/raf-db/aligned/test_1655_aligned.jpg,4,happy,test,happy,/gpfs0/bgu-vilenchi/users/sdolev/Thesis/VLMs/data/raf-db/aligned/test_1655_aligned.jpg
test_1656,data/raf-db/aligned/test_1656_aligned.jpg,4,happy,test,happy,/gpfs0/bgu-vilenchi/users/sdolev/Thesis/VLMs/data/raf-db/aligned/test_1656_aligned.jpg
test_1657,data/raf-db/aligned/test_1657_aligned.jpg,5,sad,test,sad,/gpfs0/bgu-vilenchi/users/sdolev/Thesis/VLMs/data/raf-db/aligned/test_1657_aligned.jpg
test_1658,data/raf-db/aligned/test_1658_aligned.jpg,4,happy,test,happy,/gpfs0/bgu-vilenchi/users/sdolev/Thesis/VLMs/data/raf-db/aligned/test_1658_aligned.jpg
test_1659,data/raf-db/aligned/test_1659_aligned.jpg,4,happy,test,neutral,/gpfs0/bgu-vilenchi/users/sdolev/Thesis/VLMs/data/raf-db/aligned/test_1659_aligned.jpg
test_1660,data/raf-db/aligned/test_1660_aligned.jpg,5,sad,test,sad,/gpfs0/bgu-vilenchi/users/sdolev/Thesis/VLMs/data/raf-db/aligned/test_1660_aligned.jpg
test_1661,data/raf-db/aligned/test_1661_aligned.jpg,1,surprise,test,surprise,/gpfs0/bgu-vilenchi/users/sdolev/Thesis/VLMs/data/raf-db/aligned/test_1661_aligned.jpg
test_1662,data/raf-db/aligned/test_1662_aligned.jpg,5,sad,test,sad,/gpfs0/bgu-vilenchi/users/sdolev/Thesis/VLMs/data/raf-db/aligned/test_1662_aligned.jpg
test_1663,data/raf-db/aligned/test_1663_aligned.jpg,5,sad,test,happy,/gpfs0/bgu-vilenchi/users/sdolev/Thesis/VLMs/data/raf-db/aligned/test_1663_aligned.jpg
test_1664,data/raf-db/aligned/test_1664_aligned.jpg,5,sad,test,happy,/gpfs0/bgu-vilenchi/users/sdolev/Thesis/VLMs/data/raf-db/aligned/test_1664_aligned.jpg
test_1665,data/raf-db/aligned/test_1665_aligned.jpg,4,happy,test,happy,/gpfs0/bgu-vilenchi/users/sdolev/Thesis/VLMs/data/raf-db/aligned/test_1665_aligned.jpg
test_1666,data/raf-db/aligned/test_1666_aligned.jpg,5,sad,test,disgust,/gpfs0/bgu-vilenchi/users/sdolev/Thesis/VLMs/data/raf-db/aligned/test_1666_aligned.jpg
test_1667,data/raf-db/aligned/test_1667_aligned.jpg,4,happy,test,happy,/gpfs0/bgu-vilenchi/users/sdolev/Thesis/VLMs/data/raf-db/aligned/test_1667_aligned.jpg
test_1668,data/raf-db/aligned/test_1668_aligned.jpg,5,sad,test,sad,/gpfs0/bgu-vilenchi/users/sdolev/Thesis/VLMs/data/raf-db/aligned/test_1668_aligned.jpg
test_1669,data/raf-db/aligned/test_1669_aligned.jpg,6,angry,test,angry,/gpfs0/bgu-vilenchi/users/sdolev/Thesis/VLMs/data/raf-db/aligned/test_1669_aligned.jpg
test_1670,data/raf-db/aligned/test_1670_aligned.jpg,1,surprise,test,surprise,/gpfs0/bgu-vilenchi/users/sdolev/Thesis/VLMs/data/raf-db/aligned/test_1670_aligned.jpg
test_1671,data/raf-db/aligned/test_1671_aligned.jpg,3,disgust,test,surprise,/gpfs0/bgu-vilenchi/users/sdolev/Thesis/VLMs/data/raf-db/aligned/test_1671_aligned.jpg
test_1672,data/raf-db/aligned/test_1672_aligned.jpg,1,surprise,test,surprise,/gpfs0/bgu-vilenchi/users/sdolev/Thesis/VLMs/data/raf-db/aligned/test_1672_aligned.jpg
test_1673,data/raf-db/aligned/test_1673_aligned.jpg,5,sad,test,sad,/gpfs0/bgu-vilenchi/users/sdolev/Thesis/VLMs/data/raf-db/aligned/test_1673_aligned.jpg
test_1674,data/raf-db/aligned/test_1674_aligned.jpg,5,sad,test,sad,/gpfs0/bgu-vilenchi/users/sdolev/Thesis/VLMs/data/raf-db/aligned/test_1674_aligned.jpg
test_1675,data/raf-db/aligned/test_1675_aligned.jpg,5,sad,test,happy,/gpfs0/bgu-vilenchi/users/sdolev/Thesis/VLMs/data/raf-db/aligned/test_1675_aligned.jpg
test_1676,data/raf-db/aligned/test_1676_aligned.jpg,4,happy,test,neutral,/gpfs0/bgu-vilenchi/users/sdolev/Thesis/VLMs/data/raf-db/aligned/test_1676_aligned.jpg
test_1677,data/raf-db/aligned/test_1677_aligned.jpg,4,happy,test,neutral,/gpfs0/bgu-vilenchi/users/sdolev/Thesis/VLMs/data/raf-db/aligned/test_1677_aligned.jpg
test_1678,data/raf-db/aligned/test_1678_aligned.jpg,4,happy,test,happy,/gpfs0/bgu-vilenchi/users/sdolev/Thesis/VLMs/data/raf-db/aligned/test_1678_aligned.jpg
test_1679,data/raf-db/aligned/test_1679_aligned.jpg,4,happy,test,happy,/gpfs0/bgu-vilenchi/users/sdolev/Thesis/VLMs/data/raf-db/aligned/test_1679_aligned.jpg
test_1680,data/raf-db/aligned/test_1680_aligned.jpg,3,disgust,test,angry,/gpfs0/bgu-vilenchi/users/sdolev/Thesis/VLMs/data/raf-db/aligned/test_1680_aligned.jpg
test_1681,data/raf-db/aligned/test_1681_aligned.jpg,6,angry,test,angry,/gpfs0/bgu-vilenchi/users/sdolev/Thesis/VLMs/data/raf-db/aligned/test_1681_aligned.jpg
test_1682,data/raf-db/aligned/test_1682_aligned.jpg,5,sad,test,sad,/gpfs0/bgu-vilenchi/users/sdolev/Thesis/VLMs/data/raf-db/aligned/test_1682_aligned.jpg
test_1683,data/raf-db/aligned/test_1683_aligned.jpg,6,angry,test,angry,/gpfs0/bgu-vilenchi/users/sdolev/Thesis/VLMs/data/raf-db/aligned/test_1683_aligned.jpg
test_1684,data/raf-db/aligned/test_1684_aligned.jpg,6,angry,test,angry,/gpfs0/bgu-vilenchi/users/sdolev/Thesis/VLMs/data/raf-db/aligned/test_1684_aligned.jpg
test_1685,data/raf-db/aligned/test_1685_aligned.jpg,6,angry,test,angry,/gpfs0/bgu-vilenchi/users/sdolev/Thesis/VLMs/data/raf-db/aligned/test_1685_aligned.jpg
test_1686,data/raf-db/aligned/test_1686_aligned.jpg,4,happy,test,happy,/gpfs0/bgu-vilenchi/users/sdolev/Thesis/VLMs/data/raf-db/aligned/test_1686_aligned.jpg
test_1687,data/raf-db/aligned/test_1687_aligned.jpg,5,sad,test,sad,/gpfs0/bgu-vilenchi/users/sdolev/Thesis/VLMs/data/raf-db/aligned/test_1687_aligned.jpg
test_1688,data/raf-db/aligned/test_1688_aligned.jpg,5,sad,test,neutral,/gpfs0/bgu-vilenchi/users/sdolev/Thesis/VLMs/data/raf-db/aligned/test_1688_aligned.jpg
test_1689,data/raf-db/aligned/test_1689_aligned.jpg,6,angry,test,angry,/gpfs0/bgu-vilenchi/users/sdolev/Thesis/VLMs/data/raf-db/aligned/test_1689_aligned.jpg
test_1690,data/raf-db/aligned/test_1690_aligned.jpg,4,happy,test,happy,/gpfs0/bgu-vilenchi/users/sdolev/Thesis/VLMs/data/raf-db/aligned/test_1690_aligned.jpg
test_1691,data/raf-db/aligned/test_1691_aligned.jpg,6,angry,test,surprise,/gpfs0/bgu-vilenchi/users/sdolev/Thesis/VLMs/data/raf-db/aligned/test_1691_aligned.jpg
test_1692,data/raf-db/aligned/test_1692_aligned.jpg,4,happy,test,neutral,/gpfs0/bgu-vilenchi/users/sdolev/Thesis/VLMs/data/raf-db/aligned/test_1692_aligned.jpg
test_1693,data/raf-db/aligned/test_1693_aligned.jpg,4,happy,test,happy,/gpfs0/bgu-vilenchi/users/sdolev/Thesis/VLMs/data/raf-db/aligned/test_1693_aligned.jpg
test_1694,data/raf-db/aligned/test_1694_aligned.jpg,4,happy,test,happy,/gpfs0/bgu-vilenchi/users/sdolev/Thesis/VLMs/data/raf-db/aligned/test_1694_aligned.jpg
test_1695,data/raf-db/aligned/test_1695_aligned.jpg,4,happy,test,happy,/gpfs0/bgu-vilenchi/users/sdolev/Thesis/VLMs/data/raf-db/aligned/test_1695_aligned.jpg
test_1696,data/raf-db/aligned/test_1696_aligned.jpg,4,happy,test,happy,/gpfs0/bgu-vilenchi/users/sdolev/Thesis/VLMs/data/raf-db/aligned/test_1696_aligned.jpg
test_1697,data/raf-db/aligned/test_1697_aligned.jpg,4,happy,test,happy,/gpfs0/bgu-vilenchi/users/sdolev/Thesis/VLMs/data/raf-db/aligned/test_1697_aligned.jpg
test_1698,data/raf-db/aligned/test_1698_aligned.jpg,5,sad,test,sad,/gpfs0/bgu-vilenchi/users/sdolev/Thesis/VLMs/data/raf-db/aligned/test_1698_aligned.jpg
test_1699,data/raf-db/aligned/test_1699_aligned.jpg,4,happy,test,happy,/gpfs0/bgu-vilenchi/users/sdolev/Thesis/VLMs/data/raf-db/aligned/test_1699_aligned.jpg
test_1700,data/raf-db/aligned/test_1700_aligned.jpg,5,sad,test,sad,/gpfs0/bgu-vilenchi/users/sdolev/Thesis/VLMs/data/raf-db/aligned/test_1700_aligned.jpg
test_1701,data/raf-db/aligned/test_1701_aligned.jpg,4,happy,test,happy,/gpfs0/bgu-vilenchi/users/sdolev/Thesis/VLMs/data/raf-db/aligned/test_1701_aligned.jpg
test_1702,data/raf-db/aligned/test_1702_aligned.jpg,4,happy,test,happy,/gpfs0/bgu-vilenchi/users/sdolev/Thesis/VLMs/data/raf-db/aligned/test_1702_aligned.jpg
test_1703,data/raf-db/aligned/test_1703_aligned.jpg,4,happy,test,happy,/gpfs0/bgu-vilenchi/users/sdolev/Thesis/VLMs/data/raf-db/aligned/test_1703_aligned.jpg
test_1704,data/raf-db/aligned/test_1704_aligned.jpg,4,happy,test,happy,/gpfs0/bgu-vilenchi/users/sdolev/Thesis/VLMs/data/raf-db/aligned/test_1704_aligned.jpg
test_1705,data/raf-db/aligned/test_1705_aligned.jpg,4,happy,test,happy,/gpfs0/bgu-vilenchi/users/sdolev/Thesis/VLMs/data/raf-db/aligned/test_1705_aligned.jpg
test_1706,data/raf-db/aligned/test_1706_aligned.jpg,4,happy,test,happy,/gpfs0/bgu-vilenchi/users/sdolev/Thesis/VLMs/data/raf-db/aligned/test_1706_aligned.jpg
test_1707,data/raf-db/aligned/test_1707_aligned.jpg,4,happy,test,happy,/gpfs0/bgu-vilenchi/users/sdolev/Thesis/VLMs/data/raf-db/aligned/test_1707_aligned.jpg
test_1708,data/raf-db/aligned/test_1708_aligned.jpg,4,happy,test,neutral,/gpfs0/bgu-vilenchi/users/sdolev/Thesis/VLMs/data/raf-db/aligned/test_1708_aligned.jpg
test_1709,data/raf-db/aligned/test_1709_aligned.jpg,5,sad,test,sad,/gpfs0/bgu-vilenchi/users/sdolev/Thesis/VLMs/data/raf-db/aligned/test_1709_aligned.jpg
test_1710,data/raf-db/aligned/test_1710_aligned.jpg,4,happy,test,happy,/gpfs0/bgu-vilenchi/users/sdolev/Thesis/VLMs/data/raf-db/aligned/test_1710_aligned.jpg
test_1711,data/raf-db/aligned/test_1711_aligned.jpg,5,sad,test,surprise,/gpfs0/bgu-vilenchi/users/sdolev/Thesis/VLMs/data/raf-db/aligned/test_1711_aligned.jpg
test_1712,data/raf-db/aligned/test_1712_aligned.jpg,4,happy,test,happy,/gpfs0/bgu-vilenchi/users/sdolev/Thesis/VLMs/data/raf-db/aligned/test_1712_aligned.jpg
test_1713,data/raf-db/aligned/test_1713_aligned.jpg,4,happy,test,happy,/gpfs0/bgu-vilenchi/users/sdolev/Thesis/VLMs/data/raf-db/aligned/test_1713_aligned.jpg
test_1714,data/raf-db/aligned/test_1714_aligned.jpg,1,surprise,test,surprise,/gpfs0/bgu-vilenchi/users/sdolev/Thesis/VLMs/data/raf-db/aligned/test_1714_aligned.jpg
test_1715,data/raf-db/aligned/test_1715_aligned.jpg,5,sad,test,sad,/gpfs0/bgu-vilenchi/users/sdolev/Thesis/VLMs/data/raf-db/aligned/test_1715_aligned.jpg
test_1716,data/raf-db/aligned/test_1716_aligned.jpg,5,sad,test,angry,/gpfs0/bgu-vilenchi/users/sdolev/Thesis/VLMs/data/raf-db/aligned/test_1716_aligned.jpg
test_1717,data/raf-db/aligned/test_1717_aligned.jpg,4,happy,test,happy,/gpfs0/bgu-vilenchi/users/sdolev/Thesis/VLMs/data/raf-db/aligned/test_1717_aligned.jpg
test_1718,data/raf-db/aligned/test_1718_aligned.jpg,4,happy,test,happy,/gpfs0/bgu-vilenchi/users/sdolev/Thesis/VLMs/data/raf-db/aligned/test_1718_aligned.jpg
test_1719,data/raf-db/aligned/test_1719_aligned.jpg,4,happy,test,neutral,/gpfs0/bgu-vilenchi/users/sdolev/Thesis/VLMs/data/raf-db/aligned/test_1719_aligned.jpg
test_1720,data/raf-db/aligned/test_1720_aligned.jpg,5,sad,test,sad,/gpfs0/bgu-vilenchi/users/sdolev/Thesis/VLMs/data/raf-db/aligned/test_1720_aligned.jpg
test_1721,data/raf-db/aligned/test_1721_aligned.jpg,5,sad,test,happy,/gpfs0/bgu-vilenchi/users/sdolev/Thesis/VLMs/data/raf-db/aligned/test_1721_aligned.jpg
test_1722,data/raf-db/aligned/test_1722_aligned.jpg,1,surprise,test,surprise,/gpfs0/bgu-vilenchi/users/sdolev/Thesis/VLMs/data/raf-db/aligned/test_1722_aligned.jpg
test_1723,data/raf-db/aligned/test_1723_aligned.jpg,5,sad,test,sad,/gpfs0/bgu-vilenchi/users/sdolev/Thesis/VLMs/data/raf-db/aligned/test_1723_aligned.jpg
test_1724,data/raf-db/aligned/test_1724_aligned.jpg,4,happy,test,happy,/gpfs0/bgu-vilenchi/users/sdolev/Thesis/VLMs/data/raf-db/aligned/test_1724_aligned.jpg
test_1725,data/raf-db/aligned/test_1725_aligned.jpg,1,surprise,test,surprise,/gpfs0/bgu-vilenchi/users/sdolev/Thesis/VLMs/data/raf-db/aligned/test_1725_aligned.jpg
test_1726,data/raf-db/aligned/test_1726_aligned.jpg,4,happy,test,happy,/gpfs0/bgu-vilenchi/users/sdolev/Thesis/VLMs/data/raf-db/aligned/test_1726_aligned.jpg
test_1727,data/raf-db/aligned/test_1727_aligned.jpg,1,surprise,test,surprise,/gpfs0/bgu-vilenchi/users/sdolev/Thesis/VLMs/data/raf-db/aligned/test_1727_aligned.jpg
test_1728,data/raf-db/aligned/test_1728_aligned.jpg,5,sad,test,sad,/gpfs0/bgu-vilenchi/users/sdolev/Thesis/VLMs/data/raf-db/aligned/test_1728_aligned.jpg
test_1729,data/raf-db/aligned/test_1729_aligned.jpg,4,happy,test,neutral,/gpfs0/bgu-vilenchi/users/sdolev/Thesis/VLMs/data/raf-db/aligned/test_1729_aligned.jpg
test_1730,data/raf-db/aligned/test_1730_aligned.jpg,5,sad,test,sad,/gpfs0/bgu-vilenchi/users/sdolev/Thesis/VLMs/data/raf-db/aligned/test_1730_aligned.jpg
test_1731,data/raf-db/aligned/test_1731_aligned.jpg,5,sad,test,sad,/gpfs0/bgu-vilenchi/users/sdolev/Thesis/VLMs/data/raf-db/aligned/test_1731_aligned.jpg
test_1732,data/raf-db/aligned/test_1732_aligned.jpg,1,surprise,test,surprise,/gpfs0/bgu-vilenchi/users/sdolev/Thesis/VLMs/data/raf-db/aligned/test_1732_aligned.jpg
test_1733,data/raf-db/aligned/test_1733_aligned.jpg,4,happy,test,happy,/gpfs0/bgu-vilenchi/users/sdolev/Thesis/VLMs/data/raf-db/aligned/test_1733_aligned.jpg
test_1734,data/raf-db/aligned/test_1734_aligned.jpg,4,happy,test,happy,/gpfs0/bgu-vilenchi/users/sdolev/Thesis/VLMs/data/raf-db/aligned/test_1734_aligned.jpg
test_1735,data/raf-db/aligned/test_1735_aligned.jpg,5,sad,test,neutral,/gpfs0/bgu-vilenchi/users/sdolev/Thesis/VLMs/data/raf-db/aligned/test_1735_aligned.jpg
test_1736,data/raf-db/aligned/test_1736_aligned.jpg,5,sad,test,sad,/gpfs0/bgu-vilenchi/users/sdolev/Thesis/VLMs/data/raf-db/aligned/test_1736_aligned.jpg
test_1737,data/raf-db/aligned/test_1737_aligned.jpg,5,sad,test,sad,/gpfs0/bgu-vilenchi/users/sdolev/Thesis/VLMs/data/raf-db/aligned/test_1737_aligned.jpg
test_1738,data/raf-db/aligned/test_1738_aligned.jpg,1,surprise,test,surprise,/gpfs0/bgu-vilenchi/users/sdolev/Thesis/VLMs/data/raf-db/aligned/test_1738_aligned.jpg
test_1739,data/raf-db/aligned/test_1739_aligned.jpg,6,angry,test,angry,/gpfs0/bgu-vilenchi/users/sdolev/Thesis/VLMs/data/raf-db/aligned/test_1739_aligned.jpg
test_1740,data/raf-db/aligned/test_1740_aligned.jpg,5,sad,test,sad,/gpfs0/bgu-vilenchi/users/sdolev/Thesis/VLMs/data/raf-db/aligned/test_1740_aligned.jpg
test_1741,data/raf-db/aligned/test_1741_aligned.jpg,6,angry,test,happy,/gpfs0/bgu-vilenchi/users/sdolev/Thesis/VLMs/data/raf-db/aligned/test_1741_aligned.jpg
test_1742,data/raf-db/aligned/test_1742_aligned.jpg,5,sad,test,sad,/gpfs0/bgu-vilenchi/users/sdolev/Thesis/VLMs/data/raf-db/aligned/test_1742_aligned.jpg
test_1743,data/raf-db/aligned/test_1743_aligned.jpg,4,happy,test,happy,/gpfs0/bgu-vilenchi/users/sdolev/Thesis/VLMs/data/raf-db/aligned/test_1743_aligned.jpg
test_1744,data/raf-db/aligned/test_1744_aligned.jpg,1,surprise,test,neutral,/gpfs0/bgu-vilenchi/users/sdolev/Thesis/VLMs/data/raf-db/aligned/test_1744_aligned.jpg
test_1745,data/raf-db/aligned/test_1745_aligned.jpg,5,sad,test,sad,/gpfs0/bgu-vilenchi/users/sdolev/Thesis/VLMs/data/raf-db/aligned/test_1745_aligned.jpg
test_1746,data/raf-db/aligned/test_1746_aligned.jpg,6,angry,test,angry,/gpfs0/bgu-vilenchi/users/sdolev/Thesis/VLMs/data/raf-db/aligned/test_1746_aligned.jpg
test_1747,data/raf-db/aligned/test_1747_aligned.jpg,5,sad,test,sad,/gpfs0/bgu-vilenchi/users/sdolev/Thesis/VLMs/data/raf-db/aligned/test_1747_aligned.jpg
test_1748,data/raf-db/aligned/test_1748_aligned.jpg,5,sad,test,happy,/gpfs0/bgu-vilenchi/users/sdolev/Thesis/VLMs/data/raf-db/aligned/test_1748_aligned.jpg
test_1749,data/raf-db/aligned/test_1749_aligned.jpg,4,happy,test,neutral,/gpfs0/bgu-vilenchi/users/sdolev/Thesis/VLMs/data/raf-db/aligned/test_1749_aligned.jpg
test_1750,data/raf-db/aligned/test_1750_aligned.jpg,1,surprise,test,neutral,/gpfs0/bgu-vilenchi/users/sdolev/Thesis/VLMs/data/raf-db/aligned/test_1750_aligned.jpg
test_1751,data/raf-db/aligned/test_1751_aligned.jpg,6,angry,test,angry,/gpfs0/bgu-vilenchi/users/sdolev/Thesis/VLMs/data/raf-db/aligned/test_1751_aligned.jpg
test_1752,data/raf-db/aligned/test_1752_aligned.jpg,4,happy,test,happy,/gpfs0/bgu-vilenchi/users/sdolev/Thesis/VLMs/data/raf-db/aligned/test_1752_aligned.jpg
test_1753,data/raf-db/aligned/test_1753_aligned.jpg,5,sad,test,sad,/gpfs0/bgu-vilenchi/users/sdolev/Thesis/VLMs/data/raf-db/aligned/test_1753_aligned.jpg
test_1754,data/raf-db/aligned/test_1754_aligned.jpg,5,sad,test,sad,/gpfs0/bgu-vilenchi/users/sdolev/Thesis/VLMs/data/raf-db/aligned/test_1754_aligned.jpg
test_1755,data/raf-db/aligned/test_1755_aligned.jpg,4,happy,test,happy,/gpfs0/bgu-vilenchi/users/sdolev/Thesis/VLMs/data/raf-db/aligned/test_1755_aligned.jpg
test_1756,data/raf-db/aligned/test_1756_aligned.jpg,6,angry,test,neutral,/gpfs0/bgu-vilenchi/users/sdolev/Thesis/VLMs/data/raf-db/aligned/test_1756_aligned.jpg
test_1757,data/raf-db/aligned/test_1757_aligned.jpg,4,happy,test,happy,/gpfs0/bgu-vilenchi/users/sdolev/Thesis/VLMs/data/raf-db/aligned/test_1757_aligned.jpg
test_1758,data/raf-db/aligned/test_1758_aligned.jpg,5,sad,test,neutral,/gpfs0/bgu-vilenchi/users/sdolev/Thesis/VLMs/data/raf-db/aligned/test_1758_aligned.jpg
test_1759,data/raf-db/aligned/test_1759_aligned.jpg,1,surprise,test,neutral,/gpfs0/bgu-vilenchi/users/sdolev/Thesis/VLMs/data/raf-db/aligned/test_1759_aligned.jpg
test_1760,data/raf-db/aligned/test_1760_aligned.jpg,6,angry,test,surprise,/gpfs0/bgu-vilenchi/users/sdolev/Thesis/VLMs/data/raf-db/aligned/test_1760_aligned.jpg
test_1761,data/raf-db/aligned/test_1761_aligned.jpg,4,happy,test,happy,/gpfs0/bgu-vilenchi/users/sdolev/Thesis/VLMs/data/raf-db/aligned/test_1761_aligned.jpg
test_1762,data/raf-db/aligned/test_1762_aligned.jpg,4,happy,test,happy,/gpfs0/bgu-vilenchi/users/sdolev/Thesis/VLMs/data/raf-db/aligned/test_1762_aligned.jpg
test_1763,data/raf-db/aligned/test_1763_aligned.jpg,5,sad,test,sad,/gpfs0/bgu-vilenchi/users/sdolev/Thesis/VLMs/data/raf-db/aligned/test_1763_aligned.jpg
test_1764,data/raf-db/aligned/test_1764_aligned.jpg,4,happy,test,happy,/gpfs0/bgu-vilenchi/users/sdolev/Thesis/VLMs/data/raf-db/aligned/test_1764_aligned.jpg
test_1765,data/raf-db/aligned/test_1765_aligned.jpg,4,happy,test,happy,/gpfs0/bgu-vilenchi/users/sdolev/Thesis/VLMs/data/raf-db/aligned/test_1765_aligned.jpg
test_1766,data/raf-db/aligned/test_1766_aligned.jpg,5,sad,test,sad,/gpfs0/bgu-vilenchi/users/sdolev/Thesis/VLMs/data/raf-db/aligned/test_1766_aligned.jpg
test_1767,data/raf-db/aligned/test_1767_aligned.jpg,5,sad,test,sad,/gpfs0/bgu-vilenchi/users/sdolev/Thesis/VLMs/data/raf-db/aligned/test_1767_aligned.jpg
test_1768,data/raf-db/aligned/test_1768_aligned.jpg,6,angry,test,angry,/gpfs0/bgu-vilenchi/users/sdolev/Thesis/VLMs/data/raf-db/aligned/test_1768_aligned.jpg
test_1769,data/raf-db/aligned/test_1769_aligned.jpg,1,surprise,test,surprise,/gpfs0/bgu-vilenchi/users/sdolev/Thesis/VLMs/data/raf-db/aligned/test_1769_aligned.jpg
test_1770,data/raf-db/aligned/test_1770_aligned.jpg,4,happy,test,happy,/gpfs0/bgu-vilenchi/users/sdolev/Thesis/VLMs/data/raf-db/aligned/test_1770_aligned.jpg
test_1771,data/raf-db/aligned/test_1771_aligned.jpg,5,sad,test,sad,/gpfs0/bgu-vilenchi/users/sdolev/Thesis/VLMs/data/raf-db/aligned/test_1771_aligned.jpg
test_1772,data/raf-db/aligned/test_1772_aligned.jpg,1,surprise,test,surprise,/gpfs0/bgu-vilenchi/users/sdolev/Thesis/VLMs/data/raf-db/aligned/test_1772_aligned.jpg
test_1773,data/raf-db/aligned/test_1773_aligned.jpg,4,happy,test,happy,/gpfs0/bgu-vilenchi/users/sdolev/Thesis/VLMs/data/raf-db/aligned/test_1773_aligned.jpg
test_1774,data/raf-db/aligned/test_1774_aligned.jpg,1,surprise,test,surprise,/gpfs0/bgu-vilenchi/users/sdolev/Thesis/VLMs/data/raf-db/aligned/test_1774_aligned.jpg
test_1775,data/raf-db/aligned/test_1775_aligned.jpg,4,happy,test,happy,/gpfs0/bgu-vilenchi/users/sdolev/Thesis/VLMs/data/raf-db/aligned/test_1775_aligned.jpg
test_1776,data/raf-db/aligned/test_1776_aligned.jpg,5,sad,test,happy,/gpfs0/bgu-vilenchi/users/sdolev/Thesis/VLMs/data/raf-db/aligned/test_1776_aligned.jpg
test_1777,data/raf-db/aligned/test_1777_aligned.jpg,5,sad,test,sad,/gpfs0/bgu-vilenchi/users/sdolev/Thesis/VLMs/data/raf-db/aligned/test_1777_aligned.jpg
test_1778,data/raf-db/aligned/test_1778_aligned.jpg,4,happy,test,neutral,/gpfs0/bgu-vilenchi/users/sdolev/Thesis/VLMs/data/raf-db/aligned/test_1778_aligned.jpg
test_1779,data/raf-db/aligned/test_1779_aligned.jpg,3,disgust,test,angry,/gpfs0/bgu-vilenchi/users/sdolev/Thesis/VLMs/data/raf-db/aligned/test_1779_aligned.jpg
test_1780,data/raf-db/aligned/test_1780_aligned.jpg,5,sad,test,sad,/gpfs0/bgu-vilenchi/users/sdolev/Thesis/VLMs/data/raf-db/aligned/test_1780_aligned.jpg
test_1781,data/raf-db/aligned/test_1781_aligned.jpg,1,surprise,test,surprise,/gpfs0/bgu-vilenchi/users/sdolev/Thesis/VLMs/data/raf-db/aligned/test_1781_aligned.jpg
test_1782,data/raf-db/aligned/test_1782_aligned.jpg,6,angry,test,angry,/gpfs0/bgu-vilenchi/users/sdolev/Thesis/VLMs/data/raf-db/aligned/test_1782_aligned.jpg
test_1783,data/raf-db/aligned/test_1783_aligned.jpg,6,angry,test,surprise,/gpfs0/bgu-vilenchi/users/sdolev/Thesis/VLMs/data/raf-db/aligned/test_1783_aligned.jpg
test_1784,data/raf-db/aligned/test_1784_aligned.jpg,4,happy,test,happy,/gpfs0/bgu-vilenchi/users/sdolev/Thesis/VLMs/data/raf-db/aligned/test_1784_aligned.jpg
test_1785,data/raf-db/aligned/test_1785_aligned.jpg,6,angry,test,angry,/gpfs0/bgu-vilenchi/users/sdolev/Thesis/VLMs/data/raf-db/aligned/test_1785_aligned.jpg
test_1786,data/raf-db/aligned/test_1786_aligned.jpg,1,surprise,test,surprise,/gpfs0/bgu-vilenchi/users/sdolev/Thesis/VLMs/data/raf-db/aligned/test_1786_aligned.jpg
test_1787,data/raf-db/aligned/test_1787_aligned.jpg,4,happy,test,happy,/gpfs0/bgu-vilenchi/users/sdolev/Thesis/VLMs/data/raf-db/aligned/test_1787_aligned.jpg
test_1788,data/raf-db/aligned/test_1788_aligned.jpg,2,fear,test,surprise,/gpfs0/bgu-vilenchi/users/sdolev/Thesis/VLMs/data/raf-db/aligned/test_1788_aligned.jpg
test_1789,data/raf-db/aligned/test_1789_aligned.jpg,5,sad,test,neutral,/gpfs0/bgu-vilenchi/users/sdolev/Thesis/VLMs/data/raf-db/aligned/test_1789_aligned.jpg
test_1790,data/raf-db/aligned/test_1790_aligned.jpg,4,happy,test,happy,/gpfs0/bgu-vilenchi/users/sdolev/Thesis/VLMs/data/raf-db/aligned/test_1790_aligned.jpg
test_1791,data/raf-db/aligned/test_1791_aligned.jpg,6,angry,test,angry,/gpfs0/bgu-vilenchi/users/sdolev/Thesis/VLMs/data/raf-db/aligned/test_1791_aligned.jpg
test_1792,data/raf-db/aligned/test_1792_aligned.jpg,2,fear,test,surprise,/gpfs0/bgu-vilenchi/users/sdolev/Thesis/VLMs/data/raf-db/aligned/test_1792_aligned.jpg
test_1793,data/raf-db/aligned/test_1793_aligned.jpg,4,happy,test,happy,/gpfs0/bgu-vilenchi/users/sdolev/Thesis/VLMs/data/raf-db/aligned/test_1793_aligned.jpg
test_1794,data/raf-db/aligned/test_1794_aligned.jpg,4,happy,test,happy,/gpfs0/bgu-vilenchi/users/sdolev/Thesis/VLMs/data/raf-db/aligned/test_1794_aligned.jpg
test_1795,data/raf-db/aligned/test_1795_aligned.jpg,5,sad,test,sad,/gpfs0/bgu-vilenchi/users/sdolev/Thesis/VLMs/data/raf-db/aligned/test_1795_aligned.jpg
test_1796,data/raf-db/aligned/test_1796_aligned.jpg,4,happy,test,happy,/gpfs0/bgu-vilenchi/users/sdolev/Thesis/VLMs/data/raf-db/aligned/test_1796_aligned.jpg
test_1797,data/raf-db/aligned/test_1797_aligned.jpg,4,happy,test,happy,/gpfs0/bgu-vilenchi/users/sdolev/Thesis/VLMs/data/raf-db/aligned/test_1797_aligned.jpg
test_1798,data/raf-db/aligned/test_1798_aligned.jpg,5,sad,test,neutral,/gpfs0/bgu-vilenchi/users/sdolev/Thesis/VLMs/data/raf-db/aligned/test_1798_aligned.jpg
test_1799,data/raf-db/aligned/test_1799_aligned.jpg,5,sad,test,sad,/gpfs0/bgu-vilenchi/users/sdolev/Thesis/VLMs/data/raf-db/aligned/test_1799_aligned.jpg
test_1800,data/raf-db/aligned/test_1800_aligned.jpg,5,sad,test,sad,/gpfs0/bgu-vilenchi/users/sdolev/Thesis/VLMs/data/raf-db/aligned/test_1800_aligned.jpg
test_1801,data/raf-db/aligned/test_1801_aligned.jpg,6,angry,test,angry,/gpfs0/bgu-vilenchi/users/sdolev/Thesis/VLMs/data/raf-db/aligned/test_1801_aligned.jpg
test_1802,data/raf-db/aligned/test_1802_aligned.jpg,1,surprise,test,surprise,/gpfs0/bgu-vilenchi/users/sdolev/Thesis/VLMs/data/raf-db/aligned/test_1802_aligned.jpg
test_1803,data/raf-db/aligned/test_1803_aligned.jpg,6,angry,test,angry,/gpfs0/bgu-vilenchi/users/sdolev/Thesis/VLMs/data/raf-db/aligned/test_1803_aligned.jpg
test_1804,data/raf-db/aligned/test_1804_aligned.jpg,5,sad,test,sad,/gpfs0/bgu-vilenchi/users/sdolev/Thesis/VLMs/data/raf-db/aligned/test_1804_aligned.jpg
test_1805,data/raf-db/aligned/test_1805_aligned.jpg,6,angry,test,angry,/gpfs0/bgu-vilenchi/users/sdolev/Thesis/VLMs/data/raf-db/aligned/test_1805_aligned.jpg
test_1806,data/raf-db/aligned/test_1806_aligned.jpg,5,sad,test,sad,/gpfs0/bgu-vilenchi/users/sdolev/Thesis/VLMs/data/raf-db/aligned/test_1806_aligned.jpg
test_1807,data/raf-db/aligned/test_1807_aligned.jpg,1,surprise,test,neutral,/gpfs0/bgu-vilenchi/users/sdolev/Thesis/VLMs/data/raf-db/aligned/test_1807_aligned.jpg
test_1808,data/raf-db/aligned/test_1808_aligned.jpg,5,sad,test,sad,/gpfs0/bgu-vilenchi/users/sdolev/Thesis/VLMs/data/raf-db/aligned/test_1808_aligned.jpg
test_1809,data/raf-db/aligned/test_1809_aligned.jpg,5,sad,test,sad,/gpfs0/bgu-vilenchi/users/sdolev/Thesis/VLMs/data/raf-db/aligned/test_1809_aligned.jpg
test_1810,data/raf-db/aligned/test_1810_aligned.jpg,5,sad,test,neutral,/gpfs0/bgu-vilenchi/users/sdolev/Thesis/VLMs/data/raf-db/aligned/test_1810_aligned.jpg
test_1811,data/raf-db/aligned/test_1811_aligned.jpg,5,sad,test,sad,/gpfs0/bgu-vilenchi/users/sdolev/Thesis/VLMs/data/raf-db/aligned/test_1811_aligned.jpg
test_1812,data/raf-db/aligned/test_1812_aligned.jpg,5,sad,test,sad,/gpfs0/bgu-vilenchi/users/sdolev/Thesis/VLMs/data/raf-db/aligned/test_1812_aligned.jpg
test_1813,data/raf-db/aligned/test_1813_aligned.jpg,3,disgust,test,angry,/gpfs0/bgu-vilenchi/users/sdolev/Thesis/VLMs/data/raf-db/aligned/test_1813_aligned.jpg
test_1814,data/raf-db/aligned/test_1814_aligned.jpg,5,sad,test,sad,/gpfs0/bgu-vilenchi/users/sdolev/Thesis/VLMs/data/raf-db/aligned/test_1814_aligned.jpg
test_1815,data/raf-db/aligned/test_1815_aligned.jpg,6,angry,test,angry,/gpfs0/bgu-vilenchi/users/sdolev/Thesis/VLMs/data/raf-db/aligned/test_1815_aligned.jpg
test_1816,data/raf-db/aligned/test_1816_aligned.jpg,1,surprise,test,surprise,/gpfs0/bgu-vilenchi/users/sdolev/Thesis/VLMs/data/raf-db/aligned/test_1816_aligned.jpg
test_1817,data/raf-db/aligned/test_1817_aligned.jpg,4,happy,test,happy,/gpfs0/bgu-vilenchi/users/sdolev/Thesis/VLMs/data/raf-db/aligned/test_1817_aligned.jpg
test_1818,data/raf-db/aligned/test_1818_aligned.jpg,5,sad,test,neutral,/gpfs0/bgu-vilenchi/users/sdolev/Thesis/VLMs/data/raf-db/aligned/test_1818_aligned.jpg
test_1819,data/raf-db/aligned/test_1819_aligned.jpg,4,happy,test,happy,/gpfs0/bgu-vilenchi/users/sdolev/Thesis/VLMs/data/raf-db/aligned/test_1819_aligned.jpg
test_1820,data/raf-db/aligned/test_1820_aligned.jpg,1,surprise,test,surprise,/gpfs0/bgu-vilenchi/users/sdolev/Thesis/VLMs/data/raf-db/aligned/test_1820_aligned.jpg
test_1821,data/raf-db/aligned/test_1821_aligned.jpg,1,surprise,test,surprise,/gpfs0/bgu-vilenchi/users/sdolev/Thesis/VLMs/data/raf-db/aligned/test_1821_aligned.jpg
test_1822,data/raf-db/aligned/test_1822_aligned.jpg,1,surprise,test,surprise,/gpfs0/bgu-vilenchi/users/sdolev/Thesis/VLMs/data/raf-db/aligned/test_1822_aligned.jpg
test_1823,data/raf-db/aligned/test_1823_aligned.jpg,5,sad,test,angry,/gpfs0/bgu-vilenchi/users/sdolev/Thesis/VLMs/data/raf-db/aligned/test_1823_aligned.jpg
test_1824,data/raf-db/aligned/test_1824_aligned.jpg,5,sad,test,neutral,/gpfs0/bgu-vilenchi/users/sdolev/Thesis/VLMs/data/raf-db/aligned/test_1824_aligned.jpg
test_1825,data/raf-db/aligned/test_1825_aligned.jpg,4,happy,test,happy,/gpfs0/bgu-vilenchi/users/sdolev/Thesis/VLMs/data/raf-db/aligned/test_1825_aligned.jpg
test_1826,data/raf-db/aligned/test_1826_aligned.jpg,4,happy,test,happy,/gpfs0/bgu-vilenchi/users/sdolev/Thesis/VLMs/data/raf-db/aligned/test_1826_aligned.jpg
test_1827,data/raf-db/aligned/test_1827_aligned.jpg,1,surprise,test,surprise,/gpfs0/bgu-vilenchi/users/sdolev/Thesis/VLMs/data/raf-db/aligned/test_1827_aligned.jpg
test_1828,data/raf-db/aligned/test_1828_aligned.jpg,6,angry,test,angry,/gpfs0/bgu-vilenchi/users/sdolev/Thesis/VLMs/data/raf-db/aligned/test_1828_aligned.jpg
test_1829,data/raf-db/aligned/test_1829_aligned.jpg,5,sad,test,sad,/gpfs0/bgu-vilenchi/users/sdolev/Thesis/VLMs/data/raf-db/aligned/test_1829_aligned.jpg
test_1830,data/raf-db/aligned/test_1830_aligned.jpg,6,angry,test,angry,/gpfs0/bgu-vilenchi/users/sdolev/Thesis/VLMs/data/raf-db/aligned/test_1830_aligned.jpg
test_1831,data/raf-db/aligned/test_1831_aligned.jpg,5,sad,test,sad,/gpfs0/bgu-vilenchi/users/sdolev/Thesis/VLMs/data/raf-db/aligned/test_1831_aligned.jpg
test_1832,data/raf-db/aligned/test_1832_aligned.jpg,5,sad,test,sad,/gpfs0/bgu-vilenchi/users/sdolev/Thesis/VLMs/data/raf-db/aligned/test_1832_aligned.jpg
test_1833,data/raf-db/aligned/test_1833_aligned.jpg,1,surprise,test,neutral,/gpfs0/bgu-vilenchi/users/sdolev/Thesis/VLMs/data/raf-db/aligned/test_1833_aligned.jpg
test_1834,data/raf-db/aligned/test_1834_aligned.jpg,4,happy,test,happy,/gpfs0/bgu-vilenchi/users/sdolev/Thesis/VLMs/data/raf-db/aligned/test_1834_aligned.jpg
test_1835,data/raf-db/aligned/test_1835_aligned.jpg,1,surprise,test,surprise,/gpfs0/bgu-vilenchi/users/sdolev/Thesis/VLMs/data/raf-db/aligned/test_1835_aligned.jpg
test_1836,data/raf-db/aligned/test_1836_aligned.jpg,6,angry,test,surprise,/gpfs0/bgu-vilenchi/users/sdolev/Thesis/VLMs/data/raf-db/aligned/test_1836_aligned.jpg
test_1837,data/raf-db/aligned/test_1837_aligned.jpg,4,happy,test,happy,/gpfs0/bgu-vilenchi/users/sdolev/Thesis/VLMs/data/raf-db/aligned/test_1837_aligned.jpg
test_1838,data/raf-db/aligned/test_1838_aligned.jpg,6,angry,test,angry,/gpfs0/bgu-vilenchi/users/sdolev/Thesis/VLMs/data/raf-db/aligned/test_1838_aligned.jpg
test_1839,data/raf-db/aligned/test_1839_aligned.jpg,6,angry,test,angry,/gpfs0/bgu-vilenchi/users/sdolev/Thesis/VLMs/data/raf-db/aligned/test_1839_aligned.jpg
test_1840,data/raf-db/aligned/test_1840_aligned.jpg,1,surprise,test,angry,/gpfs0/bgu-vilenchi/users/sdolev/Thesis/VLMs/data/raf-db/aligned/test_1840_aligned.jpg
test_1841,data/raf-db/aligned/test_1841_aligned.jpg,4,happy,test,neutral,/gpfs0/bgu-vilenchi/users/sdolev/Thesis/VLMs/data/raf-db/aligned/test_1841_aligned.jpg
test_1842,data/raf-db/aligned/test_1842_aligned.jpg,5,sad,test,sad,/gpfs0/bgu-vilenchi/users/sdolev/Thesis/VLMs/data/raf-db/aligned/test_1842_aligned.jpg
test_1843,data/raf-db/aligned/test_1843_aligned.jpg,5,sad,test,sad,/gpfs0/bgu-vilenchi/users/sdolev/Thesis/VLMs/data/raf-db/aligned/test_1843_aligned.jpg
test_1844,data/raf-db/aligned/test_1844_aligned.jpg,4,happy,test,neutral,/gpfs0/bgu-vilenchi/users/sdolev/Thesis/VLMs/data/raf-db/aligned/test_1844_aligned.jpg
test_1845,data/raf-db/aligned/test_1845_aligned.jpg,1,surprise,test,surprise,/gpfs0/bgu-vilenchi/users/sdolev/Thesis/VLMs/data/raf-db/aligned/test_1845_aligned.jpg
test_1846,data/raf-db/aligned/test_1846_aligned.jpg,5,sad,test,sad,/gpfs0/bgu-vilenchi/users/sdolev/Thesis/VLMs/data/raf-db/aligned/test_1846_aligned.jpg
test_1847,data/raf-db/aligned/test_1847_aligned.jpg,5,sad,test,sad,/gpfs0/bgu-vilenchi/users/sdolev/Thesis/VLMs/data/raf-db/aligned/test_1847_aligned.jpg
test_1848,data/raf-db/aligned/test_1848_aligned.jpg,4,happy,test,happy,/gpfs0/bgu-vilenchi/users/sdolev/Thesis/VLMs/data/raf-db/aligned/test_1848_aligned.jpg
test_1849,data/raf-db/aligned/test_1849_aligned.jpg,5,sad,test,sad,/gpfs0/bgu-vilenchi/users/sdolev/Thesis/VLMs/data/raf-db/aligned/test_1849_aligned.jpg
test_1850,data/raf-db/aligned/test_1850_aligned.jpg,1,surprise,test,surprise,/gpfs0/bgu-vilenchi/users/sdolev/Thesis/VLMs/data/raf-db/aligned/test_1850_aligned.jpg
test_1851,data/raf-db/aligned/test_1851_aligned.jpg,5,sad,test,sad,/gpfs0/bgu-vilenchi/users/sdolev/Thesis/VLMs/data/raf-db/aligned/test_1851_aligned.jpg
test_1852,data/raf-db/aligned/test_1852_aligned.jpg,3,disgust,test,neutral,/gpfs0/bgu-vilenchi/users/sdolev/Thesis/VLMs/data/raf-db/aligned/test_1852_aligned.jpg
test_1853,data/raf-db/aligned/test_1853_aligned.jpg,5,sad,test,sad,/gpfs0/bgu-vilenchi/users/sdolev/Thesis/VLMs/data/raf-db/aligned/test_1853_aligned.jpg
test_1854,data/raf-db/aligned/test_1854_aligned.jpg,5,sad,test,sad,/gpfs0/bgu-vilenchi/users/sdolev/Thesis/VLMs/data/raf-db/aligned/test_1854_aligned.jpg
test_1855,data/raf-db/aligned/test_1855_aligned.jpg,1,surprise,test,surprise,/gpfs0/bgu-vilenchi/users/sdolev/Thesis/VLMs/data/raf-db/aligned/test_1855_aligned.jpg
test_1856,data/raf-db/aligned/test_1856_aligned.jpg,5,sad,test,sad,/gpfs0/bgu-vilenchi/users/sdolev/Thesis/VLMs/data/raf-db/aligned/test_1856_aligned.jpg
test_1857,data/raf-db/aligned/test_1857_aligned.jpg,5,sad,test,sad,/gpfs0/bgu-vilenchi/users/sdolev/Thesis/VLMs/data/raf-db/aligned/test_1857_aligned.jpg
test_1858,data/raf-db/aligned/test_1858_aligned.jpg,6,angry,test,angry,/gpfs0/bgu-vilenchi/users/sdolev/Thesis/VLMs/data/raf-db/aligned/test_1858_aligned.jpg
test_1859,data/raf-db/aligned/test_1859_aligned.jpg,1,surprise,test,surprise,/gpfs0/bgu-vilenchi/users/sdolev/Thesis/VLMs/data/raf-db/aligned/test_1859_aligned.jpg
test_1860,data/raf-db/aligned/test_1860_aligned.jpg,4,happy,test,happy,/gpfs0/bgu-vilenchi/users/sdolev/Thesis/VLMs/data/raf-db/aligned/test_1860_aligned.jpg
test_1861,data/raf-db/aligned/test_1861_aligned.jpg,1,surprise,test,neutral,/gpfs0/bgu-vilenchi/users/sdolev/Thesis/VLMs/data/raf-db/aligned/test_1861_aligned.jpg
test_1862,data/raf-db/aligned/test_1862_aligned.jpg,4,happy,test,neutral,/gpfs0/bgu-vilenchi/users/sdolev/Thesis/VLMs/data/raf-db/aligned/test_1862_aligned.jpg
test_1863,data/raf-db/aligned/test_1863_aligned.jpg,6,angry,test,neutral,/gpfs0/bgu-vilenchi/users/sdolev/Thesis/VLMs/data/raf-db/aligned/test_1863_aligned.jpg
test_1864,data/raf-db/aligned/test_1864_aligned.jpg,5,sad,test,sad,/gpfs0/bgu-vilenchi/users/sdolev/Thesis/VLMs/data/raf-db/aligned/test_1864_aligned.jpg
test_1865,data/raf-db/aligned/test_1865_aligned.jpg,4,happy,test,neutral,/gpfs0/bgu-vilenchi/users/sdolev/Thesis/VLMs/data/raf-db/aligned/test_1865_aligned.jpg
test_1866,data/raf-db/aligned/test_1866_aligned.jpg,3,disgust,test,angry,/gpfs0/bgu-vilenchi/users/sdolev/Thesis/VLMs/data/raf-db/aligned/test_1866_aligned.jpg
test_1867,data/raf-db/aligned/test_1867_aligned.jpg,6,angry,test,angry,/gpfs0/bgu-vilenchi/users/sdolev/Thesis/VLMs/data/raf-db/aligned/test_1867_aligned.jpg
test_1868,data/raf-db/aligned/test_1868_aligned.jpg,6,angry,test,angry,/gpfs0/bgu-vilenchi/users/sdolev/Thesis/VLMs/data/raf-db/aligned/test_1868_aligned.jpg
test_1869,data/raf-db/aligned/test_1869_aligned.jpg,1,surprise,test,surprise,/gpfs0/bgu-vilenchi/users/sdolev/Thesis/VLMs/data/raf-db/aligned/test_1869_aligned.jpg
test_1870,data/raf-db/aligned/test_1870_aligned.jpg,4,happy,test,happy,/gpfs0/bgu-vilenchi/users/sdolev/Thesis/VLMs/data/raf-db/aligned/test_1870_aligned.jpg
test_1871,data/raf-db/aligned/test_1871_aligned.jpg,4,happy,test,happy,/gpfs0/bgu-vilenchi/users/sdolev/Thesis/VLMs/data/raf-db/aligned/test_1871_aligned.jpg
test_1872,data/raf-db/aligned/test_1872_aligned.jpg,5,sad,test,sad,/gpfs0/bgu-vilenchi/users/sdolev/Thesis/VLMs/data/raf-db/aligned/test_1872_aligned.jpg
test_1873,data/raf-db/aligned/test_1873_aligned.jpg,5,sad,test,sad,/gpfs0/bgu-vilenchi/users/sdolev/Thesis/VLMs/data/raf-db/aligned/test_1873_aligned.jpg
test_1874,data/raf-db/aligned/test_1874_aligned.jpg,1,surprise,test,surprise,/gpfs0/bgu-vilenchi/users/sdolev/Thesis/VLMs/data/raf-db/aligned/test_1874_aligned.jpg
test_1875,data/raf-db/aligned/test_1875_aligned.jpg,5,sad,test,angry,/gpfs0/bgu-vilenchi/users/sdolev/Thesis/VLMs/data/raf-db/aligned/test_1875_aligned.jpg
test_1876,data/raf-db/aligned/test_1876_aligned.jpg,4,happy,test,neutral,/gpfs0/bgu-vilenchi/users/sdolev/Thesis/VLMs/data/raf-db/aligned/test_1876_aligned.jpg
test_1877,data/raf-db/aligned/test_1877_aligned.jpg,5,sad,test,sad,/gpfs0/bgu-vilenchi/users/sdolev/Thesis/VLMs/data/raf-db/aligned/test_1877_aligned.jpg
test_1878,data/raf-db/aligned/test_1878_aligned.jpg,4,happy,test,happy,/gpfs0/bgu-vilenchi/users/sdolev/Thesis/VLMs/data/raf-db/aligned/test_1878_aligned.jpg
test_1879,data/raf-db/aligned/test_1879_aligned.jpg,6,angry,test,angry,/gpfs0/bgu-vilenchi/users/sdolev/Thesis/VLMs/data/raf-db/aligned/test_1879_aligned.jpg
test_1880,data/raf-db/aligned/test_1880_aligned.jpg,6,angry,test,angry,/gpfs0/bgu-vilenchi/users/sdolev/Thesis/VLMs/data/raf-db/aligned/test_1880_aligned.jpg
test_1881,data/raf-db/aligned/test_1881_aligned.jpg,4,happy,test,happy,/gpfs0/bgu-vilenchi/users/sdolev/Thesis/VLMs/data/raf-db/aligned/test_1881_aligned.jpg
test_1882,data/raf-db/aligned/test_1882_aligned.jpg,5,sad,test,happy,/gpfs0/bgu-vilenchi/users/sdolev/Thesis/VLMs/data/raf-db/aligned/test_1882_aligned.jpg
test_1883,data/raf-db/aligned/test_1883_aligned.jpg,4,happy,test,happy,/gpfs0/bgu-vilenchi/users/sdolev/Thesis/VLMs/data/raf-db/aligned/test_1883_aligned.jpg
test_1884,data/raf-db/aligned/test_1884_aligned.jpg,3,disgust,test,neutral,/gpfs0/bgu-vilenchi/users/sdolev/Thesis/VLMs/data/raf-db/aligned/test_1884_aligned.jpg
test_1885,data/raf-db/aligned/test_1885_aligned.jpg,4,happy,test,happy,/gpfs0/bgu-vilenchi/users/sdolev/Thesis/VLMs/data/raf-db/aligned/test_1885_aligned.jpg
test_1886,data/raf-db/aligned/test_1886_aligned.jpg,6,angry,test,angry,/gpfs0/bgu-vilenchi/users/sdolev/Thesis/VLMs/data/raf-db/aligned/test_1886_aligned.jpg
test_1887,data/raf-db/aligned/test_1887_aligned.jpg,4,happy,test,happy,/gpfs0/bgu-vilenchi/users/sdolev/Thesis/VLMs/data/raf-db/aligned/test_1887_aligned.jpg
test_1888,data/raf-db/aligned/test_1888_aligned.jpg,4,happy,test,happy,/gpfs0/bgu-vilenchi/users/sdolev/Thesis/VLMs/data/raf-db/aligned/test_1888_aligned.jpg
test_1889,data/raf-db/aligned/test_1889_aligned.jpg,4,happy,test,happy,/gpfs0/bgu-vilenchi/users/sdolev/Thesis/VLMs/data/raf-db/aligned/test_1889_aligned.jpg
test_1890,data/raf-db/aligned/test_1890_aligned.jpg,1,surprise,test,surprise,/gpfs0/bgu-vilenchi/users/sdolev/Thesis/VLMs/data/raf-db/aligned/test_1890_aligned.jpg
test_1891,data/raf-db/aligned/test_1891_aligned.jpg,3,disgust,test,angry,/gpfs0/bgu-vilenchi/users/sdolev/Thesis/VLMs/data/raf-db/aligned/test_1891_aligned.jpg
test_1892,data/raf-db/aligned/test_1892_aligned.jpg,4,happy,test,angry,/gpfs0/bgu-vilenchi/users/sdolev/Thesis/VLMs/data/raf-db/aligned/test_1892_aligned.jpg
test_1893,data/raf-db/aligned/test_1893_aligned.jpg,5,sad,test,sad,/gpfs0/bgu-vilenchi/users/sdolev/Thesis/VLMs/data/raf-db/aligned/test_1893_aligned.jpg
test_1894,data/raf-db/aligned/test_1894_aligned.jpg,4,happy,test,happy,/gpfs0/bgu-vilenchi/users/sdolev/Thesis/VLMs/data/raf-db/aligned/test_1894_aligned.jpg
test_1895,data/raf-db/aligned/test_1895_aligned.jpg,4,happy,test,happy,/gpfs0/bgu-vilenchi/users/sdolev/Thesis/VLMs/data/raf-db/aligned/test_1895_aligned.jpg
test_1896,data/raf-db/aligned/test_1896_aligned.jpg,4,happy,test,happy,/gpfs0/bgu-vilenchi/users/sdolev/Thesis/VLMs/data/raf-db/aligned/test_1896_aligned.jpg
test_1897,data/raf-db/aligned/test_1897_aligned.jpg,4,happy,test,happy,/gpfs0/bgu-vilenchi/users/sdolev/Thesis/VLMs/data/raf-db/aligned/test_1897_aligned.jpg
test_1898,data/raf-db/aligned/test_1898_aligned.jpg,4,happy,test,happy,/gpfs0/bgu-vilenchi/users/sdolev/Thesis/VLMs/data/raf-db/aligned/test_1898_aligned.jpg
test_1899,data/raf-db/aligned/test_1899_aligned.jpg,4,happy,test,happy,/gpfs0/bgu-vilenchi/users/sdolev/Thesis/VLMs/data/raf-db/aligned/test_1899_aligned.jpg
test_1900,data/raf-db/aligned/test_1900_aligned.jpg,4,happy,test,happy,/gpfs0/bgu-vilenchi/users/sdolev/Thesis/VLMs/data/raf-db/aligned/test_1900_aligned.jpg
test_1901,data/raf-db/aligned/test_1901_aligned.jpg,6,angry,test,angry,/gpfs0/bgu-vilenchi/users/sdolev/Thesis/VLMs/data/raf-db/aligned/test_1901_aligned.jpg
test_1902,data/raf-db/aligned/test_1902_aligned.jpg,5,sad,test,sad,/gpfs0/bgu-vilenchi/users/sdolev/Thesis/VLMs/data/raf-db/aligned/test_1902_aligned.jpg
test_1903,data/raf-db/aligned/test_1903_aligned.jpg,1,surprise,test,neutral,/gpfs0/bgu-vilenchi/users/sdolev/Thesis/VLMs/data/raf-db/aligned/test_1903_aligned.jpg
test_1904,data/raf-db/aligned/test_1904_aligned.jpg,1,surprise,test,surprise,/gpfs0/bgu-vilenchi/users/sdolev/Thesis/VLMs/data/raf-db/aligned/test_1904_aligned.jpg
test_1905,data/raf-db/aligned/test_1905_aligned.jpg,4,happy,test,happy,/gpfs0/bgu-vilenchi/users/sdolev/Thesis/VLMs/data/raf-db/aligned/test_1905_aligned.jpg
test_1906,data/raf-db/aligned/test_1906_aligned.jpg,4,happy,test,happy,/gpfs0/bgu-vilenchi/users/sdolev/Thesis/VLMs/data/raf-db/aligned/test_1906_aligned.jpg
test_1907,data/raf-db/aligned/test_1907_aligned.jpg,4,happy,test,happy,/gpfs0/bgu-vilenchi/users/sdolev/Thesis/VLMs/data/raf-db/aligned/test_1907_aligned.jpg
test_1908,data/raf-db/aligned/test_1908_aligned.jpg,5,sad,test,sad,/gpfs0/bgu-vilenchi/users/sdolev/Thesis/VLMs/data/raf-db/aligned/test_1908_aligned.jpg
test_1909,data/raf-db/aligned/test_1909_aligned.jpg,5,sad,test,sad,/gpfs0/bgu-vilenchi/users/sdolev/Thesis/VLMs/data/raf-db/aligned/test_1909_aligned.jpg
test_1910,data/raf-db/aligned/test_1910_aligned.jpg,5,sad,test,sad,/gpfs0/bgu-vilenchi/users/sdolev/Thesis/VLMs/data/raf-db/aligned/test_1910_aligned.jpg
test_1911,data/raf-db/aligned/test_1911_aligned.jpg,6,angry,test,angry,/gpfs0/bgu-vilenchi/users/sdolev/Thesis/VLMs/data/raf-db/aligned/test_1911_aligned.jpg
test_1912,data/raf-db/aligned/test_1912_aligned.jpg,3,disgust,test,angry,/gpfs0/bgu-vilenchi/users/sdolev/Thesis/VLMs/data/raf-db/aligned/test_1912_aligned.jpg
test_1913,data/raf-db/aligned/test_1913_aligned.jpg,1,surprise,test,neutral,/gpfs0/bgu-vilenchi/users/sdolev/Thesis/VLMs/data/raf-db/aligned/test_1913_aligned.jpg
test_1914,data/raf-db/aligned/test_1914_aligned.jpg,6,angry,test,happy,/gpfs0/bgu-vilenchi/users/sdolev/Thesis/VLMs/data/raf-db/aligned/test_1914_aligned.jpg
test_1915,data/raf-db/aligned/test_1915_aligned.jpg,4,happy,test,happy,/gpfs0/bgu-vilenchi/users/sdolev/Thesis/VLMs/data/raf-db/aligned/test_1915_aligned.jpg
test_1916,data/raf-db/aligned/test_1916_aligned.jpg,4,happy,test,happy,/gpfs0/bgu-vilenchi/users/sdolev/Thesis/VLMs/data/raf-db/aligned/test_1916_aligned.jpg
test_1917,data/raf-db/aligned/test_1917_aligned.jpg,4,happy,test,neutral,/gpfs0/bgu-vilenchi/users/sdolev/Thesis/VLMs/data/raf-db/aligned/test_1917_aligned.jpg
test_1918,data/raf-db/aligned/test_1918_aligned.jpg,5,sad,test,sad,/gpfs0/bgu-vilenchi/users/sdolev/Thesis/VLMs/data/raf-db/aligned/test_1918_aligned.jpg
test_1919,data/raf-db/aligned/test_1919_aligned.jpg,4,happy,test,happy,/gpfs0/bgu-vilenchi/users/sdolev/Thesis/VLMs/data/raf-db/aligned/test_1919_aligned.jpg
test_1920,data/raf-db/aligned/test_1920_aligned.jpg,1,surprise,test,surprise,/gpfs0/bgu-vilenchi/users/sdolev/Thesis/VLMs/data/raf-db/aligned/test_1920_aligned.jpg
test_1921,data/raf-db/aligned/test_1921_aligned.jpg,4,happy,test,neutral,/gpfs0/bgu-vilenchi/users/sdolev/Thesis/VLMs/data/raf-db/aligned/test_1921_aligned.jpg
test_1922,data/raf-db/aligned/test_1922_aligned.jpg,5,sad,test,neutral,/gpfs0/bgu-vilenchi/users/sdolev/Thesis/VLMs/data/raf-db/aligned/test_1922_aligned.jpg
test_1923,data/raf-db/aligned/test_1923_aligned.jpg,5,sad,test,sad,/gpfs0/bgu-vilenchi/users/sdolev/Thesis/VLMs/data/raf-db/aligned/test_1923_aligned.jpg
test_1924,data/raf-db/aligned/test_1924_aligned.jpg,4,happy,test,happy,/gpfs0/bgu-vilenchi/users/sdolev/Thesis/VLMs/data/raf-db/aligned/test_1924_aligned.jpg
test_1925,data/raf-db/aligned/test_1925_aligned.jpg,4,happy,test,happy,/gpfs0/bgu-vilenchi/users/sdolev/Thesis/VLMs/data/raf-db/aligned/test_1925_aligned.jpg
test_1926,data/raf-db/aligned/test_1926_aligned.jpg,1,surprise,test,surprise,/gpfs0/bgu-vilenchi/users/sdolev/Thesis/VLMs/data/raf-db/aligned/test_1926_aligned.jpg
test_1927,data/raf-db/aligned/test_1927_aligned.jpg,5,sad,test,sad,/gpfs0/bgu-vilenchi/users/sdolev/Thesis/VLMs/data/raf-db/aligned/test_1927_aligned.jpg
test_1928,data/raf-db/aligned/test_1928_aligned.jpg,1,surprise,test,surprise,/gpfs0/bgu-vilenchi/users/sdolev/Thesis/VLMs/data/raf-db/aligned/test_1928_aligned.jpg
test_1929,data/raf-db/aligned/test_1929_aligned.jpg,5,sad,test,neutral,/gpfs0/bgu-vilenchi/users/sdolev/Thesis/VLMs/data/raf-db/aligned/test_1929_aligned.jpg
test_1930,data/raf-db/aligned/test_1930_aligned.jpg,4,happy,test,happy,/gpfs0/bgu-vilenchi/users/sdolev/Thesis/VLMs/data/raf-db/aligned/test_1930_aligned.jpg
test_1931,data/raf-db/aligned/test_1931_aligned.jpg,1,surprise,test,surprise,/gpfs0/bgu-vilenchi/users/sdolev/Thesis/VLMs/data/raf-db/aligned/test_1931_aligned.jpg
test_1932,data/raf-db/aligned/test_1932_aligned.jpg,5,sad,test,sad,/gpfs0/bgu-vilenchi/users/sdolev/Thesis/VLMs/data/raf-db/aligned/test_1932_aligned.jpg
test_1933,data/raf-db/aligned/test_1933_aligned.jpg,1,surprise,test,surprise,/gpfs0/bgu-vilenchi/users/sdolev/Thesis/VLMs/data/raf-db/aligned/test_1933_aligned.jpg
test_1934,data/raf-db/aligned/test_1934_aligned.jpg,1,surprise,test,surprise,/gpfs0/bgu-vilenchi/users/sdolev/Thesis/VLMs/data/raf-db/aligned/test_1934_aligned.jpg
test_1935,data/raf-db/aligned/test_1935_aligned.jpg,3,disgust,test,surprise,/gpfs0/bgu-vilenchi/users/sdolev/Thesis/VLMs/data/raf-db/aligned/test_1935_aligned.jpg
test_1936,data/raf-db/aligned/test_1936_aligned.jpg,5,sad,test,sad,/gpfs0/bgu-vilenchi/users/sdolev/Thesis/VLMs/data/raf-db/aligned/test_1936_aligned.jpg
test_1937,data/raf-db/aligned/test_1937_aligned.jpg,5,sad,test,surprise,/gpfs0/bgu-vilenchi/users/sdolev/Thesis/VLMs/data/raf-db/aligned/test_1937_aligned.jpg
test_1938,data/raf-db/aligned/test_1938_aligned.jpg,1,surprise,test,surprise,/gpfs0/bgu-vilenchi/users/sdolev/Thesis/VLMs/data/raf-db/aligned/test_1938_aligned.jpg
test_1939,data/raf-db/aligned/test_1939_aligned.jpg,6,angry,test,angry,/gpfs0/bgu-vilenchi/users/sdolev/Thesis/VLMs/data/raf-db/aligned/test_1939_aligned.jpg
test_1940,data/raf-db/aligned/test_1940_aligned.jpg,4,happy,test,happy,/gpfs0/bgu-vilenchi/users/sdolev/Thesis/VLMs/data/raf-db/aligned/test_1940_aligned.jpg
test_1941,data/raf-db/aligned/test_1941_aligned.jpg,4,happy,test,happy,/gpfs0/bgu-vilenchi/users/sdolev/Thesis/VLMs/data/raf-db/aligned/test_1941_aligned.jpg
test_1942,data/raf-db/aligned/test_1942_aligned.jpg,5,sad,test,sad,/gpfs0/bgu-vilenchi/users/sdolev/Thesis/VLMs/data/raf-db/aligned/test_1942_aligned.jpg
test_1943,data/raf-db/aligned/test_1943_aligned.jpg,5,sad,test,angry,/gpfs0/bgu-vilenchi/users/sdolev/Thesis/VLMs/data/raf-db/aligned/test_1943_aligned.jpg
test_1944,data/raf-db/aligned/test_1944_aligned.jpg,6,angry,test,angry,/gpfs0/bgu-vilenchi/users/sdolev/Thesis/VLMs/data/raf-db/aligned/test_1944_aligned.jpg
test_1945,data/raf-db/aligned/test_1945_aligned.jpg,1,surprise,test,neutral,/gpfs0/bgu-vilenchi/users/sdolev/Thesis/VLMs/data/raf-db/aligned/test_1945_aligned.jpg
test_1946,data/raf-db/aligned/test_1946_aligned.jpg,6,angry,test,angry,/gpfs0/bgu-vilenchi/users/sdolev/Thesis/VLMs/data/raf-db/aligned/test_1946_aligned.jpg
test_1947,data/raf-db/aligned/test_1947_aligned.jpg,5,sad,test,sad,/gpfs0/bgu-vilenchi/users/sdolev/Thesis/VLMs/data/raf-db/aligned/test_1947_aligned.jpg
test_1948,data/raf-db/aligned/test_1948_aligned.jpg,6,angry,test,angry,/gpfs0/bgu-vilenchi/users/sdolev/Thesis/VLMs/data/raf-db/aligned/test_1948_aligned.jpg
test_1949,data/raf-db/aligned/test_1949_aligned.jpg,5,sad,test,surprise,/gpfs0/bgu-vilenchi/users/sdolev/Thesis/VLMs/data/raf-db/aligned/test_1949_aligned.jpg
test_1950,data/raf-db/aligned/test_1950_aligned.jpg,4,happy,test,happy,/gpfs0/bgu-vilenchi/users/sdolev/Thesis/VLMs/data/raf-db/aligned/test_1950_aligned.jpg
test_1951,data/raf-db/aligned/test_1951_aligned.jpg,5,sad,test,sad,/gpfs0/bgu-vilenchi/users/sdolev/Thesis/VLMs/data/raf-db/aligned/test_1951_aligned.jpg
test_1952,data/raf-db/aligned/test_1952_aligned.jpg,5,sad,test,neutral,/gpfs0/bgu-vilenchi/users/sdolev/Thesis/VLMs/data/raf-db/aligned/test_1952_aligned.jpg
test_1953,data/raf-db/aligned/test_1953_aligned.jpg,4,happy,test,happy,/gpfs0/bgu-vilenchi/users/sdolev/Thesis/VLMs/data/raf-db/aligned/test_1953_aligned.jpg
test_1954,data/raf-db/aligned/test_1954_aligned.jpg,3,disgust,test,neutral,/gpfs0/bgu-vilenchi/users/sdolev/Thesis/VLMs/data/raf-db/aligned/test_1954_aligned.jpg
test_1955,data/raf-db/aligned/test_1955_aligned.jpg,3,disgust,test,disgust,/gpfs0/bgu-vilenchi/users/sdolev/Thesis/VLMs/data/raf-db/aligned/test_1955_aligned.jpg
test_1956,data/raf-db/aligned/test_1956_aligned.jpg,5,sad,test,sad,/gpfs0/bgu-vilenchi/users/sdolev/Thesis/VLMs/data/raf-db/aligned/test_1956_aligned.jpg
test_1957,data/raf-db/aligned/test_1957_aligned.jpg,6,angry,test,angry,/gpfs0/bgu-vilenchi/users/sdolev/Thesis/VLMs/data/raf-db/aligned/test_1957_aligned.jpg
test_1958,data/raf-db/aligned/test_1958_aligned.jpg,3,disgust,test,neutral,/gpfs0/bgu-vilenchi/users/sdolev/Thesis/VLMs/data/raf-db/aligned/test_1958_aligned.jpg
test_1959,data/raf-db/aligned/test_1959_aligned.jpg,4,happy,test,happy,/gpfs0/bgu-vilenchi/users/sdolev/Thesis/VLMs/data/raf-db/aligned/test_1959_aligned.jpg
test_1960,data/raf-db/aligned/test_1960_aligned.jpg,4,happy,test,neutral,/gpfs0/bgu-vilenchi/users/sdolev/Thesis/VLMs/data/raf-db/aligned/test_1960_aligned.jpg
test_1961,data/raf-db/aligned/test_1961_aligned.jpg,5,sad,test,sad,/gpfs0/bgu-vilenchi/users/sdolev/Thesis/VLMs/data/raf-db/aligned/test_1961_aligned.jpg
test_1962,data/raf-db/aligned/test_1962_aligned.jpg,1,surprise,test,neutral,/gpfs0/bgu-vilenchi/users/sdolev/Thesis/VLMs/data/raf-db/aligned/test_1962_aligned.jpg
test_1963,data/raf-db/aligned/test_1963_aligned.jpg,3,disgust,test,disgust,/gpfs0/bgu-vilenchi/users/sdolev/Thesis/VLMs/data/raf-db/aligned/test_1963_aligned.jpg
test_1964,data/raf-db/aligned/test_1964_aligned.jpg,6,angry,test,angry,/gpfs0/bgu-vilenchi/users/sdolev/Thesis/VLMs/data/raf-db/aligned/test_1964_aligned.jpg
test_1965,data/raf-db/aligned/test_1965_aligned.jpg,4,happy,test,happy,/gpfs0/bgu-vilenchi/users/sdolev/Thesis/VLMs/data/raf-db/aligned/test_1965_aligned.jpg
test_1966,data/raf-db/aligned/test_1966_aligned.jpg,1,surprise,test,surprise,/gpfs0/bgu-vilenchi/users/sdolev/Thesis/VLMs/data/raf-db/aligned/test_1966_aligned.jpg
test_1967,data/raf-db/aligned/test_1967_aligned.jpg,1,surprise,test,surprise,/gpfs0/bgu-vilenchi/users/sdolev/Thesis/VLMs/data/raf-db/aligned/test_1967_aligned.jpg
test_1968,data/raf-db/aligned/test_1968_aligned.jpg,5,sad,test,sad,/gpfs0/bgu-vilenchi/users/sdolev/Thesis/VLMs/data/raf-db/aligned/test_1968_aligned.jpg
test_1969,data/raf-db/aligned/test_1969_aligned.jpg,1,surprise,test,neutral,/gpfs0/bgu-vilenchi/users/sdolev/Thesis/VLMs/data/raf-db/aligned/test_1969_aligned.jpg
test_1970,data/raf-db/aligned/test_1970_aligned.jpg,1,surprise,test,neutral,/gpfs0/bgu-vilenchi/users/sdolev/Thesis/VLMs/data/raf-db/aligned/test_1970_aligned.jpg
test_1971,data/raf-db/aligned/test_1971_aligned.jpg,1,surprise,test,surprise,/gpfs0/bgu-vilenchi/users/sdolev/Thesis/VLMs/data/raf-db/aligned/test_1971_aligned.jpg
test_1972,data/raf-db/aligned/test_1972_aligned.jpg,4,happy,test,happy,/gpfs0/bgu-vilenchi/users/sdolev/Thesis/VLMs/data/raf-db/aligned/test_1972_aligned.jpg
test_1973,data/raf-db/aligned/test_1973_aligned.jpg,5,sad,test,disgust,/gpfs0/bgu-vilenchi/users/sdolev/Thesis/VLMs/data/raf-db/aligned/test_1973_aligned.jpg
test_1974,data/raf-db/aligned/test_1974_aligned.jpg,5,sad,test,sad,/gpfs0/bgu-vilenchi/users/sdolev/Thesis/VLMs/data/raf-db/aligned/test_1974_aligned.jpg
test_1975,data/raf-db/aligned/test_1975_aligned.jpg,5,sad,test,neutral,/gpfs0/bgu-vilenchi/users/sdolev/Thesis/VLMs/data/raf-db/aligned/test_1975_aligned.jpg
test_1976,data/raf-db/aligned/test_1976_aligned.jpg,6,angry,test,angry,/gpfs0/bgu-vilenchi/users/sdolev/Thesis/VLMs/data/raf-db/aligned/test_1976_aligned.jpg
test_1977,data/raf-db/aligned/test_1977_aligned.jpg,4,happy,test,happy,/gpfs0/bgu-vilenchi/users/sdolev/Thesis/VLMs/data/raf-db/aligned/test_1977_aligned.jpg
test_1978,data/raf-db/aligned/test_1978_aligned.jpg,4,happy,test,happy,/gpfs0/bgu-vilenchi/users/sdolev/Thesis/VLMs/data/raf-db/aligned/test_1978_aligned.jpg
test_1979,data/raf-db/aligned/test_1979_aligned.jpg,4,happy,test,neutral,/gpfs0/bgu-vilenchi/users/sdolev/Thesis/VLMs/data/raf-db/aligned/test_1979_aligned.jpg
test_1980,data/raf-db/aligned/test_1980_aligned.jpg,4,happy,test,happy,/gpfs0/bgu-vilenchi/users/sdolev/Thesis/VLMs/data/raf-db/aligned/test_1980_aligned.jpg
test_1981,data/raf-db/aligned/test_1981_aligned.jpg,1,surprise,test,surprise,/gpfs0/bgu-vilenchi/users/sdolev/Thesis/VLMs/data/raf-db/aligned/test_1981_aligned.jpg
test_1982,data/raf-db/aligned/test_1982_aligned.jpg,1,surprise,test,surprise,/gpfs0/bgu-vilenchi/users/sdolev/Thesis/VLMs/data/raf-db/aligned/test_1982_aligned.jpg
test_1983,data/raf-db/aligned/test_1983_aligned.jpg,5,sad,test,sad,/gpfs0/bgu-vilenchi/users/sdolev/Thesis/VLMs/data/raf-db/aligned/test_1983_aligned.jpg
test_1984,data/raf-db/aligned/test_1984_aligned.jpg,5,sad,test,sad,/gpfs0/bgu-vilenchi/users/sdolev/Thesis/VLMs/data/raf-db/aligned/test_1984_aligned.jpg
test_1985,data/raf-db/aligned/test_1985_aligned.jpg,1,surprise,test,surprise,/gpfs0/bgu-vilenchi/users/sdolev/Thesis/VLMs/data/raf-db/aligned/test_1985_aligned.jpg
test_1986,data/raf-db/aligned/test_1986_aligned.jpg,5,sad,test,sad,/gpfs0/bgu-vilenchi/users/sdolev/Thesis/VLMs/data/raf-db/aligned/test_1986_aligned.jpg
test_1987,data/raf-db/aligned/test_1987_aligned.jpg,4,happy,test,happy,/gpfs0/bgu-vilenchi/users/sdolev/Thesis/VLMs/data/raf-db/aligned/test_1987_aligned.jpg
test_1988,data/raf-db/aligned/test_1988_aligned.jpg,3,disgust,test,happy,/gpfs0/bgu-vilenchi/users/sdolev/Thesis/VLMs/data/raf-db/aligned/test_1988_aligned.jpg
test_1989,data/raf-db/aligned/test_1989_aligned.jpg,4,happy,test,neutral,/gpfs0/bgu-vilenchi/users/sdolev/Thesis/VLMs/data/raf-db/aligned/test_1989_aligned.jpg
test_1990,data/raf-db/aligned/test_1990_aligned.jpg,3,disgust,test,neutral,/gpfs0/bgu-vilenchi/users/sdolev/Thesis/VLMs/data/raf-db/aligned/test_1990_aligned.jpg
test_1991,data/raf-db/aligned/test_1991_aligned.jpg,4,happy,test,sad,/gpfs0/bgu-vilenchi/users/sdolev/Thesis/VLMs/data/raf-db/aligned/test_1991_aligned.jpg
test_1992,data/raf-db/aligned/test_1992_aligned.jpg,4,happy,test,neutral,/gpfs0/bgu-vilenchi/users/sdolev/Thesis/VLMs/data/raf-db/aligned/test_1992_aligned.jpg
test_1993,data/raf-db/aligned/test_1993_aligned.jpg,3,disgust,test,surprise,/gpfs0/bgu-vilenchi/users/sdolev/Thesis/VLMs/data/raf-db/aligned/test_1993_aligned.jpg
test_1994,data/raf-db/aligned/test_1994_aligned.jpg,4,happy,test,happy,/gpfs0/bgu-vilenchi/users/sdolev/Thesis/VLMs/data/raf-db/aligned/test_1994_aligned.jpg
test_1995,data/raf-db/aligned/test_1995_aligned.jpg,4,happy,test,happy,/gpfs0/bgu-vilenchi/users/sdolev/Thesis/VLMs/data/raf-db/aligned/test_1995_aligned.jpg
test_1996,data/raf-db/aligned/test_1996_aligned.jpg,5,sad,test,sad,/gpfs0/bgu-vilenchi/users/sdolev/Thesis/VLMs/data/raf-db/aligned/test_1996_aligned.jpg
test_1997,data/raf-db/aligned/test_1997_aligned.jpg,6,angry,test,surprise,/gpfs0/bgu-vilenchi/users/sdolev/Thesis/VLMs/data/raf-db/aligned/test_1997_aligned.jpg
test_1998,data/raf-db/aligned/test_1998_aligned.jpg,4,happy,test,happy,/gpfs0/bgu-vilenchi/users/sdolev/Thesis/VLMs/data/raf-db/aligned/test_1998_aligned.jpg
test_1999,data/raf-db/aligned/test_1999_aligned.jpg,4,happy,test,happy,/gpfs0/bgu-vilenchi/users/sdolev/Thesis/VLMs/data/raf-db/aligned/test_1999_aligned.jpg
test_2000,data/raf-db/aligned/test_2000_aligned.jpg,6,angry,test,surprise,/gpfs0/bgu-vilenchi/users/sdolev/Thesis/VLMs/data/raf-db/aligned/test_2000_aligned.jpg
test_2001,data/raf-db/aligned/test_2001_aligned.jpg,4,happy,test,happy,/gpfs0/bgu-vilenchi/users/sdolev/Thesis/VLMs/data/raf-db/aligned/test_2001_aligned.jpg
test_2002,data/raf-db/aligned/test_2002_aligned.jpg,4,happy,test,happy,/gpfs0/bgu-vilenchi/users/sdolev/Thesis/VLMs/data/raf-db/aligned/test_2002_aligned.jpg
test_2003,data/raf-db/aligned/test_2003_aligned.jpg,4,happy,test,happy,/gpfs0/bgu-vilenchi/users/sdolev/Thesis/VLMs/data/raf-db/aligned/test_2003_aligned.jpg
test_2004,data/raf-db/aligned/test_2004_aligned.jpg,4,happy,test,happy,/gpfs0/bgu-vilenchi/users/sdolev/Thesis/VLMs/data/raf-db/aligned/test_2004_aligned.jpg
test_2005,data/raf-db/aligned/test_2005_aligned.jpg,5,sad,test,sad,/gpfs0/bgu-vilenchi/users/sdolev/Thesis/VLMs/data/raf-db/aligned/test_2005_aligned.jpg
test_2006,data/raf-db/aligned/test_2006_aligned.jpg,4,happy,test,happy,/gpfs0/bgu-vilenchi/users/sdolev/Thesis/VLMs/data/raf-db/aligned/test_2006_aligned.jpg
test_2007,data/raf-db/aligned/test_2007_aligned.jpg,4,happy,test,happy,/gpfs0/bgu-vilenchi/users/sdolev/Thesis/VLMs/data/raf-db/aligned/test_2007_aligned.jpg
test_2008,data/raf-db/aligned/test_2008_aligned.jpg,4,happy,test,happy,/gpfs0/bgu-vilenchi/users/sdolev/Thesis/VLMs/data/raf-db/aligned/test_2008_aligned.jpg
test_2009,data/raf-db/aligned/test_2009_aligned.jpg,4,happy,test,happy,/gpfs0/bgu-vilenchi/users/sdolev/Thesis/VLMs/data/raf-db/aligned/test_2009_aligned.jpg
test_2010,data/raf-db/aligned/test_2010_aligned.jpg,4,happy,test,happy,/gpfs0/bgu-vilenchi/users/sdolev/Thesis/VLMs/data/raf-db/aligned/test_2010_aligned.jpg
test_2011,data/raf-db/aligned/test_2011_aligned.jpg,4,happy,test,neutral,/gpfs0/bgu-vilenchi/users/sdolev/Thesis/VLMs/data/raf-db/aligned/test_2011_aligned.jpg
test_2012,data/raf-db/aligned/test_2012_aligned.jpg,4,happy,test,happy,/gpfs0/bgu-vilenchi/users/sdolev/Thesis/VLMs/data/raf-db/aligned/test_2012_aligned.jpg
test_2013,data/raf-db/aligned/test_2013_aligned.jpg,5,sad,test,sad,/gpfs0/bgu-vilenchi/users/sdolev/Thesis/VLMs/data/raf-db/aligned/test_2013_aligned.jpg
test_2014,data/raf-db/aligned/test_2014_aligned.jpg,1,surprise,test,surprise,/gpfs0/bgu-vilenchi/users/sdolev/Thesis/VLMs/data/raf-db/aligned/test_2014_aligned.jpg
test_2015,data/raf-db/aligned/test_2015_aligned.jpg,4,happy,test,neutral,/gpfs0/bgu-vilenchi/users/sdolev/Thesis/VLMs/data/raf-db/aligned/test_2015_aligned.jpg
test_2016,data/raf-db/aligned/test_2016_aligned.jpg,6,angry,test,angry,/gpfs0/bgu-vilenchi/users/sdolev/Thesis/VLMs/data/raf-db/aligned/test_2016_aligned.jpg
test_2017,data/raf-db/aligned/test_2017_aligned.jpg,5,sad,test,neutral,/gpfs0/bgu-vilenchi/users/sdolev/Thesis/VLMs/data/raf-db/aligned/test_2017_aligned.jpg
test_2018,data/raf-db/aligned/test_2018_aligned.jpg,4,happy,test,happy,/gpfs0/bgu-vilenchi/users/sdolev/Thesis/VLMs/data/raf-db/aligned/test_2018_aligned.jpg
test_2019,data/raf-db/aligned/test_2019_aligned.jpg,4,happy,test,happy,/gpfs0/bgu-vilenchi/users/sdolev/Thesis/VLMs/data/raf-db/aligned/test_2019_aligned.jpg
test_2020,data/raf-db/aligned/test_2020_aligned.jpg,4,happy,test,happy,/gpfs0/bgu-vilenchi/users/sdolev/Thesis/VLMs/data/raf-db/aligned/test_2020_aligned.jpg
test_2021,data/raf-db/aligned/test_2021_aligned.jpg,5,sad,test,sad,/gpfs0/bgu-vilenchi/users/sdolev/Thesis/VLMs/data/raf-db/aligned/test_2021_aligned.jpg
test_2022,data/raf-db/aligned/test_2022_aligned.jpg,5,sad,test,sad,/gpfs0/bgu-vilenchi/users/sdolev/Thesis/VLMs/data/raf-db/aligned/test_2022_aligned.jpg
test_2023,data/raf-db/aligned/test_2023_aligned.jpg,4,happy,test,happy,/gpfs0/bgu-vilenchi/users/sdolev/Thesis/VLMs/data/raf-db/aligned/test_2023_aligned.jpg
test_2024,data/raf-db/aligned/test_2024_aligned.jpg,6,angry,test,angry,/gpfs0/bgu-vilenchi/users/sdolev/Thesis/VLMs/data/raf-db/aligned/test_2024_aligned.jpg
test_2025,data/raf-db/aligned/test_2025_aligned.jpg,5,sad,test,neutral,/gpfs0/bgu-vilenchi/users/sdolev/Thesis/VLMs/data/raf-db/aligned/test_2025_aligned.jpg
test_2026,data/raf-db/aligned/test_2026_aligned.jpg,5,sad,test,sad,/gpfs0/bgu-vilenchi/users/sdolev/Thesis/VLMs/data/raf-db/aligned/test_2026_aligned.jpg
test_2027,data/raf-db/aligned/test_2027_aligned.jpg,4,happy,test,happy,/gpfs0/bgu-vilenchi/users/sdolev/Thesis/VLMs/data/raf-db/aligned/test_2027_aligned.jpg
test_2028,data/raf-db/aligned/test_2028_aligned.jpg,4,happy,test,neutral,/gpfs0/bgu-vilenchi/users/sdolev/Thesis/VLMs/data/raf-db/aligned/test_2028_aligned.jpg
test_2029,data/raf-db/aligned/test_2029_aligned.jpg,4,happy,test,happy,/gpfs0/bgu-vilenchi/users/sdolev/Thesis/VLMs/data/raf-db/aligned/test_2029_aligned.jpg
test_2030,data/raf-db/aligned/test_2030_aligned.jpg,4,happy,test,happy,/gpfs0/bgu-vilenchi/users/sdolev/Thesis/VLMs/data/raf-db/aligned/test_2030_aligned.jpg
test_2031,data/raf-db/aligned/test_2031_aligned.jpg,4,happy,test,neutral,/gpfs0/bgu-vilenchi/users/sdolev/Thesis/VLMs/data/raf-db/aligned/test_2031_aligned.jpg
test_2032,data/raf-db/aligned/test_2032_aligned.jpg,4,happy,test,neutral,/gpfs0/bgu-vilenchi/users/sdolev/Thesis/VLMs/data/raf-db/aligned/test_2032_aligned.jpg
test_2033,data/raf-db/aligned/test_2033_aligned.jpg,4,happy,test,neutral,/gpfs0/bgu-vilenchi/users/sdolev/Thesis/VLMs/data/raf-db/aligned/test_2033_aligned.jpg
test_2034,data/raf-db/aligned/test_2034_aligned.jpg,3,disgust,test,neutral,/gpfs0/bgu-vilenchi/users/sdolev/Thesis/VLMs/data/raf-db/aligned/test_2034_aligned.jpg
test_2035,data/raf-db/aligned/test_2035_aligned.jpg,5,sad,test,sad,/gpfs0/bgu-vilenchi/users/sdolev/Thesis/VLMs/data/raf-db/aligned/test_2035_aligned.jpg
test_2036,data/raf-db/aligned/test_2036_aligned.jpg,1,surprise,test,surprise,/gpfs0/bgu-vilenchi/users/sdolev/Thesis/VLMs/data/raf-db/aligned/test_2036_aligned.jpg
test_2037,data/raf-db/aligned/test_2037_aligned.jpg,3,disgust,test,disgust,/gpfs0/bgu-vilenchi/users/sdolev/Thesis/VLMs/data/raf-db/aligned/test_2037_aligned.jpg
test_2038,data/raf-db/aligned/test_2038_aligned.jpg,5,sad,test,sad,/gpfs0/bgu-vilenchi/users/sdolev/Thesis/VLMs/data/raf-db/aligned/test_2038_aligned.jpg
test_2039,data/raf-db/aligned/test_2039_aligned.jpg,4,happy,test,neutral,/gpfs0/bgu-vilenchi/users/sdolev/Thesis/VLMs/data/raf-db/aligned/test_2039_aligned.jpg
test_2040,data/raf-db/aligned/test_2040_aligned.jpg,4,happy,test,happy,/gpfs0/bgu-vilenchi/users/sdolev/Thesis/VLMs/data/raf-db/aligned/test_2040_aligned.jpg
test_2041,data/raf-db/aligned/test_2041_aligned.jpg,4,happy,test,happy,/gpfs0/bgu-vilenchi/users/sdolev/Thesis/VLMs/data/raf-db/aligned/test_2041_aligned.jpg
test_2042,data/raf-db/aligned/test_2042_aligned.jpg,4,happy,test,happy,/gpfs0/bgu-vilenchi/users/sdolev/Thesis/VLMs/data/raf-db/aligned/test_2042_aligned.jpg
test_2043,data/raf-db/aligned/test_2043_aligned.jpg,4,happy,test,happy,/gpfs0/bgu-vilenchi/users/sdolev/Thesis/VLMs/data/raf-db/aligned/test_2043_aligned.jpg
test_2044,data/raf-db/aligned/test_2044_aligned.jpg,4,happy,test,neutral,/gpfs0/bgu-vilenchi/users/sdolev/Thesis/VLMs/data/raf-db/aligned/test_2044_aligned.jpg
test_2045,data/raf-db/aligned/test_2045_aligned.jpg,4,happy,test,happy,/gpfs0/bgu-vilenchi/users/sdolev/Thesis/VLMs/data/raf-db/aligned/test_2045_aligned.jpg
test_2046,data/raf-db/aligned/test_2046_aligned.jpg,4,happy,test,happy,/gpfs0/bgu-vilenchi/users/sdolev/Thesis/VLMs/data/raf-db/aligned/test_2046_aligned.jpg
test_2047,data/raf-db/aligned/test_2047_aligned.jpg,4,happy,test,happy,/gpfs0/bgu-vilenchi/users/sdolev/Thesis/VLMs/data/raf-db/aligned/test_2047_aligned.jpg
test_2048,data/raf-db/aligned/test_2048_aligned.jpg,4,happy,test,happy,/gpfs0/bgu-vilenchi/users/sdolev/Thesis/VLMs/data/raf-db/aligned/test_2048_aligned.jpg
test_2049,data/raf-db/aligned/test_2049_aligned.jpg,4,happy,test,happy,/gpfs0/bgu-vilenchi/users/sdolev/Thesis/VLMs/data/raf-db/aligned/test_2049_aligned.jpg
test_2050,data/raf-db/aligned/test_2050_aligned.jpg,5,sad,test,sad,/gpfs0/bgu-vilenchi/users/sdolev/Thesis/VLMs/data/raf-db/aligned/test_2050_aligned.jpg
test_2051,data/raf-db/aligned/test_2051_aligned.jpg,1,surprise,test,surprise,/gpfs0/bgu-vilenchi/users/sdolev/Thesis/VLMs/data/raf-db/aligned/test_2051_aligned.jpg
test_2052,data/raf-db/aligned/test_2052_aligned.jpg,5,sad,test,sad,/gpfs0/bgu-vilenchi/users/sdolev/Thesis/VLMs/data/raf-db/aligned/test_2052_aligned.jpg
test_2053,data/raf-db/aligned/test_2053_aligned.jpg,4,happy,test,happy,/gpfs0/bgu-vilenchi/users/sdolev/Thesis/VLMs/data/raf-db/aligned/test_2053_aligned.jpg
test_2054,data/raf-db/aligned/test_2054_aligned.jpg,5,sad,test,surprise,/gpfs0/bgu-vilenchi/users/sdolev/Thesis/VLMs/data/raf-db/aligned/test_2054_aligned.jpg
test_2055,data/raf-db/aligned/test_2055_aligned.jpg,4,happy,test,happy,/gpfs0/bgu-vilenchi/users/sdolev/Thesis/VLMs/data/raf-db/aligned/test_2055_aligned.jpg
test_2056,data/raf-db/aligned/test_2056_aligned.jpg,6,angry,test,neutral,/gpfs0/bgu-vilenchi/users/sdolev/Thesis/VLMs/data/raf-db/aligned/test_2056_aligned.jpg
test_2057,data/raf-db/aligned/test_2057_aligned.jpg,6,angry,test,angry,/gpfs0/bgu-vilenchi/users/sdolev/Thesis/VLMs/data/raf-db/aligned/test_2057_aligned.jpg
test_2058,data/raf-db/aligned/test_2058_aligned.jpg,6,angry,test,angry,/gpfs0/bgu-vilenchi/users/sdolev/Thesis/VLMs/data/raf-db/aligned/test_2058_aligned.jpg
test_2059,data/raf-db/aligned/test_2059_aligned.jpg,4,happy,test,neutral,/gpfs0/bgu-vilenchi/users/sdolev/Thesis/VLMs/data/raf-db/aligned/test_2059_aligned.jpg
test_2060,data/raf-db/aligned/test_2060_aligned.jpg,4,happy,test,happy,/gpfs0/bgu-vilenchi/users/sdolev/Thesis/VLMs/data/raf-db/aligned/test_2060_aligned.jpg
test_2061,data/raf-db/aligned/test_2061_aligned.jpg,5,sad,test,sad,/gpfs0/bgu-vilenchi/users/sdolev/Thesis/VLMs/data/raf-db/aligned/test_2061_aligned.jpg
test_2062,data/raf-db/aligned/test_2062_aligned.jpg,6,angry,test,angry,/gpfs0/bgu-vilenchi/users/sdolev/Thesis/VLMs/data/raf-db/aligned/test_2062_aligned.jpg
test_2063,data/raf-db/aligned/test_2063_aligned.jpg,4,happy,test,neutral,/gpfs0/bgu-vilenchi/users/sdolev/Thesis/VLMs/data/raf-db/aligned/test_2063_aligned.jpg
test_2064,data/raf-db/aligned/test_2064_aligned.jpg,4,happy,test,happy,/gpfs0/bgu-vilenchi/users/sdolev/Thesis/VLMs/data/raf-db/aligned/test_2064_aligned.jpg
test_2065,data/raf-db/aligned/test_2065_aligned.jpg,4,happy,test,happy,/gpfs0/bgu-vilenchi/users/sdolev/Thesis/VLMs/data/raf-db/aligned/test_2065_aligned.jpg
test_2066,data/raf-db/aligned/test_2066_aligned.jpg,5,sad,test,sad,/gpfs0/bgu-vilenchi/users/sdolev/Thesis/VLMs/data/raf-db/aligned/test_2066_aligned.jpg
test_2067,data/raf-db/aligned/test_2067_aligned.jpg,1,surprise,test,surprise,/gpfs0/bgu-vilenchi/users/sdolev/Thesis/VLMs/data/raf-db/aligned/test_2067_aligned.jpg
test_2068,data/raf-db/aligned/test_2068_aligned.jpg,1,surprise,test,surprise,/gpfs0/bgu-vilenchi/users/sdolev/Thesis/VLMs/data/raf-db/aligned/test_2068_aligned.jpg
test_2069,data/raf-db/aligned/test_2069_aligned.jpg,1,surprise,test,surprise,/gpfs0/bgu-vilenchi/users/sdolev/Thesis/VLMs/data/raf-db/aligned/test_2069_aligned.jpg
test_2070,data/raf-db/aligned/test_2070_aligned.jpg,5,sad,test,happy,/gpfs0/bgu-vilenchi/users/sdolev/Thesis/VLMs/data/raf-db/aligned/test_2070_aligned.jpg
test_2071,data/raf-db/aligned/test_2071_aligned.jpg,5,sad,test,sad,/gpfs0/bgu-vilenchi/users/sdolev/Thesis/VLMs/data/raf-db/aligned/test_2071_aligned.jpg
test_2072,data/raf-db/aligned/test_2072_aligned.jpg,4,happy,test,happy,/gpfs0/bgu-vilenchi/users/sdolev/Thesis/VLMs/data/raf-db/aligned/test_2072_aligned.jpg
test_2073,data/raf-db/aligned/test_2073_aligned.jpg,6,angry,test,angry,/gpfs0/bgu-vilenchi/users/sdolev/Thesis/VLMs/data/raf-db/aligned/test_2073_aligned.jpg
test_2074,data/raf-db/aligned/test_2074_aligned.jpg,4,happy,test,happy,/gpfs0/bgu-vilenchi/users/sdolev/Thesis/VLMs/data/raf-db/aligned/test_2074_aligned.jpg
test_2075,data/raf-db/aligned/test_2075_aligned.jpg,6,angry,test,angry,/gpfs0/bgu-vilenchi/users/sdolev/Thesis/VLMs/data/raf-db/aligned/test_2075_aligned.jpg
test_2076,data/raf-db/aligned/test_2076_aligned.jpg,1,surprise,test,surprise,/gpfs0/bgu-vilenchi/users/sdolev/Thesis/VLMs/data/raf-db/aligned/test_2076_aligned.jpg
test_2077,data/raf-db/aligned/test_2077_aligned.jpg,5,sad,test,neutral,/gpfs0/bgu-vilenchi/users/sdolev/Thesis/VLMs/data/raf-db/aligned/test_2077_aligned.jpg
test_2078,data/raf-db/aligned/test_2078_aligned.jpg,5,sad,test,angry,/gpfs0/bgu-vilenchi/users/sdolev/Thesis/VLMs/data/raf-db/aligned/test_2078_aligned.jpg
test_2079,data/raf-db/aligned/test_2079_aligned.jpg,4,happy,test,neutral,/gpfs0/bgu-vilenchi/users/sdolev/Thesis/VLMs/data/raf-db/aligned/test_2079_aligned.jpg
test_2080,data/raf-db/aligned/test_2080_aligned.jpg,5,sad,test,happy,/gpfs0/bgu-vilenchi/users/sdolev/Thesis/VLMs/data/raf-db/aligned/test_2080_aligned.jpg
test_2081,data/raf-db/aligned/test_2081_aligned.jpg,4,happy,test,happy,/gpfs0/bgu-vilenchi/users/sdolev/Thesis/VLMs/data/raf-db/aligned/test_2081_aligned.jpg
test_2082,data/raf-db/aligned/test_2082_aligned.jpg,4,happy,test,neutral,/gpfs0/bgu-vilenchi/users/sdolev/Thesis/VLMs/data/raf-db/aligned/test_2082_aligned.jpg
test_2083,data/raf-db/aligned/test_2083_aligned.jpg,4,happy,test,happy,/gpfs0/bgu-vilenchi/users/sdolev/Thesis/VLMs/data/raf-db/aligned/test_2083_aligned.jpg
test_2084,data/raf-db/aligned/test_2084_aligned.jpg,4,happy,test,neutral,/gpfs0/bgu-vilenchi/users/sdolev/Thesis/VLMs/data/raf-db/aligned/test_2084_aligned.jpg
test_2085,data/raf-db/aligned/test_2085_aligned.jpg,4,happy,test,neutral,/gpfs0/bgu-vilenchi/users/sdolev/Thesis/VLMs/data/raf-db/aligned/test_2085_aligned.jpg
test_2086,data/raf-db/aligned/test_2086_aligned.jpg,4,happy,test,happy,/gpfs0/bgu-vilenchi/users/sdolev/Thesis/VLMs/data/raf-db/aligned/test_2086_aligned.jpg
test_2087,data/raf-db/aligned/test_2087_aligned.jpg,4,happy,test,happy,/gpfs0/bgu-vilenchi/users/sdolev/Thesis/VLMs/data/raf-db/aligned/test_2087_aligned.jpg
test_2088,data/raf-db/aligned/test_2088_aligned.jpg,5,sad,test,sad,/gpfs0/bgu-vilenchi/users/sdolev/Thesis/VLMs/data/raf-db/aligned/test_2088_aligned.jpg
test_2089,data/raf-db/aligned/test_2089_aligned.jpg,4,happy,test,happy,/gpfs0/bgu-vilenchi/users/sdolev/Thesis/VLMs/data/raf-db/aligned/test_2089_aligned.jpg
test_2090,data/raf-db/aligned/test_2090_aligned.jpg,4,happy,test,happy,/gpfs0/bgu-vilenchi/users/sdolev/Thesis/VLMs/data/raf-db/aligned/test_2090_aligned.jpg
test_2091,data/raf-db/aligned/test_2091_aligned.jpg,4,happy,test,happy,/gpfs0/bgu-vilenchi/users/sdolev/Thesis/VLMs/data/raf-db/aligned/test_2091_aligned.jpg
test_2092,data/raf-db/aligned/test_2092_aligned.jpg,4,happy,test,happy,/gpfs0/bgu-vilenchi/users/sdolev/Thesis/VLMs/data/raf-db/aligned/test_2092_aligned.jpg
test_2093,data/raf-db/aligned/test_2093_aligned.jpg,4,happy,test,happy,/gpfs0/bgu-vilenchi/users/sdolev/Thesis/VLMs/data/raf-db/aligned/test_2093_aligned.jpg
test_2094,data/raf-db/aligned/test_2094_aligned.jpg,4,happy,test,neutral,/gpfs0/bgu-vilenchi/users/sdolev/Thesis/VLMs/data/raf-db/aligned/test_2094_aligned.jpg
test_2095,data/raf-db/aligned/test_2095_aligned.jpg,5,sad,test,happy,/gpfs0/bgu-vilenchi/users/sdolev/Thesis/VLMs/data/raf-db/aligned/test_2095_aligned.jpg
test_2096,data/raf-db/aligned/test_2096_aligned.jpg,4,happy,test,neutral,/gpfs0/bgu-vilenchi/users/sdolev/Thesis/VLMs/data/raf-db/aligned/test_2096_aligned.jpg
test_2097,data/raf-db/aligned/test_2097_aligned.jpg,5,sad,test,neutral,/gpfs0/bgu-vilenchi/users/sdolev/Thesis/VLMs/data/raf-db/aligned/test_2097_aligned.jpg
test_2098,data/raf-db/aligned/test_2098_aligned.jpg,4,happy,test,happy,/gpfs0/bgu-vilenchi/users/sdolev/Thesis/VLMs/data/raf-db/aligned/test_2098_aligned.jpg
test_2099,data/raf-db/aligned/test_2099_aligned.jpg,6,angry,test,surprise,/gpfs0/bgu-vilenchi/users/sdolev/Thesis/VLMs/data/raf-db/aligned/test_2099_aligned.jpg
test_2100,data/raf-db/aligned/test_2100_aligned.jpg,1,surprise,test,neutral,/gpfs0/bgu-vilenchi/users/sdolev/Thesis/VLMs/data/raf-db/aligned/test_2100_aligned.jpg
test_2101,data/raf-db/aligned/test_2101_aligned.jpg,6,angry,test,happy,/gpfs0/bgu-vilenchi/users/sdolev/Thesis/VLMs/data/raf-db/aligned/test_2101_aligned.jpg
test_2102,data/raf-db/aligned/test_2102_aligned.jpg,5,sad,test,neutral,/gpfs0/bgu-vilenchi/users/sdolev/Thesis/VLMs/data/raf-db/aligned/test_2102_aligned.jpg
test_2103,data/raf-db/aligned/test_2103_aligned.jpg,1,surprise,test,neutral,/gpfs0/bgu-vilenchi/users/sdolev/Thesis/VLMs/data/raf-db/aligned/test_2103_aligned.jpg
test_2104,data/raf-db/aligned/test_2104_aligned.jpg,4,happy,test,happy,/gpfs0/bgu-vilenchi/users/sdolev/Thesis/VLMs/data/raf-db/aligned/test_2104_aligned.jpg
test_2105,data/raf-db/aligned/test_2105_aligned.jpg,4,happy,test,happy,/gpfs0/bgu-vilenchi/users/sdolev/Thesis/VLMs/data/raf-db/aligned/test_2105_aligned.jpg
test_2106,data/raf-db/aligned/test_2106_aligned.jpg,4,happy,test,happy,/gpfs0/bgu-vilenchi/users/sdolev/Thesis/VLMs/data/raf-db/aligned/test_2106_aligned.jpg
test_2107,data/raf-db/aligned/test_2107_aligned.jpg,4,happy,test,happy,/gpfs0/bgu-vilenchi/users/sdolev/Thesis/VLMs/data/raf-db/aligned/test_2107_aligned.jpg
test_2108,data/raf-db/aligned/test_2108_aligned.jpg,4,happy,test,happy,/gpfs0/bgu-vilenchi/users/sdolev/Thesis/VLMs/data/raf-db/aligned/test_2108_aligned.jpg
test_2109,data/raf-db/aligned/test_2109_aligned.jpg,6,angry,test,surprise,/gpfs0/bgu-vilenchi/users/sdolev/Thesis/VLMs/data/raf-db/aligned/test_2109_aligned.jpg
test_2110,data/raf-db/aligned/test_2110_aligned.jpg,4,happy,test,happy,/gpfs0/bgu-vilenchi/users/sdolev/Thesis/VLMs/data/raf-db/aligned/test_2110_aligned.jpg
test_2111,data/raf-db/aligned/test_2111_aligned.jpg,5,sad,test,sad,/gpfs0/bgu-vilenchi/users/sdolev/Thesis/VLMs/data/raf-db/aligned/test_2111_aligned.jpg
test_2112,data/raf-db/aligned/test_2112_aligned.jpg,4,happy,test,happy,/gpfs0/bgu-vilenchi/users/sdolev/Thesis/VLMs/data/raf-db/aligned/test_2112_aligned.jpg
test_2113,data/raf-db/aligned/test_2113_aligned.jpg,5,sad,test,sad,/gpfs0/bgu-vilenchi/users/sdolev/Thesis/VLMs/data/raf-db/aligned/test_2113_aligned.jpg
test_2114,data/raf-db/aligned/test_2114_aligned.jpg,4,happy,test,happy,/gpfs0/bgu-vilenchi/users/sdolev/Thesis/VLMs/data/raf-db/aligned/test_2114_aligned.jpg
test_2115,data/raf-db/aligned/test_2115_aligned.jpg,5,sad,test,surprise,/gpfs0/bgu-vilenchi/users/sdolev/Thesis/VLMs/data/raf-db/aligned/test_2115_aligned.jpg
test_2116,data/raf-db/aligned/test_2116_aligned.jpg,4,happy,test,neutral,/gpfs0/bgu-vilenchi/users/sdolev/Thesis/VLMs/data/raf-db/aligned/test_2116_aligned.jpg
test_2117,data/raf-db/aligned/test_2117_aligned.jpg,5,sad,test,angry,/gpfs0/bgu-vilenchi/users/sdolev/Thesis/VLMs/data/raf-db/aligned/test_2117_aligned.jpg
test_2118,data/raf-db/aligned/test_2118_aligned.jpg,5,sad,test,sad,/gpfs0/bgu-vilenchi/users/sdolev/Thesis/VLMs/data/raf-db/aligned/test_2118_aligned.jpg
test_2119,data/raf-db/aligned/test_2119_aligned.jpg,5,sad,test,sad,/gpfs0/bgu-vilenchi/users/sdolev/Thesis/VLMs/data/raf-db/aligned/test_2119_aligned.jpg
test_2120,data/raf-db/aligned/test_2120_aligned.jpg,4,happy,test,happy,/gpfs0/bgu-vilenchi/users/sdolev/Thesis/VLMs/data/raf-db/aligned/test_2120_aligned.jpg
test_2121,data/raf-db/aligned/test_2121_aligned.jpg,1,surprise,test,surprise,/gpfs0/bgu-vilenchi/users/sdolev/Thesis/VLMs/data/raf-db/aligned/test_2121_aligned.jpg
test_2122,data/raf-db/aligned/test_2122_aligned.jpg,4,happy,test,happy,/gpfs0/bgu-vilenchi/users/sdolev/Thesis/VLMs/data/raf-db/aligned/test_2122_aligned.jpg
test_2123,data/raf-db/aligned/test_2123_aligned.jpg,5,sad,test,sad,/gpfs0/bgu-vilenchi/users/sdolev/Thesis/VLMs/data/raf-db/aligned/test_2123_aligned.jpg
test_2124,data/raf-db/aligned/test_2124_aligned.jpg,5,sad,test,neutral,/gpfs0/bgu-vilenchi/users/sdolev/Thesis/VLMs/data/raf-db/aligned/test_2124_aligned.jpg
test_2125,data/raf-db/aligned/test_2125_aligned.jpg,4,happy,test,happy,/gpfs0/bgu-vilenchi/users/sdolev/Thesis/VLMs/data/raf-db/aligned/test_2125_aligned.jpg
test_2126,data/raf-db/aligned/test_2126_aligned.jpg,4,happy,test,happy,/gpfs0/bgu-vilenchi/users/sdolev/Thesis/VLMs/data/raf-db/aligned/test_2126_aligned.jpg
test_2127,data/raf-db/aligned/test_2127_aligned.jpg,4,happy,test,happy,/gpfs0/bgu-vilenchi/users/sdolev/Thesis/VLMs/data/raf-db/aligned/test_2127_aligned.jpg
test_2128,data/raf-db/aligned/test_2128_aligned.jpg,4,happy,test,happy,/gpfs0/bgu-vilenchi/users/sdolev/Thesis/VLMs/data/raf-db/aligned/test_2128_aligned.jpg
test_2129,data/raf-db/aligned/test_2129_aligned.jpg,4,happy,test,neutral,/gpfs0/bgu-vilenchi/users/sdolev/Thesis/VLMs/data/raf-db/aligned/test_2129_aligned.jpg
test_2130,data/raf-db/aligned/test_2130_aligned.jpg,1,surprise,test,surprise,/gpfs0/bgu-vilenchi/users/sdolev/Thesis/VLMs/data/raf-db/aligned/test_2130_aligned.jpg
test_2131,data/raf-db/aligned/test_2131_aligned.jpg,5,sad,test,neutral,/gpfs0/bgu-vilenchi/users/sdolev/Thesis/VLMs/data/raf-db/aligned/test_2131_aligned.jpg
test_2132,data/raf-db/aligned/test_2132_aligned.jpg,5,sad,test,happy,/gpfs0/bgu-vilenchi/users/sdolev/Thesis/VLMs/data/raf-db/aligned/test_2132_aligned.jpg
test_2133,data/raf-db/aligned/test_2133_aligned.jpg,4,happy,test,neutral,/gpfs0/bgu-vilenchi/users/sdolev/Thesis/VLMs/data/raf-db/aligned/test_2133_aligned.jpg
test_2134,data/raf-db/aligned/test_2134_aligned.jpg,4,happy,test,neutral,/gpfs0/bgu-vilenchi/users/sdolev/Thesis/VLMs/data/raf-db/aligned/test_2134_aligned.jpg
test_2135,data/raf-db/aligned/test_2135_aligned.jpg,4,happy,test,neutral,/gpfs0/bgu-vilenchi/users/sdolev/Thesis/VLMs/data/raf-db/aligned/test_2135_aligned.jpg
test_2136,data/raf-db/aligned/test_2136_aligned.jpg,4,happy,test,happy,/gpfs0/bgu-vilenchi/users/sdolev/Thesis/VLMs/data/raf-db/aligned/test_2136_aligned.jpg
test_2137,data/raf-db/aligned/test_2137_aligned.jpg,4,happy,test,happy,/gpfs0/bgu-vilenchi/users/sdolev/Thesis/VLMs/data/raf-db/aligned/test_2137_aligned.jpg
test_2138,data/raf-db/aligned/test_2138_aligned.jpg,5,sad,test,sad,/gpfs0/bgu-vilenchi/users/sdolev/Thesis/VLMs/data/raf-db/aligned/test_2138_aligned.jpg
test_2139,data/raf-db/aligned/test_2139_aligned.jpg,4,happy,test,happy,/gpfs0/bgu-vilenchi/users/sdolev/Thesis/VLMs/data/raf-db/aligned/test_2139_aligned.jpg
test_2140,data/raf-db/aligned/test_2140_aligned.jpg,4,happy,test,neutral,/gpfs0/bgu-vilenchi/users/sdolev/Thesis/VLMs/data/raf-db/aligned/test_2140_aligned.jpg
test_2141,data/raf-db/aligned/test_2141_aligned.jpg,4,happy,test,happy,/gpfs0/bgu-vilenchi/users/sdolev/Thesis/VLMs/data/raf-db/aligned/test_2141_aligned.jpg
test_2142,data/raf-db/aligned/test_2142_aligned.jpg,5,sad,test,neutral,/gpfs0/bgu-vilenchi/users/sdolev/Thesis/VLMs/data/raf-db/aligned/test_2142_aligned.jpg
test_2143,data/raf-db/aligned/test_2143_aligned.jpg,4,happy,test,happy,/gpfs0/bgu-vilenchi/users/sdolev/Thesis/VLMs/data/raf-db/aligned/test_2143_aligned.jpg
test_2144,data/raf-db/aligned/test_2144_aligned.jpg,4,happy,test,happy,/gpfs0/bgu-vilenchi/users/sdolev/Thesis/VLMs/data/raf-db/aligned/test_2144_aligned.jpg
test_2145,data/raf-db/aligned/test_2145_aligned.jpg,4,happy,test,happy,/gpfs0/bgu-vilenchi/users/sdolev/Thesis/VLMs/data/raf-db/aligned/test_2145_aligned.jpg
test_2146,data/raf-db/aligned/test_2146_aligned.jpg,1,surprise,test,surprise,/gpfs0/bgu-vilenchi/users/sdolev/Thesis/VLMs/data/raf-db/aligned/test_2146_aligned.jpg
test_2147,data/raf-db/aligned/test_2147_aligned.jpg,5,sad,test,sad,/gpfs0/bgu-vilenchi/users/sdolev/Thesis/VLMs/data/raf-db/aligned/test_2147_aligned.jpg
test_2148,data/raf-db/aligned/test_2148_aligned.jpg,4,happy,test,neutral,/gpfs0/bgu-vilenchi/users/sdolev/Thesis/VLMs/data/raf-db/aligned/test_2148_aligned.jpg
test_2149,data/raf-db/aligned/test_2149_aligned.jpg,1,surprise,test,surprise,/gpfs0/bgu-vilenchi/users/sdolev/Thesis/VLMs/data/raf-db/aligned/test_2149_aligned.jpg
test_2150,data/raf-db/aligned/test_2150_aligned.jpg,4,happy,test,happy,/gpfs0/bgu-vilenchi/users/sdolev/Thesis/VLMs/data/raf-db/aligned/test_2150_aligned.jpg
test_2151,data/raf-db/aligned/test_2151_aligned.jpg,4,happy,test,neutral,/gpfs0/bgu-vilenchi/users/sdolev/Thesis/VLMs/data/raf-db/aligned/test_2151_aligned.jpg
test_2152,data/raf-db/aligned/test_2152_aligned.jpg,4,happy,test,neutral,/gpfs0/bgu-vilenchi/users/sdolev/Thesis/VLMs/data/raf-db/aligned/test_2152_aligned.jpg
test_2153,data/raf-db/aligned/test_2153_aligned.jpg,4,happy,test,happy,/gpfs0/bgu-vilenchi/users/sdolev/Thesis/VLMs/data/raf-db/aligned/test_2153_aligned.jpg
test_2154,data/raf-db/aligned/test_2154_aligned.jpg,3,disgust,test,disgust,/gpfs0/bgu-vilenchi/users/sdolev/Thesis/VLMs/data/raf-db/aligned/test_2154_aligned.jpg
test_2155,data/raf-db/aligned/test_2155_aligned.jpg,4,happy,test,happy,/gpfs0/bgu-vilenchi/users/sdolev/Thesis/VLMs/data/raf-db/aligned/test_2155_aligned.jpg
test_2156,data/raf-db/aligned/test_2156_aligned.jpg,5,sad,test,surprise,/gpfs0/bgu-vilenchi/users/sdolev/Thesis/VLMs/data/raf-db/aligned/test_2156_aligned.jpg
test_2157,data/raf-db/aligned/test_2157_aligned.jpg,5,sad,test,sad,/gpfs0/bgu-vilenchi/users/sdolev/Thesis/VLMs/data/raf-db/aligned/test_2157_aligned.jpg
test_2158,data/raf-db/aligned/test_2158_aligned.jpg,5,sad,test,sad,/gpfs0/bgu-vilenchi/users/sdolev/Thesis/VLMs/data/raf-db/aligned/test_2158_aligned.jpg
test_2159,data/raf-db/aligned/test_2159_aligned.jpg,3,disgust,test,neutral,/gpfs0/bgu-vilenchi/users/sdolev/Thesis/VLMs/data/raf-db/aligned/test_2159_aligned.jpg
test_2160,data/raf-db/aligned/test_2160_aligned.jpg,4,happy,test,neutral,/gpfs0/bgu-vilenchi/users/sdolev/Thesis/VLMs/data/raf-db/aligned/test_2160_aligned.jpg
test_2161,data/raf-db/aligned/test_2161_aligned.jpg,4,happy,test,happy,/gpfs0/bgu-vilenchi/users/sdolev/Thesis/VLMs/data/raf-db/aligned/test_2161_aligned.jpg
test_2162,data/raf-db/aligned/test_2162_aligned.jpg,4,happy,test,neutral,/gpfs0/bgu-vilenchi/users/sdolev/Thesis/VLMs/data/raf-db/aligned/test_2162_aligned.jpg
test_2163,data/raf-db/aligned/test_2163_aligned.jpg,4,happy,test,happy,/gpfs0/bgu-vilenchi/users/sdolev/Thesis/VLMs/data/raf-db/aligned/test_2163_aligned.jpg
test_2164,data/raf-db/aligned/test_2164_aligned.jpg,4,happy,test,happy,/gpfs0/bgu-vilenchi/users/sdolev/Thesis/VLMs/data/raf-db/aligned/test_2164_aligned.jpg
test_2165,data/raf-db/aligned/test_2165_aligned.jpg,4,happy,test,neutral,/gpfs0/bgu-vilenchi/users/sdolev/Thesis/VLMs/data/raf-db/aligned/test_2165_aligned.jpg
test_2166,data/raf-db/aligned/test_2166_aligned.jpg,4,happy,test,happy,/gpfs0/bgu-vilenchi/users/sdolev/Thesis/VLMs/data/raf-db/aligned/test_2166_aligned.jpg
test_2167,data/raf-db/aligned/test_2167_aligned.jpg,5,sad,test,neutral,/gpfs0/bgu-vilenchi/users/sdolev/Thesis/VLMs/data/raf-db/aligned/test_2167_aligned.jpg
test_2168,data/raf-db/aligned/test_2168_aligned.jpg,4,happy,test,neutral,/gpfs0/bgu-vilenchi/users/sdolev/Thesis/VLMs/data/raf-db/aligned/test_2168_aligned.jpg
test_2169,data/raf-db/aligned/test_2169_aligned.jpg,5,sad,test,neutral,/gpfs0/bgu-vilenchi/users/sdolev/Thesis/VLMs/data/raf-db/aligned/test_2169_aligned.jpg
test_2170,data/raf-db/aligned/test_2170_aligned.jpg,6,angry,test,angry,/gpfs0/bgu-vilenchi/users/sdolev/Thesis/VLMs/data/raf-db/aligned/test_2170_aligned.jpg
test_2171,data/raf-db/aligned/test_2171_aligned.jpg,4,happy,test,happy,/gpfs0/bgu-vilenchi/users/sdolev/Thesis/VLMs/data/raf-db/aligned/test_2171_aligned.jpg
test_2172,data/raf-db/aligned/test_2172_aligned.jpg,6,angry,test,surprise,/gpfs0/bgu-vilenchi/users/sdolev/Thesis/VLMs/data/raf-db/aligned/test_2172_aligned.jpg
test_2173,data/raf-db/aligned/test_2173_aligned.jpg,4,happy,test,happy,/gpfs0/bgu-vilenchi/users/sdolev/Thesis/VLMs/data/raf-db/aligned/test_2173_aligned.jpg
test_2174,data/raf-db/aligned/test_2174_aligned.jpg,6,angry,test,neutral,/gpfs0/bgu-vilenchi/users/sdolev/Thesis/VLMs/data/raf-db/aligned/test_2174_aligned.jpg
test_2175,data/raf-db/aligned/test_2175_aligned.jpg,4,happy,test,happy,/gpfs0/bgu-vilenchi/users/sdolev/Thesis/VLMs/data/raf-db/aligned/test_2175_aligned.jpg
test_2176,data/raf-db/aligned/test_2176_aligned.jpg,4,happy,test,happy,/gpfs0/bgu-vilenchi/users/sdolev/Thesis/VLMs/data/raf-db/aligned/test_2176_aligned.jpg
test_2177,data/raf-db/aligned/test_2177_aligned.jpg,4,happy,test,happy,/gpfs0/bgu-vilenchi/users/sdolev/Thesis/VLMs/data/raf-db/aligned/test_2177_aligned.jpg
test_2178,data/raf-db/aligned/test_2178_aligned.jpg,4,happy,test,happy,/gpfs0/bgu-vilenchi/users/sdolev/Thesis/VLMs/data/raf-db/aligned/test_2178_aligned.jpg
test_2179,data/raf-db/aligned/test_2179_aligned.jpg,4,happy,test,neutral,/gpfs0/bgu-vilenchi/users/sdolev/Thesis/VLMs/data/raf-db/aligned/test_2179_aligned.jpg
test_2180,data/raf-db/aligned/test_2180_aligned.jpg,4,happy,test,happy,/gpfs0/bgu-vilenchi/users/sdolev/Thesis/VLMs/data/raf-db/aligned/test_2180_aligned.jpg
test_2181,data/raf-db/aligned/test_2181_aligned.jpg,4,happy,test,neutral,/gpfs0/bgu-vilenchi/users/sdolev/Thesis/VLMs/data/raf-db/aligned/test_2181_aligned.jpg
test_2182,data/raf-db/aligned/test_2182_aligned.jpg,4,happy,test,happy,/gpfs0/bgu-vilenchi/users/sdolev/Thesis/VLMs/data/raf-db/aligned/test_2182_aligned.jpg
test_2183,data/raf-db/aligned/test_2183_aligned.jpg,1,surprise,test,happy,/gpfs0/bgu-vilenchi/users/sdolev/Thesis/VLMs/data/raf-db/aligned/test_2183_aligned.jpg
test_2184,data/raf-db/aligned/test_2184_aligned.jpg,4,happy,test,neutral,/gpfs0/bgu-vilenchi/users/sdolev/Thesis/VLMs/data/raf-db/aligned/test_2184_aligned.jpg
test_2185,data/raf-db/aligned/test_2185_aligned.jpg,4,happy,test,happy,/gpfs0/bgu-vilenchi/users/sdolev/Thesis/VLMs/data/raf-db/aligned/test_2185_aligned.jpg
test_2186,data/raf-db/aligned/test_2186_aligned.jpg,4,happy,test,happy,/gpfs0/bgu-vilenchi/users/sdolev/Thesis/VLMs/data/raf-db/aligned/test_2186_aligned.jpg
test_2187,data/raf-db/aligned/test_2187_aligned.jpg,4,happy,test,happy,/gpfs0/bgu-vilenchi/users/sdolev/Thesis/VLMs/data/raf-db/aligned/test_2187_aligned.jpg
test_2188,data/raf-db/aligned/test_2188_aligned.jpg,5,sad,test,angry,/gpfs0/bgu-vilenchi/users/sdolev/Thesis/VLMs/data/raf-db/aligned/test_2188_aligned.jpg
test_2189,data/raf-db/aligned/test_2189_aligned.jpg,4,happy,test,happy,/gpfs0/bgu-vilenchi/users/sdolev/Thesis/VLMs/data/raf-db/aligned/test_2189_aligned.jpg
test_2190,data/raf-db/aligned/test_2190_aligned.jpg,4,happy,test,happy,/gpfs0/bgu-vilenchi/users/sdolev/Thesis/VLMs/data/raf-db/aligned/test_2190_aligned.jpg
test_2191,data/raf-db/aligned/test_2191_aligned.jpg,5,sad,test,sad,/gpfs0/bgu-vilenchi/users/sdolev/Thesis/VLMs/data/raf-db/aligned/test_2191_aligned.jpg
test_2192,data/raf-db/aligned/test_2192_aligned.jpg,1,surprise,test,surprise,/gpfs0/bgu-vilenchi/users/sdolev/Thesis/VLMs/data/raf-db/aligned/test_2192_aligned.jpg
test_2193,data/raf-db/aligned/test_2193_aligned.jpg,5,sad,test,sad,/gpfs0/bgu-vilenchi/users/sdolev/Thesis/VLMs/data/raf-db/aligned/test_2193_aligned.jpg
test_2194,data/raf-db/aligned/test_2194_aligned.jpg,5,sad,test,sad,/gpfs0/bgu-vilenchi/users/sdolev/Thesis/VLMs/data/raf-db/aligned/test_2194_aligned.jpg
test_2195,data/raf-db/aligned/test_2195_aligned.jpg,5,sad,test,sad,/gpfs0/bgu-vilenchi/users/sdolev/Thesis/VLMs/data/raf-db/aligned/test_2195_aligned.jpg
test_2196,data/raf-db/aligned/test_2196_aligned.jpg,4,happy,test,happy,/gpfs0/bgu-vilenchi/users/sdolev/Thesis/VLMs/data/raf-db/aligned/test_2196_aligned.jpg
test_2197,data/raf-db/aligned/test_2197_aligned.jpg,4,happy,test,happy,/gpfs0/bgu-vilenchi/users/sdolev/Thesis/VLMs/data/raf-db/aligned/test_2197_aligned.jpg
test_2198,data/raf-db/aligned/test_2198_aligned.jpg,4,happy,test,happy,/gpfs0/bgu-vilenchi/users/sdolev/Thesis/VLMs/data/raf-db/aligned/test_2198_aligned.jpg
test_2199,data/raf-db/aligned/test_2199_aligned.jpg,4,happy,test,happy,/gpfs0/bgu-vilenchi/users/sdolev/Thesis/VLMs/data/raf-db/aligned/test_2199_aligned.jpg
test_2200,data/raf-db/aligned/test_2200_aligned.jpg,4,happy,test,happy,/gpfs0/bgu-vilenchi/users/sdolev/Thesis/VLMs/data/raf-db/aligned/test_2200_aligned.jpg
test_2201,data/raf-db/aligned/test_2201_aligned.jpg,4,happy,test,happy,/gpfs0/bgu-vilenchi/users/sdolev/Thesis/VLMs/data/raf-db/aligned/test_2201_aligned.jpg
test_2202,data/raf-db/aligned/test_2202_aligned.jpg,4,happy,test,happy,/gpfs0/bgu-vilenchi/users/sdolev/Thesis/VLMs/data/raf-db/aligned/test_2202_aligned.jpg
test_2203,data/raf-db/aligned/test_2203_aligned.jpg,4,happy,test,happy,/gpfs0/bgu-vilenchi/users/sdolev/Thesis/VLMs/data/raf-db/aligned/test_2203_aligned.jpg
test_2204,data/raf-db/aligned/test_2204_aligned.jpg,5,sad,test,sad,/gpfs0/bgu-vilenchi/users/sdolev/Thesis/VLMs/data/raf-db/aligned/test_2204_aligned.jpg
test_2205,data/raf-db/aligned/test_2205_aligned.jpg,4,happy,test,happy,/gpfs0/bgu-vilenchi/users/sdolev/Thesis/VLMs/data/raf-db/aligned/test_2205_aligned.jpg
test_2206,data/raf-db/aligned/test_2206_aligned.jpg,4,happy,test,happy,/gpfs0/bgu-vilenchi/users/sdolev/Thesis/VLMs/data/raf-db/aligned/test_2206_aligned.jpg
test_2207,data/raf-db/aligned/test_2207_aligned.jpg,1,surprise,test,neutral,/gpfs0/bgu-vilenchi/users/sdolev/Thesis/VLMs/data/raf-db/aligned/test_2207_aligned.jpg
test_2208,data/raf-db/aligned/test_2208_aligned.jpg,4,happy,test,neutral,/gpfs0/bgu-vilenchi/users/sdolev/Thesis/VLMs/data/raf-db/aligned/test_2208_aligned.jpg
test_2209,data/raf-db/aligned/test_2209_aligned.jpg,5,sad,test,sad,/gpfs0/bgu-vilenchi/users/sdolev/Thesis/VLMs/data/raf-db/aligned/test_2209_aligned.jpg
test_2210,data/raf-db/aligned/test_2210_aligned.jpg,5,sad,test,sad,/gpfs0/bgu-vilenchi/users/sdolev/Thesis/VLMs/data/raf-db/aligned/test_2210_aligned.jpg
test_2211,data/raf-db/aligned/test_2211_aligned.jpg,5,sad,test,neutral,/gpfs0/bgu-vilenchi/users/sdolev/Thesis/VLMs/data/raf-db/aligned/test_2211_aligned.jpg
test_2212,data/raf-db/aligned/test_2212_aligned.jpg,4,happy,test,happy,/gpfs0/bgu-vilenchi/users/sdolev/Thesis/VLMs/data/raf-db/aligned/test_2212_aligned.jpg
test_2213,data/raf-db/aligned/test_2213_aligned.jpg,3,disgust,test,neutral,/gpfs0/bgu-vilenchi/users/sdolev/Thesis/VLMs/data/raf-db/aligned/test_2213_aligned.jpg
test_2214,data/raf-db/aligned/test_2214_aligned.jpg,3,disgust,test,neutral,/gpfs0/bgu-vilenchi/users/sdolev/Thesis/VLMs/data/raf-db/aligned/test_2214_aligned.jpg
test_2215,data/raf-db/aligned/test_2215_aligned.jpg,4,happy,test,neutral,/gpfs0/bgu-vilenchi/users/sdolev/Thesis/VLMs/data/raf-db/aligned/test_2215_aligned.jpg
test_2216,data/raf-db/aligned/test_2216_aligned.jpg,5,sad,test,sad,/gpfs0/bgu-vilenchi/users/sdolev/Thesis/VLMs/data/raf-db/aligned/test_2216_aligned.jpg
test_2217,data/raf-db/aligned/test_2217_aligned.jpg,5,sad,test,sad,/gpfs0/bgu-vilenchi/users/sdolev/Thesis/VLMs/data/raf-db/aligned/test_2217_aligned.jpg
test_2218,data/raf-db/aligned/test_2218_aligned.jpg,1,surprise,test,surprise,/gpfs0/bgu-vilenchi/users/sdolev/Thesis/VLMs/data/raf-db/aligned/test_2218_aligned.jpg
test_2219,data/raf-db/aligned/test_2219_aligned.jpg,4,happy,test,neutral,/gpfs0/bgu-vilenchi/users/sdolev/Thesis/VLMs/data/raf-db/aligned/test_2219_aligned.jpg
test_2220,data/raf-db/aligned/test_2220_aligned.jpg,4,happy,test,neutral,/gpfs0/bgu-vilenchi/users/sdolev/Thesis/VLMs/data/raf-db/aligned/test_2220_aligned.jpg
test_2221,data/raf-db/aligned/test_2221_aligned.jpg,4,happy,test,happy,/gpfs0/bgu-vilenchi/users/sdolev/Thesis/VLMs/data/raf-db/aligned/test_2221_aligned.jpg
test_2222,data/raf-db/aligned/test_2222_aligned.jpg,4,happy,test,happy,/gpfs0/bgu-vilenchi/users/sdolev/Thesis/VLMs/data/raf-db/aligned/test_2222_aligned.jpg
test_2223,data/raf-db/aligned/test_2223_aligned.jpg,5,sad,test,sad,/gpfs0/bgu-vilenchi/users/sdolev/Thesis/VLMs/data/raf-db/aligned/test_2223_aligned.jpg
test_2224,data/raf-db/aligned/test_2224_aligned.jpg,4,happy,test,happy,/gpfs0/bgu-vilenchi/users/sdolev/Thesis/VLMs/data/raf-db/aligned/test_2224_aligned.jpg
test_2225,data/raf-db/aligned/test_2225_aligned.jpg,5,sad,test,sad,/gpfs0/bgu-vilenchi/users/sdolev/Thesis/VLMs/data/raf-db/aligned/test_2225_aligned.jpg
test_2226,data/raf-db/aligned/test_2226_aligned.jpg,1,surprise,test,surprise,/gpfs0/bgu-vilenchi/users/sdolev/Thesis/VLMs/data/raf-db/aligned/test_2226_aligned.jpg
test_2227,data/raf-db/aligned/test_2227_aligned.jpg,5,sad,test,sad,/gpfs0/bgu-vilenchi/users/sdolev/Thesis/VLMs/data/raf-db/aligned/test_2227_aligned.jpg
test_2228,data/raf-db/aligned/test_2228_aligned.jpg,6,angry,test,angry,/gpfs0/bgu-vilenchi/users/sdolev/Thesis/VLMs/data/raf-db/aligned/test_2228_aligned.jpg
test_2229,data/raf-db/aligned/test_2229_aligned.jpg,4,happy,test,happy,/gpfs0/bgu-vilenchi/users/sdolev/Thesis/VLMs/data/raf-db/aligned/test_2229_aligned.jpg
test_2230,data/raf-db/aligned/test_2230_aligned.jpg,4,happy,test,happy,/gpfs0/bgu-vilenchi/users/sdolev/Thesis/VLMs/data/raf-db/aligned/test_2230_aligned.jpg
test_2231,data/raf-db/aligned/test_2231_aligned.jpg,4,happy,test,happy,/gpfs0/bgu-vilenchi/users/sdolev/Thesis/VLMs/data/raf-db/aligned/test_2231_aligned.jpg
test_2232,data/raf-db/aligned/test_2232_aligned.jpg,4,happy,test,neutral,/gpfs0/bgu-vilenchi/users/sdolev/Thesis/VLMs/data/raf-db/aligned/test_2232_aligned.jpg
test_2233,data/raf-db/aligned/test_2233_aligned.jpg,4,happy,test,neutral,/gpfs0/bgu-vilenchi/users/sdolev/Thesis/VLMs/data/raf-db/aligned/test_2233_aligned.jpg
test_2234,data/raf-db/aligned/test_2234_aligned.jpg,1,surprise,test,surprise,/gpfs0/bgu-vilenchi/users/sdolev/Thesis/VLMs/data/raf-db/aligned/test_2234_aligned.jpg
test_2235,data/raf-db/aligned/test_2235_aligned.jpg,4,happy,test,happy,/gpfs0/bgu-vilenchi/users/sdolev/Thesis/VLMs/data/raf-db/aligned/test_2235_aligned.jpg
test_2236,data/raf-db/aligned/test_2236_aligned.jpg,4,happy,test,happy,/gpfs0/bgu-vilenchi/users/sdolev/Thesis/VLMs/data/raf-db/aligned/test_2236_aligned.jpg
test_2237,data/raf-db/aligned/test_2237_aligned.jpg,4,happy,test,happy,/gpfs0/bgu-vilenchi/users/sdolev/Thesis/VLMs/data/raf-db/aligned/test_2237_aligned.jpg
test_2238,data/raf-db/aligned/test_2238_aligned.jpg,2,fear,test,surprise,/gpfs0/bgu-vilenchi/users/sdolev/Thesis/VLMs/data/raf-db/aligned/test_2238_aligned.jpg
test_2239,data/raf-db/aligned/test_2239_aligned.jpg,2,fear,test,surprise,/gpfs0/bgu-vilenchi/users/sdolev/Thesis/VLMs/data/raf-db/aligned/test_2239_aligned.jpg
test_2240,data/raf-db/aligned/test_2240_aligned.jpg,2,fear,test,happy,/gpfs0/bgu-vilenchi/users/sdolev/Thesis/VLMs/data/raf-db/aligned/test_2240_aligned.jpg
test_2241,data/raf-db/aligned/test_2241_aligned.jpg,2,fear,test,fear,/gpfs0/bgu-vilenchi/users/sdolev/Thesis/VLMs/data/raf-db/aligned/test_2241_aligned.jpg
test_2242,data/raf-db/aligned/test_2242_aligned.jpg,2,fear,test,surprise,/gpfs0/bgu-vilenchi/users/sdolev/Thesis/VLMs/data/raf-db/aligned/test_2242_aligned.jpg
test_2243,data/raf-db/aligned/test_2243_aligned.jpg,2,fear,test,neutral,/gpfs0/bgu-vilenchi/users/sdolev/Thesis/VLMs/data/raf-db/aligned/test_2243_aligned.jpg
test_2244,data/raf-db/aligned/test_2244_aligned.jpg,2,fear,test,surprise,/gpfs0/bgu-vilenchi/users/sdolev/Thesis/VLMs/data/raf-db/aligned/test_2244_aligned.jpg
test_2245,data/raf-db/aligned/test_2245_aligned.jpg,2,fear,test,surprise,/gpfs0/bgu-vilenchi/users/sdolev/Thesis/VLMs/data/raf-db/aligned/test_2245_aligned.jpg
test_2246,data/raf-db/aligned/test_2246_aligned.jpg,2,fear,test,surprise,/gpfs0/bgu-vilenchi/users/sdolev/Thesis/VLMs/data/raf-db/aligned/test_2246_aligned.jpg
test_2247,data/raf-db/aligned/test_2247_aligned.jpg,2,fear,test,surprise,/gpfs0/bgu-vilenchi/users/sdolev/Thesis/VLMs/data/raf-db/aligned/test_2247_aligned.jpg
test_2248,data/raf-db/aligned/test_2248_aligned.jpg,2,fear,test,surprise,/gpfs0/bgu-vilenchi/users/sdolev/Thesis/VLMs/data/raf-db/aligned/test_2248_aligned.jpg
test_2249,data/raf-db/aligned/test_2249_aligned.jpg,2,fear,test,surprise,/gpfs0/bgu-vilenchi/users/sdolev/Thesis/VLMs/data/raf-db/aligned/test_2249_aligned.jpg
test_2250,data/raf-db/aligned/test_2250_aligned.jpg,2,fear,test,surprise,/gpfs0/bgu-vilenchi/users/sdolev/Thesis/VLMs/data/raf-db/aligned/test_2250_aligned.jpg
test_2251,data/raf-db/aligned/test_2251_aligned.jpg,2,fear,test,surprise,/gpfs0/bgu-vilenchi/users/sdolev/Thesis/VLMs/data/raf-db/aligned/test_2251_aligned.jpg
test_2252,data/raf-db/aligned/test_2252_aligned.jpg,2,fear,test,surprise,/gpfs0/bgu-vilenchi/users/sdolev/Thesis/VLMs/data/raf-db/aligned/test_2252_aligned.jpg
test_2253,data/raf-db/aligned/test_2253_aligned.jpg,2,fear,test,surprise,/gpfs0/bgu-vilenchi/users/sdolev/Thesis/VLMs/data/raf-db/aligned/test_2253_aligned.jpg
test_2254,data/raf-db/aligned/test_2254_aligned.jpg,2,fear,test,neutral,/gpfs0/bgu-vilenchi/users/sdolev/Thesis/VLMs/data/raf-db/aligned/test_2254_aligned.jpg
test_2255,data/raf-db/aligned/test_2255_aligned.jpg,2,fear,test,surprise,/gpfs0/bgu-vilenchi/users/sdolev/Thesis/VLMs/data/raf-db/aligned/test_2255_aligned.jpg
test_2256,data/raf-db/aligned/test_2256_aligned.jpg,2,fear,test,surprise,/gpfs0/bgu-vilenchi/users/sdolev/Thesis/VLMs/data/raf-db/aligned/test_2256_aligned.jpg
test_2257,data/raf-db/aligned/test_2257_aligned.jpg,2,fear,test,happy,/gpfs0/bgu-vilenchi/users/sdolev/Thesis/VLMs/data/raf-db/aligned/test_2257_aligned.jpg
test_2258,data/raf-db/aligned/test_2258_aligned.jpg,2,fear,test,surprise,/gpfs0/bgu-vilenchi/users/sdolev/Thesis/VLMs/data/raf-db/aligned/test_2258_aligned.jpg
test_2259,data/raf-db/aligned/test_2259_aligned.jpg,2,fear,test,surprise,/gpfs0/bgu-vilenchi/users/sdolev/Thesis/VLMs/data/raf-db/aligned/test_2259_aligned.jpg
test_2260,data/raf-db/aligned/test_2260_aligned.jpg,2,fear,test,sad,/gpfs0/bgu-vilenchi/users/sdolev/Thesis/VLMs/data/raf-db/aligned/test_2260_aligned.jpg
test_2261,data/raf-db/aligned/test_2261_aligned.jpg,2,fear,test,surprise,/gpfs0/bgu-vilenchi/users/sdolev/Thesis/VLMs/data/raf-db/aligned/test_2261_aligned.jpg
test_2262,data/raf-db/aligned/test_2262_aligned.jpg,2,fear,test,surprise,/gpfs0/bgu-vilenchi/users/sdolev/Thesis/VLMs/data/raf-db/aligned/test_2262_aligned.jpg
test_2263,data/raf-db/aligned/test_2263_aligned.jpg,2,fear,test,surprise,/gpfs0/bgu-vilenchi/users/sdolev/Thesis/VLMs/data/raf-db/aligned/test_2263_aligned.jpg
test_2264,data/raf-db/aligned/test_2264_aligned.jpg,2,fear,test,surprise,/gpfs0/bgu-vilenchi/users/sdolev/Thesis/VLMs/data/raf-db/aligned/test_2264_aligned.jpg
test_2265,data/raf-db/aligned/test_2265_aligned.jpg,2,fear,test,surprise,/gpfs0/bgu-vilenchi/users/sdolev/Thesis/VLMs/data/raf-db/aligned/test_2265_aligned.jpg
test_2266,data/raf-db/aligned/test_2266_aligned.jpg,2,fear,test,surprise,/gpfs0/bgu-vilenchi/users/sdolev/Thesis/VLMs/data/raf-db/aligned/test_2266_aligned.jpg
test_2267,data/raf-db/aligned/test_2267_aligned.jpg,2,fear,test,surprise,/gpfs0/bgu-vilenchi/users/sdolev/Thesis/VLMs/data/raf-db/aligned/test_2267_aligned.jpg
test_2268,data/raf-db/aligned/test_2268_aligned.jpg,2,fear,test,surprise,/gpfs0/bgu-vilenchi/users/sdolev/Thesis/VLMs/data/raf-db/aligned/test_2268_aligned.jpg
test_2269,data/raf-db/aligned/test_2269_aligned.jpg,2,fear,test,surprise,/gpfs0/bgu-vilenchi/users/sdolev/Thesis/VLMs/data/raf-db/aligned/test_2269_aligned.jpg
test_2270,data/raf-db/aligned/test_2270_aligned.jpg,2,fear,test,sad,/gpfs0/bgu-vilenchi/users/sdolev/Thesis/VLMs/data/raf-db/aligned/test_2270_aligned.jpg
test_2271,data/raf-db/aligned/test_2271_aligned.jpg,2,fear,test,happy,/gpfs0/bgu-vilenchi/users/sdolev/Thesis/VLMs/data/raf-db/aligned/test_2271_aligned.jpg
test_2272,data/raf-db/aligned/test_2272_aligned.jpg,2,fear,test,surprise,/gpfs0/bgu-vilenchi/users/sdolev/Thesis/VLMs/data/raf-db/aligned/test_2272_aligned.jpg
test_2273,data/raf-db/aligned/test_2273_aligned.jpg,2,fear,test,happy,/gpfs0/bgu-vilenchi/users/sdolev/Thesis/VLMs/data/raf-db/aligned/test_2273_aligned.jpg
test_2274,data/raf-db/aligned/test_2274_aligned.jpg,2,fear,test,surprise,/gpfs0/bgu-vilenchi/users/sdolev/Thesis/VLMs/data/raf-db/aligned/test_2274_aligned.jpg
test_2275,data/raf-db/aligned/test_2275_aligned.jpg,2,fear,test,surprise,/gpfs0/bgu-vilenchi/users/sdolev/Thesis/VLMs/data/raf-db/aligned/test_2275_aligned.jpg
test_2276,data/raf-db/aligned/test_2276_aligned.jpg,2,fear,test,surprise,/gpfs0/bgu-vilenchi/users/sdolev/Thesis/VLMs/data/raf-db/aligned/test_2276_aligned.jpg
test_2277,data/raf-db/aligned/test_2277_aligned.jpg,2,fear,test,surprise,/gpfs0/bgu-vilenchi/users/sdolev/Thesis/VLMs/data/raf-db/aligned/test_2277_aligned.jpg
test_2278,data/raf-db/aligned/test_2278_aligned.jpg,2,fear,test,surprise,/gpfs0/bgu-vilenchi/users/sdolev/Thesis/VLMs/data/raf-db/aligned/test_2278_aligned.jpg
test_2279,data/raf-db/aligned/test_2279_aligned.jpg,2,fear,test,surprise,/gpfs0/bgu-vilenchi/users/sdolev/Thesis/VLMs/data/raf-db/aligned/test_2279_aligned.jpg
test_2280,data/raf-db/aligned/test_2280_aligned.jpg,2,fear,test,surprise,/gpfs0/bgu-vilenchi/users/sdolev/Thesis/VLMs/data/raf-db/aligned/test_2280_aligned.jpg
test_2281,data/raf-db/aligned/test_2281_aligned.jpg,2,fear,test,surprise,/gpfs0/bgu-vilenchi/users/sdolev/Thesis/VLMs/data/raf-db/aligned/test_2281_aligned.jpg
test_2282,data/raf-db/aligned/test_2282_aligned.jpg,2,fear,test,happy,/gpfs0/bgu-vilenchi/users/sdolev/Thesis/VLMs/data/raf-db/aligned/test_2282_aligned.jpg
test_2283,data/raf-db/aligned/test_2283_aligned.jpg,2,fear,test,surprise,/gpfs0/bgu-vilenchi/users/sdolev/Thesis/VLMs/data/raf-db/aligned/test_2283_aligned.jpg
test_2284,data/raf-db/aligned/test_2284_aligned.jpg,2,fear,test,happy,/gpfs0/bgu-vilenchi/users/sdolev/Thesis/VLMs/data/raf-db/aligned/test_2284_aligned.jpg
test_2285,data/raf-db/aligned/test_2285_aligned.jpg,2,fear,test,surprise,/gpfs0/bgu-vilenchi/users/sdolev/Thesis/VLMs/data/raf-db/aligned/test_2285_aligned.jpg
test_2286,data/raf-db/aligned/test_2286_aligned.jpg,2,fear,test,surprise,/gpfs0/bgu-vilenchi/users/sdolev/Thesis/VLMs/data/raf-db/aligned/test_2286_aligned.jpg
test_2287,data/raf-db/aligned/test_2287_aligned.jpg,2,fear,test,surprise,/gpfs0/bgu-vilenchi/users/sdolev/Thesis/VLMs/data/raf-db/aligned/test_2287_aligned.jpg
test_2288,data/raf-db/aligned/test_2288_aligned.jpg,2,fear,test,surprise,/gpfs0/bgu-vilenchi/users/sdolev/Thesis/VLMs/data/raf-db/aligned/test_2288_aligned.jpg
test_2289,data/raf-db/aligned/test_2289_aligned.jpg,2,fear,test,surprise,/gpfs0/bgu-vilenchi/users/sdolev/Thesis/VLMs/data/raf-db/aligned/test_2289_aligned.jpg
test_2290,data/raf-db/aligned/test_2290_aligned.jpg,2,fear,test,surprise,/gpfs0/bgu-vilenchi/users/sdolev/Thesis/VLMs/data/raf-db/aligned/test_2290_aligned.jpg
test_2291,data/raf-db/aligned/test_2291_aligned.jpg,2,fear,test,surprise,/gpfs0/bgu-vilenchi/users/sdolev/Thesis/VLMs/data/raf-db/aligned/test_2291_aligned.jpg
test_2292,data/raf-db/aligned/test_2292_aligned.jpg,2,fear,test,angry,/gpfs0/bgu-vilenchi/users/sdolev/Thesis/VLMs/data/raf-db/aligned/test_2292_aligned.jpg
test_2293,data/raf-db/aligned/test_2293_aligned.jpg,2,fear,test,surprise,/gpfs0/bgu-vilenchi/users/sdolev/Thesis/VLMs/data/raf-db/aligned/test_2293_aligned.jpg
test_2294,data/raf-db/aligned/test_2294_aligned.jpg,2,fear,test,surprise,/gpfs0/bgu-vilenchi/users/sdolev/Thesis/VLMs/data/raf-db/aligned/test_2294_aligned.jpg
test_2295,data/raf-db/aligned/test_2295_aligned.jpg,2,fear,test,surprise,/gpfs0/bgu-vilenchi/users/sdolev/Thesis/VLMs/data/raf-db/aligned/test_2295_aligned.jpg
test_2296,data/raf-db/aligned/test_2296_aligned.jpg,2,fear,test,happy,/gpfs0/bgu-vilenchi/users/sdolev/Thesis/VLMs/data/raf-db/aligned/test_2296_aligned.jpg
test_2297,data/raf-db/aligned/test_2297_aligned.jpg,2,fear,test,surprise,/gpfs0/bgu-vilenchi/users/sdolev/Thesis/VLMs/data/raf-db/aligned/test_2297_aligned.jpg
test_2298,data/raf-db/aligned/test_2298_aligned.jpg,2,fear,test,surprise,/gpfs0/bgu-vilenchi/users/sdolev/Thesis/VLMs/data/raf-db/aligned/test_2298_aligned.jpg
test_2299,data/raf-db/aligned/test_2299_aligned.jpg,2,fear,test,surprise,/gpfs0/bgu-vilenchi/users/sdolev/Thesis/VLMs/data/raf-db/aligned/test_2299_aligned.jpg
test_2300,data/raf-db/aligned/test_2300_aligned.jpg,2,fear,test,surprise,/gpfs0/bgu-vilenchi/users/sdolev/Thesis/VLMs/data/raf-db/aligned/test_2300_aligned.jpg
test_2301,data/raf-db/aligned/test_2301_aligned.jpg,2,fear,test,surprise,/gpfs0/bgu-vilenchi/users/sdolev/Thesis/VLMs/data/raf-db/aligned/test_2301_aligned.jpg
test_2302,data/raf-db/aligned/test_2302_aligned.jpg,2,fear,test,surprise,/gpfs0/bgu-vilenchi/users/sdolev/Thesis/VLMs/data/raf-db/aligned/test_2302_aligned.jpg
test_2303,data/raf-db/aligned/test_2303_aligned.jpg,2,fear,test,surprise,/gpfs0/bgu-vilenchi/users/sdolev/Thesis/VLMs/data/raf-db/aligned/test_2303_aligned.jpg
test_2304,data/raf-db/aligned/test_2304_aligned.jpg,3,disgust,test,surprise,/gpfs0/bgu-vilenchi/users/sdolev/Thesis/VLMs/data/raf-db/aligned/test_2304_aligned.jpg
test_2305,data/raf-db/aligned/test_2305_aligned.jpg,3,disgust,test,angry,/gpfs0/bgu-vilenchi/users/sdolev/Thesis/VLMs/data/raf-db/aligned/test_2305_aligned.jpg
test_2306,data/raf-db/aligned/test_2306_aligned.jpg,3,disgust,test,neutral,/gpfs0/bgu-vilenchi/users/sdolev/Thesis/VLMs/data/raf-db/aligned/test_2306_aligned.jpg
test_2307,data/raf-db/aligned/test_2307_aligned.jpg,3,disgust,test,neutral,/gpfs0/bgu-vilenchi/users/sdolev/Thesis/VLMs/data/raf-db/aligned/test_2307_aligned.jpg
test_2308,data/raf-db/aligned/test_2308_aligned.jpg,3,disgust,test,angry,/gpfs0/bgu-vilenchi/users/sdolev/Thesis/VLMs/data/raf-db/aligned/test_2308_aligned.jpg
test_2309,data/raf-db/aligned/test_2309_aligned.jpg,3,disgust,test,neutral,/gpfs0/bgu-vilenchi/users/sdolev/Thesis/VLMs/data/raf-db/aligned/test_2309_aligned.jpg
test_2310,data/raf-db/aligned/test_2310_aligned.jpg,3,disgust,test,surprise,/gpfs0/bgu-vilenchi/users/sdolev/Thesis/VLMs/data/raf-db/aligned/test_2310_aligned.jpg
test_2311,data/raf-db/aligned/test_2311_aligned.jpg,3,disgust,test,disgust,/gpfs0/bgu-vilenchi/users/sdolev/Thesis/VLMs/data/raf-db/aligned/test_2311_aligned.jpg
test_2312,data/raf-db/aligned/test_2312_aligned.jpg,3,disgust,test,disgust,/gpfs0/bgu-vilenchi/users/sdolev/Thesis/VLMs/data/raf-db/aligned/test_2312_aligned.jpg
test_2313,data/raf-db/aligned/test_2313_aligned.jpg,3,disgust,test,neutral,/gpfs0/bgu-vilenchi/users/sdolev/Thesis/VLMs/data/raf-db/aligned/test_2313_aligned.jpg
test_2314,data/raf-db/aligned/test_2314_aligned.jpg,3,disgust,test,angry,/gpfs0/bgu-vilenchi/users/sdolev/Thesis/VLMs/data/raf-db/aligned/test_2314_aligned.jpg
test_2315,data/raf-db/aligned/test_2315_aligned.jpg,3,disgust,test,angry,/gpfs0/bgu-vilenchi/users/sdolev/Thesis/VLMs/data/raf-db/aligned/test_2315_aligned.jpg
test_2316,data/raf-db/aligned/test_2316_aligned.jpg,3,disgust,test,sad,/gpfs0/bgu-vilenchi/users/sdolev/Thesis/VLMs/data/raf-db/aligned/test_2316_aligned.jpg
test_2317,data/raf-db/aligned/test_2317_aligned.jpg,3,disgust,test,angry,/gpfs0/bgu-vilenchi/users/sdolev/Thesis/VLMs/data/raf-db/aligned/test_2317_aligned.jpg
test_2318,data/raf-db/aligned/test_2318_aligned.jpg,3,disgust,test,surprise,/gpfs0/bgu-vilenchi/users/sdolev/Thesis/VLMs/data/raf-db/aligned/test_2318_aligned.jpg
test_2319,data/raf-db/aligned/test_2319_aligned.jpg,3,disgust,test,angry,/gpfs0/bgu-vilenchi/users/sdolev/Thesis/VLMs/data/raf-db/aligned/test_2319_aligned.jpg
test_2320,data/raf-db/aligned/test_2320_aligned.jpg,3,disgust,test,neutral,/gpfs0/bgu-vilenchi/users/sdolev/Thesis/VLMs/data/raf-db/aligned/test_2320_aligned.jpg
test_2321,data/raf-db/aligned/test_2321_aligned.jpg,3,disgust,test,sad,/gpfs0/bgu-vilenchi/users/sdolev/Thesis/VLMs/data/raf-db/aligned/test_2321_aligned.jpg
test_2322,data/raf-db/aligned/test_2322_aligned.jpg,3,disgust,test,neutral,/gpfs0/bgu-vilenchi/users/sdolev/Thesis/VLMs/data/raf-db/aligned/test_2322_aligned.jpg
test_2323,data/raf-db/aligned/test_2323_aligned.jpg,3,disgust,test,neutral,/gpfs0/bgu-vilenchi/users/sdolev/Thesis/VLMs/data/raf-db/aligned/test_2323_aligned.jpg
test_2324,data/raf-db/aligned/test_2324_aligned.jpg,3,disgust,test,neutral,/gpfs0/bgu-vilenchi/users/sdolev/Thesis/VLMs/data/raf-db/aligned/test_2324_aligned.jpg
test_2325,data/raf-db/aligned/test_2325_aligned.jpg,3,disgust,test,surprise,/gpfs0/bgu-vilenchi/users/sdolev/Thesis/VLMs/data/raf-db/aligned/test_2325_aligned.jpg
test_2326,data/raf-db/aligned/test_2326_aligned.jpg,3,disgust,test,sad,/gpfs0/bgu-vilenchi/users/sdolev/Thesis/VLMs/data/raf-db/aligned/test_2326_aligned.jpg
test_2327,data/raf-db/aligned/test_2327_aligned.jpg,3,disgust,test,sad,/gpfs0/bgu-vilenchi/users/sdolev/Thesis/VLMs/data/raf-db/aligned/test_2327_aligned.jpg
test_2328,data/raf-db/aligned/test_2328_aligned.jpg,3,disgust,test,angry,/gpfs0/bgu-vilenchi/users/sdolev/Thesis/VLMs/data/raf-db/aligned/test_2328_aligned.jpg
test_2329,data/raf-db/aligned/test_2329_aligned.jpg,3,disgust,test,neutral,/gpfs0/bgu-vilenchi/users/sdolev/Thesis/VLMs/data/raf-db/aligned/test_2329_aligned.jpg
test_2330,data/raf-db/aligned/test_2330_aligned.jpg,3,disgust,test,surprise,/gpfs0/bgu-vilenchi/users/sdolev/Thesis/VLMs/data/raf-db/aligned/test_2330_aligned.jpg
test_2331,data/raf-db/aligned/test_2331_aligned.jpg,3,disgust,test,neutral,/gpfs0/bgu-vilenchi/users/sdolev/Thesis/VLMs/data/raf-db/aligned/test_2331_aligned.jpg
test_2332,data/raf-db/aligned/test_2332_aligned.jpg,3,disgust,test,neutral,/gpfs0/bgu-vilenchi/users/sdolev/Thesis/VLMs/data/raf-db/aligned/test_2332_aligned.jpg
test_2333,data/raf-db/aligned/test_2333_aligned.jpg,3,disgust,test,surprise,/gpfs0/bgu-vilenchi/users/sdolev/Thesis/VLMs/data/raf-db/aligned/test_2333_aligned.jpg
test_2334,data/raf-db/aligned/test_2334_aligned.jpg,3,disgust,test,happy,/gpfs0/bgu-vilenchi/users/sdolev/Thesis/VLMs/data/raf-db/aligned/test_2334_aligned.jpg
test_2335,data/raf-db/aligned/test_2335_aligned.jpg,3,disgust,test,disgust,/gpfs0/bgu-vilenchi/users/sdolev/Thesis/VLMs/data/raf-db/aligned/test_2335_aligned.jpg
test_2336,data/raf-db/aligned/test_2336_aligned.jpg,3,disgust,test,surprise,/gpfs0/bgu-vilenchi/users/sdolev/Thesis/VLMs/data/raf-db/aligned/test_2336_aligned.jpg
test_2337,data/raf-db/aligned/test_2337_aligned.jpg,3,disgust,test,happy,/gpfs0/bgu-vilenchi/users/sdolev/Thesis/VLMs/data/raf-db/aligned/test_2337_aligned.jpg
test_2338,data/raf-db/aligned/test_2338_aligned.jpg,3,disgust,test,happy,/gpfs0/bgu-vilenchi/users/sdolev/Thesis/VLMs/data/raf-db/aligned/test_2338_aligned.jpg
test_2339,data/raf-db/aligned/test_2339_aligned.jpg,3,disgust,test,happy,/gpfs0/bgu-vilenchi/users/sdolev/Thesis/VLMs/data/raf-db/aligned/test_2339_aligned.jpg
test_2340,data/raf-db/aligned/test_2340_aligned.jpg,3,disgust,test,surprise,/gpfs0/bgu-vilenchi/users/sdolev/Thesis/VLMs/data/raf-db/aligned/test_2340_aligned.jpg
test_2341,data/raf-db/aligned/test_2341_aligned.jpg,3,disgust,test,angry,/gpfs0/bgu-vilenchi/users/sdolev/Thesis/VLMs/data/raf-db/aligned/test_2341_aligned.jpg
test_2342,data/raf-db/aligned/test_2342_aligned.jpg,3,disgust,test,neutral,/gpfs0/bgu-vilenchi/users/sdolev/Thesis/VLMs/data/raf-db/aligned/test_2342_aligned.jpg
test_2343,data/raf-db/aligned/test_2343_aligned.jpg,3,disgust,test,surprise,/gpfs0/bgu-vilenchi/users/sdolev/Thesis/VLMs/data/raf-db/aligned/test_2343_aligned.jpg
test_2344,data/raf-db/aligned/test_2344_aligned.jpg,3,disgust,test,sad,/gpfs0/bgu-vilenchi/users/sdolev/Thesis/VLMs/data/raf-db/aligned/test_2344_aligned.jpg
test_2345,data/raf-db/aligned/test_2345_aligned.jpg,3,disgust,test,sad,/gpfs0/bgu-vilenchi/users/sdolev/Thesis/VLMs/data/raf-db/aligned/test_2345_aligned.jpg
test_2346,data/raf-db/aligned/test_2346_aligned.jpg,3,disgust,test,neutral,/gpfs0/bgu-vilenchi/users/sdolev/Thesis/VLMs/data/raf-db/aligned/test_2346_aligned.jpg
test_2347,data/raf-db/aligned/test_2347_aligned.jpg,3,disgust,test,neutral,/gpfs0/bgu-vilenchi/users/sdolev/Thesis/VLMs/data/raf-db/aligned/test_2347_aligned.jpg
test_2348,data/raf-db/aligned/test_2348_aligned.jpg,3,disgust,test,surprise,/gpfs0/bgu-vilenchi/users/sdolev/Thesis/VLMs/data/raf-db/aligned/test_2348_aligned.jpg
test_2349,data/raf-db/aligned/test_2349_aligned.jpg,3,disgust,test,disgust,/gpfs0/bgu-vilenchi/users/sdolev/Thesis/VLMs/data/raf-db/aligned/test_2349_aligned.jpg
test_2350,data/raf-db/aligned/test_2350_aligned.jpg,3,disgust,test,disgust,/gpfs0/bgu-vilenchi/users/sdolev/Thesis/VLMs/data/raf-db/aligned/test_2350_aligned.jpg
test_2351,data/raf-db/aligned/test_2351_aligned.jpg,3,disgust,test,angry,/gpfs0/bgu-vilenchi/users/sdolev/Thesis/VLMs/data/raf-db/aligned/test_2351_aligned.jpg
test_2352,data/raf-db/aligned/test_2352_aligned.jpg,3,disgust,test,angry,/gpfs0/bgu-vilenchi/users/sdolev/Thesis/VLMs/data/raf-db/aligned/test_2352_aligned.jpg
test_2353,data/raf-db/aligned/test_2353_aligned.jpg,3,disgust,test,neutral,/gpfs0/bgu-vilenchi/users/sdolev/Thesis/VLMs/data/raf-db/aligned/test_2353_aligned.jpg
test_2354,data/raf-db/aligned/test_2354_aligned.jpg,3,disgust,test,angry,/gpfs0/bgu-vilenchi/users/sdolev/Thesis/VLMs/data/raf-db/aligned/test_2354_aligned.jpg
test_2355,data/raf-db/aligned/test_2355_aligned.jpg,3,disgust,test,angry,/gpfs0/bgu-vilenchi/users/sdolev/Thesis/VLMs/data/raf-db/aligned/test_2355_aligned.jpg
test_2356,data/raf-db/aligned/test_2356_aligned.jpg,3,disgust,test,disgust,/gpfs0/bgu-vilenchi/users/sdolev/Thesis/VLMs/data/raf-db/aligned/test_2356_aligned.jpg
test_2357,data/raf-db/aligned/test_2357_aligned.jpg,3,disgust,test,sad,/gpfs0/bgu-vilenchi/users/sdolev/Thesis/VLMs/data/raf-db/aligned/test_2357_aligned.jpg
test_2358,data/raf-db/aligned/test_2358_aligned.jpg,3,disgust,test,surprise,/gpfs0/bgu-vilenchi/users/sdolev/Thesis/VLMs/data/raf-db/aligned/test_2358_aligned.jpg
test_2359,data/raf-db/aligned/test_2359_aligned.jpg,3,disgust,test,surprise,/gpfs0/bgu-vilenchi/users/sdolev/Thesis/VLMs/data/raf-db/aligned/test_2359_aligned.jpg
test_2360,data/raf-db/aligned/test_2360_aligned.jpg,3,disgust,test,happy,/gpfs0/bgu-vilenchi/users/sdolev/Thesis/VLMs/data/raf-db/aligned/test_2360_aligned.jpg
test_2361,data/raf-db/aligned/test_2361_aligned.jpg,3,disgust,test,angry,/gpfs0/bgu-vilenchi/users/sdolev/Thesis/VLMs/data/raf-db/aligned/test_2361_aligned.jpg
test_2362,data/raf-db/aligned/test_2362_aligned.jpg,3,disgust,test,neutral,/gpfs0/bgu-vilenchi/users/sdolev/Thesis/VLMs/data/raf-db/aligned/test_2362_aligned.jpg
test_2363,data/raf-db/aligned/test_2363_aligned.jpg,3,disgust,test,happy,/gpfs0/bgu-vilenchi/users/sdolev/Thesis/VLMs/data/raf-db/aligned/test_2363_aligned.jpg
test_2364,data/raf-db/aligned/test_2364_aligned.jpg,3,disgust,test,neutral,/gpfs0/bgu-vilenchi/users/sdolev/Thesis/VLMs/data/raf-db/aligned/test_2364_aligned.jpg
test_2365,data/raf-db/aligned/test_2365_aligned.jpg,3,disgust,test,angry,/gpfs0/bgu-vilenchi/users/sdolev/Thesis/VLMs/data/raf-db/aligned/test_2365_aligned.jpg
test_2366,data/raf-db/aligned/test_2366_aligned.jpg,3,disgust,test,disgust,/gpfs0/bgu-vilenchi/users/sdolev/Thesis/VLMs/data/raf-db/aligned/test_2366_aligned.jpg
test_2367,data/raf-db/aligned/test_2367_aligned.jpg,3,disgust,test,disgust,/gpfs0/bgu-vilenchi/users/sdolev/Thesis/VLMs/data/raf-db/aligned/test_2367_aligned.jpg
test_2368,data/raf-db/aligned/test_2368_aligned.jpg,3,disgust,test,surprise,/gpfs0/bgu-vilenchi/users/sdolev/Thesis/VLMs/data/raf-db/aligned/test_2368_aligned.jpg
test_2369,data/raf-db/aligned/test_2369_aligned.jpg,3,disgust,test,neutral,/gpfs0/bgu-vilenchi/users/sdolev/Thesis/VLMs/data/raf-db/aligned/test_2369_aligned.jpg
test_2370,data/raf-db/aligned/test_2370_aligned.jpg,3,disgust,test,angry,/gpfs0/bgu-vilenchi/users/sdolev/Thesis/VLMs/data/raf-db/aligned/test_2370_aligned.jpg
test_2371,data/raf-db/aligned/test_2371_aligned.jpg,3,disgust,test,angry,/gpfs0/bgu-vilenchi/users/sdolev/Thesis/VLMs/data/raf-db/aligned/test_2371_aligned.jpg
test_2372,data/raf-db/aligned/test_2372_aligned.jpg,3,disgust,test,angry,/gpfs0/bgu-vilenchi/users/sdolev/Thesis/VLMs/data/raf-db/aligned/test_2372_aligned.jpg
test_2373,data/raf-db/aligned/test_2373_aligned.jpg,3,disgust,test,neutral,/gpfs0/bgu-vilenchi/users/sdolev/Thesis/VLMs/data/raf-db/aligned/test_2373_aligned.jpg
test_2374,data/raf-db/aligned/test_2374_aligned.jpg,3,disgust,test,angry,/gpfs0/bgu-vilenchi/users/sdolev/Thesis/VLMs/data/raf-db/aligned/test_2374_aligned.jpg
test_2375,data/raf-db/aligned/test_2375_aligned.jpg,3,disgust,test,angry,/gpfs0/bgu-vilenchi/users/sdolev/Thesis/VLMs/data/raf-db/aligned/test_2375_aligned.jpg
test_2376,data/raf-db/aligned/test_2376_aligned.jpg,3,disgust,test,surprise,/gpfs0/bgu-vilenchi/users/sdolev/Thesis/VLMs/data/raf-db/aligned/test_2376_aligned.jpg
test_2377,data/raf-db/aligned/test_2377_aligned.jpg,3,disgust,test,angry,/gpfs0/bgu-vilenchi/users/sdolev/Thesis/VLMs/data/raf-db/aligned/test_2377_aligned.jpg
test_2378,data/raf-db/aligned/test_2378_aligned.jpg,3,disgust,test,angry,/gpfs0/bgu-vilenchi/users/sdolev/Thesis/VLMs/data/raf-db/aligned/test_2378_aligned.jpg
test_2379,data/raf-db/aligned/test_2379_aligned.jpg,3,disgust,test,disgust,/gpfs0/bgu-vilenchi/users/sdolev/Thesis/VLMs/data/raf-db/aligned/test_2379_aligned.jpg
test_2380,data/raf-db/aligned/test_2380_aligned.jpg,3,disgust,test,neutral,/gpfs0/bgu-vilenchi/users/sdolev/Thesis/VLMs/data/raf-db/aligned/test_2380_aligned.jpg
test_2381,data/raf-db/aligned/test_2381_aligned.jpg,3,disgust,test,surprise,/gpfs0/bgu-vilenchi/users/sdolev/Thesis/VLMs/data/raf-db/aligned/test_2381_aligned.jpg
test_2382,data/raf-db/aligned/test_2382_aligned.jpg,3,disgust,test,surprise,/gpfs0/bgu-vilenchi/users/sdolev/Thesis/VLMs/data/raf-db/aligned/test_2382_aligned.jpg
test_2383,data/raf-db/aligned/test_2383_aligned.jpg,3,disgust,test,neutral,/gpfs0/bgu-vilenchi/users/sdolev/Thesis/VLMs/data/raf-db/aligned/test_2383_aligned.jpg
test_2384,data/raf-db/aligned/test_2384_aligned.jpg,3,disgust,test,disgust,/gpfs0/bgu-vilenchi/users/sdolev/Thesis/VLMs/data/raf-db/aligned/test_2384_aligned.jpg
test_2385,data/raf-db/aligned/test_2385_aligned.jpg,3,disgust,test,neutral,/gpfs0/bgu-vilenchi/users/sdolev/Thesis/VLMs/data/raf-db/aligned/test_2385_aligned.jpg
test_2386,data/raf-db/aligned/test_2386_aligned.jpg,3,disgust,test,sad,/gpfs0/bgu-vilenchi/users/sdolev/Thesis/VLMs/data/raf-db/aligned/test_2386_aligned.jpg
test_2387,data/raf-db/aligned/test_2387_aligned.jpg,3,disgust,test,neutral,/gpfs0/bgu-vilenchi/users/sdolev/Thesis/VLMs/data/raf-db/aligned/test_2387_aligned.jpg
test_2388,data/raf-db/aligned/test_2388_aligned.jpg,3,disgust,test,angry,/gpfs0/bgu-vilenchi/users/sdolev/Thesis/VLMs/data/raf-db/aligned/test_2388_aligned.jpg
test_2389,data/raf-db/aligned/test_2389_aligned.jpg,7,neutral,test,neutral,/gpfs0/bgu-vilenchi/users/sdolev/Thesis/VLMs/data/raf-db/aligned/test_2389_aligned.jpg
test_2390,data/raf-db/aligned/test_2390_aligned.jpg,7,neutral,test,happy,/gpfs0/bgu-vilenchi/users/sdolev/Thesis/VLMs/data/raf-db/aligned/test_2390_aligned.jpg
test_2391,data/raf-db/aligned/test_2391_aligned.jpg,7,neutral,test,neutral,/gpfs0/bgu-vilenchi/users/sdolev/Thesis/VLMs/data/raf-db/aligned/test_2391_aligned.jpg
test_2392,data/raf-db/aligned/test_2392_aligned.jpg,7,neutral,test,neutral,/gpfs0/bgu-vilenchi/users/sdolev/Thesis/VLMs/data/raf-db/aligned/test_2392_aligned.jpg
test_2393,data/raf-db/aligned/test_2393_aligned.jpg,7,neutral,test,neutral,/gpfs0/bgu-vilenchi/users/sdolev/Thesis/VLMs/data/raf-db/aligned/test_2393_aligned.jpg
test_2394,data/raf-db/aligned/test_2394_aligned.jpg,7,neutral,test,neutral,/gpfs0/bgu-vilenchi/users/sdolev/Thesis/VLMs/data/raf-db/aligned/test_2394_aligned.jpg
test_2395,data/raf-db/aligned/test_2395_aligned.jpg,7,neutral,test,neutral,/gpfs0/bgu-vilenchi/users/sdolev/Thesis/VLMs/data/raf-db/aligned/test_2395_aligned.jpg
test_2396,data/raf-db/aligned/test_2396_aligned.jpg,7,neutral,test,neutral,/gpfs0/bgu-vilenchi/users/sdolev/Thesis/VLMs/data/raf-db/aligned/test_2396_aligned.jpg
test_2397,data/raf-db/aligned/test_2397_aligned.jpg,7,neutral,test,neutral,/gpfs0/bgu-vilenchi/users/sdolev/Thesis/VLMs/data/raf-db/aligned/test_2397_aligned.jpg
test_2398,data/raf-db/aligned/test_2398_aligned.jpg,7,neutral,test,neutral,/gpfs0/bgu-vilenchi/users/sdolev/Thesis/VLMs/data/raf-db/aligned/test_2398_aligned.jpg
test_2399,data/raf-db/aligned/test_2399_aligned.jpg,7,neutral,test,neutral,/gpfs0/bgu-vilenchi/users/sdolev/Thesis/VLMs/data/raf-db/aligned/test_2399_aligned.jpg
test_2400,data/raf-db/aligned/test_2400_aligned.jpg,7,neutral,test,neutral,/gpfs0/bgu-vilenchi/users/sdolev/Thesis/VLMs/data/raf-db/aligned/test_2400_aligned.jpg
test_2401,data/raf-db/aligned/test_2401_aligned.jpg,7,neutral,test,neutral,/gpfs0/bgu-vilenchi/users/sdolev/Thesis/VLMs/data/raf-db/aligned/test_2401_aligned.jpg
test_2402,data/raf-db/aligned/test_2402_aligned.jpg,7,neutral,test,neutral,/gpfs0/bgu-vilenchi/users/sdolev/Thesis/VLMs/data/raf-db/aligned/test_2402_aligned.jpg
test_2403,data/raf-db/aligned/test_2403_aligned.jpg,7,neutral,test,neutral,/gpfs0/bgu-vilenchi/users/sdolev/Thesis/VLMs/data/raf-db/aligned/test_2403_aligned.jpg
test_2404,data/raf-db/aligned/test_2404_aligned.jpg,7,neutral,test,neutral,/gpfs0/bgu-vilenchi/users/sdolev/Thesis/VLMs/data/raf-db/aligned/test_2404_aligned.jpg
test_2405,data/raf-db/aligned/test_2405_aligned.jpg,7,neutral,test,neutral,/gpfs0/bgu-vilenchi/users/sdolev/Thesis/VLMs/data/raf-db/aligned/test_2405_aligned.jpg
test_2406,data/raf-db/aligned/test_2406_aligned.jpg,7,neutral,test,neutral,/gpfs0/bgu-vilenchi/users/sdolev/Thesis/VLMs/data/raf-db/aligned/test_2406_aligned.jpg
test_2407,data/raf-db/aligned/test_2407_aligned.jpg,7,neutral,test,neutral,/gpfs0/bgu-vilenchi/users/sdolev/Thesis/VLMs/data/raf-db/aligned/test_2407_aligned.jpg
test_2408,data/raf-db/aligned/test_2408_aligned.jpg,7,neutral,test,neutral,/gpfs0/bgu-vilenchi/users/sdolev/Thesis/VLMs/data/raf-db/aligned/test_2408_aligned.jpg
test_2409,data/raf-db/aligned/test_2409_aligned.jpg,7,neutral,test,neutral,/gpfs0/bgu-vilenchi/users/sdolev/Thesis/VLMs/data/raf-db/aligned/test_2409_aligned.jpg
test_2410,data/raf-db/aligned/test_2410_aligned.jpg,7,neutral,test,neutral,/gpfs0/bgu-vilenchi/users/sdolev/Thesis/VLMs/data/raf-db/aligned/test_2410_aligned.jpg
test_2411,data/raf-db/aligned/test_2411_aligned.jpg,7,neutral,test,neutral,/gpfs0/bgu-vilenchi/users/sdolev/Thesis/VLMs/data/raf-db/aligned/test_2411_aligned.jpg
test_2412,data/raf-db/aligned/test_2412_aligned.jpg,7,neutral,test,neutral,/gpfs0/bgu-vilenchi/users/sdolev/Thesis/VLMs/data/raf-db/aligned/test_2412_aligned.jpg
test_2413,data/raf-db/aligned/test_2413_aligned.jpg,7,neutral,test,neutral,/gpfs0/bgu-vilenchi/users/sdolev/Thesis/VLMs/data/raf-db/aligned/test_2413_aligned.jpg
test_2414,data/raf-db/aligned/test_2414_aligned.jpg,7,neutral,test,neutral,/gpfs0/bgu-vilenchi/users/sdolev/Thesis/VLMs/data/raf-db/aligned/test_2414_aligned.jpg
test_2415,data/raf-db/aligned/test_2415_aligned.jpg,7,neutral,test,neutral,/gpfs0/bgu-vilenchi/users/sdolev/Thesis/VLMs/data/raf-db/aligned/test_2415_aligned.jpg
test_2416,data/raf-db/aligned/test_2416_aligned.jpg,7,neutral,test,neutral,/gpfs0/bgu-vilenchi/users/sdolev/Thesis/VLMs/data/raf-db/aligned/test_2416_aligned.jpg
test_2417,data/raf-db/aligned/test_2417_aligned.jpg,7,neutral,test,neutral,/gpfs0/bgu-vilenchi/users/sdolev/Thesis/VLMs/data/raf-db/aligned/test_2417_aligned.jpg
test_2418,data/raf-db/aligned/test_2418_aligned.jpg,7,neutral,test,neutral,/gpfs0/bgu-vilenchi/users/sdolev/Thesis/VLMs/data/raf-db/aligned/test_2418_aligned.jpg
test_2419,data/raf-db/aligned/test_2419_aligned.jpg,7,neutral,test,neutral,/gpfs0/bgu-vilenchi/users/sdolev/Thesis/VLMs/data/raf-db/aligned/test_2419_aligned.jpg
test_2420,data/raf-db/aligned/test_2420_aligned.jpg,7,neutral,test,neutral,/gpfs0/bgu-vilenchi/users/sdolev/Thesis/VLMs/data/raf-db/aligned/test_2420_aligned.jpg
test_2421,data/raf-db/aligned/test_2421_aligned.jpg,7,neutral,test,neutral,/gpfs0/bgu-vilenchi/users/sdolev/Thesis/VLMs/data/raf-db/aligned/test_2421_aligned.jpg
test_2422,data/raf-db/aligned/test_2422_aligned.jpg,7,neutral,test,neutral,/gpfs0/bgu-vilenchi/users/sdolev/Thesis/VLMs/data/raf-db/aligned/test_2422_aligned.jpg
test_2423,data/raf-db/aligned/test_2423_aligned.jpg,7,neutral,test,neutral,/gpfs0/bgu-vilenchi/users/sdolev/Thesis/VLMs/data/raf-db/aligned/test_2423_aligned.jpg
test_2424,data/raf-db/aligned/test_2424_aligned.jpg,7,neutral,test,neutral,/gpfs0/bgu-vilenchi/users/sdolev/Thesis/VLMs/data/raf-db/aligned/test_2424_aligned.jpg
test_2425,data/raf-db/aligned/test_2425_aligned.jpg,7,neutral,test,neutral,/gpfs0/bgu-vilenchi/users/sdolev/Thesis/VLMs/data/raf-db/aligned/test_2425_aligned.jpg
test_2426,data/raf-db/aligned/test_2426_aligned.jpg,7,neutral,test,neutral,/gpfs0/bgu-vilenchi/users/sdolev/Thesis/VLMs/data/raf-db/aligned/test_2426_aligned.jpg
test_2427,data/raf-db/aligned/test_2427_aligned.jpg,7,neutral,test,neutral,/gpfs0/bgu-vilenchi/users/sdolev/Thesis/VLMs/data/raf-db/aligned/test_2427_aligned.jpg
test_2428,data/raf-db/aligned/test_2428_aligned.jpg,7,neutral,test,neutral,/gpfs0/bgu-vilenchi/users/sdolev/Thesis/VLMs/data/raf-db/aligned/test_2428_aligned.jpg
test_2429,data/raf-db/aligned/test_2429_aligned.jpg,7,neutral,test,neutral,/gpfs0/bgu-vilenchi/users/sdolev/Thesis/VLMs/data/raf-db/aligned/test_2429_aligned.jpg
test_2430,data/raf-db/aligned/test_2430_aligned.jpg,7,neutral,test,neutral,/gpfs0/bgu-vilenchi/users/sdolev/Thesis/VLMs/data/raf-db/aligned/test_2430_aligned.jpg
test_2431,data/raf-db/aligned/test_2431_aligned.jpg,7,neutral,test,neutral,/gpfs0/bgu-vilenchi/users/sdolev/Thesis/VLMs/data/raf-db/aligned/test_2431_aligned.jpg
test_2432,data/raf-db/aligned/test_2432_aligned.jpg,7,neutral,test,neutral,/gpfs0/bgu-vilenchi/users/sdolev/Thesis/VLMs/data/raf-db/aligned/test_2432_aligned.jpg
test_2433,data/raf-db/aligned/test_2433_aligned.jpg,7,neutral,test,neutral,/gpfs0/bgu-vilenchi/users/sdolev/Thesis/VLMs/data/raf-db/aligned/test_2433_aligned.jpg
test_2434,data/raf-db/aligned/test_2434_aligned.jpg,7,neutral,test,neutral,/gpfs0/bgu-vilenchi/users/sdolev/Thesis/VLMs/data/raf-db/aligned/test_2434_aligned.jpg
test_2435,data/raf-db/aligned/test_2435_aligned.jpg,7,neutral,test,neutral,/gpfs0/bgu-vilenchi/users/sdolev/Thesis/VLMs/data/raf-db/aligned/test_2435_aligned.jpg
test_2436,data/raf-db/aligned/test_2436_aligned.jpg,7,neutral,test,neutral,/gpfs0/bgu-vilenchi/users/sdolev/Thesis/VLMs/data/raf-db/aligned/test_2436_aligned.jpg
test_2437,data/raf-db/aligned/test_2437_aligned.jpg,7,neutral,test,neutral,/gpfs0/bgu-vilenchi/users/sdolev/Thesis/VLMs/data/raf-db/aligned/test_2437_aligned.jpg
test_2438,data/raf-db/aligned/test_2438_aligned.jpg,7,neutral,test,neutral,/gpfs0/bgu-vilenchi/users/sdolev/Thesis/VLMs/data/raf-db/aligned/test_2438_aligned.jpg
test_2439,data/raf-db/aligned/test_2439_aligned.jpg,7,neutral,test,neutral,/gpfs0/bgu-vilenchi/users/sdolev/Thesis/VLMs/data/raf-db/aligned/test_2439_aligned.jpg
test_2440,data/raf-db/aligned/test_2440_aligned.jpg,7,neutral,test,neutral,/gpfs0/bgu-vilenchi/users/sdolev/Thesis/VLMs/data/raf-db/aligned/test_2440_aligned.jpg
test_2441,data/raf-db/aligned/test_2441_aligned.jpg,7,neutral,test,neutral,/gpfs0/bgu-vilenchi/users/sdolev/Thesis/VLMs/data/raf-db/aligned/test_2441_aligned.jpg
test_2442,data/raf-db/aligned/test_2442_aligned.jpg,7,neutral,test,neutral,/gpfs0/bgu-vilenchi/users/sdolev/Thesis/VLMs/data/raf-db/aligned/test_2442_aligned.jpg
test_2443,data/raf-db/aligned/test_2443_aligned.jpg,7,neutral,test,neutral,/gpfs0/bgu-vilenchi/users/sdolev/Thesis/VLMs/data/raf-db/aligned/test_2443_aligned.jpg
test_2444,data/raf-db/aligned/test_2444_aligned.jpg,7,neutral,test,neutral,/gpfs0/bgu-vilenchi/users/sdolev/Thesis/VLMs/data/raf-db/aligned/test_2444_aligned.jpg
test_2445,data/raf-db/aligned/test_2445_aligned.jpg,7,neutral,test,surprise,/gpfs0/bgu-vilenchi/users/sdolev/Thesis/VLMs/data/raf-db/aligned/test_2445_aligned.jpg
test_2446,data/raf-db/aligned/test_2446_aligned.jpg,7,neutral,test,neutral,/gpfs0/bgu-vilenchi/users/sdolev/Thesis/VLMs/data/raf-db/aligned/test_2446_aligned.jpg
test_2447,data/raf-db/aligned/test_2447_aligned.jpg,7,neutral,test,neutral,/gpfs0/bgu-vilenchi/users/sdolev/Thesis/VLMs/data/raf-db/aligned/test_2447_aligned.jpg
test_2448,data/raf-db/aligned/test_2448_aligned.jpg,7,neutral,test,neutral,/gpfs0/bgu-vilenchi/users/sdolev/Thesis/VLMs/data/raf-db/aligned/test_2448_aligned.jpg
test_2449,data/raf-db/aligned/test_2449_aligned.jpg,7,neutral,test,neutral,/gpfs0/bgu-vilenchi/users/sdolev/Thesis/VLMs/data/raf-db/aligned/test_2449_aligned.jpg
test_2450,data/raf-db/aligned/test_2450_aligned.jpg,7,neutral,test,neutral,/gpfs0/bgu-vilenchi/users/sdolev/Thesis/VLMs/data/raf-db/aligned/test_2450_aligned.jpg
test_2451,data/raf-db/aligned/test_2451_aligned.jpg,7,neutral,test,neutral,/gpfs0/bgu-vilenchi/users/sdolev/Thesis/VLMs/data/raf-db/aligned/test_2451_aligned.jpg
test_2452,data/raf-db/aligned/test_2452_aligned.jpg,7,neutral,test,neutral,/gpfs0/bgu-vilenchi/users/sdolev/Thesis/VLMs/data/raf-db/aligned/test_2452_aligned.jpg
test_2453,data/raf-db/aligned/test_2453_aligned.jpg,7,neutral,test,neutral,/gpfs0/bgu-vilenchi/users/sdolev/Thesis/VLMs/data/raf-db/aligned/test_2453_aligned.jpg
test_2454,data/raf-db/aligned/test_2454_aligned.jpg,7,neutral,test,neutral,/gpfs0/bgu-vilenchi/users/sdolev/Thesis/VLMs/data/raf-db/aligned/test_2454_aligned.jpg
test_2455,data/raf-db/aligned/test_2455_aligned.jpg,7,neutral,test,neutral,/gpfs0/bgu-vilenchi/users/sdolev/Thesis/VLMs/data/raf-db/aligned/test_2455_aligned.jpg
test_2456,data/raf-db/aligned/test_2456_aligned.jpg,7,neutral,test,neutral,/gpfs0/bgu-vilenchi/users/sdolev/Thesis/VLMs/data/raf-db/aligned/test_2456_aligned.jpg
test_2457,data/raf-db/aligned/test_2457_aligned.jpg,7,neutral,test,neutral,/gpfs0/bgu-vilenchi/users/sdolev/Thesis/VLMs/data/raf-db/aligned/test_2457_aligned.jpg
test_2458,data/raf-db/aligned/test_2458_aligned.jpg,7,neutral,test,happy,/gpfs0/bgu-vilenchi/users/sdolev/Thesis/VLMs/data/raf-db/aligned/test_2458_aligned.jpg
test_2459,data/raf-db/aligned/test_2459_aligned.jpg,7,neutral,test,neutral,/gpfs0/bgu-vilenchi/users/sdolev/Thesis/VLMs/data/raf-db/aligned/test_2459_aligned.jpg
test_2460,data/raf-db/aligned/test_2460_aligned.jpg,7,neutral,test,neutral,/gpfs0/bgu-vilenchi/users/sdolev/Thesis/VLMs/data/raf-db/aligned/test_2460_aligned.jpg
test_2461,data/raf-db/aligned/test_2461_aligned.jpg,7,neutral,test,neutral,/gpfs0/bgu-vilenchi/users/sdolev/Thesis/VLMs/data/raf-db/aligned/test_2461_aligned.jpg
test_2462,data/raf-db/aligned/test_2462_aligned.jpg,7,neutral,test,neutral,/gpfs0/bgu-vilenchi/users/sdolev/Thesis/VLMs/data/raf-db/aligned/test_2462_aligned.jpg
test_2463,data/raf-db/aligned/test_2463_aligned.jpg,7,neutral,test,neutral,/gpfs0/bgu-vilenchi/users/sdolev/Thesis/VLMs/data/raf-db/aligned/test_2463_aligned.jpg
test_2464,data/raf-db/aligned/test_2464_aligned.jpg,7,neutral,test,neutral,/gpfs0/bgu-vilenchi/users/sdolev/Thesis/VLMs/data/raf-db/aligned/test_2464_aligned.jpg
test_2465,data/raf-db/aligned/test_2465_aligned.jpg,7,neutral,test,neutral,/gpfs0/bgu-vilenchi/users/sdolev/Thesis/VLMs/data/raf-db/aligned/test_2465_aligned.jpg
test_2466,data/raf-db/aligned/test_2466_aligned.jpg,7,neutral,test,neutral,/gpfs0/bgu-vilenchi/users/sdolev/Thesis/VLMs/data/raf-db/aligned/test_2466_aligned.jpg
test_2467,data/raf-db/aligned/test_2467_aligned.jpg,7,neutral,test,neutral,/gpfs0/bgu-vilenchi/users/sdolev/Thesis/VLMs/data/raf-db/aligned/test_2467_aligned.jpg
test_2468,data/raf-db/aligned/test_2468_aligned.jpg,7,neutral,test,neutral,/gpfs0/bgu-vilenchi/users/sdolev/Thesis/VLMs/data/raf-db/aligned/test_2468_aligned.jpg
test_2469,data/raf-db/aligned/test_2469_aligned.jpg,7,neutral,test,neutral,/gpfs0/bgu-vilenchi/users/sdolev/Thesis/VLMs/data/raf-db/aligned/test_2469_aligned.jpg
test_2470,data/raf-db/aligned/test_2470_aligned.jpg,7,neutral,test,neutral,/gpfs0/bgu-vilenchi/users/sdolev/Thesis/VLMs/data/raf-db/aligned/test_2470_aligned.jpg
test_2471,data/raf-db/aligned/test_2471_aligned.jpg,7,neutral,test,neutral,/gpfs0/bgu-vilenchi/users/sdolev/Thesis/VLMs/data/raf-db/aligned/test_2471_aligned.jpg
test_2472,data/raf-db/aligned/test_2472_aligned.jpg,7,neutral,test,neutral,/gpfs0/bgu-vilenchi/users/sdolev/Thesis/VLMs/data/raf-db/aligned/test_2472_aligned.jpg
test_2473,data/raf-db/aligned/test_2473_aligned.jpg,7,neutral,test,neutral,/gpfs0/bgu-vilenchi/users/sdolev/Thesis/VLMs/data/raf-db/aligned/test_2473_aligned.jpg
test_2474,data/raf-db/aligned/test_2474_aligned.jpg,7,neutral,test,neutral,/gpfs0/bgu-vilenchi/users/sdolev/Thesis/VLMs/data/raf-db/aligned/test_2474_aligned.jpg
test_2475,data/raf-db/aligned/test_2475_aligned.jpg,7,neutral,test,neutral,/gpfs0/bgu-vilenchi/users/sdolev/Thesis/VLMs/data/raf-db/aligned/test_2475_aligned.jpg
test_2476,data/raf-db/aligned/test_2476_aligned.jpg,7,neutral,test,neutral,/gpfs0/bgu-vilenchi/users/sdolev/Thesis/VLMs/data/raf-db/aligned/test_2476_aligned.jpg
test_2477,data/raf-db/aligned/test_2477_aligned.jpg,7,neutral,test,neutral,/gpfs0/bgu-vilenchi/users/sdolev/Thesis/VLMs/data/raf-db/aligned/test_2477_aligned.jpg
test_2478,data/raf-db/aligned/test_2478_aligned.jpg,7,neutral,test,neutral,/gpfs0/bgu-vilenchi/users/sdolev/Thesis/VLMs/data/raf-db/aligned/test_2478_aligned.jpg
test_2479,data/raf-db/aligned/test_2479_aligned.jpg,7,neutral,test,neutral,/gpfs0/bgu-vilenchi/users/sdolev/Thesis/VLMs/data/raf-db/aligned/test_2479_aligned.jpg
test_2480,data/raf-db/aligned/test_2480_aligned.jpg,7,neutral,test,neutral,/gpfs0/bgu-vilenchi/users/sdolev/Thesis/VLMs/data/raf-db/aligned/test_2480_aligned.jpg
test_2481,data/raf-db/aligned/test_2481_aligned.jpg,7,neutral,test,neutral,/gpfs0/bgu-vilenchi/users/sdolev/Thesis/VLMs/data/raf-db/aligned/test_2481_aligned.jpg
test_2482,data/raf-db/aligned/test_2482_aligned.jpg,7,neutral,test,neutral,/gpfs0/bgu-vilenchi/users/sdolev/Thesis/VLMs/data/raf-db/aligned/test_2482_aligned.jpg
test_2483,data/raf-db/aligned/test_2483_aligned.jpg,7,neutral,test,neutral,/gpfs0/bgu-vilenchi/users/sdolev/Thesis/VLMs/data/raf-db/aligned/test_2483_aligned.jpg
test_2484,data/raf-db/aligned/test_2484_aligned.jpg,7,neutral,test,neutral,/gpfs0/bgu-vilenchi/users/sdolev/Thesis/VLMs/data/raf-db/aligned/test_2484_aligned.jpg
test_2485,data/raf-db/aligned/test_2485_aligned.jpg,7,neutral,test,neutral,/gpfs0/bgu-vilenchi/users/sdolev/Thesis/VLMs/data/raf-db/aligned/test_2485_aligned.jpg
test_2486,data/raf-db/aligned/test_2486_aligned.jpg,7,neutral,test,neutral,/gpfs0/bgu-vilenchi/users/sdolev/Thesis/VLMs/data/raf-db/aligned/test_2486_aligned.jpg
test_2487,data/raf-db/aligned/test_2487_aligned.jpg,7,neutral,test,neutral,/gpfs0/bgu-vilenchi/users/sdolev/Thesis/VLMs/data/raf-db/aligned/test_2487_aligned.jpg
test_2488,data/raf-db/aligned/test_2488_aligned.jpg,7,neutral,test,neutral,/gpfs0/bgu-vilenchi/users/sdolev/Thesis/VLMs/data/raf-db/aligned/test_2488_aligned.jpg
test_2489,data/raf-db/aligned/test_2489_aligned.jpg,7,neutral,test,neutral,/gpfs0/bgu-vilenchi/users/sdolev/Thesis/VLMs/data/raf-db/aligned/test_2489_aligned.jpg
test_2490,data/raf-db/aligned/test_2490_aligned.jpg,7,neutral,test,neutral,/gpfs0/bgu-vilenchi/users/sdolev/Thesis/VLMs/data/raf-db/aligned/test_2490_aligned.jpg
test_2491,data/raf-db/aligned/test_2491_aligned.jpg,7,neutral,test,neutral,/gpfs0/bgu-vilenchi/users/sdolev/Thesis/VLMs/data/raf-db/aligned/test_2491_aligned.jpg
test_2492,data/raf-db/aligned/test_2492_aligned.jpg,7,neutral,test,neutral,/gpfs0/bgu-vilenchi/users/sdolev/Thesis/VLMs/data/raf-db/aligned/test_2492_aligned.jpg
test_2493,data/raf-db/aligned/test_2493_aligned.jpg,7,neutral,test,neutral,/gpfs0/bgu-vilenchi/users/sdolev/Thesis/VLMs/data/raf-db/aligned/test_2493_aligned.jpg
test_2494,data/raf-db/aligned/test_2494_aligned.jpg,7,neutral,test,neutral,/gpfs0/bgu-vilenchi/users/sdolev/Thesis/VLMs/data/raf-db/aligned/test_2494_aligned.jpg
test_2495,data/raf-db/aligned/test_2495_aligned.jpg,7,neutral,test,neutral,/gpfs0/bgu-vilenchi/users/sdolev/Thesis/VLMs/data/raf-db/aligned/test_2495_aligned.jpg
test_2496,data/raf-db/aligned/test_2496_aligned.jpg,7,neutral,test,neutral,/gpfs0/bgu-vilenchi/users/sdolev/Thesis/VLMs/data/raf-db/aligned/test_2496_aligned.jpg
test_2497,data/raf-db/aligned/test_2497_aligned.jpg,7,neutral,test,neutral,/gpfs0/bgu-vilenchi/users/sdolev/Thesis/VLMs/data/raf-db/aligned/test_2497_aligned.jpg
test_2498,data/raf-db/aligned/test_2498_aligned.jpg,7,neutral,test,neutral,/gpfs0/bgu-vilenchi/users/sdolev/Thesis/VLMs/data/raf-db/aligned/test_2498_aligned.jpg
test_2499,data/raf-db/aligned/test_2499_aligned.jpg,7,neutral,test,neutral,/gpfs0/bgu-vilenchi/users/sdolev/Thesis/VLMs/data/raf-db/aligned/test_2499_aligned.jpg
test_2500,data/raf-db/aligned/test_2500_aligned.jpg,7,neutral,test,neutral,/gpfs0/bgu-vilenchi/users/sdolev/Thesis/VLMs/data/raf-db/aligned/test_2500_aligned.jpg
test_2501,data/raf-db/aligned/test_2501_aligned.jpg,7,neutral,test,neutral,/gpfs0/bgu-vilenchi/users/sdolev/Thesis/VLMs/data/raf-db/aligned/test_2501_aligned.jpg
test_2502,data/raf-db/aligned/test_2502_aligned.jpg,7,neutral,test,neutral,/gpfs0/bgu-vilenchi/users/sdolev/Thesis/VLMs/data/raf-db/aligned/test_2502_aligned.jpg
test_2503,data/raf-db/aligned/test_2503_aligned.jpg,7,neutral,test,neutral,/gpfs0/bgu-vilenchi/users/sdolev/Thesis/VLMs/data/raf-db/aligned/test_2503_aligned.jpg
test_2504,data/raf-db/aligned/test_2504_aligned.jpg,7,neutral,test,neutral,/gpfs0/bgu-vilenchi/users/sdolev/Thesis/VLMs/data/raf-db/aligned/test_2504_aligned.jpg
test_2505,data/raf-db/aligned/test_2505_aligned.jpg,7,neutral,test,neutral,/gpfs0/bgu-vilenchi/users/sdolev/Thesis/VLMs/data/raf-db/aligned/test_2505_aligned.jpg
test_2506,data/raf-db/aligned/test_2506_aligned.jpg,7,neutral,test,neutral,/gpfs0/bgu-vilenchi/users/sdolev/Thesis/VLMs/data/raf-db/aligned/test_2506_aligned.jpg
test_2507,data/raf-db/aligned/test_2507_aligned.jpg,7,neutral,test,neutral,/gpfs0/bgu-vilenchi/users/sdolev/Thesis/VLMs/data/raf-db/aligned/test_2507_aligned.jpg
test_2508,data/raf-db/aligned/test_2508_aligned.jpg,7,neutral,test,surprise,/gpfs0/bgu-vilenchi/users/sdolev/Thesis/VLMs/data/raf-db/aligned/test_2508_aligned.jpg
test_2509,data/raf-db/aligned/test_2509_aligned.jpg,7,neutral,test,neutral,/gpfs0/bgu-vilenchi/users/sdolev/Thesis/VLMs/data/raf-db/aligned/test_2509_aligned.jpg
test_2510,data/raf-db/aligned/test_2510_aligned.jpg,7,neutral,test,neutral,/gpfs0/bgu-vilenchi/users/sdolev/Thesis/VLMs/data/raf-db/aligned/test_2510_aligned.jpg
test_2511,data/raf-db/aligned/test_2511_aligned.jpg,7,neutral,test,neutral,/gpfs0/bgu-vilenchi/users/sdolev/Thesis/VLMs/data/raf-db/aligned/test_2511_aligned.jpg
test_2512,data/raf-db/aligned/test_2512_aligned.jpg,7,neutral,test,neutral,/gpfs0/bgu-vilenchi/users/sdolev/Thesis/VLMs/data/raf-db/aligned/test_2512_aligned.jpg
test_2513,data/raf-db/aligned/test_2513_aligned.jpg,7,neutral,test,neutral,/gpfs0/bgu-vilenchi/users/sdolev/Thesis/VLMs/data/raf-db/aligned/test_2513_aligned.jpg
test_2514,data/raf-db/aligned/test_2514_aligned.jpg,7,neutral,test,sad,/gpfs0/bgu-vilenchi/users/sdolev/Thesis/VLMs/data/raf-db/aligned/test_2514_aligned.jpg
test_2515,data/raf-db/aligned/test_2515_aligned.jpg,7,neutral,test,neutral,/gpfs0/bgu-vilenchi/users/sdolev/Thesis/VLMs/data/raf-db/aligned/test_2515_aligned.jpg
test_2516,data/raf-db/aligned/test_2516_aligned.jpg,7,neutral,test,surprise,/gpfs0/bgu-vilenchi/users/sdolev/Thesis/VLMs/data/raf-db/aligned/test_2516_aligned.jpg
test_2517,data/raf-db/aligned/test_2517_aligned.jpg,7,neutral,test,neutral,/gpfs0/bgu-vilenchi/users/sdolev/Thesis/VLMs/data/raf-db/aligned/test_2517_aligned.jpg
test_2518,data/raf-db/aligned/test_2518_aligned.jpg,7,neutral,test,neutral,/gpfs0/bgu-vilenchi/users/sdolev/Thesis/VLMs/data/raf-db/aligned/test_2518_aligned.jpg
test_2519,data/raf-db/aligned/test_2519_aligned.jpg,7,neutral,test,neutral,/gpfs0/bgu-vilenchi/users/sdolev/Thesis/VLMs/data/raf-db/aligned/test_2519_aligned.jpg
test_2520,data/raf-db/aligned/test_2520_aligned.jpg,7,neutral,test,neutral,/gpfs0/bgu-vilenchi/users/sdolev/Thesis/VLMs/data/raf-db/aligned/test_2520_aligned.jpg
test_2521,data/raf-db/aligned/test_2521_aligned.jpg,7,neutral,test,neutral,/gpfs0/bgu-vilenchi/users/sdolev/Thesis/VLMs/data/raf-db/aligned/test_2521_aligned.jpg
test_2522,data/raf-db/aligned/test_2522_aligned.jpg,7,neutral,test,neutral,/gpfs0/bgu-vilenchi/users/sdolev/Thesis/VLMs/data/raf-db/aligned/test_2522_aligned.jpg
test_2523,data/raf-db/aligned/test_2523_aligned.jpg,7,neutral,test,neutral,/gpfs0/bgu-vilenchi/users/sdolev/Thesis/VLMs/data/raf-db/aligned/test_2523_aligned.jpg
test_2524,data/raf-db/aligned/test_2524_aligned.jpg,7,neutral,test,happy,/gpfs0/bgu-vilenchi/users/sdolev/Thesis/VLMs/data/raf-db/aligned/test_2524_aligned.jpg
test_2525,data/raf-db/aligned/test_2525_aligned.jpg,7,neutral,test,neutral,/gpfs0/bgu-vilenchi/users/sdolev/Thesis/VLMs/data/raf-db/aligned/test_2525_aligned.jpg
test_2526,data/raf-db/aligned/test_2526_aligned.jpg,7,neutral,test,neutral,/gpfs0/bgu-vilenchi/users/sdolev/Thesis/VLMs/data/raf-db/aligned/test_2526_aligned.jpg
test_2527,data/raf-db/aligned/test_2527_aligned.jpg,7,neutral,test,neutral,/gpfs0/bgu-vilenchi/users/sdolev/Thesis/VLMs/data/raf-db/aligned/test_2527_aligned.jpg
test_2528,data/raf-db/aligned/test_2528_aligned.jpg,7,neutral,test,neutral,/gpfs0/bgu-vilenchi/users/sdolev/Thesis/VLMs/data/raf-db/aligned/test_2528_aligned.jpg
test_2529,data/raf-db/aligned/test_2529_aligned.jpg,7,neutral,test,neutral,/gpfs0/bgu-vilenchi/users/sdolev/Thesis/VLMs/data/raf-db/aligned/test_2529_aligned.jpg
test_2530,data/raf-db/aligned/test_2530_aligned.jpg,7,neutral,test,neutral,/gpfs0/bgu-vilenchi/users/sdolev/Thesis/VLMs/data/raf-db/aligned/test_2530_aligned.jpg
test_2531,data/raf-db/aligned/test_2531_aligned.jpg,7,neutral,test,neutral,/gpfs0/bgu-vilenchi/users/sdolev/Thesis/VLMs/data/raf-db/aligned/test_2531_aligned.jpg
test_2532,data/raf-db/aligned/test_2532_aligned.jpg,7,neutral,test,neutral,/gpfs0/bgu-vilenchi/users/sdolev/Thesis/VLMs/data/raf-db/aligned/test_2532_aligned.jpg
test_2533,data/raf-db/aligned/test_2533_aligned.jpg,7,neutral,test,neutral,/gpfs0/bgu-vilenchi/users/sdolev/Thesis/VLMs/data/raf-db/aligned/test_2533_aligned.jpg
test_2534,data/raf-db/aligned/test_2534_aligned.jpg,7,neutral,test,neutral,/gpfs0/bgu-vilenchi/users/sdolev/Thesis/VLMs/data/raf-db/aligned/test_2534_aligned.jpg
test_2535,data/raf-db/aligned/test_2535_aligned.jpg,7,neutral,test,neutral,/gpfs0/bgu-vilenchi/users/sdolev/Thesis/VLMs/data/raf-db/aligned/test_2535_aligned.jpg
test_2536,data/raf-db/aligned/test_2536_aligned.jpg,7,neutral,test,neutral,/gpfs0/bgu-vilenchi/users/sdolev/Thesis/VLMs/data/raf-db/aligned/test_2536_aligned.jpg
test_2537,data/raf-db/aligned/test_2537_aligned.jpg,7,neutral,test,neutral,/gpfs0/bgu-vilenchi/users/sdolev/Thesis/VLMs/data/raf-db/aligned/test_2537_aligned.jpg
test_2538,data/raf-db/aligned/test_2538_aligned.jpg,7,neutral,test,neutral,/gpfs0/bgu-vilenchi/users/sdolev/Thesis/VLMs/data/raf-db/aligned/test_2538_aligned.jpg
test_2539,data/raf-db/aligned/test_2539_aligned.jpg,7,neutral,test,neutral,/gpfs0/bgu-vilenchi/users/sdolev/Thesis/VLMs/data/raf-db/aligned/test_2539_aligned.jpg
test_2540,data/raf-db/aligned/test_2540_aligned.jpg,7,neutral,test,neutral,/gpfs0/bgu-vilenchi/users/sdolev/Thesis/VLMs/data/raf-db/aligned/test_2540_aligned.jpg
test_2541,data/raf-db/aligned/test_2541_aligned.jpg,7,neutral,test,neutral,/gpfs0/bgu-vilenchi/users/sdolev/Thesis/VLMs/data/raf-db/aligned/test_2541_aligned.jpg
test_2542,data/raf-db/aligned/test_2542_aligned.jpg,7,neutral,test,neutral,/gpfs0/bgu-vilenchi/users/sdolev/Thesis/VLMs/data/raf-db/aligned/test_2542_aligned.jpg
test_2543,data/raf-db/aligned/test_2543_aligned.jpg,7,neutral,test,neutral,/gpfs0/bgu-vilenchi/users/sdolev/Thesis/VLMs/data/raf-db/aligned/test_2543_aligned.jpg
test_2544,data/raf-db/aligned/test_2544_aligned.jpg,7,neutral,test,neutral,/gpfs0/bgu-vilenchi/users/sdolev/Thesis/VLMs/data/raf-db/aligned/test_2544_aligned.jpg
test_2545,data/raf-db/aligned/test_2545_aligned.jpg,7,neutral,test,sad,/gpfs0/bgu-vilenchi/users/sdolev/Thesis/VLMs/data/raf-db/aligned/test_2545_aligned.jpg
test_2546,data/raf-db/aligned/test_2546_aligned.jpg,7,neutral,test,neutral,/gpfs0/bgu-vilenchi/users/sdolev/Thesis/VLMs/data/raf-db/aligned/test_2546_aligned.jpg
test_2547,data/raf-db/aligned/test_2547_aligned.jpg,7,neutral,test,neutral,/gpfs0/bgu-vilenchi/users/sdolev/Thesis/VLMs/data/raf-db/aligned/test_2547_aligned.jpg
test_2548,data/raf-db/aligned/test_2548_aligned.jpg,7,neutral,test,neutral,/gpfs0/bgu-vilenchi/users/sdolev/Thesis/VLMs/data/raf-db/aligned/test_2548_aligned.jpg
test_2549,data/raf-db/aligned/test_2549_aligned.jpg,7,neutral,test,neutral,/gpfs0/bgu-vilenchi/users/sdolev/Thesis/VLMs/data/raf-db/aligned/test_2549_aligned.jpg
test_2550,data/raf-db/aligned/test_2550_aligned.jpg,7,neutral,test,neutral,/gpfs0/bgu-vilenchi/users/sdolev/Thesis/VLMs/data/raf-db/aligned/test_2550_aligned.jpg
test_2551,data/raf-db/aligned/test_2551_aligned.jpg,7,neutral,test,neutral,/gpfs0/bgu-vilenchi/users/sdolev/Thesis/VLMs/data/raf-db/aligned/test_2551_aligned.jpg
test_2552,data/raf-db/aligned/test_2552_aligned.jpg,7,neutral,test,neutral,/gpfs0/bgu-vilenchi/users/sdolev/Thesis/VLMs/data/raf-db/aligned/test_2552_aligned.jpg
test_2553,data/raf-db/aligned/test_2553_aligned.jpg,7,neutral,test,neutral,/gpfs0/bgu-vilenchi/users/sdolev/Thesis/VLMs/data/raf-db/aligned/test_2553_aligned.jpg
test_2554,data/raf-db/aligned/test_2554_aligned.jpg,7,neutral,test,neutral,/gpfs0/bgu-vilenchi/users/sdolev/Thesis/VLMs/data/raf-db/aligned/test_2554_aligned.jpg
test_2555,data/raf-db/aligned/test_2555_aligned.jpg,7,neutral,test,neutral,/gpfs0/bgu-vilenchi/users/sdolev/Thesis/VLMs/data/raf-db/aligned/test_2555_aligned.jpg
test_2556,data/raf-db/aligned/test_2556_aligned.jpg,7,neutral,test,neutral,/gpfs0/bgu-vilenchi/users/sdolev/Thesis/VLMs/data/raf-db/aligned/test_2556_aligned.jpg
test_2557,data/raf-db/aligned/test_2557_aligned.jpg,7,neutral,test,neutral,/gpfs0/bgu-vilenchi/users/sdolev/Thesis/VLMs/data/raf-db/aligned/test_2557_aligned.jpg
test_2558,data/raf-db/aligned/test_2558_aligned.jpg,7,neutral,test,neutral,/gpfs0/bgu-vilenchi/users/sdolev/Thesis/VLMs/data/raf-db/aligned/test_2558_aligned.jpg
test_2559,data/raf-db/aligned/test_2559_aligned.jpg,7,neutral,test,neutral,/gpfs0/bgu-vilenchi/users/sdolev/Thesis/VLMs/data/raf-db/aligned/test_2559_aligned.jpg
test_2560,data/raf-db/aligned/test_2560_aligned.jpg,7,neutral,test,sad,/gpfs0/bgu-vilenchi/users/sdolev/Thesis/VLMs/data/raf-db/aligned/test_2560_aligned.jpg
test_2561,data/raf-db/aligned/test_2561_aligned.jpg,7,neutral,test,neutral,/gpfs0/bgu-vilenchi/users/sdolev/Thesis/VLMs/data/raf-db/aligned/test_2561_aligned.jpg
test_2562,data/raf-db/aligned/test_2562_aligned.jpg,7,neutral,test,neutral,/gpfs0/bgu-vilenchi/users/sdolev/Thesis/VLMs/data/raf-db/aligned/test_2562_aligned.jpg
test_2563,data/raf-db/aligned/test_2563_aligned.jpg,7,neutral,test,neutral,/gpfs0/bgu-vilenchi/users/sdolev/Thesis/VLMs/data/raf-db/aligned/test_2563_aligned.jpg
test_2564,data/raf-db/aligned/test_2564_aligned.jpg,7,neutral,test,neutral,/gpfs0/bgu-vilenchi/users/sdolev/Thesis/VLMs/data/raf-db/aligned/test_2564_aligned.jpg
test_2565,data/raf-db/aligned/test_2565_aligned.jpg,7,neutral,test,neutral,/gpfs0/bgu-vilenchi/users/sdolev/Thesis/VLMs/data/raf-db/aligned/test_2565_aligned.jpg
test_2566,data/raf-db/aligned/test_2566_aligned.jpg,7,neutral,test,neutral,/gpfs0/bgu-vilenchi/users/sdolev/Thesis/VLMs/data/raf-db/aligned/test_2566_aligned.jpg
test_2567,data/raf-db/aligned/test_2567_aligned.jpg,7,neutral,test,neutral,/gpfs0/bgu-vilenchi/users/sdolev/Thesis/VLMs/data/raf-db/aligned/test_2567_aligned.jpg
test_2568,data/raf-db/aligned/test_2568_aligned.jpg,7,neutral,test,neutral,/gpfs0/bgu-vilenchi/users/sdolev/Thesis/VLMs/data/raf-db/aligned/test_2568_aligned.jpg
test_2569,data/raf-db/aligned/test_2569_aligned.jpg,7,neutral,test,neutral,/gpfs0/bgu-vilenchi/users/sdolev/Thesis/VLMs/data/raf-db/aligned/test_2569_aligned.jpg
test_2570,data/raf-db/aligned/test_2570_aligned.jpg,7,neutral,test,neutral,/gpfs0/bgu-vilenchi/users/sdolev/Thesis/VLMs/data/raf-db/aligned/test_2570_aligned.jpg
test_2571,data/raf-db/aligned/test_2571_aligned.jpg,7,neutral,test,neutral,/gpfs0/bgu-vilenchi/users/sdolev/Thesis/VLMs/data/raf-db/aligned/test_2571_aligned.jpg
test_2572,data/raf-db/aligned/test_2572_aligned.jpg,7,neutral,test,neutral,/gpfs0/bgu-vilenchi/users/sdolev/Thesis/VLMs/data/raf-db/aligned/test_2572_aligned.jpg
test_2573,data/raf-db/aligned/test_2573_aligned.jpg,7,neutral,test,neutral,/gpfs0/bgu-vilenchi/users/sdolev/Thesis/VLMs/data/raf-db/aligned/test_2573_aligned.jpg
test_2574,data/raf-db/aligned/test_2574_aligned.jpg,7,neutral,test,neutral,/gpfs0/bgu-vilenchi/users/sdolev/Thesis/VLMs/data/raf-db/aligned/test_2574_aligned.jpg
test_2575,data/raf-db/aligned/test_2575_aligned.jpg,7,neutral,test,neutral,/gpfs0/bgu-vilenchi/users/sdolev/Thesis/VLMs/data/raf-db/aligned/test_2575_aligned.jpg
test_2576,data/raf-db/aligned/test_2576_aligned.jpg,7,neutral,test,neutral,/gpfs0/bgu-vilenchi/users/sdolev/Thesis/VLMs/data/raf-db/aligned/test_2576_aligned.jpg
test_2577,data/raf-db/aligned/test_2577_aligned.jpg,7,neutral,test,neutral,/gpfs0/bgu-vilenchi/users/sdolev/Thesis/VLMs/data/raf-db/aligned/test_2577_aligned.jpg
test_2578,data/raf-db/aligned/test_2578_aligned.jpg,7,neutral,test,neutral,/gpfs0/bgu-vilenchi/users/sdolev/Thesis/VLMs/data/raf-db/aligned/test_2578_aligned.jpg
test_2579,data/raf-db/aligned/test_2579_aligned.jpg,7,neutral,test,neutral,/gpfs0/bgu-vilenchi/users/sdolev/Thesis/VLMs/data/raf-db/aligned/test_2579_aligned.jpg
test_2580,data/raf-db/aligned/test_2580_aligned.jpg,7,neutral,test,neutral,/gpfs0/bgu-vilenchi/users/sdolev/Thesis/VLMs/data/raf-db/aligned/test_2580_aligned.jpg
test_2581,data/raf-db/aligned/test_2581_aligned.jpg,7,neutral,test,neutral,/gpfs0/bgu-vilenchi/users/sdolev/Thesis/VLMs/data/raf-db/aligned/test_2581_aligned.jpg
test_2582,data/raf-db/aligned/test_2582_aligned.jpg,7,neutral,test,neutral,/gpfs0/bgu-vilenchi/users/sdolev/Thesis/VLMs/data/raf-db/aligned/test_2582_aligned.jpg
test_2583,data/raf-db/aligned/test_2583_aligned.jpg,7,neutral,test,neutral,/gpfs0/bgu-vilenchi/users/sdolev/Thesis/VLMs/data/raf-db/aligned/test_2583_aligned.jpg
test_2584,data/raf-db/aligned/test_2584_aligned.jpg,7,neutral,test,neutral,/gpfs0/bgu-vilenchi/users/sdolev/Thesis/VLMs/data/raf-db/aligned/test_2584_aligned.jpg
test_2585,data/raf-db/aligned/test_2585_aligned.jpg,7,neutral,test,neutral,/gpfs0/bgu-vilenchi/users/sdolev/Thesis/VLMs/data/raf-db/aligned/test_2585_aligned.jpg
test_2586,data/raf-db/aligned/test_2586_aligned.jpg,7,neutral,test,neutral,/gpfs0/bgu-vilenchi/users/sdolev/Thesis/VLMs/data/raf-db/aligned/test_2586_aligned.jpg
test_2587,data/raf-db/aligned/test_2587_aligned.jpg,7,neutral,test,neutral,/gpfs0/bgu-vilenchi/users/sdolev/Thesis/VLMs/data/raf-db/aligned/test_2587_aligned.jpg
test_2588,data/raf-db/aligned/test_2588_aligned.jpg,7,neutral,test,neutral,/gpfs0/bgu-vilenchi/users/sdolev/Thesis/VLMs/data/raf-db/aligned/test_2588_aligned.jpg
test_2589,data/raf-db/aligned/test_2589_aligned.jpg,7,neutral,test,neutral,/gpfs0/bgu-vilenchi/users/sdolev/Thesis/VLMs/data/raf-db/aligned/test_2589_aligned.jpg
test_2590,data/raf-db/aligned/test_2590_aligned.jpg,7,neutral,test,neutral,/gpfs0/bgu-vilenchi/users/sdolev/Thesis/VLMs/data/raf-db/aligned/test_2590_aligned.jpg
test_2591,data/raf-db/aligned/test_2591_aligned.jpg,7,neutral,test,neutral,/gpfs0/bgu-vilenchi/users/sdolev/Thesis/VLMs/data/raf-db/aligned/test_2591_aligned.jpg
test_2592,data/raf-db/aligned/test_2592_aligned.jpg,7,neutral,test,neutral,/gpfs0/bgu-vilenchi/users/sdolev/Thesis/VLMs/data/raf-db/aligned/test_2592_aligned.jpg
test_2593,data/raf-db/aligned/test_2593_aligned.jpg,7,neutral,test,neutral,/gpfs0/bgu-vilenchi/users/sdolev/Thesis/VLMs/data/raf-db/aligned/test_2593_aligned.jpg
test_2594,data/raf-db/aligned/test_2594_aligned.jpg,7,neutral,test,neutral,/gpfs0/bgu-vilenchi/users/sdolev/Thesis/VLMs/data/raf-db/aligned/test_2594_aligned.jpg
test_2595,data/raf-db/aligned/test_2595_aligned.jpg,7,neutral,test,neutral,/gpfs0/bgu-vilenchi/users/sdolev/Thesis/VLMs/data/raf-db/aligned/test_2595_aligned.jpg
test_2596,data/raf-db/aligned/test_2596_aligned.jpg,7,neutral,test,neutral,/gpfs0/bgu-vilenchi/users/sdolev/Thesis/VLMs/data/raf-db/aligned/test_2596_aligned.jpg
test_2597,data/raf-db/aligned/test_2597_aligned.jpg,7,neutral,test,neutral,/gpfs0/bgu-vilenchi/users/sdolev/Thesis/VLMs/data/raf-db/aligned/test_2597_aligned.jpg
test_2598,data/raf-db/aligned/test_2598_aligned.jpg,7,neutral,test,neutral,/gpfs0/bgu-vilenchi/users/sdolev/Thesis/VLMs/data/raf-db/aligned/test_2598_aligned.jpg
test_2599,data/raf-db/aligned/test_2599_aligned.jpg,7,neutral,test,angry,/gpfs0/bgu-vilenchi/users/sdolev/Thesis/VLMs/data/raf-db/aligned/test_2599_aligned.jpg
test_2600,data/raf-db/aligned/test_2600_aligned.jpg,7,neutral,test,neutral,/gpfs0/bgu-vilenchi/users/sdolev/Thesis/VLMs/data/raf-db/aligned/test_2600_aligned.jpg
test_2601,data/raf-db/aligned/test_2601_aligned.jpg,7,neutral,test,neutral,/gpfs0/bgu-vilenchi/users/sdolev/Thesis/VLMs/data/raf-db/aligned/test_2601_aligned.jpg
test_2602,data/raf-db/aligned/test_2602_aligned.jpg,7,neutral,test,neutral,/gpfs0/bgu-vilenchi/users/sdolev/Thesis/VLMs/data/raf-db/aligned/test_2602_aligned.jpg
test_2603,data/raf-db/aligned/test_2603_aligned.jpg,7,neutral,test,neutral,/gpfs0/bgu-vilenchi/users/sdolev/Thesis/VLMs/data/raf-db/aligned/test_2603_aligned.jpg
test_2604,data/raf-db/aligned/test_2604_aligned.jpg,7,neutral,test,surprise,/gpfs0/bgu-vilenchi/users/sdolev/Thesis/VLMs/data/raf-db/aligned/test_2604_aligned.jpg
test_2605,data/raf-db/aligned/test_2605_aligned.jpg,7,neutral,test,neutral,/gpfs0/bgu-vilenchi/users/sdolev/Thesis/VLMs/data/raf-db/aligned/test_2605_aligned.jpg
test_2606,data/raf-db/aligned/test_2606_aligned.jpg,7,neutral,test,neutral,/gpfs0/bgu-vilenchi/users/sdolev/Thesis/VLMs/data/raf-db/aligned/test_2606_aligned.jpg
test_2607,data/raf-db/aligned/test_2607_aligned.jpg,7,neutral,test,neutral,/gpfs0/bgu-vilenchi/users/sdolev/Thesis/VLMs/data/raf-db/aligned/test_2607_aligned.jpg
test_2608,data/raf-db/aligned/test_2608_aligned.jpg,7,neutral,test,neutral,/gpfs0/bgu-vilenchi/users/sdolev/Thesis/VLMs/data/raf-db/aligned/test_2608_aligned.jpg
test_2609,data/raf-db/aligned/test_2609_aligned.jpg,7,neutral,test,neutral,/gpfs0/bgu-vilenchi/users/sdolev/Thesis/VLMs/data/raf-db/aligned/test_2609_aligned.jpg
test_2610,data/raf-db/aligned/test_2610_aligned.jpg,7,neutral,test,neutral,/gpfs0/bgu-vilenchi/users/sdolev/Thesis/VLMs/data/raf-db/aligned/test_2610_aligned.jpg
test_2611,data/raf-db/aligned/test_2611_aligned.jpg,7,neutral,test,neutral,/gpfs0/bgu-vilenchi/users/sdolev/Thesis/VLMs/data/raf-db/aligned/test_2611_aligned.jpg
test_2612,data/raf-db/aligned/test_2612_aligned.jpg,7,neutral,test,neutral,/gpfs0/bgu-vilenchi/users/sdolev/Thesis/VLMs/data/raf-db/aligned/test_2612_aligned.jpg
test_2613,data/raf-db/aligned/test_2613_aligned.jpg,7,neutral,test,neutral,/gpfs0/bgu-vilenchi/users/sdolev/Thesis/VLMs/data/raf-db/aligned/test_2613_aligned.jpg
test_2614,data/raf-db/aligned/test_2614_aligned.jpg,7,neutral,test,neutral,/gpfs0/bgu-vilenchi/users/sdolev/Thesis/VLMs/data/raf-db/aligned/test_2614_aligned.jpg
test_2615,data/raf-db/aligned/test_2615_aligned.jpg,7,neutral,test,neutral,/gpfs0/bgu-vilenchi/users/sdolev/Thesis/VLMs/data/raf-db/aligned/test_2615_aligned.jpg
test_2616,data/raf-db/aligned/test_2616_aligned.jpg,7,neutral,test,neutral,/gpfs0/bgu-vilenchi/users/sdolev/Thesis/VLMs/data/raf-db/aligned/test_2616_aligned.jpg
test_2617,data/raf-db/aligned/test_2617_aligned.jpg,7,neutral,test,happy,/gpfs0/bgu-vilenchi/users/sdolev/Thesis/VLMs/data/raf-db/aligned/test_2617_aligned.jpg
test_2618,data/raf-db/aligned/test_2618_aligned.jpg,7,neutral,test,neutral,/gpfs0/bgu-vilenchi/users/sdolev/Thesis/VLMs/data/raf-db/aligned/test_2618_aligned.jpg
test_2619,data/raf-db/aligned/test_2619_aligned.jpg,7,neutral,test,neutral,/gpfs0/bgu-vilenchi/users/sdolev/Thesis/VLMs/data/raf-db/aligned/test_2619_aligned.jpg
test_2620,data/raf-db/aligned/test_2620_aligned.jpg,7,neutral,test,neutral,/gpfs0/bgu-vilenchi/users/sdolev/Thesis/VLMs/data/raf-db/aligned/test_2620_aligned.jpg
test_2621,data/raf-db/aligned/test_2621_aligned.jpg,7,neutral,test,neutral,/gpfs0/bgu-vilenchi/users/sdolev/Thesis/VLMs/data/raf-db/aligned/test_2621_aligned.jpg
test_2622,data/raf-db/aligned/test_2622_aligned.jpg,7,neutral,test,neutral,/gpfs0/bgu-vilenchi/users/sdolev/Thesis/VLMs/data/raf-db/aligned/test_2622_aligned.jpg
test_2623,data/raf-db/aligned/test_2623_aligned.jpg,7,neutral,test,neutral,/gpfs0/bgu-vilenchi/users/sdolev/Thesis/VLMs/data/raf-db/aligned/test_2623_aligned.jpg
test_2624,data/raf-db/aligned/test_2624_aligned.jpg,7,neutral,test,neutral,/gpfs0/bgu-vilenchi/users/sdolev/Thesis/VLMs/data/raf-db/aligned/test_2624_aligned.jpg
test_2625,data/raf-db/aligned/test_2625_aligned.jpg,7,neutral,test,neutral,/gpfs0/bgu-vilenchi/users/sdolev/Thesis/VLMs/data/raf-db/aligned/test_2625_aligned.jpg
test_2626,data/raf-db/aligned/test_2626_aligned.jpg,7,neutral,test,neutral,/gpfs0/bgu-vilenchi/users/sdolev/Thesis/VLMs/data/raf-db/aligned/test_2626_aligned.jpg
test_2627,data/raf-db/aligned/test_2627_aligned.jpg,7,neutral,test,neutral,/gpfs0/bgu-vilenchi/users/sdolev/Thesis/VLMs/data/raf-db/aligned/test_2627_aligned.jpg
test_2628,data/raf-db/aligned/test_2628_aligned.jpg,7,neutral,test,neutral,/gpfs0/bgu-vilenchi/users/sdolev/Thesis/VLMs/data/raf-db/aligned/test_2628_aligned.jpg
test_2629,data/raf-db/aligned/test_2629_aligned.jpg,7,neutral,test,neutral,/gpfs0/bgu-vilenchi/users/sdolev/Thesis/VLMs/data/raf-db/aligned/test_2629_aligned.jpg
test_2630,data/raf-db/aligned/test_2630_aligned.jpg,7,neutral,test,neutral,/gpfs0/bgu-vilenchi/users/sdolev/Thesis/VLMs/data/raf-db/aligned/test_2630_aligned.jpg
test_2631,data/raf-db/aligned/test_2631_aligned.jpg,7,neutral,test,neutral,/gpfs0/bgu-vilenchi/users/sdolev/Thesis/VLMs/data/raf-db/aligned/test_2631_aligned.jpg
test_2632,data/raf-db/aligned/test_2632_aligned.jpg,7,neutral,test,neutral,/gpfs0/bgu-vilenchi/users/sdolev/Thesis/VLMs/data/raf-db/aligned/test_2632_aligned.jpg
test_2633,data/raf-db/aligned/test_2633_aligned.jpg,7,neutral,test,neutral,/gpfs0/bgu-vilenchi/users/sdolev/Thesis/VLMs/data/raf-db/aligned/test_2633_aligned.jpg
test_2634,data/raf-db/aligned/test_2634_aligned.jpg,7,neutral,test,neutral,/gpfs0/bgu-vilenchi/users/sdolev/Thesis/VLMs/data/raf-db/aligned/test_2634_aligned.jpg
test_2635,data/raf-db/aligned/test_2635_aligned.jpg,7,neutral,test,neutral,/gpfs0/bgu-vilenchi/users/sdolev/Thesis/VLMs/data/raf-db/aligned/test_2635_aligned.jpg
test_2636,data/raf-db/aligned/test_2636_aligned.jpg,7,neutral,test,neutral,/gpfs0/bgu-vilenchi/users/sdolev/Thesis/VLMs/data/raf-db/aligned/test_2636_aligned.jpg
test_2637,data/raf-db/aligned/test_2637_aligned.jpg,7,neutral,test,neutral,/gpfs0/bgu-vilenchi/users/sdolev/Thesis/VLMs/data/raf-db/aligned/test_2637_aligned.jpg
test_2638,data/raf-db/aligned/test_2638_aligned.jpg,7,neutral,test,neutral,/gpfs0/bgu-vilenchi/users/sdolev/Thesis/VLMs/data/raf-db/aligned/test_2638_aligned.jpg
test_2639,data/raf-db/aligned/test_2639_aligned.jpg,7,neutral,test,neutral,/gpfs0/bgu-vilenchi/users/sdolev/Thesis/VLMs/data/raf-db/aligned/test_2639_aligned.jpg
test_2640,data/raf-db/aligned/test_2640_aligned.jpg,7,neutral,test,neutral,/gpfs0/bgu-vilenchi/users/sdolev/Thesis/VLMs/data/raf-db/aligned/test_2640_aligned.jpg
test_2641,data/raf-db/aligned/test_2641_aligned.jpg,7,neutral,test,happy,/gpfs0/bgu-vilenchi/users/sdolev/Thesis/VLMs/data/raf-db/aligned/test_2641_aligned.jpg
test_2642,data/raf-db/aligned/test_2642_aligned.jpg,7,neutral,test,neutral,/gpfs0/bgu-vilenchi/users/sdolev/Thesis/VLMs/data/raf-db/aligned/test_2642_aligned.jpg
test_2643,data/raf-db/aligned/test_2643_aligned.jpg,7,neutral,test,neutral,/gpfs0/bgu-vilenchi/users/sdolev/Thesis/VLMs/data/raf-db/aligned/test_2643_aligned.jpg
test_2644,data/raf-db/aligned/test_2644_aligned.jpg,7,neutral,test,neutral,/gpfs0/bgu-vilenchi/users/sdolev/Thesis/VLMs/data/raf-db/aligned/test_2644_aligned.jpg
test_2645,data/raf-db/aligned/test_2645_aligned.jpg,7,neutral,test,neutral,/gpfs0/bgu-vilenchi/users/sdolev/Thesis/VLMs/data/raf-db/aligned/test_2645_aligned.jpg
test_2646,data/raf-db/aligned/test_2646_aligned.jpg,7,neutral,test,neutral,/gpfs0/bgu-vilenchi/users/sdolev/Thesis/VLMs/data/raf-db/aligned/test_2646_aligned.jpg
test_2647,data/raf-db/aligned/test_2647_aligned.jpg,7,neutral,test,neutral,/gpfs0/bgu-vilenchi/users/sdolev/Thesis/VLMs/data/raf-db/aligned/test_2647_aligned.jpg
test_2648,data/raf-db/aligned/test_2648_aligned.jpg,7,neutral,test,neutral,/gpfs0/bgu-vilenchi/users/sdolev/Thesis/VLMs/data/raf-db/aligned/test_2648_aligned.jpg
test_2649,data/raf-db/aligned/test_2649_aligned.jpg,7,neutral,test,neutral,/gpfs0/bgu-vilenchi/users/sdolev/Thesis/VLMs/data/raf-db/aligned/test_2649_aligned.jpg
test_2650,data/raf-db/aligned/test_2650_aligned.jpg,7,neutral,test,neutral,/gpfs0/bgu-vilenchi/users/sdolev/Thesis/VLMs/data/raf-db/aligned/test_2650_aligned.jpg
test_2651,data/raf-db/aligned/test_2651_aligned.jpg,7,neutral,test,neutral,/gpfs0/bgu-vilenchi/users/sdolev/Thesis/VLMs/data/raf-db/aligned/test_2651_aligned.jpg
test_2652,data/raf-db/aligned/test_2652_aligned.jpg,7,neutral,test,neutral,/gpfs0/bgu-vilenchi/users/sdolev/Thesis/VLMs/data/raf-db/aligned/test_2652_aligned.jpg
test_2653,data/raf-db/aligned/test_2653_aligned.jpg,7,neutral,test,neutral,/gpfs0/bgu-vilenchi/users/sdolev/Thesis/VLMs/data/raf-db/aligned/test_2653_aligned.jpg
test_2654,data/raf-db/aligned/test_2654_aligned.jpg,7,neutral,test,angry,/gpfs0/bgu-vilenchi/users/sdolev/Thesis/VLMs/data/raf-db/aligned/test_2654_aligned.jpg
test_2655,data/raf-db/aligned/test_2655_aligned.jpg,7,neutral,test,neutral,/gpfs0/bgu-vilenchi/users/sdolev/Thesis/VLMs/data/raf-db/aligned/test_2655_aligned.jpg
test_2656,data/raf-db/aligned/test_2656_aligned.jpg,7,neutral,test,neutral,/gpfs0/bgu-vilenchi/users/sdolev/Thesis/VLMs/data/raf-db/aligned/test_2656_aligned.jpg
test_2657,data/raf-db/aligned/test_2657_aligned.jpg,7,neutral,test,surprise,/gpfs0/bgu-vilenchi/users/sdolev/Thesis/VLMs/data/raf-db/aligned/test_2657_aligned.jpg
test_2658,data/raf-db/aligned/test_2658_aligned.jpg,7,neutral,test,neutral,/gpfs0/bgu-vilenchi/users/sdolev/Thesis/VLMs/data/raf-db/aligned/test_2658_aligned.jpg
test_2659,data/raf-db/aligned/test_2659_aligned.jpg,7,neutral,test,neutral,/gpfs0/bgu-vilenchi/users/sdolev/Thesis/VLMs/data/raf-db/aligned/test_2659_aligned.jpg
test_2660,data/raf-db/aligned/test_2660_aligned.jpg,7,neutral,test,neutral,/gpfs0/bgu-vilenchi/users/sdolev/Thesis/VLMs/data/raf-db/aligned/test_2660_aligned.jpg
test_2661,data/raf-db/aligned/test_2661_aligned.jpg,7,neutral,test,neutral,/gpfs0/bgu-vilenchi/users/sdolev/Thesis/VLMs/data/raf-db/aligned/test_2661_aligned.jpg
test_2662,data/raf-db/aligned/test_2662_aligned.jpg,7,neutral,test,neutral,/gpfs0/bgu-vilenchi/users/sdolev/Thesis/VLMs/data/raf-db/aligned/test_2662_aligned.jpg
test_2663,data/raf-db/aligned/test_2663_aligned.jpg,7,neutral,test,neutral,/gpfs0/bgu-vilenchi/users/sdolev/Thesis/VLMs/data/raf-db/aligned/test_2663_aligned.jpg
test_2664,data/raf-db/aligned/test_2664_aligned.jpg,7,neutral,test,neutral,/gpfs0/bgu-vilenchi/users/sdolev/Thesis/VLMs/data/raf-db/aligned/test_2664_aligned.jpg
test_2665,data/raf-db/aligned/test_2665_aligned.jpg,7,neutral,test,neutral,/gpfs0/bgu-vilenchi/users/sdolev/Thesis/VLMs/data/raf-db/aligned/test_2665_aligned.jpg
test_2666,data/raf-db/aligned/test_2666_aligned.jpg,7,neutral,test,neutral,/gpfs0/bgu-vilenchi/users/sdolev/Thesis/VLMs/data/raf-db/aligned/test_2666_aligned.jpg
test_2667,data/raf-db/aligned/test_2667_aligned.jpg,7,neutral,test,neutral,/gpfs0/bgu-vilenchi/users/sdolev/Thesis/VLMs/data/raf-db/aligned/test_2667_aligned.jpg
test_2668,data/raf-db/aligned/test_2668_aligned.jpg,7,neutral,test,neutral,/gpfs0/bgu-vilenchi/users/sdolev/Thesis/VLMs/data/raf-db/aligned/test_2668_aligned.jpg
test_2669,data/raf-db/aligned/test_2669_aligned.jpg,7,neutral,test,neutral,/gpfs0/bgu-vilenchi/users/sdolev/Thesis/VLMs/data/raf-db/aligned/test_2669_aligned.jpg
test_2670,data/raf-db/aligned/test_2670_aligned.jpg,7,neutral,test,neutral,/gpfs0/bgu-vilenchi/users/sdolev/Thesis/VLMs/data/raf-db/aligned/test_2670_aligned.jpg
test_2671,data/raf-db/aligned/test_2671_aligned.jpg,7,neutral,test,neutral,/gpfs0/bgu-vilenchi/users/sdolev/Thesis/VLMs/data/raf-db/aligned/test_2671_aligned.jpg
test_2672,data/raf-db/aligned/test_2672_aligned.jpg,7,neutral,test,sad,/gpfs0/bgu-vilenchi/users/sdolev/Thesis/VLMs/data/raf-db/aligned/test_2672_aligned.jpg
test_2673,data/raf-db/aligned/test_2673_aligned.jpg,7,neutral,test,neutral,/gpfs0/bgu-vilenchi/users/sdolev/Thesis/VLMs/data/raf-db/aligned/test_2673_aligned.jpg
test_2674,data/raf-db/aligned/test_2674_aligned.jpg,7,neutral,test,neutral,/gpfs0/bgu-vilenchi/users/sdolev/Thesis/VLMs/data/raf-db/aligned/test_2674_aligned.jpg
test_2675,data/raf-db/aligned/test_2675_aligned.jpg,7,neutral,test,neutral,/gpfs0/bgu-vilenchi/users/sdolev/Thesis/VLMs/data/raf-db/aligned/test_2675_aligned.jpg
test_2676,data/raf-db/aligned/test_2676_aligned.jpg,7,neutral,test,neutral,/gpfs0/bgu-vilenchi/users/sdolev/Thesis/VLMs/data/raf-db/aligned/test_2676_aligned.jpg
test_2677,data/raf-db/aligned/test_2677_aligned.jpg,7,neutral,test,neutral,/gpfs0/bgu-vilenchi/users/sdolev/Thesis/VLMs/data/raf-db/aligned/test_2677_aligned.jpg
test_2678,data/raf-db/aligned/test_2678_aligned.jpg,7,neutral,test,neutral,/gpfs0/bgu-vilenchi/users/sdolev/Thesis/VLMs/data/raf-db/aligned/test_2678_aligned.jpg
test_2679,data/raf-db/aligned/test_2679_aligned.jpg,7,neutral,test,neutral,/gpfs0/bgu-vilenchi/users/sdolev/Thesis/VLMs/data/raf-db/aligned/test_2679_aligned.jpg
test_2680,data/raf-db/aligned/test_2680_aligned.jpg,7,neutral,test,neutral,/gpfs0/bgu-vilenchi/users/sdolev/Thesis/VLMs/data/raf-db/aligned/test_2680_aligned.jpg
test_2681,data/raf-db/aligned/test_2681_aligned.jpg,7,neutral,test,neutral,/gpfs0/bgu-vilenchi/users/sdolev/Thesis/VLMs/data/raf-db/aligned/test_2681_aligned.jpg
test_2682,data/raf-db/aligned/test_2682_aligned.jpg,7,neutral,test,neutral,/gpfs0/bgu-vilenchi/users/sdolev/Thesis/VLMs/data/raf-db/aligned/test_2682_aligned.jpg
test_2683,data/raf-db/aligned/test_2683_aligned.jpg,7,neutral,test,neutral,/gpfs0/bgu-vilenchi/users/sdolev/Thesis/VLMs/data/raf-db/aligned/test_2683_aligned.jpg
test_2684,data/raf-db/aligned/test_2684_aligned.jpg,7,neutral,test,neutral,/gpfs0/bgu-vilenchi/users/sdolev/Thesis/VLMs/data/raf-db/aligned/test_2684_aligned.jpg
test_2685,data/raf-db/aligned/test_2685_aligned.jpg,7,neutral,test,neutral,/gpfs0/bgu-vilenchi/users/sdolev/Thesis/VLMs/data/raf-db/aligned/test_2685_aligned.jpg
test_2686,data/raf-db/aligned/test_2686_aligned.jpg,7,neutral,test,neutral,/gpfs0/bgu-vilenchi/users/sdolev/Thesis/VLMs/data/raf-db/aligned/test_2686_aligned.jpg
test_2687,data/raf-db/aligned/test_2687_aligned.jpg,7,neutral,test,sad,/gpfs0/bgu-vilenchi/users/sdolev/Thesis/VLMs/data/raf-db/aligned/test_2687_aligned.jpg
test_2688,data/raf-db/aligned/test_2688_aligned.jpg,7,neutral,test,neutral,/gpfs0/bgu-vilenchi/users/sdolev/Thesis/VLMs/data/raf-db/aligned/test_2688_aligned.jpg
test_2689,data/raf-db/aligned/test_2689_aligned.jpg,7,neutral,test,neutral,/gpfs0/bgu-vilenchi/users/sdolev/Thesis/VLMs/data/raf-db/aligned/test_2689_aligned.jpg
test_2690,data/raf-db/aligned/test_2690_aligned.jpg,7,neutral,test,neutral,/gpfs0/bgu-vilenchi/users/sdolev/Thesis/VLMs/data/raf-db/aligned/test_2690_aligned.jpg
test_2691,data/raf-db/aligned/test_2691_aligned.jpg,7,neutral,test,neutral,/gpfs0/bgu-vilenchi/users/sdolev/Thesis/VLMs/data/raf-db/aligned/test_2691_aligned.jpg
test_2692,data/raf-db/aligned/test_2692_aligned.jpg,7,neutral,test,neutral,/gpfs0/bgu-vilenchi/users/sdolev/Thesis/VLMs/data/raf-db/aligned/test_2692_aligned.jpg
test_2693,data/raf-db/aligned/test_2693_aligned.jpg,7,neutral,test,neutral,/gpfs0/bgu-vilenchi/users/sdolev/Thesis/VLMs/data/raf-db/aligned/test_2693_aligned.jpg
test_2694,data/raf-db/aligned/test_2694_aligned.jpg,7,neutral,test,neutral,/gpfs0/bgu-vilenchi/users/sdolev/Thesis/VLMs/data/raf-db/aligned/test_2694_aligned.jpg
test_2695,data/raf-db/aligned/test_2695_aligned.jpg,7,neutral,test,neutral,/gpfs0/bgu-vilenchi/users/sdolev/Thesis/VLMs/data/raf-db/aligned/test_2695_aligned.jpg
test_2696,data/raf-db/aligned/test_2696_aligned.jpg,7,neutral,test,neutral,/gpfs0/bgu-vilenchi/users/sdolev/Thesis/VLMs/data/raf-db/aligned/test_2696_aligned.jpg
test_2697,data/raf-db/aligned/test_2697_aligned.jpg,7,neutral,test,neutral,/gpfs0/bgu-vilenchi/users/sdolev/Thesis/VLMs/data/raf-db/aligned/test_2697_aligned.jpg
test_2698,data/raf-db/aligned/test_2698_aligned.jpg,7,neutral,test,neutral,/gpfs0/bgu-vilenchi/users/sdolev/Thesis/VLMs/data/raf-db/aligned/test_2698_aligned.jpg
test_2699,data/raf-db/aligned/test_2699_aligned.jpg,7,neutral,test,neutral,/gpfs0/bgu-vilenchi/users/sdolev/Thesis/VLMs/data/raf-db/aligned/test_2699_aligned.jpg
test_2700,data/raf-db/aligned/test_2700_aligned.jpg,7,neutral,test,neutral,/gpfs0/bgu-vilenchi/users/sdolev/Thesis/VLMs/data/raf-db/aligned/test_2700_aligned.jpg
test_2701,data/raf-db/aligned/test_2701_aligned.jpg,7,neutral,test,neutral,/gpfs0/bgu-vilenchi/users/sdolev/Thesis/VLMs/data/raf-db/aligned/test_2701_aligned.jpg
test_2702,data/raf-db/aligned/test_2702_aligned.jpg,7,neutral,test,neutral,/gpfs0/bgu-vilenchi/users/sdolev/Thesis/VLMs/data/raf-db/aligned/test_2702_aligned.jpg
test_2703,data/raf-db/aligned/test_2703_aligned.jpg,7,neutral,test,neutral,/gpfs0/bgu-vilenchi/users/sdolev/Thesis/VLMs/data/raf-db/aligned/test_2703_aligned.jpg
test_2704,data/raf-db/aligned/test_2704_aligned.jpg,7,neutral,test,neutral,/gpfs0/bgu-vilenchi/users/sdolev/Thesis/VLMs/data/raf-db/aligned/test_2704_aligned.jpg
test_2705,data/raf-db/aligned/test_2705_aligned.jpg,7,neutral,test,neutral,/gpfs0/bgu-vilenchi/users/sdolev/Thesis/VLMs/data/raf-db/aligned/test_2705_aligned.jpg
test_2706,data/raf-db/aligned/test_2706_aligned.jpg,7,neutral,test,neutral,/gpfs0/bgu-vilenchi/users/sdolev/Thesis/VLMs/data/raf-db/aligned/test_2706_aligned.jpg
test_2707,data/raf-db/aligned/test_2707_aligned.jpg,7,neutral,test,sad,/gpfs0/bgu-vilenchi/users/sdolev/Thesis/VLMs/data/raf-db/aligned/test_2707_aligned.jpg
test_2708,data/raf-db/aligned/test_2708_aligned.jpg,7,neutral,test,neutral,/gpfs0/bgu-vilenchi/users/sdolev/Thesis/VLMs/data/raf-db/aligned/test_2708_aligned.jpg
test_2709,data/raf-db/aligned/test_2709_aligned.jpg,7,neutral,test,neutral,/gpfs0/bgu-vilenchi/users/sdolev/Thesis/VLMs/data/raf-db/aligned/test_2709_aligned.jpg
test_2710,data/raf-db/aligned/test_2710_aligned.jpg,7,neutral,test,sad,/gpfs0/bgu-vilenchi/users/sdolev/Thesis/VLMs/data/raf-db/aligned/test_2710_aligned.jpg
test_2711,data/raf-db/aligned/test_2711_aligned.jpg,7,neutral,test,neutral,/gpfs0/bgu-vilenchi/users/sdolev/Thesis/VLMs/data/raf-db/aligned/test_2711_aligned.jpg
test_2712,data/raf-db/aligned/test_2712_aligned.jpg,7,neutral,test,neutral,/gpfs0/bgu-vilenchi/users/sdolev/Thesis/VLMs/data/raf-db/aligned/test_2712_aligned.jpg
test_2713,data/raf-db/aligned/test_2713_aligned.jpg,7,neutral,test,surprise,/gpfs0/bgu-vilenchi/users/sdolev/Thesis/VLMs/data/raf-db/aligned/test_2713_aligned.jpg
test_2714,data/raf-db/aligned/test_2714_aligned.jpg,7,neutral,test,neutral,/gpfs0/bgu-vilenchi/users/sdolev/Thesis/VLMs/data/raf-db/aligned/test_2714_aligned.jpg
test_2715,data/raf-db/aligned/test_2715_aligned.jpg,7,neutral,test,neutral,/gpfs0/bgu-vilenchi/users/sdolev/Thesis/VLMs/data/raf-db/aligned/test_2715_aligned.jpg
test_2716,data/raf-db/aligned/test_2716_aligned.jpg,7,neutral,test,neutral,/gpfs0/bgu-vilenchi/users/sdolev/Thesis/VLMs/data/raf-db/aligned/test_2716_aligned.jpg
test_2717,data/raf-db/aligned/test_2717_aligned.jpg,7,neutral,test,neutral,/gpfs0/bgu-vilenchi/users/sdolev/Thesis/VLMs/data/raf-db/aligned/test_2717_aligned.jpg
test_2718,data/raf-db/aligned/test_2718_aligned.jpg,7,neutral,test,neutral,/gpfs0/bgu-vilenchi/users/sdolev/Thesis/VLMs/data/raf-db/aligned/test_2718_aligned.jpg
test_2719,data/raf-db/aligned/test_2719_aligned.jpg,7,neutral,test,neutral,/gpfs0/bgu-vilenchi/users/sdolev/Thesis/VLMs/data/raf-db/aligned/test_2719_aligned.jpg
test_2720,data/raf-db/aligned/test_2720_aligned.jpg,7,neutral,test,neutral,/gpfs0/bgu-vilenchi/users/sdolev/Thesis/VLMs/data/raf-db/aligned/test_2720_aligned.jpg
test_2721,data/raf-db/aligned/test_2721_aligned.jpg,7,neutral,test,neutral,/gpfs0/bgu-vilenchi/users/sdolev/Thesis/VLMs/data/raf-db/aligned/test_2721_aligned.jpg
test_2722,data/raf-db/aligned/test_2722_aligned.jpg,7,neutral,test,neutral,/gpfs0/bgu-vilenchi/users/sdolev/Thesis/VLMs/data/raf-db/aligned/test_2722_aligned.jpg
test_2723,data/raf-db/aligned/test_2723_aligned.jpg,7,neutral,test,neutral,/gpfs0/bgu-vilenchi/users/sdolev/Thesis/VLMs/data/raf-db/aligned/test_2723_aligned.jpg
test_2724,data/raf-db/aligned/test_2724_aligned.jpg,7,neutral,test,neutral,/gpfs0/bgu-vilenchi/users/sdolev/Thesis/VLMs/data/raf-db/aligned/test_2724_aligned.jpg
test_2725,data/raf-db/aligned/test_2725_aligned.jpg,7,neutral,test,neutral,/gpfs0/bgu-vilenchi/users/sdolev/Thesis/VLMs/data/raf-db/aligned/test_2725_aligned.jpg
test_2726,data/raf-db/aligned/test_2726_aligned.jpg,7,neutral,test,neutral,/gpfs0/bgu-vilenchi/users/sdolev/Thesis/VLMs/data/raf-db/aligned/test_2726_aligned.jpg
test_2727,data/raf-db/aligned/test_2727_aligned.jpg,7,neutral,test,neutral,/gpfs0/bgu-vilenchi/users/sdolev/Thesis/VLMs/data/raf-db/aligned/test_2727_aligned.jpg
test_2728,data/raf-db/aligned/test_2728_aligned.jpg,7,neutral,test,neutral,/gpfs0/bgu-vilenchi/users/sdolev/Thesis/VLMs/data/raf-db/aligned/test_2728_aligned.jpg
test_2729,data/raf-db/aligned/test_2729_aligned.jpg,7,neutral,test,neutral,/gpfs0/bgu-vilenchi/users/sdolev/Thesis/VLMs/data/raf-db/aligned/test_2729_aligned.jpg
test_2730,data/raf-db/aligned/test_2730_aligned.jpg,7,neutral,test,neutral,/gpfs0/bgu-vilenchi/users/sdolev/Thesis/VLMs/data/raf-db/aligned/test_2730_aligned.jpg
test_2731,data/raf-db/aligned/test_2731_aligned.jpg,7,neutral,test,neutral,/gpfs0/bgu-vilenchi/users/sdolev/Thesis/VLMs/data/raf-db/aligned/test_2731_aligned.jpg
test_2732,data/raf-db/aligned/test_2732_aligned.jpg,7,neutral,test,neutral,/gpfs0/bgu-vilenchi/users/sdolev/Thesis/VLMs/data/raf-db/aligned/test_2732_aligned.jpg
test_2733,data/raf-db/aligned/test_2733_aligned.jpg,7,neutral,test,neutral,/gpfs0/bgu-vilenchi/users/sdolev/Thesis/VLMs/data/raf-db/aligned/test_2733_aligned.jpg
test_2734,data/raf-db/aligned/test_2734_aligned.jpg,7,neutral,test,angry,/gpfs0/bgu-vilenchi/users/sdolev/Thesis/VLMs/data/raf-db/aligned/test_2734_aligned.jpg
test_2735,data/raf-db/aligned/test_2735_aligned.jpg,7,neutral,test,neutral,/gpfs0/bgu-vilenchi/users/sdolev/Thesis/VLMs/data/raf-db/aligned/test_2735_aligned.jpg
test_2736,data/raf-db/aligned/test_2736_aligned.jpg,7,neutral,test,neutral,/gpfs0/bgu-vilenchi/users/sdolev/Thesis/VLMs/data/raf-db/aligned/test_2736_aligned.jpg
test_2737,data/raf-db/aligned/test_2737_aligned.jpg,7,neutral,test,neutral,/gpfs0/bgu-vilenchi/users/sdolev/Thesis/VLMs/data/raf-db/aligned/test_2737_aligned.jpg
test_2738,data/raf-db/aligned/test_2738_aligned.jpg,7,neutral,test,neutral,/gpfs0/bgu-vilenchi/users/sdolev/Thesis/VLMs/data/raf-db/aligned/test_2738_aligned.jpg
test_2739,data/raf-db/aligned/test_2739_aligned.jpg,7,neutral,test,neutral,/gpfs0/bgu-vilenchi/users/sdolev/Thesis/VLMs/data/raf-db/aligned/test_2739_aligned.jpg
test_2740,data/raf-db/aligned/test_2740_aligned.jpg,7,neutral,test,neutral,/gpfs0/bgu-vilenchi/users/sdolev/Thesis/VLMs/data/raf-db/aligned/test_2740_aligned.jpg
test_2741,data/raf-db/aligned/test_2741_aligned.jpg,7,neutral,test,neutral,/gpfs0/bgu-vilenchi/users/sdolev/Thesis/VLMs/data/raf-db/aligned/test_2741_aligned.jpg
test_2742,data/raf-db/aligned/test_2742_aligned.jpg,7,neutral,test,neutral,/gpfs0/bgu-vilenchi/users/sdolev/Thesis/VLMs/data/raf-db/aligned/test_2742_aligned.jpg
test_2743,data/raf-db/aligned/test_2743_aligned.jpg,7,neutral,test,neutral,/gpfs0/bgu-vilenchi/users/sdolev/Thesis/VLMs/data/raf-db/aligned/test_2743_aligned.jpg
test_2744,data/raf-db/aligned/test_2744_aligned.jpg,7,neutral,test,neutral,/gpfs0/bgu-vilenchi/users/sdolev/Thesis/VLMs/data/raf-db/aligned/test_2744_aligned.jpg
test_2745,data/raf-db/aligned/test_2745_aligned.jpg,7,neutral,test,neutral,/gpfs0/bgu-vilenchi/users/sdolev/Thesis/VLMs/data/raf-db/aligned/test_2745_aligned.jpg
test_2746,data/raf-db/aligned/test_2746_aligned.jpg,7,neutral,test,neutral,/gpfs0/bgu-vilenchi/users/sdolev/Thesis/VLMs/data/raf-db/aligned/test_2746_aligned.jpg
test_2747,data/raf-db/aligned/test_2747_aligned.jpg,7,neutral,test,angry,/gpfs0/bgu-vilenchi/users/sdolev/Thesis/VLMs/data/raf-db/aligned/test_2747_aligned.jpg
test_2748,data/raf-db/aligned/test_2748_aligned.jpg,7,neutral,test,neutral,/gpfs0/bgu-vilenchi/users/sdolev/Thesis/VLMs/data/raf-db/aligned/test_2748_aligned.jpg
test_2749,data/raf-db/aligned/test_2749_aligned.jpg,7,neutral,test,neutral,/gpfs0/bgu-vilenchi/users/sdolev/Thesis/VLMs/data/raf-db/aligned/test_2749_aligned.jpg
test_2750,data/raf-db/aligned/test_2750_aligned.jpg,7,neutral,test,neutral,/gpfs0/bgu-vilenchi/users/sdolev/Thesis/VLMs/data/raf-db/aligned/test_2750_aligned.jpg
test_2751,data/raf-db/aligned/test_2751_aligned.jpg,7,neutral,test,neutral,/gpfs0/bgu-vilenchi/users/sdolev/Thesis/VLMs/data/raf-db/aligned/test_2751_aligned.jpg
test_2752,data/raf-db/aligned/test_2752_aligned.jpg,7,neutral,test,neutral,/gpfs0/bgu-vilenchi/users/sdolev/Thesis/VLMs/data/raf-db/aligned/test_2752_aligned.jpg
test_2753,data/raf-db/aligned/test_2753_aligned.jpg,7,neutral,test,happy,/gpfs0/bgu-vilenchi/users/sdolev/Thesis/VLMs/data/raf-db/aligned/test_2753_aligned.jpg
test_2754,data/raf-db/aligned/test_2754_aligned.jpg,7,neutral,test,neutral,/gpfs0/bgu-vilenchi/users/sdolev/Thesis/VLMs/data/raf-db/aligned/test_2754_aligned.jpg
test_2755,data/raf-db/aligned/test_2755_aligned.jpg,7,neutral,test,neutral,/gpfs0/bgu-vilenchi/users/sdolev/Thesis/VLMs/data/raf-db/aligned/test_2755_aligned.jpg
test_2756,data/raf-db/aligned/test_2756_aligned.jpg,7,neutral,test,neutral,/gpfs0/bgu-vilenchi/users/sdolev/Thesis/VLMs/data/raf-db/aligned/test_2756_aligned.jpg
test_2757,data/raf-db/aligned/test_2757_aligned.jpg,7,neutral,test,neutral,/gpfs0/bgu-vilenchi/users/sdolev/Thesis/VLMs/data/raf-db/aligned/test_2757_aligned.jpg
test_2758,data/raf-db/aligned/test_2758_aligned.jpg,7,neutral,test,neutral,/gpfs0/bgu-vilenchi/users/sdolev/Thesis/VLMs/data/raf-db/aligned/test_2758_aligned.jpg
test_2759,data/raf-db/aligned/test_2759_aligned.jpg,7,neutral,test,neutral,/gpfs0/bgu-vilenchi/users/sdolev/Thesis/VLMs/data/raf-db/aligned/test_2759_aligned.jpg
test_2760,data/raf-db/aligned/test_2760_aligned.jpg,7,neutral,test,neutral,/gpfs0/bgu-vilenchi/users/sdolev/Thesis/VLMs/data/raf-db/aligned/test_2760_aligned.jpg
test_2761,data/raf-db/aligned/test_2761_aligned.jpg,7,neutral,test,neutral,/gpfs0/bgu-vilenchi/users/sdolev/Thesis/VLMs/data/raf-db/aligned/test_2761_aligned.jpg
test_2762,data/raf-db/aligned/test_2762_aligned.jpg,7,neutral,test,neutral,/gpfs0/bgu-vilenchi/users/sdolev/Thesis/VLMs/data/raf-db/aligned/test_2762_aligned.jpg
test_2763,data/raf-db/aligned/test_2763_aligned.jpg,7,neutral,test,neutral,/gpfs0/bgu-vilenchi/users/sdolev/Thesis/VLMs/data/raf-db/aligned/test_2763_aligned.jpg
test_2764,data/raf-db/aligned/test_2764_aligned.jpg,7,neutral,test,neutral,/gpfs0/bgu-vilenchi/users/sdolev/Thesis/VLMs/data/raf-db/aligned/test_2764_aligned.jpg
test_2765,data/raf-db/aligned/test_2765_aligned.jpg,7,neutral,test,neutral,/gpfs0/bgu-vilenchi/users/sdolev/Thesis/VLMs/data/raf-db/aligned/test_2765_aligned.jpg
test_2766,data/raf-db/aligned/test_2766_aligned.jpg,7,neutral,test,neutral,/gpfs0/bgu-vilenchi/users/sdolev/Thesis/VLMs/data/raf-db/aligned/test_2766_aligned.jpg
test_2767,data/raf-db/aligned/test_2767_aligned.jpg,7,neutral,test,neutral,/gpfs0/bgu-vilenchi/users/sdolev/Thesis/VLMs/data/raf-db/aligned/test_2767_aligned.jpg
test_2768,data/raf-db/aligned/test_2768_aligned.jpg,7,neutral,test,neutral,/gpfs0/bgu-vilenchi/users/sdolev/Thesis/VLMs/data/raf-db/aligned/test_2768_aligned.jpg
test_2769,data/raf-db/aligned/test_2769_aligned.jpg,7,neutral,test,neutral,/gpfs0/bgu-vilenchi/users/sdolev/Thesis/VLMs/data/raf-db/aligned/test_2769_aligned.jpg
test_2770,data/raf-db/aligned/test_2770_aligned.jpg,7,neutral,test,neutral,/gpfs0/bgu-vilenchi/users/sdolev/Thesis/VLMs/data/raf-db/aligned/test_2770_aligned.jpg
test_2771,data/raf-db/aligned/test_2771_aligned.jpg,7,neutral,test,neutral,/gpfs0/bgu-vilenchi/users/sdolev/Thesis/VLMs/data/raf-db/aligned/test_2771_aligned.jpg
test_2772,data/raf-db/aligned/test_2772_aligned.jpg,7,neutral,test,neutral,/gpfs0/bgu-vilenchi/users/sdolev/Thesis/VLMs/data/raf-db/aligned/test_2772_aligned.jpg
test_2773,data/raf-db/aligned/test_2773_aligned.jpg,7,neutral,test,neutral,/gpfs0/bgu-vilenchi/users/sdolev/Thesis/VLMs/data/raf-db/aligned/test_2773_aligned.jpg
test_2774,data/raf-db/aligned/test_2774_aligned.jpg,7,neutral,test,neutral,/gpfs0/bgu-vilenchi/users/sdolev/Thesis/VLMs/data/raf-db/aligned/test_2774_aligned.jpg
test_2775,data/raf-db/aligned/test_2775_aligned.jpg,7,neutral,test,surprise,/gpfs0/bgu-vilenchi/users/sdolev/Thesis/VLMs/data/raf-db/aligned/test_2775_aligned.jpg
test_2776,data/raf-db/aligned/test_2776_aligned.jpg,7,neutral,test,neutral,/gpfs0/bgu-vilenchi/users/sdolev/Thesis/VLMs/data/raf-db/aligned/test_2776_aligned.jpg
test_2777,data/raf-db/aligned/test_2777_aligned.jpg,7,neutral,test,neutral,/gpfs0/bgu-vilenchi/users/sdolev/Thesis/VLMs/data/raf-db/aligned/test_2777_aligned.jpg
test_2778,data/raf-db/aligned/test_2778_aligned.jpg,7,neutral,test,neutral,/gpfs0/bgu-vilenchi/users/sdolev/Thesis/VLMs/data/raf-db/aligned/test_2778_aligned.jpg
test_2779,data/raf-db/aligned/test_2779_aligned.jpg,7,neutral,test,neutral,/gpfs0/bgu-vilenchi/users/sdolev/Thesis/VLMs/data/raf-db/aligned/test_2779_aligned.jpg
test_2780,data/raf-db/aligned/test_2780_aligned.jpg,7,neutral,test,neutral,/gpfs0/bgu-vilenchi/users/sdolev/Thesis/VLMs/data/raf-db/aligned/test_2780_aligned.jpg
test_2781,data/raf-db/aligned/test_2781_aligned.jpg,7,neutral,test,neutral,/gpfs0/bgu-vilenchi/users/sdolev/Thesis/VLMs/data/raf-db/aligned/test_2781_aligned.jpg
test_2782,data/raf-db/aligned/test_2782_aligned.jpg,7,neutral,test,surprise,/gpfs0/bgu-vilenchi/users/sdolev/Thesis/VLMs/data/raf-db/aligned/test_2782_aligned.jpg
test_2783,data/raf-db/aligned/test_2783_aligned.jpg,7,neutral,test,neutral,/gpfs0/bgu-vilenchi/users/sdolev/Thesis/VLMs/data/raf-db/aligned/test_2783_aligned.jpg
test_2784,data/raf-db/aligned/test_2784_aligned.jpg,7,neutral,test,neutral,/gpfs0/bgu-vilenchi/users/sdolev/Thesis/VLMs/data/raf-db/aligned/test_2784_aligned.jpg
test_2785,data/raf-db/aligned/test_2785_aligned.jpg,7,neutral,test,neutral,/gpfs0/bgu-vilenchi/users/sdolev/Thesis/VLMs/data/raf-db/aligned/test_2785_aligned.jpg
test_2786,data/raf-db/aligned/test_2786_aligned.jpg,7,neutral,test,neutral,/gpfs0/bgu-vilenchi/users/sdolev/Thesis/VLMs/data/raf-db/aligned/test_2786_aligned.jpg
test_2787,data/raf-db/aligned/test_2787_aligned.jpg,7,neutral,test,neutral,/gpfs0/bgu-vilenchi/users/sdolev/Thesis/VLMs/data/raf-db/aligned/test_2787_aligned.jpg
test_2788,data/raf-db/aligned/test_2788_aligned.jpg,7,neutral,test,neutral,/gpfs0/bgu-vilenchi/users/sdolev/Thesis/VLMs/data/raf-db/aligned/test_2788_aligned.jpg
test_2789,data/raf-db/aligned/test_2789_aligned.jpg,7,neutral,test,neutral,/gpfs0/bgu-vilenchi/users/sdolev/Thesis/VLMs/data/raf-db/aligned/test_2789_aligned.jpg
test_2790,data/raf-db/aligned/test_2790_aligned.jpg,7,neutral,test,neutral,/gpfs0/bgu-vilenchi/users/sdolev/Thesis/VLMs/data/raf-db/aligned/test_2790_aligned.jpg
test_2791,data/raf-db/aligned/test_2791_aligned.jpg,7,neutral,test,sad,/gpfs0/bgu-vilenchi/users/sdolev/Thesis/VLMs/data/raf-db/aligned/test_2791_aligned.jpg
test_2792,data/raf-db/aligned/test_2792_aligned.jpg,7,neutral,test,neutral,/gpfs0/bgu-vilenchi/users/sdolev/Thesis/VLMs/data/raf-db/aligned/test_2792_aligned.jpg
test_2793,data/raf-db/aligned/test_2793_aligned.jpg,7,neutral,test,neutral,/gpfs0/bgu-vilenchi/users/sdolev/Thesis/VLMs/data/raf-db/aligned/test_2793_aligned.jpg
test_2794,data/raf-db/aligned/test_2794_aligned.jpg,7,neutral,test,neutral,/gpfs0/bgu-vilenchi/users/sdolev/Thesis/VLMs/data/raf-db/aligned/test_2794_aligned.jpg
test_2795,data/raf-db/aligned/test_2795_aligned.jpg,7,neutral,test,neutral,/gpfs0/bgu-vilenchi/users/sdolev/Thesis/VLMs/data/raf-db/aligned/test_2795_aligned.jpg
test_2796,data/raf-db/aligned/test_2796_aligned.jpg,7,neutral,test,neutral,/gpfs0/bgu-vilenchi/users/sdolev/Thesis/VLMs/data/raf-db/aligned/test_2796_aligned.jpg
test_2797,data/raf-db/aligned/test_2797_aligned.jpg,7,neutral,test,neutral,/gpfs0/bgu-vilenchi/users/sdolev/Thesis/VLMs/data/raf-db/aligned/test_2797_aligned.jpg
test_2798,data/raf-db/aligned/test_2798_aligned.jpg,7,neutral,test,neutral,/gpfs0/bgu-vilenchi/users/sdolev/Thesis/VLMs/data/raf-db/aligned/test_2798_aligned.jpg
test_2799,data/raf-db/aligned/test_2799_aligned.jpg,7,neutral,test,neutral,/gpfs0/bgu-vilenchi/users/sdolev/Thesis/VLMs/data/raf-db/aligned/test_2799_aligned.jpg
test_2800,data/raf-db/aligned/test_2800_aligned.jpg,7,neutral,test,neutral,/gpfs0/bgu-vilenchi/users/sdolev/Thesis/VLMs/data/raf-db/aligned/test_2800_aligned.jpg
test_2801,data/raf-db/aligned/test_2801_aligned.jpg,7,neutral,test,neutral,/gpfs0/bgu-vilenchi/users/sdolev/Thesis/VLMs/data/raf-db/aligned/test_2801_aligned.jpg
test_2802,data/raf-db/aligned/test_2802_aligned.jpg,7,neutral,test,neutral,/gpfs0/bgu-vilenchi/users/sdolev/Thesis/VLMs/data/raf-db/aligned/test_2802_aligned.jpg
test_2803,data/raf-db/aligned/test_2803_aligned.jpg,7,neutral,test,neutral,/gpfs0/bgu-vilenchi/users/sdolev/Thesis/VLMs/data/raf-db/aligned/test_2803_aligned.jpg
test_2804,data/raf-db/aligned/test_2804_aligned.jpg,7,neutral,test,neutral,/gpfs0/bgu-vilenchi/users/sdolev/Thesis/VLMs/data/raf-db/aligned/test_2804_aligned.jpg
test_2805,data/raf-db/aligned/test_2805_aligned.jpg,7,neutral,test,neutral,/gpfs0/bgu-vilenchi/users/sdolev/Thesis/VLMs/data/raf-db/aligned/test_2805_aligned.jpg
test_2806,data/raf-db/aligned/test_2806_aligned.jpg,7,neutral,test,neutral,/gpfs0/bgu-vilenchi/users/sdolev/Thesis/VLMs/data/raf-db/aligned/test_2806_aligned.jpg
test_2807,data/raf-db/aligned/test_2807_aligned.jpg,7,neutral,test,neutral,/gpfs0/bgu-vilenchi/users/sdolev/Thesis/VLMs/data/raf-db/aligned/test_2807_aligned.jpg
test_2808,data/raf-db/aligned/test_2808_aligned.jpg,7,neutral,test,neutral,/gpfs0/bgu-vilenchi/users/sdolev/Thesis/VLMs/data/raf-db/aligned/test_2808_aligned.jpg
test_2809,data/raf-db/aligned/test_2809_aligned.jpg,7,neutral,test,neutral,/gpfs0/bgu-vilenchi/users/sdolev/Thesis/VLMs/data/raf-db/aligned/test_2809_aligned.jpg
test_2810,data/raf-db/aligned/test_2810_aligned.jpg,7,neutral,test,neutral,/gpfs0/bgu-vilenchi/users/sdolev/Thesis/VLMs/data/raf-db/aligned/test_2810_aligned.jpg
test_2811,data/raf-db/aligned/test_2811_aligned.jpg,7,neutral,test,neutral,/gpfs0/bgu-vilenchi/users/sdolev/Thesis/VLMs/data/raf-db/aligned/test_2811_aligned.jpg
test_2812,data/raf-db/aligned/test_2812_aligned.jpg,7,neutral,test,neutral,/gpfs0/bgu-vilenchi/users/sdolev/Thesis/VLMs/data/raf-db/aligned/test_2812_aligned.jpg
test_2813,data/raf-db/aligned/test_2813_aligned.jpg,7,neutral,test,neutral,/gpfs0/bgu-vilenchi/users/sdolev/Thesis/VLMs/data/raf-db/aligned/test_2813_aligned.jpg
test_2814,data/raf-db/aligned/test_2814_aligned.jpg,7,neutral,test,neutral,/gpfs0/bgu-vilenchi/users/sdolev/Thesis/VLMs/data/raf-db/aligned/test_2814_aligned.jpg
test_2815,data/raf-db/aligned/test_2815_aligned.jpg,7,neutral,test,neutral,/gpfs0/bgu-vilenchi/users/sdolev/Thesis/VLMs/data/raf-db/aligned/test_2815_aligned.jpg
test_2816,data/raf-db/aligned/test_2816_aligned.jpg,7,neutral,test,neutral,/gpfs0/bgu-vilenchi/users/sdolev/Thesis/VLMs/data/raf-db/aligned/test_2816_aligned.jpg
test_2817,data/raf-db/aligned/test_2817_aligned.jpg,7,neutral,test,neutral,/gpfs0/bgu-vilenchi/users/sdolev/Thesis/VLMs/data/raf-db/aligned/test_2817_aligned.jpg
test_2818,data/raf-db/aligned/test_2818_aligned.jpg,7,neutral,test,neutral,/gpfs0/bgu-vilenchi/users/sdolev/Thesis/VLMs/data/raf-db/aligned/test_2818_aligned.jpg
test_2819,data/raf-db/aligned/test_2819_aligned.jpg,7,neutral,test,neutral,/gpfs0/bgu-vilenchi/users/sdolev/Thesis/VLMs/data/raf-db/aligned/test_2819_aligned.jpg
test_2820,data/raf-db/aligned/test_2820_aligned.jpg,7,neutral,test,neutral,/gpfs0/bgu-vilenchi/users/sdolev/Thesis/VLMs/data/raf-db/aligned/test_2820_aligned.jpg
test_2821,data/raf-db/aligned/test_2821_aligned.jpg,7,neutral,test,neutral,/gpfs0/bgu-vilenchi/users/sdolev/Thesis/VLMs/data/raf-db/aligned/test_2821_aligned.jpg
test_2822,data/raf-db/aligned/test_2822_aligned.jpg,7,neutral,test,neutral,/gpfs0/bgu-vilenchi/users/sdolev/Thesis/VLMs/data/raf-db/aligned/test_2822_aligned.jpg
test_2823,data/raf-db/aligned/test_2823_aligned.jpg,7,neutral,test,neutral,/gpfs0/bgu-vilenchi/users/sdolev/Thesis/VLMs/data/raf-db/aligned/test_2823_aligned.jpg
test_2824,data/raf-db/aligned/test_2824_aligned.jpg,7,neutral,test,neutral,/gpfs0/bgu-vilenchi/users/sdolev/Thesis/VLMs/data/raf-db/aligned/test_2824_aligned.jpg
test_2825,data/raf-db/aligned/test_2825_aligned.jpg,7,neutral,test,sad,/gpfs0/bgu-vilenchi/users/sdolev/Thesis/VLMs/data/raf-db/aligned/test_2825_aligned.jpg
test_2826,data/raf-db/aligned/test_2826_aligned.jpg,7,neutral,test,neutral,/gpfs0/bgu-vilenchi/users/sdolev/Thesis/VLMs/data/raf-db/aligned/test_2826_aligned.jpg
test_2827,data/raf-db/aligned/test_2827_aligned.jpg,7,neutral,test,neutral,/gpfs0/bgu-vilenchi/users/sdolev/Thesis/VLMs/data/raf-db/aligned/test_2827_aligned.jpg
test_2828,data/raf-db/aligned/test_2828_aligned.jpg,7,neutral,test,neutral,/gpfs0/bgu-vilenchi/users/sdolev/Thesis/VLMs/data/raf-db/aligned/test_2828_aligned.jpg
test_2829,data/raf-db/aligned/test_2829_aligned.jpg,7,neutral,test,neutral,/gpfs0/bgu-vilenchi/users/sdolev/Thesis/VLMs/data/raf-db/aligned/test_2829_aligned.jpg
test_2830,data/raf-db/aligned/test_2830_aligned.jpg,7,neutral,test,neutral,/gpfs0/bgu-vilenchi/users/sdolev/Thesis/VLMs/data/raf-db/aligned/test_2830_aligned.jpg
test_2831,data/raf-db/aligned/test_2831_aligned.jpg,7,neutral,test,neutral,/gpfs0/bgu-vilenchi/users/sdolev/Thesis/VLMs/data/raf-db/aligned/test_2831_aligned.jpg
test_2832,data/raf-db/aligned/test_2832_aligned.jpg,7,neutral,test,neutral,/gpfs0/bgu-vilenchi/users/sdolev/Thesis/VLMs/data/raf-db/aligned/test_2832_aligned.jpg
test_2833,data/raf-db/aligned/test_2833_aligned.jpg,7,neutral,test,neutral,/gpfs0/bgu-vilenchi/users/sdolev/Thesis/VLMs/data/raf-db/aligned/test_2833_aligned.jpg
test_2834,data/raf-db/aligned/test_2834_aligned.jpg,7,neutral,test,neutral,/gpfs0/bgu-vilenchi/users/sdolev/Thesis/VLMs/data/raf-db/aligned/test_2834_aligned.jpg
test_2835,data/raf-db/aligned/test_2835_aligned.jpg,7,neutral,test,neutral,/gpfs0/bgu-vilenchi/users/sdolev/Thesis/VLMs/data/raf-db/aligned/test_2835_aligned.jpg
test_2836,data/raf-db/aligned/test_2836_aligned.jpg,7,neutral,test,neutral,/gpfs0/bgu-vilenchi/users/sdolev/Thesis/VLMs/data/raf-db/aligned/test_2836_aligned.jpg
test_2837,data/raf-db/aligned/test_2837_aligned.jpg,7,neutral,test,neutral,/gpfs0/bgu-vilenchi/users/sdolev/Thesis/VLMs/data/raf-db/aligned/test_2837_aligned.jpg
test_2838,data/raf-db/aligned/test_2838_aligned.jpg,7,neutral,test,neutral,/gpfs0/bgu-vilenchi/users/sdolev/Thesis/VLMs/data/raf-db/aligned/test_2838_aligned.jpg
test_2839,data/raf-db/aligned/test_2839_aligned.jpg,7,neutral,test,neutral,/gpfs0/bgu-vilenchi/users/sdolev/Thesis/VLMs/data/raf-db/aligned/test_2839_aligned.jpg
test_2840,data/raf-db/aligned/test_2840_aligned.jpg,7,neutral,test,neutral,/gpfs0/bgu-vilenchi/users/sdolev/Thesis/VLMs/data/raf-db/aligned/test_2840_aligned.jpg
test_2841,data/raf-db/aligned/test_2841_aligned.jpg,7,neutral,test,neutral,/gpfs0/bgu-vilenchi/users/sdolev/Thesis/VLMs/data/raf-db/aligned/test_2841_aligned.jpg
test_2842,data/raf-db/aligned/test_2842_aligned.jpg,7,neutral,test,neutral,/gpfs0/bgu-vilenchi/users/sdolev/Thesis/VLMs/data/raf-db/aligned/test_2842_aligned.jpg
test_2843,data/raf-db/aligned/test_2843_aligned.jpg,7,neutral,test,neutral,/gpfs0/bgu-vilenchi/users/sdolev/Thesis/VLMs/data/raf-db/aligned/test_2843_aligned.jpg
test_2844,data/raf-db/aligned/test_2844_aligned.jpg,7,neutral,test,neutral,/gpfs0/bgu-vilenchi/users/sdolev/Thesis/VLMs/data/raf-db/aligned/test_2844_aligned.jpg
test_2845,data/raf-db/aligned/test_2845_aligned.jpg,7,neutral,test,neutral,/gpfs0/bgu-vilenchi/users/sdolev/Thesis/VLMs/data/raf-db/aligned/test_2845_aligned.jpg
test_2846,data/raf-db/aligned/test_2846_aligned.jpg,7,neutral,test,neutral,/gpfs0/bgu-vilenchi/users/sdolev/Thesis/VLMs/data/raf-db/aligned/test_2846_aligned.jpg
test_2847,data/raf-db/aligned/test_2847_aligned.jpg,7,neutral,test,neutral,/gpfs0/bgu-vilenchi/users/sdolev/Thesis/VLMs/data/raf-db/aligned/test_2847_aligned.jpg
test_2848,data/raf-db/aligned/test_2848_aligned.jpg,7,neutral,test,neutral,/gpfs0/bgu-vilenchi/users/sdolev/Thesis/VLMs/data/raf-db/aligned/test_2848_aligned.jpg
test_2849,data/raf-db/aligned/test_2849_aligned.jpg,7,neutral,test,neutral,/gpfs0/bgu-vilenchi/users/sdolev/Thesis/VLMs/data/raf-db/aligned/test_2849_aligned.jpg
test_2850,data/raf-db/aligned/test_2850_aligned.jpg,7,neutral,test,neutral,/gpfs0/bgu-vilenchi/users/sdolev/Thesis/VLMs/data/raf-db/aligned/test_2850_aligned.jpg
test_2851,data/raf-db/aligned/test_2851_aligned.jpg,7,neutral,test,neutral,/gpfs0/bgu-vilenchi/users/sdolev/Thesis/VLMs/data/raf-db/aligned/test_2851_aligned.jpg
test_2852,data/raf-db/aligned/test_2852_aligned.jpg,7,neutral,test,neutral,/gpfs0/bgu-vilenchi/users/sdolev/Thesis/VLMs/data/raf-db/aligned/test_2852_aligned.jpg
test_2853,data/raf-db/aligned/test_2853_aligned.jpg,7,neutral,test,neutral,/gpfs0/bgu-vilenchi/users/sdolev/Thesis/VLMs/data/raf-db/aligned/test_2853_aligned.jpg
test_2854,data/raf-db/aligned/test_2854_aligned.jpg,7,neutral,test,neutral,/gpfs0/bgu-vilenchi/users/sdolev/Thesis/VLMs/data/raf-db/aligned/test_2854_aligned.jpg
test_2855,data/raf-db/aligned/test_2855_aligned.jpg,7,neutral,test,neutral,/gpfs0/bgu-vilenchi/users/sdolev/Thesis/VLMs/data/raf-db/aligned/test_2855_aligned.jpg
test_2856,data/raf-db/aligned/test_2856_aligned.jpg,7,neutral,test,neutral,/gpfs0/bgu-vilenchi/users/sdolev/Thesis/VLMs/data/raf-db/aligned/test_2856_aligned.jpg
test_2857,data/raf-db/aligned/test_2857_aligned.jpg,7,neutral,test,neutral,/gpfs0/bgu-vilenchi/users/sdolev/Thesis/VLMs/data/raf-db/aligned/test_2857_aligned.jpg
test_2858,data/raf-db/aligned/test_2858_aligned.jpg,7,neutral,test,neutral,/gpfs0/bgu-vilenchi/users/sdolev/Thesis/VLMs/data/raf-db/aligned/test_2858_aligned.jpg
test_2859,data/raf-db/aligned/test_2859_aligned.jpg,7,neutral,test,neutral,/gpfs0/bgu-vilenchi/users/sdolev/Thesis/VLMs/data/raf-db/aligned/test_2859_aligned.jpg
test_2860,data/raf-db/aligned/test_2860_aligned.jpg,7,neutral,test,neutral,/gpfs0/bgu-vilenchi/users/sdolev/Thesis/VLMs/data/raf-db/aligned/test_2860_aligned.jpg
test_2861,data/raf-db/aligned/test_2861_aligned.jpg,7,neutral,test,neutral,/gpfs0/bgu-vilenchi/users/sdolev/Thesis/VLMs/data/raf-db/aligned/test_2861_aligned.jpg
test_2862,data/raf-db/aligned/test_2862_aligned.jpg,7,neutral,test,neutral,/gpfs0/bgu-vilenchi/users/sdolev/Thesis/VLMs/data/raf-db/aligned/test_2862_aligned.jpg
test_2863,data/raf-db/aligned/test_2863_aligned.jpg,7,neutral,test,neutral,/gpfs0/bgu-vilenchi/users/sdolev/Thesis/VLMs/data/raf-db/aligned/test_2863_aligned.jpg
test_2864,data/raf-db/aligned/test_2864_aligned.jpg,7,neutral,test,neutral,/gpfs0/bgu-vilenchi/users/sdolev/Thesis/VLMs/data/raf-db/aligned/test_2864_aligned.jpg
test_2865,data/raf-db/aligned/test_2865_aligned.jpg,7,neutral,test,neutral,/gpfs0/bgu-vilenchi/users/sdolev/Thesis/VLMs/data/raf-db/aligned/test_2865_aligned.jpg
test_2866,data/raf-db/aligned/test_2866_aligned.jpg,7,neutral,test,neutral,/gpfs0/bgu-vilenchi/users/sdolev/Thesis/VLMs/data/raf-db/aligned/test_2866_aligned.jpg
test_2867,data/raf-db/aligned/test_2867_aligned.jpg,7,neutral,test,neutral,/gpfs0/bgu-vilenchi/users/sdolev/Thesis/VLMs/data/raf-db/aligned/test_2867_aligned.jpg
test_2868,data/raf-db/aligned/test_2868_aligned.jpg,7,neutral,test,neutral,/gpfs0/bgu-vilenchi/users/sdolev/Thesis/VLMs/data/raf-db/aligned/test_2868_aligned.jpg
test_2869,data/raf-db/aligned/test_2869_aligned.jpg,7,neutral,test,neutral,/gpfs0/bgu-vilenchi/users/sdolev/Thesis/VLMs/data/raf-db/aligned/test_2869_aligned.jpg
test_2870,data/raf-db/aligned/test_2870_aligned.jpg,7,neutral,test,neutral,/gpfs0/bgu-vilenchi/users/sdolev/Thesis/VLMs/data/raf-db/aligned/test_2870_aligned.jpg
test_2871,data/raf-db/aligned/test_2871_aligned.jpg,7,neutral,test,neutral,/gpfs0/bgu-vilenchi/users/sdolev/Thesis/VLMs/data/raf-db/aligned/test_2871_aligned.jpg
test_2872,data/raf-db/aligned/test_2872_aligned.jpg,7,neutral,test,neutral,/gpfs0/bgu-vilenchi/users/sdolev/Thesis/VLMs/data/raf-db/aligned/test_2872_aligned.jpg
test_2873,data/raf-db/aligned/test_2873_aligned.jpg,7,neutral,test,neutral,/gpfs0/bgu-vilenchi/users/sdolev/Thesis/VLMs/data/raf-db/aligned/test_2873_aligned.jpg
test_2874,data/raf-db/aligned/test_2874_aligned.jpg,7,neutral,test,neutral,/gpfs0/bgu-vilenchi/users/sdolev/Thesis/VLMs/data/raf-db/aligned/test_2874_aligned.jpg
test_2875,data/raf-db/aligned/test_2875_aligned.jpg,7,neutral,test,neutral,/gpfs0/bgu-vilenchi/users/sdolev/Thesis/VLMs/data/raf-db/aligned/test_2875_aligned.jpg
test_2876,data/raf-db/aligned/test_2876_aligned.jpg,7,neutral,test,neutral,/gpfs0/bgu-vilenchi/users/sdolev/Thesis/VLMs/data/raf-db/aligned/test_2876_aligned.jpg
test_2877,data/raf-db/aligned/test_2877_aligned.jpg,7,neutral,test,neutral,/gpfs0/bgu-vilenchi/users/sdolev/Thesis/VLMs/data/raf-db/aligned/test_2877_aligned.jpg
test_2878,data/raf-db/aligned/test_2878_aligned.jpg,7,neutral,test,neutral,/gpfs0/bgu-vilenchi/users/sdolev/Thesis/VLMs/data/raf-db/aligned/test_2878_aligned.jpg
test_2879,data/raf-db/aligned/test_2879_aligned.jpg,7,neutral,test,neutral,/gpfs0/bgu-vilenchi/users/sdolev/Thesis/VLMs/data/raf-db/aligned/test_2879_aligned.jpg
test_2880,data/raf-db/aligned/test_2880_aligned.jpg,7,neutral,test,neutral,/gpfs0/bgu-vilenchi/users/sdolev/Thesis/VLMs/data/raf-db/aligned/test_2880_aligned.jpg
test_2881,data/raf-db/aligned/test_2881_aligned.jpg,7,neutral,test,neutral,/gpfs0/bgu-vilenchi/users/sdolev/Thesis/VLMs/data/raf-db/aligned/test_2881_aligned.jpg
test_2882,data/raf-db/aligned/test_2882_aligned.jpg,7,neutral,test,neutral,/gpfs0/bgu-vilenchi/users/sdolev/Thesis/VLMs/data/raf-db/aligned/test_2882_aligned.jpg
test_2883,data/raf-db/aligned/test_2883_aligned.jpg,7,neutral,test,neutral,/gpfs0/bgu-vilenchi/users/sdolev/Thesis/VLMs/data/raf-db/aligned/test_2883_aligned.jpg
test_2884,data/raf-db/aligned/test_2884_aligned.jpg,7,neutral,test,neutral,/gpfs0/bgu-vilenchi/users/sdolev/Thesis/VLMs/data/raf-db/aligned/test_2884_aligned.jpg
test_2885,data/raf-db/aligned/test_2885_aligned.jpg,7,neutral,test,neutral,/gpfs0/bgu-vilenchi/users/sdolev/Thesis/VLMs/data/raf-db/aligned/test_2885_aligned.jpg
test_2886,data/raf-db/aligned/test_2886_aligned.jpg,7,neutral,test,neutral,/gpfs0/bgu-vilenchi/users/sdolev/Thesis/VLMs/data/raf-db/aligned/test_2886_aligned.jpg
test_2887,data/raf-db/aligned/test_2887_aligned.jpg,7,neutral,test,angry,/gpfs0/bgu-vilenchi/users/sdolev/Thesis/VLMs/data/raf-db/aligned/test_2887_aligned.jpg
test_2888,data/raf-db/aligned/test_2888_aligned.jpg,7,neutral,test,neutral,/gpfs0/bgu-vilenchi/users/sdolev/Thesis/VLMs/data/raf-db/aligned/test_2888_aligned.jpg
test_2889,data/raf-db/aligned/test_2889_aligned.jpg,7,neutral,test,neutral,/gpfs0/bgu-vilenchi/users/sdolev/Thesis/VLMs/data/raf-db/aligned/test_2889_aligned.jpg
test_2890,data/raf-db/aligned/test_2890_aligned.jpg,7,neutral,test,neutral,/gpfs0/bgu-vilenchi/users/sdolev/Thesis/VLMs/data/raf-db/aligned/test_2890_aligned.jpg
test_2891,data/raf-db/aligned/test_2891_aligned.jpg,7,neutral,test,neutral,/gpfs0/bgu-vilenchi/users/sdolev/Thesis/VLMs/data/raf-db/aligned/test_2891_aligned.jpg
test_2892,data/raf-db/aligned/test_2892_aligned.jpg,7,neutral,test,happy,/gpfs0/bgu-vilenchi/users/sdolev/Thesis/VLMs/data/raf-db/aligned/test_2892_aligned.jpg
test_2893,data/raf-db/aligned/test_2893_aligned.jpg,7,neutral,test,neutral,/gpfs0/bgu-vilenchi/users/sdolev/Thesis/VLMs/data/raf-db/aligned/test_2893_aligned.jpg
test_2894,data/raf-db/aligned/test_2894_aligned.jpg,7,neutral,test,neutral,/gpfs0/bgu-vilenchi/users/sdolev/Thesis/VLMs/data/raf-db/aligned/test_2894_aligned.jpg
test_2895,data/raf-db/aligned/test_2895_aligned.jpg,7,neutral,test,neutral,/gpfs0/bgu-vilenchi/users/sdolev/Thesis/VLMs/data/raf-db/aligned/test_2895_aligned.jpg
test_2896,data/raf-db/aligned/test_2896_aligned.jpg,7,neutral,test,neutral,/gpfs0/bgu-vilenchi/users/sdolev/Thesis/VLMs/data/raf-db/aligned/test_2896_aligned.jpg
test_2897,data/raf-db/aligned/test_2897_aligned.jpg,7,neutral,test,neutral,/gpfs0/bgu-vilenchi/users/sdolev/Thesis/VLMs/data/raf-db/aligned/test_2897_aligned.jpg
test_2898,data/raf-db/aligned/test_2898_aligned.jpg,7,neutral,test,sad,/gpfs0/bgu-vilenchi/users/sdolev/Thesis/VLMs/data/raf-db/aligned/test_2898_aligned.jpg
test_2899,data/raf-db/aligned/test_2899_aligned.jpg,7,neutral,test,neutral,/gpfs0/bgu-vilenchi/users/sdolev/Thesis/VLMs/data/raf-db/aligned/test_2899_aligned.jpg
test_2900,data/raf-db/aligned/test_2900_aligned.jpg,7,neutral,test,neutral,/gpfs0/bgu-vilenchi/users/sdolev/Thesis/VLMs/data/raf-db/aligned/test_2900_aligned.jpg
test_2901,data/raf-db/aligned/test_2901_aligned.jpg,7,neutral,test,neutral,/gpfs0/bgu-vilenchi/users/sdolev/Thesis/VLMs/data/raf-db/aligned/test_2901_aligned.jpg
test_2902,data/raf-db/aligned/test_2902_aligned.jpg,7,neutral,test,neutral,/gpfs0/bgu-vilenchi/users/sdolev/Thesis/VLMs/data/raf-db/aligned/test_2902_aligned.jpg
test_2903,data/raf-db/aligned/test_2903_aligned.jpg,7,neutral,test,neutral,/gpfs0/bgu-vilenchi/users/sdolev/Thesis/VLMs/data/raf-db/aligned/test_2903_aligned.jpg
test_2904,data/raf-db/aligned/test_2904_aligned.jpg,7,neutral,test,neutral,/gpfs0/bgu-vilenchi/users/sdolev/Thesis/VLMs/data/raf-db/aligned/test_2904_aligned.jpg
test_2905,data/raf-db/aligned/test_2905_aligned.jpg,7,neutral,test,neutral,/gpfs0/bgu-vilenchi/users/sdolev/Thesis/VLMs/data/raf-db/aligned/test_2905_aligned.jpg
test_2906,data/raf-db/aligned/test_2906_aligned.jpg,7,neutral,test,neutral,/gpfs0/bgu-vilenchi/users/sdolev/Thesis/VLMs/data/raf-db/aligned/test_2906_aligned.jpg
test_2907,data/raf-db/aligned/test_2907_aligned.jpg,7,neutral,test,neutral,/gpfs0/bgu-vilenchi/users/sdolev/Thesis/VLMs/data/raf-db/aligned/test_2907_aligned.jpg
test_2908,data/raf-db/aligned/test_2908_aligned.jpg,7,neutral,test,neutral,/gpfs0/bgu-vilenchi/users/sdolev/Thesis/VLMs/data/raf-db/aligned/test_2908_aligned.jpg
test_2909,data/raf-db/aligned/test_2909_aligned.jpg,7,neutral,test,neutral,/gpfs0/bgu-vilenchi/users/sdolev/Thesis/VLMs/data/raf-db/aligned/test_2909_aligned.jpg
test_2910,data/raf-db/aligned/test_2910_aligned.jpg,7,neutral,test,neutral,/gpfs0/bgu-vilenchi/users/sdolev/Thesis/VLMs/data/raf-db/aligned/test_2910_aligned.jpg
test_2911,data/raf-db/aligned/test_2911_aligned.jpg,7,neutral,test,neutral,/gpfs0/bgu-vilenchi/users/sdolev/Thesis/VLMs/data/raf-db/aligned/test_2911_aligned.jpg
test_2912,data/raf-db/aligned/test_2912_aligned.jpg,7,neutral,test,neutral,/gpfs0/bgu-vilenchi/users/sdolev/Thesis/VLMs/data/raf-db/aligned/test_2912_aligned.jpg
test_2913,data/raf-db/aligned/test_2913_aligned.jpg,7,neutral,test,neutral,/gpfs0/bgu-vilenchi/users/sdolev/Thesis/VLMs/data/raf-db/aligned/test_2913_aligned.jpg
test_2914,data/raf-db/aligned/test_2914_aligned.jpg,7,neutral,test,neutral,/gpfs0/bgu-vilenchi/users/sdolev/Thesis/VLMs/data/raf-db/aligned/test_2914_aligned.jpg
test_2915,data/raf-db/aligned/test_2915_aligned.jpg,7,neutral,test,angry,/gpfs0/bgu-vilenchi/users/sdolev/Thesis/VLMs/data/raf-db/aligned/test_2915_aligned.jpg
test_2916,data/raf-db/aligned/test_2916_aligned.jpg,7,neutral,test,neutral,/gpfs0/bgu-vilenchi/users/sdolev/Thesis/VLMs/data/raf-db/aligned/test_2916_aligned.jpg
test_2917,data/raf-db/aligned/test_2917_aligned.jpg,7,neutral,test,neutral,/gpfs0/bgu-vilenchi/users/sdolev/Thesis/VLMs/data/raf-db/aligned/test_2917_aligned.jpg
test_2918,data/raf-db/aligned/test_2918_aligned.jpg,7,neutral,test,surprise,/gpfs0/bgu-vilenchi/users/sdolev/Thesis/VLMs/data/raf-db/aligned/test_2918_aligned.jpg
test_2919,data/raf-db/aligned/test_2919_aligned.jpg,7,neutral,test,neutral,/gpfs0/bgu-vilenchi/users/sdolev/Thesis/VLMs/data/raf-db/aligned/test_2919_aligned.jpg
test_2920,data/raf-db/aligned/test_2920_aligned.jpg,7,neutral,test,neutral,/gpfs0/bgu-vilenchi/users/sdolev/Thesis/VLMs/data/raf-db/aligned/test_2920_aligned.jpg
test_2921,data/raf-db/aligned/test_2921_aligned.jpg,7,neutral,test,neutral,/gpfs0/bgu-vilenchi/users/sdolev/Thesis/VLMs/data/raf-db/aligned/test_2921_aligned.jpg
test_2922,data/raf-db/aligned/test_2922_aligned.jpg,7,neutral,test,sad,/gpfs0/bgu-vilenchi/users/sdolev/Thesis/VLMs/data/raf-db/aligned/test_2922_aligned.jpg
test_2923,data/raf-db/aligned/test_2923_aligned.jpg,7,neutral,test,neutral,/gpfs0/bgu-vilenchi/users/sdolev/Thesis/VLMs/data/raf-db/aligned/test_2923_aligned.jpg
test_2924,data/raf-db/aligned/test_2924_aligned.jpg,7,neutral,test,neutral,/gpfs0/bgu-vilenchi/users/sdolev/Thesis/VLMs/data/raf-db/aligned/test_2924_aligned.jpg
test_2925,data/raf-db/aligned/test_2925_aligned.jpg,7,neutral,test,neutral,/gpfs0/bgu-vilenchi/users/sdolev/Thesis/VLMs/data/raf-db/aligned/test_2925_aligned.jpg
test_2926,data/raf-db/aligned/test_2926_aligned.jpg,7,neutral,test,neutral,/gpfs0/bgu-vilenchi/users/sdolev/Thesis/VLMs/data/raf-db/aligned/test_2926_aligned.jpg
test_2927,data/raf-db/aligned/test_2927_aligned.jpg,7,neutral,test,neutral,/gpfs0/bgu-vilenchi/users/sdolev/Thesis/VLMs/data/raf-db/aligned/test_2927_aligned.jpg
test_2928,data/raf-db/aligned/test_2928_aligned.jpg,7,neutral,test,sad,/gpfs0/bgu-vilenchi/users/sdolev/Thesis/VLMs/data/raf-db/aligned/test_2928_aligned.jpg
test_2929,data/raf-db/aligned/test_2929_aligned.jpg,7,neutral,test,neutral,/gpfs0/bgu-vilenchi/users/sdolev/Thesis/VLMs/data/raf-db/aligned/test_2929_aligned.jpg
test_2930,data/raf-db/aligned/test_2930_aligned.jpg,7,neutral,test,neutral,/gpfs0/bgu-vilenchi/users/sdolev/Thesis/VLMs/data/raf-db/aligned/test_2930_aligned.jpg
test_2931,data/raf-db/aligned/test_2931_aligned.jpg,7,neutral,test,neutral,/gpfs0/bgu-vilenchi/users/sdolev/Thesis/VLMs/data/raf-db/aligned/test_2931_aligned.jpg
test_2932,data/raf-db/aligned/test_2932_aligned.jpg,7,neutral,test,neutral,/gpfs0/bgu-vilenchi/users/sdolev/Thesis/VLMs/data/raf-db/aligned/test_2932_aligned.jpg
test_2933,data/raf-db/aligned/test_2933_aligned.jpg,7,neutral,test,neutral,/gpfs0/bgu-vilenchi/users/sdolev/Thesis/VLMs/data/raf-db/aligned/test_2933_aligned.jpg
test_2934,data/raf-db/aligned/test_2934_aligned.jpg,7,neutral,test,neutral,/gpfs0/bgu-vilenchi/users/sdolev/Thesis/VLMs/data/raf-db/aligned/test_2934_aligned.jpg
test_2935,data/raf-db/aligned/test_2935_aligned.jpg,7,neutral,test,neutral,/gpfs0/bgu-vilenchi/users/sdolev/Thesis/VLMs/data/raf-db/aligned/test_2935_aligned.jpg
test_2936,data/raf-db/aligned/test_2936_aligned.jpg,7,neutral,test,neutral,/gpfs0/bgu-vilenchi/users/sdolev/Thesis/VLMs/data/raf-db/aligned/test_2936_aligned.jpg
test_2937,data/raf-db/aligned/test_2937_aligned.jpg,7,neutral,test,neutral,/gpfs0/bgu-vilenchi/users/sdolev/Thesis/VLMs/data/raf-db/aligned/test_2937_aligned.jpg
test_2938,data/raf-db/aligned/test_2938_aligned.jpg,7,neutral,test,neutral,/gpfs0/bgu-vilenchi/users/sdolev/Thesis/VLMs/data/raf-db/aligned/test_2938_aligned.jpg
test_2939,data/raf-db/aligned/test_2939_aligned.jpg,7,neutral,test,neutral,/gpfs0/bgu-vilenchi/users/sdolev/Thesis/VLMs/data/raf-db/aligned/test_2939_aligned.jpg
test_2940,data/raf-db/aligned/test_2940_aligned.jpg,7,neutral,test,neutral,/gpfs0/bgu-vilenchi/users/sdolev/Thesis/VLMs/data/raf-db/aligned/test_2940_aligned.jpg
test_2941,data/raf-db/aligned/test_2941_aligned.jpg,7,neutral,test,neutral,/gpfs0/bgu-vilenchi/users/sdolev/Thesis/VLMs/data/raf-db/aligned/test_2941_aligned.jpg
test_2942,data/raf-db/aligned/test_2942_aligned.jpg,7,neutral,test,neutral,/gpfs0/bgu-vilenchi/users/sdolev/Thesis/VLMs/data/raf-db/aligned/test_2942_aligned.jpg
test_2943,data/raf-db/aligned/test_2943_aligned.jpg,7,neutral,test,neutral,/gpfs0/bgu-vilenchi/users/sdolev/Thesis/VLMs/data/raf-db/aligned/test_2943_aligned.jpg
test_2944,data/raf-db/aligned/test_2944_aligned.jpg,7,neutral,test,neutral,/gpfs0/bgu-vilenchi/users/sdolev/Thesis/VLMs/data/raf-db/aligned/test_2944_aligned.jpg
test_2945,data/raf-db/aligned/test_2945_aligned.jpg,7,neutral,test,neutral,/gpfs0/bgu-vilenchi/users/sdolev/Thesis/VLMs/data/raf-db/aligned/test_2945_aligned.jpg
test_2946,data/raf-db/aligned/test_2946_aligned.jpg,7,neutral,test,neutral,/gpfs0/bgu-vilenchi/users/sdolev/Thesis/VLMs/data/raf-db/aligned/test_2946_aligned.jpg
test_2947,data/raf-db/aligned/test_2947_aligned.jpg,7,neutral,test,neutral,/gpfs0/bgu-vilenchi/users/sdolev/Thesis/VLMs/data/raf-db/aligned/test_2947_aligned.jpg
test_2948,data/raf-db/aligned/test_2948_aligned.jpg,7,neutral,test,neutral,/gpfs0/bgu-vilenchi/users/sdolev/Thesis/VLMs/data/raf-db/aligned/test_2948_aligned.jpg
test_2949,data/raf-db/aligned/test_2949_aligned.jpg,7,neutral,test,neutral,/gpfs0/bgu-vilenchi/users/sdolev/Thesis/VLMs/data/raf-db/aligned/test_2949_aligned.jpg
test_2950,data/raf-db/aligned/test_2950_aligned.jpg,7,neutral,test,neutral,/gpfs0/bgu-vilenchi/users/sdolev/Thesis/VLMs/data/raf-db/aligned/test_2950_aligned.jpg
test_2951,data/raf-db/aligned/test_2951_aligned.jpg,7,neutral,test,neutral,/gpfs0/bgu-vilenchi/users/sdolev/Thesis/VLMs/data/raf-db/aligned/test_2951_aligned.jpg
test_2952,data/raf-db/aligned/test_2952_aligned.jpg,7,neutral,test,neutral,/gpfs0/bgu-vilenchi/users/sdolev/Thesis/VLMs/data/raf-db/aligned/test_2952_aligned.jpg
test_2953,data/raf-db/aligned/test_2953_aligned.jpg,7,neutral,test,neutral,/gpfs0/bgu-vilenchi/users/sdolev/Thesis/VLMs/data/raf-db/aligned/test_2953_aligned.jpg
test_2954,data/raf-db/aligned/test_2954_aligned.jpg,7,neutral,test,neutral,/gpfs0/bgu-vilenchi/users/sdolev/Thesis/VLMs/data/raf-db/aligned/test_2954_aligned.jpg
test_2955,data/raf-db/aligned/test_2955_aligned.jpg,7,neutral,test,neutral,/gpfs0/bgu-vilenchi/users/sdolev/Thesis/VLMs/data/raf-db/aligned/test_2955_aligned.jpg
test_2956,data/raf-db/aligned/test_2956_aligned.jpg,7,neutral,test,neutral,/gpfs0/bgu-vilenchi/users/sdolev/Thesis/VLMs/data/raf-db/aligned/test_2956_aligned.jpg
test_2957,data/raf-db/aligned/test_2957_aligned.jpg,7,neutral,test,neutral,/gpfs0/bgu-vilenchi/users/sdolev/Thesis/VLMs/data/raf-db/aligned/test_2957_aligned.jpg
test_2958,data/raf-db/aligned/test_2958_aligned.jpg,7,neutral,test,neutral,/gpfs0/bgu-vilenchi/users/sdolev/Thesis/VLMs/data/raf-db/aligned/test_2958_aligned.jpg
test_2959,data/raf-db/aligned/test_2959_aligned.jpg,7,neutral,test,neutral,/gpfs0/bgu-vilenchi/users/sdolev/Thesis/VLMs/data/raf-db/aligned/test_2959_aligned.jpg
test_2960,data/raf-db/aligned/test_2960_aligned.jpg,7,neutral,test,neutral,/gpfs0/bgu-vilenchi/users/sdolev/Thesis/VLMs/data/raf-db/aligned/test_2960_aligned.jpg
test_2961,data/raf-db/aligned/test_2961_aligned.jpg,7,neutral,test,neutral,/gpfs0/bgu-vilenchi/users/sdolev/Thesis/VLMs/data/raf-db/aligned/test_2961_aligned.jpg
test_2962,data/raf-db/aligned/test_2962_aligned.jpg,7,neutral,test,neutral,/gpfs0/bgu-vilenchi/users/sdolev/Thesis/VLMs/data/raf-db/aligned/test_2962_aligned.jpg
test_2963,data/raf-db/aligned/test_2963_aligned.jpg,7,neutral,test,neutral,/gpfs0/bgu-vilenchi/users/sdolev/Thesis/VLMs/data/raf-db/aligned/test_2963_aligned.jpg
test_2964,data/raf-db/aligned/test_2964_aligned.jpg,7,neutral,test,neutral,/gpfs0/bgu-vilenchi/users/sdolev/Thesis/VLMs/data/raf-db/aligned/test_2964_aligned.jpg
test_2965,data/raf-db/aligned/test_2965_aligned.jpg,7,neutral,test,neutral,/gpfs0/bgu-vilenchi/users/sdolev/Thesis/VLMs/data/raf-db/aligned/test_2965_aligned.jpg
test_2966,data/raf-db/aligned/test_2966_aligned.jpg,7,neutral,test,sad,/gpfs0/bgu-vilenchi/users/sdolev/Thesis/VLMs/data/raf-db/aligned/test_2966_aligned.jpg
test_2967,data/raf-db/aligned/test_2967_aligned.jpg,7,neutral,test,neutral,/gpfs0/bgu-vilenchi/users/sdolev/Thesis/VLMs/data/raf-db/aligned/test_2967_aligned.jpg
test_2968,data/raf-db/aligned/test_2968_aligned.jpg,7,neutral,test,neutral,/gpfs0/bgu-vilenchi/users/sdolev/Thesis/VLMs/data/raf-db/aligned/test_2968_aligned.jpg
test_2969,data/raf-db/aligned/test_2969_aligned.jpg,7,neutral,test,neutral,/gpfs0/bgu-vilenchi/users/sdolev/Thesis/VLMs/data/raf-db/aligned/test_2969_aligned.jpg
test_2970,data/raf-db/aligned/test_2970_aligned.jpg,7,neutral,test,neutral,/gpfs0/bgu-vilenchi/users/sdolev/Thesis/VLMs/data/raf-db/aligned/test_2970_aligned.jpg
test_2971,data/raf-db/aligned/test_2971_aligned.jpg,7,neutral,test,neutral,/gpfs0/bgu-vilenchi/users/sdolev/Thesis/VLMs/data/raf-db/aligned/test_2971_aligned.jpg
test_2972,data/raf-db/aligned/test_2972_aligned.jpg,7,neutral,test,neutral,/gpfs0/bgu-vilenchi/users/sdolev/Thesis/VLMs/data/raf-db/aligned/test_2972_aligned.jpg
test_2973,data/raf-db/aligned/test_2973_aligned.jpg,7,neutral,test,happy,/gpfs0/bgu-vilenchi/users/sdolev/Thesis/VLMs/data/raf-db/aligned/test_2973_aligned.jpg
test_2974,data/raf-db/aligned/test_2974_aligned.jpg,7,neutral,test,neutral,/gpfs0/bgu-vilenchi/users/sdolev/Thesis/VLMs/data/raf-db/aligned/test_2974_aligned.jpg
test_2975,data/raf-db/aligned/test_2975_aligned.jpg,7,neutral,test,neutral,/gpfs0/bgu-vilenchi/users/sdolev/Thesis/VLMs/data/raf-db/aligned/test_2975_aligned.jpg
test_2976,data/raf-db/aligned/test_2976_aligned.jpg,7,neutral,test,neutral,/gpfs0/bgu-vilenchi/users/sdolev/Thesis/VLMs/data/raf-db/aligned/test_2976_aligned.jpg
test_2977,data/raf-db/aligned/test_2977_aligned.jpg,7,neutral,test,neutral,/gpfs0/bgu-vilenchi/users/sdolev/Thesis/VLMs/data/raf-db/aligned/test_2977_aligned.jpg
test_2978,data/raf-db/aligned/test_2978_aligned.jpg,7,neutral,test,neutral,/gpfs0/bgu-vilenchi/users/sdolev/Thesis/VLMs/data/raf-db/aligned/test_2978_aligned.jpg
test_2979,data/raf-db/aligned/test_2979_aligned.jpg,7,neutral,test,neutral,/gpfs0/bgu-vilenchi/users/sdolev/Thesis/VLMs/data/raf-db/aligned/test_2979_aligned.jpg
test_2980,data/raf-db/aligned/test_2980_aligned.jpg,7,neutral,test,neutral,/gpfs0/bgu-vilenchi/users/sdolev/Thesis/VLMs/data/raf-db/aligned/test_2980_aligned.jpg
test_2981,data/raf-db/aligned/test_2981_aligned.jpg,7,neutral,test,neutral,/gpfs0/bgu-vilenchi/users/sdolev/Thesis/VLMs/data/raf-db/aligned/test_2981_aligned.jpg
test_2982,data/raf-db/aligned/test_2982_aligned.jpg,7,neutral,test,neutral,/gpfs0/bgu-vilenchi/users/sdolev/Thesis/VLMs/data/raf-db/aligned/test_2982_aligned.jpg
test_2983,data/raf-db/aligned/test_2983_aligned.jpg,7,neutral,test,neutral,/gpfs0/bgu-vilenchi/users/sdolev/Thesis/VLMs/data/raf-db/aligned/test_2983_aligned.jpg
test_2984,data/raf-db/aligned/test_2984_aligned.jpg,7,neutral,test,neutral,/gpfs0/bgu-vilenchi/users/sdolev/Thesis/VLMs/data/raf-db/aligned/test_2984_aligned.jpg
test_2985,data/raf-db/aligned/test_2985_aligned.jpg,7,neutral,test,neutral,/gpfs0/bgu-vilenchi/users/sdolev/Thesis/VLMs/data/raf-db/aligned/test_2985_aligned.jpg
test_2986,data/raf-db/aligned/test_2986_aligned.jpg,7,neutral,test,neutral,/gpfs0/bgu-vilenchi/users/sdolev/Thesis/VLMs/data/raf-db/aligned/test_2986_aligned.jpg
test_2987,data/raf-db/aligned/test_2987_aligned.jpg,7,neutral,test,neutral,/gpfs0/bgu-vilenchi/users/sdolev/Thesis/VLMs/data/raf-db/aligned/test_2987_aligned.jpg
test_2988,data/raf-db/aligned/test_2988_aligned.jpg,7,neutral,test,neutral,/gpfs0/bgu-vilenchi/users/sdolev/Thesis/VLMs/data/raf-db/aligned/test_2988_aligned.jpg
test_2989,data/raf-db/aligned/test_2989_aligned.jpg,7,neutral,test,neutral,/gpfs0/bgu-vilenchi/users/sdolev/Thesis/VLMs/data/raf-db/aligned/test_2989_aligned.jpg
test_2990,data/raf-db/aligned/test_2990_aligned.jpg,7,neutral,test,neutral,/gpfs0/bgu-vilenchi/users/sdolev/Thesis/VLMs/data/raf-db/aligned/test_2990_aligned.jpg
test_2991,data/raf-db/aligned/test_2991_aligned.jpg,7,neutral,test,neutral,/gpfs0/bgu-vilenchi/users/sdolev/Thesis/VLMs/data/raf-db/aligned/test_2991_aligned.jpg
test_2992,data/raf-db/aligned/test_2992_aligned.jpg,7,neutral,test,sad,/gpfs0/bgu-vilenchi/users/sdolev/Thesis/VLMs/data/raf-db/aligned/test_2992_aligned.jpg
test_2993,data/raf-db/aligned/test_2993_aligned.jpg,7,neutral,test,neutral,/gpfs0/bgu-vilenchi/users/sdolev/Thesis/VLMs/data/raf-db/aligned/test_2993_aligned.jpg
test_2994,data/raf-db/aligned/test_2994_aligned.jpg,7,neutral,test,neutral,/gpfs0/bgu-vilenchi/users/sdolev/Thesis/VLMs/data/raf-db/aligned/test_2994_aligned.jpg
test_2995,data/raf-db/aligned/test_2995_aligned.jpg,7,neutral,test,neutral,/gpfs0/bgu-vilenchi/users/sdolev/Thesis/VLMs/data/raf-db/aligned/test_2995_aligned.jpg
test_2996,data/raf-db/aligned/test_2996_aligned.jpg,7,neutral,test,neutral,/gpfs0/bgu-vilenchi/users/sdolev/Thesis/VLMs/data/raf-db/aligned/test_2996_aligned.jpg
test_2997,data/raf-db/aligned/test_2997_aligned.jpg,7,neutral,test,neutral,/gpfs0/bgu-vilenchi/users/sdolev/Thesis/VLMs/data/raf-db/aligned/test_2997_aligned.jpg
test_2998,data/raf-db/aligned/test_2998_aligned.jpg,7,neutral,test,neutral,/gpfs0/bgu-vilenchi/users/sdolev/Thesis/VLMs/data/raf-db/aligned/test_2998_aligned.jpg
test_2999,data/raf-db/aligned/test_2999_aligned.jpg,7,neutral,test,neutral,/gpfs0/bgu-vilenchi/users/sdolev/Thesis/VLMs/data/raf-db/aligned/test_2999_aligned.jpg
test_3000,data/raf-db/aligned/test_3000_aligned.jpg,7,neutral,test,neutral,/gpfs0/bgu-vilenchi/users/sdolev/Thesis/VLMs/data/raf-db/aligned/test_3000_aligned.jpg
test_3001,data/raf-db/aligned/test_3001_aligned.jpg,7,neutral,test,neutral,/gpfs0/bgu-vilenchi/users/sdolev/Thesis/VLMs/data/raf-db/aligned/test_3001_aligned.jpg
test_3002,data/raf-db/aligned/test_3002_aligned.jpg,7,neutral,test,neutral,/gpfs0/bgu-vilenchi/users/sdolev/Thesis/VLMs/data/raf-db/aligned/test_3002_aligned.jpg
test_3003,data/raf-db/aligned/test_3003_aligned.jpg,7,neutral,test,neutral,/gpfs0/bgu-vilenchi/users/sdolev/Thesis/VLMs/data/raf-db/aligned/test_3003_aligned.jpg
test_3004,data/raf-db/aligned/test_3004_aligned.jpg,7,neutral,test,neutral,/gpfs0/bgu-vilenchi/users/sdolev/Thesis/VLMs/data/raf-db/aligned/test_3004_aligned.jpg
test_3005,data/raf-db/aligned/test_3005_aligned.jpg,7,neutral,test,neutral,/gpfs0/bgu-vilenchi/users/sdolev/Thesis/VLMs/data/raf-db/aligned/test_3005_aligned.jpg
test_3006,data/raf-db/aligned/test_3006_aligned.jpg,7,neutral,test,neutral,/gpfs0/bgu-vilenchi/users/sdolev/Thesis/VLMs/data/raf-db/aligned/test_3006_aligned.jpg
test_3007,data/raf-db/aligned/test_3007_aligned.jpg,7,neutral,test,neutral,/gpfs0/bgu-vilenchi/users/sdolev/Thesis/VLMs/data/raf-db/aligned/test_3007_aligned.jpg
test_3008,data/raf-db/aligned/test_3008_aligned.jpg,7,neutral,test,neutral,/gpfs0/bgu-vilenchi/users/sdolev/Thesis/VLMs/data/raf-db/aligned/test_3008_aligned.jpg
test_3009,data/raf-db/aligned/test_3009_aligned.jpg,7,neutral,test,neutral,/gpfs0/bgu-vilenchi/users/sdolev/Thesis/VLMs/data/raf-db/aligned/test_3009_aligned.jpg
test_3010,data/raf-db/aligned/test_3010_aligned.jpg,7,neutral,test,neutral,/gpfs0/bgu-vilenchi/users/sdolev/Thesis/VLMs/data/raf-db/aligned/test_3010_aligned.jpg
test_3011,data/raf-db/aligned/test_3011_aligned.jpg,7,neutral,test,neutral,/gpfs0/bgu-vilenchi/users/sdolev/Thesis/VLMs/data/raf-db/aligned/test_3011_aligned.jpg
test_3012,data/raf-db/aligned/test_3012_aligned.jpg,7,neutral,test,neutral,/gpfs0/bgu-vilenchi/users/sdolev/Thesis/VLMs/data/raf-db/aligned/test_3012_aligned.jpg
test_3013,data/raf-db/aligned/test_3013_aligned.jpg,7,neutral,test,neutral,/gpfs0/bgu-vilenchi/users/sdolev/Thesis/VLMs/data/raf-db/aligned/test_3013_aligned.jpg
test_3014,data/raf-db/aligned/test_3014_aligned.jpg,7,neutral,test,neutral,/gpfs0/bgu-vilenchi/users/sdolev/Thesis/VLMs/data/raf-db/aligned/test_3014_aligned.jpg
test_3015,data/raf-db/aligned/test_3015_aligned.jpg,7,neutral,test,neutral,/gpfs0/bgu-vilenchi/users/sdolev/Thesis/VLMs/data/raf-db/aligned/test_3015_aligned.jpg
test_3016,data/raf-db/aligned/test_3016_aligned.jpg,7,neutral,test,neutral,/gpfs0/bgu-vilenchi/users/sdolev/Thesis/VLMs/data/raf-db/aligned/test_3016_aligned.jpg
test_3017,data/raf-db/aligned/test_3017_aligned.jpg,7,neutral,test,neutral,/gpfs0/bgu-vilenchi/users/sdolev/Thesis/VLMs/data/raf-db/aligned/test_3017_aligned.jpg
test_3018,data/raf-db/aligned/test_3018_aligned.jpg,7,neutral,test,neutral,/gpfs0/bgu-vilenchi/users/sdolev/Thesis/VLMs/data/raf-db/aligned/test_3018_aligned.jpg
test_3019,data/raf-db/aligned/test_3019_aligned.jpg,7,neutral,test,neutral,/gpfs0/bgu-vilenchi/users/sdolev/Thesis/VLMs/data/raf-db/aligned/test_3019_aligned.jpg
test_3020,data/raf-db/aligned/test_3020_aligned.jpg,7,neutral,test,neutral,/gpfs0/bgu-vilenchi/users/sdolev/Thesis/VLMs/data/raf-db/aligned/test_3020_aligned.jpg
test_3021,data/raf-db/aligned/test_3021_aligned.jpg,7,neutral,test,neutral,/gpfs0/bgu-vilenchi/users/sdolev/Thesis/VLMs/data/raf-db/aligned/test_3021_aligned.jpg
test_3022,data/raf-db/aligned/test_3022_aligned.jpg,7,neutral,test,neutral,/gpfs0/bgu-vilenchi/users/sdolev/Thesis/VLMs/data/raf-db/aligned/test_3022_aligned.jpg
test_3023,data/raf-db/aligned/test_3023_aligned.jpg,7,neutral,test,neutral,/gpfs0/bgu-vilenchi/users/sdolev/Thesis/VLMs/data/raf-db/aligned/test_3023_aligned.jpg
test_3024,data/raf-db/aligned/test_3024_aligned.jpg,7,neutral,test,neutral,/gpfs0/bgu-vilenchi/users/sdolev/Thesis/VLMs/data/raf-db/aligned/test_3024_aligned.jpg
test_3025,data/raf-db/aligned/test_3025_aligned.jpg,7,neutral,test,neutral,/gpfs0/bgu-vilenchi/users/sdolev/Thesis/VLMs/data/raf-db/aligned/test_3025_aligned.jpg
test_3026,data/raf-db/aligned/test_3026_aligned.jpg,7,neutral,test,neutral,/gpfs0/bgu-vilenchi/users/sdolev/Thesis/VLMs/data/raf-db/aligned/test_3026_aligned.jpg
test_3027,data/raf-db/aligned/test_3027_aligned.jpg,7,neutral,test,neutral,/gpfs0/bgu-vilenchi/users/sdolev/Thesis/VLMs/data/raf-db/aligned/test_3027_aligned.jpg
test_3028,data/raf-db/aligned/test_3028_aligned.jpg,7,neutral,test,neutral,/gpfs0/bgu-vilenchi/users/sdolev/Thesis/VLMs/data/raf-db/aligned/test_3028_aligned.jpg
test_3029,data/raf-db/aligned/test_3029_aligned.jpg,7,neutral,test,neutral,/gpfs0/bgu-vilenchi/users/sdolev/Thesis/VLMs/data/raf-db/aligned/test_3029_aligned.jpg
test_3030,data/raf-db/aligned/test_3030_aligned.jpg,7,neutral,test,neutral,/gpfs0/bgu-vilenchi/users/sdolev/Thesis/VLMs/data/raf-db/aligned/test_3030_aligned.jpg
test_3031,data/raf-db/aligned/test_3031_aligned.jpg,7,neutral,test,neutral,/gpfs0/bgu-vilenchi/users/sdolev/Thesis/VLMs/data/raf-db/aligned/test_3031_aligned.jpg
test_3032,data/raf-db/aligned/test_3032_aligned.jpg,7,neutral,test,neutral,/gpfs0/bgu-vilenchi/users/sdolev/Thesis/VLMs/data/raf-db/aligned/test_3032_aligned.jpg
test_3033,data/raf-db/aligned/test_3033_aligned.jpg,7,neutral,test,neutral,/gpfs0/bgu-vilenchi/users/sdolev/Thesis/VLMs/data/raf-db/aligned/test_3033_aligned.jpg
test_3034,data/raf-db/aligned/test_3034_aligned.jpg,7,neutral,test,neutral,/gpfs0/bgu-vilenchi/users/sdolev/Thesis/VLMs/data/raf-db/aligned/test_3034_aligned.jpg
test_3035,data/raf-db/aligned/test_3035_aligned.jpg,7,neutral,test,neutral,/gpfs0/bgu-vilenchi/users/sdolev/Thesis/VLMs/data/raf-db/aligned/test_3035_aligned.jpg
test_3036,data/raf-db/aligned/test_3036_aligned.jpg,7,neutral,test,neutral,/gpfs0/bgu-vilenchi/users/sdolev/Thesis/VLMs/data/raf-db/aligned/test_3036_aligned.jpg
test_3037,data/raf-db/aligned/test_3037_aligned.jpg,7,neutral,test,neutral,/gpfs0/bgu-vilenchi/users/sdolev/Thesis/VLMs/data/raf-db/aligned/test_3037_aligned.jpg
test_3038,data/raf-db/aligned/test_3038_aligned.jpg,7,neutral,test,neutral,/gpfs0/bgu-vilenchi/users/sdolev/Thesis/VLMs/data/raf-db/aligned/test_3038_aligned.jpg
test_3039,data/raf-db/aligned/test_3039_aligned.jpg,7,neutral,test,neutral,/gpfs0/bgu-vilenchi/users/sdolev/Thesis/VLMs/data/raf-db/aligned/test_3039_aligned.jpg
test_3040,data/raf-db/aligned/test_3040_aligned.jpg,7,neutral,test,neutral,/gpfs0/bgu-vilenchi/users/sdolev/Thesis/VLMs/data/raf-db/aligned/test_3040_aligned.jpg
test_3041,data/raf-db/aligned/test_3041_aligned.jpg,7,neutral,test,neutral,/gpfs0/bgu-vilenchi/users/sdolev/Thesis/VLMs/data/raf-db/aligned/test_3041_aligned.jpg
test_3042,data/raf-db/aligned/test_3042_aligned.jpg,7,neutral,test,neutral,/gpfs0/bgu-vilenchi/users/sdolev/Thesis/VLMs/data/raf-db/aligned/test_3042_aligned.jpg
test_3043,data/raf-db/aligned/test_3043_aligned.jpg,7,neutral,test,neutral,/gpfs0/bgu-vilenchi/users/sdolev/Thesis/VLMs/data/raf-db/aligned/test_3043_aligned.jpg
test_3044,data/raf-db/aligned/test_3044_aligned.jpg,7,neutral,test,neutral,/gpfs0/bgu-vilenchi/users/sdolev/Thesis/VLMs/data/raf-db/aligned/test_3044_aligned.jpg
test_3045,data/raf-db/aligned/test_3045_aligned.jpg,7,neutral,test,neutral,/gpfs0/bgu-vilenchi/users/sdolev/Thesis/VLMs/data/raf-db/aligned/test_3045_aligned.jpg
test_3046,data/raf-db/aligned/test_3046_aligned.jpg,7,neutral,test,neutral,/gpfs0/bgu-vilenchi/users/sdolev/Thesis/VLMs/data/raf-db/aligned/test_3046_aligned.jpg
test_3047,data/raf-db/aligned/test_3047_aligned.jpg,7,neutral,test,neutral,/gpfs0/bgu-vilenchi/users/sdolev/Thesis/VLMs/data/raf-db/aligned/test_3047_aligned.jpg
test_3048,data/raf-db/aligned/test_3048_aligned.jpg,7,neutral,test,neutral,/gpfs0/bgu-vilenchi/users/sdolev/Thesis/VLMs/data/raf-db/aligned/test_3048_aligned.jpg
test_3049,data/raf-db/aligned/test_3049_aligned.jpg,7,neutral,test,neutral,/gpfs0/bgu-vilenchi/users/sdolev/Thesis/VLMs/data/raf-db/aligned/test_3049_aligned.jpg
test_3050,data/raf-db/aligned/test_3050_aligned.jpg,7,neutral,test,neutral,/gpfs0/bgu-vilenchi/users/sdolev/Thesis/VLMs/data/raf-db/aligned/test_3050_aligned.jpg
test_3051,data/raf-db/aligned/test_3051_aligned.jpg,7,neutral,test,neutral,/gpfs0/bgu-vilenchi/users/sdolev/Thesis/VLMs/data/raf-db/aligned/test_3051_aligned.jpg
test_3052,data/raf-db/aligned/test_3052_aligned.jpg,7,neutral,test,neutral,/gpfs0/bgu-vilenchi/users/sdolev/Thesis/VLMs/data/raf-db/aligned/test_3052_aligned.jpg
test_3053,data/raf-db/aligned/test_3053_aligned.jpg,7,neutral,test,neutral,/gpfs0/bgu-vilenchi/users/sdolev/Thesis/VLMs/data/raf-db/aligned/test_3053_aligned.jpg
test_3054,data/raf-db/aligned/test_3054_aligned.jpg,7,neutral,test,neutral,/gpfs0/bgu-vilenchi/users/sdolev/Thesis/VLMs/data/raf-db/aligned/test_3054_aligned.jpg
test_3055,data/raf-db/aligned/test_3055_aligned.jpg,7,neutral,test,neutral,/gpfs0/bgu-vilenchi/users/sdolev/Thesis/VLMs/data/raf-db/aligned/test_3055_aligned.jpg
test_3056,data/raf-db/aligned/test_3056_aligned.jpg,7,neutral,test,neutral,/gpfs0/bgu-vilenchi/users/sdolev/Thesis/VLMs/data/raf-db/aligned/test_3056_aligned.jpg
test_3057,data/raf-db/aligned/test_3057_aligned.jpg,7,neutral,test,neutral,/gpfs0/bgu-vilenchi/users/sdolev/Thesis/VLMs/data/raf-db/aligned/test_3057_aligned.jpg
test_3058,data/raf-db/aligned/test_3058_aligned.jpg,7,neutral,test,neutral,/gpfs0/bgu-vilenchi/users/sdolev/Thesis/VLMs/data/raf-db/aligned/test_3058_aligned.jpg
test_3059,data/raf-db/aligned/test_3059_aligned.jpg,7,neutral,test,neutral,/gpfs0/bgu-vilenchi/users/sdolev/Thesis/VLMs/data/raf-db/aligned/test_3059_aligned.jpg
test_3060,data/raf-db/aligned/test_3060_aligned.jpg,7,neutral,test,neutral,/gpfs0/bgu-vilenchi/users/sdolev/Thesis/VLMs/data/raf-db/aligned/test_3060_aligned.jpg
test_3061,data/raf-db/aligned/test_3061_aligned.jpg,7,neutral,test,neutral,/gpfs0/bgu-vilenchi/users/sdolev/Thesis/VLMs/data/raf-db/aligned/test_3061_aligned.jpg
test_3062,data/raf-db/aligned/test_3062_aligned.jpg,7,neutral,test,neutral,/gpfs0/bgu-vilenchi/users/sdolev/Thesis/VLMs/data/raf-db/aligned/test_3062_aligned.jpg
test_3063,data/raf-db/aligned/test_3063_aligned.jpg,7,neutral,test,neutral,/gpfs0/bgu-vilenchi/users/sdolev/Thesis/VLMs/data/raf-db/aligned/test_3063_aligned.jpg
test_3064,data/raf-db/aligned/test_3064_aligned.jpg,7,neutral,test,sad,/gpfs0/bgu-vilenchi/users/sdolev/Thesis/VLMs/data/raf-db/aligned/test_3064_aligned.jpg
test_3065,data/raf-db/aligned/test_3065_aligned.jpg,7,neutral,test,neutral,/gpfs0/bgu-vilenchi/users/sdolev/Thesis/VLMs/data/raf-db/aligned/test_3065_aligned.jpg
test_3066,data/raf-db/aligned/test_3066_aligned.jpg,7,neutral,test,neutral,/gpfs0/bgu-vilenchi/users/sdolev/Thesis/VLMs/data/raf-db/aligned/test_3066_aligned.jpg
test_3067,data/raf-db/aligned/test_3067_aligned.jpg,7,neutral,test,neutral,/gpfs0/bgu-vilenchi/users/sdolev/Thesis/VLMs/data/raf-db/aligned/test_3067_aligned.jpg
test_3068,data/raf-db/aligned/test_3068_aligned.jpg,7,neutral,test,neutral,/gpfs0/bgu-vilenchi/users/sdolev/Thesis/VLMs/data/raf-db/aligned/test_3068_aligned.jpg
