usage,file_path,true_label,votes_percentage,coded_true_label,clusters_eps_0.03
Training,/gpfs0/bgu-vilenchi/users/sdolev/Thesis/VLMs/data/fer2013/Training/happy/happy_Training_16488.png,happy,1.0,3,-1
Training,/gpfs0/bgu-vilenchi/users/sdolev/Thesis/VLMs/data/fer2013/Training/neutral/neutral_Training_20090.png,neutral,1.0,6,-1
PrivateTest,/gpfs0/bgu-vilenchi/users/sdolev/Thesis/VLMs/data/fer2013/PrivateTest/happy/happy_PrivateTest_34041.png,happy,0.9,3,-1
Training,/gpfs0/bgu-vilenchi/users/sdolev/Thesis/VLMs/data/fer2013/Training/sad/sad_Training_5088.png,neutral,0.8,6,-1
Training,/gpfs0/bgu-vilenchi/users/sdolev/Thesis/VLMs/data/fer2013/Training/surprise/surprise_Training_21662.png,surprise,0.8,5,7
Training,/gpfs0/bgu-vilenchi/users/sdolev/Thesis/VLMs/data/fer2013/Training/happy/happy_Training_16925.png,happy,1.0,3,1
PrivateTest,/gpfs0/bgu-vilenchi/users/sdolev/Thesis/VLMs/data/fer2013/PrivateTest/neutral/neutral_PrivateTest_33487.png,happy,0.8,3,-1
PublicTest,/gpfs0/bgu-vilenchi/users/sdolev/Thesis/VLMs/data/fer2013/PublicTest/happy/happy_PublicTest_32027.png,happy,0.9,3,-1
PublicTest,/gpfs0/bgu-vilenchi/users/sdolev/Thesis/VLMs/data/fer2013/PublicTest/fear/fear_PublicTest_30140.png,neutral,0.9,6,-1
Training,/gpfs0/bgu-vilenchi/users/sdolev/Thesis/VLMs/data/fer2013/Training/sad/sad_Training_21435.png,sad,0.9,4,-1
PrivateTest,/gpfs0/bgu-vilenchi/users/sdolev/Thesis/VLMs/data/fer2013/PrivateTest/happy/happy_PrivateTest_35440.png,happy,1.0,3,-1
Training,/gpfs0/bgu-vilenchi/users/sdolev/Thesis/VLMs/data/fer2013/Training/sad/sad_Training_18648.png,neutral,0.9,6,-1
Training,/gpfs0/bgu-vilenchi/users/sdolev/Thesis/VLMs/data/fer2013/Training/happy/happy_Training_531.png,happy,1.0,3,-1
Training,/gpfs0/bgu-vilenchi/users/sdolev/Thesis/VLMs/data/fer2013/Training/happy/happy_Training_2199.png,happy,1.0,3,-1
Training,/gpfs0/bgu-vilenchi/users/sdolev/Thesis/VLMs/data/fer2013/Training/happy/happy_Training_6333.png,happy,1.0,3,-1
PublicTest,/gpfs0/bgu-vilenchi/users/sdolev/Thesis/VLMs/data/fer2013/PublicTest/happy/happy_PublicTest_31285.png,happy,0.8,3,7
PublicTest,/gpfs0/bgu-vilenchi/users/sdolev/Thesis/VLMs/data/fer2013/PublicTest/fear/fear_PublicTest_29107.png,neutral,0.9,6,-1
Training,/gpfs0/bgu-vilenchi/users/sdolev/Thesis/VLMs/data/fer2013/Training/happy/happy_Training_25996.png,happy,0.9,3,-1
PrivateTest,/gpfs0/bgu-vilenchi/users/sdolev/Thesis/VLMs/data/fer2013/PrivateTest/sad/sad_PrivateTest_33877.png,sad,0.9,4,-1
Training,/gpfs0/bgu-vilenchi/users/sdolev/Thesis/VLMs/data/fer2013/Training/neutral/neutral_Training_14817.png,neutral,0.9,6,947
PublicTest,/gpfs0/bgu-vilenchi/users/sdolev/Thesis/VLMs/data/fer2013/PublicTest/happy/happy_PublicTest_28868.png,happy,1.0,3,-1
Training,/gpfs0/bgu-vilenchi/users/sdolev/Thesis/VLMs/data/fer2013/Training/happy/happy_Training_26978.png,happy,0.9,3,-1
Training,/gpfs0/bgu-vilenchi/users/sdolev/Thesis/VLMs/data/fer2013/Training/happy/happy_Training_17031.png,happy,0.9,3,-1
Training,/gpfs0/bgu-vilenchi/users/sdolev/Thesis/VLMs/data/fer2013/Training/happy/happy_Training_3146.png,happy,1.0,3,-1
Training,/gpfs0/bgu-vilenchi/users/sdolev/Thesis/VLMs/data/fer2013/Training/happy/happy_Training_15976.png,happy,1.0,3,-1
Training,/gpfs0/bgu-vilenchi/users/sdolev/Thesis/VLMs/data/fer2013/Training/happy/happy_Training_9084.png,happy,1.0,3,-1
Training,/gpfs0/bgu-vilenchi/users/sdolev/Thesis/VLMs/data/fer2013/Training/surprise/surprise_Training_27666.png,surprise,0.8,5,7
Training,/gpfs0/bgu-vilenchi/users/sdolev/Thesis/VLMs/data/fer2013/Training/neutral/neutral_Training_22801.png,neutral,0.9,6,-1
PublicTest,/gpfs0/bgu-vilenchi/users/sdolev/Thesis/VLMs/data/fer2013/PublicTest/surprise/surprise_PublicTest_32148.png,surprise,0.9,5,-1
Training,/gpfs0/bgu-vilenchi/users/sdolev/Thesis/VLMs/data/fer2013/Training/happy/happy_Training_14538.png,happy,0.8,3,1
Training,/gpfs0/bgu-vilenchi/users/sdolev/Thesis/VLMs/data/fer2013/Training/neutral/neutral_Training_14255.png,neutral,0.9,6,-1
Training,/gpfs0/bgu-vilenchi/users/sdolev/Thesis/VLMs/data/fer2013/Training/fear/fear_Training_15673.png,neutral,0.9,6,-1
Training,/gpfs0/bgu-vilenchi/users/sdolev/Thesis/VLMs/data/fer2013/Training/happy/happy_Training_19672.png,happy,1.0,3,-1
PrivateTest,/gpfs0/bgu-vilenchi/users/sdolev/Thesis/VLMs/data/fer2013/PrivateTest/happy/happy_PrivateTest_33166.png,happy,0.8,3,-1
Training,/gpfs0/bgu-vilenchi/users/sdolev/Thesis/VLMs/data/fer2013/Training/neutral/neutral_Training_24556.png,neutral,0.9,6,-1
PublicTest,/gpfs0/bgu-vilenchi/users/sdolev/Thesis/VLMs/data/fer2013/PublicTest/fear/fear_PublicTest_31426.png,neutral,1.0,6,-1
PrivateTest,/gpfs0/bgu-vilenchi/users/sdolev/Thesis/VLMs/data/fer2013/PrivateTest/surprise/surprise_PrivateTest_35695.png,surprise,0.9,5,-1
Training,/gpfs0/bgu-vilenchi/users/sdolev/Thesis/VLMs/data/fer2013/Training/fear/fear_Training_8454.png,neutral,0.9,6,-1
Training,/gpfs0/bgu-vilenchi/users/sdolev/Thesis/VLMs/data/fer2013/Training/happy/happy_Training_2442.png,happy,0.9,3,-1
Training,/gpfs0/bgu-vilenchi/users/sdolev/Thesis/VLMs/data/fer2013/Training/happy/happy_Training_5237.png,happy,1.0,3,-1
Training,/gpfs0/bgu-vilenchi/users/sdolev/Thesis/VLMs/data/fer2013/Training/happy/happy_Training_7743.png,happy,0.9,3,-1
Training,/gpfs0/bgu-vilenchi/users/sdolev/Thesis/VLMs/data/fer2013/Training/fear/fear_Training_14033.png,neutral,0.9,6,-1
Training,/gpfs0/bgu-vilenchi/users/sdolev/Thesis/VLMs/data/fer2013/Training/neutral/neutral_Training_13440.png,neutral,0.9,6,-1
Training,/gpfs0/bgu-vilenchi/users/sdolev/Thesis/VLMs/data/fer2013/Training/neutral/neutral_Training_3395.png,neutral,0.8,6,-1
Training,/gpfs0/bgu-vilenchi/users/sdolev/Thesis/VLMs/data/fer2013/Training/neutral/neutral_Training_26400.png,neutral,0.9,6,-1
Training,/gpfs0/bgu-vilenchi/users/sdolev/Thesis/VLMs/data/fer2013/Training/happy/happy_Training_25136.png,happy,0.9,3,-1
Training,/gpfs0/bgu-vilenchi/users/sdolev/Thesis/VLMs/data/fer2013/Training/happy/happy_Training_12566.png,happy,1.0,3,-1
PublicTest,/gpfs0/bgu-vilenchi/users/sdolev/Thesis/VLMs/data/fer2013/PublicTest/sad/sad_PublicTest_29654.png,neutral,1.0,6,-1
PublicTest,/gpfs0/bgu-vilenchi/users/sdolev/Thesis/VLMs/data/fer2013/PublicTest/happy/happy_PublicTest_31251.png,happy,1.0,3,-1
Training,/gpfs0/bgu-vilenchi/users/sdolev/Thesis/VLMs/data/fer2013/Training/angry/angry_Training_19170.png,neutral,0.8,6,-1
Training,/gpfs0/bgu-vilenchi/users/sdolev/Thesis/VLMs/data/fer2013/Training/neutral/neutral_Training_17702.png,neutral,0.9,6,-1
Training,/gpfs0/bgu-vilenchi/users/sdolev/Thesis/VLMs/data/fer2013/Training/fear/fear_Training_21326.png,neutral,1.0,6,-1
Training,/gpfs0/bgu-vilenchi/users/sdolev/Thesis/VLMs/data/fer2013/Training/happy/happy_Training_11287.png,happy,1.0,3,-1
PrivateTest,/gpfs0/bgu-vilenchi/users/sdolev/Thesis/VLMs/data/fer2013/PrivateTest/angry/angry_PrivateTest_33666.png,angry,0.8,0,-1
PrivateTest,/gpfs0/bgu-vilenchi/users/sdolev/Thesis/VLMs/data/fer2013/PrivateTest/happy/happy_PrivateTest_34690.png,happy,1.0,3,421
Training,/gpfs0/bgu-vilenchi/users/sdolev/Thesis/VLMs/data/fer2013/Training/happy/happy_Training_14530.png,happy,0.9,3,-1
PrivateTest,/gpfs0/bgu-vilenchi/users/sdolev/Thesis/VLMs/data/fer2013/PrivateTest/fear/fear_PrivateTest_35351.png,surprise,1.0,5,7
Training,/gpfs0/bgu-vilenchi/users/sdolev/Thesis/VLMs/data/fer2013/Training/neutral/neutral_Training_3589.png,neutral,0.9,6,-1
Training,/gpfs0/bgu-vilenchi/users/sdolev/Thesis/VLMs/data/fer2013/Training/happy/happy_Training_19597.png,happy,1.0,3,1113
Training,/gpfs0/bgu-vilenchi/users/sdolev/Thesis/VLMs/data/fer2013/Training/happy/happy_Training_5351.png,happy,1.0,3,-1
Training,/gpfs0/bgu-vilenchi/users/sdolev/Thesis/VLMs/data/fer2013/Training/happy/happy_Training_10639.png,happy,1.0,3,691
Training,/gpfs0/bgu-vilenchi/users/sdolev/Thesis/VLMs/data/fer2013/Training/angry/angry_Training_1940.png,neutral,0.8,6,-1
Training,/gpfs0/bgu-vilenchi/users/sdolev/Thesis/VLMs/data/fer2013/Training/neutral/neutral_Training_2888.png,neutral,0.8,6,-1
Training,/gpfs0/bgu-vilenchi/users/sdolev/Thesis/VLMs/data/fer2013/Training/neutral/neutral_Training_25797.png,neutral,1.0,6,793
PrivateTest,/gpfs0/bgu-vilenchi/users/sdolev/Thesis/VLMs/data/fer2013/PrivateTest/neutral/neutral_PrivateTest_34558.png,neutral,1.0,6,-1
Training,/gpfs0/bgu-vilenchi/users/sdolev/Thesis/VLMs/data/fer2013/Training/sad/sad_Training_14507.png,sad,0.8,4,-1
Training,/gpfs0/bgu-vilenchi/users/sdolev/Thesis/VLMs/data/fer2013/Training/neutral/neutral_Training_25305.png,neutral,0.8,6,-1
PrivateTest,/gpfs0/bgu-vilenchi/users/sdolev/Thesis/VLMs/data/fer2013/PrivateTest/happy/happy_PrivateTest_34202.png,happy,0.8,3,-1
PublicTest,/gpfs0/bgu-vilenchi/users/sdolev/Thesis/VLMs/data/fer2013/PublicTest/angry/angry_PublicTest_29574.png,angry,0.9,0,-1
PrivateTest,/gpfs0/bgu-vilenchi/users/sdolev/Thesis/VLMs/data/fer2013/PrivateTest/neutral/neutral_PrivateTest_34920.png,neutral,1.0,6,-1
Training,/gpfs0/bgu-vilenchi/users/sdolev/Thesis/VLMs/data/fer2013/Training/happy/happy_Training_26990.png,happy,1.0,3,-1
PrivateTest,/gpfs0/bgu-vilenchi/users/sdolev/Thesis/VLMs/data/fer2013/PrivateTest/happy/happy_PrivateTest_33297.png,happy,0.9,3,1
Training,/gpfs0/bgu-vilenchi/users/sdolev/Thesis/VLMs/data/fer2013/Training/happy/happy_Training_20283.png,happy,1.0,3,-1
PublicTest,/gpfs0/bgu-vilenchi/users/sdolev/Thesis/VLMs/data/fer2013/PublicTest/sad/sad_PublicTest_29029.png,sad,1.0,4,7
PublicTest,/gpfs0/bgu-vilenchi/users/sdolev/Thesis/VLMs/data/fer2013/PublicTest/happy/happy_PublicTest_30848.png,happy,0.9,3,7
Training,/gpfs0/bgu-vilenchi/users/sdolev/Thesis/VLMs/data/fer2013/Training/angry/angry_Training_27059.png,neutral,0.8,6,-1
Training,/gpfs0/bgu-vilenchi/users/sdolev/Thesis/VLMs/data/fer2013/Training/neutral/neutral_Training_21775.png,neutral,1.0,6,-1
Training,/gpfs0/bgu-vilenchi/users/sdolev/Thesis/VLMs/data/fer2013/Training/happy/happy_Training_9845.png,happy,1.0,3,-1
Training,/gpfs0/bgu-vilenchi/users/sdolev/Thesis/VLMs/data/fer2013/Training/happy/happy_Training_7231.png,happy,1.0,3,1
Training,/gpfs0/bgu-vilenchi/users/sdolev/Thesis/VLMs/data/fer2013/Training/happy/happy_Training_19174.png,happy,1.0,3,1
PrivateTest,/gpfs0/bgu-vilenchi/users/sdolev/Thesis/VLMs/data/fer2013/PrivateTest/happy/happy_PrivateTest_34196.png,neutral,1.0,6,-1
Training,/gpfs0/bgu-vilenchi/users/sdolev/Thesis/VLMs/data/fer2013/Training/sad/sad_Training_27943.png,sad,0.9,4,-1
Training,/gpfs0/bgu-vilenchi/users/sdolev/Thesis/VLMs/data/fer2013/Training/neutral/neutral_Training_28075.png,neutral,0.9,6,-1
Training,/gpfs0/bgu-vilenchi/users/sdolev/Thesis/VLMs/data/fer2013/Training/angry/angry_Training_24716.png,angry,0.9,0,-1
Training,/gpfs0/bgu-vilenchi/users/sdolev/Thesis/VLMs/data/fer2013/Training/happy/happy_Training_2231.png,happy,1.0,3,-1
Training,/gpfs0/bgu-vilenchi/users/sdolev/Thesis/VLMs/data/fer2013/Training/neutral/neutral_Training_19052.png,neutral,0.8,6,-1
Training,/gpfs0/bgu-vilenchi/users/sdolev/Thesis/VLMs/data/fer2013/Training/fear/fear_Training_26420.png,sad,1.0,4,7
Training,/gpfs0/bgu-vilenchi/users/sdolev/Thesis/VLMs/data/fer2013/Training/happy/happy_Training_25901.png,happy,1.0,3,1
Training,/gpfs0/bgu-vilenchi/users/sdolev/Thesis/VLMs/data/fer2013/Training/happy/happy_Training_6135.png,happy,1.0,3,-1
PrivateTest,/gpfs0/bgu-vilenchi/users/sdolev/Thesis/VLMs/data/fer2013/PrivateTest/surprise/surprise_PrivateTest_34500.png,surprise,0.8,5,-1
Training,/gpfs0/bgu-vilenchi/users/sdolev/Thesis/VLMs/data/fer2013/Training/surprise/surprise_Training_11364.png,surprise,0.9,5,797
Training,/gpfs0/bgu-vilenchi/users/sdolev/Thesis/VLMs/data/fer2013/Training/happy/happy_Training_2784.png,happy,1.0,3,246
PublicTest,/gpfs0/bgu-vilenchi/users/sdolev/Thesis/VLMs/data/fer2013/PublicTest/neutral/neutral_PublicTest_29774.png,neutral,0.9,6,-1
Training,/gpfs0/bgu-vilenchi/users/sdolev/Thesis/VLMs/data/fer2013/Training/neutral/neutral_Training_23200.png,neutral,0.9,6,-1
Training,/gpfs0/bgu-vilenchi/users/sdolev/Thesis/VLMs/data/fer2013/Training/surprise/surprise_Training_304.png,surprise,1.0,5,7
Training,/gpfs0/bgu-vilenchi/users/sdolev/Thesis/VLMs/data/fer2013/Training/neutral/neutral_Training_2155.png,neutral,0.9,6,-1
Training,/gpfs0/bgu-vilenchi/users/sdolev/Thesis/VLMs/data/fer2013/Training/happy/happy_Training_14506.png,happy,1.0,3,1
PrivateTest,/gpfs0/bgu-vilenchi/users/sdolev/Thesis/VLMs/data/fer2013/PrivateTest/sad/sad_PrivateTest_35053.png,neutral,0.8,6,-1
Training,/gpfs0/bgu-vilenchi/users/sdolev/Thesis/VLMs/data/fer2013/Training/happy/happy_Training_8825.png,happy,1.0,3,-1
Training,/gpfs0/bgu-vilenchi/users/sdolev/Thesis/VLMs/data/fer2013/Training/surprise/surprise_Training_10849.png,surprise,0.8,5,778
Training,/gpfs0/bgu-vilenchi/users/sdolev/Thesis/VLMs/data/fer2013/Training/neutral/neutral_Training_27425.png,neutral,0.9,6,-1
Training,/gpfs0/bgu-vilenchi/users/sdolev/Thesis/VLMs/data/fer2013/Training/happy/happy_Training_23969.png,happy,1.0,3,-1
Training,/gpfs0/bgu-vilenchi/users/sdolev/Thesis/VLMs/data/fer2013/Training/happy/happy_Training_4713.png,happy,0.9,3,1
Training,/gpfs0/bgu-vilenchi/users/sdolev/Thesis/VLMs/data/fer2013/Training/surprise/surprise_Training_9781.png,surprise,1.0,5,720
Training,/gpfs0/bgu-vilenchi/users/sdolev/Thesis/VLMs/data/fer2013/Training/neutral/neutral_Training_16812.png,neutral,0.8,6,-1
Training,/gpfs0/bgu-vilenchi/users/sdolev/Thesis/VLMs/data/fer2013/Training/fear/fear_Training_3413.png,neutral,0.9,6,-1
Training,/gpfs0/bgu-vilenchi/users/sdolev/Thesis/VLMs/data/fer2013/Training/happy/happy_Training_28415.png,happy,0.8,3,-1
PrivateTest,/gpfs0/bgu-vilenchi/users/sdolev/Thesis/VLMs/data/fer2013/PrivateTest/sad/sad_PrivateTest_32745.png,neutral,0.9,6,-1
PrivateTest,/gpfs0/bgu-vilenchi/users/sdolev/Thesis/VLMs/data/fer2013/PrivateTest/happy/happy_PrivateTest_32607.png,happy,1.0,3,1
PublicTest,/gpfs0/bgu-vilenchi/users/sdolev/Thesis/VLMs/data/fer2013/PublicTest/happy/happy_PublicTest_29137.png,happy,0.9,3,-1
Training,/gpfs0/bgu-vilenchi/users/sdolev/Thesis/VLMs/data/fer2013/Training/angry/angry_Training_27481.png,neutral,0.8,6,-1
Training,/gpfs0/bgu-vilenchi/users/sdolev/Thesis/VLMs/data/fer2013/Training/happy/happy_Training_17007.png,happy,1.0,3,-1
Training,/gpfs0/bgu-vilenchi/users/sdolev/Thesis/VLMs/data/fer2013/Training/fear/fear_Training_17626.png,neutral,0.8,6,-1
Training,/gpfs0/bgu-vilenchi/users/sdolev/Thesis/VLMs/data/fer2013/Training/happy/happy_Training_14767.png,happy,0.9,3,-1
Training,/gpfs0/bgu-vilenchi/users/sdolev/Thesis/VLMs/data/fer2013/Training/happy/happy_Training_25.png,happy,1.0,3,-1
Training,/gpfs0/bgu-vilenchi/users/sdolev/Thesis/VLMs/data/fer2013/Training/fear/fear_Training_27316.png,sad,0.8,4,-1
Training,/gpfs0/bgu-vilenchi/users/sdolev/Thesis/VLMs/data/fer2013/Training/happy/happy_Training_3847.png,happy,0.9,3,-1
Training,/gpfs0/bgu-vilenchi/users/sdolev/Thesis/VLMs/data/fer2013/Training/happy/happy_Training_26638.png,happy,1.0,3,-1
Training,/gpfs0/bgu-vilenchi/users/sdolev/Thesis/VLMs/data/fer2013/Training/neutral/neutral_Training_1300.png,neutral,0.8,6,-1
PrivateTest,/gpfs0/bgu-vilenchi/users/sdolev/Thesis/VLMs/data/fer2013/PrivateTest/neutral/neutral_PrivateTest_34665.png,neutral,0.8,6,-1
Training,/gpfs0/bgu-vilenchi/users/sdolev/Thesis/VLMs/data/fer2013/Training/fear/fear_Training_1089.png,sad,0.9,4,-1
Training,/gpfs0/bgu-vilenchi/users/sdolev/Thesis/VLMs/data/fer2013/Training/sad/sad_Training_15619.png,sad,0.8,4,-1
Training,/gpfs0/bgu-vilenchi/users/sdolev/Thesis/VLMs/data/fer2013/Training/sad/sad_Training_19827.png,sad,1.0,4,1123
PrivateTest,/gpfs0/bgu-vilenchi/users/sdolev/Thesis/VLMs/data/fer2013/PrivateTest/happy/happy_PrivateTest_35163.png,happy,1.0,3,-1
PublicTest,/gpfs0/bgu-vilenchi/users/sdolev/Thesis/VLMs/data/fer2013/PublicTest/happy/happy_PublicTest_30875.png,happy,1.0,3,-1
Training,/gpfs0/bgu-vilenchi/users/sdolev/Thesis/VLMs/data/fer2013/Training/angry/angry_Training_18536.png,happy,0.8,3,-1
PublicTest,/gpfs0/bgu-vilenchi/users/sdolev/Thesis/VLMs/data/fer2013/PublicTest/fear/fear_PublicTest_30360.png,surprise,0.9,5,-1
Training,/gpfs0/bgu-vilenchi/users/sdolev/Thesis/VLMs/data/fer2013/Training/happy/happy_Training_3067.png,happy,0.9,3,-1
Training,/gpfs0/bgu-vilenchi/users/sdolev/Thesis/VLMs/data/fer2013/Training/angry/angry_Training_14758.png,neutral,0.8,6,-1
Training,/gpfs0/bgu-vilenchi/users/sdolev/Thesis/VLMs/data/fer2013/Training/happy/happy_Training_9486.png,happy,1.0,3,-1
Training,/gpfs0/bgu-vilenchi/users/sdolev/Thesis/VLMs/data/fer2013/Training/happy/happy_Training_18944.png,happy,1.0,3,1097
Training,/gpfs0/bgu-vilenchi/users/sdolev/Thesis/VLMs/data/fer2013/Training/neutral/neutral_Training_5699.png,neutral,0.9,6,-1
PublicTest,/gpfs0/bgu-vilenchi/users/sdolev/Thesis/VLMs/data/fer2013/PublicTest/fear/fear_PublicTest_31771.png,neutral,0.8,6,-1
Training,/gpfs0/bgu-vilenchi/users/sdolev/Thesis/VLMs/data/fer2013/Training/neutral/neutral_Training_26885.png,neutral,0.8,6,-1
Training,/gpfs0/bgu-vilenchi/users/sdolev/Thesis/VLMs/data/fer2013/Training/happy/happy_Training_15930.png,happy,1.0,3,1
PrivateTest,/gpfs0/bgu-vilenchi/users/sdolev/Thesis/VLMs/data/fer2013/PrivateTest/happy/happy_PrivateTest_34884.png,happy,1.0,3,-1
PublicTest,/gpfs0/bgu-vilenchi/users/sdolev/Thesis/VLMs/data/fer2013/PublicTest/neutral/neutral_PublicTest_30662.png,neutral,1.0,6,-1
Training,/gpfs0/bgu-vilenchi/users/sdolev/Thesis/VLMs/data/fer2013/Training/happy/happy_Training_23897.png,happy,0.9,3,7
Training,/gpfs0/bgu-vilenchi/users/sdolev/Thesis/VLMs/data/fer2013/Training/happy/happy_Training_11492.png,happy,0.8,3,-1
Training,/gpfs0/bgu-vilenchi/users/sdolev/Thesis/VLMs/data/fer2013/Training/neutral/neutral_Training_14406.png,neutral,1.0,6,-1
Training,/gpfs0/bgu-vilenchi/users/sdolev/Thesis/VLMs/data/fer2013/Training/neutral/neutral_Training_14742.png,neutral,0.9,6,-1
Training,/gpfs0/bgu-vilenchi/users/sdolev/Thesis/VLMs/data/fer2013/Training/surprise/surprise_Training_5436.png,surprise,1.0,5,-1
PublicTest,/gpfs0/bgu-vilenchi/users/sdolev/Thesis/VLMs/data/fer2013/PublicTest/angry/angry_PublicTest_31648.png,angry,1.0,0,-1
Training,/gpfs0/bgu-vilenchi/users/sdolev/Thesis/VLMs/data/fer2013/Training/fear/fear_Training_8204.png,fear,0.8,2,-1
Training,/gpfs0/bgu-vilenchi/users/sdolev/Thesis/VLMs/data/fer2013/Training/happy/happy_Training_21350.png,happy,1.0,3,-1
Training,/gpfs0/bgu-vilenchi/users/sdolev/Thesis/VLMs/data/fer2013/Training/happy/happy_Training_6076.png,happy,0.9,3,-1
Training,/gpfs0/bgu-vilenchi/users/sdolev/Thesis/VLMs/data/fer2013/Training/neutral/neutral_Training_20873.png,neutral,0.8,6,-1
Training,/gpfs0/bgu-vilenchi/users/sdolev/Thesis/VLMs/data/fer2013/Training/happy/happy_Training_27851.png,happy,0.9,3,-1
Training,/gpfs0/bgu-vilenchi/users/sdolev/Thesis/VLMs/data/fer2013/Training/happy/happy_Training_18722.png,happy,1.0,3,-1
Training,/gpfs0/bgu-vilenchi/users/sdolev/Thesis/VLMs/data/fer2013/Training/happy/happy_Training_20684.png,happy,1.0,3,-1
Training,/gpfs0/bgu-vilenchi/users/sdolev/Thesis/VLMs/data/fer2013/Training/happy/happy_Training_8117.png,happy,1.0,3,-1
PublicTest,/gpfs0/bgu-vilenchi/users/sdolev/Thesis/VLMs/data/fer2013/PublicTest/neutral/neutral_PublicTest_29195.png,neutral,1.0,6,-1
Training,/gpfs0/bgu-vilenchi/users/sdolev/Thesis/VLMs/data/fer2013/Training/happy/happy_Training_15370.png,happy,1.0,3,-1
Training,/gpfs0/bgu-vilenchi/users/sdolev/Thesis/VLMs/data/fer2013/Training/happy/happy_Training_15155.png,happy,0.9,3,-1
PrivateTest,/gpfs0/bgu-vilenchi/users/sdolev/Thesis/VLMs/data/fer2013/PrivateTest/angry/angry_PrivateTest_33187.png,neutral,0.8,6,-1
Training,/gpfs0/bgu-vilenchi/users/sdolev/Thesis/VLMs/data/fer2013/Training/sad/sad_Training_16874.png,sad,0.8,4,-1
Training,/gpfs0/bgu-vilenchi/users/sdolev/Thesis/VLMs/data/fer2013/Training/angry/angry_Training_27838.png,angry,0.9,0,-1
Training,/gpfs0/bgu-vilenchi/users/sdolev/Thesis/VLMs/data/fer2013/Training/sad/sad_Training_28435.png,neutral,0.8,6,-1
PrivateTest,/gpfs0/bgu-vilenchi/users/sdolev/Thesis/VLMs/data/fer2013/PrivateTest/happy/happy_PrivateTest_34567.png,happy,1.0,3,-1
Training,/gpfs0/bgu-vilenchi/users/sdolev/Thesis/VLMs/data/fer2013/Training/happy/happy_Training_6604.png,happy,1.0,3,-1
Training,/gpfs0/bgu-vilenchi/users/sdolev/Thesis/VLMs/data/fer2013/Training/happy/happy_Training_7737.png,happy,1.0,3,-1
PublicTest,/gpfs0/bgu-vilenchi/users/sdolev/Thesis/VLMs/data/fer2013/PublicTest/happy/happy_PublicTest_30131.png,happy,0.9,3,-1
Training,/gpfs0/bgu-vilenchi/users/sdolev/Thesis/VLMs/data/fer2013/Training/happy/happy_Training_24755.png,surprise,0.8,5,-1
Training,/gpfs0/bgu-vilenchi/users/sdolev/Thesis/VLMs/data/fer2013/Training/fear/fear_Training_6062.png,angry,0.8,0,-1
PublicTest,/gpfs0/bgu-vilenchi/users/sdolev/Thesis/VLMs/data/fer2013/PublicTest/sad/sad_PublicTest_30913.png,sad,1.0,4,7
Training,/gpfs0/bgu-vilenchi/users/sdolev/Thesis/VLMs/data/fer2013/Training/surprise/surprise_Training_6118.png,surprise,1.0,5,7
Training,/gpfs0/bgu-vilenchi/users/sdolev/Thesis/VLMs/data/fer2013/Training/surprise/surprise_Training_9521.png,neutral,0.9,6,-1
Training,/gpfs0/bgu-vilenchi/users/sdolev/Thesis/VLMs/data/fer2013/Training/sad/sad_Training_8647.png,sad,1.0,4,7
Training,/gpfs0/bgu-vilenchi/users/sdolev/Thesis/VLMs/data/fer2013/Training/neutral/neutral_Training_20179.png,neutral,1.0,6,-1
Training,/gpfs0/bgu-vilenchi/users/sdolev/Thesis/VLMs/data/fer2013/Training/happy/happy_Training_10550.png,happy,0.8,3,-1
Training,/gpfs0/bgu-vilenchi/users/sdolev/Thesis/VLMs/data/fer2013/Training/angry/angry_Training_15994.png,angry,1.0,0,7
Training,/gpfs0/bgu-vilenchi/users/sdolev/Thesis/VLMs/data/fer2013/Training/surprise/surprise_Training_26947.png,surprise,0.9,5,-1
Training,/gpfs0/bgu-vilenchi/users/sdolev/Thesis/VLMs/data/fer2013/Training/happy/happy_Training_18138.png,happy,1.0,3,-1
Training,/gpfs0/bgu-vilenchi/users/sdolev/Thesis/VLMs/data/fer2013/Training/neutral/neutral_Training_4282.png,neutral,0.8,6,382
PrivateTest,/gpfs0/bgu-vilenchi/users/sdolev/Thesis/VLMs/data/fer2013/PrivateTest/happy/happy_PrivateTest_35598.png,happy,0.9,3,-1
Training,/gpfs0/bgu-vilenchi/users/sdolev/Thesis/VLMs/data/fer2013/Training/happy/happy_Training_20683.png,happy,1.0,3,-1
Training,/gpfs0/bgu-vilenchi/users/sdolev/Thesis/VLMs/data/fer2013/Training/happy/happy_Training_8449.png,happy,1.0,3,-1
Training,/gpfs0/bgu-vilenchi/users/sdolev/Thesis/VLMs/data/fer2013/Training/surprise/surprise_Training_7419.png,surprise,1.0,5,7
Training,/gpfs0/bgu-vilenchi/users/sdolev/Thesis/VLMs/data/fer2013/Training/neutral/neutral_Training_16735.png,happy,0.8,3,-1
Training,/gpfs0/bgu-vilenchi/users/sdolev/Thesis/VLMs/data/fer2013/Training/sad/sad_Training_10859.png,neutral,0.9,6,-1
Training,/gpfs0/bgu-vilenchi/users/sdolev/Thesis/VLMs/data/fer2013/Training/surprise/surprise_Training_13949.png,surprise,1.0,5,909
PrivateTest,/gpfs0/bgu-vilenchi/users/sdolev/Thesis/VLMs/data/fer2013/PrivateTest/happy/happy_PrivateTest_32942.png,happy,1.0,3,-1
PrivateTest,/gpfs0/bgu-vilenchi/users/sdolev/Thesis/VLMs/data/fer2013/PrivateTest/angry/angry_PrivateTest_32906.png,angry,1.0,0,-1
Training,/gpfs0/bgu-vilenchi/users/sdolev/Thesis/VLMs/data/fer2013/Training/neutral/neutral_Training_12106.png,neutral,0.9,6,-1
Training,/gpfs0/bgu-vilenchi/users/sdolev/Thesis/VLMs/data/fer2013/Training/happy/happy_Training_4913.png,happy,0.9,3,428
Training,/gpfs0/bgu-vilenchi/users/sdolev/Thesis/VLMs/data/fer2013/Training/happy/happy_Training_8652.png,happy,1.0,3,662
Training,/gpfs0/bgu-vilenchi/users/sdolev/Thesis/VLMs/data/fer2013/Training/happy/happy_Training_1969.png,happy,1.0,3,194
Training,/gpfs0/bgu-vilenchi/users/sdolev/Thesis/VLMs/data/fer2013/Training/fear/fear_Training_3555.png,neutral,0.8,6,-1
Training,/gpfs0/bgu-vilenchi/users/sdolev/Thesis/VLMs/data/fer2013/Training/neutral/neutral_Training_1989.png,neutral,0.8,6,-1
Training,/gpfs0/bgu-vilenchi/users/sdolev/Thesis/VLMs/data/fer2013/Training/fear/fear_Training_22933.png,neutral,0.9,6,-1
Training,/gpfs0/bgu-vilenchi/users/sdolev/Thesis/VLMs/data/fer2013/Training/neutral/neutral_Training_20913.png,neutral,0.8,6,-1
Training,/gpfs0/bgu-vilenchi/users/sdolev/Thesis/VLMs/data/fer2013/Training/neutral/neutral_Training_21195.png,neutral,0.8,6,-1
Training,/gpfs0/bgu-vilenchi/users/sdolev/Thesis/VLMs/data/fer2013/Training/sad/sad_Training_27468.png,neutral,0.8,6,-1
Training,/gpfs0/bgu-vilenchi/users/sdolev/Thesis/VLMs/data/fer2013/Training/surprise/surprise_Training_1403.png,surprise,0.9,5,7
Training,/gpfs0/bgu-vilenchi/users/sdolev/Thesis/VLMs/data/fer2013/Training/neutral/neutral_Training_11020.png,neutral,0.9,6,-1
PublicTest,/gpfs0/bgu-vilenchi/users/sdolev/Thesis/VLMs/data/fer2013/PublicTest/fear/fear_PublicTest_29051.png,neutral,0.9,6,-1
Training,/gpfs0/bgu-vilenchi/users/sdolev/Thesis/VLMs/data/fer2013/Training/happy/happy_Training_19447.png,happy,0.9,3,-1
PublicTest,/gpfs0/bgu-vilenchi/users/sdolev/Thesis/VLMs/data/fer2013/PublicTest/neutral/neutral_PublicTest_30546.png,neutral,0.8,6,-1
Training,/gpfs0/bgu-vilenchi/users/sdolev/Thesis/VLMs/data/fer2013/Training/surprise/surprise_Training_9309.png,surprise,0.8,5,-1
PublicTest,/gpfs0/bgu-vilenchi/users/sdolev/Thesis/VLMs/data/fer2013/PublicTest/happy/happy_PublicTest_32085.png,happy,1.0,3,-1
Training,/gpfs0/bgu-vilenchi/users/sdolev/Thesis/VLMs/data/fer2013/Training/neutral/neutral_Training_1976.png,neutral,1.0,6,-1
Training,/gpfs0/bgu-vilenchi/users/sdolev/Thesis/VLMs/data/fer2013/Training/happy/happy_Training_10362.png,happy,1.0,3,-1
Training,/gpfs0/bgu-vilenchi/users/sdolev/Thesis/VLMs/data/fer2013/Training/surprise/surprise_Training_3003.png,surprise,0.9,5,264
Training,/gpfs0/bgu-vilenchi/users/sdolev/Thesis/VLMs/data/fer2013/Training/neutral/neutral_Training_6785.png,neutral,0.9,6,-1
Training,/gpfs0/bgu-vilenchi/users/sdolev/Thesis/VLMs/data/fer2013/Training/happy/happy_Training_3338.png,happy,1.0,3,7
Training,/gpfs0/bgu-vilenchi/users/sdolev/Thesis/VLMs/data/fer2013/Training/happy/happy_Training_28449.png,happy,1.0,3,-1
Training,/gpfs0/bgu-vilenchi/users/sdolev/Thesis/VLMs/data/fer2013/Training/surprise/surprise_Training_24031.png,surprise,1.0,5,-1
Training,/gpfs0/bgu-vilenchi/users/sdolev/Thesis/VLMs/data/fer2013/Training/neutral/neutral_Training_1279.png,neutral,0.8,6,-1
Training,/gpfs0/bgu-vilenchi/users/sdolev/Thesis/VLMs/data/fer2013/Training/angry/angry_Training_27176.png,sad,0.8,4,-1
PrivateTest,/gpfs0/bgu-vilenchi/users/sdolev/Thesis/VLMs/data/fer2013/PrivateTest/surprise/surprise_PrivateTest_33364.png,surprise,0.8,5,-1
Training,/gpfs0/bgu-vilenchi/users/sdolev/Thesis/VLMs/data/fer2013/Training/surprise/surprise_Training_13767.png,surprise,1.0,5,901
Training,/gpfs0/bgu-vilenchi/users/sdolev/Thesis/VLMs/data/fer2013/Training/happy/happy_Training_15633.png,happy,0.9,3,-1
Training,/gpfs0/bgu-vilenchi/users/sdolev/Thesis/VLMs/data/fer2013/Training/happy/happy_Training_15072.png,happy,1.0,3,-1
Training,/gpfs0/bgu-vilenchi/users/sdolev/Thesis/VLMs/data/fer2013/Training/happy/happy_Training_26224.png,happy,1.0,3,-1
Training,/gpfs0/bgu-vilenchi/users/sdolev/Thesis/VLMs/data/fer2013/Training/neutral/neutral_Training_4166.png,happy,0.9,3,-1
Training,/gpfs0/bgu-vilenchi/users/sdolev/Thesis/VLMs/data/fer2013/Training/neutral/neutral_Training_15396.png,neutral,0.9,6,-1
Training,/gpfs0/bgu-vilenchi/users/sdolev/Thesis/VLMs/data/fer2013/Training/neutral/neutral_Training_13910.png,neutral,0.9,6,-1
Training,/gpfs0/bgu-vilenchi/users/sdolev/Thesis/VLMs/data/fer2013/Training/sad/sad_Training_13025.png,neutral,0.9,6,-1
Training,/gpfs0/bgu-vilenchi/users/sdolev/Thesis/VLMs/data/fer2013/Training/angry/angry_Training_22781.png,angry,0.9,0,-1
Training,/gpfs0/bgu-vilenchi/users/sdolev/Thesis/VLMs/data/fer2013/Training/sad/sad_Training_12077.png,neutral,0.8,6,-1
Training,/gpfs0/bgu-vilenchi/users/sdolev/Thesis/VLMs/data/fer2013/Training/happy/happy_Training_26781.png,happy,1.0,3,-1
Training,/gpfs0/bgu-vilenchi/users/sdolev/Thesis/VLMs/data/fer2013/Training/neutral/neutral_Training_3276.png,happy,1.0,3,-1
Training,/gpfs0/bgu-vilenchi/users/sdolev/Thesis/VLMs/data/fer2013/Training/happy/happy_Training_17609.png,happy,1.0,3,-1
Training,/gpfs0/bgu-vilenchi/users/sdolev/Thesis/VLMs/data/fer2013/Training/happy/happy_Training_28564.png,happy,1.0,3,-1
Training,/gpfs0/bgu-vilenchi/users/sdolev/Thesis/VLMs/data/fer2013/Training/neutral/neutral_Training_36.png,neutral,0.8,6,-1
Training,/gpfs0/bgu-vilenchi/users/sdolev/Thesis/VLMs/data/fer2013/Training/happy/happy_Training_12845.png,happy,1.0,3,-1
Training,/gpfs0/bgu-vilenchi/users/sdolev/Thesis/VLMs/data/fer2013/Training/happy/happy_Training_24723.png,happy,0.9,3,-1
Training,/gpfs0/bgu-vilenchi/users/sdolev/Thesis/VLMs/data/fer2013/Training/happy/happy_Training_28008.png,happy,1.0,3,1
Training,/gpfs0/bgu-vilenchi/users/sdolev/Thesis/VLMs/data/fer2013/Training/angry/angry_Training_2031.png,neutral,0.9,6,-1
Training,/gpfs0/bgu-vilenchi/users/sdolev/Thesis/VLMs/data/fer2013/Training/happy/happy_Training_3300.png,happy,1.0,3,-1
Training,/gpfs0/bgu-vilenchi/users/sdolev/Thesis/VLMs/data/fer2013/Training/happy/happy_Training_13569.png,happy,1.0,3,-1
Training,/gpfs0/bgu-vilenchi/users/sdolev/Thesis/VLMs/data/fer2013/Training/sad/sad_Training_10311.png,sad,0.8,4,7
Training,/gpfs0/bgu-vilenchi/users/sdolev/Thesis/VLMs/data/fer2013/Training/happy/happy_Training_19197.png,happy,0.8,3,-1
Training,/gpfs0/bgu-vilenchi/users/sdolev/Thesis/VLMs/data/fer2013/Training/happy/happy_Training_943.png,happy,0.9,3,-1
Training,/gpfs0/bgu-vilenchi/users/sdolev/Thesis/VLMs/data/fer2013/Training/neutral/neutral_Training_26523.png,neutral,0.8,6,-1
PrivateTest,/gpfs0/bgu-vilenchi/users/sdolev/Thesis/VLMs/data/fer2013/PrivateTest/happy/happy_PrivateTest_34760.png,happy,1.0,3,-1
Training,/gpfs0/bgu-vilenchi/users/sdolev/Thesis/VLMs/data/fer2013/Training/happy/happy_Training_23412.png,happy,1.0,3,-1
Training,/gpfs0/bgu-vilenchi/users/sdolev/Thesis/VLMs/data/fer2013/Training/happy/happy_Training_20276.png,happy,1.0,3,-1
Training,/gpfs0/bgu-vilenchi/users/sdolev/Thesis/VLMs/data/fer2013/Training/neutral/neutral_Training_23284.png,neutral,0.8,6,-1
Training,/gpfs0/bgu-vilenchi/users/sdolev/Thesis/VLMs/data/fer2013/Training/happy/happy_Training_9660.png,happy,1.0,3,-1
Training,/gpfs0/bgu-vilenchi/users/sdolev/Thesis/VLMs/data/fer2013/Training/sad/sad_Training_10986.png,neutral,0.8,6,-1
Training,/gpfs0/bgu-vilenchi/users/sdolev/Thesis/VLMs/data/fer2013/Training/fear/fear_Training_17214.png,sad,1.0,4,7
PublicTest,/gpfs0/bgu-vilenchi/users/sdolev/Thesis/VLMs/data/fer2013/PublicTest/angry/angry_PublicTest_31779.png,angry,0.9,0,-1
PublicTest,/gpfs0/bgu-vilenchi/users/sdolev/Thesis/VLMs/data/fer2013/PublicTest/sad/sad_PublicTest_30711.png,neutral,0.8,6,1334
Training,/gpfs0/bgu-vilenchi/users/sdolev/Thesis/VLMs/data/fer2013/Training/surprise/surprise_Training_9622.png,happy,1.0,3,-1
PublicTest,/gpfs0/bgu-vilenchi/users/sdolev/Thesis/VLMs/data/fer2013/PublicTest/neutral/neutral_PublicTest_31263.png,neutral,1.0,6,-1
Training,/gpfs0/bgu-vilenchi/users/sdolev/Thesis/VLMs/data/fer2013/Training/happy/happy_Training_20013.png,surprise,0.8,5,-1
Training,/gpfs0/bgu-vilenchi/users/sdolev/Thesis/VLMs/data/fer2013/Training/surprise/surprise_Training_17327.png,surprise,0.9,5,1036
Training,/gpfs0/bgu-vilenchi/users/sdolev/Thesis/VLMs/data/fer2013/Training/fear/fear_Training_20634.png,angry,0.9,0,-1
Training,/gpfs0/bgu-vilenchi/users/sdolev/Thesis/VLMs/data/fer2013/Training/happy/happy_Training_25848.png,happy,1.0,3,-1
PrivateTest,/gpfs0/bgu-vilenchi/users/sdolev/Thesis/VLMs/data/fer2013/PrivateTest/happy/happy_PrivateTest_35133.png,happy,1.0,3,-1
PrivateTest,/gpfs0/bgu-vilenchi/users/sdolev/Thesis/VLMs/data/fer2013/PrivateTest/angry/angry_PrivateTest_35645.png,angry,0.8,0,-1
PrivateTest,/gpfs0/bgu-vilenchi/users/sdolev/Thesis/VLMs/data/fer2013/PrivateTest/happy/happy_PrivateTest_34464.png,happy,1.0,3,-1
Training,/gpfs0/bgu-vilenchi/users/sdolev/Thesis/VLMs/data/fer2013/Training/happy/happy_Training_14796.png,happy,0.9,3,-1
PrivateTest,/gpfs0/bgu-vilenchi/users/sdolev/Thesis/VLMs/data/fer2013/PrivateTest/angry/angry_PrivateTest_33344.png,neutral,0.8,6,-1
Training,/gpfs0/bgu-vilenchi/users/sdolev/Thesis/VLMs/data/fer2013/Training/angry/angry_Training_1443.png,angry,0.8,0,-1
Training,/gpfs0/bgu-vilenchi/users/sdolev/Thesis/VLMs/data/fer2013/Training/fear/fear_Training_949.png,neutral,0.8,6,-1
Training,/gpfs0/bgu-vilenchi/users/sdolev/Thesis/VLMs/data/fer2013/Training/neutral/neutral_Training_12913.png,neutral,0.8,6,-1
Training,/gpfs0/bgu-vilenchi/users/sdolev/Thesis/VLMs/data/fer2013/Training/angry/angry_Training_19655.png,angry,0.8,0,-1
PrivateTest,/gpfs0/bgu-vilenchi/users/sdolev/Thesis/VLMs/data/fer2013/PrivateTest/neutral/neutral_PrivateTest_35646.png,neutral,0.8,6,-1
Training,/gpfs0/bgu-vilenchi/users/sdolev/Thesis/VLMs/data/fer2013/Training/happy/happy_Training_17819.png,happy,0.9,3,7
Training,/gpfs0/bgu-vilenchi/users/sdolev/Thesis/VLMs/data/fer2013/Training/sad/sad_Training_22103.png,neutral,0.8,6,-1
Training,/gpfs0/bgu-vilenchi/users/sdolev/Thesis/VLMs/data/fer2013/Training/neutral/neutral_Training_12873.png,neutral,1.0,6,-1
Training,/gpfs0/bgu-vilenchi/users/sdolev/Thesis/VLMs/data/fer2013/Training/happy/happy_Training_4288.png,happy,1.0,3,-1
Training,/gpfs0/bgu-vilenchi/users/sdolev/Thesis/VLMs/data/fer2013/Training/sad/sad_Training_13851.png,neutral,0.8,6,-1
Training,/gpfs0/bgu-vilenchi/users/sdolev/Thesis/VLMs/data/fer2013/Training/happy/happy_Training_8888.png,happy,0.9,3,-1
Training,/gpfs0/bgu-vilenchi/users/sdolev/Thesis/VLMs/data/fer2013/Training/happy/happy_Training_18071.png,happy,0.9,3,-1
Training,/gpfs0/bgu-vilenchi/users/sdolev/Thesis/VLMs/data/fer2013/Training/neutral/neutral_Training_19111.png,neutral,0.8,6,-1
Training,/gpfs0/bgu-vilenchi/users/sdolev/Thesis/VLMs/data/fer2013/Training/happy/happy_Training_4454.png,happy,1.0,3,1
Training,/gpfs0/bgu-vilenchi/users/sdolev/Thesis/VLMs/data/fer2013/Training/neutral/neutral_Training_544.png,neutral,1.0,6,-1
Training,/gpfs0/bgu-vilenchi/users/sdolev/Thesis/VLMs/data/fer2013/Training/angry/angry_Training_23309.png,neutral,0.9,6,-1
Training,/gpfs0/bgu-vilenchi/users/sdolev/Thesis/VLMs/data/fer2013/Training/surprise/surprise_Training_12955.png,neutral,0.9,6,-1
PrivateTest,/gpfs0/bgu-vilenchi/users/sdolev/Thesis/VLMs/data/fer2013/PrivateTest/happy/happy_PrivateTest_35452.png,happy,0.8,3,-1
Training,/gpfs0/bgu-vilenchi/users/sdolev/Thesis/VLMs/data/fer2013/Training/happy/happy_Training_4885.png,happy,1.0,3,1
Training,/gpfs0/bgu-vilenchi/users/sdolev/Thesis/VLMs/data/fer2013/Training/happy/happy_Training_21935.png,happy,1.0,3,-1
Training,/gpfs0/bgu-vilenchi/users/sdolev/Thesis/VLMs/data/fer2013/Training/neutral/neutral_Training_28025.png,neutral,0.8,6,-1
PublicTest,/gpfs0/bgu-vilenchi/users/sdolev/Thesis/VLMs/data/fer2013/PublicTest/sad/sad_PublicTest_31901.png,neutral,1.0,6,-1
PublicTest,/gpfs0/bgu-vilenchi/users/sdolev/Thesis/VLMs/data/fer2013/PublicTest/neutral/neutral_PublicTest_30362.png,neutral,0.8,6,-1
Training,/gpfs0/bgu-vilenchi/users/sdolev/Thesis/VLMs/data/fer2013/Training/sad/sad_Training_15228.png,sad,0.8,4,-1
PublicTest,/gpfs0/bgu-vilenchi/users/sdolev/Thesis/VLMs/data/fer2013/PublicTest/neutral/neutral_PublicTest_30319.png,neutral,0.8,6,-1
Training,/gpfs0/bgu-vilenchi/users/sdolev/Thesis/VLMs/data/fer2013/Training/happy/happy_Training_9407.png,happy,1.0,3,-1
Training,/gpfs0/bgu-vilenchi/users/sdolev/Thesis/VLMs/data/fer2013/Training/neutral/neutral_Training_4138.png,neutral,0.9,6,-1
Training,/gpfs0/bgu-vilenchi/users/sdolev/Thesis/VLMs/data/fer2013/Training/neutral/neutral_Training_10717.png,neutral,0.9,6,-1
Training,/gpfs0/bgu-vilenchi/users/sdolev/Thesis/VLMs/data/fer2013/Training/neutral/neutral_Training_13756.png,neutral,1.0,6,-1
PrivateTest,/gpfs0/bgu-vilenchi/users/sdolev/Thesis/VLMs/data/fer2013/PrivateTest/sad/sad_PrivateTest_35768.png,neutral,1.0,6,-1
Training,/gpfs0/bgu-vilenchi/users/sdolev/Thesis/VLMs/data/fer2013/Training/angry/angry_Training_9811.png,neutral,1.0,6,-1
Training,/gpfs0/bgu-vilenchi/users/sdolev/Thesis/VLMs/data/fer2013/Training/happy/happy_Training_8268.png,happy,1.0,3,-1
Training,/gpfs0/bgu-vilenchi/users/sdolev/Thesis/VLMs/data/fer2013/Training/happy/happy_Training_21363.png,happy,0.8,3,-1
Training,/gpfs0/bgu-vilenchi/users/sdolev/Thesis/VLMs/data/fer2013/Training/sad/sad_Training_14566.png,neutral,0.9,6,-1
Training,/gpfs0/bgu-vilenchi/users/sdolev/Thesis/VLMs/data/fer2013/Training/happy/happy_Training_14746.png,happy,1.0,3,-1
Training,/gpfs0/bgu-vilenchi/users/sdolev/Thesis/VLMs/data/fer2013/Training/happy/happy_Training_25342.png,happy,0.8,3,-1
Training,/gpfs0/bgu-vilenchi/users/sdolev/Thesis/VLMs/data/fer2013/Training/happy/happy_Training_20219.png,happy,1.0,3,-1
PrivateTest,/gpfs0/bgu-vilenchi/users/sdolev/Thesis/VLMs/data/fer2013/PrivateTest/happy/happy_PrivateTest_35635.png,happy,1.0,3,-1
Training,/gpfs0/bgu-vilenchi/users/sdolev/Thesis/VLMs/data/fer2013/Training/surprise/surprise_Training_25483.png,surprise,0.8,5,-1
Training,/gpfs0/bgu-vilenchi/users/sdolev/Thesis/VLMs/data/fer2013/Training/neutral/neutral_Training_8995.png,neutral,1.0,6,-1
PublicTest,/gpfs0/bgu-vilenchi/users/sdolev/Thesis/VLMs/data/fer2013/PublicTest/fear/fear_PublicTest_31575.png,neutral,0.9,6,-1
Training,/gpfs0/bgu-vilenchi/users/sdolev/Thesis/VLMs/data/fer2013/Training/fear/fear_Training_7426.png,surprise,0.8,5,-1
Training,/gpfs0/bgu-vilenchi/users/sdolev/Thesis/VLMs/data/fer2013/Training/happy/happy_Training_21441.png,happy,0.8,3,-1
PublicTest,/gpfs0/bgu-vilenchi/users/sdolev/Thesis/VLMs/data/fer2013/PublicTest/sad/sad_PublicTest_31454.png,neutral,1.0,6,-1
Training,/gpfs0/bgu-vilenchi/users/sdolev/Thesis/VLMs/data/fer2013/Training/happy/happy_Training_22639.png,happy,0.9,3,-1
Training,/gpfs0/bgu-vilenchi/users/sdolev/Thesis/VLMs/data/fer2013/Training/sad/sad_Training_11564.png,neutral,0.9,6,813
Training,/gpfs0/bgu-vilenchi/users/sdolev/Thesis/VLMs/data/fer2013/Training/neutral/neutral_Training_468.png,neutral,0.9,6,-1
PrivateTest,/gpfs0/bgu-vilenchi/users/sdolev/Thesis/VLMs/data/fer2013/PrivateTest/neutral/neutral_PrivateTest_35208.png,neutral,1.0,6,-1
Training,/gpfs0/bgu-vilenchi/users/sdolev/Thesis/VLMs/data/fer2013/Training/neutral/neutral_Training_2926.png,neutral,0.8,6,-1
Training,/gpfs0/bgu-vilenchi/users/sdolev/Thesis/VLMs/data/fer2013/Training/happy/happy_Training_23956.png,happy,0.9,3,-1
PublicTest,/gpfs0/bgu-vilenchi/users/sdolev/Thesis/VLMs/data/fer2013/PublicTest/sad/sad_PublicTest_32296.png,neutral,0.8,6,-1
Training,/gpfs0/bgu-vilenchi/users/sdolev/Thesis/VLMs/data/fer2013/Training/happy/happy_Training_19398.png,happy,1.0,3,-1
Training,/gpfs0/bgu-vilenchi/users/sdolev/Thesis/VLMs/data/fer2013/Training/surprise/surprise_Training_24154.png,surprise,1.0,5,7
Training,/gpfs0/bgu-vilenchi/users/sdolev/Thesis/VLMs/data/fer2013/Training/happy/happy_Training_6352.png,happy,0.9,3,7
Training,/gpfs0/bgu-vilenchi/users/sdolev/Thesis/VLMs/data/fer2013/Training/happy/happy_Training_17208.png,happy,0.8,3,-1
Training,/gpfs0/bgu-vilenchi/users/sdolev/Thesis/VLMs/data/fer2013/Training/happy/happy_Training_1622.png,happy,1.0,3,163
Training,/gpfs0/bgu-vilenchi/users/sdolev/Thesis/VLMs/data/fer2013/Training/happy/happy_Training_3366.png,happy,0.9,3,-1
PrivateTest,/gpfs0/bgu-vilenchi/users/sdolev/Thesis/VLMs/data/fer2013/PrivateTest/angry/angry_PrivateTest_34289.png,neutral,0.8,6,-1
Training,/gpfs0/bgu-vilenchi/users/sdolev/Thesis/VLMs/data/fer2013/Training/happy/happy_Training_28131.png,happy,1.0,3,-1
Training,/gpfs0/bgu-vilenchi/users/sdolev/Thesis/VLMs/data/fer2013/Training/neutral/neutral_Training_12308.png,neutral,0.9,6,-1
Training,/gpfs0/bgu-vilenchi/users/sdolev/Thesis/VLMs/data/fer2013/Training/happy/happy_Training_8148.png,happy,1.0,3,-1
Training,/gpfs0/bgu-vilenchi/users/sdolev/Thesis/VLMs/data/fer2013/Training/neutral/neutral_Training_24076.png,neutral,0.9,6,-1
Training,/gpfs0/bgu-vilenchi/users/sdolev/Thesis/VLMs/data/fer2013/Training/angry/angry_Training_17298.png,angry,0.9,0,-1
Training,/gpfs0/bgu-vilenchi/users/sdolev/Thesis/VLMs/data/fer2013/Training/angry/angry_Training_16410.png,angry,0.8,0,-1
Training,/gpfs0/bgu-vilenchi/users/sdolev/Thesis/VLMs/data/fer2013/Training/happy/happy_Training_25037.png,happy,1.0,3,1
Training,/gpfs0/bgu-vilenchi/users/sdolev/Thesis/VLMs/data/fer2013/Training/angry/angry_Training_1374.png,angry,0.8,0,7
Training,/gpfs0/bgu-vilenchi/users/sdolev/Thesis/VLMs/data/fer2013/Training/neutral/neutral_Training_11899.png,neutral,0.9,6,-1
Training,/gpfs0/bgu-vilenchi/users/sdolev/Thesis/VLMs/data/fer2013/Training/neutral/neutral_Training_8724.png,neutral,0.8,6,-1
Training,/gpfs0/bgu-vilenchi/users/sdolev/Thesis/VLMs/data/fer2013/Training/happy/happy_Training_25780.png,happy,1.0,3,1117
Training,/gpfs0/bgu-vilenchi/users/sdolev/Thesis/VLMs/data/fer2013/Training/happy/happy_Training_3952.png,happy,1.0,3,1
Training,/gpfs0/bgu-vilenchi/users/sdolev/Thesis/VLMs/data/fer2013/Training/angry/angry_Training_18813.png,angry,0.8,0,-1
Training,/gpfs0/bgu-vilenchi/users/sdolev/Thesis/VLMs/data/fer2013/Training/sad/sad_Training_26368.png,sad,1.0,4,7
Training,/gpfs0/bgu-vilenchi/users/sdolev/Thesis/VLMs/data/fer2013/Training/neutral/neutral_Training_7551.png,neutral,0.9,6,-1
Training,/gpfs0/bgu-vilenchi/users/sdolev/Thesis/VLMs/data/fer2013/Training/happy/happy_Training_20120.png,happy,1.0,3,1
PrivateTest,/gpfs0/bgu-vilenchi/users/sdolev/Thesis/VLMs/data/fer2013/PrivateTest/happy/happy_PrivateTest_33087.png,happy,1.0,3,-1
Training,/gpfs0/bgu-vilenchi/users/sdolev/Thesis/VLMs/data/fer2013/Training/happy/happy_Training_16140.png,happy,1.0,3,-1
Training,/gpfs0/bgu-vilenchi/users/sdolev/Thesis/VLMs/data/fer2013/Training/surprise/surprise_Training_18631.png,surprise,0.8,5,-1
Training,/gpfs0/bgu-vilenchi/users/sdolev/Thesis/VLMs/data/fer2013/Training/neutral/neutral_Training_26823.png,neutral,0.9,6,-1
Training,/gpfs0/bgu-vilenchi/users/sdolev/Thesis/VLMs/data/fer2013/Training/happy/happy_Training_21334.png,happy,0.9,3,-1
PrivateTest,/gpfs0/bgu-vilenchi/users/sdolev/Thesis/VLMs/data/fer2013/PrivateTest/happy/happy_PrivateTest_32670.png,happy,0.9,3,-1
Training,/gpfs0/bgu-vilenchi/users/sdolev/Thesis/VLMs/data/fer2013/Training/surprise/surprise_Training_9093.png,surprise,1.0,5,-1
PublicTest,/gpfs0/bgu-vilenchi/users/sdolev/Thesis/VLMs/data/fer2013/PublicTest/neutral/neutral_PublicTest_30973.png,neutral,1.0,6,982
Training,/gpfs0/bgu-vilenchi/users/sdolev/Thesis/VLMs/data/fer2013/Training/neutral/neutral_Training_27479.png,neutral,1.0,6,-1
PublicTest,/gpfs0/bgu-vilenchi/users/sdolev/Thesis/VLMs/data/fer2013/PublicTest/happy/happy_PublicTest_30676.png,happy,0.9,3,-1
Training,/gpfs0/bgu-vilenchi/users/sdolev/Thesis/VLMs/data/fer2013/Training/sad/sad_Training_19249.png,sad,0.8,4,1104
PublicTest,/gpfs0/bgu-vilenchi/users/sdolev/Thesis/VLMs/data/fer2013/PublicTest/neutral/neutral_PublicTest_31507.png,neutral,0.8,6,-1
Training,/gpfs0/bgu-vilenchi/users/sdolev/Thesis/VLMs/data/fer2013/Training/surprise/surprise_Training_4809.png,surprise,1.0,5,7
Training,/gpfs0/bgu-vilenchi/users/sdolev/Thesis/VLMs/data/fer2013/Training/neutral/neutral_Training_17883.png,neutral,0.9,6,-1
Training,/gpfs0/bgu-vilenchi/users/sdolev/Thesis/VLMs/data/fer2013/Training/happy/happy_Training_13449.png,happy,1.0,3,-1
Training,/gpfs0/bgu-vilenchi/users/sdolev/Thesis/VLMs/data/fer2013/Training/fear/fear_Training_12293.png,neutral,0.8,6,-1
PublicTest,/gpfs0/bgu-vilenchi/users/sdolev/Thesis/VLMs/data/fer2013/PublicTest/fear/fear_PublicTest_29688.png,neutral,0.8,6,-1
PublicTest,/gpfs0/bgu-vilenchi/users/sdolev/Thesis/VLMs/data/fer2013/PublicTest/happy/happy_PublicTest_30098.png,happy,1.0,3,-1
Training,/gpfs0/bgu-vilenchi/users/sdolev/Thesis/VLMs/data/fer2013/Training/sad/sad_Training_28433.png,sad,1.0,4,1311
Training,/gpfs0/bgu-vilenchi/users/sdolev/Thesis/VLMs/data/fer2013/Training/happy/happy_Training_3422.png,happy,1.0,3,-1
Training,/gpfs0/bgu-vilenchi/users/sdolev/Thesis/VLMs/data/fer2013/Training/happy/happy_Training_15636.png,happy,1.0,3,-1
Training,/gpfs0/bgu-vilenchi/users/sdolev/Thesis/VLMs/data/fer2013/Training/surprise/surprise_Training_24904.png,happy,0.8,3,-1
Training,/gpfs0/bgu-vilenchi/users/sdolev/Thesis/VLMs/data/fer2013/Training/neutral/neutral_Training_24989.png,neutral,1.0,6,-1
Training,/gpfs0/bgu-vilenchi/users/sdolev/Thesis/VLMs/data/fer2013/Training/happy/happy_Training_9774.png,happy,1.0,3,99
Training,/gpfs0/bgu-vilenchi/users/sdolev/Thesis/VLMs/data/fer2013/Training/happy/happy_Training_19728.png,happy,0.9,3,-1
Training,/gpfs0/bgu-vilenchi/users/sdolev/Thesis/VLMs/data/fer2013/Training/angry/angry_Training_5369.png,neutral,0.8,6,-1
Training,/gpfs0/bgu-vilenchi/users/sdolev/Thesis/VLMs/data/fer2013/Training/sad/sad_Training_21207.png,sad,0.8,4,7
Training,/gpfs0/bgu-vilenchi/users/sdolev/Thesis/VLMs/data/fer2013/Training/surprise/surprise_Training_21995.png,surprise,0.8,5,-1
Training,/gpfs0/bgu-vilenchi/users/sdolev/Thesis/VLMs/data/fer2013/Training/neutral/neutral_Training_3231.png,happy,0.8,3,-1
PublicTest,/gpfs0/bgu-vilenchi/users/sdolev/Thesis/VLMs/data/fer2013/PublicTest/neutral/neutral_PublicTest_31878.png,neutral,0.9,6,-1
Training,/gpfs0/bgu-vilenchi/users/sdolev/Thesis/VLMs/data/fer2013/Training/angry/angry_Training_1242.png,neutral,0.8,6,-1
Training,/gpfs0/bgu-vilenchi/users/sdolev/Thesis/VLMs/data/fer2013/Training/happy/happy_Training_5656.png,happy,0.9,3,-1
Training,/gpfs0/bgu-vilenchi/users/sdolev/Thesis/VLMs/data/fer2013/Training/happy/happy_Training_23707.png,happy,1.0,3,-1
Training,/gpfs0/bgu-vilenchi/users/sdolev/Thesis/VLMs/data/fer2013/Training/surprise/surprise_Training_14927.png,happy,0.9,3,-1
Training,/gpfs0/bgu-vilenchi/users/sdolev/Thesis/VLMs/data/fer2013/Training/neutral/neutral_Training_12069.png,neutral,1.0,6,-1
Training,/gpfs0/bgu-vilenchi/users/sdolev/Thesis/VLMs/data/fer2013/Training/happy/happy_Training_21097.png,happy,1.0,3,-1
Training,/gpfs0/bgu-vilenchi/users/sdolev/Thesis/VLMs/data/fer2013/Training/happy/happy_Training_2490.png,happy,0.9,3,-1
Training,/gpfs0/bgu-vilenchi/users/sdolev/Thesis/VLMs/data/fer2013/Training/happy/happy_Training_4633.png,happy,1.0,3,-1
Training,/gpfs0/bgu-vilenchi/users/sdolev/Thesis/VLMs/data/fer2013/Training/sad/sad_Training_9382.png,sad,0.9,4,7
Training,/gpfs0/bgu-vilenchi/users/sdolev/Thesis/VLMs/data/fer2013/Training/happy/happy_Training_25854.png,happy,0.9,3,-1
Training,/gpfs0/bgu-vilenchi/users/sdolev/Thesis/VLMs/data/fer2013/Training/neutral/neutral_Training_2752.png,neutral,1.0,6,-1
Training,/gpfs0/bgu-vilenchi/users/sdolev/Thesis/VLMs/data/fer2013/Training/happy/happy_Training_15682.png,happy,1.0,3,1
Training,/gpfs0/bgu-vilenchi/users/sdolev/Thesis/VLMs/data/fer2013/Training/happy/happy_Training_14430.png,happy,1.0,3,927
Training,/gpfs0/bgu-vilenchi/users/sdolev/Thesis/VLMs/data/fer2013/Training/sad/sad_Training_25080.png,sad,0.9,4,-1
Training,/gpfs0/bgu-vilenchi/users/sdolev/Thesis/VLMs/data/fer2013/Training/happy/happy_Training_24356.png,happy,0.9,3,-1
Training,/gpfs0/bgu-vilenchi/users/sdolev/Thesis/VLMs/data/fer2013/Training/surprise/surprise_Training_3780.png,surprise,1.0,5,-1
Training,/gpfs0/bgu-vilenchi/users/sdolev/Thesis/VLMs/data/fer2013/Training/happy/happy_Training_25135.png,happy,0.9,3,-1
Training,/gpfs0/bgu-vilenchi/users/sdolev/Thesis/VLMs/data/fer2013/Training/happy/happy_Training_3468.png,happy,1.0,3,-1
PublicTest,/gpfs0/bgu-vilenchi/users/sdolev/Thesis/VLMs/data/fer2013/PublicTest/surprise/surprise_PublicTest_31392.png,surprise,0.8,5,-1
Training,/gpfs0/bgu-vilenchi/users/sdolev/Thesis/VLMs/data/fer2013/Training/neutral/neutral_Training_25823.png,neutral,0.9,6,-1
Training,/gpfs0/bgu-vilenchi/users/sdolev/Thesis/VLMs/data/fer2013/Training/happy/happy_Training_26197.png,happy,1.0,3,-1
Training,/gpfs0/bgu-vilenchi/users/sdolev/Thesis/VLMs/data/fer2013/Training/happy/happy_Training_7923.png,happy,1.0,3,-1
Training,/gpfs0/bgu-vilenchi/users/sdolev/Thesis/VLMs/data/fer2013/Training/sad/sad_Training_22416.png,sad,0.8,4,-1
Training,/gpfs0/bgu-vilenchi/users/sdolev/Thesis/VLMs/data/fer2013/Training/happy/happy_Training_19192.png,happy,0.9,3,1
Training,/gpfs0/bgu-vilenchi/users/sdolev/Thesis/VLMs/data/fer2013/Training/surprise/surprise_Training_18730.png,surprise,0.8,5,1088
PrivateTest,/gpfs0/bgu-vilenchi/users/sdolev/Thesis/VLMs/data/fer2013/PrivateTest/sad/sad_PrivateTest_33270.png,sad,0.9,4,-1
Training,/gpfs0/bgu-vilenchi/users/sdolev/Thesis/VLMs/data/fer2013/Training/happy/happy_Training_3664.png,happy,0.9,3,325
Training,/gpfs0/bgu-vilenchi/users/sdolev/Thesis/VLMs/data/fer2013/Training/happy/happy_Training_19757.png,happy,1.0,3,1
Training,/gpfs0/bgu-vilenchi/users/sdolev/Thesis/VLMs/data/fer2013/Training/fear/fear_Training_275.png,angry,0.9,0,-1
Training,/gpfs0/bgu-vilenchi/users/sdolev/Thesis/VLMs/data/fer2013/Training/happy/happy_Training_12167.png,happy,0.9,3,-1
Training,/gpfs0/bgu-vilenchi/users/sdolev/Thesis/VLMs/data/fer2013/Training/happy/happy_Training_7680.png,happy,1.0,3,-1
PrivateTest,/gpfs0/bgu-vilenchi/users/sdolev/Thesis/VLMs/data/fer2013/PrivateTest/neutral/neutral_PrivateTest_34286.png,neutral,0.9,6,1350
Training,/gpfs0/bgu-vilenchi/users/sdolev/Thesis/VLMs/data/fer2013/Training/happy/happy_Training_15704.png,happy,1.0,3,-1
PrivateTest,/gpfs0/bgu-vilenchi/users/sdolev/Thesis/VLMs/data/fer2013/PrivateTest/fear/fear_PrivateTest_35230.png,surprise,0.9,5,-1
Training,/gpfs0/bgu-vilenchi/users/sdolev/Thesis/VLMs/data/fer2013/Training/happy/happy_Training_9298.png,happy,1.0,3,1
PublicTest,/gpfs0/bgu-vilenchi/users/sdolev/Thesis/VLMs/data/fer2013/PublicTest/sad/sad_PublicTest_29594.png,sad,1.0,4,7
Training,/gpfs0/bgu-vilenchi/users/sdolev/Thesis/VLMs/data/fer2013/Training/neutral/neutral_Training_11789.png,neutral,1.0,6,-1
PublicTest,/gpfs0/bgu-vilenchi/users/sdolev/Thesis/VLMs/data/fer2013/PublicTest/neutral/neutral_PublicTest_30169.png,neutral,1.0,6,-1
Training,/gpfs0/bgu-vilenchi/users/sdolev/Thesis/VLMs/data/fer2013/Training/happy/happy_Training_6525.png,happy,1.0,3,1
Training,/gpfs0/bgu-vilenchi/users/sdolev/Thesis/VLMs/data/fer2013/Training/neutral/neutral_Training_23722.png,neutral,1.0,6,-1
PublicTest,/gpfs0/bgu-vilenchi/users/sdolev/Thesis/VLMs/data/fer2013/PublicTest/happy/happy_PublicTest_28798.png,happy,1.0,3,-1
Training,/gpfs0/bgu-vilenchi/users/sdolev/Thesis/VLMs/data/fer2013/Training/happy/happy_Training_14517.png,angry,0.8,0,-1
Training,/gpfs0/bgu-vilenchi/users/sdolev/Thesis/VLMs/data/fer2013/Training/surprise/surprise_Training_3291.png,surprise,1.0,5,293
Training,/gpfs0/bgu-vilenchi/users/sdolev/Thesis/VLMs/data/fer2013/Training/fear/fear_Training_6608.png,neutral,0.8,6,-1
Training,/gpfs0/bgu-vilenchi/users/sdolev/Thesis/VLMs/data/fer2013/Training/happy/happy_Training_9935.png,happy,1.0,3,1
Training,/gpfs0/bgu-vilenchi/users/sdolev/Thesis/VLMs/data/fer2013/Training/happy/happy_Training_27494.png,happy,1.0,3,-1
Training,/gpfs0/bgu-vilenchi/users/sdolev/Thesis/VLMs/data/fer2013/Training/surprise/surprise_Training_25416.png,surprise,1.0,5,-1
PrivateTest,/gpfs0/bgu-vilenchi/users/sdolev/Thesis/VLMs/data/fer2013/PrivateTest/happy/happy_PrivateTest_34759.png,happy,1.0,3,-1
Training,/gpfs0/bgu-vilenchi/users/sdolev/Thesis/VLMs/data/fer2013/Training/happy/happy_Training_968.png,happy,1.0,3,103
Training,/gpfs0/bgu-vilenchi/users/sdolev/Thesis/VLMs/data/fer2013/Training/neutral/neutral_Training_8976.png,neutral,0.9,6,-1
Training,/gpfs0/bgu-vilenchi/users/sdolev/Thesis/VLMs/data/fer2013/Training/happy/happy_Training_27379.png,happy,1.0,3,-1
Training,/gpfs0/bgu-vilenchi/users/sdolev/Thesis/VLMs/data/fer2013/Training/happy/happy_Training_1805.png,happy,1.0,3,-1
Training,/gpfs0/bgu-vilenchi/users/sdolev/Thesis/VLMs/data/fer2013/Training/happy/happy_Training_26306.png,happy,1.0,3,-1
Training,/gpfs0/bgu-vilenchi/users/sdolev/Thesis/VLMs/data/fer2013/Training/surprise/surprise_Training_10408.png,surprise,0.8,5,7
PublicTest,/gpfs0/bgu-vilenchi/users/sdolev/Thesis/VLMs/data/fer2013/PublicTest/fear/fear_PublicTest_29376.png,neutral,0.8,6,-1
PublicTest,/gpfs0/bgu-vilenchi/users/sdolev/Thesis/VLMs/data/fer2013/PublicTest/happy/happy_PublicTest_31890.png,happy,1.0,3,1
Training,/gpfs0/bgu-vilenchi/users/sdolev/Thesis/VLMs/data/fer2013/Training/happy/happy_Training_27599.png,happy,1.0,3,1
Training,/gpfs0/bgu-vilenchi/users/sdolev/Thesis/VLMs/data/fer2013/Training/angry/angry_Training_6890.png,neutral,0.8,6,-1
Training,/gpfs0/bgu-vilenchi/users/sdolev/Thesis/VLMs/data/fer2013/Training/happy/happy_Training_15029.png,happy,0.9,3,-1
Training,/gpfs0/bgu-vilenchi/users/sdolev/Thesis/VLMs/data/fer2013/Training/neutral/neutral_Training_18277.png,neutral,1.0,6,-1
Training,/gpfs0/bgu-vilenchi/users/sdolev/Thesis/VLMs/data/fer2013/Training/happy/happy_Training_12497.png,surprise,1.0,5,7
Training,/gpfs0/bgu-vilenchi/users/sdolev/Thesis/VLMs/data/fer2013/Training/happy/happy_Training_8745.png,happy,1.0,3,-1
PublicTest,/gpfs0/bgu-vilenchi/users/sdolev/Thesis/VLMs/data/fer2013/PublicTest/sad/sad_PublicTest_29377.png,sad,0.8,4,-1
PublicTest,/gpfs0/bgu-vilenchi/users/sdolev/Thesis/VLMs/data/fer2013/PublicTest/surprise/surprise_PublicTest_30282.png,surprise,1.0,5,-1
PrivateTest,/gpfs0/bgu-vilenchi/users/sdolev/Thesis/VLMs/data/fer2013/PrivateTest/happy/happy_PrivateTest_35265.png,happy,0.9,3,-1
Training,/gpfs0/bgu-vilenchi/users/sdolev/Thesis/VLMs/data/fer2013/Training/happy/happy_Training_24861.png,happy,1.0,3,-1
Training,/gpfs0/bgu-vilenchi/users/sdolev/Thesis/VLMs/data/fer2013/Training/neutral/neutral_Training_1656.png,neutral,0.9,6,168
Training,/gpfs0/bgu-vilenchi/users/sdolev/Thesis/VLMs/data/fer2013/Training/happy/happy_Training_1982.png,happy,0.9,3,-1
Training,/gpfs0/bgu-vilenchi/users/sdolev/Thesis/VLMs/data/fer2013/Training/happy/happy_Training_2655.png,happy,1.0,3,240
Training,/gpfs0/bgu-vilenchi/users/sdolev/Thesis/VLMs/data/fer2013/Training/neutral/neutral_Training_16793.png,neutral,0.9,6,-1
Training,/gpfs0/bgu-vilenchi/users/sdolev/Thesis/VLMs/data/fer2013/Training/angry/angry_Training_13159.png,neutral,0.8,6,-1
Training,/gpfs0/bgu-vilenchi/users/sdolev/Thesis/VLMs/data/fer2013/Training/happy/happy_Training_25051.png,happy,1.0,3,-1
Training,/gpfs0/bgu-vilenchi/users/sdolev/Thesis/VLMs/data/fer2013/Training/happy/happy_Training_20605.png,happy,1.0,3,-1
Training,/gpfs0/bgu-vilenchi/users/sdolev/Thesis/VLMs/data/fer2013/Training/happy/happy_Training_23380.png,happy,1.0,3,-1
PrivateTest,/gpfs0/bgu-vilenchi/users/sdolev/Thesis/VLMs/data/fer2013/PrivateTest/sad/sad_PrivateTest_34384.png,neutral,0.8,6,-1
Training,/gpfs0/bgu-vilenchi/users/sdolev/Thesis/VLMs/data/fer2013/Training/happy/happy_Training_21228.png,happy,0.8,3,-1
Training,/gpfs0/bgu-vilenchi/users/sdolev/Thesis/VLMs/data/fer2013/Training/surprise/surprise_Training_28326.png,surprise,0.9,5,-1
Training,/gpfs0/bgu-vilenchi/users/sdolev/Thesis/VLMs/data/fer2013/Training/surprise/surprise_Training_7735.png,surprise,0.8,5,-1
Training,/gpfs0/bgu-vilenchi/users/sdolev/Thesis/VLMs/data/fer2013/Training/happy/happy_Training_19467.png,happy,1.0,3,-1
Training,/gpfs0/bgu-vilenchi/users/sdolev/Thesis/VLMs/data/fer2013/Training/surprise/surprise_Training_20882.png,surprise,0.9,5,7
Training,/gpfs0/bgu-vilenchi/users/sdolev/Thesis/VLMs/data/fer2013/Training/neutral/neutral_Training_858.png,neutral,1.0,6,-1
Training,/gpfs0/bgu-vilenchi/users/sdolev/Thesis/VLMs/data/fer2013/Training/neutral/neutral_Training_6476.png,happy,1.0,3,-1
Training,/gpfs0/bgu-vilenchi/users/sdolev/Thesis/VLMs/data/fer2013/Training/sad/sad_Training_11792.png,sad,0.8,4,-1
Training,/gpfs0/bgu-vilenchi/users/sdolev/Thesis/VLMs/data/fer2013/Training/angry/angry_Training_4396.png,angry,0.8,0,-1
Training,/gpfs0/bgu-vilenchi/users/sdolev/Thesis/VLMs/data/fer2013/Training/surprise/surprise_Training_27651.png,surprise,0.9,5,-1
Training,/gpfs0/bgu-vilenchi/users/sdolev/Thesis/VLMs/data/fer2013/Training/fear/fear_Training_20366.png,sad,0.8,4,-1
PublicTest,/gpfs0/bgu-vilenchi/users/sdolev/Thesis/VLMs/data/fer2013/PublicTest/neutral/neutral_PublicTest_29186.png,neutral,1.0,6,-1
Training,/gpfs0/bgu-vilenchi/users/sdolev/Thesis/VLMs/data/fer2013/Training/sad/sad_Training_16260.png,neutral,0.9,6,-1
PublicTest,/gpfs0/bgu-vilenchi/users/sdolev/Thesis/VLMs/data/fer2013/PublicTest/happy/happy_PublicTest_30241.png,happy,1.0,3,-1
Training,/gpfs0/bgu-vilenchi/users/sdolev/Thesis/VLMs/data/fer2013/Training/surprise/surprise_Training_3536.png,surprise,0.9,5,314
Training,/gpfs0/bgu-vilenchi/users/sdolev/Thesis/VLMs/data/fer2013/Training/neutral/neutral_Training_20841.png,neutral,1.0,6,-1
Training,/gpfs0/bgu-vilenchi/users/sdolev/Thesis/VLMs/data/fer2013/Training/happy/happy_Training_23453.png,happy,0.9,3,-1
Training,/gpfs0/bgu-vilenchi/users/sdolev/Thesis/VLMs/data/fer2013/Training/neutral/neutral_Training_4409.png,neutral,0.9,6,-1
Training,/gpfs0/bgu-vilenchi/users/sdolev/Thesis/VLMs/data/fer2013/Training/surprise/surprise_Training_4568.png,surprise,1.0,5,403
Training,/gpfs0/bgu-vilenchi/users/sdolev/Thesis/VLMs/data/fer2013/Training/happy/happy_Training_9376.png,happy,1.0,3,358
PrivateTest,/gpfs0/bgu-vilenchi/users/sdolev/Thesis/VLMs/data/fer2013/PrivateTest/surprise/surprise_PrivateTest_34229.png,surprise,0.9,5,-1
Training,/gpfs0/bgu-vilenchi/users/sdolev/Thesis/VLMs/data/fer2013/Training/happy/happy_Training_25090.png,happy,0.9,3,-1
Training,/gpfs0/bgu-vilenchi/users/sdolev/Thesis/VLMs/data/fer2013/Training/neutral/neutral_Training_17749.png,neutral,0.8,6,7
PublicTest,/gpfs0/bgu-vilenchi/users/sdolev/Thesis/VLMs/data/fer2013/PublicTest/angry/angry_PublicTest_30058.png,neutral,0.8,6,-1
Training,/gpfs0/bgu-vilenchi/users/sdolev/Thesis/VLMs/data/fer2013/Training/surprise/surprise_Training_19151.png,surprise,0.8,5,1103
Training,/gpfs0/bgu-vilenchi/users/sdolev/Thesis/VLMs/data/fer2013/Training/happy/happy_Training_19148.png,happy,1.0,3,-1
Training,/gpfs0/bgu-vilenchi/users/sdolev/Thesis/VLMs/data/fer2013/Training/neutral/neutral_Training_24034.png,neutral,0.8,6,-1
Training,/gpfs0/bgu-vilenchi/users/sdolev/Thesis/VLMs/data/fer2013/Training/surprise/surprise_Training_19507.png,surprise,0.9,5,-1
Training,/gpfs0/bgu-vilenchi/users/sdolev/Thesis/VLMs/data/fer2013/Training/surprise/surprise_Training_15518.png,happy,0.8,3,-1
Training,/gpfs0/bgu-vilenchi/users/sdolev/Thesis/VLMs/data/fer2013/Training/surprise/surprise_Training_25149.png,surprise,0.9,5,-1
Training,/gpfs0/bgu-vilenchi/users/sdolev/Thesis/VLMs/data/fer2013/Training/neutral/neutral_Training_4829.png,neutral,0.9,6,-1
PublicTest,/gpfs0/bgu-vilenchi/users/sdolev/Thesis/VLMs/data/fer2013/PublicTest/neutral/neutral_PublicTest_32219.png,neutral,1.0,6,-1
Training,/gpfs0/bgu-vilenchi/users/sdolev/Thesis/VLMs/data/fer2013/Training/surprise/surprise_Training_23053.png,surprise,0.9,5,-1
PrivateTest,/gpfs0/bgu-vilenchi/users/sdolev/Thesis/VLMs/data/fer2013/PrivateTest/neutral/neutral_PrivateTest_32817.png,neutral,0.8,6,-1
Training,/gpfs0/bgu-vilenchi/users/sdolev/Thesis/VLMs/data/fer2013/Training/neutral/neutral_Training_24604.png,neutral,0.8,6,-1
PrivateTest,/gpfs0/bgu-vilenchi/users/sdolev/Thesis/VLMs/data/fer2013/PrivateTest/sad/sad_PrivateTest_35411.png,neutral,0.8,6,-1
Training,/gpfs0/bgu-vilenchi/users/sdolev/Thesis/VLMs/data/fer2013/Training/happy/happy_Training_18504.png,happy,1.0,3,-1
Training,/gpfs0/bgu-vilenchi/users/sdolev/Thesis/VLMs/data/fer2013/Training/surprise/surprise_Training_21727.png,surprise,0.8,5,1180
Training,/gpfs0/bgu-vilenchi/users/sdolev/Thesis/VLMs/data/fer2013/Training/neutral/neutral_Training_3340.png,neutral,0.9,6,-1
Training,/gpfs0/bgu-vilenchi/users/sdolev/Thesis/VLMs/data/fer2013/Training/surprise/surprise_Training_4313.png,surprise,0.9,5,383
PrivateTest,/gpfs0/bgu-vilenchi/users/sdolev/Thesis/VLMs/data/fer2013/PrivateTest/neutral/neutral_PrivateTest_35717.png,neutral,1.0,6,524
Training,/gpfs0/bgu-vilenchi/users/sdolev/Thesis/VLMs/data/fer2013/Training/happy/happy_Training_19229.png,happy,1.0,3,1
PrivateTest,/gpfs0/bgu-vilenchi/users/sdolev/Thesis/VLMs/data/fer2013/PrivateTest/neutral/neutral_PrivateTest_33687.png,neutral,0.9,6,-1
Training,/gpfs0/bgu-vilenchi/users/sdolev/Thesis/VLMs/data/fer2013/Training/happy/happy_Training_24862.png,happy,0.9,3,-1
PublicTest,/gpfs0/bgu-vilenchi/users/sdolev/Thesis/VLMs/data/fer2013/PublicTest/happy/happy_PublicTest_30688.png,happy,1.0,3,-1
PrivateTest,/gpfs0/bgu-vilenchi/users/sdolev/Thesis/VLMs/data/fer2013/PrivateTest/happy/happy_PrivateTest_35596.png,happy,0.8,3,-1
Training,/gpfs0/bgu-vilenchi/users/sdolev/Thesis/VLMs/data/fer2013/Training/neutral/neutral_Training_16750.png,neutral,0.9,6,-1
PublicTest,/gpfs0/bgu-vilenchi/users/sdolev/Thesis/VLMs/data/fer2013/PublicTest/happy/happy_PublicTest_29472.png,happy,1.0,3,-1
Training,/gpfs0/bgu-vilenchi/users/sdolev/Thesis/VLMs/data/fer2013/Training/happy/happy_Training_20865.png,happy,0.9,3,-1
Training,/gpfs0/bgu-vilenchi/users/sdolev/Thesis/VLMs/data/fer2013/Training/happy/happy_Training_16762.png,happy,0.9,3,-1
Training,/gpfs0/bgu-vilenchi/users/sdolev/Thesis/VLMs/data/fer2013/Training/happy/happy_Training_13365.png,happy,1.0,3,-1
Training,/gpfs0/bgu-vilenchi/users/sdolev/Thesis/VLMs/data/fer2013/Training/sad/sad_Training_21031.png,neutral,0.8,6,-1
Training,/gpfs0/bgu-vilenchi/users/sdolev/Thesis/VLMs/data/fer2013/Training/happy/happy_Training_27460.png,happy,0.9,3,-1
PrivateTest,/gpfs0/bgu-vilenchi/users/sdolev/Thesis/VLMs/data/fer2013/PrivateTest/neutral/neutral_PrivateTest_33918.png,neutral,0.8,6,-1
Training,/gpfs0/bgu-vilenchi/users/sdolev/Thesis/VLMs/data/fer2013/Training/happy/happy_Training_13859.png,happy,1.0,3,-1
Training,/gpfs0/bgu-vilenchi/users/sdolev/Thesis/VLMs/data/fer2013/Training/angry/angry_Training_8747.png,neutral,1.0,6,-1
Training,/gpfs0/bgu-vilenchi/users/sdolev/Thesis/VLMs/data/fer2013/Training/neutral/neutral_Training_12785.png,neutral,0.9,6,-1
Training,/gpfs0/bgu-vilenchi/users/sdolev/Thesis/VLMs/data/fer2013/Training/surprise/surprise_Training_26793.png,surprise,0.8,5,-1
Training,/gpfs0/bgu-vilenchi/users/sdolev/Thesis/VLMs/data/fer2013/Training/fear/fear_Training_1025.png,neutral,0.8,6,-1
Training,/gpfs0/bgu-vilenchi/users/sdolev/Thesis/VLMs/data/fer2013/Training/surprise/surprise_Training_4536.png,surprise,0.9,5,401
PublicTest,/gpfs0/bgu-vilenchi/users/sdolev/Thesis/VLMs/data/fer2013/PublicTest/sad/sad_PublicTest_30211.png,neutral,0.8,6,-1
Training,/gpfs0/bgu-vilenchi/users/sdolev/Thesis/VLMs/data/fer2013/Training/happy/happy_Training_17684.png,happy,1.0,3,-1
Training,/gpfs0/bgu-vilenchi/users/sdolev/Thesis/VLMs/data/fer2013/Training/neutral/neutral_Training_10943.png,neutral,0.8,6,-1
Training,/gpfs0/bgu-vilenchi/users/sdolev/Thesis/VLMs/data/fer2013/Training/neutral/neutral_Training_10742.png,neutral,0.8,6,-1
PrivateTest,/gpfs0/bgu-vilenchi/users/sdolev/Thesis/VLMs/data/fer2013/PrivateTest/fear/fear_PrivateTest_35711.png,neutral,0.9,6,945
Training,/gpfs0/bgu-vilenchi/users/sdolev/Thesis/VLMs/data/fer2013/Training/happy/happy_Training_25112.png,happy,0.9,3,-1
Training,/gpfs0/bgu-vilenchi/users/sdolev/Thesis/VLMs/data/fer2013/Training/neutral/neutral_Training_25613.png,happy,0.8,3,-1
Training,/gpfs0/bgu-vilenchi/users/sdolev/Thesis/VLMs/data/fer2013/Training/happy/happy_Training_11952.png,happy,1.0,3,-1
Training,/gpfs0/bgu-vilenchi/users/sdolev/Thesis/VLMs/data/fer2013/Training/fear/fear_Training_22902.png,sad,0.8,4,-1
Training,/gpfs0/bgu-vilenchi/users/sdolev/Thesis/VLMs/data/fer2013/Training/happy/happy_Training_24975.png,happy,0.9,3,-1
Training,/gpfs0/bgu-vilenchi/users/sdolev/Thesis/VLMs/data/fer2013/Training/fear/fear_Training_17850.png,fear,0.8,2,-1
Training,/gpfs0/bgu-vilenchi/users/sdolev/Thesis/VLMs/data/fer2013/Training/happy/happy_Training_16131.png,happy,1.0,3,995
Training,/gpfs0/bgu-vilenchi/users/sdolev/Thesis/VLMs/data/fer2013/Training/happy/happy_Training_4589.png,happy,1.0,3,-1
Training,/gpfs0/bgu-vilenchi/users/sdolev/Thesis/VLMs/data/fer2013/Training/happy/happy_Training_27781.png,happy,0.9,3,1
Training,/gpfs0/bgu-vilenchi/users/sdolev/Thesis/VLMs/data/fer2013/Training/happy/happy_Training_7785.png,happy,0.9,3,-1
Training,/gpfs0/bgu-vilenchi/users/sdolev/Thesis/VLMs/data/fer2013/Training/happy/happy_Training_13204.png,happy,1.0,3,-1
PrivateTest,/gpfs0/bgu-vilenchi/users/sdolev/Thesis/VLMs/data/fer2013/PrivateTest/surprise/surprise_PrivateTest_35188.png,fear,0.8,2,-1
PublicTest,/gpfs0/bgu-vilenchi/users/sdolev/Thesis/VLMs/data/fer2013/PublicTest/happy/happy_PublicTest_28929.png,happy,1.0,3,-1
Training,/gpfs0/bgu-vilenchi/users/sdolev/Thesis/VLMs/data/fer2013/Training/happy/happy_Training_27073.png,happy,1.0,3,-1
Training,/gpfs0/bgu-vilenchi/users/sdolev/Thesis/VLMs/data/fer2013/Training/happy/happy_Training_10683.png,happy,1.0,3,1
PrivateTest,/gpfs0/bgu-vilenchi/users/sdolev/Thesis/VLMs/data/fer2013/PrivateTest/happy/happy_PrivateTest_34566.png,happy,1.0,3,-1
Training,/gpfs0/bgu-vilenchi/users/sdolev/Thesis/VLMs/data/fer2013/Training/sad/sad_Training_7751.png,neutral,0.9,6,-1
Training,/gpfs0/bgu-vilenchi/users/sdolev/Thesis/VLMs/data/fer2013/Training/sad/sad_Training_18673.png,sad,0.8,4,7
Training,/gpfs0/bgu-vilenchi/users/sdolev/Thesis/VLMs/data/fer2013/Training/neutral/neutral_Training_18461.png,neutral,0.9,6,-1
Training,/gpfs0/bgu-vilenchi/users/sdolev/Thesis/VLMs/data/fer2013/Training/happy/happy_Training_28255.png,happy,0.9,3,-1
Training,/gpfs0/bgu-vilenchi/users/sdolev/Thesis/VLMs/data/fer2013/Training/happy/happy_Training_5396.png,happy,1.0,3,452
PublicTest,/gpfs0/bgu-vilenchi/users/sdolev/Thesis/VLMs/data/fer2013/PublicTest/sad/sad_PublicTest_29138.png,neutral,0.8,6,-1
Training,/gpfs0/bgu-vilenchi/users/sdolev/Thesis/VLMs/data/fer2013/Training/angry/angry_Training_17223.png,neutral,0.9,6,-1
Training,/gpfs0/bgu-vilenchi/users/sdolev/Thesis/VLMs/data/fer2013/Training/neutral/neutral_Training_17549.png,neutral,0.9,6,-1
Training,/gpfs0/bgu-vilenchi/users/sdolev/Thesis/VLMs/data/fer2013/Training/happy/happy_Training_19818.png,happy,1.0,3,1
Training,/gpfs0/bgu-vilenchi/users/sdolev/Thesis/VLMs/data/fer2013/Training/neutral/neutral_Training_23273.png,neutral,1.0,6,-1
Training,/gpfs0/bgu-vilenchi/users/sdolev/Thesis/VLMs/data/fer2013/Training/happy/happy_Training_906.png,happy,0.9,3,-1
Training,/gpfs0/bgu-vilenchi/users/sdolev/Thesis/VLMs/data/fer2013/Training/surprise/surprise_Training_10950.png,surprise,1.0,5,782
Training,/gpfs0/bgu-vilenchi/users/sdolev/Thesis/VLMs/data/fer2013/Training/happy/happy_Training_9699.png,happy,1.0,3,-1
Training,/gpfs0/bgu-vilenchi/users/sdolev/Thesis/VLMs/data/fer2013/Training/neutral/neutral_Training_12650.png,neutral,1.0,6,-1
Training,/gpfs0/bgu-vilenchi/users/sdolev/Thesis/VLMs/data/fer2013/Training/happy/happy_Training_5121.png,happy,1.0,3,-1
Training,/gpfs0/bgu-vilenchi/users/sdolev/Thesis/VLMs/data/fer2013/Training/angry/angry_Training_4767.png,angry,0.8,0,7
PrivateTest,/gpfs0/bgu-vilenchi/users/sdolev/Thesis/VLMs/data/fer2013/PrivateTest/sad/sad_PrivateTest_35873.png,neutral,0.8,6,-1
PrivateTest,/gpfs0/bgu-vilenchi/users/sdolev/Thesis/VLMs/data/fer2013/PrivateTest/neutral/neutral_PrivateTest_35623.png,neutral,0.8,6,-1
Training,/gpfs0/bgu-vilenchi/users/sdolev/Thesis/VLMs/data/fer2013/Training/happy/happy_Training_21930.png,happy,1.0,3,-1
Training,/gpfs0/bgu-vilenchi/users/sdolev/Thesis/VLMs/data/fer2013/Training/happy/happy_Training_22140.png,happy,1.0,3,-1
Training,/gpfs0/bgu-vilenchi/users/sdolev/Thesis/VLMs/data/fer2013/Training/fear/fear_Training_24778.png,sad,1.0,4,-1
PublicTest,/gpfs0/bgu-vilenchi/users/sdolev/Thesis/VLMs/data/fer2013/PublicTest/happy/happy_PublicTest_31150.png,happy,1.0,3,-1
Training,/gpfs0/bgu-vilenchi/users/sdolev/Thesis/VLMs/data/fer2013/Training/happy/happy_Training_21436.png,happy,1.0,3,-1
Training,/gpfs0/bgu-vilenchi/users/sdolev/Thesis/VLMs/data/fer2013/Training/happy/happy_Training_13927.png,happy,0.9,3,1
Training,/gpfs0/bgu-vilenchi/users/sdolev/Thesis/VLMs/data/fer2013/Training/happy/happy_Training_6004.png,happy,1.0,3,-1
Training,/gpfs0/bgu-vilenchi/users/sdolev/Thesis/VLMs/data/fer2013/Training/happy/happy_Training_1525.png,happy,1.0,3,-1
Training,/gpfs0/bgu-vilenchi/users/sdolev/Thesis/VLMs/data/fer2013/Training/happy/happy_Training_20647.png,happy,1.0,3,-1
Training,/gpfs0/bgu-vilenchi/users/sdolev/Thesis/VLMs/data/fer2013/Training/surprise/surprise_Training_6518.png,surprise,0.9,5,525
PrivateTest,/gpfs0/bgu-vilenchi/users/sdolev/Thesis/VLMs/data/fer2013/PrivateTest/happy/happy_PrivateTest_33862.png,happy,1.0,3,-1
Training,/gpfs0/bgu-vilenchi/users/sdolev/Thesis/VLMs/data/fer2013/Training/sad/sad_Training_15082.png,neutral,1.0,6,-1
Training,/gpfs0/bgu-vilenchi/users/sdolev/Thesis/VLMs/data/fer2013/Training/happy/happy_Training_11076.png,happy,1.0,3,1
Training,/gpfs0/bgu-vilenchi/users/sdolev/Thesis/VLMs/data/fer2013/Training/neutral/neutral_Training_20174.png,neutral,0.9,6,-1
PrivateTest,/gpfs0/bgu-vilenchi/users/sdolev/Thesis/VLMs/data/fer2013/PrivateTest/neutral/neutral_PrivateTest_32384.png,neutral,0.8,6,-1
Training,/gpfs0/bgu-vilenchi/users/sdolev/Thesis/VLMs/data/fer2013/Training/happy/happy_Training_22868.png,happy,1.0,3,-1
Training,/gpfs0/bgu-vilenchi/users/sdolev/Thesis/VLMs/data/fer2013/Training/fear/fear_Training_8196.png,neutral,0.8,6,-1
Training,/gpfs0/bgu-vilenchi/users/sdolev/Thesis/VLMs/data/fer2013/Training/sad/sad_Training_27061.png,sad,1.0,4,7
Training,/gpfs0/bgu-vilenchi/users/sdolev/Thesis/VLMs/data/fer2013/Training/sad/sad_Training_28437.png,neutral,0.8,6,-1
Training,/gpfs0/bgu-vilenchi/users/sdolev/Thesis/VLMs/data/fer2013/Training/happy/happy_Training_67.png,happy,1.0,3,-1
Training,/gpfs0/bgu-vilenchi/users/sdolev/Thesis/VLMs/data/fer2013/Training/sad/sad_Training_3968.png,neutral,1.0,6,-1
Training,/gpfs0/bgu-vilenchi/users/sdolev/Thesis/VLMs/data/fer2013/Training/happy/happy_Training_23462.png,happy,1.0,3,-1
Training,/gpfs0/bgu-vilenchi/users/sdolev/Thesis/VLMs/data/fer2013/Training/happy/happy_Training_16426.png,happy,0.9,3,-1
Training,/gpfs0/bgu-vilenchi/users/sdolev/Thesis/VLMs/data/fer2013/Training/neutral/neutral_Training_26318.png,neutral,0.9,6,-1
PublicTest,/gpfs0/bgu-vilenchi/users/sdolev/Thesis/VLMs/data/fer2013/PublicTest/happy/happy_PublicTest_31039.png,happy,1.0,3,-1
Training,/gpfs0/bgu-vilenchi/users/sdolev/Thesis/VLMs/data/fer2013/Training/happy/happy_Training_7613.png,happy,0.9,3,-1
Training,/gpfs0/bgu-vilenchi/users/sdolev/Thesis/VLMs/data/fer2013/Training/happy/happy_Training_23708.png,happy,1.0,3,-1
Training,/gpfs0/bgu-vilenchi/users/sdolev/Thesis/VLMs/data/fer2013/Training/happy/happy_Training_4075.png,happy,0.9,3,359
Training,/gpfs0/bgu-vilenchi/users/sdolev/Thesis/VLMs/data/fer2013/Training/sad/sad_Training_4686.png,sad,1.0,4,410
Training,/gpfs0/bgu-vilenchi/users/sdolev/Thesis/VLMs/data/fer2013/Training/happy/happy_Training_10019.png,happy,1.0,3,-1
Training,/gpfs0/bgu-vilenchi/users/sdolev/Thesis/VLMs/data/fer2013/Training/surprise/surprise_Training_9996.png,surprise,0.9,5,739
Training,/gpfs0/bgu-vilenchi/users/sdolev/Thesis/VLMs/data/fer2013/Training/happy/happy_Training_18082.png,happy,0.8,3,-1
Training,/gpfs0/bgu-vilenchi/users/sdolev/Thesis/VLMs/data/fer2013/Training/sad/sad_Training_19587.png,sad,0.9,4,-1
Training,/gpfs0/bgu-vilenchi/users/sdolev/Thesis/VLMs/data/fer2013/Training/angry/angry_Training_21135.png,angry,0.8,0,-1
Training,/gpfs0/bgu-vilenchi/users/sdolev/Thesis/VLMs/data/fer2013/Training/happy/happy_Training_16952.png,happy,1.0,3,1
Training,/gpfs0/bgu-vilenchi/users/sdolev/Thesis/VLMs/data/fer2013/Training/sad/sad_Training_10176.png,sad,1.0,4,-1
Training,/gpfs0/bgu-vilenchi/users/sdolev/Thesis/VLMs/data/fer2013/Training/happy/happy_Training_26552.png,happy,0.9,3,-1
PrivateTest,/gpfs0/bgu-vilenchi/users/sdolev/Thesis/VLMs/data/fer2013/PrivateTest/neutral/neutral_PrivateTest_33813.png,sad,1.0,4,-1
Training,/gpfs0/bgu-vilenchi/users/sdolev/Thesis/VLMs/data/fer2013/Training/happy/happy_Training_12359.png,happy,1.0,3,-1
Training,/gpfs0/bgu-vilenchi/users/sdolev/Thesis/VLMs/data/fer2013/Training/happy/happy_Training_2930.png,happy,1.0,3,-1
Training,/gpfs0/bgu-vilenchi/users/sdolev/Thesis/VLMs/data/fer2013/Training/happy/happy_Training_4156.png,neutral,0.9,6,-1
Training,/gpfs0/bgu-vilenchi/users/sdolev/Thesis/VLMs/data/fer2013/Training/happy/happy_Training_17047.png,happy,1.0,3,-1
PublicTest,/gpfs0/bgu-vilenchi/users/sdolev/Thesis/VLMs/data/fer2013/PublicTest/neutral/neutral_PublicTest_32034.png,neutral,1.0,6,-1
Training,/gpfs0/bgu-vilenchi/users/sdolev/Thesis/VLMs/data/fer2013/Training/surprise/surprise_Training_12253.png,happy,1.0,3,1
Training,/gpfs0/bgu-vilenchi/users/sdolev/Thesis/VLMs/data/fer2013/Training/happy/happy_Training_4310.png,happy,0.9,3,-1
Training,/gpfs0/bgu-vilenchi/users/sdolev/Thesis/VLMs/data/fer2013/Training/fear/fear_Training_10099.png,neutral,0.8,6,-1
Training,/gpfs0/bgu-vilenchi/users/sdolev/Thesis/VLMs/data/fer2013/Training/angry/angry_Training_21626.png,angry,1.0,0,-1
PrivateTest,/gpfs0/bgu-vilenchi/users/sdolev/Thesis/VLMs/data/fer2013/PrivateTest/neutral/neutral_PrivateTest_33182.png,happy,0.8,3,-1
Training,/gpfs0/bgu-vilenchi/users/sdolev/Thesis/VLMs/data/fer2013/Training/angry/angry_Training_3796.png,angry,0.8,0,-1
Training,/gpfs0/bgu-vilenchi/users/sdolev/Thesis/VLMs/data/fer2013/Training/neutral/neutral_Training_21645.png,neutral,0.9,6,-1
Training,/gpfs0/bgu-vilenchi/users/sdolev/Thesis/VLMs/data/fer2013/Training/happy/happy_Training_27203.png,happy,1.0,3,-1
PublicTest,/gpfs0/bgu-vilenchi/users/sdolev/Thesis/VLMs/data/fer2013/PublicTest/happy/happy_PublicTest_29000.png,happy,1.0,3,-1
Training,/gpfs0/bgu-vilenchi/users/sdolev/Thesis/VLMs/data/fer2013/Training/surprise/surprise_Training_17514.png,surprise,1.0,5,1045
Training,/gpfs0/bgu-vilenchi/users/sdolev/Thesis/VLMs/data/fer2013/Training/fear/fear_Training_14848.png,fear,0.8,2,948
Training,/gpfs0/bgu-vilenchi/users/sdolev/Thesis/VLMs/data/fer2013/Training/happy/happy_Training_22534.png,happy,1.0,3,-1
Training,/gpfs0/bgu-vilenchi/users/sdolev/Thesis/VLMs/data/fer2013/Training/neutral/neutral_Training_8862.png,neutral,0.8,6,-1
PublicTest,/gpfs0/bgu-vilenchi/users/sdolev/Thesis/VLMs/data/fer2013/PublicTest/neutral/neutral_PublicTest_31164.png,neutral,1.0,6,-1
PrivateTest,/gpfs0/bgu-vilenchi/users/sdolev/Thesis/VLMs/data/fer2013/PrivateTest/happy/happy_PrivateTest_32975.png,happy,1.0,3,-1
Training,/gpfs0/bgu-vilenchi/users/sdolev/Thesis/VLMs/data/fer2013/Training/neutral/neutral_Training_16038.png,neutral,0.9,6,-1
Training,/gpfs0/bgu-vilenchi/users/sdolev/Thesis/VLMs/data/fer2013/Training/happy/happy_Training_17648.png,happy,1.0,3,-1
Training,/gpfs0/bgu-vilenchi/users/sdolev/Thesis/VLMs/data/fer2013/Training/happy/happy_Training_3440.png,happy,1.0,3,1
Training,/gpfs0/bgu-vilenchi/users/sdolev/Thesis/VLMs/data/fer2013/Training/neutral/neutral_Training_3909.png,neutral,1.0,6,-1
Training,/gpfs0/bgu-vilenchi/users/sdolev/Thesis/VLMs/data/fer2013/Training/happy/happy_Training_9326.png,happy,1.0,3,-1
Training,/gpfs0/bgu-vilenchi/users/sdolev/Thesis/VLMs/data/fer2013/Training/happy/happy_Training_15126.png,happy,1.0,3,1
Training,/gpfs0/bgu-vilenchi/users/sdolev/Thesis/VLMs/data/fer2013/Training/neutral/neutral_Training_19647.png,neutral,0.8,6,-1
Training,/gpfs0/bgu-vilenchi/users/sdolev/Thesis/VLMs/data/fer2013/Training/happy/happy_Training_24263.png,happy,0.9,3,-1
Training,/gpfs0/bgu-vilenchi/users/sdolev/Thesis/VLMs/data/fer2013/Training/happy/happy_Training_6437.png,happy,1.0,3,1
PublicTest,/gpfs0/bgu-vilenchi/users/sdolev/Thesis/VLMs/data/fer2013/PublicTest/happy/happy_PublicTest_29430.png,happy,1.0,3,-1
Training,/gpfs0/bgu-vilenchi/users/sdolev/Thesis/VLMs/data/fer2013/Training/neutral/neutral_Training_10664.png,neutral,0.9,6,-1
Training,/gpfs0/bgu-vilenchi/users/sdolev/Thesis/VLMs/data/fer2013/Training/angry/angry_Training_17998.png,angry,1.0,0,-1
Training,/gpfs0/bgu-vilenchi/users/sdolev/Thesis/VLMs/data/fer2013/Training/surprise/surprise_Training_6050.png,surprise,0.9,5,501
Training,/gpfs0/bgu-vilenchi/users/sdolev/Thesis/VLMs/data/fer2013/Training/happy/happy_Training_14471.png,happy,0.8,3,-1
Training,/gpfs0/bgu-vilenchi/users/sdolev/Thesis/VLMs/data/fer2013/Training/happy/happy_Training_22726.png,happy,0.9,3,7
Training,/gpfs0/bgu-vilenchi/users/sdolev/Thesis/VLMs/data/fer2013/Training/surprise/surprise_Training_4291.png,happy,0.8,3,-1
Training,/gpfs0/bgu-vilenchi/users/sdolev/Thesis/VLMs/data/fer2013/Training/neutral/neutral_Training_6949.png,neutral,0.8,6,-1
Training,/gpfs0/bgu-vilenchi/users/sdolev/Thesis/VLMs/data/fer2013/Training/angry/angry_Training_1375.png,neutral,0.8,6,-1
Training,/gpfs0/bgu-vilenchi/users/sdolev/Thesis/VLMs/data/fer2013/Training/happy/happy_Training_7190.png,happy,1.0,3,-1
Training,/gpfs0/bgu-vilenchi/users/sdolev/Thesis/VLMs/data/fer2013/Training/happy/happy_Training_5824.png,happy,1.0,3,1
Training,/gpfs0/bgu-vilenchi/users/sdolev/Thesis/VLMs/data/fer2013/Training/sad/sad_Training_13471.png,neutral,0.9,6,-1
Training,/gpfs0/bgu-vilenchi/users/sdolev/Thesis/VLMs/data/fer2013/Training/neutral/neutral_Training_22720.png,neutral,0.8,6,-1
Training,/gpfs0/bgu-vilenchi/users/sdolev/Thesis/VLMs/data/fer2013/Training/fear/fear_Training_6433.png,angry,0.9,0,176
Training,/gpfs0/bgu-vilenchi/users/sdolev/Thesis/VLMs/data/fer2013/Training/neutral/neutral_Training_24573.png,neutral,1.0,6,-1
Training,/gpfs0/bgu-vilenchi/users/sdolev/Thesis/VLMs/data/fer2013/Training/happy/happy_Training_13794.png,happy,1.0,3,-1
Training,/gpfs0/bgu-vilenchi/users/sdolev/Thesis/VLMs/data/fer2013/Training/sad/sad_Training_4412.png,neutral,0.9,6,-1
Training,/gpfs0/bgu-vilenchi/users/sdolev/Thesis/VLMs/data/fer2013/Training/neutral/neutral_Training_5331.png,sad,0.8,4,-1
Training,/gpfs0/bgu-vilenchi/users/sdolev/Thesis/VLMs/data/fer2013/Training/happy/happy_Training_11333.png,happy,1.0,3,-1
Training,/gpfs0/bgu-vilenchi/users/sdolev/Thesis/VLMs/data/fer2013/Training/neutral/neutral_Training_16041.png,neutral,1.0,6,-1
Training,/gpfs0/bgu-vilenchi/users/sdolev/Thesis/VLMs/data/fer2013/Training/neutral/neutral_Training_13670.png,neutral,0.9,6,-1
Training,/gpfs0/bgu-vilenchi/users/sdolev/Thesis/VLMs/data/fer2013/Training/angry/angry_Training_203.png,neutral,0.9,6,-1
PrivateTest,/gpfs0/bgu-vilenchi/users/sdolev/Thesis/VLMs/data/fer2013/PrivateTest/fear/fear_PrivateTest_34897.png,neutral,0.9,6,-1
Training,/gpfs0/bgu-vilenchi/users/sdolev/Thesis/VLMs/data/fer2013/Training/fear/fear_Training_15012.png,sad,0.9,4,-1
Training,/gpfs0/bgu-vilenchi/users/sdolev/Thesis/VLMs/data/fer2013/Training/surprise/surprise_Training_1118.png,surprise,1.0,5,-1
Training,/gpfs0/bgu-vilenchi/users/sdolev/Thesis/VLMs/data/fer2013/Training/happy/happy_Training_18282.png,happy,1.0,3,-1
Training,/gpfs0/bgu-vilenchi/users/sdolev/Thesis/VLMs/data/fer2013/Training/surprise/surprise_Training_21740.png,surprise,0.9,5,7
Training,/gpfs0/bgu-vilenchi/users/sdolev/Thesis/VLMs/data/fer2013/Training/fear/fear_Training_1544.png,fear,0.8,2,-1
PublicTest,/gpfs0/bgu-vilenchi/users/sdolev/Thesis/VLMs/data/fer2013/PublicTest/neutral/neutral_PublicTest_30722.png,neutral,1.0,6,-1
Training,/gpfs0/bgu-vilenchi/users/sdolev/Thesis/VLMs/data/fer2013/Training/happy/happy_Training_16352.png,neutral,0.8,6,-1
Training,/gpfs0/bgu-vilenchi/users/sdolev/Thesis/VLMs/data/fer2013/Training/fear/fear_Training_23883.png,neutral,0.8,6,-1
Training,/gpfs0/bgu-vilenchi/users/sdolev/Thesis/VLMs/data/fer2013/Training/sad/sad_Training_4216.png,neutral,0.8,6,-1
PublicTest,/gpfs0/bgu-vilenchi/users/sdolev/Thesis/VLMs/data/fer2013/PublicTest/happy/happy_PublicTest_32177.png,happy,1.0,3,-1
Training,/gpfs0/bgu-vilenchi/users/sdolev/Thesis/VLMs/data/fer2013/Training/happy/happy_Training_15775.png,happy,1.0,3,-1
Training,/gpfs0/bgu-vilenchi/users/sdolev/Thesis/VLMs/data/fer2013/Training/neutral/neutral_Training_11309.png,neutral,1.0,6,-1
Training,/gpfs0/bgu-vilenchi/users/sdolev/Thesis/VLMs/data/fer2013/Training/happy/happy_Training_11840.png,happy,1.0,3,-1
Training,/gpfs0/bgu-vilenchi/users/sdolev/Thesis/VLMs/data/fer2013/Training/angry/angry_Training_17170.png,neutral,0.9,6,-1
Training,/gpfs0/bgu-vilenchi/users/sdolev/Thesis/VLMs/data/fer2013/Training/surprise/surprise_Training_28422.png,surprise,1.0,5,7
Training,/gpfs0/bgu-vilenchi/users/sdolev/Thesis/VLMs/data/fer2013/Training/happy/happy_Training_6597.png,happy,1.0,3,-1
Training,/gpfs0/bgu-vilenchi/users/sdolev/Thesis/VLMs/data/fer2013/Training/angry/angry_Training_11028.png,sad,0.8,4,-1
Training,/gpfs0/bgu-vilenchi/users/sdolev/Thesis/VLMs/data/fer2013/Training/sad/sad_Training_7173.png,sad,1.0,4,-1
PrivateTest,/gpfs0/bgu-vilenchi/users/sdolev/Thesis/VLMs/data/fer2013/PrivateTest/neutral/neutral_PrivateTest_33418.png,neutral,1.0,6,-1
Training,/gpfs0/bgu-vilenchi/users/sdolev/Thesis/VLMs/data/fer2013/Training/happy/happy_Training_17481.png,happy,1.0,3,1
Training,/gpfs0/bgu-vilenchi/users/sdolev/Thesis/VLMs/data/fer2013/Training/neutral/neutral_Training_22088.png,neutral,0.9,6,-1
PrivateTest,/gpfs0/bgu-vilenchi/users/sdolev/Thesis/VLMs/data/fer2013/PrivateTest/happy/happy_PrivateTest_34468.png,happy,1.0,3,-1
PrivateTest,/gpfs0/bgu-vilenchi/users/sdolev/Thesis/VLMs/data/fer2013/PrivateTest/sad/sad_PrivateTest_33554.png,neutral,0.9,6,-1
PrivateTest,/gpfs0/bgu-vilenchi/users/sdolev/Thesis/VLMs/data/fer2013/PrivateTest/happy/happy_PrivateTest_35860.png,happy,1.0,3,1
PublicTest,/gpfs0/bgu-vilenchi/users/sdolev/Thesis/VLMs/data/fer2013/PublicTest/angry/angry_PublicTest_30797.png,angry,0.8,0,-1
Training,/gpfs0/bgu-vilenchi/users/sdolev/Thesis/VLMs/data/fer2013/Training/happy/happy_Training_9940.png,happy,1.0,3,-1
Training,/gpfs0/bgu-vilenchi/users/sdolev/Thesis/VLMs/data/fer2013/Training/happy/happy_Training_24360.png,happy,0.8,3,-1
Training,/gpfs0/bgu-vilenchi/users/sdolev/Thesis/VLMs/data/fer2013/Training/fear/fear_Training_26812.png,sad,1.0,4,412
PublicTest,/gpfs0/bgu-vilenchi/users/sdolev/Thesis/VLMs/data/fer2013/PublicTest/surprise/surprise_PublicTest_31405.png,surprise,0.9,5,7
Training,/gpfs0/bgu-vilenchi/users/sdolev/Thesis/VLMs/data/fer2013/Training/sad/sad_Training_16031.png,neutral,1.0,6,-1
PrivateTest,/gpfs0/bgu-vilenchi/users/sdolev/Thesis/VLMs/data/fer2013/PrivateTest/happy/happy_PrivateTest_34961.png,happy,0.9,3,7
Training,/gpfs0/bgu-vilenchi/users/sdolev/Thesis/VLMs/data/fer2013/Training/neutral/neutral_Training_2893.png,neutral,1.0,6,-1
Training,/gpfs0/bgu-vilenchi/users/sdolev/Thesis/VLMs/data/fer2013/Training/happy/happy_Training_2308.png,happy,1.0,3,1
PublicTest,/gpfs0/bgu-vilenchi/users/sdolev/Thesis/VLMs/data/fer2013/PublicTest/neutral/neutral_PublicTest_28758.png,neutral,0.9,6,-1
PublicTest,/gpfs0/bgu-vilenchi/users/sdolev/Thesis/VLMs/data/fer2013/PublicTest/surprise/surprise_PublicTest_29586.png,surprise,1.0,5,1321
PrivateTest,/gpfs0/bgu-vilenchi/users/sdolev/Thesis/VLMs/data/fer2013/PrivateTest/sad/sad_PrivateTest_34821.png,neutral,0.8,6,-1
Training,/gpfs0/bgu-vilenchi/users/sdolev/Thesis/VLMs/data/fer2013/Training/angry/angry_Training_10155.png,angry,0.8,0,-1
PublicTest,/gpfs0/bgu-vilenchi/users/sdolev/Thesis/VLMs/data/fer2013/PublicTest/neutral/neutral_PublicTest_30283.png,neutral,0.9,6,-1
PublicTest,/gpfs0/bgu-vilenchi/users/sdolev/Thesis/VLMs/data/fer2013/PublicTest/happy/happy_PublicTest_30554.png,neutral,0.8,6,-1
Training,/gpfs0/bgu-vilenchi/users/sdolev/Thesis/VLMs/data/fer2013/Training/happy/happy_Training_6045.png,happy,0.9,3,-1
Training,/gpfs0/bgu-vilenchi/users/sdolev/Thesis/VLMs/data/fer2013/Training/neutral/neutral_Training_5973.png,neutral,0.8,6,-1
Training,/gpfs0/bgu-vilenchi/users/sdolev/Thesis/VLMs/data/fer2013/Training/neutral/neutral_Training_19937.png,neutral,0.8,6,-1
Training,/gpfs0/bgu-vilenchi/users/sdolev/Thesis/VLMs/data/fer2013/Training/happy/happy_Training_24137.png,happy,1.0,3,1
PrivateTest,/gpfs0/bgu-vilenchi/users/sdolev/Thesis/VLMs/data/fer2013/PrivateTest/neutral/neutral_PrivateTest_35741.png,neutral,1.0,6,-1
Training,/gpfs0/bgu-vilenchi/users/sdolev/Thesis/VLMs/data/fer2013/Training/happy/happy_Training_12797.png,happy,1.0,3,-1
PublicTest,/gpfs0/bgu-vilenchi/users/sdolev/Thesis/VLMs/data/fer2013/PublicTest/happy/happy_PublicTest_29042.png,happy,1.0,3,-1
PublicTest,/gpfs0/bgu-vilenchi/users/sdolev/Thesis/VLMs/data/fer2013/PublicTest/surprise/surprise_PublicTest_30173.png,surprise,1.0,5,1013
PrivateTest,/gpfs0/bgu-vilenchi/users/sdolev/Thesis/VLMs/data/fer2013/PrivateTest/happy/happy_PrivateTest_34882.png,happy,1.0,3,-1
Training,/gpfs0/bgu-vilenchi/users/sdolev/Thesis/VLMs/data/fer2013/Training/sad/sad_Training_14384.png,sad,0.9,4,-1
Training,/gpfs0/bgu-vilenchi/users/sdolev/Thesis/VLMs/data/fer2013/Training/happy/happy_Training_3417.png,happy,0.9,3,-1
Training,/gpfs0/bgu-vilenchi/users/sdolev/Thesis/VLMs/data/fer2013/Training/happy/happy_Training_7290.png,happy,1.0,3,576
PublicTest,/gpfs0/bgu-vilenchi/users/sdolev/Thesis/VLMs/data/fer2013/PublicTest/happy/happy_PublicTest_29907.png,happy,1.0,3,-1
PrivateTest,/gpfs0/bgu-vilenchi/users/sdolev/Thesis/VLMs/data/fer2013/PrivateTest/angry/angry_PrivateTest_35817.png,angry,0.9,0,-1
Training,/gpfs0/bgu-vilenchi/users/sdolev/Thesis/VLMs/data/fer2013/Training/sad/sad_Training_13813.png,neutral,0.8,6,-1
PrivateTest,/gpfs0/bgu-vilenchi/users/sdolev/Thesis/VLMs/data/fer2013/PrivateTest/happy/happy_PrivateTest_32886.png,happy,1.0,3,-1
Training,/gpfs0/bgu-vilenchi/users/sdolev/Thesis/VLMs/data/fer2013/Training/happy/happy_Training_22863.png,happy,0.8,3,-1
Training,/gpfs0/bgu-vilenchi/users/sdolev/Thesis/VLMs/data/fer2013/Training/sad/sad_Training_16465.png,neutral,0.8,6,-1
Training,/gpfs0/bgu-vilenchi/users/sdolev/Thesis/VLMs/data/fer2013/Training/sad/sad_Training_14574.png,sad,1.0,4,-1
Training,/gpfs0/bgu-vilenchi/users/sdolev/Thesis/VLMs/data/fer2013/Training/angry/angry_Training_24690.png,angry,0.8,0,-1
Training,/gpfs0/bgu-vilenchi/users/sdolev/Thesis/VLMs/data/fer2013/Training/happy/happy_Training_8377.png,happy,0.9,3,-1
PrivateTest,/gpfs0/bgu-vilenchi/users/sdolev/Thesis/VLMs/data/fer2013/PrivateTest/neutral/neutral_PrivateTest_35476.png,neutral,0.9,6,1025
Training,/gpfs0/bgu-vilenchi/users/sdolev/Thesis/VLMs/data/fer2013/Training/happy/happy_Training_22421.png,happy,1.0,3,-1
Training,/gpfs0/bgu-vilenchi/users/sdolev/Thesis/VLMs/data/fer2013/Training/neutral/neutral_Training_852.png,neutral,1.0,6,-1
PublicTest,/gpfs0/bgu-vilenchi/users/sdolev/Thesis/VLMs/data/fer2013/PublicTest/angry/angry_PublicTest_28994.png,neutral,1.0,6,-1
Training,/gpfs0/bgu-vilenchi/users/sdolev/Thesis/VLMs/data/fer2013/Training/happy/happy_Training_26214.png,happy,1.0,3,7
Training,/gpfs0/bgu-vilenchi/users/sdolev/Thesis/VLMs/data/fer2013/Training/neutral/neutral_Training_28617.png,neutral,0.8,6,-1
Training,/gpfs0/bgu-vilenchi/users/sdolev/Thesis/VLMs/data/fer2013/Training/surprise/surprise_Training_18257.png,surprise,0.8,5,-1
Training,/gpfs0/bgu-vilenchi/users/sdolev/Thesis/VLMs/data/fer2013/Training/happy/happy_Training_19301.png,happy,0.9,3,-1
Training,/gpfs0/bgu-vilenchi/users/sdolev/Thesis/VLMs/data/fer2013/Training/sad/sad_Training_3235.png,neutral,0.9,6,-1
Training,/gpfs0/bgu-vilenchi/users/sdolev/Thesis/VLMs/data/fer2013/Training/happy/happy_Training_5783.png,happy,1.0,3,-1
Training,/gpfs0/bgu-vilenchi/users/sdolev/Thesis/VLMs/data/fer2013/Training/happy/happy_Training_8327.png,happy,0.9,3,-1
Training,/gpfs0/bgu-vilenchi/users/sdolev/Thesis/VLMs/data/fer2013/Training/sad/sad_Training_18584.png,neutral,0.9,6,-1
Training,/gpfs0/bgu-vilenchi/users/sdolev/Thesis/VLMs/data/fer2013/Training/surprise/surprise_Training_12918.png,surprise,0.9,5,869
PrivateTest,/gpfs0/bgu-vilenchi/users/sdolev/Thesis/VLMs/data/fer2013/PrivateTest/happy/happy_PrivateTest_34430.png,happy,1.0,3,-1
PrivateTest,/gpfs0/bgu-vilenchi/users/sdolev/Thesis/VLMs/data/fer2013/PrivateTest/happy/happy_PrivateTest_33762.png,happy,0.9,3,-1
Training,/gpfs0/bgu-vilenchi/users/sdolev/Thesis/VLMs/data/fer2013/Training/neutral/neutral_Training_1248.png,neutral,1.0,6,-1
PrivateTest,/gpfs0/bgu-vilenchi/users/sdolev/Thesis/VLMs/data/fer2013/PrivateTest/sad/sad_PrivateTest_34834.png,sad,0.8,4,-1
Training,/gpfs0/bgu-vilenchi/users/sdolev/Thesis/VLMs/data/fer2013/Training/happy/happy_Training_15679.png,happy,0.8,3,1
Training,/gpfs0/bgu-vilenchi/users/sdolev/Thesis/VLMs/data/fer2013/Training/neutral/neutral_Training_6869.png,neutral,0.9,6,-1
Training,/gpfs0/bgu-vilenchi/users/sdolev/Thesis/VLMs/data/fer2013/Training/angry/angry_Training_25904.png,angry,0.9,0,1270
Training,/gpfs0/bgu-vilenchi/users/sdolev/Thesis/VLMs/data/fer2013/Training/fear/fear_Training_4794.png,fear,0.9,2,-1
Training,/gpfs0/bgu-vilenchi/users/sdolev/Thesis/VLMs/data/fer2013/Training/happy/happy_Training_12085.png,happy,0.9,3,-1
Training,/gpfs0/bgu-vilenchi/users/sdolev/Thesis/VLMs/data/fer2013/Training/sad/sad_Training_20793.png,neutral,0.8,6,-1
PrivateTest,/gpfs0/bgu-vilenchi/users/sdolev/Thesis/VLMs/data/fer2013/PrivateTest/neutral/neutral_PrivateTest_33767.png,neutral,1.0,6,-1
Training,/gpfs0/bgu-vilenchi/users/sdolev/Thesis/VLMs/data/fer2013/Training/fear/fear_Training_1884.png,neutral,1.0,6,-1
Training,/gpfs0/bgu-vilenchi/users/sdolev/Thesis/VLMs/data/fer2013/Training/happy/happy_Training_24235.png,happy,1.0,3,-1
PrivateTest,/gpfs0/bgu-vilenchi/users/sdolev/Thesis/VLMs/data/fer2013/PrivateTest/surprise/surprise_PrivateTest_32535.png,surprise,0.8,5,-1
Training,/gpfs0/bgu-vilenchi/users/sdolev/Thesis/VLMs/data/fer2013/Training/happy/happy_Training_9740.png,happy,1.0,3,-1
PublicTest,/gpfs0/bgu-vilenchi/users/sdolev/Thesis/VLMs/data/fer2013/PublicTest/angry/angry_PublicTest_30872.png,angry,1.0,0,-1
Training,/gpfs0/bgu-vilenchi/users/sdolev/Thesis/VLMs/data/fer2013/Training/fear/fear_Training_14707.png,neutral,0.9,6,-1
Training,/gpfs0/bgu-vilenchi/users/sdolev/Thesis/VLMs/data/fer2013/Training/happy/happy_Training_24228.png,happy,1.0,3,-1
Training,/gpfs0/bgu-vilenchi/users/sdolev/Thesis/VLMs/data/fer2013/Training/happy/happy_Training_27427.png,happy,1.0,3,-1
PublicTest,/gpfs0/bgu-vilenchi/users/sdolev/Thesis/VLMs/data/fer2013/PublicTest/angry/angry_PublicTest_31083.png,neutral,0.9,6,-1
Training,/gpfs0/bgu-vilenchi/users/sdolev/Thesis/VLMs/data/fer2013/Training/happy/happy_Training_25477.png,happy,0.9,3,-1
Training,/gpfs0/bgu-vilenchi/users/sdolev/Thesis/VLMs/data/fer2013/Training/neutral/neutral_Training_1093.png,neutral,1.0,6,120
Training,/gpfs0/bgu-vilenchi/users/sdolev/Thesis/VLMs/data/fer2013/Training/happy/happy_Training_26284.png,happy,1.0,3,-1
Training,/gpfs0/bgu-vilenchi/users/sdolev/Thesis/VLMs/data/fer2013/Training/neutral/neutral_Training_25409.png,neutral,1.0,6,-1
Training,/gpfs0/bgu-vilenchi/users/sdolev/Thesis/VLMs/data/fer2013/Training/neutral/neutral_Training_17493.png,neutral,1.0,6,-1
Training,/gpfs0/bgu-vilenchi/users/sdolev/Thesis/VLMs/data/fer2013/Training/angry/angry_Training_5610.png,neutral,0.8,6,-1
Training,/gpfs0/bgu-vilenchi/users/sdolev/Thesis/VLMs/data/fer2013/Training/surprise/surprise_Training_22305.png,surprise,0.9,5,1190
Training,/gpfs0/bgu-vilenchi/users/sdolev/Thesis/VLMs/data/fer2013/Training/sad/sad_Training_11703.png,sad,0.9,4,-1
Training,/gpfs0/bgu-vilenchi/users/sdolev/Thesis/VLMs/data/fer2013/Training/happy/happy_Training_24123.png,happy,0.9,3,-1
PrivateTest,/gpfs0/bgu-vilenchi/users/sdolev/Thesis/VLMs/data/fer2013/PrivateTest/neutral/neutral_PrivateTest_35779.png,neutral,0.8,6,-1
PrivateTest,/gpfs0/bgu-vilenchi/users/sdolev/Thesis/VLMs/data/fer2013/PrivateTest/neutral/neutral_PrivateTest_33243.png,neutral,0.8,6,-1
Training,/gpfs0/bgu-vilenchi/users/sdolev/Thesis/VLMs/data/fer2013/Training/happy/happy_Training_26279.png,happy,1.0,3,-1
Training,/gpfs0/bgu-vilenchi/users/sdolev/Thesis/VLMs/data/fer2013/Training/happy/happy_Training_7410.png,happy,1.0,3,-1
Training,/gpfs0/bgu-vilenchi/users/sdolev/Thesis/VLMs/data/fer2013/Training/sad/sad_Training_19273.png,sad,0.8,4,-1
Training,/gpfs0/bgu-vilenchi/users/sdolev/Thesis/VLMs/data/fer2013/Training/happy/happy_Training_11649.png,happy,0.9,3,-1
Training,/gpfs0/bgu-vilenchi/users/sdolev/Thesis/VLMs/data/fer2013/Training/surprise/surprise_Training_12131.png,surprise,1.0,5,-1
Training,/gpfs0/bgu-vilenchi/users/sdolev/Thesis/VLMs/data/fer2013/Training/sad/sad_Training_5494.png,neutral,0.9,6,-1
Training,/gpfs0/bgu-vilenchi/users/sdolev/Thesis/VLMs/data/fer2013/Training/sad/sad_Training_2586.png,neutral,0.9,6,-1
Training,/gpfs0/bgu-vilenchi/users/sdolev/Thesis/VLMs/data/fer2013/Training/happy/happy_Training_10066.png,happy,0.8,3,-1
Training,/gpfs0/bgu-vilenchi/users/sdolev/Thesis/VLMs/data/fer2013/Training/happy/happy_Training_21007.png,happy,0.9,3,-1
Training,/gpfs0/bgu-vilenchi/users/sdolev/Thesis/VLMs/data/fer2013/Training/happy/happy_Training_17305.png,happy,0.9,3,1
PublicTest,/gpfs0/bgu-vilenchi/users/sdolev/Thesis/VLMs/data/fer2013/PublicTest/surprise/surprise_PublicTest_29090.png,surprise,0.8,5,-1
Training,/gpfs0/bgu-vilenchi/users/sdolev/Thesis/VLMs/data/fer2013/Training/sad/sad_Training_1356.png,neutral,0.8,6,-1
Training,/gpfs0/bgu-vilenchi/users/sdolev/Thesis/VLMs/data/fer2013/Training/angry/angry_Training_12049.png,angry,0.8,0,-1
Training,/gpfs0/bgu-vilenchi/users/sdolev/Thesis/VLMs/data/fer2013/Training/neutral/neutral_Training_24248.png,neutral,1.0,6,-1
Training,/gpfs0/bgu-vilenchi/users/sdolev/Thesis/VLMs/data/fer2013/Training/surprise/surprise_Training_15449.png,surprise,1.0,5,7
Training,/gpfs0/bgu-vilenchi/users/sdolev/Thesis/VLMs/data/fer2013/Training/surprise/surprise_Training_11497.png,happy,1.0,3,806
Training,/gpfs0/bgu-vilenchi/users/sdolev/Thesis/VLMs/data/fer2013/Training/sad/sad_Training_28126.png,sad,0.9,4,7
Training,/gpfs0/bgu-vilenchi/users/sdolev/Thesis/VLMs/data/fer2013/Training/disgust/disgust_Training_1310.png,happy,0.8,3,-1
Training,/gpfs0/bgu-vilenchi/users/sdolev/Thesis/VLMs/data/fer2013/Training/neutral/neutral_Training_16092.png,neutral,1.0,6,-1
Training,/gpfs0/bgu-vilenchi/users/sdolev/Thesis/VLMs/data/fer2013/Training/happy/happy_Training_11515.png,happy,1.0,3,-1
Training,/gpfs0/bgu-vilenchi/users/sdolev/Thesis/VLMs/data/fer2013/Training/happy/happy_Training_3684.png,happy,1.0,3,-1
Training,/gpfs0/bgu-vilenchi/users/sdolev/Thesis/VLMs/data/fer2013/Training/sad/sad_Training_23870.png,neutral,0.9,6,-1
Training,/gpfs0/bgu-vilenchi/users/sdolev/Thesis/VLMs/data/fer2013/Training/happy/happy_Training_18097.png,happy,1.0,3,-1
Training,/gpfs0/bgu-vilenchi/users/sdolev/Thesis/VLMs/data/fer2013/Training/sad/sad_Training_27822.png,neutral,0.9,6,-1
Training,/gpfs0/bgu-vilenchi/users/sdolev/Thesis/VLMs/data/fer2013/Training/happy/happy_Training_1269.png,happy,0.9,3,-1
Training,/gpfs0/bgu-vilenchi/users/sdolev/Thesis/VLMs/data/fer2013/Training/happy/happy_Training_5707.png,happy,1.0,3,-1
Training,/gpfs0/bgu-vilenchi/users/sdolev/Thesis/VLMs/data/fer2013/Training/happy/happy_Training_1828.png,happy,1.0,3,-1
Training,/gpfs0/bgu-vilenchi/users/sdolev/Thesis/VLMs/data/fer2013/Training/neutral/neutral_Training_21307.png,neutral,0.9,6,1167
Training,/gpfs0/bgu-vilenchi/users/sdolev/Thesis/VLMs/data/fer2013/Training/happy/happy_Training_14554.png,happy,1.0,3,-1
Training,/gpfs0/bgu-vilenchi/users/sdolev/Thesis/VLMs/data/fer2013/Training/angry/angry_Training_9707.png,neutral,0.8,6,-1
Training,/gpfs0/bgu-vilenchi/users/sdolev/Thesis/VLMs/data/fer2013/Training/angry/angry_Training_6944.png,angry,0.9,0,-1
Training,/gpfs0/bgu-vilenchi/users/sdolev/Thesis/VLMs/data/fer2013/Training/happy/happy_Training_1363.png,happy,0.9,3,-1
PublicTest,/gpfs0/bgu-vilenchi/users/sdolev/Thesis/VLMs/data/fer2013/PublicTest/sad/sad_PublicTest_31537.png,neutral,0.9,6,-1
Training,/gpfs0/bgu-vilenchi/users/sdolev/Thesis/VLMs/data/fer2013/Training/angry/angry_Training_7409.png,neutral,1.0,6,-1
PublicTest,/gpfs0/bgu-vilenchi/users/sdolev/Thesis/VLMs/data/fer2013/PublicTest/happy/happy_PublicTest_28949.png,happy,1.0,3,-1
Training,/gpfs0/bgu-vilenchi/users/sdolev/Thesis/VLMs/data/fer2013/Training/happy/happy_Training_11204.png,neutral,0.8,6,-1
PublicTest,/gpfs0/bgu-vilenchi/users/sdolev/Thesis/VLMs/data/fer2013/PublicTest/neutral/neutral_PublicTest_30258.png,neutral,0.8,6,1
Training,/gpfs0/bgu-vilenchi/users/sdolev/Thesis/VLMs/data/fer2013/Training/happy/happy_Training_22179.png,happy,0.9,3,-1
Training,/gpfs0/bgu-vilenchi/users/sdolev/Thesis/VLMs/data/fer2013/Training/neutral/neutral_Training_10380.png,neutral,0.8,6,-1
Training,/gpfs0/bgu-vilenchi/users/sdolev/Thesis/VLMs/data/fer2013/Training/happy/happy_Training_7320.png,happy,1.0,3,-1
Training,/gpfs0/bgu-vilenchi/users/sdolev/Thesis/VLMs/data/fer2013/Training/surprise/surprise_Training_6572.png,surprise,0.8,5,-1
Training,/gpfs0/bgu-vilenchi/users/sdolev/Thesis/VLMs/data/fer2013/Training/surprise/surprise_Training_16204.png,surprise,0.8,5,7
Training,/gpfs0/bgu-vilenchi/users/sdolev/Thesis/VLMs/data/fer2013/Training/happy/happy_Training_19437.png,happy,1.0,3,-1
Training,/gpfs0/bgu-vilenchi/users/sdolev/Thesis/VLMs/data/fer2013/Training/happy/happy_Training_11166.png,happy,1.0,3,-1
PublicTest,/gpfs0/bgu-vilenchi/users/sdolev/Thesis/VLMs/data/fer2013/PublicTest/happy/happy_PublicTest_29431.png,happy,1.0,3,-1
Training,/gpfs0/bgu-vilenchi/users/sdolev/Thesis/VLMs/data/fer2013/Training/happy/happy_Training_11573.png,happy,0.8,3,-1
Training,/gpfs0/bgu-vilenchi/users/sdolev/Thesis/VLMs/data/fer2013/Training/surprise/surprise_Training_26273.png,surprise,0.8,5,-1
Training,/gpfs0/bgu-vilenchi/users/sdolev/Thesis/VLMs/data/fer2013/Training/surprise/surprise_Training_9127.png,surprise,0.9,5,689
Training,/gpfs0/bgu-vilenchi/users/sdolev/Thesis/VLMs/data/fer2013/Training/sad/sad_Training_23798.png,neutral,0.8,6,-1
Training,/gpfs0/bgu-vilenchi/users/sdolev/Thesis/VLMs/data/fer2013/Training/fear/fear_Training_7995.png,neutral,0.8,6,-1
Training,/gpfs0/bgu-vilenchi/users/sdolev/Thesis/VLMs/data/fer2013/Training/neutral/neutral_Training_20516.png,neutral,0.8,6,-1
Training,/gpfs0/bgu-vilenchi/users/sdolev/Thesis/VLMs/data/fer2013/Training/surprise/surprise_Training_28334.png,surprise,0.8,5,-1
Training,/gpfs0/bgu-vilenchi/users/sdolev/Thesis/VLMs/data/fer2013/Training/neutral/neutral_Training_10522.png,neutral,0.9,6,-1
Training,/gpfs0/bgu-vilenchi/users/sdolev/Thesis/VLMs/data/fer2013/Training/happy/happy_Training_16944.png,happy,1.0,3,-1
Training,/gpfs0/bgu-vilenchi/users/sdolev/Thesis/VLMs/data/fer2013/Training/neutral/neutral_Training_13225.png,neutral,0.9,6,-1
Training,/gpfs0/bgu-vilenchi/users/sdolev/Thesis/VLMs/data/fer2013/Training/surprise/surprise_Training_1050.png,happy,0.8,3,-1
Training,/gpfs0/bgu-vilenchi/users/sdolev/Thesis/VLMs/data/fer2013/Training/happy/happy_Training_5356.png,happy,1.0,3,-1
Training,/gpfs0/bgu-vilenchi/users/sdolev/Thesis/VLMs/data/fer2013/Training/happy/happy_Training_28135.png,happy,1.0,3,-1
Training,/gpfs0/bgu-vilenchi/users/sdolev/Thesis/VLMs/data/fer2013/Training/neutral/neutral_Training_13973.png,neutral,0.8,6,-1
Training,/gpfs0/bgu-vilenchi/users/sdolev/Thesis/VLMs/data/fer2013/Training/happy/happy_Training_19499.png,happy,0.8,3,-1
Training,/gpfs0/bgu-vilenchi/users/sdolev/Thesis/VLMs/data/fer2013/Training/surprise/surprise_Training_9949.png,surprise,1.0,5,734
PublicTest,/gpfs0/bgu-vilenchi/users/sdolev/Thesis/VLMs/data/fer2013/PublicTest/sad/sad_PublicTest_29786.png,sad,1.0,4,7
PrivateTest,/gpfs0/bgu-vilenchi/users/sdolev/Thesis/VLMs/data/fer2013/PrivateTest/sad/sad_PrivateTest_33265.png,sad,0.9,4,-1
Training,/gpfs0/bgu-vilenchi/users/sdolev/Thesis/VLMs/data/fer2013/Training/sad/sad_Training_24253.png,sad,1.0,4,7
PublicTest,/gpfs0/bgu-vilenchi/users/sdolev/Thesis/VLMs/data/fer2013/PublicTest/happy/happy_PublicTest_31456.png,happy,1.0,3,1
Training,/gpfs0/bgu-vilenchi/users/sdolev/Thesis/VLMs/data/fer2013/Training/happy/happy_Training_10509.png,happy,1.0,3,1
Training,/gpfs0/bgu-vilenchi/users/sdolev/Thesis/VLMs/data/fer2013/Training/happy/happy_Training_4942.png,happy,1.0,3,-1
Training,/gpfs0/bgu-vilenchi/users/sdolev/Thesis/VLMs/data/fer2013/Training/surprise/surprise_Training_14697.png,surprise,0.9,5,938
PrivateTest,/gpfs0/bgu-vilenchi/users/sdolev/Thesis/VLMs/data/fer2013/PrivateTest/happy/happy_PrivateTest_34173.png,happy,1.0,3,1
Training,/gpfs0/bgu-vilenchi/users/sdolev/Thesis/VLMs/data/fer2013/Training/happy/happy_Training_2222.png,happy,1.0,3,-1
Training,/gpfs0/bgu-vilenchi/users/sdolev/Thesis/VLMs/data/fer2013/Training/happy/happy_Training_19600.png,happy,0.9,3,-1
PrivateTest,/gpfs0/bgu-vilenchi/users/sdolev/Thesis/VLMs/data/fer2013/PrivateTest/happy/happy_PrivateTest_33927.png,happy,1.0,3,-1
Training,/gpfs0/bgu-vilenchi/users/sdolev/Thesis/VLMs/data/fer2013/Training/neutral/neutral_Training_22915.png,neutral,1.0,6,-1
Training,/gpfs0/bgu-vilenchi/users/sdolev/Thesis/VLMs/data/fer2013/Training/happy/happy_Training_3998.png,happy,1.0,3,-1
Training,/gpfs0/bgu-vilenchi/users/sdolev/Thesis/VLMs/data/fer2013/Training/neutral/neutral_Training_25971.png,neutral,0.8,6,-1
Training,/gpfs0/bgu-vilenchi/users/sdolev/Thesis/VLMs/data/fer2013/Training/happy/happy_Training_13070.png,happy,1.0,3,876
Training,/gpfs0/bgu-vilenchi/users/sdolev/Thesis/VLMs/data/fer2013/Training/sad/sad_Training_11313.png,neutral,0.8,6,-1
Training,/gpfs0/bgu-vilenchi/users/sdolev/Thesis/VLMs/data/fer2013/Training/happy/happy_Training_13563.png,happy,1.0,3,1
Training,/gpfs0/bgu-vilenchi/users/sdolev/Thesis/VLMs/data/fer2013/Training/fear/fear_Training_26807.png,neutral,0.9,6,-1
Training,/gpfs0/bgu-vilenchi/users/sdolev/Thesis/VLMs/data/fer2013/Training/neutral/neutral_Training_19753.png,neutral,1.0,6,-1
Training,/gpfs0/bgu-vilenchi/users/sdolev/Thesis/VLMs/data/fer2013/Training/happy/happy_Training_8401.png,happy,1.0,3,-1
Training,/gpfs0/bgu-vilenchi/users/sdolev/Thesis/VLMs/data/fer2013/Training/happy/happy_Training_2341.png,happy,1.0,3,-1
Training,/gpfs0/bgu-vilenchi/users/sdolev/Thesis/VLMs/data/fer2013/Training/happy/happy_Training_12790.png,happy,1.0,3,862
PrivateTest,/gpfs0/bgu-vilenchi/users/sdolev/Thesis/VLMs/data/fer2013/PrivateTest/sad/sad_PrivateTest_34533.png,neutral,1.0,6,1313
PublicTest,/gpfs0/bgu-vilenchi/users/sdolev/Thesis/VLMs/data/fer2013/PublicTest/fear/fear_PublicTest_31116.png,fear,0.8,2,-1
Training,/gpfs0/bgu-vilenchi/users/sdolev/Thesis/VLMs/data/fer2013/Training/happy/happy_Training_13197.png,happy,1.0,3,-1
PublicTest,/gpfs0/bgu-vilenchi/users/sdolev/Thesis/VLMs/data/fer2013/PublicTest/happy/happy_PublicTest_31295.png,happy,1.0,3,-1
Training,/gpfs0/bgu-vilenchi/users/sdolev/Thesis/VLMs/data/fer2013/Training/happy/happy_Training_24889.png,happy,1.0,3,-1
Training,/gpfs0/bgu-vilenchi/users/sdolev/Thesis/VLMs/data/fer2013/Training/sad/sad_Training_3052.png,neutral,0.9,6,-1
Training,/gpfs0/bgu-vilenchi/users/sdolev/Thesis/VLMs/data/fer2013/Training/happy/happy_Training_15879.png,neutral,1.0,6,-1
Training,/gpfs0/bgu-vilenchi/users/sdolev/Thesis/VLMs/data/fer2013/Training/happy/happy_Training_26015.png,happy,1.0,3,-1
Training,/gpfs0/bgu-vilenchi/users/sdolev/Thesis/VLMs/data/fer2013/Training/neutral/neutral_Training_2371.png,neutral,0.9,6,-1
Training,/gpfs0/bgu-vilenchi/users/sdolev/Thesis/VLMs/data/fer2013/Training/neutral/neutral_Training_23537.png,neutral,0.8,6,-1
Training,/gpfs0/bgu-vilenchi/users/sdolev/Thesis/VLMs/data/fer2013/Training/angry/angry_Training_21081.png,neutral,0.8,6,-1
Training,/gpfs0/bgu-vilenchi/users/sdolev/Thesis/VLMs/data/fer2013/Training/sad/sad_Training_9158.png,neutral,0.9,6,-1
Training,/gpfs0/bgu-vilenchi/users/sdolev/Thesis/VLMs/data/fer2013/Training/happy/happy_Training_1484.png,happy,1.0,3,-1
Training,/gpfs0/bgu-vilenchi/users/sdolev/Thesis/VLMs/data/fer2013/Training/surprise/surprise_Training_9806.png,surprise,0.8,5,723
Training,/gpfs0/bgu-vilenchi/users/sdolev/Thesis/VLMs/data/fer2013/Training/happy/happy_Training_27242.png,happy,0.9,3,-1
Training,/gpfs0/bgu-vilenchi/users/sdolev/Thesis/VLMs/data/fer2013/Training/happy/happy_Training_26554.png,happy,1.0,3,-1
Training,/gpfs0/bgu-vilenchi/users/sdolev/Thesis/VLMs/data/fer2013/Training/happy/happy_Training_9531.png,happy,0.9,3,-1
Training,/gpfs0/bgu-vilenchi/users/sdolev/Thesis/VLMs/data/fer2013/Training/angry/angry_Training_15297.png,neutral,0.8,6,-1
Training,/gpfs0/bgu-vilenchi/users/sdolev/Thesis/VLMs/data/fer2013/Training/sad/sad_Training_10547.png,sad,1.0,4,-1
Training,/gpfs0/bgu-vilenchi/users/sdolev/Thesis/VLMs/data/fer2013/Training/angry/angry_Training_19152.png,angry,0.9,0,-1
Training,/gpfs0/bgu-vilenchi/users/sdolev/Thesis/VLMs/data/fer2013/Training/neutral/neutral_Training_26986.png,neutral,0.9,6,-1
Training,/gpfs0/bgu-vilenchi/users/sdolev/Thesis/VLMs/data/fer2013/Training/angry/angry_Training_22892.png,angry,0.8,0,-1
Training,/gpfs0/bgu-vilenchi/users/sdolev/Thesis/VLMs/data/fer2013/Training/happy/happy_Training_6592.png,happy,1.0,3,-1
Training,/gpfs0/bgu-vilenchi/users/sdolev/Thesis/VLMs/data/fer2013/Training/happy/happy_Training_3703.png,happy,0.9,3,-1
Training,/gpfs0/bgu-vilenchi/users/sdolev/Thesis/VLMs/data/fer2013/Training/angry/angry_Training_12710.png,angry,0.9,0,-1
PublicTest,/gpfs0/bgu-vilenchi/users/sdolev/Thesis/VLMs/data/fer2013/PublicTest/neutral/neutral_PublicTest_30684.png,neutral,0.9,6,-1
Training,/gpfs0/bgu-vilenchi/users/sdolev/Thesis/VLMs/data/fer2013/Training/happy/happy_Training_26317.png,neutral,0.8,6,-1
Training,/gpfs0/bgu-vilenchi/users/sdolev/Thesis/VLMs/data/fer2013/Training/neutral/neutral_Training_23456.png,neutral,0.9,6,-1
Training,/gpfs0/bgu-vilenchi/users/sdolev/Thesis/VLMs/data/fer2013/Training/surprise/surprise_Training_2529.png,surprise,1.0,5,-1
Training,/gpfs0/bgu-vilenchi/users/sdolev/Thesis/VLMs/data/fer2013/Training/happy/happy_Training_25301.png,happy,1.0,3,-1
PublicTest,/gpfs0/bgu-vilenchi/users/sdolev/Thesis/VLMs/data/fer2013/PublicTest/neutral/neutral_PublicTest_29245.png,neutral,1.0,6,-1
Training,/gpfs0/bgu-vilenchi/users/sdolev/Thesis/VLMs/data/fer2013/Training/happy/happy_Training_18421.png,happy,1.0,3,1
Training,/gpfs0/bgu-vilenchi/users/sdolev/Thesis/VLMs/data/fer2013/Training/fear/fear_Training_28101.png,neutral,0.8,6,1
Training,/gpfs0/bgu-vilenchi/users/sdolev/Thesis/VLMs/data/fer2013/Training/sad/sad_Training_19428.png,neutral,0.8,6,-1
Training,/gpfs0/bgu-vilenchi/users/sdolev/Thesis/VLMs/data/fer2013/Training/angry/angry_Training_18646.png,angry,0.9,0,-1
Training,/gpfs0/bgu-vilenchi/users/sdolev/Thesis/VLMs/data/fer2013/Training/surprise/surprise_Training_9672.png,surprise,1.0,5,7
Training,/gpfs0/bgu-vilenchi/users/sdolev/Thesis/VLMs/data/fer2013/Training/sad/sad_Training_20443.png,sad,1.0,4,7
Training,/gpfs0/bgu-vilenchi/users/sdolev/Thesis/VLMs/data/fer2013/Training/happy/happy_Training_7441.png,happy,1.0,3,1
Training,/gpfs0/bgu-vilenchi/users/sdolev/Thesis/VLMs/data/fer2013/Training/sad/sad_Training_2526.png,neutral,0.8,6,-1
PublicTest,/gpfs0/bgu-vilenchi/users/sdolev/Thesis/VLMs/data/fer2013/PublicTest/neutral/neutral_PublicTest_29590.png,neutral,1.0,6,-1
Training,/gpfs0/bgu-vilenchi/users/sdolev/Thesis/VLMs/data/fer2013/Training/happy/happy_Training_25452.png,happy,1.0,3,-1
Training,/gpfs0/bgu-vilenchi/users/sdolev/Thesis/VLMs/data/fer2013/Training/neutral/neutral_Training_19843.png,neutral,0.9,6,-1
Training,/gpfs0/bgu-vilenchi/users/sdolev/Thesis/VLMs/data/fer2013/Training/angry/angry_Training_14791.png,neutral,0.9,6,-1
Training,/gpfs0/bgu-vilenchi/users/sdolev/Thesis/VLMs/data/fer2013/Training/happy/happy_Training_19370.png,happy,1.0,3,-1
Training,/gpfs0/bgu-vilenchi/users/sdolev/Thesis/VLMs/data/fer2013/Training/happy/happy_Training_9635.png,happy,1.0,3,-1
Training,/gpfs0/bgu-vilenchi/users/sdolev/Thesis/VLMs/data/fer2013/Training/surprise/surprise_Training_345.png,surprise,0.9,5,7
Training,/gpfs0/bgu-vilenchi/users/sdolev/Thesis/VLMs/data/fer2013/Training/happy/happy_Training_3940.png,happy,1.0,3,-1
Training,/gpfs0/bgu-vilenchi/users/sdolev/Thesis/VLMs/data/fer2013/Training/happy/happy_Training_22906.png,happy,1.0,3,-1
PrivateTest,/gpfs0/bgu-vilenchi/users/sdolev/Thesis/VLMs/data/fer2013/PrivateTest/sad/sad_PrivateTest_35297.png,neutral,0.9,6,-1
PrivateTest,/gpfs0/bgu-vilenchi/users/sdolev/Thesis/VLMs/data/fer2013/PrivateTest/surprise/surprise_PrivateTest_34298.png,surprise,1.0,5,628
Training,/gpfs0/bgu-vilenchi/users/sdolev/Thesis/VLMs/data/fer2013/Training/neutral/neutral_Training_25745.png,neutral,0.9,6,-1
Training,/gpfs0/bgu-vilenchi/users/sdolev/Thesis/VLMs/data/fer2013/Training/happy/happy_Training_19219.png,happy,1.0,3,-1
Training,/gpfs0/bgu-vilenchi/users/sdolev/Thesis/VLMs/data/fer2013/Training/happy/happy_Training_16279.png,happy,1.0,3,-1
Training,/gpfs0/bgu-vilenchi/users/sdolev/Thesis/VLMs/data/fer2013/Training/neutral/neutral_Training_24051.png,neutral,0.8,6,-1
PublicTest,/gpfs0/bgu-vilenchi/users/sdolev/Thesis/VLMs/data/fer2013/PublicTest/happy/happy_PublicTest_31674.png,happy,1.0,3,-1
Training,/gpfs0/bgu-vilenchi/users/sdolev/Thesis/VLMs/data/fer2013/Training/sad/sad_Training_15823.png,sad,0.8,4,-1
Training,/gpfs0/bgu-vilenchi/users/sdolev/Thesis/VLMs/data/fer2013/Training/neutral/neutral_Training_16051.png,neutral,0.9,6,-1
Training,/gpfs0/bgu-vilenchi/users/sdolev/Thesis/VLMs/data/fer2013/Training/neutral/neutral_Training_12848.png,neutral,1.0,6,-1
Training,/gpfs0/bgu-vilenchi/users/sdolev/Thesis/VLMs/data/fer2013/Training/surprise/surprise_Training_571.png,happy,0.8,3,-1
Training,/gpfs0/bgu-vilenchi/users/sdolev/Thesis/VLMs/data/fer2013/Training/neutral/neutral_Training_23051.png,neutral,0.9,6,-1
Training,/gpfs0/bgu-vilenchi/users/sdolev/Thesis/VLMs/data/fer2013/Training/happy/happy_Training_22594.png,happy,1.0,3,-1
PublicTest,/gpfs0/bgu-vilenchi/users/sdolev/Thesis/VLMs/data/fer2013/PublicTest/sad/sad_PublicTest_32175.png,neutral,1.0,6,-1
Training,/gpfs0/bgu-vilenchi/users/sdolev/Thesis/VLMs/data/fer2013/Training/neutral/neutral_Training_9410.png,neutral,0.9,6,-1
Training,/gpfs0/bgu-vilenchi/users/sdolev/Thesis/VLMs/data/fer2013/Training/happy/happy_Training_14176.png,happy,1.0,3,-1
Training,/gpfs0/bgu-vilenchi/users/sdolev/Thesis/VLMs/data/fer2013/Training/neutral/neutral_Training_22199.png,neutral,1.0,6,-1
PrivateTest,/gpfs0/bgu-vilenchi/users/sdolev/Thesis/VLMs/data/fer2013/PrivateTest/neutral/neutral_PrivateTest_32729.png,neutral,0.8,6,-1
PublicTest,/gpfs0/bgu-vilenchi/users/sdolev/Thesis/VLMs/data/fer2013/PublicTest/happy/happy_PublicTest_30106.png,happy,1.0,3,-1
Training,/gpfs0/bgu-vilenchi/users/sdolev/Thesis/VLMs/data/fer2013/Training/happy/happy_Training_22686.png,happy,0.9,3,-1
Training,/gpfs0/bgu-vilenchi/users/sdolev/Thesis/VLMs/data/fer2013/Training/sad/sad_Training_7866.png,sad,0.8,4,-1
Training,/gpfs0/bgu-vilenchi/users/sdolev/Thesis/VLMs/data/fer2013/Training/neutral/neutral_Training_14467.png,neutral,1.0,6,-1
Training,/gpfs0/bgu-vilenchi/users/sdolev/Thesis/VLMs/data/fer2013/Training/sad/sad_Training_12521.png,sad,0.8,4,-1
Training,/gpfs0/bgu-vilenchi/users/sdolev/Thesis/VLMs/data/fer2013/Training/sad/sad_Training_27912.png,sad,1.0,4,7
Training,/gpfs0/bgu-vilenchi/users/sdolev/Thesis/VLMs/data/fer2013/Training/neutral/neutral_Training_10041.png,happy,1.0,3,-1
Training,/gpfs0/bgu-vilenchi/users/sdolev/Thesis/VLMs/data/fer2013/Training/fear/fear_Training_2129.png,neutral,1.0,6,205
PrivateTest,/gpfs0/bgu-vilenchi/users/sdolev/Thesis/VLMs/data/fer2013/PrivateTest/happy/happy_PrivateTest_35377.png,happy,0.9,3,-1
Training,/gpfs0/bgu-vilenchi/users/sdolev/Thesis/VLMs/data/fer2013/Training/fear/fear_Training_12598.png,neutral,0.9,6,-1
PublicTest,/gpfs0/bgu-vilenchi/users/sdolev/Thesis/VLMs/data/fer2013/PublicTest/surprise/surprise_PublicTest_31559.png,surprise,0.9,5,86
Training,/gpfs0/bgu-vilenchi/users/sdolev/Thesis/VLMs/data/fer2013/Training/neutral/neutral_Training_26271.png,neutral,1.0,6,-1
Training,/gpfs0/bgu-vilenchi/users/sdolev/Thesis/VLMs/data/fer2013/Training/surprise/surprise_Training_17750.png,happy,1.0,3,-1
Training,/gpfs0/bgu-vilenchi/users/sdolev/Thesis/VLMs/data/fer2013/Training/neutral/neutral_Training_5572.png,neutral,0.8,6,-1
PublicTest,/gpfs0/bgu-vilenchi/users/sdolev/Thesis/VLMs/data/fer2013/PublicTest/happy/happy_PublicTest_29566.png,happy,1.0,3,-1
Training,/gpfs0/bgu-vilenchi/users/sdolev/Thesis/VLMs/data/fer2013/Training/neutral/neutral_Training_2227.png,neutral,0.8,6,-1
PublicTest,/gpfs0/bgu-vilenchi/users/sdolev/Thesis/VLMs/data/fer2013/PublicTest/sad/sad_PublicTest_31191.png,neutral,0.8,6,-1
Training,/gpfs0/bgu-vilenchi/users/sdolev/Thesis/VLMs/data/fer2013/Training/happy/happy_Training_20525.png,happy,1.0,3,1
Training,/gpfs0/bgu-vilenchi/users/sdolev/Thesis/VLMs/data/fer2013/Training/happy/happy_Training_22384.png,happy,0.8,3,-1
PrivateTest,/gpfs0/bgu-vilenchi/users/sdolev/Thesis/VLMs/data/fer2013/PrivateTest/sad/sad_PrivateTest_32850.png,neutral,0.9,6,-1
Training,/gpfs0/bgu-vilenchi/users/sdolev/Thesis/VLMs/data/fer2013/Training/happy/happy_Training_21085.png,happy,1.0,3,-1
Training,/gpfs0/bgu-vilenchi/users/sdolev/Thesis/VLMs/data/fer2013/Training/happy/happy_Training_17667.png,happy,0.9,3,-1
Training,/gpfs0/bgu-vilenchi/users/sdolev/Thesis/VLMs/data/fer2013/Training/fear/fear_Training_15833.png,surprise,0.8,5,-1
Training,/gpfs0/bgu-vilenchi/users/sdolev/Thesis/VLMs/data/fer2013/Training/happy/happy_Training_6781.png,happy,1.0,3,-1
Training,/gpfs0/bgu-vilenchi/users/sdolev/Thesis/VLMs/data/fer2013/Training/angry/angry_Training_22425.png,surprise,0.8,5,-1
Training,/gpfs0/bgu-vilenchi/users/sdolev/Thesis/VLMs/data/fer2013/Training/neutral/neutral_Training_19598.png,neutral,0.9,6,-1
Training,/gpfs0/bgu-vilenchi/users/sdolev/Thesis/VLMs/data/fer2013/Training/sad/sad_Training_20080.png,neutral,0.8,6,-1
Training,/gpfs0/bgu-vilenchi/users/sdolev/Thesis/VLMs/data/fer2013/Training/neutral/neutral_Training_7643.png,neutral,1.0,6,-1
Training,/gpfs0/bgu-vilenchi/users/sdolev/Thesis/VLMs/data/fer2013/Training/angry/angry_Training_21309.png,angry,1.0,0,-1
Training,/gpfs0/bgu-vilenchi/users/sdolev/Thesis/VLMs/data/fer2013/Training/sad/sad_Training_26794.png,sad,1.0,4,975
Training,/gpfs0/bgu-vilenchi/users/sdolev/Thesis/VLMs/data/fer2013/Training/angry/angry_Training_5582.png,neutral,0.8,6,-1
Training,/gpfs0/bgu-vilenchi/users/sdolev/Thesis/VLMs/data/fer2013/Training/happy/happy_Training_21899.png,happy,0.9,3,-1
Training,/gpfs0/bgu-vilenchi/users/sdolev/Thesis/VLMs/data/fer2013/Training/happy/happy_Training_28376.png,happy,1.0,3,-1
PublicTest,/gpfs0/bgu-vilenchi/users/sdolev/Thesis/VLMs/data/fer2013/PublicTest/sad/sad_PublicTest_31834.png,sad,1.0,4,-1
Training,/gpfs0/bgu-vilenchi/users/sdolev/Thesis/VLMs/data/fer2013/Training/happy/happy_Training_23434.png,happy,1.0,3,1
Training,/gpfs0/bgu-vilenchi/users/sdolev/Thesis/VLMs/data/fer2013/Training/sad/sad_Training_21996.png,neutral,1.0,6,-1
Training,/gpfs0/bgu-vilenchi/users/sdolev/Thesis/VLMs/data/fer2013/Training/neutral/neutral_Training_10323.png,neutral,0.9,6,754
Training,/gpfs0/bgu-vilenchi/users/sdolev/Thesis/VLMs/data/fer2013/Training/sad/sad_Training_22036.png,neutral,0.9,6,-1
Training,/gpfs0/bgu-vilenchi/users/sdolev/Thesis/VLMs/data/fer2013/Training/happy/happy_Training_2559.png,happy,1.0,3,1
Training,/gpfs0/bgu-vilenchi/users/sdolev/Thesis/VLMs/data/fer2013/Training/happy/happy_Training_12668.png,happy,0.9,3,7
Training,/gpfs0/bgu-vilenchi/users/sdolev/Thesis/VLMs/data/fer2013/Training/sad/sad_Training_21926.png,neutral,0.8,6,-1
Training,/gpfs0/bgu-vilenchi/users/sdolev/Thesis/VLMs/data/fer2013/Training/happy/happy_Training_2338.png,happy,1.0,3,-1
PublicTest,/gpfs0/bgu-vilenchi/users/sdolev/Thesis/VLMs/data/fer2013/PublicTest/happy/happy_PublicTest_32294.png,happy,1.0,3,-1
PublicTest,/gpfs0/bgu-vilenchi/users/sdolev/Thesis/VLMs/data/fer2013/PublicTest/happy/happy_PublicTest_29881.png,happy,1.0,3,-1
Training,/gpfs0/bgu-vilenchi/users/sdolev/Thesis/VLMs/data/fer2013/Training/happy/happy_Training_2652.png,happy,1.0,3,-1
Training,/gpfs0/bgu-vilenchi/users/sdolev/Thesis/VLMs/data/fer2013/Training/neutral/neutral_Training_13327.png,neutral,1.0,6,-1
Training,/gpfs0/bgu-vilenchi/users/sdolev/Thesis/VLMs/data/fer2013/Training/surprise/surprise_Training_9992.png,surprise,0.9,5,738
Training,/gpfs0/bgu-vilenchi/users/sdolev/Thesis/VLMs/data/fer2013/Training/sad/sad_Training_1947.png,sad,0.8,4,-1
Training,/gpfs0/bgu-vilenchi/users/sdolev/Thesis/VLMs/data/fer2013/Training/angry/angry_Training_18832.png,neutral,0.8,6,-1
PublicTest,/gpfs0/bgu-vilenchi/users/sdolev/Thesis/VLMs/data/fer2013/PublicTest/sad/sad_PublicTest_31174.png,sad,1.0,4,7
Training,/gpfs0/bgu-vilenchi/users/sdolev/Thesis/VLMs/data/fer2013/Training/happy/happy_Training_26166.png,happy,1.0,3,1
Training,/gpfs0/bgu-vilenchi/users/sdolev/Thesis/VLMs/data/fer2013/Training/happy/happy_Training_7657.png,happy,1.0,3,-1
Training,/gpfs0/bgu-vilenchi/users/sdolev/Thesis/VLMs/data/fer2013/Training/happy/happy_Training_6344.png,happy,1.0,3,-1
Training,/gpfs0/bgu-vilenchi/users/sdolev/Thesis/VLMs/data/fer2013/Training/sad/sad_Training_11880.png,neutral,0.9,6,-1
PublicTest,/gpfs0/bgu-vilenchi/users/sdolev/Thesis/VLMs/data/fer2013/PublicTest/fear/fear_PublicTest_31844.png,surprise,0.8,5,-1
Training,/gpfs0/bgu-vilenchi/users/sdolev/Thesis/VLMs/data/fer2013/Training/happy/happy_Training_13476.png,happy,0.9,3,-1
PrivateTest,/gpfs0/bgu-vilenchi/users/sdolev/Thesis/VLMs/data/fer2013/PrivateTest/happy/happy_PrivateTest_34159.png,happy,1.0,3,-1
Training,/gpfs0/bgu-vilenchi/users/sdolev/Thesis/VLMs/data/fer2013/Training/sad/sad_Training_17888.png,sad,0.8,4,-1
Training,/gpfs0/bgu-vilenchi/users/sdolev/Thesis/VLMs/data/fer2013/Training/fear/fear_Training_10437.png,sad,0.8,4,-1
Training,/gpfs0/bgu-vilenchi/users/sdolev/Thesis/VLMs/data/fer2013/Training/sad/sad_Training_3534.png,sad,1.0,4,-1
Training,/gpfs0/bgu-vilenchi/users/sdolev/Thesis/VLMs/data/fer2013/Training/neutral/neutral_Training_1950.png,neutral,0.8,6,-1
Training,/gpfs0/bgu-vilenchi/users/sdolev/Thesis/VLMs/data/fer2013/Training/happy/happy_Training_25587.png,happy,1.0,3,-1
PublicTest,/gpfs0/bgu-vilenchi/users/sdolev/Thesis/VLMs/data/fer2013/PublicTest/happy/happy_PublicTest_31958.png,happy,0.9,3,-1
Training,/gpfs0/bgu-vilenchi/users/sdolev/Thesis/VLMs/data/fer2013/Training/surprise/surprise_Training_9024.png,surprise,0.9,5,-1
Training,/gpfs0/bgu-vilenchi/users/sdolev/Thesis/VLMs/data/fer2013/Training/surprise/surprise_Training_28201.png,surprise,0.9,5,-1
PublicTest,/gpfs0/bgu-vilenchi/users/sdolev/Thesis/VLMs/data/fer2013/PublicTest/neutral/neutral_PublicTest_31260.png,neutral,0.9,6,-1
Training,/gpfs0/bgu-vilenchi/users/sdolev/Thesis/VLMs/data/fer2013/Training/happy/happy_Training_213.png,happy,1.0,3,-1
Training,/gpfs0/bgu-vilenchi/users/sdolev/Thesis/VLMs/data/fer2013/Training/sad/sad_Training_8634.png,neutral,0.9,6,-1
Training,/gpfs0/bgu-vilenchi/users/sdolev/Thesis/VLMs/data/fer2013/Training/neutral/neutral_Training_15764.png,happy,0.8,3,-1
Training,/gpfs0/bgu-vilenchi/users/sdolev/Thesis/VLMs/data/fer2013/Training/angry/angry_Training_9417.png,angry,1.0,0,7
Training,/gpfs0/bgu-vilenchi/users/sdolev/Thesis/VLMs/data/fer2013/Training/sad/sad_Training_2491.png,neutral,0.8,6,-1
Training,/gpfs0/bgu-vilenchi/users/sdolev/Thesis/VLMs/data/fer2013/Training/fear/fear_Training_16889.png,surprise,0.8,5,-1
Training,/gpfs0/bgu-vilenchi/users/sdolev/Thesis/VLMs/data/fer2013/Training/happy/happy_Training_10187.png,happy,1.0,3,-1
PrivateTest,/gpfs0/bgu-vilenchi/users/sdolev/Thesis/VLMs/data/fer2013/PrivateTest/happy/happy_PrivateTest_33343.png,happy,0.9,3,-1
Training,/gpfs0/bgu-vilenchi/users/sdolev/Thesis/VLMs/data/fer2013/Training/happy/happy_Training_10707.png,happy,0.8,3,-1
Training,/gpfs0/bgu-vilenchi/users/sdolev/Thesis/VLMs/data/fer2013/Training/surprise/surprise_Training_16456.png,surprise,0.9,5,-1
Training,/gpfs0/bgu-vilenchi/users/sdolev/Thesis/VLMs/data/fer2013/Training/surprise/surprise_Training_23102.png,surprise,0.8,5,-1
Training,/gpfs0/bgu-vilenchi/users/sdolev/Thesis/VLMs/data/fer2013/Training/happy/happy_Training_23078.png,happy,0.8,3,-1
Training,/gpfs0/bgu-vilenchi/users/sdolev/Thesis/VLMs/data/fer2013/Training/angry/angry_Training_13673.png,angry,0.8,0,-1
Training,/gpfs0/bgu-vilenchi/users/sdolev/Thesis/VLMs/data/fer2013/Training/neutral/neutral_Training_17163.png,neutral,0.9,6,-1
Training,/gpfs0/bgu-vilenchi/users/sdolev/Thesis/VLMs/data/fer2013/Training/neutral/neutral_Training_14966.png,neutral,0.8,6,-1
Training,/gpfs0/bgu-vilenchi/users/sdolev/Thesis/VLMs/data/fer2013/Training/happy/happy_Training_14246.png,happy,1.0,3,1
Training,/gpfs0/bgu-vilenchi/users/sdolev/Thesis/VLMs/data/fer2013/Training/happy/happy_Training_21263.png,happy,1.0,3,1
Training,/gpfs0/bgu-vilenchi/users/sdolev/Thesis/VLMs/data/fer2013/Training/angry/angry_Training_27462.png,neutral,0.8,6,-1
Training,/gpfs0/bgu-vilenchi/users/sdolev/Thesis/VLMs/data/fer2013/Training/happy/happy_Training_12861.png,happy,1.0,3,1
Training,/gpfs0/bgu-vilenchi/users/sdolev/Thesis/VLMs/data/fer2013/Training/fear/fear_Training_18265.png,neutral,0.9,6,-1
Training,/gpfs0/bgu-vilenchi/users/sdolev/Thesis/VLMs/data/fer2013/Training/neutral/neutral_Training_24770.png,neutral,0.8,6,-1
PrivateTest,/gpfs0/bgu-vilenchi/users/sdolev/Thesis/VLMs/data/fer2013/PrivateTest/neutral/neutral_PrivateTest_32391.png,neutral,0.9,6,-1
Training,/gpfs0/bgu-vilenchi/users/sdolev/Thesis/VLMs/data/fer2013/Training/neutral/neutral_Training_19545.png,neutral,0.8,6,-1
Training,/gpfs0/bgu-vilenchi/users/sdolev/Thesis/VLMs/data/fer2013/Training/happy/happy_Training_6378.png,happy,1.0,3,-1
Training,/gpfs0/bgu-vilenchi/users/sdolev/Thesis/VLMs/data/fer2013/Training/happy/happy_Training_2958.png,happy,0.8,3,-1
Training,/gpfs0/bgu-vilenchi/users/sdolev/Thesis/VLMs/data/fer2013/Training/sad/sad_Training_18330.png,sad,0.8,4,1073
Training,/gpfs0/bgu-vilenchi/users/sdolev/Thesis/VLMs/data/fer2013/Training/happy/happy_Training_15239.png,happy,1.0,3,-1
Training,/gpfs0/bgu-vilenchi/users/sdolev/Thesis/VLMs/data/fer2013/Training/neutral/neutral_Training_4241.png,neutral,1.0,6,-1
Training,/gpfs0/bgu-vilenchi/users/sdolev/Thesis/VLMs/data/fer2013/Training/neutral/neutral_Training_15070.png,neutral,0.9,6,-1
PublicTest,/gpfs0/bgu-vilenchi/users/sdolev/Thesis/VLMs/data/fer2013/PublicTest/happy/happy_PublicTest_29071.png,happy,1.0,3,-1
PublicTest,/gpfs0/bgu-vilenchi/users/sdolev/Thesis/VLMs/data/fer2013/PublicTest/sad/sad_PublicTest_31643.png,sad,1.0,4,-1
Training,/gpfs0/bgu-vilenchi/users/sdolev/Thesis/VLMs/data/fer2013/Training/happy/happy_Training_20490.png,happy,0.9,3,-1
Training,/gpfs0/bgu-vilenchi/users/sdolev/Thesis/VLMs/data/fer2013/Training/happy/happy_Training_16081.png,happy,1.0,3,-1
Training,/gpfs0/bgu-vilenchi/users/sdolev/Thesis/VLMs/data/fer2013/Training/happy/happy_Training_20623.png,happy,0.9,3,-1
Training,/gpfs0/bgu-vilenchi/users/sdolev/Thesis/VLMs/data/fer2013/Training/happy/happy_Training_21722.png,happy,1.0,3,-1
Training,/gpfs0/bgu-vilenchi/users/sdolev/Thesis/VLMs/data/fer2013/Training/happy/happy_Training_3930.png,happy,1.0,3,1
Training,/gpfs0/bgu-vilenchi/users/sdolev/Thesis/VLMs/data/fer2013/Training/happy/happy_Training_25429.png,happy,1.0,3,-1
Training,/gpfs0/bgu-vilenchi/users/sdolev/Thesis/VLMs/data/fer2013/Training/sad/sad_Training_6734.png,neutral,1.0,6,-1
PublicTest,/gpfs0/bgu-vilenchi/users/sdolev/Thesis/VLMs/data/fer2013/PublicTest/fear/fear_PublicTest_31262.png,neutral,1.0,6,-1
Training,/gpfs0/bgu-vilenchi/users/sdolev/Thesis/VLMs/data/fer2013/Training/fear/fear_Training_10978.png,neutral,0.8,6,783
PrivateTest,/gpfs0/bgu-vilenchi/users/sdolev/Thesis/VLMs/data/fer2013/PrivateTest/happy/happy_PrivateTest_33029.png,happy,0.9,3,-1
Training,/gpfs0/bgu-vilenchi/users/sdolev/Thesis/VLMs/data/fer2013/Training/fear/fear_Training_3472.png,neutral,0.9,6,-1
Training,/gpfs0/bgu-vilenchi/users/sdolev/Thesis/VLMs/data/fer2013/Training/sad/sad_Training_15439.png,sad,0.8,4,-1
Training,/gpfs0/bgu-vilenchi/users/sdolev/Thesis/VLMs/data/fer2013/Training/happy/happy_Training_2326.png,surprise,0.8,5,-1
PrivateTest,/gpfs0/bgu-vilenchi/users/sdolev/Thesis/VLMs/data/fer2013/PrivateTest/fear/fear_PrivateTest_34075.png,sad,0.9,4,-1
PublicTest,/gpfs0/bgu-vilenchi/users/sdolev/Thesis/VLMs/data/fer2013/PublicTest/happy/happy_PublicTest_29759.png,happy,1.0,3,-1
Training,/gpfs0/bgu-vilenchi/users/sdolev/Thesis/VLMs/data/fer2013/Training/neutral/neutral_Training_12087.png,neutral,1.0,6,841
Training,/gpfs0/bgu-vilenchi/users/sdolev/Thesis/VLMs/data/fer2013/Training/neutral/neutral_Training_19429.png,neutral,1.0,6,-1
PublicTest,/gpfs0/bgu-vilenchi/users/sdolev/Thesis/VLMs/data/fer2013/PublicTest/happy/happy_PublicTest_30777.png,happy,0.8,3,7
Training,/gpfs0/bgu-vilenchi/users/sdolev/Thesis/VLMs/data/fer2013/Training/sad/sad_Training_3829.png,neutral,0.8,6,-1
Training,/gpfs0/bgu-vilenchi/users/sdolev/Thesis/VLMs/data/fer2013/Training/happy/happy_Training_8504.png,happy,1.0,3,-1
Training,/gpfs0/bgu-vilenchi/users/sdolev/Thesis/VLMs/data/fer2013/Training/happy/happy_Training_17414.png,happy,0.9,3,1
Training,/gpfs0/bgu-vilenchi/users/sdolev/Thesis/VLMs/data/fer2013/Training/neutral/neutral_Training_7276.png,neutral,1.0,6,-1
Training,/gpfs0/bgu-vilenchi/users/sdolev/Thesis/VLMs/data/fer2013/Training/happy/happy_Training_12560.png,happy,1.0,3,-1
Training,/gpfs0/bgu-vilenchi/users/sdolev/Thesis/VLMs/data/fer2013/Training/happy/happy_Training_12306.png,happy,0.8,3,-1
Training,/gpfs0/bgu-vilenchi/users/sdolev/Thesis/VLMs/data/fer2013/Training/neutral/neutral_Training_3597.png,neutral,0.9,6,-1
Training,/gpfs0/bgu-vilenchi/users/sdolev/Thesis/VLMs/data/fer2013/Training/fear/fear_Training_26442.png,angry,0.8,0,-1
Training,/gpfs0/bgu-vilenchi/users/sdolev/Thesis/VLMs/data/fer2013/Training/neutral/neutral_Training_19759.png,neutral,1.0,6,-1
Training,/gpfs0/bgu-vilenchi/users/sdolev/Thesis/VLMs/data/fer2013/Training/happy/happy_Training_2793.png,happy,1.0,3,-1
Training,/gpfs0/bgu-vilenchi/users/sdolev/Thesis/VLMs/data/fer2013/Training/happy/happy_Training_19700.png,happy,1.0,3,-1
Training,/gpfs0/bgu-vilenchi/users/sdolev/Thesis/VLMs/data/fer2013/Training/neutral/neutral_Training_11872.png,neutral,0.9,6,-1
Training,/gpfs0/bgu-vilenchi/users/sdolev/Thesis/VLMs/data/fer2013/Training/happy/happy_Training_28220.png,happy,0.9,3,1
Training,/gpfs0/bgu-vilenchi/users/sdolev/Thesis/VLMs/data/fer2013/Training/angry/angry_Training_4700.png,neutral,0.9,6,-1
Training,/gpfs0/bgu-vilenchi/users/sdolev/Thesis/VLMs/data/fer2013/Training/happy/happy_Training_2715.png,happy,1.0,3,-1
PublicTest,/gpfs0/bgu-vilenchi/users/sdolev/Thesis/VLMs/data/fer2013/PublicTest/happy/happy_PublicTest_30182.png,happy,1.0,3,-1
Training,/gpfs0/bgu-vilenchi/users/sdolev/Thesis/VLMs/data/fer2013/Training/fear/fear_Training_2545.png,angry,0.9,0,-1
Training,/gpfs0/bgu-vilenchi/users/sdolev/Thesis/VLMs/data/fer2013/Training/fear/fear_Training_13682.png,neutral,0.8,6,-1
Training,/gpfs0/bgu-vilenchi/users/sdolev/Thesis/VLMs/data/fer2013/Training/happy/happy_Training_5352.png,happy,1.0,3,-1
Training,/gpfs0/bgu-vilenchi/users/sdolev/Thesis/VLMs/data/fer2013/Training/neutral/neutral_Training_10406.png,neutral,0.9,6,-1
Training,/gpfs0/bgu-vilenchi/users/sdolev/Thesis/VLMs/data/fer2013/Training/happy/happy_Training_1111.png,happy,1.0,3,1
PrivateTest,/gpfs0/bgu-vilenchi/users/sdolev/Thesis/VLMs/data/fer2013/PrivateTest/sad/sad_PrivateTest_33493.png,neutral,0.9,6,-1
Training,/gpfs0/bgu-vilenchi/users/sdolev/Thesis/VLMs/data/fer2013/Training/happy/happy_Training_13343.png,happy,1.0,3,-1
Training,/gpfs0/bgu-vilenchi/users/sdolev/Thesis/VLMs/data/fer2013/Training/angry/angry_Training_22155.png,angry,1.0,0,7
Training,/gpfs0/bgu-vilenchi/users/sdolev/Thesis/VLMs/data/fer2013/Training/sad/sad_Training_9498.png,sad,0.8,4,-1
Training,/gpfs0/bgu-vilenchi/users/sdolev/Thesis/VLMs/data/fer2013/Training/happy/happy_Training_27179.png,happy,1.0,3,-1
PublicTest,/gpfs0/bgu-vilenchi/users/sdolev/Thesis/VLMs/data/fer2013/PublicTest/neutral/neutral_PublicTest_30703.png,neutral,0.9,6,-1
Training,/gpfs0/bgu-vilenchi/users/sdolev/Thesis/VLMs/data/fer2013/Training/neutral/neutral_Training_22734.png,neutral,1.0,6,-1
Training,/gpfs0/bgu-vilenchi/users/sdolev/Thesis/VLMs/data/fer2013/Training/sad/sad_Training_11069.png,neutral,0.9,6,468
Training,/gpfs0/bgu-vilenchi/users/sdolev/Thesis/VLMs/data/fer2013/Training/happy/happy_Training_11874.png,happy,1.0,3,-1
Training,/gpfs0/bgu-vilenchi/users/sdolev/Thesis/VLMs/data/fer2013/Training/neutral/neutral_Training_8648.png,neutral,0.8,6,-1
Training,/gpfs0/bgu-vilenchi/users/sdolev/Thesis/VLMs/data/fer2013/Training/happy/happy_Training_8397.png,happy,0.9,3,651
Training,/gpfs0/bgu-vilenchi/users/sdolev/Thesis/VLMs/data/fer2013/Training/fear/fear_Training_18876.png,sad,1.0,4,1095
PublicTest,/gpfs0/bgu-vilenchi/users/sdolev/Thesis/VLMs/data/fer2013/PublicTest/sad/sad_PublicTest_31506.png,neutral,1.0,6,-1
Training,/gpfs0/bgu-vilenchi/users/sdolev/Thesis/VLMs/data/fer2013/Training/angry/angry_Training_11411.png,angry,0.9,0,-1
Training,/gpfs0/bgu-vilenchi/users/sdolev/Thesis/VLMs/data/fer2013/Training/happy/happy_Training_4053.png,happy,0.9,3,7
Training,/gpfs0/bgu-vilenchi/users/sdolev/Thesis/VLMs/data/fer2013/Training/surprise/surprise_Training_20262.png,surprise,0.9,5,-1
Training,/gpfs0/bgu-vilenchi/users/sdolev/Thesis/VLMs/data/fer2013/Training/happy/happy_Training_24732.png,happy,1.0,3,1
Training,/gpfs0/bgu-vilenchi/users/sdolev/Thesis/VLMs/data/fer2013/Training/happy/happy_Training_11033.png,happy,1.0,3,786
Training,/gpfs0/bgu-vilenchi/users/sdolev/Thesis/VLMs/data/fer2013/Training/sad/sad_Training_21091.png,sad,0.9,4,-1
Training,/gpfs0/bgu-vilenchi/users/sdolev/Thesis/VLMs/data/fer2013/Training/happy/happy_Training_24459.png,happy,0.9,3,-1
Training,/gpfs0/bgu-vilenchi/users/sdolev/Thesis/VLMs/data/fer2013/Training/neutral/neutral_Training_15334.png,neutral,1.0,6,-1
Training,/gpfs0/bgu-vilenchi/users/sdolev/Thesis/VLMs/data/fer2013/Training/sad/sad_Training_25356.png,sad,0.8,4,-1
PrivateTest,/gpfs0/bgu-vilenchi/users/sdolev/Thesis/VLMs/data/fer2013/PrivateTest/happy/happy_PrivateTest_32902.png,happy,0.9,3,-1
Training,/gpfs0/bgu-vilenchi/users/sdolev/Thesis/VLMs/data/fer2013/Training/happy/happy_Training_12619.png,happy,1.0,3,-1
Training,/gpfs0/bgu-vilenchi/users/sdolev/Thesis/VLMs/data/fer2013/Training/sad/sad_Training_2208.png,sad,0.8,4,-1
Training,/gpfs0/bgu-vilenchi/users/sdolev/Thesis/VLMs/data/fer2013/Training/happy/happy_Training_20574.png,happy,0.9,3,-1
Training,/gpfs0/bgu-vilenchi/users/sdolev/Thesis/VLMs/data/fer2013/Training/surprise/surprise_Training_28196.png,happy,0.9,3,-1
PublicTest,/gpfs0/bgu-vilenchi/users/sdolev/Thesis/VLMs/data/fer2013/PublicTest/fear/fear_PublicTest_28752.png,neutral,0.8,6,-1
Training,/gpfs0/bgu-vilenchi/users/sdolev/Thesis/VLMs/data/fer2013/Training/happy/happy_Training_2805.png,happy,1.0,3,248
Training,/gpfs0/bgu-vilenchi/users/sdolev/Thesis/VLMs/data/fer2013/Training/happy/happy_Training_27643.png,happy,1.0,3,-1
Training,/gpfs0/bgu-vilenchi/users/sdolev/Thesis/VLMs/data/fer2013/Training/happy/happy_Training_23523.png,happy,0.9,3,-1
PublicTest,/gpfs0/bgu-vilenchi/users/sdolev/Thesis/VLMs/data/fer2013/PublicTest/happy/happy_PublicTest_31730.png,happy,1.0,3,-1
PrivateTest,/gpfs0/bgu-vilenchi/users/sdolev/Thesis/VLMs/data/fer2013/PrivateTest/sad/sad_PrivateTest_34946.png,sad,0.9,4,-1
PrivateTest,/gpfs0/bgu-vilenchi/users/sdolev/Thesis/VLMs/data/fer2013/PrivateTest/sad/sad_PrivateTest_33331.png,sad,0.8,4,-1
Training,/gpfs0/bgu-vilenchi/users/sdolev/Thesis/VLMs/data/fer2013/Training/sad/sad_Training_9459.png,sad,0.9,4,-1
Training,/gpfs0/bgu-vilenchi/users/sdolev/Thesis/VLMs/data/fer2013/Training/sad/sad_Training_19851.png,sad,1.0,4,-1
Training,/gpfs0/bgu-vilenchi/users/sdolev/Thesis/VLMs/data/fer2013/Training/fear/fear_Training_19420.png,neutral,0.8,6,-1
PrivateTest,/gpfs0/bgu-vilenchi/users/sdolev/Thesis/VLMs/data/fer2013/PrivateTest/neutral/neutral_PrivateTest_35871.png,neutral,0.9,6,-1
Training,/gpfs0/bgu-vilenchi/users/sdolev/Thesis/VLMs/data/fer2013/Training/sad/sad_Training_16787.png,neutral,0.9,6,-1
Training,/gpfs0/bgu-vilenchi/users/sdolev/Thesis/VLMs/data/fer2013/Training/happy/happy_Training_15521.png,happy,0.8,3,-1
PrivateTest,/gpfs0/bgu-vilenchi/users/sdolev/Thesis/VLMs/data/fer2013/PrivateTest/sad/sad_PrivateTest_32961.png,neutral,0.8,6,-1
Training,/gpfs0/bgu-vilenchi/users/sdolev/Thesis/VLMs/data/fer2013/Training/sad/sad_Training_11939.png,neutral,0.8,6,-1
Training,/gpfs0/bgu-vilenchi/users/sdolev/Thesis/VLMs/data/fer2013/Training/surprise/surprise_Training_8313.png,surprise,1.0,5,-1
Training,/gpfs0/bgu-vilenchi/users/sdolev/Thesis/VLMs/data/fer2013/Training/neutral/neutral_Training_25772.png,neutral,1.0,6,-1
Training,/gpfs0/bgu-vilenchi/users/sdolev/Thesis/VLMs/data/fer2013/Training/neutral/neutral_Training_970.png,neutral,1.0,6,104
Training,/gpfs0/bgu-vilenchi/users/sdolev/Thesis/VLMs/data/fer2013/Training/fear/fear_Training_3966.png,neutral,0.8,6,-1
Training,/gpfs0/bgu-vilenchi/users/sdolev/Thesis/VLMs/data/fer2013/Training/happy/happy_Training_25159.png,happy,0.9,3,-1
Training,/gpfs0/bgu-vilenchi/users/sdolev/Thesis/VLMs/data/fer2013/Training/sad/sad_Training_15063.png,sad,1.0,4,-1
Training,/gpfs0/bgu-vilenchi/users/sdolev/Thesis/VLMs/data/fer2013/Training/happy/happy_Training_7808.png,happy,1.0,3,1
Training,/gpfs0/bgu-vilenchi/users/sdolev/Thesis/VLMs/data/fer2013/Training/happy/happy_Training_16100.png,happy,1.0,3,-1
Training,/gpfs0/bgu-vilenchi/users/sdolev/Thesis/VLMs/data/fer2013/Training/neutral/neutral_Training_14915.png,neutral,1.0,6,-1
Training,/gpfs0/bgu-vilenchi/users/sdolev/Thesis/VLMs/data/fer2013/Training/fear/fear_Training_27709.png,sad,0.8,4,-1
Training,/gpfs0/bgu-vilenchi/users/sdolev/Thesis/VLMs/data/fer2013/Training/happy/happy_Training_25199.png,happy,1.0,3,-1
Training,/gpfs0/bgu-vilenchi/users/sdolev/Thesis/VLMs/data/fer2013/Training/surprise/surprise_Training_3675.png,surprise,1.0,5,327
Training,/gpfs0/bgu-vilenchi/users/sdolev/Thesis/VLMs/data/fer2013/Training/sad/sad_Training_20362.png,sad,0.8,4,7
Training,/gpfs0/bgu-vilenchi/users/sdolev/Thesis/VLMs/data/fer2013/Training/sad/sad_Training_16060.png,neutral,0.9,6,-1
Training,/gpfs0/bgu-vilenchi/users/sdolev/Thesis/VLMs/data/fer2013/Training/surprise/surprise_Training_18839.png,surprise,0.9,5,-1
Training,/gpfs0/bgu-vilenchi/users/sdolev/Thesis/VLMs/data/fer2013/Training/neutral/neutral_Training_21577.png,neutral,0.9,6,-1
Training,/gpfs0/bgu-vilenchi/users/sdolev/Thesis/VLMs/data/fer2013/Training/angry/angry_Training_2194.png,neutral,0.9,6,-1
Training,/gpfs0/bgu-vilenchi/users/sdolev/Thesis/VLMs/data/fer2013/Training/neutral/neutral_Training_8347.png,neutral,0.8,6,-1
Training,/gpfs0/bgu-vilenchi/users/sdolev/Thesis/VLMs/data/fer2013/Training/happy/happy_Training_23310.png,happy,1.0,3,-1
PrivateTest,/gpfs0/bgu-vilenchi/users/sdolev/Thesis/VLMs/data/fer2013/PrivateTest/happy/happy_PrivateTest_33854.png,happy,0.9,3,7
Training,/gpfs0/bgu-vilenchi/users/sdolev/Thesis/VLMs/data/fer2013/Training/happy/happy_Training_3641.png,happy,1.0,3,-1
Training,/gpfs0/bgu-vilenchi/users/sdolev/Thesis/VLMs/data/fer2013/Training/surprise/surprise_Training_13542.png,surprise,0.9,5,-1
Training,/gpfs0/bgu-vilenchi/users/sdolev/Thesis/VLMs/data/fer2013/Training/sad/sad_Training_12234.png,neutral,0.9,6,-1
Training,/gpfs0/bgu-vilenchi/users/sdolev/Thesis/VLMs/data/fer2013/Training/sad/sad_Training_13711.png,sad,0.9,4,-1
PublicTest,/gpfs0/bgu-vilenchi/users/sdolev/Thesis/VLMs/data/fer2013/PublicTest/neutral/neutral_PublicTest_31382.png,neutral,0.9,6,-1
PrivateTest,/gpfs0/bgu-vilenchi/users/sdolev/Thesis/VLMs/data/fer2013/PrivateTest/happy/happy_PrivateTest_32913.png,happy,1.0,3,1
PublicTest,/gpfs0/bgu-vilenchi/users/sdolev/Thesis/VLMs/data/fer2013/PublicTest/angry/angry_PublicTest_29976.png,angry,0.8,0,-1
Training,/gpfs0/bgu-vilenchi/users/sdolev/Thesis/VLMs/data/fer2013/Training/surprise/surprise_Training_6447.png,surprise,0.8,5,-1
Training,/gpfs0/bgu-vilenchi/users/sdolev/Thesis/VLMs/data/fer2013/Training/fear/fear_Training_26476.png,surprise,0.8,5,-1
Training,/gpfs0/bgu-vilenchi/users/sdolev/Thesis/VLMs/data/fer2013/Training/happy/happy_Training_809.png,happy,0.9,3,-1
Training,/gpfs0/bgu-vilenchi/users/sdolev/Thesis/VLMs/data/fer2013/Training/happy/happy_Training_17970.png,happy,1.0,3,-1
Training,/gpfs0/bgu-vilenchi/users/sdolev/Thesis/VLMs/data/fer2013/Training/fear/fear_Training_4994.png,neutral,0.8,6,-1
Training,/gpfs0/bgu-vilenchi/users/sdolev/Thesis/VLMs/data/fer2013/Training/happy/happy_Training_24513.png,happy,1.0,3,1239
Training,/gpfs0/bgu-vilenchi/users/sdolev/Thesis/VLMs/data/fer2013/Training/happy/happy_Training_678.png,neutral,0.9,6,-1
Training,/gpfs0/bgu-vilenchi/users/sdolev/Thesis/VLMs/data/fer2013/Training/happy/happy_Training_21709.png,happy,0.9,3,-1
Training,/gpfs0/bgu-vilenchi/users/sdolev/Thesis/VLMs/data/fer2013/Training/happy/happy_Training_6473.png,happy,1.0,3,-1
PublicTest,/gpfs0/bgu-vilenchi/users/sdolev/Thesis/VLMs/data/fer2013/PublicTest/happy/happy_PublicTest_31012.png,happy,1.0,3,-1
PrivateTest,/gpfs0/bgu-vilenchi/users/sdolev/Thesis/VLMs/data/fer2013/PrivateTest/happy/happy_PrivateTest_35701.png,happy,1.0,3,-1
Training,/gpfs0/bgu-vilenchi/users/sdolev/Thesis/VLMs/data/fer2013/Training/neutral/neutral_Training_22531.png,neutral,0.9,6,-1
PublicTest,/gpfs0/bgu-vilenchi/users/sdolev/Thesis/VLMs/data/fer2013/PublicTest/neutral/neutral_PublicTest_30379.png,neutral,0.8,6,-1
Training,/gpfs0/bgu-vilenchi/users/sdolev/Thesis/VLMs/data/fer2013/Training/happy/happy_Training_14847.png,happy,0.9,3,-1
Training,/gpfs0/bgu-vilenchi/users/sdolev/Thesis/VLMs/data/fer2013/Training/happy/happy_Training_19761.png,happy,0.8,3,-1
Training,/gpfs0/bgu-vilenchi/users/sdolev/Thesis/VLMs/data/fer2013/Training/happy/happy_Training_23276.png,happy,1.0,3,1
Training,/gpfs0/bgu-vilenchi/users/sdolev/Thesis/VLMs/data/fer2013/Training/happy/happy_Training_7114.png,happy,1.0,3,-1
PrivateTest,/gpfs0/bgu-vilenchi/users/sdolev/Thesis/VLMs/data/fer2013/PrivateTest/happy/happy_PrivateTest_34756.png,happy,0.9,3,-1
Training,/gpfs0/bgu-vilenchi/users/sdolev/Thesis/VLMs/data/fer2013/Training/happy/happy_Training_23520.png,happy,1.0,3,-1
Training,/gpfs0/bgu-vilenchi/users/sdolev/Thesis/VLMs/data/fer2013/Training/neutral/neutral_Training_9224.png,neutral,1.0,6,-1
Training,/gpfs0/bgu-vilenchi/users/sdolev/Thesis/VLMs/data/fer2013/Training/happy/happy_Training_24381.png,happy,0.9,3,1
Training,/gpfs0/bgu-vilenchi/users/sdolev/Thesis/VLMs/data/fer2013/Training/neutral/neutral_Training_22702.png,neutral,0.8,6,-1
Training,/gpfs0/bgu-vilenchi/users/sdolev/Thesis/VLMs/data/fer2013/Training/happy/happy_Training_6043.png,happy,1.0,3,-1
PrivateTest,/gpfs0/bgu-vilenchi/users/sdolev/Thesis/VLMs/data/fer2013/PrivateTest/angry/angry_PrivateTest_33622.png,angry,0.8,0,7
PrivateTest,/gpfs0/bgu-vilenchi/users/sdolev/Thesis/VLMs/data/fer2013/PrivateTest/happy/happy_PrivateTest_34248.png,happy,1.0,3,-1
Training,/gpfs0/bgu-vilenchi/users/sdolev/Thesis/VLMs/data/fer2013/Training/fear/fear_Training_11859.png,angry,0.9,0,-1
Training,/gpfs0/bgu-vilenchi/users/sdolev/Thesis/VLMs/data/fer2013/Training/happy/happy_Training_23827.png,happy,1.0,3,-1
Training,/gpfs0/bgu-vilenchi/users/sdolev/Thesis/VLMs/data/fer2013/Training/neutral/neutral_Training_13119.png,neutral,0.8,6,-1
Training,/gpfs0/bgu-vilenchi/users/sdolev/Thesis/VLMs/data/fer2013/Training/neutral/neutral_Training_16412.png,neutral,0.9,6,-1
Training,/gpfs0/bgu-vilenchi/users/sdolev/Thesis/VLMs/data/fer2013/Training/happy/happy_Training_11282.png,happy,0.9,3,-1
Training,/gpfs0/bgu-vilenchi/users/sdolev/Thesis/VLMs/data/fer2013/Training/happy/happy_Training_1848.png,happy,1.0,3,1
Training,/gpfs0/bgu-vilenchi/users/sdolev/Thesis/VLMs/data/fer2013/Training/sad/sad_Training_3433.png,neutral,0.9,6,-1
Training,/gpfs0/bgu-vilenchi/users/sdolev/Thesis/VLMs/data/fer2013/Training/happy/happy_Training_5124.png,happy,1.0,3,-1
PublicTest,/gpfs0/bgu-vilenchi/users/sdolev/Thesis/VLMs/data/fer2013/PublicTest/neutral/neutral_PublicTest_29559.png,neutral,1.0,6,-1
PrivateTest,/gpfs0/bgu-vilenchi/users/sdolev/Thesis/VLMs/data/fer2013/PrivateTest/happy/happy_PrivateTest_35582.png,happy,1.0,3,-1
Training,/gpfs0/bgu-vilenchi/users/sdolev/Thesis/VLMs/data/fer2013/Training/happy/happy_Training_22679.png,happy,0.8,3,-1
Training,/gpfs0/bgu-vilenchi/users/sdolev/Thesis/VLMs/data/fer2013/Training/fear/fear_Training_3666.png,angry,0.9,0,-1
Training,/gpfs0/bgu-vilenchi/users/sdolev/Thesis/VLMs/data/fer2013/Training/happy/happy_Training_28286.png,happy,0.9,3,-1
Training,/gpfs0/bgu-vilenchi/users/sdolev/Thesis/VLMs/data/fer2013/Training/neutral/neutral_Training_7462.png,neutral,0.8,6,-1
Training,/gpfs0/bgu-vilenchi/users/sdolev/Thesis/VLMs/data/fer2013/Training/surprise/surprise_Training_26531.png,surprise,0.8,5,-1
Training,/gpfs0/bgu-vilenchi/users/sdolev/Thesis/VLMs/data/fer2013/Training/happy/happy_Training_4104.png,happy,0.9,3,-1
Training,/gpfs0/bgu-vilenchi/users/sdolev/Thesis/VLMs/data/fer2013/Training/neutral/neutral_Training_25743.png,neutral,0.8,6,-1
PublicTest,/gpfs0/bgu-vilenchi/users/sdolev/Thesis/VLMs/data/fer2013/PublicTest/happy/happy_PublicTest_29555.png,happy,1.0,3,-1
Training,/gpfs0/bgu-vilenchi/users/sdolev/Thesis/VLMs/data/fer2013/Training/happy/happy_Training_27915.png,happy,1.0,3,-1
Training,/gpfs0/bgu-vilenchi/users/sdolev/Thesis/VLMs/data/fer2013/Training/happy/happy_Training_21270.png,happy,0.9,3,-1
PrivateTest,/gpfs0/bgu-vilenchi/users/sdolev/Thesis/VLMs/data/fer2013/PrivateTest/neutral/neutral_PrivateTest_32914.png,neutral,1.0,6,-1
Training,/gpfs0/bgu-vilenchi/users/sdolev/Thesis/VLMs/data/fer2013/Training/happy/happy_Training_1507.png,happy,0.9,3,-1
Training,/gpfs0/bgu-vilenchi/users/sdolev/Thesis/VLMs/data/fer2013/Training/happy/happy_Training_1085.png,happy,1.0,3,7
Training,/gpfs0/bgu-vilenchi/users/sdolev/Thesis/VLMs/data/fer2013/Training/neutral/neutral_Training_26049.png,neutral,0.9,6,-1
Training,/gpfs0/bgu-vilenchi/users/sdolev/Thesis/VLMs/data/fer2013/Training/surprise/surprise_Training_23514.png,surprise,0.9,5,-1
Training,/gpfs0/bgu-vilenchi/users/sdolev/Thesis/VLMs/data/fer2013/Training/surprise/surprise_Training_24890.png,surprise,0.8,5,-1
Training,/gpfs0/bgu-vilenchi/users/sdolev/Thesis/VLMs/data/fer2013/Training/happy/happy_Training_14871.png,happy,1.0,3,-1
Training,/gpfs0/bgu-vilenchi/users/sdolev/Thesis/VLMs/data/fer2013/Training/neutral/neutral_Training_18721.png,neutral,0.9,6,-1
PublicTest,/gpfs0/bgu-vilenchi/users/sdolev/Thesis/VLMs/data/fer2013/PublicTest/surprise/surprise_PublicTest_29954.png,happy,0.8,3,-1
Training,/gpfs0/bgu-vilenchi/users/sdolev/Thesis/VLMs/data/fer2013/Training/fear/fear_Training_14620.png,angry,0.9,0,-1
PublicTest,/gpfs0/bgu-vilenchi/users/sdolev/Thesis/VLMs/data/fer2013/PublicTest/happy/happy_PublicTest_30842.png,happy,1.0,3,-1
Training,/gpfs0/bgu-vilenchi/users/sdolev/Thesis/VLMs/data/fer2013/Training/neutral/neutral_Training_6453.png,neutral,0.9,6,-1
Training,/gpfs0/bgu-vilenchi/users/sdolev/Thesis/VLMs/data/fer2013/Training/happy/happy_Training_11019.png,happy,1.0,3,-1
Training,/gpfs0/bgu-vilenchi/users/sdolev/Thesis/VLMs/data/fer2013/Training/happy/happy_Training_24312.png,happy,1.0,3,-1
Training,/gpfs0/bgu-vilenchi/users/sdolev/Thesis/VLMs/data/fer2013/Training/sad/sad_Training_10520.png,neutral,0.8,6,-1
PublicTest,/gpfs0/bgu-vilenchi/users/sdolev/Thesis/VLMs/data/fer2013/PublicTest/neutral/neutral_PublicTest_31891.png,neutral,0.9,6,-1
Training,/gpfs0/bgu-vilenchi/users/sdolev/Thesis/VLMs/data/fer2013/Training/sad/sad_Training_9188.png,sad,0.9,4,-1
PrivateTest,/gpfs0/bgu-vilenchi/users/sdolev/Thesis/VLMs/data/fer2013/PrivateTest/happy/happy_PrivateTest_33692.png,happy,0.9,3,-1
PublicTest,/gpfs0/bgu-vilenchi/users/sdolev/Thesis/VLMs/data/fer2013/PublicTest/happy/happy_PublicTest_31140.png,happy,1.0,3,-1
PublicTest,/gpfs0/bgu-vilenchi/users/sdolev/Thesis/VLMs/data/fer2013/PublicTest/angry/angry_PublicTest_29640.png,angry,0.9,0,-1
Training,/gpfs0/bgu-vilenchi/users/sdolev/Thesis/VLMs/data/fer2013/Training/happy/happy_Training_1524.png,happy,1.0,3,-1
Training,/gpfs0/bgu-vilenchi/users/sdolev/Thesis/VLMs/data/fer2013/Training/happy/happy_Training_27402.png,happy,1.0,3,-1
Training,/gpfs0/bgu-vilenchi/users/sdolev/Thesis/VLMs/data/fer2013/Training/happy/happy_Training_27404.png,happy,1.0,3,-1
Training,/gpfs0/bgu-vilenchi/users/sdolev/Thesis/VLMs/data/fer2013/Training/happy/happy_Training_12886.png,happy,1.0,3,-1
PublicTest,/gpfs0/bgu-vilenchi/users/sdolev/Thesis/VLMs/data/fer2013/PublicTest/happy/happy_PublicTest_28741.png,happy,1.0,3,-1
Training,/gpfs0/bgu-vilenchi/users/sdolev/Thesis/VLMs/data/fer2013/Training/angry/angry_Training_20433.png,angry,1.0,0,154
Training,/gpfs0/bgu-vilenchi/users/sdolev/Thesis/VLMs/data/fer2013/Training/happy/happy_Training_22044.png,happy,1.0,3,-1
Training,/gpfs0/bgu-vilenchi/users/sdolev/Thesis/VLMs/data/fer2013/Training/happy/happy_Training_18446.png,happy,0.9,3,1
PrivateTest,/gpfs0/bgu-vilenchi/users/sdolev/Thesis/VLMs/data/fer2013/PrivateTest/surprise/surprise_PrivateTest_32376.png,surprise,0.9,5,7
PublicTest,/gpfs0/bgu-vilenchi/users/sdolev/Thesis/VLMs/data/fer2013/PublicTest/neutral/neutral_PublicTest_31486.png,neutral,1.0,6,-1
Training,/gpfs0/bgu-vilenchi/users/sdolev/Thesis/VLMs/data/fer2013/Training/neutral/neutral_Training_9906.png,neutral,0.9,6,-1
Training,/gpfs0/bgu-vilenchi/users/sdolev/Thesis/VLMs/data/fer2013/Training/happy/happy_Training_14169.png,happy,1.0,3,-1
Training,/gpfs0/bgu-vilenchi/users/sdolev/Thesis/VLMs/data/fer2013/Training/happy/happy_Training_9344.png,happy,1.0,3,700
Training,/gpfs0/bgu-vilenchi/users/sdolev/Thesis/VLMs/data/fer2013/Training/sad/sad_Training_20159.png,sad,0.8,4,-1
Training,/gpfs0/bgu-vilenchi/users/sdolev/Thesis/VLMs/data/fer2013/Training/happy/happy_Training_18655.png,happy,0.9,3,-1
Training,/gpfs0/bgu-vilenchi/users/sdolev/Thesis/VLMs/data/fer2013/Training/angry/angry_Training_2394.png,angry,0.9,0,-1
Training,/gpfs0/bgu-vilenchi/users/sdolev/Thesis/VLMs/data/fer2013/Training/neutral/neutral_Training_5330.png,neutral,0.8,6,-1
Training,/gpfs0/bgu-vilenchi/users/sdolev/Thesis/VLMs/data/fer2013/Training/surprise/surprise_Training_14231.png,surprise,0.9,5,916
PublicTest,/gpfs0/bgu-vilenchi/users/sdolev/Thesis/VLMs/data/fer2013/PublicTest/neutral/neutral_PublicTest_29100.png,neutral,1.0,6,-1
Training,/gpfs0/bgu-vilenchi/users/sdolev/Thesis/VLMs/data/fer2013/Training/surprise/surprise_Training_20180.png,surprise,0.8,5,-1
Training,/gpfs0/bgu-vilenchi/users/sdolev/Thesis/VLMs/data/fer2013/Training/surprise/surprise_Training_4347.png,surprise,1.0,5,386
Training,/gpfs0/bgu-vilenchi/users/sdolev/Thesis/VLMs/data/fer2013/Training/neutral/neutral_Training_12250.png,neutral,0.9,6,-1
Training,/gpfs0/bgu-vilenchi/users/sdolev/Thesis/VLMs/data/fer2013/Training/happy/happy_Training_22543.png,happy,1.0,3,1
Training,/gpfs0/bgu-vilenchi/users/sdolev/Thesis/VLMs/data/fer2013/Training/neutral/neutral_Training_22246.png,happy,0.9,3,-1
Training,/gpfs0/bgu-vilenchi/users/sdolev/Thesis/VLMs/data/fer2013/Training/sad/sad_Training_27433.png,sad,1.0,4,7
Training,/gpfs0/bgu-vilenchi/users/sdolev/Thesis/VLMs/data/fer2013/Training/fear/fear_Training_22374.png,angry,1.0,0,-1
Training,/gpfs0/bgu-vilenchi/users/sdolev/Thesis/VLMs/data/fer2013/Training/happy/happy_Training_16935.png,happy,0.8,3,-1
Training,/gpfs0/bgu-vilenchi/users/sdolev/Thesis/VLMs/data/fer2013/Training/happy/happy_Training_25160.png,happy,1.0,3,-1
PrivateTest,/gpfs0/bgu-vilenchi/users/sdolev/Thesis/VLMs/data/fer2013/PrivateTest/neutral/neutral_PrivateTest_33468.png,neutral,0.8,6,-1
Training,/gpfs0/bgu-vilenchi/users/sdolev/Thesis/VLMs/data/fer2013/Training/neutral/neutral_Training_19450.png,neutral,0.9,6,-1
Training,/gpfs0/bgu-vilenchi/users/sdolev/Thesis/VLMs/data/fer2013/Training/sad/sad_Training_16950.png,neutral,0.8,6,-1
Training,/gpfs0/bgu-vilenchi/users/sdolev/Thesis/VLMs/data/fer2013/Training/happy/happy_Training_10590.png,happy,1.0,3,-1
Training,/gpfs0/bgu-vilenchi/users/sdolev/Thesis/VLMs/data/fer2013/Training/neutral/neutral_Training_19615.png,neutral,0.8,6,-1
Training,/gpfs0/bgu-vilenchi/users/sdolev/Thesis/VLMs/data/fer2013/Training/happy/happy_Training_17948.png,happy,0.9,3,-1
Training,/gpfs0/bgu-vilenchi/users/sdolev/Thesis/VLMs/data/fer2013/Training/neutral/neutral_Training_23659.png,neutral,0.9,6,-1
Training,/gpfs0/bgu-vilenchi/users/sdolev/Thesis/VLMs/data/fer2013/Training/sad/sad_Training_14390.png,neutral,0.9,6,-1
Training,/gpfs0/bgu-vilenchi/users/sdolev/Thesis/VLMs/data/fer2013/Training/angry/angry_Training_7415.png,neutral,0.8,6,-1
Training,/gpfs0/bgu-vilenchi/users/sdolev/Thesis/VLMs/data/fer2013/Training/happy/happy_Training_28033.png,neutral,0.8,6,-1
PrivateTest,/gpfs0/bgu-vilenchi/users/sdolev/Thesis/VLMs/data/fer2013/PrivateTest/neutral/neutral_PrivateTest_35637.png,neutral,1.0,6,7
Training,/gpfs0/bgu-vilenchi/users/sdolev/Thesis/VLMs/data/fer2013/Training/neutral/neutral_Training_23450.png,neutral,0.8,6,-1
PublicTest,/gpfs0/bgu-vilenchi/users/sdolev/Thesis/VLMs/data/fer2013/PublicTest/happy/happy_PublicTest_31985.png,happy,1.0,3,-1
Training,/gpfs0/bgu-vilenchi/users/sdolev/Thesis/VLMs/data/fer2013/Training/angry/angry_Training_22362.png,angry,0.8,0,-1
Training,/gpfs0/bgu-vilenchi/users/sdolev/Thesis/VLMs/data/fer2013/Training/happy/happy_Training_11842.png,happy,1.0,3,-1
Training,/gpfs0/bgu-vilenchi/users/sdolev/Thesis/VLMs/data/fer2013/Training/happy/happy_Training_6663.png,happy,1.0,3,-1
Training,/gpfs0/bgu-vilenchi/users/sdolev/Thesis/VLMs/data/fer2013/Training/sad/sad_Training_10006.png,neutral,0.8,6,-1
Training,/gpfs0/bgu-vilenchi/users/sdolev/Thesis/VLMs/data/fer2013/Training/happy/happy_Training_4091.png,happy,1.0,3,-1
Training,/gpfs0/bgu-vilenchi/users/sdolev/Thesis/VLMs/data/fer2013/Training/sad/sad_Training_14361.png,sad,0.9,4,7
Training,/gpfs0/bgu-vilenchi/users/sdolev/Thesis/VLMs/data/fer2013/Training/neutral/neutral_Training_20045.png,neutral,0.9,6,1131
Training,/gpfs0/bgu-vilenchi/users/sdolev/Thesis/VLMs/data/fer2013/Training/surprise/surprise_Training_22703.png,surprise,0.9,5,7
PublicTest,/gpfs0/bgu-vilenchi/users/sdolev/Thesis/VLMs/data/fer2013/PublicTest/neutral/neutral_PublicTest_30426.png,neutral,1.0,6,-1
PublicTest,/gpfs0/bgu-vilenchi/users/sdolev/Thesis/VLMs/data/fer2013/PublicTest/neutral/neutral_PublicTest_29805.png,neutral,1.0,6,-1
Training,/gpfs0/bgu-vilenchi/users/sdolev/Thesis/VLMs/data/fer2013/Training/happy/happy_Training_18965.png,happy,1.0,3,-1
Training,/gpfs0/bgu-vilenchi/users/sdolev/Thesis/VLMs/data/fer2013/Training/happy/happy_Training_26963.png,happy,0.8,3,1
Training,/gpfs0/bgu-vilenchi/users/sdolev/Thesis/VLMs/data/fer2013/Training/sad/sad_Training_17662.png,neutral,0.8,6,-1
PrivateTest,/gpfs0/bgu-vilenchi/users/sdolev/Thesis/VLMs/data/fer2013/PrivateTest/happy/happy_PrivateTest_32429.png,happy,1.0,3,-1
Training,/gpfs0/bgu-vilenchi/users/sdolev/Thesis/VLMs/data/fer2013/Training/happy/happy_Training_18726.png,happy,0.9,3,-1
Training,/gpfs0/bgu-vilenchi/users/sdolev/Thesis/VLMs/data/fer2013/Training/sad/sad_Training_4418.png,neutral,0.9,6,-1
PublicTest,/gpfs0/bgu-vilenchi/users/sdolev/Thesis/VLMs/data/fer2013/PublicTest/happy/happy_PublicTest_30921.png,happy,1.0,3,-1
Training,/gpfs0/bgu-vilenchi/users/sdolev/Thesis/VLMs/data/fer2013/Training/happy/happy_Training_2069.png,happy,1.0,3,-1
Training,/gpfs0/bgu-vilenchi/users/sdolev/Thesis/VLMs/data/fer2013/Training/neutral/neutral_Training_1245.png,neutral,1.0,6,-1
Training,/gpfs0/bgu-vilenchi/users/sdolev/Thesis/VLMs/data/fer2013/Training/happy/happy_Training_10153.png,happy,0.9,3,-1
Training,/gpfs0/bgu-vilenchi/users/sdolev/Thesis/VLMs/data/fer2013/Training/happy/happy_Training_23671.png,happy,0.8,3,-1
PrivateTest,/gpfs0/bgu-vilenchi/users/sdolev/Thesis/VLMs/data/fer2013/PrivateTest/happy/happy_PrivateTest_34293.png,happy,1.0,3,-1
Training,/gpfs0/bgu-vilenchi/users/sdolev/Thesis/VLMs/data/fer2013/Training/sad/sad_Training_4596.png,sad,1.0,4,-1
PublicTest,/gpfs0/bgu-vilenchi/users/sdolev/Thesis/VLMs/data/fer2013/PublicTest/surprise/surprise_PublicTest_30899.png,surprise,1.0,5,-1
PublicTest,/gpfs0/bgu-vilenchi/users/sdolev/Thesis/VLMs/data/fer2013/PublicTest/angry/angry_PublicTest_29435.png,angry,0.8,0,-1
Training,/gpfs0/bgu-vilenchi/users/sdolev/Thesis/VLMs/data/fer2013/Training/happy/happy_Training_18452.png,happy,0.8,3,-1
Training,/gpfs0/bgu-vilenchi/users/sdolev/Thesis/VLMs/data/fer2013/Training/neutral/neutral_Training_14436.png,neutral,1.0,6,-1
Training,/gpfs0/bgu-vilenchi/users/sdolev/Thesis/VLMs/data/fer2013/Training/angry/angry_Training_18315.png,sad,0.9,4,7
PrivateTest,/gpfs0/bgu-vilenchi/users/sdolev/Thesis/VLMs/data/fer2013/PrivateTest/happy/happy_PrivateTest_33203.png,happy,1.0,3,-1
Training,/gpfs0/bgu-vilenchi/users/sdolev/Thesis/VLMs/data/fer2013/Training/happy/happy_Training_22999.png,happy,1.0,3,-1
Training,/gpfs0/bgu-vilenchi/users/sdolev/Thesis/VLMs/data/fer2013/Training/neutral/neutral_Training_16103.png,neutral,1.0,6,-1
Training,/gpfs0/bgu-vilenchi/users/sdolev/Thesis/VLMs/data/fer2013/Training/neutral/neutral_Training_10600.png,neutral,0.8,6,766
Training,/gpfs0/bgu-vilenchi/users/sdolev/Thesis/VLMs/data/fer2013/Training/happy/happy_Training_13026.png,happy,1.0,3,-1
Training,/gpfs0/bgu-vilenchi/users/sdolev/Thesis/VLMs/data/fer2013/Training/happy/happy_Training_2811.png,happy,1.0,3,-1
PrivateTest,/gpfs0/bgu-vilenchi/users/sdolev/Thesis/VLMs/data/fer2013/PrivateTest/happy/happy_PrivateTest_33657.png,happy,0.9,3,1
Training,/gpfs0/bgu-vilenchi/users/sdolev/Thesis/VLMs/data/fer2013/Training/neutral/neutral_Training_26024.png,neutral,0.8,6,-1
Training,/gpfs0/bgu-vilenchi/users/sdolev/Thesis/VLMs/data/fer2013/Training/happy/happy_Training_5238.png,happy,1.0,3,-1
Training,/gpfs0/bgu-vilenchi/users/sdolev/Thesis/VLMs/data/fer2013/Training/happy/happy_Training_20777.png,happy,1.0,3,-1
PrivateTest,/gpfs0/bgu-vilenchi/users/sdolev/Thesis/VLMs/data/fer2013/PrivateTest/surprise/surprise_PrivateTest_33453.png,surprise,0.9,5,188
Training,/gpfs0/bgu-vilenchi/users/sdolev/Thesis/VLMs/data/fer2013/Training/happy/happy_Training_8933.png,happy,0.9,3,-1
Training,/gpfs0/bgu-vilenchi/users/sdolev/Thesis/VLMs/data/fer2013/Training/happy/happy_Training_8828.png,happy,1.0,3,1
Training,/gpfs0/bgu-vilenchi/users/sdolev/Thesis/VLMs/data/fer2013/Training/neutral/neutral_Training_1218.png,neutral,0.8,6,-1
Training,/gpfs0/bgu-vilenchi/users/sdolev/Thesis/VLMs/data/fer2013/Training/neutral/neutral_Training_490.png,neutral,0.8,6,-1
PrivateTest,/gpfs0/bgu-vilenchi/users/sdolev/Thesis/VLMs/data/fer2013/PrivateTest/sad/sad_PrivateTest_34461.png,sad,0.8,4,-1
Training,/gpfs0/bgu-vilenchi/users/sdolev/Thesis/VLMs/data/fer2013/Training/happy/happy_Training_653.png,happy,1.0,3,-1
PrivateTest,/gpfs0/bgu-vilenchi/users/sdolev/Thesis/VLMs/data/fer2013/PrivateTest/sad/sad_PrivateTest_35179.png,sad,0.8,4,-1
Training,/gpfs0/bgu-vilenchi/users/sdolev/Thesis/VLMs/data/fer2013/Training/neutral/neutral_Training_5018.png,neutral,0.8,6,-1
PrivateTest,/gpfs0/bgu-vilenchi/users/sdolev/Thesis/VLMs/data/fer2013/PrivateTest/happy/happy_PrivateTest_34792.png,happy,1.0,3,-1
Training,/gpfs0/bgu-vilenchi/users/sdolev/Thesis/VLMs/data/fer2013/Training/happy/happy_Training_14964.png,happy,1.0,3,-1
Training,/gpfs0/bgu-vilenchi/users/sdolev/Thesis/VLMs/data/fer2013/Training/happy/happy_Training_13473.png,happy,0.9,3,-1
Training,/gpfs0/bgu-vilenchi/users/sdolev/Thesis/VLMs/data/fer2013/Training/happy/happy_Training_25417.png,happy,1.0,3,-1
Training,/gpfs0/bgu-vilenchi/users/sdolev/Thesis/VLMs/data/fer2013/Training/happy/happy_Training_18127.png,happy,0.9,3,-1
Training,/gpfs0/bgu-vilenchi/users/sdolev/Thesis/VLMs/data/fer2013/Training/happy/happy_Training_7661.png,happy,1.0,3,-1
Training,/gpfs0/bgu-vilenchi/users/sdolev/Thesis/VLMs/data/fer2013/Training/happy/happy_Training_4125.png,happy,0.9,3,7
PrivateTest,/gpfs0/bgu-vilenchi/users/sdolev/Thesis/VLMs/data/fer2013/PrivateTest/sad/sad_PrivateTest_34639.png,sad,1.0,4,-1
Training,/gpfs0/bgu-vilenchi/users/sdolev/Thesis/VLMs/data/fer2013/Training/fear/fear_Training_26100.png,angry,1.0,0,-1
Training,/gpfs0/bgu-vilenchi/users/sdolev/Thesis/VLMs/data/fer2013/Training/fear/fear_Training_19522.png,neutral,0.8,6,-1
Training,/gpfs0/bgu-vilenchi/users/sdolev/Thesis/VLMs/data/fer2013/Training/happy/happy_Training_15398.png,happy,1.0,3,1
Training,/gpfs0/bgu-vilenchi/users/sdolev/Thesis/VLMs/data/fer2013/Training/happy/happy_Training_15165.png,happy,1.0,3,-1
PublicTest,/gpfs0/bgu-vilenchi/users/sdolev/Thesis/VLMs/data/fer2013/PublicTest/angry/angry_PublicTest_31874.png,sad,1.0,4,7
PrivateTest,/gpfs0/bgu-vilenchi/users/sdolev/Thesis/VLMs/data/fer2013/PrivateTest/happy/happy_PrivateTest_35101.png,happy,1.0,3,-1
Training,/gpfs0/bgu-vilenchi/users/sdolev/Thesis/VLMs/data/fer2013/Training/sad/sad_Training_3649.png,neutral,0.8,6,-1
Training,/gpfs0/bgu-vilenchi/users/sdolev/Thesis/VLMs/data/fer2013/Training/sad/sad_Training_14122.png,surprise,0.8,5,-1
Training,/gpfs0/bgu-vilenchi/users/sdolev/Thesis/VLMs/data/fer2013/Training/angry/angry_Training_13831.png,neutral,0.8,6,-1
Training,/gpfs0/bgu-vilenchi/users/sdolev/Thesis/VLMs/data/fer2013/Training/neutral/neutral_Training_17420.png,neutral,0.8,6,-1
Training,/gpfs0/bgu-vilenchi/users/sdolev/Thesis/VLMs/data/fer2013/Training/happy/happy_Training_165.png,happy,1.0,3,-1
Training,/gpfs0/bgu-vilenchi/users/sdolev/Thesis/VLMs/data/fer2013/Training/happy/happy_Training_13618.png,happy,1.0,3,-1
Training,/gpfs0/bgu-vilenchi/users/sdolev/Thesis/VLMs/data/fer2013/Training/happy/happy_Training_17907.png,happy,1.0,3,7
Training,/gpfs0/bgu-vilenchi/users/sdolev/Thesis/VLMs/data/fer2013/Training/sad/sad_Training_26778.png,neutral,0.9,6,-1
Training,/gpfs0/bgu-vilenchi/users/sdolev/Thesis/VLMs/data/fer2013/Training/fear/fear_Training_17439.png,sad,0.9,4,7
Training,/gpfs0/bgu-vilenchi/users/sdolev/Thesis/VLMs/data/fer2013/Training/happy/happy_Training_849.png,happy,1.0,3,-1
Training,/gpfs0/bgu-vilenchi/users/sdolev/Thesis/VLMs/data/fer2013/Training/neutral/neutral_Training_3153.png,neutral,1.0,6,-1
Training,/gpfs0/bgu-vilenchi/users/sdolev/Thesis/VLMs/data/fer2013/Training/happy/happy_Training_21252.png,happy,0.9,3,-1
Training,/gpfs0/bgu-vilenchi/users/sdolev/Thesis/VLMs/data/fer2013/Training/neutral/neutral_Training_16201.png,neutral,1.0,6,-1
PublicTest,/gpfs0/bgu-vilenchi/users/sdolev/Thesis/VLMs/data/fer2013/PublicTest/sad/sad_PublicTest_28916.png,sad,1.0,4,-1
Training,/gpfs0/bgu-vilenchi/users/sdolev/Thesis/VLMs/data/fer2013/Training/angry/angry_Training_4073.png,angry,0.8,0,-1
PublicTest,/gpfs0/bgu-vilenchi/users/sdolev/Thesis/VLMs/data/fer2013/PublicTest/sad/sad_PublicTest_30421.png,neutral,0.9,6,-1
Training,/gpfs0/bgu-vilenchi/users/sdolev/Thesis/VLMs/data/fer2013/Training/surprise/surprise_Training_13205.png,surprise,0.8,5,884
PublicTest,/gpfs0/bgu-vilenchi/users/sdolev/Thesis/VLMs/data/fer2013/PublicTest/happy/happy_PublicTest_29579.png,happy,1.0,3,-1
Training,/gpfs0/bgu-vilenchi/users/sdolev/Thesis/VLMs/data/fer2013/Training/neutral/neutral_Training_6203.png,neutral,1.0,6,-1
Training,/gpfs0/bgu-vilenchi/users/sdolev/Thesis/VLMs/data/fer2013/Training/neutral/neutral_Training_6692.png,neutral,1.0,6,-1
Training,/gpfs0/bgu-vilenchi/users/sdolev/Thesis/VLMs/data/fer2013/Training/neutral/neutral_Training_14867.png,neutral,1.0,6,-1
Training,/gpfs0/bgu-vilenchi/users/sdolev/Thesis/VLMs/data/fer2013/Training/happy/happy_Training_19363.png,happy,0.9,3,-1
Training,/gpfs0/bgu-vilenchi/users/sdolev/Thesis/VLMs/data/fer2013/Training/sad/sad_Training_10577.png,neutral,0.8,6,-1
Training,/gpfs0/bgu-vilenchi/users/sdolev/Thesis/VLMs/data/fer2013/Training/angry/angry_Training_21095.png,angry,1.0,0,-1
PrivateTest,/gpfs0/bgu-vilenchi/users/sdolev/Thesis/VLMs/data/fer2013/PrivateTest/happy/happy_PrivateTest_34815.png,happy,1.0,3,-1
Training,/gpfs0/bgu-vilenchi/users/sdolev/Thesis/VLMs/data/fer2013/Training/angry/angry_Training_11174.png,angry,0.9,0,-1
Training,/gpfs0/bgu-vilenchi/users/sdolev/Thesis/VLMs/data/fer2013/Training/neutral/neutral_Training_7495.png,happy,0.9,3,-1
Training,/gpfs0/bgu-vilenchi/users/sdolev/Thesis/VLMs/data/fer2013/Training/angry/angry_Training_4180.png,neutral,0.8,6,-1
Training,/gpfs0/bgu-vilenchi/users/sdolev/Thesis/VLMs/data/fer2013/Training/sad/sad_Training_24545.png,sad,0.9,4,-1
Training,/gpfs0/bgu-vilenchi/users/sdolev/Thesis/VLMs/data/fer2013/Training/happy/happy_Training_10601.png,happy,0.9,3,-1
Training,/gpfs0/bgu-vilenchi/users/sdolev/Thesis/VLMs/data/fer2013/Training/neutral/neutral_Training_21332.png,neutral,0.8,6,-1
PrivateTest,/gpfs0/bgu-vilenchi/users/sdolev/Thesis/VLMs/data/fer2013/PrivateTest/happy/happy_PrivateTest_33225.png,happy,1.0,3,-1
PublicTest,/gpfs0/bgu-vilenchi/users/sdolev/Thesis/VLMs/data/fer2013/PublicTest/happy/happy_PublicTest_32224.png,happy,1.0,3,-1
Training,/gpfs0/bgu-vilenchi/users/sdolev/Thesis/VLMs/data/fer2013/Training/happy/happy_Training_3182.png,happy,0.9,3,-1
PrivateTest,/gpfs0/bgu-vilenchi/users/sdolev/Thesis/VLMs/data/fer2013/PrivateTest/happy/happy_PrivateTest_34969.png,happy,1.0,3,-1
Training,/gpfs0/bgu-vilenchi/users/sdolev/Thesis/VLMs/data/fer2013/Training/neutral/neutral_Training_15305.png,neutral,0.9,6,-1
Training,/gpfs0/bgu-vilenchi/users/sdolev/Thesis/VLMs/data/fer2013/Training/neutral/neutral_Training_17788.png,neutral,0.8,6,-1
Training,/gpfs0/bgu-vilenchi/users/sdolev/Thesis/VLMs/data/fer2013/Training/happy/happy_Training_19636.png,happy,1.0,3,-1
Training,/gpfs0/bgu-vilenchi/users/sdolev/Thesis/VLMs/data/fer2013/Training/happy/happy_Training_9372.png,happy,1.0,3,-1
Training,/gpfs0/bgu-vilenchi/users/sdolev/Thesis/VLMs/data/fer2013/Training/happy/happy_Training_18033.png,happy,1.0,3,-1
Training,/gpfs0/bgu-vilenchi/users/sdolev/Thesis/VLMs/data/fer2013/Training/happy/happy_Training_15319.png,happy,1.0,3,-1
PublicTest,/gpfs0/bgu-vilenchi/users/sdolev/Thesis/VLMs/data/fer2013/PublicTest/neutral/neutral_PublicTest_30110.png,neutral,0.9,6,1057
Training,/gpfs0/bgu-vilenchi/users/sdolev/Thesis/VLMs/data/fer2013/Training/sad/sad_Training_15696.png,neutral,0.8,6,-1
Training,/gpfs0/bgu-vilenchi/users/sdolev/Thesis/VLMs/data/fer2013/Training/neutral/neutral_Training_26882.png,neutral,0.8,6,-1
Training,/gpfs0/bgu-vilenchi/users/sdolev/Thesis/VLMs/data/fer2013/Training/surprise/surprise_Training_3525.png,surprise,0.9,5,311
Training,/gpfs0/bgu-vilenchi/users/sdolev/Thesis/VLMs/data/fer2013/Training/fear/fear_Training_18974.png,angry,0.9,0,-1
Training,/gpfs0/bgu-vilenchi/users/sdolev/Thesis/VLMs/data/fer2013/Training/happy/happy_Training_9272.png,happy,0.9,3,7
Training,/gpfs0/bgu-vilenchi/users/sdolev/Thesis/VLMs/data/fer2013/Training/angry/angry_Training_20943.png,angry,0.9,0,-1
Training,/gpfs0/bgu-vilenchi/users/sdolev/Thesis/VLMs/data/fer2013/Training/happy/happy_Training_16491.png,happy,1.0,3,-1
Training,/gpfs0/bgu-vilenchi/users/sdolev/Thesis/VLMs/data/fer2013/Training/happy/happy_Training_14334.png,happy,1.0,3,-1
PublicTest,/gpfs0/bgu-vilenchi/users/sdolev/Thesis/VLMs/data/fer2013/PublicTest/happy/happy_PublicTest_28774.png,happy,1.0,3,-1
Training,/gpfs0/bgu-vilenchi/users/sdolev/Thesis/VLMs/data/fer2013/Training/surprise/surprise_Training_22204.png,surprise,0.8,5,-1
Training,/gpfs0/bgu-vilenchi/users/sdolev/Thesis/VLMs/data/fer2013/Training/neutral/neutral_Training_22616.png,neutral,1.0,6,-1
Training,/gpfs0/bgu-vilenchi/users/sdolev/Thesis/VLMs/data/fer2013/Training/happy/happy_Training_20081.png,happy,1.0,3,-1
Training,/gpfs0/bgu-vilenchi/users/sdolev/Thesis/VLMs/data/fer2013/Training/happy/happy_Training_7116.png,happy,1.0,3,-1
Training,/gpfs0/bgu-vilenchi/users/sdolev/Thesis/VLMs/data/fer2013/Training/neutral/neutral_Training_10721.png,neutral,1.0,6,-1
Training,/gpfs0/bgu-vilenchi/users/sdolev/Thesis/VLMs/data/fer2013/Training/happy/happy_Training_14242.png,happy,1.0,3,-1
Training,/gpfs0/bgu-vilenchi/users/sdolev/Thesis/VLMs/data/fer2013/Training/happy/happy_Training_16835.png,happy,1.0,3,7
Training,/gpfs0/bgu-vilenchi/users/sdolev/Thesis/VLMs/data/fer2013/Training/neutral/neutral_Training_23158.png,neutral,0.9,6,-1
Training,/gpfs0/bgu-vilenchi/users/sdolev/Thesis/VLMs/data/fer2013/Training/happy/happy_Training_11923.png,happy,0.9,3,-1
Training,/gpfs0/bgu-vilenchi/users/sdolev/Thesis/VLMs/data/fer2013/Training/neutral/neutral_Training_6800.png,neutral,0.9,6,-1
Training,/gpfs0/bgu-vilenchi/users/sdolev/Thesis/VLMs/data/fer2013/Training/neutral/neutral_Training_16732.png,neutral,0.9,6,-1
Training,/gpfs0/bgu-vilenchi/users/sdolev/Thesis/VLMs/data/fer2013/Training/sad/sad_Training_28510.png,sad,0.8,4,-1
Training,/gpfs0/bgu-vilenchi/users/sdolev/Thesis/VLMs/data/fer2013/Training/sad/sad_Training_13432.png,neutral,0.9,6,-1
Training,/gpfs0/bgu-vilenchi/users/sdolev/Thesis/VLMs/data/fer2013/Training/surprise/surprise_Training_621.png,surprise,0.9,5,77
Training,/gpfs0/bgu-vilenchi/users/sdolev/Thesis/VLMs/data/fer2013/Training/neutral/neutral_Training_12482.png,neutral,0.9,6,-1
Training,/gpfs0/bgu-vilenchi/users/sdolev/Thesis/VLMs/data/fer2013/Training/neutral/neutral_Training_6956.png,neutral,1.0,6,-1
Training,/gpfs0/bgu-vilenchi/users/sdolev/Thesis/VLMs/data/fer2013/Training/sad/sad_Training_3793.png,neutral,1.0,6,-1
Training,/gpfs0/bgu-vilenchi/users/sdolev/Thesis/VLMs/data/fer2013/Training/happy/happy_Training_16595.png,happy,0.9,3,-1
Training,/gpfs0/bgu-vilenchi/users/sdolev/Thesis/VLMs/data/fer2013/Training/fear/fear_Training_5567.png,neutral,0.9,6,-1
Training,/gpfs0/bgu-vilenchi/users/sdolev/Thesis/VLMs/data/fer2013/Training/neutral/neutral_Training_5170.png,neutral,0.8,6,440
Training,/gpfs0/bgu-vilenchi/users/sdolev/Thesis/VLMs/data/fer2013/Training/happy/happy_Training_3452.png,happy,1.0,3,1
PublicTest,/gpfs0/bgu-vilenchi/users/sdolev/Thesis/VLMs/data/fer2013/PublicTest/happy/happy_PublicTest_29708.png,happy,1.0,3,-1
Training,/gpfs0/bgu-vilenchi/users/sdolev/Thesis/VLMs/data/fer2013/Training/fear/fear_Training_20707.png,surprise,0.8,5,-1
Training,/gpfs0/bgu-vilenchi/users/sdolev/Thesis/VLMs/data/fer2013/Training/neutral/neutral_Training_27864.png,neutral,0.9,6,-1
PublicTest,/gpfs0/bgu-vilenchi/users/sdolev/Thesis/VLMs/data/fer2013/PublicTest/happy/happy_PublicTest_31146.png,happy,0.9,3,-1
Training,/gpfs0/bgu-vilenchi/users/sdolev/Thesis/VLMs/data/fer2013/Training/happy/happy_Training_26817.png,happy,1.0,3,-1
Training,/gpfs0/bgu-vilenchi/users/sdolev/Thesis/VLMs/data/fer2013/Training/happy/happy_Training_26511.png,happy,1.0,3,-1
Training,/gpfs0/bgu-vilenchi/users/sdolev/Thesis/VLMs/data/fer2013/Training/neutral/neutral_Training_3535.png,neutral,0.8,6,-1
Training,/gpfs0/bgu-vilenchi/users/sdolev/Thesis/VLMs/data/fer2013/Training/happy/happy_Training_27528.png,happy,1.0,3,-1
Training,/gpfs0/bgu-vilenchi/users/sdolev/Thesis/VLMs/data/fer2013/Training/sad/sad_Training_11953.png,sad,0.9,4,-1
Training,/gpfs0/bgu-vilenchi/users/sdolev/Thesis/VLMs/data/fer2013/Training/neutral/neutral_Training_25814.png,happy,1.0,3,-1
Training,/gpfs0/bgu-vilenchi/users/sdolev/Thesis/VLMs/data/fer2013/Training/happy/happy_Training_6141.png,happy,0.9,3,-1
Training,/gpfs0/bgu-vilenchi/users/sdolev/Thesis/VLMs/data/fer2013/Training/fear/fear_Training_3409.png,happy,0.8,3,-1
Training,/gpfs0/bgu-vilenchi/users/sdolev/Thesis/VLMs/data/fer2013/Training/angry/angry_Training_5566.png,angry,0.9,0,464
PrivateTest,/gpfs0/bgu-vilenchi/users/sdolev/Thesis/VLMs/data/fer2013/PrivateTest/happy/happy_PrivateTest_35141.png,happy,1.0,3,-1
Training,/gpfs0/bgu-vilenchi/users/sdolev/Thesis/VLMs/data/fer2013/Training/neutral/neutral_Training_262.png,neutral,0.9,6,-1
Training,/gpfs0/bgu-vilenchi/users/sdolev/Thesis/VLMs/data/fer2013/Training/happy/happy_Training_13072.png,happy,0.9,3,-1
Training,/gpfs0/bgu-vilenchi/users/sdolev/Thesis/VLMs/data/fer2013/Training/happy/happy_Training_2754.png,happy,0.9,3,1
PrivateTest,/gpfs0/bgu-vilenchi/users/sdolev/Thesis/VLMs/data/fer2013/PrivateTest/sad/sad_PrivateTest_34105.png,sad,0.8,4,-1
Training,/gpfs0/bgu-vilenchi/users/sdolev/Thesis/VLMs/data/fer2013/Training/surprise/surprise_Training_10837.png,surprise,0.8,5,-1
Training,/gpfs0/bgu-vilenchi/users/sdolev/Thesis/VLMs/data/fer2013/Training/happy/happy_Training_13443.png,happy,0.9,3,-1
PublicTest,/gpfs0/bgu-vilenchi/users/sdolev/Thesis/VLMs/data/fer2013/PublicTest/happy/happy_PublicTest_30854.png,happy,1.0,3,-1
Training,/gpfs0/bgu-vilenchi/users/sdolev/Thesis/VLMs/data/fer2013/Training/happy/happy_Training_2807.png,happy,1.0,3,-1
Training,/gpfs0/bgu-vilenchi/users/sdolev/Thesis/VLMs/data/fer2013/Training/happy/happy_Training_3590.png,happy,1.0,3,-1
Training,/gpfs0/bgu-vilenchi/users/sdolev/Thesis/VLMs/data/fer2013/Training/happy/happy_Training_15022.png,happy,0.8,3,-1
Training,/gpfs0/bgu-vilenchi/users/sdolev/Thesis/VLMs/data/fer2013/Training/sad/sad_Training_24541.png,neutral,0.8,6,-1
PrivateTest,/gpfs0/bgu-vilenchi/users/sdolev/Thesis/VLMs/data/fer2013/PrivateTest/happy/happy_PrivateTest_34042.png,happy,1.0,3,-1
Training,/gpfs0/bgu-vilenchi/users/sdolev/Thesis/VLMs/data/fer2013/Training/angry/angry_Training_10907.png,happy,1.0,3,-1
Training,/gpfs0/bgu-vilenchi/users/sdolev/Thesis/VLMs/data/fer2013/Training/happy/happy_Training_15583.png,happy,1.0,3,-1
PublicTest,/gpfs0/bgu-vilenchi/users/sdolev/Thesis/VLMs/data/fer2013/PublicTest/neutral/neutral_PublicTest_30666.png,neutral,1.0,6,-1
Training,/gpfs0/bgu-vilenchi/users/sdolev/Thesis/VLMs/data/fer2013/Training/neutral/neutral_Training_25732.png,neutral,0.9,6,-1
Training,/gpfs0/bgu-vilenchi/users/sdolev/Thesis/VLMs/data/fer2013/Training/surprise/surprise_Training_16713.png,surprise,0.8,5,7
Training,/gpfs0/bgu-vilenchi/users/sdolev/Thesis/VLMs/data/fer2013/Training/happy/happy_Training_2464.png,happy,0.9,3,1
PublicTest,/gpfs0/bgu-vilenchi/users/sdolev/Thesis/VLMs/data/fer2013/PublicTest/neutral/neutral_PublicTest_31541.png,neutral,0.8,6,-1
Training,/gpfs0/bgu-vilenchi/users/sdolev/Thesis/VLMs/data/fer2013/Training/angry/angry_Training_7826.png,sad,0.8,4,611
PublicTest,/gpfs0/bgu-vilenchi/users/sdolev/Thesis/VLMs/data/fer2013/PublicTest/neutral/neutral_PublicTest_28801.png,happy,1.0,3,-1
Training,/gpfs0/bgu-vilenchi/users/sdolev/Thesis/VLMs/data/fer2013/Training/neutral/neutral_Training_17357.png,neutral,0.8,6,1038
Training,/gpfs0/bgu-vilenchi/users/sdolev/Thesis/VLMs/data/fer2013/Training/surprise/surprise_Training_9786.png,surprise,0.9,5,-1
Training,/gpfs0/bgu-vilenchi/users/sdolev/Thesis/VLMs/data/fer2013/Training/fear/fear_Training_22192.png,sad,0.8,4,-1
PublicTest,/gpfs0/bgu-vilenchi/users/sdolev/Thesis/VLMs/data/fer2013/PublicTest/happy/happy_PublicTest_29439.png,happy,1.0,3,-1
Training,/gpfs0/bgu-vilenchi/users/sdolev/Thesis/VLMs/data/fer2013/Training/surprise/surprise_Training_20754.png,surprise,0.8,5,-1
Training,/gpfs0/bgu-vilenchi/users/sdolev/Thesis/VLMs/data/fer2013/Training/happy/happy_Training_13985.png,happy,1.0,3,-1
Training,/gpfs0/bgu-vilenchi/users/sdolev/Thesis/VLMs/data/fer2013/Training/neutral/neutral_Training_397.png,neutral,0.9,6,-1
Training,/gpfs0/bgu-vilenchi/users/sdolev/Thesis/VLMs/data/fer2013/Training/happy/happy_Training_7989.png,happy,1.0,3,-1
Training,/gpfs0/bgu-vilenchi/users/sdolev/Thesis/VLMs/data/fer2013/Training/neutral/neutral_Training_13567.png,neutral,0.8,6,-1
Training,/gpfs0/bgu-vilenchi/users/sdolev/Thesis/VLMs/data/fer2013/Training/happy/happy_Training_11522.png,happy,1.0,3,-1
Training,/gpfs0/bgu-vilenchi/users/sdolev/Thesis/VLMs/data/fer2013/Training/sad/sad_Training_17360.png,sad,0.9,4,-1
PublicTest,/gpfs0/bgu-vilenchi/users/sdolev/Thesis/VLMs/data/fer2013/PublicTest/neutral/neutral_PublicTest_28810.png,neutral,0.9,6,-1
Training,/gpfs0/bgu-vilenchi/users/sdolev/Thesis/VLMs/data/fer2013/Training/surprise/surprise_Training_12567.png,happy,0.8,3,854
Training,/gpfs0/bgu-vilenchi/users/sdolev/Thesis/VLMs/data/fer2013/Training/happy/happy_Training_984.png,happy,1.0,3,-1
Training,/gpfs0/bgu-vilenchi/users/sdolev/Thesis/VLMs/data/fer2013/Training/surprise/surprise_Training_11302.png,surprise,0.8,5,7
Training,/gpfs0/bgu-vilenchi/users/sdolev/Thesis/VLMs/data/fer2013/Training/sad/sad_Training_15551.png,sad,0.9,4,-1
Training,/gpfs0/bgu-vilenchi/users/sdolev/Thesis/VLMs/data/fer2013/Training/happy/happy_Training_16864.png,happy,1.0,3,1023
Training,/gpfs0/bgu-vilenchi/users/sdolev/Thesis/VLMs/data/fer2013/Training/happy/happy_Training_22283.png,happy,1.0,3,-1
Training,/gpfs0/bgu-vilenchi/users/sdolev/Thesis/VLMs/data/fer2013/Training/fear/fear_Training_18044.png,neutral,0.8,6,-1
Training,/gpfs0/bgu-vilenchi/users/sdolev/Thesis/VLMs/data/fer2013/Training/surprise/surprise_Training_2759.png,surprise,0.9,5,-1
Training,/gpfs0/bgu-vilenchi/users/sdolev/Thesis/VLMs/data/fer2013/Training/neutral/neutral_Training_9881.png,neutral,0.9,6,-1
Training,/gpfs0/bgu-vilenchi/users/sdolev/Thesis/VLMs/data/fer2013/Training/neutral/neutral_Training_4722.png,neutral,0.8,6,-1
Training,/gpfs0/bgu-vilenchi/users/sdolev/Thesis/VLMs/data/fer2013/Training/happy/happy_Training_23480.png,happy,1.0,3,-1
Training,/gpfs0/bgu-vilenchi/users/sdolev/Thesis/VLMs/data/fer2013/Training/sad/sad_Training_4647.png,neutral,0.9,6,405
Training,/gpfs0/bgu-vilenchi/users/sdolev/Thesis/VLMs/data/fer2013/Training/surprise/surprise_Training_2195.png,surprise,1.0,5,-1
Training,/gpfs0/bgu-vilenchi/users/sdolev/Thesis/VLMs/data/fer2013/Training/happy/happy_Training_7827.png,happy,1.0,3,-1
Training,/gpfs0/bgu-vilenchi/users/sdolev/Thesis/VLMs/data/fer2013/Training/happy/happy_Training_10728.png,happy,0.9,3,-1
Training,/gpfs0/bgu-vilenchi/users/sdolev/Thesis/VLMs/data/fer2013/Training/sad/sad_Training_19027.png,sad,1.0,4,1100
PrivateTest,/gpfs0/bgu-vilenchi/users/sdolev/Thesis/VLMs/data/fer2013/PrivateTest/neutral/neutral_PrivateTest_32840.png,neutral,0.8,6,-1
PrivateTest,/gpfs0/bgu-vilenchi/users/sdolev/Thesis/VLMs/data/fer2013/PrivateTest/sad/sad_PrivateTest_33873.png,neutral,0.9,6,-1
PrivateTest,/gpfs0/bgu-vilenchi/users/sdolev/Thesis/VLMs/data/fer2013/PrivateTest/happy/happy_PrivateTest_33464.png,happy,1.0,3,-1
PublicTest,/gpfs0/bgu-vilenchi/users/sdolev/Thesis/VLMs/data/fer2013/PublicTest/happy/happy_PublicTest_31577.png,happy,1.0,3,1
Training,/gpfs0/bgu-vilenchi/users/sdolev/Thesis/VLMs/data/fer2013/Training/happy/happy_Training_14608.png,happy,0.9,3,-1
Training,/gpfs0/bgu-vilenchi/users/sdolev/Thesis/VLMs/data/fer2013/Training/neutral/neutral_Training_8186.png,neutral,0.8,6,-1
Training,/gpfs0/bgu-vilenchi/users/sdolev/Thesis/VLMs/data/fer2013/Training/happy/happy_Training_27175.png,happy,1.0,3,-1
Training,/gpfs0/bgu-vilenchi/users/sdolev/Thesis/VLMs/data/fer2013/Training/neutral/neutral_Training_17315.png,neutral,0.9,6,-1
Training,/gpfs0/bgu-vilenchi/users/sdolev/Thesis/VLMs/data/fer2013/Training/happy/happy_Training_4115.png,happy,1.0,3,-1
Training,/gpfs0/bgu-vilenchi/users/sdolev/Thesis/VLMs/data/fer2013/Training/happy/happy_Training_8479.png,happy,1.0,3,-1
Training,/gpfs0/bgu-vilenchi/users/sdolev/Thesis/VLMs/data/fer2013/Training/surprise/surprise_Training_16514.png,fear,0.8,2,-1
Training,/gpfs0/bgu-vilenchi/users/sdolev/Thesis/VLMs/data/fer2013/Training/happy/happy_Training_25839.png,happy,1.0,3,-1
Training,/gpfs0/bgu-vilenchi/users/sdolev/Thesis/VLMs/data/fer2013/Training/angry/angry_Training_19078.png,angry,1.0,0,-1
Training,/gpfs0/bgu-vilenchi/users/sdolev/Thesis/VLMs/data/fer2013/Training/surprise/surprise_Training_9118.png,surprise,0.8,5,688
Training,/gpfs0/bgu-vilenchi/users/sdolev/Thesis/VLMs/data/fer2013/Training/neutral/neutral_Training_60.png,neutral,0.8,6,-1
Training,/gpfs0/bgu-vilenchi/users/sdolev/Thesis/VLMs/data/fer2013/Training/happy/happy_Training_4106.png,happy,1.0,3,-1
Training,/gpfs0/bgu-vilenchi/users/sdolev/Thesis/VLMs/data/fer2013/Training/happy/happy_Training_6835.png,happy,0.9,3,-1
Training,/gpfs0/bgu-vilenchi/users/sdolev/Thesis/VLMs/data/fer2013/Training/happy/happy_Training_10418.png,happy,1.0,3,-1
PublicTest,/gpfs0/bgu-vilenchi/users/sdolev/Thesis/VLMs/data/fer2013/PublicTest/neutral/neutral_PublicTest_29099.png,neutral,1.0,6,-1
PublicTest,/gpfs0/bgu-vilenchi/users/sdolev/Thesis/VLMs/data/fer2013/PublicTest/angry/angry_PublicTest_28907.png,angry,0.9,0,-1
Training,/gpfs0/bgu-vilenchi/users/sdolev/Thesis/VLMs/data/fer2013/Training/angry/angry_Training_18806.png,neutral,0.8,6,-1
Training,/gpfs0/bgu-vilenchi/users/sdolev/Thesis/VLMs/data/fer2013/Training/happy/happy_Training_16760.png,happy,0.9,3,1
Training,/gpfs0/bgu-vilenchi/users/sdolev/Thesis/VLMs/data/fer2013/Training/happy/happy_Training_5940.png,happy,1.0,3,-1
Training,/gpfs0/bgu-vilenchi/users/sdolev/Thesis/VLMs/data/fer2013/Training/surprise/surprise_Training_10246.png,surprise,0.8,5,-1
PublicTest,/gpfs0/bgu-vilenchi/users/sdolev/Thesis/VLMs/data/fer2013/PublicTest/happy/happy_PublicTest_30286.png,happy,1.0,3,-1
Training,/gpfs0/bgu-vilenchi/users/sdolev/Thesis/VLMs/data/fer2013/Training/fear/fear_Training_8818.png,surprise,0.9,5,-1
Training,/gpfs0/bgu-vilenchi/users/sdolev/Thesis/VLMs/data/fer2013/Training/happy/happy_Training_21202.png,happy,1.0,3,-1
Training,/gpfs0/bgu-vilenchi/users/sdolev/Thesis/VLMs/data/fer2013/Training/happy/happy_Training_9310.png,happy,1.0,3,7
Training,/gpfs0/bgu-vilenchi/users/sdolev/Thesis/VLMs/data/fer2013/Training/angry/angry_Training_23414.png,neutral,0.8,6,-1
Training,/gpfs0/bgu-vilenchi/users/sdolev/Thesis/VLMs/data/fer2013/Training/happy/happy_Training_19657.png,happy,1.0,3,1
Training,/gpfs0/bgu-vilenchi/users/sdolev/Thesis/VLMs/data/fer2013/Training/happy/happy_Training_12284.png,happy,1.0,3,-1
Training,/gpfs0/bgu-vilenchi/users/sdolev/Thesis/VLMs/data/fer2013/Training/sad/sad_Training_19945.png,neutral,0.8,6,-1
Training,/gpfs0/bgu-vilenchi/users/sdolev/Thesis/VLMs/data/fer2013/Training/neutral/neutral_Training_20153.png,neutral,0.8,6,7
Training,/gpfs0/bgu-vilenchi/users/sdolev/Thesis/VLMs/data/fer2013/Training/happy/happy_Training_23934.png,happy,0.8,3,-1
Training,/gpfs0/bgu-vilenchi/users/sdolev/Thesis/VLMs/data/fer2013/Training/angry/angry_Training_23215.png,neutral,0.8,6,-1
Training,/gpfs0/bgu-vilenchi/users/sdolev/Thesis/VLMs/data/fer2013/Training/sad/sad_Training_25038.png,sad,1.0,4,-1
Training,/gpfs0/bgu-vilenchi/users/sdolev/Thesis/VLMs/data/fer2013/Training/happy/happy_Training_21940.png,happy,0.9,3,-1
Training,/gpfs0/bgu-vilenchi/users/sdolev/Thesis/VLMs/data/fer2013/Training/neutral/neutral_Training_10596.png,neutral,1.0,6,-1
Training,/gpfs0/bgu-vilenchi/users/sdolev/Thesis/VLMs/data/fer2013/Training/angry/angry_Training_27777.png,happy,1.0,3,-1
Training,/gpfs0/bgu-vilenchi/users/sdolev/Thesis/VLMs/data/fer2013/Training/neutral/neutral_Training_12168.png,neutral,1.0,6,-1
Training,/gpfs0/bgu-vilenchi/users/sdolev/Thesis/VLMs/data/fer2013/Training/happy/happy_Training_18514.png,happy,1.0,3,-1
PrivateTest,/gpfs0/bgu-vilenchi/users/sdolev/Thesis/VLMs/data/fer2013/PrivateTest/happy/happy_PrivateTest_33991.png,happy,0.8,3,7
Training,/gpfs0/bgu-vilenchi/users/sdolev/Thesis/VLMs/data/fer2013/Training/happy/happy_Training_21048.png,happy,1.0,3,-1
Training,/gpfs0/bgu-vilenchi/users/sdolev/Thesis/VLMs/data/fer2013/Training/sad/sad_Training_23965.png,sad,0.9,4,-1
PublicTest,/gpfs0/bgu-vilenchi/users/sdolev/Thesis/VLMs/data/fer2013/PublicTest/happy/happy_PublicTest_32259.png,happy,0.9,3,-1
PublicTest,/gpfs0/bgu-vilenchi/users/sdolev/Thesis/VLMs/data/fer2013/PublicTest/angry/angry_PublicTest_31142.png,fear,0.8,2,-1
PrivateTest,/gpfs0/bgu-vilenchi/users/sdolev/Thesis/VLMs/data/fer2013/PrivateTest/neutral/neutral_PrivateTest_33018.png,neutral,0.9,6,-1
Training,/gpfs0/bgu-vilenchi/users/sdolev/Thesis/VLMs/data/fer2013/Training/happy/happy_Training_12370.png,happy,0.9,3,-1
Training,/gpfs0/bgu-vilenchi/users/sdolev/Thesis/VLMs/data/fer2013/Training/happy/happy_Training_7458.png,happy,0.9,3,-1
Training,/gpfs0/bgu-vilenchi/users/sdolev/Thesis/VLMs/data/fer2013/Training/neutral/neutral_Training_10024.png,neutral,0.9,6,-1
Training,/gpfs0/bgu-vilenchi/users/sdolev/Thesis/VLMs/data/fer2013/Training/happy/happy_Training_5823.png,happy,0.8,3,-1
Training,/gpfs0/bgu-vilenchi/users/sdolev/Thesis/VLMs/data/fer2013/Training/happy/happy_Training_11594.png,happy,1.0,3,816
Training,/gpfs0/bgu-vilenchi/users/sdolev/Thesis/VLMs/data/fer2013/Training/happy/happy_Training_26459.png,happy,1.0,3,-1
Training,/gpfs0/bgu-vilenchi/users/sdolev/Thesis/VLMs/data/fer2013/Training/happy/happy_Training_7850.png,happy,1.0,3,-1
PublicTest,/gpfs0/bgu-vilenchi/users/sdolev/Thesis/VLMs/data/fer2013/PublicTest/happy/happy_PublicTest_28955.png,happy,1.0,3,-1
Training,/gpfs0/bgu-vilenchi/users/sdolev/Thesis/VLMs/data/fer2013/Training/happy/happy_Training_13604.png,neutral,0.9,6,-1
Training,/gpfs0/bgu-vilenchi/users/sdolev/Thesis/VLMs/data/fer2013/Training/happy/happy_Training_3863.png,happy,0.8,3,1
Training,/gpfs0/bgu-vilenchi/users/sdolev/Thesis/VLMs/data/fer2013/Training/sad/sad_Training_8777.png,sad,0.8,4,-1
Training,/gpfs0/bgu-vilenchi/users/sdolev/Thesis/VLMs/data/fer2013/Training/happy/happy_Training_2450.png,happy,1.0,3,226
PrivateTest,/gpfs0/bgu-vilenchi/users/sdolev/Thesis/VLMs/data/fer2013/PrivateTest/happy/happy_PrivateTest_35213.png,happy,0.9,3,-1
Training,/gpfs0/bgu-vilenchi/users/sdolev/Thesis/VLMs/data/fer2013/Training/surprise/surprise_Training_10800.png,surprise,0.8,5,-1
Training,/gpfs0/bgu-vilenchi/users/sdolev/Thesis/VLMs/data/fer2013/Training/fear/fear_Training_13933.png,neutral,0.8,6,-1
Training,/gpfs0/bgu-vilenchi/users/sdolev/Thesis/VLMs/data/fer2013/Training/happy/happy_Training_11336.png,happy,1.0,3,-1
Training,/gpfs0/bgu-vilenchi/users/sdolev/Thesis/VLMs/data/fer2013/Training/neutral/neutral_Training_11498.png,neutral,1.0,6,-1
Training,/gpfs0/bgu-vilenchi/users/sdolev/Thesis/VLMs/data/fer2013/Training/neutral/neutral_Training_18628.png,neutral,0.9,6,-1
Training,/gpfs0/bgu-vilenchi/users/sdolev/Thesis/VLMs/data/fer2013/Training/happy/happy_Training_12982.png,happy,1.0,3,1
Training,/gpfs0/bgu-vilenchi/users/sdolev/Thesis/VLMs/data/fer2013/Training/happy/happy_Training_14670.png,happy,1.0,3,-1
Training,/gpfs0/bgu-vilenchi/users/sdolev/Thesis/VLMs/data/fer2013/Training/neutral/neutral_Training_21023.png,neutral,1.0,6,-1
PrivateTest,/gpfs0/bgu-vilenchi/users/sdolev/Thesis/VLMs/data/fer2013/PrivateTest/neutral/neutral_PrivateTest_33100.png,neutral,0.8,6,-1
Training,/gpfs0/bgu-vilenchi/users/sdolev/Thesis/VLMs/data/fer2013/Training/happy/happy_Training_25371.png,happy,1.0,3,-1
Training,/gpfs0/bgu-vilenchi/users/sdolev/Thesis/VLMs/data/fer2013/Training/angry/angry_Training_15048.png,angry,0.9,0,-1
PrivateTest,/gpfs0/bgu-vilenchi/users/sdolev/Thesis/VLMs/data/fer2013/PrivateTest/surprise/surprise_PrivateTest_34449.png,happy,0.9,3,-1
Training,/gpfs0/bgu-vilenchi/users/sdolev/Thesis/VLMs/data/fer2013/Training/angry/angry_Training_14679.png,angry,0.9,0,-1
Training,/gpfs0/bgu-vilenchi/users/sdolev/Thesis/VLMs/data/fer2013/Training/happy/happy_Training_6044.png,happy,0.9,3,-1
Training,/gpfs0/bgu-vilenchi/users/sdolev/Thesis/VLMs/data/fer2013/Training/neutral/neutral_Training_19595.png,neutral,0.8,6,-1
Training,/gpfs0/bgu-vilenchi/users/sdolev/Thesis/VLMs/data/fer2013/Training/surprise/surprise_Training_12470.png,surprise,0.8,5,-1
Training,/gpfs0/bgu-vilenchi/users/sdolev/Thesis/VLMs/data/fer2013/Training/neutral/neutral_Training_18162.png,neutral,0.8,6,-1
Training,/gpfs0/bgu-vilenchi/users/sdolev/Thesis/VLMs/data/fer2013/Training/sad/sad_Training_16820.png,neutral,0.8,6,-1
Training,/gpfs0/bgu-vilenchi/users/sdolev/Thesis/VLMs/data/fer2013/Training/sad/sad_Training_15875.png,sad,1.0,4,7
Training,/gpfs0/bgu-vilenchi/users/sdolev/Thesis/VLMs/data/fer2013/Training/happy/happy_Training_21212.png,happy,1.0,3,-1
Training,/gpfs0/bgu-vilenchi/users/sdolev/Thesis/VLMs/data/fer2013/Training/happy/happy_Training_11555.png,happy,0.9,3,-1
Training,/gpfs0/bgu-vilenchi/users/sdolev/Thesis/VLMs/data/fer2013/Training/sad/sad_Training_7207.png,neutral,0.8,6,-1
Training,/gpfs0/bgu-vilenchi/users/sdolev/Thesis/VLMs/data/fer2013/Training/happy/happy_Training_11312.png,happy,0.9,3,-1
Training,/gpfs0/bgu-vilenchi/users/sdolev/Thesis/VLMs/data/fer2013/Training/happy/happy_Training_18786.png,happy,1.0,3,1
Training,/gpfs0/bgu-vilenchi/users/sdolev/Thesis/VLMs/data/fer2013/Training/neutral/neutral_Training_15282.png,neutral,0.9,6,-1
Training,/gpfs0/bgu-vilenchi/users/sdolev/Thesis/VLMs/data/fer2013/Training/happy/happy_Training_14537.png,happy,1.0,3,-1
PublicTest,/gpfs0/bgu-vilenchi/users/sdolev/Thesis/VLMs/data/fer2013/PublicTest/happy/happy_PublicTest_30401.png,happy,1.0,3,-1
PublicTest,/gpfs0/bgu-vilenchi/users/sdolev/Thesis/VLMs/data/fer2013/PublicTest/happy/happy_PublicTest_30822.png,happy,1.0,3,-1
Training,/gpfs0/bgu-vilenchi/users/sdolev/Thesis/VLMs/data/fer2013/Training/sad/sad_Training_3825.png,neutral,1.0,6,336
Training,/gpfs0/bgu-vilenchi/users/sdolev/Thesis/VLMs/data/fer2013/Training/angry/angry_Training_18874.png,angry,0.9,0,-1
Training,/gpfs0/bgu-vilenchi/users/sdolev/Thesis/VLMs/data/fer2013/Training/happy/happy_Training_8418.png,happy,1.0,3,-1
Training,/gpfs0/bgu-vilenchi/users/sdolev/Thesis/VLMs/data/fer2013/Training/happy/happy_Training_15266.png,happy,1.0,3,-1
Training,/gpfs0/bgu-vilenchi/users/sdolev/Thesis/VLMs/data/fer2013/Training/neutral/neutral_Training_28364.png,neutral,0.9,6,-1
Training,/gpfs0/bgu-vilenchi/users/sdolev/Thesis/VLMs/data/fer2013/Training/happy/happy_Training_15616.png,happy,1.0,3,-1
PublicTest,/gpfs0/bgu-vilenchi/users/sdolev/Thesis/VLMs/data/fer2013/PublicTest/sad/sad_PublicTest_29756.png,sad,0.9,4,-1
Training,/gpfs0/bgu-vilenchi/users/sdolev/Thesis/VLMs/data/fer2013/Training/happy/happy_Training_13363.png,happy,1.0,3,-1
Training,/gpfs0/bgu-vilenchi/users/sdolev/Thesis/VLMs/data/fer2013/Training/happy/happy_Training_7892.png,happy,1.0,3,-1
Training,/gpfs0/bgu-vilenchi/users/sdolev/Thesis/VLMs/data/fer2013/Training/happy/happy_Training_13924.png,happy,1.0,3,-1
Training,/gpfs0/bgu-vilenchi/users/sdolev/Thesis/VLMs/data/fer2013/Training/happy/happy_Training_16782.png,happy,0.9,3,-1
Training,/gpfs0/bgu-vilenchi/users/sdolev/Thesis/VLMs/data/fer2013/Training/neutral/neutral_Training_14413.png,neutral,0.9,6,-1
Training,/gpfs0/bgu-vilenchi/users/sdolev/Thesis/VLMs/data/fer2013/Training/surprise/surprise_Training_12330.png,surprise,0.9,5,-1
Training,/gpfs0/bgu-vilenchi/users/sdolev/Thesis/VLMs/data/fer2013/Training/sad/sad_Training_5741.png,neutral,0.9,6,478
Training,/gpfs0/bgu-vilenchi/users/sdolev/Thesis/VLMs/data/fer2013/Training/happy/happy_Training_7112.png,happy,1.0,3,-1
Training,/gpfs0/bgu-vilenchi/users/sdolev/Thesis/VLMs/data/fer2013/Training/happy/happy_Training_20869.png,happy,1.0,3,-1
Training,/gpfs0/bgu-vilenchi/users/sdolev/Thesis/VLMs/data/fer2013/Training/surprise/surprise_Training_10007.png,surprise,0.8,5,741
PublicTest,/gpfs0/bgu-vilenchi/users/sdolev/Thesis/VLMs/data/fer2013/PublicTest/angry/angry_PublicTest_31100.png,angry,1.0,0,-1
Training,/gpfs0/bgu-vilenchi/users/sdolev/Thesis/VLMs/data/fer2013/Training/happy/happy_Training_9269.png,happy,1.0,3,-1
PrivateTest,/gpfs0/bgu-vilenchi/users/sdolev/Thesis/VLMs/data/fer2013/PrivateTest/happy/happy_PrivateTest_33610.png,happy,1.0,3,566
Training,/gpfs0/bgu-vilenchi/users/sdolev/Thesis/VLMs/data/fer2013/Training/sad/sad_Training_27784.png,neutral,0.8,6,-1
PublicTest,/gpfs0/bgu-vilenchi/users/sdolev/Thesis/VLMs/data/fer2013/PublicTest/neutral/neutral_PublicTest_29125.png,sad,0.8,4,-1
Training,/gpfs0/bgu-vilenchi/users/sdolev/Thesis/VLMs/data/fer2013/Training/happy/happy_Training_10703.png,happy,1.0,3,-1
Training,/gpfs0/bgu-vilenchi/users/sdolev/Thesis/VLMs/data/fer2013/Training/neutral/neutral_Training_268.png,neutral,1.0,6,-1
Training,/gpfs0/bgu-vilenchi/users/sdolev/Thesis/VLMs/data/fer2013/Training/happy/happy_Training_948.png,happy,1.0,3,1
Training,/gpfs0/bgu-vilenchi/users/sdolev/Thesis/VLMs/data/fer2013/Training/surprise/surprise_Training_25188.png,surprise,0.8,5,-1
Training,/gpfs0/bgu-vilenchi/users/sdolev/Thesis/VLMs/data/fer2013/Training/surprise/surprise_Training_20953.png,surprise,0.9,5,7
Training,/gpfs0/bgu-vilenchi/users/sdolev/Thesis/VLMs/data/fer2013/Training/angry/angry_Training_26255.png,angry,1.0,0,760
Training,/gpfs0/bgu-vilenchi/users/sdolev/Thesis/VLMs/data/fer2013/Training/fear/fear_Training_13245.png,fear,0.9,2,-1
Training,/gpfs0/bgu-vilenchi/users/sdolev/Thesis/VLMs/data/fer2013/Training/fear/fear_Training_14383.png,angry,0.8,0,-1
PublicTest,/gpfs0/bgu-vilenchi/users/sdolev/Thesis/VLMs/data/fer2013/PublicTest/surprise/surprise_PublicTest_29096.png,surprise,1.0,5,7
Training,/gpfs0/bgu-vilenchi/users/sdolev/Thesis/VLMs/data/fer2013/Training/happy/happy_Training_25869.png,happy,1.0,3,1
Training,/gpfs0/bgu-vilenchi/users/sdolev/Thesis/VLMs/data/fer2013/Training/sad/sad_Training_5508.png,neutral,0.8,6,-1
PrivateTest,/gpfs0/bgu-vilenchi/users/sdolev/Thesis/VLMs/data/fer2013/PrivateTest/happy/happy_PrivateTest_32743.png,happy,0.8,3,-1
Training,/gpfs0/bgu-vilenchi/users/sdolev/Thesis/VLMs/data/fer2013/Training/happy/happy_Training_24843.png,happy,1.0,3,-1
PublicTest,/gpfs0/bgu-vilenchi/users/sdolev/Thesis/VLMs/data/fer2013/PublicTest/sad/sad_PublicTest_29792.png,sad,0.9,4,7
Training,/gpfs0/bgu-vilenchi/users/sdolev/Thesis/VLMs/data/fer2013/Training/happy/happy_Training_5548.png,happy,0.8,3,-1
Training,/gpfs0/bgu-vilenchi/users/sdolev/Thesis/VLMs/data/fer2013/Training/happy/happy_Training_9290.png,happy,1.0,3,-1
Training,/gpfs0/bgu-vilenchi/users/sdolev/Thesis/VLMs/data/fer2013/Training/neutral/neutral_Training_12640.png,neutral,0.9,6,-1
Training,/gpfs0/bgu-vilenchi/users/sdolev/Thesis/VLMs/data/fer2013/Training/happy/happy_Training_19958.png,happy,0.9,3,-1
Training,/gpfs0/bgu-vilenchi/users/sdolev/Thesis/VLMs/data/fer2013/Training/happy/happy_Training_19885.png,happy,1.0,3,-1
PublicTest,/gpfs0/bgu-vilenchi/users/sdolev/Thesis/VLMs/data/fer2013/PublicTest/fear/fear_PublicTest_31800.png,neutral,0.8,6,-1
Training,/gpfs0/bgu-vilenchi/users/sdolev/Thesis/VLMs/data/fer2013/Training/neutral/neutral_Training_6636.png,neutral,0.9,6,-1
Training,/gpfs0/bgu-vilenchi/users/sdolev/Thesis/VLMs/data/fer2013/Training/neutral/neutral_Training_22876.png,neutral,1.0,6,-1
PrivateTest,/gpfs0/bgu-vilenchi/users/sdolev/Thesis/VLMs/data/fer2013/PrivateTest/neutral/neutral_PrivateTest_33616.png,neutral,1.0,6,-1
PrivateTest,/gpfs0/bgu-vilenchi/users/sdolev/Thesis/VLMs/data/fer2013/PrivateTest/sad/sad_PrivateTest_34666.png,sad,1.0,4,-1
PublicTest,/gpfs0/bgu-vilenchi/users/sdolev/Thesis/VLMs/data/fer2013/PublicTest/angry/angry_PublicTest_28927.png,neutral,0.8,6,-1
Training,/gpfs0/bgu-vilenchi/users/sdolev/Thesis/VLMs/data/fer2013/Training/neutral/neutral_Training_1002.png,neutral,0.9,6,-1
Training,/gpfs0/bgu-vilenchi/users/sdolev/Thesis/VLMs/data/fer2013/Training/sad/sad_Training_25733.png,sad,0.9,4,-1
Training,/gpfs0/bgu-vilenchi/users/sdolev/Thesis/VLMs/data/fer2013/Training/happy/happy_Training_15744.png,happy,1.0,3,1
Training,/gpfs0/bgu-vilenchi/users/sdolev/Thesis/VLMs/data/fer2013/Training/neutral/neutral_Training_2901.png,neutral,1.0,6,-1
Training,/gpfs0/bgu-vilenchi/users/sdolev/Thesis/VLMs/data/fer2013/Training/neutral/neutral_Training_13838.png,neutral,1.0,6,-1
Training,/gpfs0/bgu-vilenchi/users/sdolev/Thesis/VLMs/data/fer2013/Training/surprise/surprise_Training_24167.png,surprise,0.9,5,-1
Training,/gpfs0/bgu-vilenchi/users/sdolev/Thesis/VLMs/data/fer2013/Training/happy/happy_Training_23435.png,happy,1.0,3,-1
Training,/gpfs0/bgu-vilenchi/users/sdolev/Thesis/VLMs/data/fer2013/Training/sad/sad_Training_27399.png,neutral,0.8,6,-1
Training,/gpfs0/bgu-vilenchi/users/sdolev/Thesis/VLMs/data/fer2013/Training/neutral/neutral_Training_26518.png,neutral,1.0,6,-1
Training,/gpfs0/bgu-vilenchi/users/sdolev/Thesis/VLMs/data/fer2013/Training/happy/happy_Training_24292.png,happy,1.0,3,1
Training,/gpfs0/bgu-vilenchi/users/sdolev/Thesis/VLMs/data/fer2013/Training/happy/happy_Training_5306.png,happy,1.0,3,-1
PublicTest,/gpfs0/bgu-vilenchi/users/sdolev/Thesis/VLMs/data/fer2013/PublicTest/happy/happy_PublicTest_29991.png,happy,1.0,3,-1
Training,/gpfs0/bgu-vilenchi/users/sdolev/Thesis/VLMs/data/fer2013/Training/surprise/surprise_Training_1807.png,happy,0.9,3,182
Training,/gpfs0/bgu-vilenchi/users/sdolev/Thesis/VLMs/data/fer2013/Training/sad/sad_Training_24689.png,sad,1.0,4,-1
Training,/gpfs0/bgu-vilenchi/users/sdolev/Thesis/VLMs/data/fer2013/Training/happy/happy_Training_18599.png,happy,1.0,3,-1
PrivateTest,/gpfs0/bgu-vilenchi/users/sdolev/Thesis/VLMs/data/fer2013/PrivateTest/happy/happy_PrivateTest_35169.png,happy,0.9,3,-1
Training,/gpfs0/bgu-vilenchi/users/sdolev/Thesis/VLMs/data/fer2013/Training/neutral/neutral_Training_23994.png,neutral,0.8,6,-1
Training,/gpfs0/bgu-vilenchi/users/sdolev/Thesis/VLMs/data/fer2013/Training/fear/fear_Training_10941.png,sad,0.8,4,-1
Training,/gpfs0/bgu-vilenchi/users/sdolev/Thesis/VLMs/data/fer2013/Training/sad/sad_Training_7848.png,sad,0.8,4,-1
Training,/gpfs0/bgu-vilenchi/users/sdolev/Thesis/VLMs/data/fer2013/Training/happy/happy_Training_22528.png,happy,0.9,3,-1
Training,/gpfs0/bgu-vilenchi/users/sdolev/Thesis/VLMs/data/fer2013/Training/happy/happy_Training_13623.png,happy,1.0,3,-1
Training,/gpfs0/bgu-vilenchi/users/sdolev/Thesis/VLMs/data/fer2013/Training/angry/angry_Training_5067.png,neutral,0.9,6,-1
Training,/gpfs0/bgu-vilenchi/users/sdolev/Thesis/VLMs/data/fer2013/Training/happy/happy_Training_17220.png,happy,0.9,3,-1
Training,/gpfs0/bgu-vilenchi/users/sdolev/Thesis/VLMs/data/fer2013/Training/happy/happy_Training_6117.png,happy,0.9,3,-1
Training,/gpfs0/bgu-vilenchi/users/sdolev/Thesis/VLMs/data/fer2013/Training/neutral/neutral_Training_14113.png,neutral,1.0,6,-1
Training,/gpfs0/bgu-vilenchi/users/sdolev/Thesis/VLMs/data/fer2013/Training/happy/happy_Training_1623.png,happy,0.9,3,-1
Training,/gpfs0/bgu-vilenchi/users/sdolev/Thesis/VLMs/data/fer2013/Training/happy/happy_Training_1419.png,happy,1.0,3,-1
Training,/gpfs0/bgu-vilenchi/users/sdolev/Thesis/VLMs/data/fer2013/Training/happy/happy_Training_14673.png,happy,1.0,3,-1
Training,/gpfs0/bgu-vilenchi/users/sdolev/Thesis/VLMs/data/fer2013/Training/neutral/neutral_Training_16142.png,neutral,0.9,6,-1
